tag,method,precision,kappa,shape_a,scope,seed,bin_kind,bin_index,bin_lo,bin_hi,n_in_bin,n_success,success_definition,success_rate,ci_lo,ci_hi,interval_kind,is_upper_bound,protocol_sha256
libcxx,LEGACY,double,0.501,0.0010000000000000009,seed,7001,target_upper_tail_q,0,0.1,1.0,900043,525533,a three-vector reached the caller,0.583897658222996,0.5828785125669824,0.5849162639028767,two_sided_clopper_pearson_0.95,false,7d6e05fbbf3cd9f864b265ffa6122b0ea4fd88757752dbc00ba634762d91b76b
libcxx,LEGACY,double,0.501,0.0010000000000000009,seed,7001,target_upper_tail_q,1,0.01,0.1,89964,0,a three-vector reached the caller,0.0,0.0,3.3298679430804334e-05,one_sided_upper_0.95,true,7d6e05fbbf3cd9f864b265ffa6122b0ea4fd88757752dbc00ba634762d91b76b
libcxx,LEGACY,double,0.501,0.0010000000000000009,seed,7001,target_upper_tail_q,2,0.001,0.01,8946,0,a three-vector reached the caller,0.0,0.0,0.0003348122894671901,one_sided_upper_0.95,true,7d6e05fbbf3cd9f864b265ffa6122b0ea4fd88757752dbc00ba634762d91b76b
libcxx,LEGACY,double,0.501,0.0010000000000000009,seed,7001,target_upper_tail_q,3,0.0001,0.001,949,0,a three-vector reached the caller,0.0,0.0,0.003151748043336511,one_sided_upper_0.95,true,7d6e05fbbf3cd9f864b265ffa6122b0ea4fd88757752dbc00ba634762d91b76b
libcxx,LEGACY,double,0.501,0.0010000000000000009,seed,7001,target_upper_tail_q,4,1e-05,0.0001,94,0,a three-vector reached the caller,0.0,0.0,0.03136701207878767,one_sided_upper_0.95,true,7d6e05fbbf3cd9f864b265ffa6122b0ea4fd88757752dbc00ba634762d91b76b
libcxx,LEGACY,double,0.501,0.0010000000000000009,seed,7001,target_upper_tail_q,5,1e-06,1e-05,4,0,a three-vector reached the caller,0.0,0.0,0.527129195498412,one_sided_upper_0.95,true,7d6e05fbbf3cd9f864b265ffa6122b0ea4fd88757752dbc00ba634762d91b76b
libcxx,CANDIDATE,double,0.501,0.0010000000000000009,seed,7001,target_upper_tail_q,0,0.1,1.0,900043,758247,a three-vector reached the caller,0.8424564159712369,0.8417021130202077,0.8432085142661585,two_sided_clopper_pearson_0.95,false,7d6e05fbbf3cd9f864b265ffa6122b0ea4fd88757752dbc00ba634762d91b76b
libcxx,CANDIDATE,double,0.501,0.0010000000000000009,seed,7001,target_upper_tail_q,1,0.01,0.1,89964,0,a three-vector reached the caller,0.0,0.0,3.3298679430804334e-05,one_sided_upper_0.95,true,7d6e05fbbf3cd9f864b265ffa6122b0ea4fd88757752dbc00ba634762d91b76b
libcxx,CANDIDATE,double,0.501,0.0010000000000000009,seed,7001,target_upper_tail_q,2,0.001,0.01,8946,0,a three-vector reached the caller,0.0,0.0,0.0003348122894671901,one_sided_upper_0.95,true,7d6e05fbbf3cd9f864b265ffa6122b0ea4fd88757752dbc00ba634762d91b76b
libcxx,CANDIDATE,double,0.501,0.0010000000000000009,seed,7001,target_upper_tail_q,3,0.0001,0.001,949,0,a three-vector reached the caller,0.0,0.0,0.003151748043336511,one_sided_upper_0.95,true,7d6e05fbbf3cd9f864b265ffa6122b0ea4fd88757752dbc00ba634762d91b76b
libcxx,CANDIDATE,double,0.501,0.0010000000000000009,seed,7001,target_upper_tail_q,4,1e-05,0.0001,94,0,a three-vector reached the caller,0.0,0.0,0.03136701207878767,one_sided_upper_0.95,true,7d6e05fbbf3cd9f864b265ffa6122b0ea4fd88757752dbc00ba634762d91b76b
libcxx,CANDIDATE,double,0.501,0.0010000000000000009,seed,7001,target_upper_tail_q,5,1e-06,1e-05,4,0,a three-vector reached the caller,0.0,0.0,0.527129195498412,one_sided_upper_0.95,true,7d6e05fbbf3cd9f864b265ffa6122b0ea4fd88757752dbc00ba634762d91b76b
libcxx,QF,double,0.501,0.0010000000000000009,seed,7001,target_upper_tail_q,0,0.1,1.0,900043,508226,a three-vector reached the caller,0.5646685769457681,0.5636435238571902,0.5656932138208126,two_sided_clopper_pearson_0.95,false,7d6e05fbbf3cd9f864b265ffa6122b0ea4fd88757752dbc00ba634762d91b76b
libcxx,QF,double,0.501,0.0010000000000000009,seed,7001,target_upper_tail_q,1,0.01,0.1,89964,0,a three-vector reached the caller,0.0,0.0,3.3298679430804334e-05,one_sided_upper_0.95,true,7d6e05fbbf3cd9f864b265ffa6122b0ea4fd88757752dbc00ba634762d91b76b
libcxx,QF,double,0.501,0.0010000000000000009,seed,7001,target_upper_tail_q,2,0.001,0.01,8946,0,a three-vector reached the caller,0.0,0.0,0.0003348122894671901,one_sided_upper_0.95,true,7d6e05fbbf3cd9f864b265ffa6122b0ea4fd88757752dbc00ba634762d91b76b
libcxx,QF,double,0.501,0.0010000000000000009,seed,7001,target_upper_tail_q,3,0.0001,0.001,949,0,a three-vector reached the caller,0.0,0.0,0.003151748043336511,one_sided_upper_0.95,true,7d6e05fbbf3cd9f864b265ffa6122b0ea4fd88757752dbc00ba634762d91b76b
libcxx,QF,double,0.501,0.0010000000000000009,seed,7001,target_upper_tail_q,4,1e-05,0.0001,94,0,a three-vector reached the caller,0.0,0.0,0.03136701207878767,one_sided_upper_0.95,true,7d6e05fbbf3cd9f864b265ffa6122b0ea4fd88757752dbc00ba634762d91b76b
libcxx,QF,double,0.501,0.0010000000000000009,seed,7001,target_upper_tail_q,5,1e-06,1e-05,4,0,a three-vector reached the caller,0.0,0.0,0.527129195498412,one_sided_upper_0.95,true,7d6e05fbbf3cd9f864b265ffa6122b0ea4fd88757752dbc00ba634762d91b76b
libcxx,LEGACY,double,0.501,0.0010000000000000009,seed,7002,target_upper_tail_q,0,0.1,1.0,899985,524736,a three-vector reached the caller,0.5830497174952916,0.5820302450742185,0.5840686553633424,two_sided_clopper_pearson_0.95,false,7d6e05fbbf3cd9f864b265ffa6122b0ea4fd88757752dbc00ba634762d91b76b
libcxx,LEGACY,double,0.501,0.0010000000000000009,seed,7002,target_upper_tail_q,1,0.01,0.1,90166,0,a three-vector reached the caller,0.0,0.0,3.322408122852227e-05,one_sided_upper_0.95,true,7d6e05fbbf3cd9f864b265ffa6122b0ea4fd88757752dbc00ba634762d91b76b
libcxx,LEGACY,double,0.501,0.0010000000000000009,seed,7002,target_upper_tail_q,2,0.001,0.01,8831,0,a three-vector reached the caller,0.0,0.0,0.0003391715786670302,one_sided_upper_0.95,true,7d6e05fbbf3cd9f864b265ffa6122b0ea4fd88757752dbc00ba634762d91b76b
libcxx,LEGACY,double,0.501,0.0010000000000000009,seed,7002,target_upper_tail_q,3,0.0001,0.001,936,0,a three-vector reached the caller,0.0,0.0,0.0031954523083026487,one_sided_upper_0.95,true,7d6e05fbbf3cd9f864b265ffa6122b0ea4fd88757752dbc00ba634762d91b76b
libcxx,LEGACY,double,0.501,0.0010000000000000009,seed,7002,target_upper_tail_q,4,1e-05,0.0001,77,0,a three-vector reached the caller,0.0,0.0,0.03815851071154541,one_sided_upper_0.95,true,7d6e05fbbf3cd9f864b265ffa6122b0ea4fd88757752dbc00ba634762d91b76b
libcxx,LEGACY,double,0.501,0.0010000000000000009,seed,7002,target_upper_tail_q,5,1e-06,1e-05,4,0,a three-vector reached the caller,0.0,0.0,0.527129195498412,one_sided_upper_0.95,true,7d6e05fbbf3cd9f864b265ffa6122b0ea4fd88757752dbc00ba634762d91b76b
libcxx,LEGACY,double,0.501,0.0010000000000000009,seed,7002,target_upper_tail_q,6,1e-08,1e-06,1,0,a three-vector reached the caller,0.0,0.0,0.95,one_sided_upper_0.95,true,7d6e05fbbf3cd9f864b265ffa6122b0ea4fd88757752dbc00ba634762d91b76b
libcxx,CANDIDATE,double,0.501,0.0010000000000000009,seed,7002,target_upper_tail_q,0,0.1,1.0,899985,758050,a three-vector reached the caller,0.8422918159747107,0.841537169678622,0.8430442585331812,two_sided_clopper_pearson_0.95,false,7d6e05fbbf3cd9f864b265ffa6122b0ea4fd88757752dbc00ba634762d91b76b
libcxx,CANDIDATE,double,0.501,0.0010000000000000009,seed,7002,target_upper_tail_q,1,0.01,0.1,90166,0,a three-vector reached the caller,0.0,0.0,3.322408122852227e-05,one_sided_upper_0.95,true,7d6e05fbbf3cd9f864b265ffa6122b0ea4fd88757752dbc00ba634762d91b76b
libcxx,CANDIDATE,double,0.501,0.0010000000000000009,seed,7002,target_upper_tail_q,2,0.001,0.01,8831,0,a three-vector reached the caller,0.0,0.0,0.0003391715786670302,one_sided_upper_0.95,true,7d6e05fbbf3cd9f864b265ffa6122b0ea4fd88757752dbc00ba634762d91b76b
libcxx,CANDIDATE,double,0.501,0.0010000000000000009,seed,7002,target_upper_tail_q,3,0.0001,0.001,936,0,a three-vector reached the caller,0.0,0.0,0.0031954523083026487,one_sided_upper_0.95,true,7d6e05fbbf3cd9f864b265ffa6122b0ea4fd88757752dbc00ba634762d91b76b
libcxx,CANDIDATE,double,0.501,0.0010000000000000009,seed,7002,target_upper_tail_q,4,1e-05,0.0001,77,0,a three-vector reached the caller,0.0,0.0,0.03815851071154541,one_sided_upper_0.95,true,7d6e05fbbf3cd9f864b265ffa6122b0ea4fd88757752dbc00ba634762d91b76b
libcxx,CANDIDATE,double,0.501,0.0010000000000000009,seed,7002,target_upper_tail_q,5,1e-06,1e-05,4,0,a three-vector reached the caller,0.0,0.0,0.527129195498412,one_sided_upper_0.95,true,7d6e05fbbf3cd9f864b265ffa6122b0ea4fd88757752dbc00ba634762d91b76b
libcxx,CANDIDATE,double,0.501,0.0010000000000000009,seed,7002,target_upper_tail_q,6,1e-08,1e-06,1,0,a three-vector reached the caller,0.0,0.0,0.95,one_sided_upper_0.95,true,7d6e05fbbf3cd9f864b265ffa6122b0ea4fd88757752dbc00ba634762d91b76b
libcxx,QF,double,0.501,0.0010000000000000009,seed,7002,target_upper_tail_q,0,0.1,1.0,899985,507581,a three-vector reached the caller,0.5639882886937004,0.5629630224013997,0.5650131431243741,two_sided_clopper_pearson_0.95,false,7d6e05fbbf3cd9f864b265ffa6122b0ea4fd88757752dbc00ba634762d91b76b
libcxx,QF,double,0.501,0.0010000000000000009,seed,7002,target_upper_tail_q,1,0.01,0.1,90166,0,a three-vector reached the caller,0.0,0.0,3.322408122852227e-05,one_sided_upper_0.95,true,7d6e05fbbf3cd9f864b265ffa6122b0ea4fd88757752dbc00ba634762d91b76b
libcxx,QF,double,0.501,0.0010000000000000009,seed,7002,target_upper_tail_q,2,0.001,0.01,8831,0,a three-vector reached the caller,0.0,0.0,0.0003391715786670302,one_sided_upper_0.95,true,7d6e05fbbf3cd9f864b265ffa6122b0ea4fd88757752dbc00ba634762d91b76b
libcxx,QF,double,0.501,0.0010000000000000009,seed,7002,target_upper_tail_q,3,0.0001,0.001,936,0,a three-vector reached the caller,0.0,0.0,0.0031954523083026487,one_sided_upper_0.95,true,7d6e05fbbf3cd9f864b265ffa6122b0ea4fd88757752dbc00ba634762d91b76b
libcxx,QF,double,0.501,0.0010000000000000009,seed,7002,target_upper_tail_q,4,1e-05,0.0001,77,0,a three-vector reached the caller,0.0,0.0,0.03815851071154541,one_sided_upper_0.95,true,7d6e05fbbf3cd9f864b265ffa6122b0ea4fd88757752dbc00ba634762d91b76b
libcxx,QF,double,0.501,0.0010000000000000009,seed,7002,target_upper_tail_q,5,1e-06,1e-05,4,0,a three-vector reached the caller,0.0,0.0,0.527129195498412,one_sided_upper_0.95,true,7d6e05fbbf3cd9f864b265ffa6122b0ea4fd88757752dbc00ba634762d91b76b
libcxx,QF,double,0.501,0.0010000000000000009,seed,7002,target_upper_tail_q,6,1e-08,1e-06,1,0,a three-vector reached the caller,0.0,0.0,0.95,one_sided_upper_0.95,true,7d6e05fbbf3cd9f864b265ffa6122b0ea4fd88757752dbc00ba634762d91b76b
libcxx,LEGACY,double,0.501,0.0010000000000000009,seed,7003,target_upper_tail_q,0,0.1,1.0,900092,525246,a three-vector reached the caller,0.5835470151940024,0.5825277753984912,0.5845657172995058,two_sided_clopper_pearson_0.95,false,7d6e05fbbf3cd9f864b265ffa6122b0ea4fd88757752dbc00ba634762d91b76b
libcxx,LEGACY,double,0.501,0.0010000000000000009,seed,7003,target_upper_tail_q,1,0.01,0.1,89964,0,a three-vector reached the caller,0.0,0.0,3.3298679430804334e-05,one_sided_upper_0.95,true,7d6e05fbbf3cd9f864b265ffa6122b0ea4fd88757752dbc00ba634762d91b76b
libcxx,LEGACY,double,0.501,0.0010000000000000009,seed,7003,target_upper_tail_q,2,0.001,0.01,8972,0,a three-vector reached the caller,0.0,0.0,0.00033384219736998233,one_sided_upper_0.95,true,7d6e05fbbf3cd9f864b265ffa6122b0ea4fd88757752dbc00ba634762d91b76b
libcxx,LEGACY,double,0.501,0.0010000000000000009,seed,7003,target_upper_tail_q,3,0.0001,0.001,876,0,a three-vector reached the caller,0.0,0.0,0.0034139448932856142,one_sided_upper_0.95,true,7d6e05fbbf3cd9f864b265ffa6122b0ea4fd88757752dbc00ba634762d91b76b
libcxx,LEGACY,double,0.501,0.0010000000000000009,seed,7003,target_upper_tail_q,4,1e-05,0.0001,86,0,a three-vector reached the caller,0.0,0.0,0.03423437284912023,one_sided_upper_0.95,true,7d6e05fbbf3cd9f864b265ffa6122b0ea4fd88757752dbc00ba634762d91b76b
libcxx,LEGACY,double,0.501,0.0010000000000000009,seed,7003,target_upper_tail_q,5,1e-06,1e-05,7,0,a three-vector reached the caller,0.0,0.0,0.34816365513116077,one_sided_upper_0.95,true,7d6e05fbbf3cd9f864b265ffa6122b0ea4fd88757752dbc00ba634762d91b76b
libcxx,LEGACY,double,0.501,0.0010000000000000009,seed,7003,target_upper_tail_q,6,1e-08,1e-06,3,0,a three-vector reached the caller,0.0,0.0,0.6315968501359612,one_sided_upper_0.95,true,7d6e05fbbf3cd9f864b265ffa6122b0ea4fd88757752dbc00ba634762d91b76b
libcxx,CANDIDATE,double,0.501,0.0010000000000000009,seed,7003,target_upper_tail_q,0,0.1,1.0,900092,758870,a three-vector reached the caller,0.8431027050568164,0.8423496778858135,0.8438535235277413,two_sided_clopper_pearson_0.95,false,7d6e05fbbf3cd9f864b265ffa6122b0ea4fd88757752dbc00ba634762d91b76b
libcxx,CANDIDATE,double,0.501,0.0010000000000000009,seed,7003,target_upper_tail_q,1,0.01,0.1,89964,0,a three-vector reached the caller,0.0,0.0,3.3298679430804334e-05,one_sided_upper_0.95,true,7d6e05fbbf3cd9f864b265ffa6122b0ea4fd88757752dbc00ba634762d91b76b
libcxx,CANDIDATE,double,0.501,0.0010000000000000009,seed,7003,target_upper_tail_q,2,0.001,0.01,8972,0,a three-vector reached the caller,0.0,0.0,0.00033384219736998233,one_sided_upper_0.95,true,7d6e05fbbf3cd9f864b265ffa6122b0ea4fd88757752dbc00ba634762d91b76b
libcxx,CANDIDATE,double,0.501,0.0010000000000000009,seed,7003,target_upper_tail_q,3,0.0001,0.001,876,0,a three-vector reached the caller,0.0,0.0,0.0034139448932856142,one_sided_upper_0.95,true,7d6e05fbbf3cd9f864b265ffa6122b0ea4fd88757752dbc00ba634762d91b76b
libcxx,CANDIDATE,double,0.501,0.0010000000000000009,seed,7003,target_upper_tail_q,4,1e-05,0.0001,86,0,a three-vector reached the caller,0.0,0.0,0.03423437284912023,one_sided_upper_0.95,true,7d6e05fbbf3cd9f864b265ffa6122b0ea4fd88757752dbc00ba634762d91b76b
libcxx,CANDIDATE,double,0.501,0.0010000000000000009,seed,7003,target_upper_tail_q,5,1e-06,1e-05,7,0,a three-vector reached the caller,0.0,0.0,0.34816365513116077,one_sided_upper_0.95,true,7d6e05fbbf3cd9f864b265ffa6122b0ea4fd88757752dbc00ba634762d91b76b
libcxx,CANDIDATE,double,0.501,0.0010000000000000009,seed,7003,target_upper_tail_q,6,1e-08,1e-06,3,0,a three-vector reached the caller,0.0,0.0,0.6315968501359612,one_sided_upper_0.95,true,7d6e05fbbf3cd9f864b265ffa6122b0ea4fd88757752dbc00ba634762d91b76b
libcxx,QF,double,0.501,0.0010000000000000009,seed,7003,target_upper_tail_q,0,0.1,1.0,900092,508380,a three-vector reached the caller,0.5648089306426454,0.5637839428859475,0.5658335013051796,two_sided_clopper_pearson_0.95,false,7d6e05fbbf3cd9f864b265ffa6122b0ea4fd88757752dbc00ba634762d91b76b
libcxx,QF,double,0.501,0.0010000000000000009,seed,7003,target_upper_tail_q,1,0.01,0.1,89964,0,a three-vector reached the caller,0.0,0.0,3.3298679430804334e-05,one_sided_upper_0.95,true,7d6e05fbbf3cd9f864b265ffa6122b0ea4fd88757752dbc00ba634762d91b76b
libcxx,QF,double,0.501,0.0010000000000000009,seed,7003,target_upper_tail_q,2,0.001,0.01,8972,0,a three-vector reached the caller,0.0,0.0,0.00033384219736998233,one_sided_upper_0.95,true,7d6e05fbbf3cd9f864b265ffa6122b0ea4fd88757752dbc00ba634762d91b76b
libcxx,QF,double,0.501,0.0010000000000000009,seed,7003,target_upper_tail_q,3,0.0001,0.001,876,0,a three-vector reached the caller,0.0,0.0,0.0034139448932856142,one_sided_upper_0.95,true,7d6e05fbbf3cd9f864b265ffa6122b0ea4fd88757752dbc00ba634762d91b76b
libcxx,QF,double,0.501,0.0010000000000000009,seed,7003,target_upper_tail_q,4,1e-05,0.0001,86,0,a three-vector reached the caller,0.0,0.0,0.03423437284912023,one_sided_upper_0.95,true,7d6e05fbbf3cd9f864b265ffa6122b0ea4fd88757752dbc00ba634762d91b76b
libcxx,QF,double,0.501,0.0010000000000000009,seed,7003,target_upper_tail_q,5,1e-06,1e-05,7,0,a three-vector reached the caller,0.0,0.0,0.34816365513116077,one_sided_upper_0.95,true,7d6e05fbbf3cd9f864b265ffa6122b0ea4fd88757752dbc00ba634762d91b76b
libcxx,QF,double,0.501,0.0010000000000000009,seed,7003,target_upper_tail_q,6,1e-08,1e-06,3,0,a three-vector reached the caller,0.0,0.0,0.6315968501359612,one_sided_upper_0.95,true,7d6e05fbbf3cd9f864b265ffa6122b0ea4fd88757752dbc00ba634762d91b76b
libcxx,LEGACY,double,0.501,0.0010000000000000009,seed,7004,target_upper_tail_q,0,0.1,1.0,900055,525239,a three-vector reached the caller,0.5835632266917021,0.5825439715541909,0.5845819440127549,two_sided_clopper_pearson_0.95,false,7d6e05fbbf3cd9f864b265ffa6122b0ea4fd88757752dbc00ba634762d91b76b
libcxx,LEGACY,double,0.501,0.0010000000000000009,seed,7004,target_upper_tail_q,1,0.01,0.1,89954,0,a three-vector reached the caller,0.0,0.0,3.3302381114430624e-05,one_sided_upper_0.95,true,7d6e05fbbf3cd9f864b265ffa6122b0ea4fd88757752dbc00ba634762d91b76b
libcxx,LEGACY,double,0.501,0.0010000000000000009,seed,7004,target_upper_tail_q,2,0.001,0.01,8997,0,a three-vector reached the caller,0.0,0.0,0.0003329147031477797,one_sided_upper_0.95,true,7d6e05fbbf3cd9f864b265ffa6122b0ea4fd88757752dbc00ba634762d91b76b
libcxx,LEGACY,double,0.501,0.0010000000000000009,seed,7004,target_upper_tail_q,3,0.0001,0.001,902,0,a three-vector reached the caller,0.0,0.0,0.0033157018258869186,one_sided_upper_0.95,true,7d6e05fbbf3cd9f864b265ffa6122b0ea4fd88757752dbc00ba634762d91b76b
libcxx,LEGACY,double,0.501,0.0010000000000000009,seed,7004,target_upper_tail_q,4,1e-05,0.0001,84,0,a three-vector reached the caller,0.0,0.0,0.03503503060494206,one_sided_upper_0.95,true,7d6e05fbbf3cd9f864b265ffa6122b0ea4fd88757752dbc00ba634762d91b76b
libcxx,LEGACY,double,0.501,0.0010000000000000009,seed,7004,target_upper_tail_q,5,1e-06,1e-05,7,0,a three-vector reached the caller,0.0,0.0,0.34816365513116077,one_sided_upper_0.95,true,7d6e05fbbf3cd9f864b265ffa6122b0ea4fd88757752dbc00ba634762d91b76b
libcxx,LEGACY,double,0.501,0.0010000000000000009,seed,7004,target_upper_tail_q,6,1e-08,1e-06,1,0,a three-vector reached the caller,0.0,0.0,0.95,one_sided_upper_0.95,true,7d6e05fbbf3cd9f864b265ffa6122b0ea4fd88757752dbc00ba634762d91b76b
libcxx,CANDIDATE,double,0.501,0.0010000000000000009,seed,7004,target_upper_tail_q,0,0.1,1.0,900055,758716,a three-vector reached the caller,0.8429662631728061,0.8422129551185675,0.8437173633152621,two_sided_clopper_pearson_0.95,false,7d6e05fbbf3cd9f864b265ffa6122b0ea4fd88757752dbc00ba634762d91b76b
libcxx,CANDIDATE,double,0.501,0.0010000000000000009,seed,7004,target_upper_tail_q,1,0.01,0.1,89954,0,a three-vector reached the caller,0.0,0.0,3.3302381114430624e-05,one_sided_upper_0.95,true,7d6e05fbbf3cd9f864b265ffa6122b0ea4fd88757752dbc00ba634762d91b76b
libcxx,CANDIDATE,double,0.501,0.0010000000000000009,seed,7004,target_upper_tail_q,2,0.001,0.01,8997,0,a three-vector reached the caller,0.0,0.0,0.0003329147031477797,one_sided_upper_0.95,true,7d6e05fbbf3cd9f864b265ffa6122b0ea4fd88757752dbc00ba634762d91b76b
libcxx,CANDIDATE,double,0.501,0.0010000000000000009,seed,7004,target_upper_tail_q,3,0.0001,0.001,902,0,a three-vector reached the caller,0.0,0.0,0.0033157018258869186,one_sided_upper_0.95,true,7d6e05fbbf3cd9f864b265ffa6122b0ea4fd88757752dbc00ba634762d91b76b
libcxx,CANDIDATE,double,0.501,0.0010000000000000009,seed,7004,target_upper_tail_q,4,1e-05,0.0001,84,0,a three-vector reached the caller,0.0,0.0,0.03503503060494206,one_sided_upper_0.95,true,7d6e05fbbf3cd9f864b265ffa6122b0ea4fd88757752dbc00ba634762d91b76b
libcxx,CANDIDATE,double,0.501,0.0010000000000000009,seed,7004,target_upper_tail_q,5,1e-06,1e-05,7,0,a three-vector reached the caller,0.0,0.0,0.34816365513116077,one_sided_upper_0.95,true,7d6e05fbbf3cd9f864b265ffa6122b0ea4fd88757752dbc00ba634762d91b76b
libcxx,CANDIDATE,double,0.501,0.0010000000000000009,seed,7004,target_upper_tail_q,6,1e-08,1e-06,1,0,a three-vector reached the caller,0.0,0.0,0.95,one_sided_upper_0.95,true,7d6e05fbbf3cd9f864b265ffa6122b0ea4fd88757752dbc00ba634762d91b76b
libcxx,QF,double,0.501,0.0010000000000000009,seed,7004,target_upper_tail_q,0,0.1,1.0,900055,508236,a three-vector reached the caller,0.5646721589236213,0.563647113627116,0.5656967879890935,two_sided_clopper_pearson_0.95,false,7d6e05fbbf3cd9f864b265ffa6122b0ea4fd88757752dbc00ba634762d91b76b
libcxx,QF,double,0.501,0.0010000000000000009,seed,7004,target_upper_tail_q,1,0.01,0.1,89954,0,a three-vector reached the caller,0.0,0.0,3.3302381114430624e-05,one_sided_upper_0.95,true,7d6e05fbbf3cd9f864b265ffa6122b0ea4fd88757752dbc00ba634762d91b76b
libcxx,QF,double,0.501,0.0010000000000000009,seed,7004,target_upper_tail_q,2,0.001,0.01,8997,0,a three-vector reached the caller,0.0,0.0,0.0003329147031477797,one_sided_upper_0.95,true,7d6e05fbbf3cd9f864b265ffa6122b0ea4fd88757752dbc00ba634762d91b76b
libcxx,QF,double,0.501,0.0010000000000000009,seed,7004,target_upper_tail_q,3,0.0001,0.001,902,0,a three-vector reached the caller,0.0,0.0,0.0033157018258869186,one_sided_upper_0.95,true,7d6e05fbbf3cd9f864b265ffa6122b0ea4fd88757752dbc00ba634762d91b76b
libcxx,QF,double,0.501,0.0010000000000000009,seed,7004,target_upper_tail_q,4,1e-05,0.0001,84,0,a three-vector reached the caller,0.0,0.0,0.03503503060494206,one_sided_upper_0.95,true,7d6e05fbbf3cd9f864b265ffa6122b0ea4fd88757752dbc00ba634762d91b76b
libcxx,QF,double,0.501,0.0010000000000000009,seed,7004,target_upper_tail_q,5,1e-06,1e-05,7,0,a three-vector reached the caller,0.0,0.0,0.34816365513116077,one_sided_upper_0.95,true,7d6e05fbbf3cd9f864b265ffa6122b0ea4fd88757752dbc00ba634762d91b76b
libcxx,QF,double,0.501,0.0010000000000000009,seed,7004,target_upper_tail_q,6,1e-08,1e-06,1,0,a three-vector reached the caller,0.0,0.0,0.95,one_sided_upper_0.95,true,7d6e05fbbf3cd9f864b265ffa6122b0ea4fd88757752dbc00ba634762d91b76b
libcxx,LEGACY,double,0.501,0.0010000000000000009,seed,7005,target_upper_tail_q,0,0.1,1.0,900384,525184,a three-vector reached the caller,0.5832889078437644,0.5822697440884352,0.5843075357441352,two_sided_clopper_pearson_0.95,false,7d6e05fbbf3cd9f864b265ffa6122b0ea4fd88757752dbc00ba634762d91b76b
libcxx,LEGACY,double,0.501,0.0010000000000000009,seed,7005,target_upper_tail_q,1,0.01,0.1,89643,0,a three-vector reached the caller,0.0,0.0,3.341791570687924e-05,one_sided_upper_0.95,true,7d6e05fbbf3cd9f864b265ffa6122b0ea4fd88757752dbc00ba634762d91b76b
libcxx,LEGACY,double,0.501,0.0010000000000000009,seed,7005,target_upper_tail_q,2,0.001,0.01,8976,0,a three-vector reached the caller,0.0,0.0,0.00033369345116207594,one_sided_upper_0.95,true,7d6e05fbbf3cd9f864b265ffa6122b0ea4fd88757752dbc00ba634762d91b76b
libcxx,LEGACY,double,0.501,0.0010000000000000009,seed,7005,target_upper_tail_q,3,0.0001,0.001,896,0,a three-vector reached the caller,0.0,0.0,0.003337868089223095,one_sided_upper_0.95,true,7d6e05fbbf3cd9f864b265ffa6122b0ea4fd88757752dbc00ba634762d91b76b
libcxx,LEGACY,double,0.501,0.0010000000000000009,seed,7005,target_upper_tail_q,4,1e-05,0.0001,92,0,a three-vector reached the caller,0.0,0.0,0.032037863175451764,one_sided_upper_0.95,true,7d6e05fbbf3cd9f864b265ffa6122b0ea4fd88757752dbc00ba634762d91b76b
libcxx,LEGACY,double,0.501,0.0010000000000000009,seed,7005,target_upper_tail_q,5,1e-06,1e-05,7,0,a three-vector reached the caller,0.0,0.0,0.34816365513116077,one_sided_upper_0.95,true,7d6e05fbbf3cd9f864b265ffa6122b0ea4fd88757752dbc00ba634762d91b76b
libcxx,LEGACY,double,0.501,0.0010000000000000009,seed,7005,target_upper_tail_q,6,1e-08,1e-06,2,0,a three-vector reached the caller,0.0,0.0,0.776393202250021,one_sided_upper_0.95,true,7d6e05fbbf3cd9f864b265ffa6122b0ea4fd88757752dbc00ba634762d91b76b
libcxx,CANDIDATE,double,0.501,0.0010000000000000009,seed,7005,target_upper_tail_q,0,0.1,1.0,900384,758452,a three-vector reached the caller,0.8423650353626897,0.8416106984892202,0.8431171690039919,two_sided_clopper_pearson_0.95,false,7d6e05fbbf3cd9f864b265ffa6122b0ea4fd88757752dbc00ba634762d91b76b
libcxx,CANDIDATE,double,0.501,0.0010000000000000009,seed,7005,target_upper_tail_q,1,0.01,0.1,89643,0,a three-vector reached the caller,0.0,0.0,3.341791570687924e-05,one_sided_upper_0.95,true,7d6e05fbbf3cd9f864b265ffa6122b0ea4fd88757752dbc00ba634762d91b76b
libcxx,CANDIDATE,double,0.501,0.0010000000000000009,seed,7005,target_upper_tail_q,2,0.001,0.01,8976,0,a three-vector reached the caller,0.0,0.0,0.00033369345116207594,one_sided_upper_0.95,true,7d6e05fbbf3cd9f864b265ffa6122b0ea4fd88757752dbc00ba634762d91b76b
libcxx,CANDIDATE,double,0.501,0.0010000000000000009,seed,7005,target_upper_tail_q,3,0.0001,0.001,896,0,a three-vector reached the caller,0.0,0.0,0.003337868089223095,one_sided_upper_0.95,true,7d6e05fbbf3cd9f864b265ffa6122b0ea4fd88757752dbc00ba634762d91b76b
libcxx,CANDIDATE,double,0.501,0.0010000000000000009,seed,7005,target_upper_tail_q,4,1e-05,0.0001,92,0,a three-vector reached the caller,0.0,0.0,0.032037863175451764,one_sided_upper_0.95,true,7d6e05fbbf3cd9f864b265ffa6122b0ea4fd88757752dbc00ba634762d91b76b
libcxx,CANDIDATE,double,0.501,0.0010000000000000009,seed,7005,target_upper_tail_q,5,1e-06,1e-05,7,0,a three-vector reached the caller,0.0,0.0,0.34816365513116077,one_sided_upper_0.95,true,7d6e05fbbf3cd9f864b265ffa6122b0ea4fd88757752dbc00ba634762d91b76b
libcxx,CANDIDATE,double,0.501,0.0010000000000000009,seed,7005,target_upper_tail_q,6,1e-08,1e-06,2,0,a three-vector reached the caller,0.0,0.0,0.776393202250021,one_sided_upper_0.95,true,7d6e05fbbf3cd9f864b265ffa6122b0ea4fd88757752dbc00ba634762d91b76b
libcxx,QF,double,0.501,0.0010000000000000009,seed,7005,target_upper_tail_q,0,0.1,1.0,900384,508180,a three-vector reached the caller,0.5644036322280271,0.5633787030310109,0.5654281470737836,two_sided_clopper_pearson_0.95,false,7d6e05fbbf3cd9f864b265ffa6122b0ea4fd88757752dbc00ba634762d91b76b
libcxx,QF,double,0.501,0.0010000000000000009,seed,7005,target_upper_tail_q,1,0.01,0.1,89643,0,a three-vector reached the caller,0.0,0.0,3.341791570687924e-05,one_sided_upper_0.95,true,7d6e05fbbf3cd9f864b265ffa6122b0ea4fd88757752dbc00ba634762d91b76b
libcxx,QF,double,0.501,0.0010000000000000009,seed,7005,target_upper_tail_q,2,0.001,0.01,8976,0,a three-vector reached the caller,0.0,0.0,0.00033369345116207594,one_sided_upper_0.95,true,7d6e05fbbf3cd9f864b265ffa6122b0ea4fd88757752dbc00ba634762d91b76b
libcxx,QF,double,0.501,0.0010000000000000009,seed,7005,target_upper_tail_q,3,0.0001,0.001,896,0,a three-vector reached the caller,0.0,0.0,0.003337868089223095,one_sided_upper_0.95,true,7d6e05fbbf3cd9f864b265ffa6122b0ea4fd88757752dbc00ba634762d91b76b
libcxx,QF,double,0.501,0.0010000000000000009,seed,7005,target_upper_tail_q,4,1e-05,0.0001,92,0,a three-vector reached the caller,0.0,0.0,0.032037863175451764,one_sided_upper_0.95,true,7d6e05fbbf3cd9f864b265ffa6122b0ea4fd88757752dbc00ba634762d91b76b
libcxx,QF,double,0.501,0.0010000000000000009,seed,7005,target_upper_tail_q,5,1e-06,1e-05,7,0,a three-vector reached the caller,0.0,0.0,0.34816365513116077,one_sided_upper_0.95,true,7d6e05fbbf3cd9f864b265ffa6122b0ea4fd88757752dbc00ba634762d91b76b
libcxx,QF,double,0.501,0.0010000000000000009,seed,7005,target_upper_tail_q,6,1e-08,1e-06,2,0,a three-vector reached the caller,0.0,0.0,0.776393202250021,one_sided_upper_0.95,true,7d6e05fbbf3cd9f864b265ffa6122b0ea4fd88757752dbc00ba634762d91b76b
libcxx,LEGACY,double,0.505,0.0050000000000000044,seed,7001,target_upper_tail_q,0,0.1,1.0,900098,900098,a three-vector reached the caller,1.0,0.9999959016997093,1.0,two_sided_clopper_pearson_0.95,false,7d6e05fbbf3cd9f864b265ffa6122b0ea4fd88757752dbc00ba634762d91b76b
libcxx,LEGACY,double,0.505,0.0050000000000000044,seed,7001,target_upper_tail_q,1,0.01,0.1,89950,76031,a three-vector reached the caller,0.8452584769316287,0.8428783448152837,0.8476163214877621,two_sided_clopper_pearson_0.95,false,7d6e05fbbf3cd9f864b265ffa6122b0ea4fd88757752dbc00ba634762d91b76b
libcxx,LEGACY,double,0.505,0.0050000000000000044,seed,7001,target_upper_tail_q,2,0.001,0.01,8903,0,a three-vector reached the caller,0.0,0.0,0.00033642910474329657,one_sided_upper_0.95,true,7d6e05fbbf3cd9f864b265ffa6122b0ea4fd88757752dbc00ba634762d91b76b
libcxx,LEGACY,double,0.505,0.0050000000000000044,seed,7001,target_upper_tail_q,3,0.0001,0.001,950,0,a three-vector reached the caller,0.0,0.0,0.0031484356419813064,one_sided_upper_0.95,true,7d6e05fbbf3cd9f864b265ffa6122b0ea4fd88757752dbc00ba634762d91b76b
libcxx,LEGACY,double,0.505,0.0050000000000000044,seed,7001,target_upper_tail_q,4,1e-05,0.0001,95,0,a three-vector reached the caller,0.0,0.0,0.031042011867954855,one_sided_upper_0.95,true,7d6e05fbbf3cd9f864b265ffa6122b0ea4fd88757752dbc00ba634762d91b76b
libcxx,LEGACY,double,0.505,0.0050000000000000044,seed,7001,target_upper_tail_q,5,1e-06,1e-05,4,0,a three-vector reached the caller,0.0,0.0,0.527129195498412,one_sided_upper_0.95,true,7d6e05fbbf3cd9f864b265ffa6122b0ea4fd88757752dbc00ba634762d91b76b
libcxx,CANDIDATE,double,0.505,0.0050000000000000044,seed,7001,target_upper_tail_q,0,0.1,1.0,900098,900098,a three-vector reached the caller,1.0,0.9999959016997093,1.0,two_sided_clopper_pearson_0.95,false,7d6e05fbbf3cd9f864b265ffa6122b0ea4fd88757752dbc00ba634762d91b76b
libcxx,CANDIDATE,double,0.505,0.0050000000000000044,seed,7001,target_upper_tail_q,1,0.01,0.1,89950,89950,a three-vector reached the caller,1.0,0.9999589905079037,1.0,two_sided_clopper_pearson_0.95,false,7d6e05fbbf3cd9f864b265ffa6122b0ea4fd88757752dbc00ba634762d91b76b
libcxx,CANDIDATE,double,0.505,0.0050000000000000044,seed,7001,target_upper_tail_q,2,0.001,0.01,8903,8903,a three-vector reached the caller,1.0,0.9995857446554718,1.0,two_sided_clopper_pearson_0.95,false,7d6e05fbbf3cd9f864b265ffa6122b0ea4fd88757752dbc00ba634762d91b76b
libcxx,CANDIDATE,double,0.505,0.0050000000000000044,seed,7001,target_upper_tail_q,3,0.0001,0.001,950,197,a three-vector reached the caller,0.2073684210526316,0.18200078017570553,0.2345641029296817,two_sided_clopper_pearson_0.95,false,7d6e05fbbf3cd9f864b265ffa6122b0ea4fd88757752dbc00ba634762d91b76b
libcxx,CANDIDATE,double,0.505,0.0050000000000000044,seed,7001,target_upper_tail_q,4,1e-05,0.0001,95,0,a three-vector reached the caller,0.0,0.0,0.031042011867954855,one_sided_upper_0.95,true,7d6e05fbbf3cd9f864b265ffa6122b0ea4fd88757752dbc00ba634762d91b76b
libcxx,CANDIDATE,double,0.505,0.0050000000000000044,seed,7001,target_upper_tail_q,5,1e-06,1e-05,4,0,a three-vector reached the caller,0.0,0.0,0.527129195498412,one_sided_upper_0.95,true,7d6e05fbbf3cd9f864b265ffa6122b0ea4fd88757752dbc00ba634762d91b76b
libcxx,QF,double,0.505,0.0050000000000000044,seed,7001,target_upper_tail_q,0,0.1,1.0,900098,900098,a three-vector reached the caller,1.0,0.9999959016997093,1.0,two_sided_clopper_pearson_0.95,false,7d6e05fbbf3cd9f864b265ffa6122b0ea4fd88757752dbc00ba634762d91b76b
libcxx,QF,double,0.505,0.0050000000000000044,seed,7001,target_upper_tail_q,1,0.01,0.1,89950,71353,a three-vector reached the caller,0.7932518065591996,0.7905902994340501,0.795894389609505,two_sided_clopper_pearson_0.95,false,7d6e05fbbf3cd9f864b265ffa6122b0ea4fd88757752dbc00ba634762d91b76b
libcxx,QF,double,0.505,0.0050000000000000044,seed,7001,target_upper_tail_q,2,0.001,0.01,8903,0,a three-vector reached the caller,0.0,0.0,0.00033642910474329657,one_sided_upper_0.95,true,7d6e05fbbf3cd9f864b265ffa6122b0ea4fd88757752dbc00ba634762d91b76b
libcxx,QF,double,0.505,0.0050000000000000044,seed,7001,target_upper_tail_q,3,0.0001,0.001,950,0,a three-vector reached the caller,0.0,0.0,0.0031484356419813064,one_sided_upper_0.95,true,7d6e05fbbf3cd9f864b265ffa6122b0ea4fd88757752dbc00ba634762d91b76b
libcxx,QF,double,0.505,0.0050000000000000044,seed,7001,target_upper_tail_q,4,1e-05,0.0001,95,0,a three-vector reached the caller,0.0,0.0,0.031042011867954855,one_sided_upper_0.95,true,7d6e05fbbf3cd9f864b265ffa6122b0ea4fd88757752dbc00ba634762d91b76b
libcxx,QF,double,0.505,0.0050000000000000044,seed,7001,target_upper_tail_q,5,1e-06,1e-05,4,0,a three-vector reached the caller,0.0,0.0,0.527129195498412,one_sided_upper_0.95,true,7d6e05fbbf3cd9f864b265ffa6122b0ea4fd88757752dbc00ba634762d91b76b
libcxx,LEGACY,double,0.505,0.0050000000000000044,seed,7002,target_upper_tail_q,0,0.1,1.0,899911,899911,a three-vector reached the caller,1.0,0.9999959008480911,1.0,two_sided_clopper_pearson_0.95,false,7d6e05fbbf3cd9f864b265ffa6122b0ea4fd88757752dbc00ba634762d91b76b
libcxx,LEGACY,double,0.505,0.0050000000000000044,seed,7002,target_upper_tail_q,1,0.01,0.1,90206,75994,a three-vector reached the caller,0.8424495044675521,0.8400555026645806,0.8448214633701576,two_sided_clopper_pearson_0.95,false,7d6e05fbbf3cd9f864b265ffa6122b0ea4fd88757752dbc00ba634762d91b76b
libcxx,LEGACY,double,0.505,0.0050000000000000044,seed,7002,target_upper_tail_q,2,0.001,0.01,8870,0,a three-vector reached the caller,0.0,0.0,0.00033768054620375576,one_sided_upper_0.95,true,7d6e05fbbf3cd9f864b265ffa6122b0ea4fd88757752dbc00ba634762d91b76b
libcxx,LEGACY,double,0.505,0.0050000000000000044,seed,7002,target_upper_tail_q,3,0.0001,0.001,933,0,a three-vector reached the caller,0.0,0.0,0.0032057105880055614,one_sided_upper_0.95,true,7d6e05fbbf3cd9f864b265ffa6122b0ea4fd88757752dbc00ba634762d91b76b
libcxx,LEGACY,double,0.505,0.0050000000000000044,seed,7002,target_upper_tail_q,4,1e-05,0.0001,76,0,a three-vector reached the caller,0.0,0.0,0.03865076672572554,one_sided_upper_0.95,true,7d6e05fbbf3cd9f864b265ffa6122b0ea4fd88757752dbc00ba634762d91b76b
libcxx,LEGACY,double,0.505,0.0050000000000000044,seed,7002,target_upper_tail_q,5,1e-06,1e-05,4,0,a three-vector reached the caller,0.0,0.0,0.527129195498412,one_sided_upper_0.95,true,7d6e05fbbf3cd9f864b265ffa6122b0ea4fd88757752dbc00ba634762d91b76b
libcxx,CANDIDATE,double,0.505,0.0050000000000000044,seed,7002,target_upper_tail_q,0,0.1,1.0,899911,899911,a three-vector reached the caller,1.0,0.9999959008480911,1.0,two_sided_clopper_pearson_0.95,false,7d6e05fbbf3cd9f864b265ffa6122b0ea4fd88757752dbc00ba634762d91b76b
libcxx,CANDIDATE,double,0.505,0.0050000000000000044,seed,7002,target_upper_tail_q,1,0.01,0.1,90206,90206,a three-vector reached the caller,1.0,0.9999591068883587,1.0,two_sided_clopper_pearson_0.95,false,7d6e05fbbf3cd9f864b265ffa6122b0ea4fd88757752dbc00ba634762d91b76b
libcxx,CANDIDATE,double,0.505,0.0050000000000000044,seed,7002,target_upper_tail_q,2,0.001,0.01,8870,8870,a three-vector reached the caller,1.0,0.9995842037779159,1.0,two_sided_clopper_pearson_0.95,false,7d6e05fbbf3cd9f864b265ffa6122b0ea4fd88757752dbc00ba634762d91b76b
libcxx,CANDIDATE,double,0.505,0.0050000000000000044,seed,7002,target_upper_tail_q,3,0.0001,0.001,933,192,a three-vector reached the caller,0.2057877813504823,0.1802726749785547,0.23317481325470144,two_sided_clopper_pearson_0.95,false,7d6e05fbbf3cd9f864b265ffa6122b0ea4fd88757752dbc00ba634762d91b76b
libcxx,CANDIDATE,double,0.505,0.0050000000000000044,seed,7002,target_upper_tail_q,4,1e-05,0.0001,76,0,a three-vector reached the caller,0.0,0.0,0.03865076672572554,one_sided_upper_0.95,true,7d6e05fbbf3cd9f864b265ffa6122b0ea4fd88757752dbc00ba634762d91b76b
libcxx,CANDIDATE,double,0.505,0.0050000000000000044,seed,7002,target_upper_tail_q,5,1e-06,1e-05,4,0,a three-vector reached the caller,0.0,0.0,0.527129195498412,one_sided_upper_0.95,true,7d6e05fbbf3cd9f864b265ffa6122b0ea4fd88757752dbc00ba634762d91b76b
libcxx,QF,double,0.505,0.0050000000000000044,seed,7002,target_upper_tail_q,0,0.1,1.0,899911,899911,a three-vector reached the caller,1.0,0.9999959008480911,1.0,two_sided_clopper_pearson_0.95,false,7d6e05fbbf3cd9f864b265ffa6122b0ea4fd88757752dbc00ba634762d91b76b
libcxx,QF,double,0.505,0.0050000000000000044,seed,7002,target_upper_tail_q,1,0.01,0.1,90206,71309,a three-vector reached the caller,0.7905128261978139,0.7878423570144774,0.7931646015849898,two_sided_clopper_pearson_0.95,false,7d6e05fbbf3cd9f864b265ffa6122b0ea4fd88757752dbc00ba634762d91b76b
libcxx,QF,double,0.505,0.0050000000000000044,seed,7002,target_upper_tail_q,2,0.001,0.01,8870,0,a three-vector reached the caller,0.0,0.0,0.00033768054620375576,one_sided_upper_0.95,true,7d6e05fbbf3cd9f864b265ffa6122b0ea4fd88757752dbc00ba634762d91b76b
libcxx,QF,double,0.505,0.0050000000000000044,seed,7002,target_upper_tail_q,3,0.0001,0.001,933,0,a three-vector reached the caller,0.0,0.0,0.0032057105880055614,one_sided_upper_0.95,true,7d6e05fbbf3cd9f864b265ffa6122b0ea4fd88757752dbc00ba634762d91b76b
libcxx,QF,double,0.505,0.0050000000000000044,seed,7002,target_upper_tail_q,4,1e-05,0.0001,76,0,a three-vector reached the caller,0.0,0.0,0.03865076672572554,one_sided_upper_0.95,true,7d6e05fbbf3cd9f864b265ffa6122b0ea4fd88757752dbc00ba634762d91b76b
libcxx,QF,double,0.505,0.0050000000000000044,seed,7002,target_upper_tail_q,5,1e-06,1e-05,4,0,a three-vector reached the caller,0.0,0.0,0.527129195498412,one_sided_upper_0.95,true,7d6e05fbbf3cd9f864b265ffa6122b0ea4fd88757752dbc00ba634762d91b76b
libcxx,LEGACY,double,0.505,0.0050000000000000044,seed,7003,target_upper_tail_q,0,0.1,1.0,900134,900134,a three-vector reached the caller,1.0,0.9999959018636166,1.0,two_sided_clopper_pearson_0.95,false,7d6e05fbbf3cd9f864b265ffa6122b0ea4fd88757752dbc00ba634762d91b76b
libcxx,LEGACY,double,0.505,0.0050000000000000044,seed,7003,target_upper_tail_q,1,0.01,0.1,89927,75627,a three-vector reached the caller,0.8409821299498482,0.8385754607882148,0.8433667827190809,two_sided_clopper_pearson_0.95,false,7d6e05fbbf3cd9f864b265ffa6122b0ea4fd88757752dbc00ba634762d91b76b
libcxx,LEGACY,double,0.505,0.0050000000000000044,seed,7003,target_upper_tail_q,2,0.001,0.01,8973,0,a three-vector reached the caller,0.0,0.0,0.00033380499838731037,one_sided_upper_0.95,true,7d6e05fbbf3cd9f864b265ffa6122b0ea4fd88757752dbc00ba634762d91b76b
libcxx,LEGACY,double,0.505,0.0050000000000000044,seed,7003,target_upper_tail_q,3,0.0001,0.001,868,0,a three-vector reached the caller,0.0,0.0,0.00344535555716885,one_sided_upper_0.95,true,7d6e05fbbf3cd9f864b265ffa6122b0ea4fd88757752dbc00ba634762d91b76b
libcxx,LEGACY,double,0.505,0.0050000000000000044,seed,7003,target_upper_tail_q,4,1e-05,0.0001,88,0,a three-vector reached the caller,0.0,0.0,0.03346948891663748,one_sided_upper_0.95,true,7d6e05fbbf3cd9f864b265ffa6122b0ea4fd88757752dbc00ba634762d91b76b
libcxx,LEGACY,double,0.505,0.0050000000000000044,seed,7003,target_upper_tail_q,5,1e-06,1e-05,7,0,a three-vector reached the caller,0.0,0.0,0.34816365513116077,one_sided_upper_0.95,true,7d6e05fbbf3cd9f864b265ffa6122b0ea4fd88757752dbc00ba634762d91b76b
libcxx,LEGACY,double,0.505,0.0050000000000000044,seed,7003,target_upper_tail_q,6,1e-08,1e-06,3,0,a three-vector reached the caller,0.0,0.0,0.6315968501359612,one_sided_upper_0.95,true,7d6e05fbbf3cd9f864b265ffa6122b0ea4fd88757752dbc00ba634762d91b76b
libcxx,CANDIDATE,double,0.505,0.0050000000000000044,seed,7003,target_upper_tail_q,0,0.1,1.0,900134,900134,a three-vector reached the caller,1.0,0.9999959018636166,1.0,two_sided_clopper_pearson_0.95,false,7d6e05fbbf3cd9f864b265ffa6122b0ea4fd88757752dbc00ba634762d91b76b
libcxx,CANDIDATE,double,0.505,0.0050000000000000044,seed,7003,target_upper_tail_q,1,0.01,0.1,89927,89927,a three-vector reached the caller,1.0,0.9999589800194078,1.0,two_sided_clopper_pearson_0.95,false,7d6e05fbbf3cd9f864b265ffa6122b0ea4fd88757752dbc00ba634762d91b76b
libcxx,CANDIDATE,double,0.505,0.0050000000000000044,seed,7003,target_upper_tail_q,2,0.001,0.01,8973,8973,a three-vector reached the caller,1.0,0.9995889756722868,1.0,two_sided_clopper_pearson_0.95,false,7d6e05fbbf3cd9f864b265ffa6122b0ea4fd88757752dbc00ba634762d91b76b
libcxx,CANDIDATE,double,0.505,0.0050000000000000044,seed,7003,target_upper_tail_q,3,0.0001,0.001,868,165,a three-vector reached the caller,0.19009216589861752,0.16450089023239992,0.21780639724697576,two_sided_clopper_pearson_0.95,false,7d6e05fbbf3cd9f864b265ffa6122b0ea4fd88757752dbc00ba634762d91b76b
libcxx,CANDIDATE,double,0.505,0.0050000000000000044,seed,7003,target_upper_tail_q,4,1e-05,0.0001,88,0,a three-vector reached the caller,0.0,0.0,0.03346948891663748,one_sided_upper_0.95,true,7d6e05fbbf3cd9f864b265ffa6122b0ea4fd88757752dbc00ba634762d91b76b
libcxx,CANDIDATE,double,0.505,0.0050000000000000044,seed,7003,target_upper_tail_q,5,1e-06,1e-05,7,0,a three-vector reached the caller,0.0,0.0,0.34816365513116077,one_sided_upper_0.95,true,7d6e05fbbf3cd9f864b265ffa6122b0ea4fd88757752dbc00ba634762d91b76b
libcxx,CANDIDATE,double,0.505,0.0050000000000000044,seed,7003,target_upper_tail_q,6,1e-08,1e-06,3,0,a three-vector reached the caller,0.0,0.0,0.6315968501359612,one_sided_upper_0.95,true,7d6e05fbbf3cd9f864b265ffa6122b0ea4fd88757752dbc00ba634762d91b76b
libcxx,QF,double,0.505,0.0050000000000000044,seed,7003,target_upper_tail_q,0,0.1,1.0,900134,900134,a three-vector reached the caller,1.0,0.9999959018636166,1.0,two_sided_clopper_pearson_0.95,false,7d6e05fbbf3cd9f864b265ffa6122b0ea4fd88757752dbc00ba634762d91b76b
libcxx,QF,double,0.505,0.0050000000000000044,seed,7003,target_upper_tail_q,1,0.01,0.1,89927,70904,a three-vector reached the caller,0.7884617523102072,0.7857776679795974,0.7911272173426263,two_sided_clopper_pearson_0.95,false,7d6e05fbbf3cd9f864b265ffa6122b0ea4fd88757752dbc00ba634762d91b76b
libcxx,QF,double,0.505,0.0050000000000000044,seed,7003,target_upper_tail_q,2,0.001,0.01,8973,0,a three-vector reached the caller,0.0,0.0,0.00033380499838731037,one_sided_upper_0.95,true,7d6e05fbbf3cd9f864b265ffa6122b0ea4fd88757752dbc00ba634762d91b76b
libcxx,QF,double,0.505,0.0050000000000000044,seed,7003,target_upper_tail_q,3,0.0001,0.001,868,0,a three-vector reached the caller,0.0,0.0,0.00344535555716885,one_sided_upper_0.95,true,7d6e05fbbf3cd9f864b265ffa6122b0ea4fd88757752dbc00ba634762d91b76b
libcxx,QF,double,0.505,0.0050000000000000044,seed,7003,target_upper_tail_q,4,1e-05,0.0001,88,0,a three-vector reached the caller,0.0,0.0,0.03346948891663748,one_sided_upper_0.95,true,7d6e05fbbf3cd9f864b265ffa6122b0ea4fd88757752dbc00ba634762d91b76b
libcxx,QF,double,0.505,0.0050000000000000044,seed,7003,target_upper_tail_q,5,1e-06,1e-05,7,0,a three-vector reached the caller,0.0,0.0,0.34816365513116077,one_sided_upper_0.95,true,7d6e05fbbf3cd9f864b265ffa6122b0ea4fd88757752dbc00ba634762d91b76b
libcxx,QF,double,0.505,0.0050000000000000044,seed,7003,target_upper_tail_q,6,1e-08,1e-06,3,0,a three-vector reached the caller,0.0,0.0,0.6315968501359612,one_sided_upper_0.95,true,7d6e05fbbf3cd9f864b265ffa6122b0ea4fd88757752dbc00ba634762d91b76b
libcxx,LEGACY,double,0.505,0.0050000000000000044,seed,7004,target_upper_tail_q,0,0.1,1.0,900033,900033,a three-vector reached the caller,1.0,0.9999959014037324,1.0,two_sided_clopper_pearson_0.95,false,7d6e05fbbf3cd9f864b265ffa6122b0ea4fd88757752dbc00ba634762d91b76b
libcxx,LEGACY,double,0.505,0.0050000000000000044,seed,7004,target_upper_tail_q,1,0.01,0.1,89959,75611,a three-vector reached the caller,0.840505118998655,0.8380959937050505,0.8428922666136878,two_sided_clopper_pearson_0.95,false,7d6e05fbbf3cd9f864b265ffa6122b0ea4fd88757752dbc00ba634762d91b76b
libcxx,LEGACY,double,0.505,0.0050000000000000044,seed,7004,target_upper_tail_q,2,0.001,0.01,9006,0,a three-vector reached the caller,0.0,0.0,0.00033258206556985304,one_sided_upper_0.95,true,7d6e05fbbf3cd9f864b265ffa6122b0ea4fd88757752dbc00ba634762d91b76b
libcxx,LEGACY,double,0.505,0.0050000000000000044,seed,7004,target_upper_tail_q,3,0.0001,0.001,914,0,a three-vector reached the caller,0.0,0.0,0.0032722409378523887,one_sided_upper_0.95,true,7d6e05fbbf3cd9f864b265ffa6122b0ea4fd88757752dbc00ba634762d91b76b
libcxx,LEGACY,double,0.505,0.0050000000000000044,seed,7004,target_upper_tail_q,4,1e-05,0.0001,80,0,a three-vector reached the caller,0.0,0.0,0.036754197779982345,one_sided_upper_0.95,true,7d6e05fbbf3cd9f864b265ffa6122b0ea4fd88757752dbc00ba634762d91b76b
libcxx,LEGACY,double,0.505,0.0050000000000000044,seed,7004,target_upper_tail_q,5,1e-06,1e-05,7,0,a three-vector reached the caller,0.0,0.0,0.34816365513116077,one_sided_upper_0.95,true,7d6e05fbbf3cd9f864b265ffa6122b0ea4fd88757752dbc00ba634762d91b76b
libcxx,LEGACY,double,0.505,0.0050000000000000044,seed,7004,target_upper_tail_q,6,1e-08,1e-06,1,0,a three-vector reached the caller,0.0,0.0,0.95,one_sided_upper_0.95,true,7d6e05fbbf3cd9f864b265ffa6122b0ea4fd88757752dbc00ba634762d91b76b
libcxx,CANDIDATE,double,0.505,0.0050000000000000044,seed,7004,target_upper_tail_q,0,0.1,1.0,900033,900033,a three-vector reached the caller,1.0,0.9999959014037324,1.0,two_sided_clopper_pearson_0.95,false,7d6e05fbbf3cd9f864b265ffa6122b0ea4fd88757752dbc00ba634762d91b76b
libcxx,CANDIDATE,double,0.505,0.0050000000000000044,seed,7004,target_upper_tail_q,1,0.01,0.1,89959,89959,a three-vector reached the caller,1.0,0.9999589946106379,1.0,two_sided_clopper_pearson_0.95,false,7d6e05fbbf3cd9f864b265ffa6122b0ea4fd88757752dbc00ba634762d91b76b
libcxx,CANDIDATE,double,0.505,0.0050000000000000044,seed,7004,target_upper_tail_q,2,0.001,0.01,9006,9006,a three-vector reached the caller,1.0,0.9995904814490045,1.0,two_sided_clopper_pearson_0.95,false,7d6e05fbbf3cd9f864b265ffa6122b0ea4fd88757752dbc00ba634762d91b76b
libcxx,CANDIDATE,double,0.505,0.0050000000000000044,seed,7004,target_upper_tail_q,3,0.0001,0.001,914,186,a three-vector reached the caller,0.20350109409190373,0.17784283930997147,0.23108570512048643,two_sided_clopper_pearson_0.95,false,7d6e05fbbf3cd9f864b265ffa6122b0ea4fd88757752dbc00ba634762d91b76b
libcxx,CANDIDATE,double,0.505,0.0050000000000000044,seed,7004,target_upper_tail_q,4,1e-05,0.0001,80,0,a three-vector reached the caller,0.0,0.0,0.036754197779982345,one_sided_upper_0.95,true,7d6e05fbbf3cd9f864b265ffa6122b0ea4fd88757752dbc00ba634762d91b76b
libcxx,CANDIDATE,double,0.505,0.0050000000000000044,seed,7004,target_upper_tail_q,5,1e-06,1e-05,7,0,a three-vector reached the caller,0.0,0.0,0.34816365513116077,one_sided_upper_0.95,true,7d6e05fbbf3cd9f864b265ffa6122b0ea4fd88757752dbc00ba634762d91b76b
libcxx,CANDIDATE,double,0.505,0.0050000000000000044,seed,7004,target_upper_tail_q,6,1e-08,1e-06,1,0,a three-vector reached the caller,0.0,0.0,0.95,one_sided_upper_0.95,true,7d6e05fbbf3cd9f864b265ffa6122b0ea4fd88757752dbc00ba634762d91b76b
libcxx,QF,double,0.505,0.0050000000000000044,seed,7004,target_upper_tail_q,0,0.1,1.0,900033,900033,a three-vector reached the caller,1.0,0.9999959014037324,1.0,two_sided_clopper_pearson_0.95,false,7d6e05fbbf3cd9f864b265ffa6122b0ea4fd88757752dbc00ba634762d91b76b
libcxx,QF,double,0.505,0.0050000000000000044,seed,7004,target_upper_tail_q,1,0.01,0.1,89959,71066,a three-vector reached the caller,0.7899821029580142,0.7873054944975543,0.7926400005174004,two_sided_clopper_pearson_0.95,false,7d6e05fbbf3cd9f864b265ffa6122b0ea4fd88757752dbc00ba634762d91b76b
libcxx,QF,double,0.505,0.0050000000000000044,seed,7004,target_upper_tail_q,2,0.001,0.01,9006,0,a three-vector reached the caller,0.0,0.0,0.00033258206556985304,one_sided_upper_0.95,true,7d6e05fbbf3cd9f864b265ffa6122b0ea4fd88757752dbc00ba634762d91b76b
libcxx,QF,double,0.505,0.0050000000000000044,seed,7004,target_upper_tail_q,3,0.0001,0.001,914,0,a three-vector reached the caller,0.0,0.0,0.0032722409378523887,one_sided_upper_0.95,true,7d6e05fbbf3cd9f864b265ffa6122b0ea4fd88757752dbc00ba634762d91b76b
libcxx,QF,double,0.505,0.0050000000000000044,seed,7004,target_upper_tail_q,4,1e-05,0.0001,80,0,a three-vector reached the caller,0.0,0.0,0.036754197779982345,one_sided_upper_0.95,true,7d6e05fbbf3cd9f864b265ffa6122b0ea4fd88757752dbc00ba634762d91b76b
libcxx,QF,double,0.505,0.0050000000000000044,seed,7004,target_upper_tail_q,5,1e-06,1e-05,7,0,a three-vector reached the caller,0.0,0.0,0.34816365513116077,one_sided_upper_0.95,true,7d6e05fbbf3cd9f864b265ffa6122b0ea4fd88757752dbc00ba634762d91b76b
libcxx,QF,double,0.505,0.0050000000000000044,seed,7004,target_upper_tail_q,6,1e-08,1e-06,1,0,a three-vector reached the caller,0.0,0.0,0.95,one_sided_upper_0.95,true,7d6e05fbbf3cd9f864b265ffa6122b0ea4fd88757752dbc00ba634762d91b76b
libcxx,LEGACY,double,0.505,0.0050000000000000044,seed,7005,target_upper_tail_q,0,0.1,1.0,900253,900253,a three-vector reached the caller,1.0,0.9999959024053279,1.0,two_sided_clopper_pearson_0.95,false,7d6e05fbbf3cd9f864b265ffa6122b0ea4fd88757752dbc00ba634762d91b76b
libcxx,LEGACY,double,0.505,0.0050000000000000044,seed,7005,target_upper_tail_q,1,0.01,0.1,89786,75660,a three-vector reached the caller,0.8426703494976945,0.8402720675734706,0.8450464709309498,two_sided_clopper_pearson_0.95,false,7d6e05fbbf3cd9f864b265ffa6122b0ea4fd88757752dbc00ba634762d91b76b
libcxx,LEGACY,double,0.505,0.0050000000000000044,seed,7005,target_upper_tail_q,2,0.001,0.01,8965,0,a three-vector reached the caller,0.0,0.0,0.00033410282257428925,one_sided_upper_0.95,true,7d6e05fbbf3cd9f864b265ffa6122b0ea4fd88757752dbc00ba634762d91b76b
libcxx,LEGACY,double,0.505,0.0050000000000000044,seed,7005,target_upper_tail_q,3,0.0001,0.001,897,0,a three-vector reached the caller,0.0,0.0,0.0033341531534265556,one_sided_upper_0.95,true,7d6e05fbbf3cd9f864b265ffa6122b0ea4fd88757752dbc00ba634762d91b76b
libcxx,LEGACY,double,0.505,0.0050000000000000044,seed,7005,target_upper_tail_q,4,1e-05,0.0001,90,0,a three-vector reached the caller,0.0,0.0,0.032738033833534574,one_sided_upper_0.95,true,7d6e05fbbf3cd9f864b265ffa6122b0ea4fd88757752dbc00ba634762d91b76b
libcxx,LEGACY,double,0.505,0.0050000000000000044,seed,7005,target_upper_tail_q,5,1e-06,1e-05,7,0,a three-vector reached the caller,0.0,0.0,0.34816365513116077,one_sided_upper_0.95,true,7d6e05fbbf3cd9f864b265ffa6122b0ea4fd88757752dbc00ba634762d91b76b
libcxx,LEGACY,double,0.505,0.0050000000000000044,seed,7005,target_upper_tail_q,6,1e-08,1e-06,2,0,a three-vector reached the caller,0.0,0.0,0.776393202250021,one_sided_upper_0.95,true,7d6e05fbbf3cd9f864b265ffa6122b0ea4fd88757752dbc00ba634762d91b76b
libcxx,CANDIDATE,double,0.505,0.0050000000000000044,seed,7005,target_upper_tail_q,0,0.1,1.0,900253,900253,a three-vector reached the caller,1.0,0.9999959024053279,1.0,two_sided_clopper_pearson_0.95,false,7d6e05fbbf3cd9f864b265ffa6122b0ea4fd88757752dbc00ba634762d91b76b
libcxx,CANDIDATE,double,0.505,0.0050000000000000044,seed,7005,target_upper_tail_q,1,0.01,0.1,89786,89786,a three-vector reached the caller,1.0,0.9999589156029236,1.0,two_sided_clopper_pearson_0.95,false,7d6e05fbbf3cd9f864b265ffa6122b0ea4fd88757752dbc00ba634762d91b76b
libcxx,CANDIDATE,double,0.505,0.0050000000000000044,seed,7005,target_upper_tail_q,2,0.001,0.01,8965,8965,a three-vector reached the caller,1.0,0.9995886089664126,1.0,two_sided_clopper_pearson_0.95,false,7d6e05fbbf3cd9f864b265ffa6122b0ea4fd88757752dbc00ba634762d91b76b
libcxx,CANDIDATE,double,0.505,0.0050000000000000044,seed,7005,target_upper_tail_q,3,0.0001,0.001,897,172,a three-vector reached the caller,0.19175027870680045,0.16647639047148646,0.21906649980185758,two_sided_clopper_pearson_0.95,false,7d6e05fbbf3cd9f864b265ffa6122b0ea4fd88757752dbc00ba634762d91b76b
libcxx,CANDIDATE,double,0.505,0.0050000000000000044,seed,7005,target_upper_tail_q,4,1e-05,0.0001,90,0,a three-vector reached the caller,0.0,0.0,0.032738033833534574,one_sided_upper_0.95,true,7d6e05fbbf3cd9f864b265ffa6122b0ea4fd88757752dbc00ba634762d91b76b
libcxx,CANDIDATE,double,0.505,0.0050000000000000044,seed,7005,target_upper_tail_q,5,1e-06,1e-05,7,0,a three-vector reached the caller,0.0,0.0,0.34816365513116077,one_sided_upper_0.95,true,7d6e05fbbf3cd9f864b265ffa6122b0ea4fd88757752dbc00ba634762d91b76b
libcxx,CANDIDATE,double,0.505,0.0050000000000000044,seed,7005,target_upper_tail_q,6,1e-08,1e-06,2,0,a three-vector reached the caller,0.0,0.0,0.776393202250021,one_sided_upper_0.95,true,7d6e05fbbf3cd9f864b265ffa6122b0ea4fd88757752dbc00ba634762d91b76b
libcxx,QF,double,0.505,0.0050000000000000044,seed,7005,target_upper_tail_q,0,0.1,1.0,900253,900253,a three-vector reached the caller,1.0,0.9999959024053279,1.0,two_sided_clopper_pearson_0.95,false,7d6e05fbbf3cd9f864b265ffa6122b0ea4fd88757752dbc00ba634762d91b76b
libcxx,QF,double,0.505,0.0050000000000000044,seed,7005,target_upper_tail_q,1,0.01,0.1,89786,71030,a three-vector reached the caller,0.7911032900452186,0.7884292896392368,0.7937584708629722,two_sided_clopper_pearson_0.95,false,7d6e05fbbf3cd9f864b265ffa6122b0ea4fd88757752dbc00ba634762d91b76b
libcxx,QF,double,0.505,0.0050000000000000044,seed,7005,target_upper_tail_q,2,0.001,0.01,8965,0,a three-vector reached the caller,0.0,0.0,0.00033410282257428925,one_sided_upper_0.95,true,7d6e05fbbf3cd9f864b265ffa6122b0ea4fd88757752dbc00ba634762d91b76b
libcxx,QF,double,0.505,0.0050000000000000044,seed,7005,target_upper_tail_q,3,0.0001,0.001,897,0,a three-vector reached the caller,0.0,0.0,0.0033341531534265556,one_sided_upper_0.95,true,7d6e05fbbf3cd9f864b265ffa6122b0ea4fd88757752dbc00ba634762d91b76b
libcxx,QF,double,0.505,0.0050000000000000044,seed,7005,target_upper_tail_q,4,1e-05,0.0001,90,0,a three-vector reached the caller,0.0,0.0,0.032738033833534574,one_sided_upper_0.95,true,7d6e05fbbf3cd9f864b265ffa6122b0ea4fd88757752dbc00ba634762d91b76b
libcxx,QF,double,0.505,0.0050000000000000044,seed,7005,target_upper_tail_q,5,1e-06,1e-05,7,0,a three-vector reached the caller,0.0,0.0,0.34816365513116077,one_sided_upper_0.95,true,7d6e05fbbf3cd9f864b265ffa6122b0ea4fd88757752dbc00ba634762d91b76b
libcxx,QF,double,0.505,0.0050000000000000044,seed,7005,target_upper_tail_q,6,1e-08,1e-06,2,0,a three-vector reached the caller,0.0,0.0,0.776393202250021,one_sided_upper_0.95,true,7d6e05fbbf3cd9f864b265ffa6122b0ea4fd88757752dbc00ba634762d91b76b
libcxx,LEGACY,double,0.51,0.010000000000000009,seed,7001,target_upper_tail_q,0,0.1,1.0,900131,900131,a three-vector reached the caller,1.0,0.9999959018499581,1.0,two_sided_clopper_pearson_0.95,false,7d6e05fbbf3cd9f864b265ffa6122b0ea4fd88757752dbc00ba634762d91b76b
libcxx,LEGACY,double,0.51,0.010000000000000009,seed,7001,target_upper_tail_q,1,0.01,0.1,89907,89907,a three-vector reached the caller,1.0,0.9999589708946146,1.0,two_sided_clopper_pearson_0.95,false,7d6e05fbbf3cd9f864b265ffa6122b0ea4fd88757752dbc00ba634762d91b76b
libcxx,LEGACY,double,0.51,0.010000000000000009,seed,7001,target_upper_tail_q,2,0.001,0.01,8924,8924,a three-vector reached the caller,1.0,0.9995867192816873,1.0,two_sided_clopper_pearson_0.95,false,7d6e05fbbf3cd9f864b265ffa6122b0ea4fd88757752dbc00ba634762d91b76b
libcxx,LEGACY,double,0.51,0.010000000000000009,seed,7001,target_upper_tail_q,3,0.0001,0.001,938,443,a three-vector reached the caller,0.4722814498933902,0.4399300963637642,0.5048073443134775,two_sided_clopper_pearson_0.95,false,7d6e05fbbf3cd9f864b265ffa6122b0ea4fd88757752dbc00ba634762d91b76b
libcxx,LEGACY,double,0.51,0.010000000000000009,seed,7001,target_upper_tail_q,4,1e-05,0.0001,96,0,a three-vector reached the caller,0.0,0.0,0.03072367683353283,one_sided_upper_0.95,true,7d6e05fbbf3cd9f864b265ffa6122b0ea4fd88757752dbc00ba634762d91b76b
libcxx,LEGACY,double,0.51,0.010000000000000009,seed,7001,target_upper_tail_q,5,1e-06,1e-05,4,0,a three-vector reached the caller,0.0,0.0,0.527129195498412,one_sided_upper_0.95,true,7d6e05fbbf3cd9f864b265ffa6122b0ea4fd88757752dbc00ba634762d91b76b
libcxx,CANDIDATE,double,0.51,0.010000000000000009,seed,7001,target_upper_tail_q,0,0.1,1.0,900131,900131,a three-vector reached the caller,1.0,0.9999959018499581,1.0,two_sided_clopper_pearson_0.95,false,7d6e05fbbf3cd9f864b265ffa6122b0ea4fd88757752dbc00ba634762d91b76b
libcxx,CANDIDATE,double,0.51,0.010000000000000009,seed,7001,target_upper_tail_q,1,0.01,0.1,89907,89907,a three-vector reached the caller,1.0,0.9999589708946146,1.0,two_sided_clopper_pearson_0.95,false,7d6e05fbbf3cd9f864b265ffa6122b0ea4fd88757752dbc00ba634762d91b76b
libcxx,CANDIDATE,double,0.51,0.010000000000000009,seed,7001,target_upper_tail_q,2,0.001,0.01,8924,8924,a three-vector reached the caller,1.0,0.9995867192816873,1.0,two_sided_clopper_pearson_0.95,false,7d6e05fbbf3cd9f864b265ffa6122b0ea4fd88757752dbc00ba634762d91b76b
libcxx,CANDIDATE,double,0.51,0.010000000000000009,seed,7001,target_upper_tail_q,3,0.0001,0.001,938,938,a three-vector reached the caller,1.0,0.9960750156588521,1.0,two_sided_clopper_pearson_0.95,false,7d6e05fbbf3cd9f864b265ffa6122b0ea4fd88757752dbc00ba634762d91b76b
libcxx,CANDIDATE,double,0.51,0.010000000000000009,seed,7001,target_upper_tail_q,4,1e-05,0.0001,96,96,a three-vector reached the caller,1.0,0.9623030783764125,1.0,two_sided_clopper_pearson_0.95,false,7d6e05fbbf3cd9f864b265ffa6122b0ea4fd88757752dbc00ba634762d91b76b
libcxx,CANDIDATE,double,0.51,0.010000000000000009,seed,7001,target_upper_tail_q,5,1e-06,1e-05,4,4,a three-vector reached the caller,1.0,0.3976353643835254,1.0,two_sided_clopper_pearson_0.95,false,7d6e05fbbf3cd9f864b265ffa6122b0ea4fd88757752dbc00ba634762d91b76b
libcxx,QF,double,0.51,0.010000000000000009,seed,7001,target_upper_tail_q,0,0.1,1.0,900131,900131,a three-vector reached the caller,1.0,0.9999959018499581,1.0,two_sided_clopper_pearson_0.95,false,7d6e05fbbf3cd9f864b265ffa6122b0ea4fd88757752dbc00ba634762d91b76b
libcxx,QF,double,0.51,0.010000000000000009,seed,7001,target_upper_tail_q,1,0.01,0.1,89907,89907,a three-vector reached the caller,1.0,0.9999589708946146,1.0,two_sided_clopper_pearson_0.95,false,7d6e05fbbf3cd9f864b265ffa6122b0ea4fd88757752dbc00ba634762d91b76b
libcxx,QF,double,0.51,0.010000000000000009,seed,7001,target_upper_tail_q,2,0.001,0.01,8924,8924,a three-vector reached the caller,1.0,0.9995867192816873,1.0,two_sided_clopper_pearson_0.95,false,7d6e05fbbf3cd9f864b265ffa6122b0ea4fd88757752dbc00ba634762d91b76b
libcxx,QF,double,0.51,0.010000000000000009,seed,7001,target_upper_tail_q,3,0.0001,0.001,938,186,a three-vector reached the caller,0.19829424307036247,0.1732248238082107,0.2252736067335193,two_sided_clopper_pearson_0.95,false,7d6e05fbbf3cd9f864b265ffa6122b0ea4fd88757752dbc00ba634762d91b76b
libcxx,QF,double,0.51,0.010000000000000009,seed,7001,target_upper_tail_q,4,1e-05,0.0001,96,0,a three-vector reached the caller,0.0,0.0,0.03072367683353283,one_sided_upper_0.95,true,7d6e05fbbf3cd9f864b265ffa6122b0ea4fd88757752dbc00ba634762d91b76b
libcxx,QF,double,0.51,0.010000000000000009,seed,7001,target_upper_tail_q,5,1e-06,1e-05,4,0,a three-vector reached the caller,0.0,0.0,0.527129195498412,one_sided_upper_0.95,true,7d6e05fbbf3cd9f864b265ffa6122b0ea4fd88757752dbc00ba634762d91b76b
libcxx,LEGACY,double,0.51,0.010000000000000009,seed,7002,target_upper_tail_q,0,0.1,1.0,899841,899841,a three-vector reached the caller,1.0,0.9999959005292125,1.0,two_sided_clopper_pearson_0.95,false,7d6e05fbbf3cd9f864b265ffa6122b0ea4fd88757752dbc00ba634762d91b76b
libcxx,LEGACY,double,0.51,0.010000000000000009,seed,7002,target_upper_tail_q,1,0.01,0.1,90280,90280,a three-vector reached the caller,1.0,0.9999591404066178,1.0,two_sided_clopper_pearson_0.95,false,7d6e05fbbf3cd9f864b265ffa6122b0ea4fd88757752dbc00ba634762d91b76b
libcxx,LEGACY,double,0.51,0.010000000000000009,seed,7002,target_upper_tail_q,2,0.001,0.01,8865,8865,a three-vector reached the caller,1.0,0.9995839693110699,1.0,two_sided_clopper_pearson_0.95,false,7d6e05fbbf3cd9f864b265ffa6122b0ea4fd88757752dbc00ba634762d91b76b
libcxx,LEGACY,double,0.51,0.010000000000000009,seed,7002,target_upper_tail_q,3,0.0001,0.001,932,429,a three-vector reached the caller,0.46030042918454933,0.4279337672761374,0.49291870796875525,two_sided_clopper_pearson_0.95,false,7d6e05fbbf3cd9f864b265ffa6122b0ea4fd88757752dbc00ba634762d91b76b
libcxx,LEGACY,double,0.51,0.010000000000000009,seed,7002,target_upper_tail_q,4,1e-05,0.0001,77,0,a three-vector reached the caller,0.0,0.0,0.03815851071154541,one_sided_upper_0.95,true,7d6e05fbbf3cd9f864b265ffa6122b0ea4fd88757752dbc00ba634762d91b76b
libcxx,LEGACY,double,0.51,0.010000000000000009,seed,7002,target_upper_tail_q,5,1e-06,1e-05,5,0,a three-vector reached the caller,0.0,0.0,0.4507197283469411,one_sided_upper_0.95,true,7d6e05fbbf3cd9f864b265ffa6122b0ea4fd88757752dbc00ba634762d91b76b
libcxx,CANDIDATE,double,0.51,0.010000000000000009,seed,7002,target_upper_tail_q,0,0.1,1.0,899841,899841,a three-vector reached the caller,1.0,0.9999959005292125,1.0,two_sided_clopper_pearson_0.95,false,7d6e05fbbf3cd9f864b265ffa6122b0ea4fd88757752dbc00ba634762d91b76b
libcxx,CANDIDATE,double,0.51,0.010000000000000009,seed,7002,target_upper_tail_q,1,0.01,0.1,90280,90280,a three-vector reached the caller,1.0,0.9999591404066178,1.0,two_sided_clopper_pearson_0.95,false,7d6e05fbbf3cd9f864b265ffa6122b0ea4fd88757752dbc00ba634762d91b76b
libcxx,CANDIDATE,double,0.51,0.010000000000000009,seed,7002,target_upper_tail_q,2,0.001,0.01,8865,8865,a three-vector reached the caller,1.0,0.9995839693110699,1.0,two_sided_clopper_pearson_0.95,false,7d6e05fbbf3cd9f864b265ffa6122b0ea4fd88757752dbc00ba634762d91b76b
libcxx,CANDIDATE,double,0.51,0.010000000000000009,seed,7002,target_upper_tail_q,3,0.0001,0.001,932,932,a three-vector reached the caller,1.0,0.9960497974920849,1.0,two_sided_clopper_pearson_0.95,false,7d6e05fbbf3cd9f864b265ffa6122b0ea4fd88757752dbc00ba634762d91b76b
libcxx,CANDIDATE,double,0.51,0.010000000000000009,seed,7002,target_upper_tail_q,4,1e-05,0.0001,77,77,a three-vector reached the caller,1.0,0.9532219318395959,1.0,two_sided_clopper_pearson_0.95,false,7d6e05fbbf3cd9f864b265ffa6122b0ea4fd88757752dbc00ba634762d91b76b
libcxx,CANDIDATE,double,0.51,0.010000000000000009,seed,7002,target_upper_tail_q,5,1e-06,1e-05,5,5,a three-vector reached the caller,1.0,0.47817624989501856,1.0,two_sided_clopper_pearson_0.95,false,7d6e05fbbf3cd9f864b265ffa6122b0ea4fd88757752dbc00ba634762d91b76b
libcxx,QF,double,0.51,0.010000000000000009,seed,7002,target_upper_tail_q,0,0.1,1.0,899841,899841,a three-vector reached the caller,1.0,0.9999959005292125,1.0,two_sided_clopper_pearson_0.95,false,7d6e05fbbf3cd9f864b265ffa6122b0ea4fd88757752dbc00ba634762d91b76b
libcxx,QF,double,0.51,0.010000000000000009,seed,7002,target_upper_tail_q,1,0.01,0.1,90280,90280,a three-vector reached the caller,1.0,0.9999591404066178,1.0,two_sided_clopper_pearson_0.95,false,7d6e05fbbf3cd9f864b265ffa6122b0ea4fd88757752dbc00ba634762d91b76b
libcxx,QF,double,0.51,0.010000000000000009,seed,7002,target_upper_tail_q,2,0.001,0.01,8865,8865,a three-vector reached the caller,1.0,0.9995839693110699,1.0,two_sided_clopper_pearson_0.95,false,7d6e05fbbf3cd9f864b265ffa6122b0ea4fd88757752dbc00ba634762d91b76b
libcxx,QF,double,0.51,0.010000000000000009,seed,7002,target_upper_tail_q,3,0.0001,0.001,932,180,a three-vector reached the caller,0.19313304721030042,0.16825471112484966,0.2199671691142679,two_sided_clopper_pearson_0.95,false,7d6e05fbbf3cd9f864b265ffa6122b0ea4fd88757752dbc00ba634762d91b76b
libcxx,QF,double,0.51,0.010000000000000009,seed,7002,target_upper_tail_q,4,1e-05,0.0001,77,0,a three-vector reached the caller,0.0,0.0,0.03815851071154541,one_sided_upper_0.95,true,7d6e05fbbf3cd9f864b265ffa6122b0ea4fd88757752dbc00ba634762d91b76b
libcxx,QF,double,0.51,0.010000000000000009,seed,7002,target_upper_tail_q,5,1e-06,1e-05,5,0,a three-vector reached the caller,0.0,0.0,0.4507197283469411,one_sided_upper_0.95,true,7d6e05fbbf3cd9f864b265ffa6122b0ea4fd88757752dbc00ba634762d91b76b
libcxx,LEGACY,double,0.51,0.010000000000000009,seed,7003,target_upper_tail_q,0,0.1,1.0,900174,900174,a three-vector reached the caller,1.0,0.9999959020457204,1.0,two_sided_clopper_pearson_0.95,false,7d6e05fbbf3cd9f864b265ffa6122b0ea4fd88757752dbc00ba634762d91b76b
libcxx,LEGACY,double,0.51,0.010000000000000009,seed,7003,target_upper_tail_q,1,0.01,0.1,89900,89900,a three-vector reached the caller,1.0,0.9999589676999778,1.0,two_sided_clopper_pearson_0.95,false,7d6e05fbbf3cd9f864b265ffa6122b0ea4fd88757752dbc00ba634762d91b76b
libcxx,LEGACY,double,0.51,0.010000000000000009,seed,7003,target_upper_tail_q,2,0.001,0.01,8953,8953,a three-vector reached the caller,1.0,0.9995880576790847,1.0,two_sided_clopper_pearson_0.95,false,7d6e05fbbf3cd9f864b265ffa6122b0ea4fd88757752dbc00ba634762d91b76b
libcxx,LEGACY,double,0.51,0.010000000000000009,seed,7003,target_upper_tail_q,3,0.0001,0.001,874,389,a three-vector reached the caller,0.4450800915331808,0.4117930887292442,0.47873852149809776,two_sided_clopper_pearson_0.95,false,7d6e05fbbf3cd9f864b265ffa6122b0ea4fd88757752dbc00ba634762d91b76b
libcxx,LEGACY,double,0.51,0.010000000000000009,seed,7003,target_upper_tail_q,4,1e-05,0.0001,89,0,a three-vector reached the caller,0.0,0.0,0.03309972123627414,one_sided_upper_0.95,true,7d6e05fbbf3cd9f864b265ffa6122b0ea4fd88757752dbc00ba634762d91b76b
libcxx,LEGACY,double,0.51,0.010000000000000009,seed,7003,target_upper_tail_q,5,1e-06,1e-05,7,0,a three-vector reached the caller,0.0,0.0,0.34816365513116077,one_sided_upper_0.95,true,7d6e05fbbf3cd9f864b265ffa6122b0ea4fd88757752dbc00ba634762d91b76b
libcxx,LEGACY,double,0.51,0.010000000000000009,seed,7003,target_upper_tail_q,6,1e-08,1e-06,3,0,a three-vector reached the caller,0.0,0.0,0.6315968501359612,one_sided_upper_0.95,true,7d6e05fbbf3cd9f864b265ffa6122b0ea4fd88757752dbc00ba634762d91b76b
libcxx,CANDIDATE,double,0.51,0.010000000000000009,seed,7003,target_upper_tail_q,0,0.1,1.0,900174,900174,a three-vector reached the caller,1.0,0.9999959020457204,1.0,two_sided_clopper_pearson_0.95,false,7d6e05fbbf3cd9f864b265ffa6122b0ea4fd88757752dbc00ba634762d91b76b
libcxx,CANDIDATE,double,0.51,0.010000000000000009,seed,7003,target_upper_tail_q,1,0.01,0.1,89900,89900,a three-vector reached the caller,1.0,0.9999589676999778,1.0,two_sided_clopper_pearson_0.95,false,7d6e05fbbf3cd9f864b265ffa6122b0ea4fd88757752dbc00ba634762d91b76b
libcxx,CANDIDATE,double,0.51,0.010000000000000009,seed,7003,target_upper_tail_q,2,0.001,0.01,8953,8953,a three-vector reached the caller,1.0,0.9995880576790847,1.0,two_sided_clopper_pearson_0.95,false,7d6e05fbbf3cd9f864b265ffa6122b0ea4fd88757752dbc00ba634762d91b76b
libcxx,CANDIDATE,double,0.51,0.010000000000000009,seed,7003,target_upper_tail_q,3,0.0001,0.001,874,874,a three-vector reached the caller,1.0,0.9957882087022145,1.0,two_sided_clopper_pearson_0.95,false,7d6e05fbbf3cd9f864b265ffa6122b0ea4fd88757752dbc00ba634762d91b76b
libcxx,CANDIDATE,double,0.51,0.010000000000000009,seed,7003,target_upper_tail_q,4,1e-05,0.0001,89,89,a three-vector reached the caller,1.0,0.9593991424503682,1.0,two_sided_clopper_pearson_0.95,false,7d6e05fbbf3cd9f864b265ffa6122b0ea4fd88757752dbc00ba634762d91b76b
libcxx,CANDIDATE,double,0.51,0.010000000000000009,seed,7003,target_upper_tail_q,5,1e-06,1e-05,7,7,a three-vector reached the caller,1.0,0.5903836027749967,1.0,two_sided_clopper_pearson_0.95,false,7d6e05fbbf3cd9f864b265ffa6122b0ea4fd88757752dbc00ba634762d91b76b
libcxx,CANDIDATE,double,0.51,0.010000000000000009,seed,7003,target_upper_tail_q,6,1e-08,1e-06,3,2,a three-vector reached the caller,0.6666666666666666,0.09429932405024613,0.9915962413403874,two_sided_clopper_pearson_0.95,false,7d6e05fbbf3cd9f864b265ffa6122b0ea4fd88757752dbc00ba634762d91b76b
libcxx,QF,double,0.51,0.010000000000000009,seed,7003,target_upper_tail_q,0,0.1,1.0,900174,900174,a three-vector reached the caller,1.0,0.9999959020457204,1.0,two_sided_clopper_pearson_0.95,false,7d6e05fbbf3cd9f864b265ffa6122b0ea4fd88757752dbc00ba634762d91b76b
libcxx,QF,double,0.51,0.010000000000000009,seed,7003,target_upper_tail_q,1,0.01,0.1,89900,89900,a three-vector reached the caller,1.0,0.9999589676999778,1.0,two_sided_clopper_pearson_0.95,false,7d6e05fbbf3cd9f864b265ffa6122b0ea4fd88757752dbc00ba634762d91b76b
libcxx,QF,double,0.51,0.010000000000000009,seed,7003,target_upper_tail_q,2,0.001,0.01,8953,8953,a three-vector reached the caller,1.0,0.9995880576790847,1.0,two_sided_clopper_pearson_0.95,false,7d6e05fbbf3cd9f864b265ffa6122b0ea4fd88757752dbc00ba634762d91b76b
libcxx,QF,double,0.51,0.010000000000000009,seed,7003,target_upper_tail_q,3,0.0001,0.001,874,153,a three-vector reached the caller,0.17505720823798626,0.15042063712382014,0.2019062436759864,two_sided_clopper_pearson_0.95,false,7d6e05fbbf3cd9f864b265ffa6122b0ea4fd88757752dbc00ba634762d91b76b
libcxx,QF,double,0.51,0.010000000000000009,seed,7003,target_upper_tail_q,4,1e-05,0.0001,89,0,a three-vector reached the caller,0.0,0.0,0.03309972123627414,one_sided_upper_0.95,true,7d6e05fbbf3cd9f864b265ffa6122b0ea4fd88757752dbc00ba634762d91b76b
libcxx,QF,double,0.51,0.010000000000000009,seed,7003,target_upper_tail_q,5,1e-06,1e-05,7,0,a three-vector reached the caller,0.0,0.0,0.34816365513116077,one_sided_upper_0.95,true,7d6e05fbbf3cd9f864b265ffa6122b0ea4fd88757752dbc00ba634762d91b76b
libcxx,QF,double,0.51,0.010000000000000009,seed,7003,target_upper_tail_q,6,1e-08,1e-06,3,0,a three-vector reached the caller,0.0,0.0,0.6315968501359612,one_sided_upper_0.95,true,7d6e05fbbf3cd9f864b265ffa6122b0ea4fd88757752dbc00ba634762d91b76b
libcxx,LEGACY,double,0.51,0.010000000000000009,seed,7004,target_upper_tail_q,0,0.1,1.0,899951,899951,a three-vector reached the caller,1.0,0.9999959010302852,1.0,two_sided_clopper_pearson_0.95,false,7d6e05fbbf3cd9f864b265ffa6122b0ea4fd88757752dbc00ba634762d91b76b
libcxx,LEGACY,double,0.51,0.010000000000000009,seed,7004,target_upper_tail_q,1,0.01,0.1,90007,90007,a three-vector reached the caller,1.0,0.9999590164780299,1.0,two_sided_clopper_pearson_0.95,false,7d6e05fbbf3cd9f864b265ffa6122b0ea4fd88757752dbc00ba634762d91b76b
libcxx,LEGACY,double,0.51,0.010000000000000009,seed,7004,target_upper_tail_q,2,0.001,0.01,9043,9043,a three-vector reached the caller,1.0,0.9995921566780333,1.0,two_sided_clopper_pearson_0.95,false,7d6e05fbbf3cd9f864b265ffa6122b0ea4fd88757752dbc00ba634762d91b76b
libcxx,LEGACY,double,0.51,0.010000000000000009,seed,7004,target_upper_tail_q,3,0.0001,0.001,908,419,a three-vector reached the caller,0.46145374449339205,0.4286482372614383,0.49451007529579816,two_sided_clopper_pearson_0.95,false,7d6e05fbbf3cd9f864b265ffa6122b0ea4fd88757752dbc00ba634762d91b76b
libcxx,LEGACY,double,0.51,0.010000000000000009,seed,7004,target_upper_tail_q,4,1e-05,0.0001,83,0,a three-vector reached the caller,0.0,0.0,0.03544956814588507,one_sided_upper_0.95,true,7d6e05fbbf3cd9f864b265ffa6122b0ea4fd88757752dbc00ba634762d91b76b
libcxx,LEGACY,double,0.51,0.010000000000000009,seed,7004,target_upper_tail_q,5,1e-06,1e-05,7,0,a three-vector reached the caller,0.0,0.0,0.34816365513116077,one_sided_upper_0.95,true,7d6e05fbbf3cd9f864b265ffa6122b0ea4fd88757752dbc00ba634762d91b76b
libcxx,LEGACY,double,0.51,0.010000000000000009,seed,7004,target_upper_tail_q,6,1e-08,1e-06,1,0,a three-vector reached the caller,0.0,0.0,0.95,one_sided_upper_0.95,true,7d6e05fbbf3cd9f864b265ffa6122b0ea4fd88757752dbc00ba634762d91b76b
libcxx,CANDIDATE,double,0.51,0.010000000000000009,seed,7004,target_upper_tail_q,0,0.1,1.0,899951,899951,a three-vector reached the caller,1.0,0.9999959010302852,1.0,two_sided_clopper_pearson_0.95,false,7d6e05fbbf3cd9f864b265ffa6122b0ea4fd88757752dbc00ba634762d91b76b
libcxx,CANDIDATE,double,0.51,0.010000000000000009,seed,7004,target_upper_tail_q,1,0.01,0.1,90007,90007,a three-vector reached the caller,1.0,0.9999590164780299,1.0,two_sided_clopper_pearson_0.95,false,7d6e05fbbf3cd9f864b265ffa6122b0ea4fd88757752dbc00ba634762d91b76b
libcxx,CANDIDATE,double,0.51,0.010000000000000009,seed,7004,target_upper_tail_q,2,0.001,0.01,9043,9043,a three-vector reached the caller,1.0,0.9995921566780333,1.0,two_sided_clopper_pearson_0.95,false,7d6e05fbbf3cd9f864b265ffa6122b0ea4fd88757752dbc00ba634762d91b76b
libcxx,CANDIDATE,double,0.51,0.010000000000000009,seed,7004,target_upper_tail_q,3,0.0001,0.001,908,908,a three-vector reached the caller,1.0,0.9959455987973633,1.0,two_sided_clopper_pearson_0.95,false,7d6e05fbbf3cd9f864b265ffa6122b0ea4fd88757752dbc00ba634762d91b76b
libcxx,CANDIDATE,double,0.51,0.010000000000000009,seed,7004,target_upper_tail_q,4,1e-05,0.0001,83,83,a three-vector reached the caller,1.0,0.9565288478335582,1.0,two_sided_clopper_pearson_0.95,false,7d6e05fbbf3cd9f864b265ffa6122b0ea4fd88757752dbc00ba634762d91b76b
libcxx,CANDIDATE,double,0.51,0.010000000000000009,seed,7004,target_upper_tail_q,5,1e-06,1e-05,7,7,a three-vector reached the caller,1.0,0.5903836027749967,1.0,two_sided_clopper_pearson_0.95,false,7d6e05fbbf3cd9f864b265ffa6122b0ea4fd88757752dbc00ba634762d91b76b
libcxx,CANDIDATE,double,0.51,0.010000000000000009,seed,7004,target_upper_tail_q,6,1e-08,1e-06,1,0,a three-vector reached the caller,0.0,0.0,0.95,one_sided_upper_0.95,true,7d6e05fbbf3cd9f864b265ffa6122b0ea4fd88757752dbc00ba634762d91b76b
libcxx,QF,double,0.51,0.010000000000000009,seed,7004,target_upper_tail_q,0,0.1,1.0,899951,899951,a three-vector reached the caller,1.0,0.9999959010302852,1.0,two_sided_clopper_pearson_0.95,false,7d6e05fbbf3cd9f864b265ffa6122b0ea4fd88757752dbc00ba634762d91b76b
libcxx,QF,double,0.51,0.010000000000000009,seed,7004,target_upper_tail_q,1,0.01,0.1,90007,90007,a three-vector reached the caller,1.0,0.9999590164780299,1.0,two_sided_clopper_pearson_0.95,false,7d6e05fbbf3cd9f864b265ffa6122b0ea4fd88757752dbc00ba634762d91b76b
libcxx,QF,double,0.51,0.010000000000000009,seed,7004,target_upper_tail_q,2,0.001,0.01,9043,9043,a three-vector reached the caller,1.0,0.9995921566780333,1.0,two_sided_clopper_pearson_0.95,false,7d6e05fbbf3cd9f864b265ffa6122b0ea4fd88757752dbc00ba634762d91b76b
libcxx,QF,double,0.51,0.010000000000000009,seed,7004,target_upper_tail_q,3,0.0001,0.001,908,164,a three-vector reached the caller,0.18061674008810572,0.15611227767142155,0.20721267815976704,two_sided_clopper_pearson_0.95,false,7d6e05fbbf3cd9f864b265ffa6122b0ea4fd88757752dbc00ba634762d91b76b
libcxx,QF,double,0.51,0.010000000000000009,seed,7004,target_upper_tail_q,4,1e-05,0.0001,83,0,a three-vector reached the caller,0.0,0.0,0.03544956814588507,one_sided_upper_0.95,true,7d6e05fbbf3cd9f864b265ffa6122b0ea4fd88757752dbc00ba634762d91b76b
libcxx,QF,double,0.51,0.010000000000000009,seed,7004,target_upper_tail_q,5,1e-06,1e-05,7,0,a three-vector reached the caller,0.0,0.0,0.34816365513116077,one_sided_upper_0.95,true,7d6e05fbbf3cd9f864b265ffa6122b0ea4fd88757752dbc00ba634762d91b76b
libcxx,QF,double,0.51,0.010000000000000009,seed,7004,target_upper_tail_q,6,1e-08,1e-06,1,0,a three-vector reached the caller,0.0,0.0,0.95,one_sided_upper_0.95,true,7d6e05fbbf3cd9f864b265ffa6122b0ea4fd88757752dbc00ba634762d91b76b
libcxx,LEGACY,double,0.51,0.010000000000000009,seed,7005,target_upper_tail_q,0,0.1,1.0,900332,900332,a three-vector reached the caller,1.0,0.9999959027648723,1.0,two_sided_clopper_pearson_0.95,false,7d6e05fbbf3cd9f864b265ffa6122b0ea4fd88757752dbc00ba634762d91b76b
libcxx,LEGACY,double,0.51,0.010000000000000009,seed,7005,target_upper_tail_q,1,0.01,0.1,89728,89728,a three-vector reached the caller,1.0,0.9999588890465972,1.0,two_sided_clopper_pearson_0.95,false,7d6e05fbbf3cd9f864b265ffa6122b0ea4fd88757752dbc00ba634762d91b76b
libcxx,LEGACY,double,0.51,0.010000000000000009,seed,7005,target_upper_tail_q,2,0.001,0.01,8943,8943,a three-vector reached the caller,1.0,0.9995875971430608,1.0,two_sided_clopper_pearson_0.95,false,7d6e05fbbf3cd9f864b265ffa6122b0ea4fd88757752dbc00ba634762d91b76b
libcxx,LEGACY,double,0.51,0.010000000000000009,seed,7005,target_upper_tail_q,3,0.0001,0.001,895,400,a three-vector reached the caller,0.44692737430167595,0.4140173486987413,0.48018783108754365,two_sided_clopper_pearson_0.95,false,7d6e05fbbf3cd9f864b265ffa6122b0ea4fd88757752dbc00ba634762d91b76b
libcxx,LEGACY,double,0.51,0.010000000000000009,seed,7005,target_upper_tail_q,4,1e-05,0.0001,93,0,a three-vector reached the caller,0.0,0.0,0.03169888899111484,one_sided_upper_0.95,true,7d6e05fbbf3cd9f864b265ffa6122b0ea4fd88757752dbc00ba634762d91b76b
libcxx,LEGACY,double,0.51,0.010000000000000009,seed,7005,target_upper_tail_q,5,1e-06,1e-05,7,0,a three-vector reached the caller,0.0,0.0,0.34816365513116077,one_sided_upper_0.95,true,7d6e05fbbf3cd9f864b265ffa6122b0ea4fd88757752dbc00ba634762d91b76b
libcxx,LEGACY,double,0.51,0.010000000000000009,seed,7005,target_upper_tail_q,6,1e-08,1e-06,2,0,a three-vector reached the caller,0.0,0.0,0.776393202250021,one_sided_upper_0.95,true,7d6e05fbbf3cd9f864b265ffa6122b0ea4fd88757752dbc00ba634762d91b76b
libcxx,CANDIDATE,double,0.51,0.010000000000000009,seed,7005,target_upper_tail_q,0,0.1,1.0,900332,900332,a three-vector reached the caller,1.0,0.9999959027648723,1.0,two_sided_clopper_pearson_0.95,false,7d6e05fbbf3cd9f864b265ffa6122b0ea4fd88757752dbc00ba634762d91b76b
libcxx,CANDIDATE,double,0.51,0.010000000000000009,seed,7005,target_upper_tail_q,1,0.01,0.1,89728,89728,a three-vector reached the caller,1.0,0.9999588890465972,1.0,two_sided_clopper_pearson_0.95,false,7d6e05fbbf3cd9f864b265ffa6122b0ea4fd88757752dbc00ba634762d91b76b
libcxx,CANDIDATE,double,0.51,0.010000000000000009,seed,7005,target_upper_tail_q,2,0.001,0.01,8943,8943,a three-vector reached the caller,1.0,0.9995875971430608,1.0,two_sided_clopper_pearson_0.95,false,7d6e05fbbf3cd9f864b265ffa6122b0ea4fd88757752dbc00ba634762d91b76b
libcxx,CANDIDATE,double,0.51,0.010000000000000009,seed,7005,target_upper_tail_q,3,0.0001,0.001,895,895,a three-vector reached the caller,1.0,0.9958868293326829,1.0,two_sided_clopper_pearson_0.95,false,7d6e05fbbf3cd9f864b265ffa6122b0ea4fd88757752dbc00ba634762d91b76b
libcxx,CANDIDATE,double,0.51,0.010000000000000009,seed,7005,target_upper_tail_q,4,1e-05,0.0001,93,93,a three-vector reached the caller,1.0,0.9611110014657241,1.0,two_sided_clopper_pearson_0.95,false,7d6e05fbbf3cd9f864b265ffa6122b0ea4fd88757752dbc00ba634762d91b76b
libcxx,CANDIDATE,double,0.51,0.010000000000000009,seed,7005,target_upper_tail_q,5,1e-06,1e-05,7,7,a three-vector reached the caller,1.0,0.5903836027749967,1.0,two_sided_clopper_pearson_0.95,false,7d6e05fbbf3cd9f864b265ffa6122b0ea4fd88757752dbc00ba634762d91b76b
libcxx,CANDIDATE,double,0.51,0.010000000000000009,seed,7005,target_upper_tail_q,6,1e-08,1e-06,2,0,a three-vector reached the caller,0.0,0.0,0.776393202250021,one_sided_upper_0.95,true,7d6e05fbbf3cd9f864b265ffa6122b0ea4fd88757752dbc00ba634762d91b76b
libcxx,QF,double,0.51,0.010000000000000009,seed,7005,target_upper_tail_q,0,0.1,1.0,900332,900332,a three-vector reached the caller,1.0,0.9999959027648723,1.0,two_sided_clopper_pearson_0.95,false,7d6e05fbbf3cd9f864b265ffa6122b0ea4fd88757752dbc00ba634762d91b76b
libcxx,QF,double,0.51,0.010000000000000009,seed,7005,target_upper_tail_q,1,0.01,0.1,89728,89728,a three-vector reached the caller,1.0,0.9999588890465972,1.0,two_sided_clopper_pearson_0.95,false,7d6e05fbbf3cd9f864b265ffa6122b0ea4fd88757752dbc00ba634762d91b76b
libcxx,QF,double,0.51,0.010000000000000009,seed,7005,target_upper_tail_q,2,0.001,0.01,8943,8943,a three-vector reached the caller,1.0,0.9995875971430608,1.0,two_sided_clopper_pearson_0.95,false,7d6e05fbbf3cd9f864b265ffa6122b0ea4fd88757752dbc00ba634762d91b76b
libcxx,QF,double,0.51,0.010000000000000009,seed,7005,target_upper_tail_q,3,0.0001,0.001,895,164,a three-vector reached the caller,0.18324022346368715,0.1584124566042251,0.21017246030439482,two_sided_clopper_pearson_0.95,false,7d6e05fbbf3cd9f864b265ffa6122b0ea4fd88757752dbc00ba634762d91b76b
libcxx,QF,double,0.51,0.010000000000000009,seed,7005,target_upper_tail_q,4,1e-05,0.0001,93,0,a three-vector reached the caller,0.0,0.0,0.03169888899111484,one_sided_upper_0.95,true,7d6e05fbbf3cd9f864b265ffa6122b0ea4fd88757752dbc00ba634762d91b76b
libcxx,QF,double,0.51,0.010000000000000009,seed,7005,target_upper_tail_q,5,1e-06,1e-05,7,0,a three-vector reached the caller,0.0,0.0,0.34816365513116077,one_sided_upper_0.95,true,7d6e05fbbf3cd9f864b265ffa6122b0ea4fd88757752dbc00ba634762d91b76b
libcxx,QF,double,0.51,0.010000000000000009,seed,7005,target_upper_tail_q,6,1e-08,1e-06,2,0,a three-vector reached the caller,0.0,0.0,0.776393202250021,one_sided_upper_0.95,true,7d6e05fbbf3cd9f864b265ffa6122b0ea4fd88757752dbc00ba634762d91b76b
libcxx,LEGACY,double,0.75,0.25,seed,7001,target_upper_tail_q,0,0.1,1.0,899862,899862,a three-vector reached the caller,1.0,0.9999959006248813,1.0,two_sided_clopper_pearson_0.95,false,7d6e05fbbf3cd9f864b265ffa6122b0ea4fd88757752dbc00ba634762d91b76b
libcxx,LEGACY,double,0.75,0.25,seed,7001,target_upper_tail_q,1,0.01,0.1,90118,90118,a three-vector reached the caller,1.0,0.9999590669571554,1.0,two_sided_clopper_pearson_0.95,false,7d6e05fbbf3cd9f864b265ffa6122b0ea4fd88757752dbc00ba634762d91b76b
libcxx,LEGACY,double,0.75,0.25,seed,7001,target_upper_tail_q,2,0.001,0.01,8956,8956,a three-vector reached the caller,1.0,0.9995881956393871,1.0,two_sided_clopper_pearson_0.95,false,7d6e05fbbf3cd9f864b265ffa6122b0ea4fd88757752dbc00ba634762d91b76b
libcxx,LEGACY,double,0.75,0.25,seed,7001,target_upper_tail_q,3,0.0001,0.001,956,956,a three-vector reached the caller,1.0,0.9961487745474327,1.0,two_sided_clopper_pearson_0.95,false,7d6e05fbbf3cd9f864b265ffa6122b0ea4fd88757752dbc00ba634762d91b76b
libcxx,LEGACY,double,0.75,0.25,seed,7001,target_upper_tail_q,4,1e-05,0.0001,101,101,a three-vector reached the caller,1.0,0.9641353796099963,1.0,two_sided_clopper_pearson_0.95,false,7d6e05fbbf3cd9f864b265ffa6122b0ea4fd88757752dbc00ba634762d91b76b
libcxx,LEGACY,double,0.75,0.25,seed,7001,target_upper_tail_q,5,1e-06,1e-05,6,6,a three-vector reached the caller,1.0,0.5407418735600996,1.0,two_sided_clopper_pearson_0.95,false,7d6e05fbbf3cd9f864b265ffa6122b0ea4fd88757752dbc00ba634762d91b76b
libcxx,LEGACY,double,0.75,0.25,seed,7001,target_upper_tail_q,6,1e-08,1e-06,1,1,a three-vector reached the caller,1.0,0.025000000000000022,1.0,two_sided_clopper_pearson_0.95,false,7d6e05fbbf3cd9f864b265ffa6122b0ea4fd88757752dbc00ba634762d91b76b
libcxx,CANDIDATE,double,0.75,0.25,seed,7001,target_upper_tail_q,0,0.1,1.0,899862,899862,a three-vector reached the caller,1.0,0.9999959006248813,1.0,two_sided_clopper_pearson_0.95,false,7d6e05fbbf3cd9f864b265ffa6122b0ea4fd88757752dbc00ba634762d91b76b
libcxx,CANDIDATE,double,0.75,0.25,seed,7001,target_upper_tail_q,1,0.01,0.1,90118,90118,a three-vector reached the caller,1.0,0.9999590669571554,1.0,two_sided_clopper_pearson_0.95,false,7d6e05fbbf3cd9f864b265ffa6122b0ea4fd88757752dbc00ba634762d91b76b
libcxx,CANDIDATE,double,0.75,0.25,seed,7001,target_upper_tail_q,2,0.001,0.01,8956,8956,a three-vector reached the caller,1.0,0.9995881956393871,1.0,two_sided_clopper_pearson_0.95,false,7d6e05fbbf3cd9f864b265ffa6122b0ea4fd88757752dbc00ba634762d91b76b
libcxx,CANDIDATE,double,0.75,0.25,seed,7001,target_upper_tail_q,3,0.0001,0.001,956,956,a three-vector reached the caller,1.0,0.9961487745474327,1.0,two_sided_clopper_pearson_0.95,false,7d6e05fbbf3cd9f864b265ffa6122b0ea4fd88757752dbc00ba634762d91b76b
libcxx,CANDIDATE,double,0.75,0.25,seed,7001,target_upper_tail_q,4,1e-05,0.0001,101,101,a three-vector reached the caller,1.0,0.9641353796099963,1.0,two_sided_clopper_pearson_0.95,false,7d6e05fbbf3cd9f864b265ffa6122b0ea4fd88757752dbc00ba634762d91b76b
libcxx,CANDIDATE,double,0.75,0.25,seed,7001,target_upper_tail_q,5,1e-06,1e-05,6,6,a three-vector reached the caller,1.0,0.5407418735600996,1.0,two_sided_clopper_pearson_0.95,false,7d6e05fbbf3cd9f864b265ffa6122b0ea4fd88757752dbc00ba634762d91b76b
libcxx,CANDIDATE,double,0.75,0.25,seed,7001,target_upper_tail_q,6,1e-08,1e-06,1,1,a three-vector reached the caller,1.0,0.025000000000000022,1.0,two_sided_clopper_pearson_0.95,false,7d6e05fbbf3cd9f864b265ffa6122b0ea4fd88757752dbc00ba634762d91b76b
libcxx,QF,double,0.75,0.25,seed,7001,target_upper_tail_q,0,0.1,1.0,899862,899862,a three-vector reached the caller,1.0,0.9999959006248813,1.0,two_sided_clopper_pearson_0.95,false,7d6e05fbbf3cd9f864b265ffa6122b0ea4fd88757752dbc00ba634762d91b76b
libcxx,QF,double,0.75,0.25,seed,7001,target_upper_tail_q,1,0.01,0.1,90118,90118,a three-vector reached the caller,1.0,0.9999590669571554,1.0,two_sided_clopper_pearson_0.95,false,7d6e05fbbf3cd9f864b265ffa6122b0ea4fd88757752dbc00ba634762d91b76b
libcxx,QF,double,0.75,0.25,seed,7001,target_upper_tail_q,2,0.001,0.01,8956,8956,a three-vector reached the caller,1.0,0.9995881956393871,1.0,two_sided_clopper_pearson_0.95,false,7d6e05fbbf3cd9f864b265ffa6122b0ea4fd88757752dbc00ba634762d91b76b
libcxx,QF,double,0.75,0.25,seed,7001,target_upper_tail_q,3,0.0001,0.001,956,956,a three-vector reached the caller,1.0,0.9961487745474327,1.0,two_sided_clopper_pearson_0.95,false,7d6e05fbbf3cd9f864b265ffa6122b0ea4fd88757752dbc00ba634762d91b76b
libcxx,QF,double,0.75,0.25,seed,7001,target_upper_tail_q,4,1e-05,0.0001,101,101,a three-vector reached the caller,1.0,0.9641353796099963,1.0,two_sided_clopper_pearson_0.95,false,7d6e05fbbf3cd9f864b265ffa6122b0ea4fd88757752dbc00ba634762d91b76b
libcxx,QF,double,0.75,0.25,seed,7001,target_upper_tail_q,5,1e-06,1e-05,6,6,a three-vector reached the caller,1.0,0.5407418735600996,1.0,two_sided_clopper_pearson_0.95,false,7d6e05fbbf3cd9f864b265ffa6122b0ea4fd88757752dbc00ba634762d91b76b
libcxx,QF,double,0.75,0.25,seed,7001,target_upper_tail_q,6,1e-08,1e-06,1,1,a three-vector reached the caller,1.0,0.025000000000000022,1.0,two_sided_clopper_pearson_0.95,false,7d6e05fbbf3cd9f864b265ffa6122b0ea4fd88757752dbc00ba634762d91b76b
libcxx,LEGACY,double,0.75,0.25,seed,7002,target_upper_tail_q,0,0.1,1.0,900019,900019,a three-vector reached the caller,1.0,0.999995901339978,1.0,two_sided_clopper_pearson_0.95,false,7d6e05fbbf3cd9f864b265ffa6122b0ea4fd88757752dbc00ba634762d91b76b
libcxx,LEGACY,double,0.75,0.25,seed,7002,target_upper_tail_q,1,0.01,0.1,90017,90017,a three-vector reached the caller,1.0,0.9999590210308013,1.0,two_sided_clopper_pearson_0.95,false,7d6e05fbbf3cd9f864b265ffa6122b0ea4fd88757752dbc00ba634762d91b76b
libcxx,LEGACY,double,0.75,0.25,seed,7002,target_upper_tail_q,2,0.001,0.01,8966,8966,a three-vector reached the caller,1.0,0.9995886548404267,1.0,two_sided_clopper_pearson_0.95,false,7d6e05fbbf3cd9f864b265ffa6122b0ea4fd88757752dbc00ba634762d91b76b
libcxx,LEGACY,double,0.75,0.25,seed,7002,target_upper_tail_q,3,0.0001,0.001,923,923,a three-vector reached the caller,1.0,0.9960113567263184,1.0,two_sided_clopper_pearson_0.95,false,7d6e05fbbf3cd9f864b265ffa6122b0ea4fd88757752dbc00ba634762d91b76b
libcxx,LEGACY,double,0.75,0.25,seed,7002,target_upper_tail_q,4,1e-05,0.0001,67,67,a three-vector reached the caller,1.0,0.9464303458729032,1.0,two_sided_clopper_pearson_0.95,false,7d6e05fbbf3cd9f864b265ffa6122b0ea4fd88757752dbc00ba634762d91b76b
libcxx,LEGACY,double,0.75,0.25,seed,7002,target_upper_tail_q,5,1e-06,1e-05,8,8,a three-vector reached the caller,1.0,0.6305833524471808,1.0,two_sided_clopper_pearson_0.95,false,7d6e05fbbf3cd9f864b265ffa6122b0ea4fd88757752dbc00ba634762d91b76b
libcxx,CANDIDATE,double,0.75,0.25,seed,7002,target_upper_tail_q,0,0.1,1.0,900019,900019,a three-vector reached the caller,1.0,0.999995901339978,1.0,two_sided_clopper_pearson_0.95,false,7d6e05fbbf3cd9f864b265ffa6122b0ea4fd88757752dbc00ba634762d91b76b
libcxx,CANDIDATE,double,0.75,0.25,seed,7002,target_upper_tail_q,1,0.01,0.1,90017,90017,a three-vector reached the caller,1.0,0.9999590210308013,1.0,two_sided_clopper_pearson_0.95,false,7d6e05fbbf3cd9f864b265ffa6122b0ea4fd88757752dbc00ba634762d91b76b
libcxx,CANDIDATE,double,0.75,0.25,seed,7002,target_upper_tail_q,2,0.001,0.01,8966,8966,a three-vector reached the caller,1.0,0.9995886548404267,1.0,two_sided_clopper_pearson_0.95,false,7d6e05fbbf3cd9f864b265ffa6122b0ea4fd88757752dbc00ba634762d91b76b
libcxx,CANDIDATE,double,0.75,0.25,seed,7002,target_upper_tail_q,3,0.0001,0.001,923,923,a three-vector reached the caller,1.0,0.9960113567263184,1.0,two_sided_clopper_pearson_0.95,false,7d6e05fbbf3cd9f864b265ffa6122b0ea4fd88757752dbc00ba634762d91b76b
libcxx,CANDIDATE,double,0.75,0.25,seed,7002,target_upper_tail_q,4,1e-05,0.0001,67,67,a three-vector reached the caller,1.0,0.9464303458729032,1.0,two_sided_clopper_pearson_0.95,false,7d6e05fbbf3cd9f864b265ffa6122b0ea4fd88757752dbc00ba634762d91b76b
libcxx,CANDIDATE,double,0.75,0.25,seed,7002,target_upper_tail_q,5,1e-06,1e-05,8,8,a three-vector reached the caller,1.0,0.6305833524471808,1.0,two_sided_clopper_pearson_0.95,false,7d6e05fbbf3cd9f864b265ffa6122b0ea4fd88757752dbc00ba634762d91b76b
libcxx,QF,double,0.75,0.25,seed,7002,target_upper_tail_q,0,0.1,1.0,900019,900019,a three-vector reached the caller,1.0,0.999995901339978,1.0,two_sided_clopper_pearson_0.95,false,7d6e05fbbf3cd9f864b265ffa6122b0ea4fd88757752dbc00ba634762d91b76b
libcxx,QF,double,0.75,0.25,seed,7002,target_upper_tail_q,1,0.01,0.1,90017,90017,a three-vector reached the caller,1.0,0.9999590210308013,1.0,two_sided_clopper_pearson_0.95,false,7d6e05fbbf3cd9f864b265ffa6122b0ea4fd88757752dbc00ba634762d91b76b
libcxx,QF,double,0.75,0.25,seed,7002,target_upper_tail_q,2,0.001,0.01,8966,8966,a three-vector reached the caller,1.0,0.9995886548404267,1.0,two_sided_clopper_pearson_0.95,false,7d6e05fbbf3cd9f864b265ffa6122b0ea4fd88757752dbc00ba634762d91b76b
libcxx,QF,double,0.75,0.25,seed,7002,target_upper_tail_q,3,0.0001,0.001,923,923,a three-vector reached the caller,1.0,0.9960113567263184,1.0,two_sided_clopper_pearson_0.95,false,7d6e05fbbf3cd9f864b265ffa6122b0ea4fd88757752dbc00ba634762d91b76b
libcxx,QF,double,0.75,0.25,seed,7002,target_upper_tail_q,4,1e-05,0.0001,67,67,a three-vector reached the caller,1.0,0.9464303458729032,1.0,two_sided_clopper_pearson_0.95,false,7d6e05fbbf3cd9f864b265ffa6122b0ea4fd88757752dbc00ba634762d91b76b
libcxx,QF,double,0.75,0.25,seed,7002,target_upper_tail_q,5,1e-06,1e-05,8,8,a three-vector reached the caller,1.0,0.6305833524471808,1.0,two_sided_clopper_pearson_0.95,false,7d6e05fbbf3cd9f864b265ffa6122b0ea4fd88757752dbc00ba634762d91b76b
libcxx,LEGACY,double,0.75,0.25,seed,7003,target_upper_tail_q,0,0.1,1.0,900471,900471,a three-vector reached the caller,1.0,0.9999959033973352,1.0,two_sided_clopper_pearson_0.95,false,7d6e05fbbf3cd9f864b265ffa6122b0ea4fd88757752dbc00ba634762d91b76b
libcxx,LEGACY,double,0.75,0.25,seed,7003,target_upper_tail_q,1,0.01,0.1,89660,89660,a three-vector reached the caller,1.0,0.9999588578678407,1.0,two_sided_clopper_pearson_0.95,false,7d6e05fbbf3cd9f864b265ffa6122b0ea4fd88757752dbc00ba634762d91b76b
libcxx,LEGACY,double,0.75,0.25,seed,7003,target_upper_tail_q,2,0.001,0.01,8905,8905,a three-vector reached the caller,1.0,0.9995858376750222,1.0,two_sided_clopper_pearson_0.95,false,7d6e05fbbf3cd9f864b265ffa6122b0ea4fd88757752dbc00ba634762d91b76b
libcxx,LEGACY,double,0.75,0.25,seed,7003,target_upper_tail_q,3,0.0001,0.001,867,867,a three-vector reached the caller,1.0,0.9957542757572205,1.0,two_sided_clopper_pearson_0.95,false,7d6e05fbbf3cd9f864b265ffa6122b0ea4fd88757752dbc00ba634762d91b76b
libcxx,LEGACY,double,0.75,0.25,seed,7003,target_upper_tail_q,4,1e-05,0.0001,89,89,a three-vector reached the caller,1.0,0.9593991424503682,1.0,two_sided_clopper_pearson_0.95,false,7d6e05fbbf3cd9f864b265ffa6122b0ea4fd88757752dbc00ba634762d91b76b
libcxx,LEGACY,double,0.75,0.25,seed,7003,target_upper_tail_q,5,1e-06,1e-05,7,7,a three-vector reached the caller,1.0,0.5903836027749967,1.0,two_sided_clopper_pearson_0.95,false,7d6e05fbbf3cd9f864b265ffa6122b0ea4fd88757752dbc00ba634762d91b76b
libcxx,LEGACY,double,0.75,0.25,seed,7003,target_upper_tail_q,6,1e-08,1e-06,1,1,a three-vector reached the caller,1.0,0.025000000000000022,1.0,two_sided_clopper_pearson_0.95,false,7d6e05fbbf3cd9f864b265ffa6122b0ea4fd88757752dbc00ba634762d91b76b
libcxx,CANDIDATE,double,0.75,0.25,seed,7003,target_upper_tail_q,0,0.1,1.0,900471,900471,a three-vector reached the caller,1.0,0.9999959033973352,1.0,two_sided_clopper_pearson_0.95,false,7d6e05fbbf3cd9f864b265ffa6122b0ea4fd88757752dbc00ba634762d91b76b
libcxx,CANDIDATE,double,0.75,0.25,seed,7003,target_upper_tail_q,1,0.01,0.1,89660,89660,a three-vector reached the caller,1.0,0.9999588578678407,1.0,two_sided_clopper_pearson_0.95,false,7d6e05fbbf3cd9f864b265ffa6122b0ea4fd88757752dbc00ba634762d91b76b
libcxx,CANDIDATE,double,0.75,0.25,seed,7003,target_upper_tail_q,2,0.001,0.01,8905,8905,a three-vector reached the caller,1.0,0.9995858376750222,1.0,two_sided_clopper_pearson_0.95,false,7d6e05fbbf3cd9f864b265ffa6122b0ea4fd88757752dbc00ba634762d91b76b
libcxx,CANDIDATE,double,0.75,0.25,seed,7003,target_upper_tail_q,3,0.0001,0.001,867,867,a three-vector reached the caller,1.0,0.9957542757572205,1.0,two_sided_clopper_pearson_0.95,false,7d6e05fbbf3cd9f864b265ffa6122b0ea4fd88757752dbc00ba634762d91b76b
libcxx,CANDIDATE,double,0.75,0.25,seed,7003,target_upper_tail_q,4,1e-05,0.0001,89,89,a three-vector reached the caller,1.0,0.9593991424503682,1.0,two_sided_clopper_pearson_0.95,false,7d6e05fbbf3cd9f864b265ffa6122b0ea4fd88757752dbc00ba634762d91b76b
libcxx,CANDIDATE,double,0.75,0.25,seed,7003,target_upper_tail_q,5,1e-06,1e-05,7,7,a three-vector reached the caller,1.0,0.5903836027749967,1.0,two_sided_clopper_pearson_0.95,false,7d6e05fbbf3cd9f864b265ffa6122b0ea4fd88757752dbc00ba634762d91b76b
libcxx,CANDIDATE,double,0.75,0.25,seed,7003,target_upper_tail_q,6,1e-08,1e-06,1,1,a three-vector reached the caller,1.0,0.025000000000000022,1.0,two_sided_clopper_pearson_0.95,false,7d6e05fbbf3cd9f864b265ffa6122b0ea4fd88757752dbc00ba634762d91b76b
libcxx,QF,double,0.75,0.25,seed,7003,target_upper_tail_q,0,0.1,1.0,900471,900471,a three-vector reached the caller,1.0,0.9999959033973352,1.0,two_sided_clopper_pearson_0.95,false,7d6e05fbbf3cd9f864b265ffa6122b0ea4fd88757752dbc00ba634762d91b76b
libcxx,QF,double,0.75,0.25,seed,7003,target_upper_tail_q,1,0.01,0.1,89660,89660,a three-vector reached the caller,1.0,0.9999588578678407,1.0,two_sided_clopper_pearson_0.95,false,7d6e05fbbf3cd9f864b265ffa6122b0ea4fd88757752dbc00ba634762d91b76b
libcxx,QF,double,0.75,0.25,seed,7003,target_upper_tail_q,2,0.001,0.01,8905,8905,a three-vector reached the caller,1.0,0.9995858376750222,1.0,two_sided_clopper_pearson_0.95,false,7d6e05fbbf3cd9f864b265ffa6122b0ea4fd88757752dbc00ba634762d91b76b
libcxx,QF,double,0.75,0.25,seed,7003,target_upper_tail_q,3,0.0001,0.001,867,867,a three-vector reached the caller,1.0,0.9957542757572205,1.0,two_sided_clopper_pearson_0.95,false,7d6e05fbbf3cd9f864b265ffa6122b0ea4fd88757752dbc00ba634762d91b76b
libcxx,QF,double,0.75,0.25,seed,7003,target_upper_tail_q,4,1e-05,0.0001,89,89,a three-vector reached the caller,1.0,0.9593991424503682,1.0,two_sided_clopper_pearson_0.95,false,7d6e05fbbf3cd9f864b265ffa6122b0ea4fd88757752dbc00ba634762d91b76b
libcxx,QF,double,0.75,0.25,seed,7003,target_upper_tail_q,5,1e-06,1e-05,7,7,a three-vector reached the caller,1.0,0.5903836027749967,1.0,two_sided_clopper_pearson_0.95,false,7d6e05fbbf3cd9f864b265ffa6122b0ea4fd88757752dbc00ba634762d91b76b
libcxx,QF,double,0.75,0.25,seed,7003,target_upper_tail_q,6,1e-08,1e-06,1,1,a three-vector reached the caller,1.0,0.025000000000000022,1.0,two_sided_clopper_pearson_0.95,false,7d6e05fbbf3cd9f864b265ffa6122b0ea4fd88757752dbc00ba634762d91b76b
libcxx,LEGACY,double,0.75,0.25,seed,7004,target_upper_tail_q,0,0.1,1.0,900173,900173,a three-vector reached the caller,1.0,0.9999959020411681,1.0,two_sided_clopper_pearson_0.95,false,7d6e05fbbf3cd9f864b265ffa6122b0ea4fd88757752dbc00ba634762d91b76b
libcxx,LEGACY,double,0.75,0.25,seed,7004,target_upper_tail_q,1,0.01,0.1,89821,89821,a three-vector reached the caller,1.0,0.9999589316117007,1.0,two_sided_clopper_pearson_0.95,false,7d6e05fbbf3cd9f864b265ffa6122b0ea4fd88757752dbc00ba634762d91b76b
libcxx,LEGACY,double,0.75,0.25,seed,7004,target_upper_tail_q,2,0.001,0.01,9040,9040,a three-vector reached the caller,1.0,0.999592021359411,1.0,two_sided_clopper_pearson_0.95,false,7d6e05fbbf3cd9f864b265ffa6122b0ea4fd88757752dbc00ba634762d91b76b
libcxx,LEGACY,double,0.75,0.25,seed,7004,target_upper_tail_q,3,0.0001,0.001,875,875,a three-vector reached the caller,1.0,0.9957930120386292,1.0,two_sided_clopper_pearson_0.95,false,7d6e05fbbf3cd9f864b265ffa6122b0ea4fd88757752dbc00ba634762d91b76b
libcxx,LEGACY,double,0.75,0.25,seed,7004,target_upper_tail_q,4,1e-05,0.0001,83,83,a three-vector reached the caller,1.0,0.9565288478335582,1.0,two_sided_clopper_pearson_0.95,false,7d6e05fbbf3cd9f864b265ffa6122b0ea4fd88757752dbc00ba634762d91b76b
libcxx,LEGACY,double,0.75,0.25,seed,7004,target_upper_tail_q,5,1e-06,1e-05,7,7,a three-vector reached the caller,1.0,0.5903836027749967,1.0,two_sided_clopper_pearson_0.95,false,7d6e05fbbf3cd9f864b265ffa6122b0ea4fd88757752dbc00ba634762d91b76b
libcxx,LEGACY,double,0.75,0.25,seed,7004,target_upper_tail_q,6,1e-08,1e-06,1,1,a three-vector reached the caller,1.0,0.025000000000000022,1.0,two_sided_clopper_pearson_0.95,false,7d6e05fbbf3cd9f864b265ffa6122b0ea4fd88757752dbc00ba634762d91b76b
libcxx,CANDIDATE,double,0.75,0.25,seed,7004,target_upper_tail_q,0,0.1,1.0,900173,900173,a three-vector reached the caller,1.0,0.9999959020411681,1.0,two_sided_clopper_pearson_0.95,false,7d6e05fbbf3cd9f864b265ffa6122b0ea4fd88757752dbc00ba634762d91b76b
libcxx,CANDIDATE,double,0.75,0.25,seed,7004,target_upper_tail_q,1,0.01,0.1,89821,89821,a three-vector reached the caller,1.0,0.9999589316117007,1.0,two_sided_clopper_pearson_0.95,false,7d6e05fbbf3cd9f864b265ffa6122b0ea4fd88757752dbc00ba634762d91b76b
libcxx,CANDIDATE,double,0.75,0.25,seed,7004,target_upper_tail_q,2,0.001,0.01,9040,9040,a three-vector reached the caller,1.0,0.999592021359411,1.0,two_sided_clopper_pearson_0.95,false,7d6e05fbbf3cd9f864b265ffa6122b0ea4fd88757752dbc00ba634762d91b76b
libcxx,CANDIDATE,double,0.75,0.25,seed,7004,target_upper_tail_q,3,0.0001,0.001,875,875,a three-vector reached the caller,1.0,0.9957930120386292,1.0,two_sided_clopper_pearson_0.95,false,7d6e05fbbf3cd9f864b265ffa6122b0ea4fd88757752dbc00ba634762d91b76b
libcxx,CANDIDATE,double,0.75,0.25,seed,7004,target_upper_tail_q,4,1e-05,0.0001,83,83,a three-vector reached the caller,1.0,0.9565288478335582,1.0,two_sided_clopper_pearson_0.95,false,7d6e05fbbf3cd9f864b265ffa6122b0ea4fd88757752dbc00ba634762d91b76b
libcxx,CANDIDATE,double,0.75,0.25,seed,7004,target_upper_tail_q,5,1e-06,1e-05,7,7,a three-vector reached the caller,1.0,0.5903836027749967,1.0,two_sided_clopper_pearson_0.95,false,7d6e05fbbf3cd9f864b265ffa6122b0ea4fd88757752dbc00ba634762d91b76b
libcxx,CANDIDATE,double,0.75,0.25,seed,7004,target_upper_tail_q,6,1e-08,1e-06,1,1,a three-vector reached the caller,1.0,0.025000000000000022,1.0,two_sided_clopper_pearson_0.95,false,7d6e05fbbf3cd9f864b265ffa6122b0ea4fd88757752dbc00ba634762d91b76b
libcxx,QF,double,0.75,0.25,seed,7004,target_upper_tail_q,0,0.1,1.0,900173,900173,a three-vector reached the caller,1.0,0.9999959020411681,1.0,two_sided_clopper_pearson_0.95,false,7d6e05fbbf3cd9f864b265ffa6122b0ea4fd88757752dbc00ba634762d91b76b
libcxx,QF,double,0.75,0.25,seed,7004,target_upper_tail_q,1,0.01,0.1,89821,89821,a three-vector reached the caller,1.0,0.9999589316117007,1.0,two_sided_clopper_pearson_0.95,false,7d6e05fbbf3cd9f864b265ffa6122b0ea4fd88757752dbc00ba634762d91b76b
libcxx,QF,double,0.75,0.25,seed,7004,target_upper_tail_q,2,0.001,0.01,9040,9040,a three-vector reached the caller,1.0,0.999592021359411,1.0,two_sided_clopper_pearson_0.95,false,7d6e05fbbf3cd9f864b265ffa6122b0ea4fd88757752dbc00ba634762d91b76b
libcxx,QF,double,0.75,0.25,seed,7004,target_upper_tail_q,3,0.0001,0.001,875,875,a three-vector reached the caller,1.0,0.9957930120386292,1.0,two_sided_clopper_pearson_0.95,false,7d6e05fbbf3cd9f864b265ffa6122b0ea4fd88757752dbc00ba634762d91b76b
libcxx,QF,double,0.75,0.25,seed,7004,target_upper_tail_q,4,1e-05,0.0001,83,83,a three-vector reached the caller,1.0,0.9565288478335582,1.0,two_sided_clopper_pearson_0.95,false,7d6e05fbbf3cd9f864b265ffa6122b0ea4fd88757752dbc00ba634762d91b76b
libcxx,QF,double,0.75,0.25,seed,7004,target_upper_tail_q,5,1e-06,1e-05,7,7,a three-vector reached the caller,1.0,0.5903836027749967,1.0,two_sided_clopper_pearson_0.95,false,7d6e05fbbf3cd9f864b265ffa6122b0ea4fd88757752dbc00ba634762d91b76b
libcxx,QF,double,0.75,0.25,seed,7004,target_upper_tail_q,6,1e-08,1e-06,1,1,a three-vector reached the caller,1.0,0.025000000000000022,1.0,two_sided_clopper_pearson_0.95,false,7d6e05fbbf3cd9f864b265ffa6122b0ea4fd88757752dbc00ba634762d91b76b
libcxx,LEGACY,double,0.75,0.25,seed,7005,target_upper_tail_q,0,0.1,1.0,899696,899696,a three-vector reached the caller,1.0,0.9999958998685204,1.0,two_sided_clopper_pearson_0.95,false,7d6e05fbbf3cd9f864b265ffa6122b0ea4fd88757752dbc00ba634762d91b76b
libcxx,LEGACY,double,0.75,0.25,seed,7005,target_upper_tail_q,1,0.01,0.1,90380,90380,a three-vector reached the caller,1.0,0.9999591856143624,1.0,two_sided_clopper_pearson_0.95,false,7d6e05fbbf3cd9f864b265ffa6122b0ea4fd88757752dbc00ba634762d91b76b
libcxx,LEGACY,double,0.75,0.25,seed,7005,target_upper_tail_q,2,0.001,0.01,8928,8928,a three-vector reached the caller,1.0,0.9995869044050495,1.0,two_sided_clopper_pearson_0.95,false,7d6e05fbbf3cd9f864b265ffa6122b0ea4fd88757752dbc00ba634762d91b76b
libcxx,LEGACY,double,0.75,0.25,seed,7005,target_upper_tail_q,3,0.0001,0.001,894,894,a three-vector reached the caller,1.0,0.9958822379562879,1.0,two_sided_clopper_pearson_0.95,false,7d6e05fbbf3cd9f864b265ffa6122b0ea4fd88757752dbc00ba634762d91b76b
libcxx,LEGACY,double,0.75,0.25,seed,7005,target_upper_tail_q,4,1e-05,0.0001,94,94,a three-vector reached the caller,1.0,0.9615166490024712,1.0,two_sided_clopper_pearson_0.95,false,7d6e05fbbf3cd9f864b265ffa6122b0ea4fd88757752dbc00ba634762d91b76b
libcxx,LEGACY,double,0.75,0.25,seed,7005,target_upper_tail_q,5,1e-06,1e-05,6,6,a three-vector reached the caller,1.0,0.5407418735600996,1.0,two_sided_clopper_pearson_0.95,false,7d6e05fbbf3cd9f864b265ffa6122b0ea4fd88757752dbc00ba634762d91b76b
libcxx,LEGACY,double,0.75,0.25,seed,7005,target_upper_tail_q,6,1e-08,1e-06,2,2,a three-vector reached the caller,1.0,0.15811388300841903,1.0,two_sided_clopper_pearson_0.95,false,7d6e05fbbf3cd9f864b265ffa6122b0ea4fd88757752dbc00ba634762d91b76b
libcxx,CANDIDATE,double,0.75,0.25,seed,7005,target_upper_tail_q,0,0.1,1.0,899696,899696,a three-vector reached the caller,1.0,0.9999958998685204,1.0,two_sided_clopper_pearson_0.95,false,7d6e05fbbf3cd9f864b265ffa6122b0ea4fd88757752dbc00ba634762d91b76b
libcxx,CANDIDATE,double,0.75,0.25,seed,7005,target_upper_tail_q,1,0.01,0.1,90380,90380,a three-vector reached the caller,1.0,0.9999591856143624,1.0,two_sided_clopper_pearson_0.95,false,7d6e05fbbf3cd9f864b265ffa6122b0ea4fd88757752dbc00ba634762d91b76b
libcxx,CANDIDATE,double,0.75,0.25,seed,7005,target_upper_tail_q,2,0.001,0.01,8928,8928,a three-vector reached the caller,1.0,0.9995869044050495,1.0,two_sided_clopper_pearson_0.95,false,7d6e05fbbf3cd9f864b265ffa6122b0ea4fd88757752dbc00ba634762d91b76b
libcxx,CANDIDATE,double,0.75,0.25,seed,7005,target_upper_tail_q,3,0.0001,0.001,894,894,a three-vector reached the caller,1.0,0.9958822379562879,1.0,two_sided_clopper_pearson_0.95,false,7d6e05fbbf3cd9f864b265ffa6122b0ea4fd88757752dbc00ba634762d91b76b
libcxx,CANDIDATE,double,0.75,0.25,seed,7005,target_upper_tail_q,4,1e-05,0.0001,94,94,a three-vector reached the caller,1.0,0.9615166490024712,1.0,two_sided_clopper_pearson_0.95,false,7d6e05fbbf3cd9f864b265ffa6122b0ea4fd88757752dbc00ba634762d91b76b
libcxx,CANDIDATE,double,0.75,0.25,seed,7005,target_upper_tail_q,5,1e-06,1e-05,6,6,a three-vector reached the caller,1.0,0.5407418735600996,1.0,two_sided_clopper_pearson_0.95,false,7d6e05fbbf3cd9f864b265ffa6122b0ea4fd88757752dbc00ba634762d91b76b
libcxx,CANDIDATE,double,0.75,0.25,seed,7005,target_upper_tail_q,6,1e-08,1e-06,2,2,a three-vector reached the caller,1.0,0.15811388300841903,1.0,two_sided_clopper_pearson_0.95,false,7d6e05fbbf3cd9f864b265ffa6122b0ea4fd88757752dbc00ba634762d91b76b
libcxx,QF,double,0.75,0.25,seed,7005,target_upper_tail_q,0,0.1,1.0,899696,899696,a three-vector reached the caller,1.0,0.9999958998685204,1.0,two_sided_clopper_pearson_0.95,false,7d6e05fbbf3cd9f864b265ffa6122b0ea4fd88757752dbc00ba634762d91b76b
libcxx,QF,double,0.75,0.25,seed,7005,target_upper_tail_q,1,0.01,0.1,90380,90380,a three-vector reached the caller,1.0,0.9999591856143624,1.0,two_sided_clopper_pearson_0.95,false,7d6e05fbbf3cd9f864b265ffa6122b0ea4fd88757752dbc00ba634762d91b76b
libcxx,QF,double,0.75,0.25,seed,7005,target_upper_tail_q,2,0.001,0.01,8928,8928,a three-vector reached the caller,1.0,0.9995869044050495,1.0,two_sided_clopper_pearson_0.95,false,7d6e05fbbf3cd9f864b265ffa6122b0ea4fd88757752dbc00ba634762d91b76b
libcxx,QF,double,0.75,0.25,seed,7005,target_upper_tail_q,3,0.0001,0.001,894,894,a three-vector reached the caller,1.0,0.9958822379562879,1.0,two_sided_clopper_pearson_0.95,false,7d6e05fbbf3cd9f864b265ffa6122b0ea4fd88757752dbc00ba634762d91b76b
libcxx,QF,double,0.75,0.25,seed,7005,target_upper_tail_q,4,1e-05,0.0001,94,94,a three-vector reached the caller,1.0,0.9615166490024712,1.0,two_sided_clopper_pearson_0.95,false,7d6e05fbbf3cd9f864b265ffa6122b0ea4fd88757752dbc00ba634762d91b76b
libcxx,QF,double,0.75,0.25,seed,7005,target_upper_tail_q,5,1e-06,1e-05,6,6,a three-vector reached the caller,1.0,0.5407418735600996,1.0,two_sided_clopper_pearson_0.95,false,7d6e05fbbf3cd9f864b265ffa6122b0ea4fd88757752dbc00ba634762d91b76b
libcxx,QF,double,0.75,0.25,seed,7005,target_upper_tail_q,6,1e-08,1e-06,2,2,a three-vector reached the caller,1.0,0.15811388300841903,1.0,two_sided_clopper_pearson_0.95,false,7d6e05fbbf3cd9f864b265ffa6122b0ea4fd88757752dbc00ba634762d91b76b
libcxx,LEGACY,float,0.55,0.050000011920928955,seed,7001,target_upper_tail_q,0,0.1,1.0,899926,899926,a three-vector reached the caller,1.0,0.9999959009164158,1.0,two_sided_clopper_pearson_0.95,false,7d6e05fbbf3cd9f864b265ffa6122b0ea4fd88757752dbc00ba634762d91b76b
libcxx,LEGACY,float,0.55,0.050000011920928955,seed,7001,target_upper_tail_q,1,0.01,0.1,90010,90010,a three-vector reached the caller,1.0,0.9999590178439676,1.0,two_sided_clopper_pearson_0.95,false,7d6e05fbbf3cd9f864b265ffa6122b0ea4fd88757752dbc00ba634762d91b76b
libcxx,LEGACY,float,0.55,0.050000011920928955,seed,7001,target_upper_tail_q,2,0.001,0.01,9001,4186,a three-vector reached the caller,0.46505943784023995,0.4547125102718077,0.47542899265064703,two_sided_clopper_pearson_0.95,false,7d6e05fbbf3cd9f864b265ffa6122b0ea4fd88757752dbc00ba634762d91b76b
libcxx,LEGACY,float,0.55,0.050000011920928955,seed,7001,target_upper_tail_q,3,0.0001,0.001,959,0,a three-vector reached the caller,0.0,0.0,0.0031189344056850032,one_sided_upper_0.95,true,7d6e05fbbf3cd9f864b265ffa6122b0ea4fd88757752dbc00ba634762d91b76b
libcxx,LEGACY,float,0.55,0.050000011920928955,seed,7001,target_upper_tail_q,4,1e-05,0.0001,92,0,a three-vector reached the caller,0.0,0.0,0.032037863175451764,one_sided_upper_0.95,true,7d6e05fbbf3cd9f864b265ffa6122b0ea4fd88757752dbc00ba634762d91b76b
libcxx,LEGACY,float,0.55,0.050000011920928955,seed,7001,target_upper_tail_q,5,1e-06,1e-05,10,0,a three-vector reached the caller,0.0,0.0,0.2588655508930522,one_sided_upper_0.95,true,7d6e05fbbf3cd9f864b265ffa6122b0ea4fd88757752dbc00ba634762d91b76b
libcxx,LEGACY,float,0.55,0.050000011920928955,seed,7001,target_upper_tail_q,6,1e-08,1e-06,2,0,a three-vector reached the caller,0.0,0.0,0.776393202250021,one_sided_upper_0.95,true,7d6e05fbbf3cd9f864b265ffa6122b0ea4fd88757752dbc00ba634762d91b76b
libcxx,CANDIDATE,float,0.55,0.050000011920928955,seed,7001,target_upper_tail_q,0,0.1,1.0,899926,899926,a three-vector reached the caller,1.0,0.9999959009164158,1.0,two_sided_clopper_pearson_0.95,false,7d6e05fbbf3cd9f864b265ffa6122b0ea4fd88757752dbc00ba634762d91b76b
libcxx,CANDIDATE,float,0.55,0.050000011920928955,seed,7001,target_upper_tail_q,1,0.01,0.1,90010,90010,a three-vector reached the caller,1.0,0.9999590178439676,1.0,two_sided_clopper_pearson_0.95,false,7d6e05fbbf3cd9f864b265ffa6122b0ea4fd88757752dbc00ba634762d91b76b
libcxx,CANDIDATE,float,0.55,0.050000011920928955,seed,7001,target_upper_tail_q,2,0.001,0.01,9001,9001,a three-vector reached the caller,1.0,0.9995902540105864,1.0,two_sided_clopper_pearson_0.95,false,7d6e05fbbf3cd9f864b265ffa6122b0ea4fd88757752dbc00ba634762d91b76b
libcxx,CANDIDATE,float,0.55,0.050000011920928955,seed,7001,target_upper_tail_q,3,0.0001,0.001,959,926,a three-vector reached the caller,0.9655891553701773,0.9520118173175489,0.97619707821803,two_sided_clopper_pearson_0.95,false,7d6e05fbbf3cd9f864b265ffa6122b0ea4fd88757752dbc00ba634762d91b76b
libcxx,CANDIDATE,float,0.55,0.050000011920928955,seed,7001,target_upper_tail_q,4,1e-05,0.0001,92,0,a three-vector reached the caller,0.0,0.0,0.032037863175451764,one_sided_upper_0.95,true,7d6e05fbbf3cd9f864b265ffa6122b0ea4fd88757752dbc00ba634762d91b76b
libcxx,CANDIDATE,float,0.55,0.050000011920928955,seed,7001,target_upper_tail_q,5,1e-06,1e-05,10,0,a three-vector reached the caller,0.0,0.0,0.2588655508930522,one_sided_upper_0.95,true,7d6e05fbbf3cd9f864b265ffa6122b0ea4fd88757752dbc00ba634762d91b76b
libcxx,CANDIDATE,float,0.55,0.050000011920928955,seed,7001,target_upper_tail_q,6,1e-08,1e-06,2,0,a three-vector reached the caller,0.0,0.0,0.776393202250021,one_sided_upper_0.95,true,7d6e05fbbf3cd9f864b265ffa6122b0ea4fd88757752dbc00ba634762d91b76b
libcxx,QF,float,0.55,0.050000011920928955,seed,7001,target_upper_tail_q,0,0.1,1.0,899926,899926,a three-vector reached the caller,1.0,0.9999959009164158,1.0,two_sided_clopper_pearson_0.95,false,7d6e05fbbf3cd9f864b265ffa6122b0ea4fd88757752dbc00ba634762d91b76b
libcxx,QF,float,0.55,0.050000011920928955,seed,7001,target_upper_tail_q,1,0.01,0.1,90010,87786,a three-vector reached the caller,0.9752916342628597,0.9742565047606178,0.9762959763468642,two_sided_clopper_pearson_0.95,false,7d6e05fbbf3cd9f864b265ffa6122b0ea4fd88757752dbc00ba634762d91b76b
libcxx,QF,float,0.55,0.050000011920928955,seed,7001,target_upper_tail_q,2,0.001,0.01,9001,0,a three-vector reached the caller,0.0,0.0,0.0003327667821143576,one_sided_upper_0.95,true,7d6e05fbbf3cd9f864b265ffa6122b0ea4fd88757752dbc00ba634762d91b76b
libcxx,QF,float,0.55,0.050000011920928955,seed,7001,target_upper_tail_q,3,0.0001,0.001,959,0,a three-vector reached the caller,0.0,0.0,0.0031189344056850032,one_sided_upper_0.95,true,7d6e05fbbf3cd9f864b265ffa6122b0ea4fd88757752dbc00ba634762d91b76b
libcxx,QF,float,0.55,0.050000011920928955,seed,7001,target_upper_tail_q,4,1e-05,0.0001,92,0,a three-vector reached the caller,0.0,0.0,0.032037863175451764,one_sided_upper_0.95,true,7d6e05fbbf3cd9f864b265ffa6122b0ea4fd88757752dbc00ba634762d91b76b
libcxx,QF,float,0.55,0.050000011920928955,seed,7001,target_upper_tail_q,5,1e-06,1e-05,10,0,a three-vector reached the caller,0.0,0.0,0.2588655508930522,one_sided_upper_0.95,true,7d6e05fbbf3cd9f864b265ffa6122b0ea4fd88757752dbc00ba634762d91b76b
libcxx,QF,float,0.55,0.050000011920928955,seed,7001,target_upper_tail_q,6,1e-08,1e-06,2,0,a three-vector reached the caller,0.0,0.0,0.776393202250021,one_sided_upper_0.95,true,7d6e05fbbf3cd9f864b265ffa6122b0ea4fd88757752dbc00ba634762d91b76b
libcxx,LEGACY,float,0.55,0.050000011920928955,seed,7002,target_upper_tail_q,0,0.1,1.0,899462,899462,a three-vector reached the caller,1.0,0.9999958988018508,1.0,two_sided_clopper_pearson_0.95,false,7d6e05fbbf3cd9f864b265ffa6122b0ea4fd88757752dbc00ba634762d91b76b
libcxx,LEGACY,float,0.55,0.050000011920928955,seed,7002,target_upper_tail_q,1,0.01,0.1,90475,90475,a three-vector reached the caller,1.0,0.9999592284691575,1.0,two_sided_clopper_pearson_0.95,false,7d6e05fbbf3cd9f864b265ffa6122b0ea4fd88757752dbc00ba634762d91b76b
libcxx,LEGACY,float,0.55,0.050000011920928955,seed,7002,target_upper_tail_q,2,0.001,0.01,9039,4235,a three-vector reached the caller,0.4685252793450603,0.4581943387231578,0.4788765167129038,two_sided_clopper_pearson_0.95,false,7d6e05fbbf3cd9f864b265ffa6122b0ea4fd88757752dbc00ba634762d91b76b
libcxx,LEGACY,float,0.55,0.050000011920928955,seed,7002,target_upper_tail_q,3,0.0001,0.001,924,0,a three-vector reached the caller,0.0,0.0,0.003236884452459954,one_sided_upper_0.95,true,7d6e05fbbf3cd9f864b265ffa6122b0ea4fd88757752dbc00ba634762d91b76b
libcxx,LEGACY,float,0.55,0.050000011920928955,seed,7002,target_upper_tail_q,4,1e-05,0.0001,91,0,a three-vector reached the caller,0.0,0.0,0.03238416473643446,one_sided_upper_0.95,true,7d6e05fbbf3cd9f864b265ffa6122b0ea4fd88757752dbc00ba634762d91b76b
libcxx,LEGACY,float,0.55,0.050000011920928955,seed,7002,target_upper_tail_q,5,1e-06,1e-05,7,0,a three-vector reached the caller,0.0,0.0,0.34816365513116077,one_sided_upper_0.95,true,7d6e05fbbf3cd9f864b265ffa6122b0ea4fd88757752dbc00ba634762d91b76b
libcxx,LEGACY,float,0.55,0.050000011920928955,seed,7002,target_upper_tail_q,6,1e-08,1e-06,2,0,a three-vector reached the caller,0.0,0.0,0.776393202250021,one_sided_upper_0.95,true,7d6e05fbbf3cd9f864b265ffa6122b0ea4fd88757752dbc00ba634762d91b76b
libcxx,CANDIDATE,float,0.55,0.050000011920928955,seed,7002,target_upper_tail_q,0,0.1,1.0,899462,899462,a three-vector reached the caller,1.0,0.9999958988018508,1.0,two_sided_clopper_pearson_0.95,false,7d6e05fbbf3cd9f864b265ffa6122b0ea4fd88757752dbc00ba634762d91b76b
libcxx,CANDIDATE,float,0.55,0.050000011920928955,seed,7002,target_upper_tail_q,1,0.01,0.1,90475,90475,a three-vector reached the caller,1.0,0.9999592284691575,1.0,two_sided_clopper_pearson_0.95,false,7d6e05fbbf3cd9f864b265ffa6122b0ea4fd88757752dbc00ba634762d91b76b
libcxx,CANDIDATE,float,0.55,0.050000011920928955,seed,7002,target_upper_tail_q,2,0.001,0.01,9039,9039,a three-vector reached the caller,1.0,0.999591976233247,1.0,two_sided_clopper_pearson_0.95,false,7d6e05fbbf3cd9f864b265ffa6122b0ea4fd88757752dbc00ba634762d91b76b
libcxx,CANDIDATE,float,0.55,0.050000011920928955,seed,7002,target_upper_tail_q,3,0.0001,0.001,924,880,a three-vector reached the caller,0.9523809523809523,0.9365980742052887,0.9651899668131191,two_sided_clopper_pearson_0.95,false,7d6e05fbbf3cd9f864b265ffa6122b0ea4fd88757752dbc00ba634762d91b76b
libcxx,CANDIDATE,float,0.55,0.050000011920928955,seed,7002,target_upper_tail_q,4,1e-05,0.0001,91,0,a three-vector reached the caller,0.0,0.0,0.03238416473643446,one_sided_upper_0.95,true,7d6e05fbbf3cd9f864b265ffa6122b0ea4fd88757752dbc00ba634762d91b76b
libcxx,CANDIDATE,float,0.55,0.050000011920928955,seed,7002,target_upper_tail_q,5,1e-06,1e-05,7,0,a three-vector reached the caller,0.0,0.0,0.34816365513116077,one_sided_upper_0.95,true,7d6e05fbbf3cd9f864b265ffa6122b0ea4fd88757752dbc00ba634762d91b76b
libcxx,CANDIDATE,float,0.55,0.050000011920928955,seed,7002,target_upper_tail_q,6,1e-08,1e-06,2,0,a three-vector reached the caller,0.0,0.0,0.776393202250021,one_sided_upper_0.95,true,7d6e05fbbf3cd9f864b265ffa6122b0ea4fd88757752dbc00ba634762d91b76b
libcxx,QF,float,0.55,0.050000011920928955,seed,7002,target_upper_tail_q,0,0.1,1.0,899462,899462,a three-vector reached the caller,1.0,0.9999958988018508,1.0,two_sided_clopper_pearson_0.95,false,7d6e05fbbf3cd9f864b265ffa6122b0ea4fd88757752dbc00ba634762d91b76b
libcxx,QF,float,0.55,0.050000011920928955,seed,7002,target_upper_tail_q,1,0.01,0.1,90475,88220,a three-vector reached the caller,0.9750759878419453,0.9740392917739652,0.9760820701099001,two_sided_clopper_pearson_0.95,false,7d6e05fbbf3cd9f864b265ffa6122b0ea4fd88757752dbc00ba634762d91b76b
libcxx,QF,float,0.55,0.050000011920928955,seed,7002,target_upper_tail_q,2,0.001,0.01,9039,0,a three-vector reached the caller,0.0,0.0,0.00033136806075229064,one_sided_upper_0.95,true,7d6e05fbbf3cd9f864b265ffa6122b0ea4fd88757752dbc00ba634762d91b76b
libcxx,QF,float,0.55,0.050000011920928955,seed,7002,target_upper_tail_q,3,0.0001,0.001,924,0,a three-vector reached the caller,0.0,0.0,0.003236884452459954,one_sided_upper_0.95,true,7d6e05fbbf3cd9f864b265ffa6122b0ea4fd88757752dbc00ba634762d91b76b
libcxx,QF,float,0.55,0.050000011920928955,seed,7002,target_upper_tail_q,4,1e-05,0.0001,91,0,a three-vector reached the caller,0.0,0.0,0.03238416473643446,one_sided_upper_0.95,true,7d6e05fbbf3cd9f864b265ffa6122b0ea4fd88757752dbc00ba634762d91b76b
libcxx,QF,float,0.55,0.050000011920928955,seed,7002,target_upper_tail_q,5,1e-06,1e-05,7,0,a three-vector reached the caller,0.0,0.0,0.34816365513116077,one_sided_upper_0.95,true,7d6e05fbbf3cd9f864b265ffa6122b0ea4fd88757752dbc00ba634762d91b76b
libcxx,QF,float,0.55,0.050000011920928955,seed,7002,target_upper_tail_q,6,1e-08,1e-06,2,0,a three-vector reached the caller,0.0,0.0,0.776393202250021,one_sided_upper_0.95,true,7d6e05fbbf3cd9f864b265ffa6122b0ea4fd88757752dbc00ba634762d91b76b
libcxx,LEGACY,float,0.55,0.050000011920928955,seed,7003,target_upper_tail_q,0,0.1,1.0,899759,899759,a three-vector reached the caller,1.0,0.9999959001556059,1.0,two_sided_clopper_pearson_0.95,false,7d6e05fbbf3cd9f864b265ffa6122b0ea4fd88757752dbc00ba634762d91b76b
libcxx,LEGACY,float,0.55,0.050000011920928955,seed,7003,target_upper_tail_q,1,0.01,0.1,90141,90141,a three-vector reached the caller,1.0,0.9999590774012455,1.0,two_sided_clopper_pearson_0.95,false,7d6e05fbbf3cd9f864b265ffa6122b0ea4fd88757752dbc00ba634762d91b76b
libcxx,LEGACY,float,0.55,0.050000011920928955,seed,7003,target_upper_tail_q,2,0.001,0.01,9127,4398,a three-vector reached the caller,0.48186698805741207,0.47156832285110784,0.49217723326634416,two_sided_clopper_pearson_0.95,false,7d6e05fbbf3cd9f864b265ffa6122b0ea4fd88757752dbc00ba634762d91b76b
libcxx,LEGACY,float,0.55,0.050000011920928955,seed,7003,target_upper_tail_q,3,0.0001,0.001,856,0,a three-vector reached the caller,0.0,0.0,0.0034935704677591106,one_sided_upper_0.95,true,7d6e05fbbf3cd9f864b265ffa6122b0ea4fd88757752dbc00ba634762d91b76b
libcxx,LEGACY,float,0.55,0.050000011920928955,seed,7003,target_upper_tail_q,4,1e-05,0.0001,108,0,a three-vector reached the caller,0.0,0.0,0.027357088699751175,one_sided_upper_0.95,true,7d6e05fbbf3cd9f864b265ffa6122b0ea4fd88757752dbc00ba634762d91b76b
libcxx,LEGACY,float,0.55,0.050000011920928955,seed,7003,target_upper_tail_q,5,1e-06,1e-05,8,0,a three-vector reached the caller,0.0,0.0,0.3123439780663678,one_sided_upper_0.95,true,7d6e05fbbf3cd9f864b265ffa6122b0ea4fd88757752dbc00ba634762d91b76b
libcxx,LEGACY,float,0.55,0.050000011920928955,seed,7003,target_upper_tail_q,6,1e-08,1e-06,1,0,a three-vector reached the caller,0.0,0.0,0.95,one_sided_upper_0.95,true,7d6e05fbbf3cd9f864b265ffa6122b0ea4fd88757752dbc00ba634762d91b76b
libcxx,CANDIDATE,float,0.55,0.050000011920928955,seed,7003,target_upper_tail_q,0,0.1,1.0,899759,899759,a three-vector reached the caller,1.0,0.9999959001556059,1.0,two_sided_clopper_pearson_0.95,false,7d6e05fbbf3cd9f864b265ffa6122b0ea4fd88757752dbc00ba634762d91b76b
libcxx,CANDIDATE,float,0.55,0.050000011920928955,seed,7003,target_upper_tail_q,1,0.01,0.1,90141,90141,a three-vector reached the caller,1.0,0.9999590774012455,1.0,two_sided_clopper_pearson_0.95,false,7d6e05fbbf3cd9f864b265ffa6122b0ea4fd88757752dbc00ba634762d91b76b
libcxx,CANDIDATE,float,0.55,0.050000011920928955,seed,7003,target_upper_tail_q,2,0.001,0.01,9127,9127,a three-vector reached the caller,1.0,0.9995959094901591,1.0,two_sided_clopper_pearson_0.95,false,7d6e05fbbf3cd9f864b265ffa6122b0ea4fd88757752dbc00ba634762d91b76b
libcxx,CANDIDATE,float,0.55,0.050000011920928955,seed,7003,target_upper_tail_q,3,0.0001,0.001,856,828,a three-vector reached the caller,0.9672897196261683,0.9530698437084166,0.9781564052478255,two_sided_clopper_pearson_0.95,false,7d6e05fbbf3cd9f864b265ffa6122b0ea4fd88757752dbc00ba634762d91b76b
libcxx,CANDIDATE,float,0.55,0.050000011920928955,seed,7003,target_upper_tail_q,4,1e-05,0.0001,108,0,a three-vector reached the caller,0.0,0.0,0.027357088699751175,one_sided_upper_0.95,true,7d6e05fbbf3cd9f864b265ffa6122b0ea4fd88757752dbc00ba634762d91b76b
libcxx,CANDIDATE,float,0.55,0.050000011920928955,seed,7003,target_upper_tail_q,5,1e-06,1e-05,8,0,a three-vector reached the caller,0.0,0.0,0.3123439780663678,one_sided_upper_0.95,true,7d6e05fbbf3cd9f864b265ffa6122b0ea4fd88757752dbc00ba634762d91b76b
libcxx,CANDIDATE,float,0.55,0.050000011920928955,seed,7003,target_upper_tail_q,6,1e-08,1e-06,1,0,a three-vector reached the caller,0.0,0.0,0.95,one_sided_upper_0.95,true,7d6e05fbbf3cd9f864b265ffa6122b0ea4fd88757752dbc00ba634762d91b76b
libcxx,QF,float,0.55,0.050000011920928955,seed,7003,target_upper_tail_q,0,0.1,1.0,899759,899759,a three-vector reached the caller,1.0,0.9999959001556059,1.0,two_sided_clopper_pearson_0.95,false,7d6e05fbbf3cd9f864b265ffa6122b0ea4fd88757752dbc00ba634762d91b76b
libcxx,QF,float,0.55,0.050000011920928955,seed,7003,target_upper_tail_q,1,0.01,0.1,90141,88009,a three-vector reached the caller,0.9763481656515903,0.9753351314458933,0.9773303842471401,two_sided_clopper_pearson_0.95,false,7d6e05fbbf3cd9f864b265ffa6122b0ea4fd88757752dbc00ba634762d91b76b
libcxx,QF,float,0.55,0.050000011920928955,seed,7003,target_upper_tail_q,2,0.001,0.01,9127,0,a three-vector reached the caller,0.0,0.0,0.00032817362621906376,one_sided_upper_0.95,true,7d6e05fbbf3cd9f864b265ffa6122b0ea4fd88757752dbc00ba634762d91b76b
libcxx,QF,float,0.55,0.050000011920928955,seed,7003,target_upper_tail_q,3,0.0001,0.001,856,0,a three-vector reached the caller,0.0,0.0,0.0034935704677591106,one_sided_upper_0.95,true,7d6e05fbbf3cd9f864b265ffa6122b0ea4fd88757752dbc00ba634762d91b76b
libcxx,QF,float,0.55,0.050000011920928955,seed,7003,target_upper_tail_q,4,1e-05,0.0001,108,0,a three-vector reached the caller,0.0,0.0,0.027357088699751175,one_sided_upper_0.95,true,7d6e05fbbf3cd9f864b265ffa6122b0ea4fd88757752dbc00ba634762d91b76b
libcxx,QF,float,0.55,0.050000011920928955,seed,7003,target_upper_tail_q,5,1e-06,1e-05,8,0,a three-vector reached the caller,0.0,0.0,0.3123439780663678,one_sided_upper_0.95,true,7d6e05fbbf3cd9f864b265ffa6122b0ea4fd88757752dbc00ba634762d91b76b
libcxx,QF,float,0.55,0.050000011920928955,seed,7003,target_upper_tail_q,6,1e-08,1e-06,1,0,a three-vector reached the caller,0.0,0.0,0.95,one_sided_upper_0.95,true,7d6e05fbbf3cd9f864b265ffa6122b0ea4fd88757752dbc00ba634762d91b76b
libcxx,LEGACY,float,0.55,0.050000011920928955,seed,7004,target_upper_tail_q,0,0.1,1.0,900100,900100,a three-vector reached the caller,1.0,0.9999959017088156,1.0,two_sided_clopper_pearson_0.95,false,7d6e05fbbf3cd9f864b265ffa6122b0ea4fd88757752dbc00ba634762d91b76b
libcxx,LEGACY,float,0.55,0.050000011920928955,seed,7004,target_upper_tail_q,1,0.01,0.1,89938,89938,a three-vector reached the caller,1.0,0.9999589850363143,1.0,two_sided_clopper_pearson_0.95,false,7d6e05fbbf3cd9f864b265ffa6122b0ea4fd88757752dbc00ba634762d91b76b
libcxx,LEGACY,float,0.55,0.050000011920928955,seed,7004,target_upper_tail_q,2,0.001,0.01,8979,4314,a three-vector reached the caller,0.4804543935850317,0.4700723771161905,0.49084909860677745,two_sided_clopper_pearson_0.95,false,7d6e05fbbf3cd9f864b265ffa6122b0ea4fd88757752dbc00ba634762d91b76b
libcxx,LEGACY,float,0.55,0.050000011920928955,seed,7004,target_upper_tail_q,3,0.0001,0.001,865,0,a three-vector reached the caller,0.0,0.0,0.0034572840874823596,one_sided_upper_0.95,true,7d6e05fbbf3cd9f864b265ffa6122b0ea4fd88757752dbc00ba634762d91b76b
libcxx,LEGACY,float,0.55,0.050000011920928955,seed,7004,target_upper_tail_q,4,1e-05,0.0001,104,0,a three-vector reached the caller,0.0,0.0,0.028394205516576565,one_sided_upper_0.95,true,7d6e05fbbf3cd9f864b265ffa6122b0ea4fd88757752dbc00ba634762d91b76b
libcxx,LEGACY,float,0.55,0.050000011920928955,seed,7004,target_upper_tail_q,5,1e-06,1e-05,12,0,a three-vector reached the caller,0.0,0.0,0.22092219194555585,one_sided_upper_0.95,true,7d6e05fbbf3cd9f864b265ffa6122b0ea4fd88757752dbc00ba634762d91b76b
libcxx,LEGACY,float,0.55,0.050000011920928955,seed,7004,target_upper_tail_q,6,1e-08,1e-06,2,0,a three-vector reached the caller,0.0,0.0,0.776393202250021,one_sided_upper_0.95,true,7d6e05fbbf3cd9f864b265ffa6122b0ea4fd88757752dbc00ba634762d91b76b
libcxx,CANDIDATE,float,0.55,0.050000011920928955,seed,7004,target_upper_tail_q,0,0.1,1.0,900100,900100,a three-vector reached the caller,1.0,0.9999959017088156,1.0,two_sided_clopper_pearson_0.95,false,7d6e05fbbf3cd9f864b265ffa6122b0ea4fd88757752dbc00ba634762d91b76b
libcxx,CANDIDATE,float,0.55,0.050000011920928955,seed,7004,target_upper_tail_q,1,0.01,0.1,89938,89938,a three-vector reached the caller,1.0,0.9999589850363143,1.0,two_sided_clopper_pearson_0.95,false,7d6e05fbbf3cd9f864b265ffa6122b0ea4fd88757752dbc00ba634762d91b76b
libcxx,CANDIDATE,float,0.55,0.050000011920928955,seed,7004,target_upper_tail_q,2,0.001,0.01,8979,8979,a three-vector reached the caller,1.0,0.9995892502729564,1.0,two_sided_clopper_pearson_0.95,false,7d6e05fbbf3cd9f864b265ffa6122b0ea4fd88757752dbc00ba634762d91b76b
libcxx,CANDIDATE,float,0.55,0.050000011920928955,seed,7004,target_upper_tail_q,3,0.0001,0.001,865,824,a three-vector reached the caller,0.9526011560693641,0.9362447426846856,0.9657743097258881,two_sided_clopper_pearson_0.95,false,7d6e05fbbf3cd9f864b265ffa6122b0ea4fd88757752dbc00ba634762d91b76b
libcxx,CANDIDATE,float,0.55,0.050000011920928955,seed,7004,target_upper_tail_q,4,1e-05,0.0001,104,0,a three-vector reached the caller,0.0,0.0,0.028394205516576565,one_sided_upper_0.95,true,7d6e05fbbf3cd9f864b265ffa6122b0ea4fd88757752dbc00ba634762d91b76b
libcxx,CANDIDATE,float,0.55,0.050000011920928955,seed,7004,target_upper_tail_q,5,1e-06,1e-05,12,0,a three-vector reached the caller,0.0,0.0,0.22092219194555585,one_sided_upper_0.95,true,7d6e05fbbf3cd9f864b265ffa6122b0ea4fd88757752dbc00ba634762d91b76b
libcxx,CANDIDATE,float,0.55,0.050000011920928955,seed,7004,target_upper_tail_q,6,1e-08,1e-06,2,0,a three-vector reached the caller,0.0,0.0,0.776393202250021,one_sided_upper_0.95,true,7d6e05fbbf3cd9f864b265ffa6122b0ea4fd88757752dbc00ba634762d91b76b
libcxx,QF,float,0.55,0.050000011920928955,seed,7004,target_upper_tail_q,0,0.1,1.0,900100,900100,a three-vector reached the caller,1.0,0.9999959017088156,1.0,two_sided_clopper_pearson_0.95,false,7d6e05fbbf3cd9f864b265ffa6122b0ea4fd88757752dbc00ba634762d91b76b
libcxx,QF,float,0.55,0.050000011920928955,seed,7004,target_upper_tail_q,1,0.01,0.1,89938,87725,a three-vector reached the caller,0.9753941604216237,0.9743606582963129,0.97639684329856,two_sided_clopper_pearson_0.95,false,7d6e05fbbf3cd9f864b265ffa6122b0ea4fd88757752dbc00ba634762d91b76b
libcxx,QF,float,0.55,0.050000011920928955,seed,7004,target_upper_tail_q,2,0.001,0.01,8979,0,a three-vector reached the caller,0.0,0.0,0.00033358197846311555,one_sided_upper_0.95,true,7d6e05fbbf3cd9f864b265ffa6122b0ea4fd88757752dbc00ba634762d91b76b
libcxx,QF,float,0.55,0.050000011920928955,seed,7004,target_upper_tail_q,3,0.0001,0.001,865,0,a three-vector reached the caller,0.0,0.0,0.0034572840874823596,one_sided_upper_0.95,true,7d6e05fbbf3cd9f864b265ffa6122b0ea4fd88757752dbc00ba634762d91b76b
libcxx,QF,float,0.55,0.050000011920928955,seed,7004,target_upper_tail_q,4,1e-05,0.0001,104,0,a three-vector reached the caller,0.0,0.0,0.028394205516576565,one_sided_upper_0.95,true,7d6e05fbbf3cd9f864b265ffa6122b0ea4fd88757752dbc00ba634762d91b76b
libcxx,QF,float,0.55,0.050000011920928955,seed,7004,target_upper_tail_q,5,1e-06,1e-05,12,0,a three-vector reached the caller,0.0,0.0,0.22092219194555585,one_sided_upper_0.95,true,7d6e05fbbf3cd9f864b265ffa6122b0ea4fd88757752dbc00ba634762d91b76b
libcxx,QF,float,0.55,0.050000011920928955,seed,7004,target_upper_tail_q,6,1e-08,1e-06,2,0,a three-vector reached the caller,0.0,0.0,0.776393202250021,one_sided_upper_0.95,true,7d6e05fbbf3cd9f864b265ffa6122b0ea4fd88757752dbc00ba634762d91b76b
libcxx,LEGACY,float,0.55,0.050000011920928955,seed,7005,target_upper_tail_q,0,0.1,1.0,900247,900247,a three-vector reached the caller,1.0,0.9999959023780182,1.0,two_sided_clopper_pearson_0.95,false,7d6e05fbbf3cd9f864b265ffa6122b0ea4fd88757752dbc00ba634762d91b76b
libcxx,LEGACY,float,0.55,0.050000011920928955,seed,7005,target_upper_tail_q,1,0.01,0.1,89821,89821,a three-vector reached the caller,1.0,0.9999589316117007,1.0,two_sided_clopper_pearson_0.95,false,7d6e05fbbf3cd9f864b265ffa6122b0ea4fd88757752dbc00ba634762d91b76b
libcxx,LEGACY,float,0.55,0.050000011920928955,seed,7005,target_upper_tail_q,2,0.001,0.01,8968,4299,a three-vector reached the caller,0.47937109723461196,0.4689839402856316,0.48977166247710086,two_sided_clopper_pearson_0.95,false,7d6e05fbbf3cd9f864b265ffa6122b0ea4fd88757752dbc00ba634762d91b76b
libcxx,LEGACY,float,0.55,0.050000011920928955,seed,7005,target_upper_tail_q,3,0.0001,0.001,879,0,a three-vector reached the caller,0.0,0.0,0.003402313048133321,one_sided_upper_0.95,true,7d6e05fbbf3cd9f864b265ffa6122b0ea4fd88757752dbc00ba634762d91b76b
libcxx,LEGACY,float,0.55,0.050000011920928955,seed,7005,target_upper_tail_q,4,1e-05,0.0001,76,0,a three-vector reached the caller,0.0,0.0,0.03865076672572554,one_sided_upper_0.95,true,7d6e05fbbf3cd9f864b265ffa6122b0ea4fd88757752dbc00ba634762d91b76b
libcxx,LEGACY,float,0.55,0.050000011920928955,seed,7005,target_upper_tail_q,5,1e-06,1e-05,8,0,a three-vector reached the caller,0.0,0.0,0.3123439780663678,one_sided_upper_0.95,true,7d6e05fbbf3cd9f864b265ffa6122b0ea4fd88757752dbc00ba634762d91b76b
libcxx,LEGACY,float,0.55,0.050000011920928955,seed,7005,target_upper_tail_q,6,1e-08,1e-06,1,0,a three-vector reached the caller,0.0,0.0,0.95,one_sided_upper_0.95,true,7d6e05fbbf3cd9f864b265ffa6122b0ea4fd88757752dbc00ba634762d91b76b
libcxx,CANDIDATE,float,0.55,0.050000011920928955,seed,7005,target_upper_tail_q,0,0.1,1.0,900247,900247,a three-vector reached the caller,1.0,0.9999959023780182,1.0,two_sided_clopper_pearson_0.95,false,7d6e05fbbf3cd9f864b265ffa6122b0ea4fd88757752dbc00ba634762d91b76b
libcxx,CANDIDATE,float,0.55,0.050000011920928955,seed,7005,target_upper_tail_q,1,0.01,0.1,89821,89821,a three-vector reached the caller,1.0,0.9999589316117007,1.0,two_sided_clopper_pearson_0.95,false,7d6e05fbbf3cd9f864b265ffa6122b0ea4fd88757752dbc00ba634762d91b76b
libcxx,CANDIDATE,float,0.55,0.050000011920928955,seed,7005,target_upper_tail_q,2,0.001,0.01,8968,8968,a three-vector reached the caller,1.0,0.9995887465577693,1.0,two_sided_clopper_pearson_0.95,false,7d6e05fbbf3cd9f864b265ffa6122b0ea4fd88757752dbc00ba634762d91b76b
libcxx,CANDIDATE,float,0.55,0.050000011920928955,seed,7005,target_upper_tail_q,3,0.0001,0.001,879,849,a three-vector reached the caller,0.9658703071672355,0.9516344078563873,0.9768566834527947,two_sided_clopper_pearson_0.95,false,7d6e05fbbf3cd9f864b265ffa6122b0ea4fd88757752dbc00ba634762d91b76b
libcxx,CANDIDATE,float,0.55,0.050000011920928955,seed,7005,target_upper_tail_q,4,1e-05,0.0001,76,0,a three-vector reached the caller,0.0,0.0,0.03865076672572554,one_sided_upper_0.95,true,7d6e05fbbf3cd9f864b265ffa6122b0ea4fd88757752dbc00ba634762d91b76b
libcxx,CANDIDATE,float,0.55,0.050000011920928955,seed,7005,target_upper_tail_q,5,1e-06,1e-05,8,0,a three-vector reached the caller,0.0,0.0,0.3123439780663678,one_sided_upper_0.95,true,7d6e05fbbf3cd9f864b265ffa6122b0ea4fd88757752dbc00ba634762d91b76b
libcxx,CANDIDATE,float,0.55,0.050000011920928955,seed,7005,target_upper_tail_q,6,1e-08,1e-06,1,0,a three-vector reached the caller,0.0,0.0,0.95,one_sided_upper_0.95,true,7d6e05fbbf3cd9f864b265ffa6122b0ea4fd88757752dbc00ba634762d91b76b
libcxx,QF,float,0.55,0.050000011920928955,seed,7005,target_upper_tail_q,0,0.1,1.0,900247,900247,a three-vector reached the caller,1.0,0.9999959023780182,1.0,two_sided_clopper_pearson_0.95,false,7d6e05fbbf3cd9f864b265ffa6122b0ea4fd88757752dbc00ba634762d91b76b
libcxx,QF,float,0.55,0.050000011920928955,seed,7005,target_upper_tail_q,1,0.01,0.1,89821,87696,a three-vector reached the caller,0.9763418354282406,0.9753268309998583,0.9773259145009515,two_sided_clopper_pearson_0.95,false,7d6e05fbbf3cd9f864b265ffa6122b0ea4fd88757752dbc00ba634762d91b76b
libcxx,QF,float,0.55,0.050000011920928955,seed,7005,target_upper_tail_q,2,0.001,0.01,8968,0,a three-vector reached the caller,0.0,0.0,0.00033399107624643154,one_sided_upper_0.95,true,7d6e05fbbf3cd9f864b265ffa6122b0ea4fd88757752dbc00ba634762d91b76b
libcxx,QF,float,0.55,0.050000011920928955,seed,7005,target_upper_tail_q,3,0.0001,0.001,879,0,a three-vector reached the caller,0.0,0.0,0.003402313048133321,one_sided_upper_0.95,true,7d6e05fbbf3cd9f864b265ffa6122b0ea4fd88757752dbc00ba634762d91b76b
libcxx,QF,float,0.55,0.050000011920928955,seed,7005,target_upper_tail_q,4,1e-05,0.0001,76,0,a three-vector reached the caller,0.0,0.0,0.03865076672572554,one_sided_upper_0.95,true,7d6e05fbbf3cd9f864b265ffa6122b0ea4fd88757752dbc00ba634762d91b76b
libcxx,QF,float,0.55,0.050000011920928955,seed,7005,target_upper_tail_q,5,1e-06,1e-05,8,0,a three-vector reached the caller,0.0,0.0,0.3123439780663678,one_sided_upper_0.95,true,7d6e05fbbf3cd9f864b265ffa6122b0ea4fd88757752dbc00ba634762d91b76b
libcxx,QF,float,0.55,0.050000011920928955,seed,7005,target_upper_tail_q,6,1e-08,1e-06,1,0,a three-vector reached the caller,0.0,0.0,0.95,one_sided_upper_0.95,true,7d6e05fbbf3cd9f864b265ffa6122b0ea4fd88757752dbc00ba634762d91b76b
libcxx,LEGACY,float,0.6,0.10000002384185791,seed,7001,target_upper_tail_q,0,0.1,1.0,900039,900039,a three-vector reached the caller,1.0,0.9999959014310552,1.0,two_sided_clopper_pearson_0.95,false,7d6e05fbbf3cd9f864b265ffa6122b0ea4fd88757752dbc00ba634762d91b76b
libcxx,LEGACY,float,0.6,0.10000002384185791,seed,7001,target_upper_tail_q,1,0.01,0.1,89866,89866,a three-vector reached the caller,1.0,0.9999589521760915,1.0,two_sided_clopper_pearson_0.95,false,7d6e05fbbf3cd9f864b265ffa6122b0ea4fd88757752dbc00ba634762d91b76b
libcxx,LEGACY,float,0.6,0.10000002384185791,seed,7001,target_upper_tail_q,2,0.001,0.01,9067,9067,a three-vector reached the caller,1.0,0.9995932360040182,1.0,two_sided_clopper_pearson_0.95,false,7d6e05fbbf3cd9f864b265ffa6122b0ea4fd88757752dbc00ba634762d91b76b
libcxx,LEGACY,float,0.6,0.10000002384185791,seed,7001,target_upper_tail_q,3,0.0001,0.001,921,921,a three-vector reached the caller,1.0,0.9960027125118448,1.0,two_sided_clopper_pearson_0.95,false,7d6e05fbbf3cd9f864b265ffa6122b0ea4fd88757752dbc00ba634762d91b76b
libcxx,LEGACY,float,0.6,0.10000002384185791,seed,7001,target_upper_tail_q,4,1e-05,0.0001,95,70,a three-vector reached the caller,0.7368421052631579,0.6364929128160421,0.8219042752141079,two_sided_clopper_pearson_0.95,false,7d6e05fbbf3cd9f864b265ffa6122b0ea4fd88757752dbc00ba634762d91b76b
libcxx,LEGACY,float,0.6,0.10000002384185791,seed,7001,target_upper_tail_q,5,1e-06,1e-05,11,0,a three-vector reached the caller,0.0,0.0,0.2384041903808526,one_sided_upper_0.95,true,7d6e05fbbf3cd9f864b265ffa6122b0ea4fd88757752dbc00ba634762d91b76b
libcxx,LEGACY,float,0.6,0.10000002384185791,seed,7001,target_upper_tail_q,6,1e-08,1e-06,1,0,a three-vector reached the caller,0.0,0.0,0.95,one_sided_upper_0.95,true,7d6e05fbbf3cd9f864b265ffa6122b0ea4fd88757752dbc00ba634762d91b76b
libcxx,CANDIDATE,float,0.6,0.10000002384185791,seed,7001,target_upper_tail_q,0,0.1,1.0,900039,900039,a three-vector reached the caller,1.0,0.9999959014310552,1.0,two_sided_clopper_pearson_0.95,false,7d6e05fbbf3cd9f864b265ffa6122b0ea4fd88757752dbc00ba634762d91b76b
libcxx,CANDIDATE,float,0.6,0.10000002384185791,seed,7001,target_upper_tail_q,1,0.01,0.1,89866,89866,a three-vector reached the caller,1.0,0.9999589521760915,1.0,two_sided_clopper_pearson_0.95,false,7d6e05fbbf3cd9f864b265ffa6122b0ea4fd88757752dbc00ba634762d91b76b
libcxx,CANDIDATE,float,0.6,0.10000002384185791,seed,7001,target_upper_tail_q,2,0.001,0.01,9067,9067,a three-vector reached the caller,1.0,0.9995932360040182,1.0,two_sided_clopper_pearson_0.95,false,7d6e05fbbf3cd9f864b265ffa6122b0ea4fd88757752dbc00ba634762d91b76b
libcxx,CANDIDATE,float,0.6,0.10000002384185791,seed,7001,target_upper_tail_q,3,0.0001,0.001,921,921,a three-vector reached the caller,1.0,0.9960027125118448,1.0,two_sided_clopper_pearson_0.95,false,7d6e05fbbf3cd9f864b265ffa6122b0ea4fd88757752dbc00ba634762d91b76b
libcxx,CANDIDATE,float,0.6,0.10000002384185791,seed,7001,target_upper_tail_q,4,1e-05,0.0001,95,95,a three-vector reached the caller,1.0,0.9619139224299894,1.0,two_sided_clopper_pearson_0.95,false,7d6e05fbbf3cd9f864b265ffa6122b0ea4fd88757752dbc00ba634762d91b76b
libcxx,CANDIDATE,float,0.6,0.10000002384185791,seed,7001,target_upper_tail_q,5,1e-06,1e-05,11,11,a three-vector reached the caller,1.0,0.7150858470818456,1.0,two_sided_clopper_pearson_0.95,false,7d6e05fbbf3cd9f864b265ffa6122b0ea4fd88757752dbc00ba634762d91b76b
libcxx,CANDIDATE,float,0.6,0.10000002384185791,seed,7001,target_upper_tail_q,6,1e-08,1e-06,1,1,a three-vector reached the caller,1.0,0.025000000000000022,1.0,two_sided_clopper_pearson_0.95,false,7d6e05fbbf3cd9f864b265ffa6122b0ea4fd88757752dbc00ba634762d91b76b
libcxx,QF,float,0.6,0.10000002384185791,seed,7001,target_upper_tail_q,0,0.1,1.0,900039,900039,a three-vector reached the caller,1.0,0.9999959014310552,1.0,two_sided_clopper_pearson_0.95,false,7d6e05fbbf3cd9f864b265ffa6122b0ea4fd88757752dbc00ba634762d91b76b
libcxx,QF,float,0.6,0.10000002384185791,seed,7001,target_upper_tail_q,1,0.01,0.1,89866,89866,a three-vector reached the caller,1.0,0.9999589521760915,1.0,two_sided_clopper_pearson_0.95,false,7d6e05fbbf3cd9f864b265ffa6122b0ea4fd88757752dbc00ba634762d91b76b
libcxx,QF,float,0.6,0.10000002384185791,seed,7001,target_upper_tail_q,2,0.001,0.01,9067,9067,a three-vector reached the caller,1.0,0.9995932360040182,1.0,two_sided_clopper_pearson_0.95,false,7d6e05fbbf3cd9f864b265ffa6122b0ea4fd88757752dbc00ba634762d91b76b
libcxx,QF,float,0.6,0.10000002384185791,seed,7001,target_upper_tail_q,3,0.0001,0.001,921,879,a three-vector reached the caller,0.9543973941368078,0.9388556723800744,0.966939119108921,two_sided_clopper_pearson_0.95,false,7d6e05fbbf3cd9f864b265ffa6122b0ea4fd88757752dbc00ba634762d91b76b
libcxx,QF,float,0.6,0.10000002384185791,seed,7001,target_upper_tail_q,4,1e-05,0.0001,95,0,a three-vector reached the caller,0.0,0.0,0.031042011867954855,one_sided_upper_0.95,true,7d6e05fbbf3cd9f864b265ffa6122b0ea4fd88757752dbc00ba634762d91b76b
libcxx,QF,float,0.6,0.10000002384185791,seed,7001,target_upper_tail_q,5,1e-06,1e-05,11,0,a three-vector reached the caller,0.0,0.0,0.2384041903808526,one_sided_upper_0.95,true,7d6e05fbbf3cd9f864b265ffa6122b0ea4fd88757752dbc00ba634762d91b76b
libcxx,QF,float,0.6,0.10000002384185791,seed,7001,target_upper_tail_q,6,1e-08,1e-06,1,0,a three-vector reached the caller,0.0,0.0,0.95,one_sided_upper_0.95,true,7d6e05fbbf3cd9f864b265ffa6122b0ea4fd88757752dbc00ba634762d91b76b
libcxx,LEGACY,float,0.6,0.10000002384185791,seed,7002,target_upper_tail_q,0,0.1,1.0,899719,899719,a three-vector reached the caller,1.0,0.999995899973334,1.0,two_sided_clopper_pearson_0.95,false,7d6e05fbbf3cd9f864b265ffa6122b0ea4fd88757752dbc00ba634762d91b76b
libcxx,LEGACY,float,0.6,0.10000002384185791,seed,7002,target_upper_tail_q,1,0.01,0.1,90181,90181,a three-vector reached the caller,1.0,0.9999590955521915,1.0,two_sided_clopper_pearson_0.95,false,7d6e05fbbf3cd9f864b265ffa6122b0ea4fd88757752dbc00ba634762d91b76b
libcxx,LEGACY,float,0.6,0.10000002384185791,seed,7002,target_upper_tail_q,2,0.001,0.01,9061,9061,a three-vector reached the caller,1.0,0.9995929667084428,1.0,two_sided_clopper_pearson_0.95,false,7d6e05fbbf3cd9f864b265ffa6122b0ea4fd88757752dbc00ba634762d91b76b
libcxx,LEGACY,float,0.6,0.10000002384185791,seed,7002,target_upper_tail_q,3,0.0001,0.001,947,947,a three-vector reached the caller,1.0,0.9961122449115257,1.0,two_sided_clopper_pearson_0.95,false,7d6e05fbbf3cd9f864b265ffa6122b0ea4fd88757752dbc00ba634762d91b76b
libcxx,LEGACY,float,0.6,0.10000002384185791,seed,7002,target_upper_tail_q,4,1e-05,0.0001,83,61,a three-vector reached the caller,0.7349397590361446,0.6266387581580777,0.8258453625660317,two_sided_clopper_pearson_0.95,false,7d6e05fbbf3cd9f864b265ffa6122b0ea4fd88757752dbc00ba634762d91b76b
libcxx,LEGACY,float,0.6,0.10000002384185791,seed,7002,target_upper_tail_q,5,1e-06,1e-05,7,0,a three-vector reached the caller,0.0,0.0,0.34816365513116077,one_sided_upper_0.95,true,7d6e05fbbf3cd9f864b265ffa6122b0ea4fd88757752dbc00ba634762d91b76b
libcxx,LEGACY,float,0.6,0.10000002384185791,seed,7002,target_upper_tail_q,6,1e-08,1e-06,2,0,a three-vector reached the caller,0.0,0.0,0.776393202250021,one_sided_upper_0.95,true,7d6e05fbbf3cd9f864b265ffa6122b0ea4fd88757752dbc00ba634762d91b76b
libcxx,CANDIDATE,float,0.6,0.10000002384185791,seed,7002,target_upper_tail_q,0,0.1,1.0,899719,899719,a three-vector reached the caller,1.0,0.999995899973334,1.0,two_sided_clopper_pearson_0.95,false,7d6e05fbbf3cd9f864b265ffa6122b0ea4fd88757752dbc00ba634762d91b76b
libcxx,CANDIDATE,float,0.6,0.10000002384185791,seed,7002,target_upper_tail_q,1,0.01,0.1,90181,90181,a three-vector reached the caller,1.0,0.9999590955521915,1.0,two_sided_clopper_pearson_0.95,false,7d6e05fbbf3cd9f864b265ffa6122b0ea4fd88757752dbc00ba634762d91b76b
libcxx,CANDIDATE,float,0.6,0.10000002384185791,seed,7002,target_upper_tail_q,2,0.001,0.01,9061,9061,a three-vector reached the caller,1.0,0.9995929667084428,1.0,two_sided_clopper_pearson_0.95,false,7d6e05fbbf3cd9f864b265ffa6122b0ea4fd88757752dbc00ba634762d91b76b
libcxx,CANDIDATE,float,0.6,0.10000002384185791,seed,7002,target_upper_tail_q,3,0.0001,0.001,947,947,a three-vector reached the caller,1.0,0.9961122449115257,1.0,two_sided_clopper_pearson_0.95,false,7d6e05fbbf3cd9f864b265ffa6122b0ea4fd88757752dbc00ba634762d91b76b
libcxx,CANDIDATE,float,0.6,0.10000002384185791,seed,7002,target_upper_tail_q,4,1e-05,0.0001,83,83,a three-vector reached the caller,1.0,0.9565288478335582,1.0,two_sided_clopper_pearson_0.95,false,7d6e05fbbf3cd9f864b265ffa6122b0ea4fd88757752dbc00ba634762d91b76b
libcxx,CANDIDATE,float,0.6,0.10000002384185791,seed,7002,target_upper_tail_q,5,1e-06,1e-05,7,7,a three-vector reached the caller,1.0,0.5903836027749967,1.0,two_sided_clopper_pearson_0.95,false,7d6e05fbbf3cd9f864b265ffa6122b0ea4fd88757752dbc00ba634762d91b76b
libcxx,CANDIDATE,float,0.6,0.10000002384185791,seed,7002,target_upper_tail_q,6,1e-08,1e-06,2,2,a three-vector reached the caller,1.0,0.15811388300841903,1.0,two_sided_clopper_pearson_0.95,false,7d6e05fbbf3cd9f864b265ffa6122b0ea4fd88757752dbc00ba634762d91b76b
libcxx,QF,float,0.6,0.10000002384185791,seed,7002,target_upper_tail_q,0,0.1,1.0,899719,899719,a three-vector reached the caller,1.0,0.999995899973334,1.0,two_sided_clopper_pearson_0.95,false,7d6e05fbbf3cd9f864b265ffa6122b0ea4fd88757752dbc00ba634762d91b76b
libcxx,QF,float,0.6,0.10000002384185791,seed,7002,target_upper_tail_q,1,0.01,0.1,90181,90181,a three-vector reached the caller,1.0,0.9999590955521915,1.0,two_sided_clopper_pearson_0.95,false,7d6e05fbbf3cd9f864b265ffa6122b0ea4fd88757752dbc00ba634762d91b76b
libcxx,QF,float,0.6,0.10000002384185791,seed,7002,target_upper_tail_q,2,0.001,0.01,9061,9061,a three-vector reached the caller,1.0,0.9995929667084428,1.0,two_sided_clopper_pearson_0.95,false,7d6e05fbbf3cd9f864b265ffa6122b0ea4fd88757752dbc00ba634762d91b76b
libcxx,QF,float,0.6,0.10000002384185791,seed,7002,target_upper_tail_q,3,0.0001,0.001,947,896,a three-vector reached the caller,0.9461457233368532,0.929796316186673,0.9596425682395837,two_sided_clopper_pearson_0.95,false,7d6e05fbbf3cd9f864b265ffa6122b0ea4fd88757752dbc00ba634762d91b76b
libcxx,QF,float,0.6,0.10000002384185791,seed,7002,target_upper_tail_q,4,1e-05,0.0001,83,0,a three-vector reached the caller,0.0,0.0,0.03544956814588507,one_sided_upper_0.95,true,7d6e05fbbf3cd9f864b265ffa6122b0ea4fd88757752dbc00ba634762d91b76b
libcxx,QF,float,0.6,0.10000002384185791,seed,7002,target_upper_tail_q,5,1e-06,1e-05,7,0,a three-vector reached the caller,0.0,0.0,0.34816365513116077,one_sided_upper_0.95,true,7d6e05fbbf3cd9f864b265ffa6122b0ea4fd88757752dbc00ba634762d91b76b
libcxx,QF,float,0.6,0.10000002384185791,seed,7002,target_upper_tail_q,6,1e-08,1e-06,2,0,a three-vector reached the caller,0.0,0.0,0.776393202250021,one_sided_upper_0.95,true,7d6e05fbbf3cd9f864b265ffa6122b0ea4fd88757752dbc00ba634762d91b76b
libcxx,LEGACY,float,0.6,0.10000002384185791,seed,7003,target_upper_tail_q,0,0.1,1.0,899579,899579,a three-vector reached the caller,1.0,0.999995899335255,1.0,two_sided_clopper_pearson_0.95,false,7d6e05fbbf3cd9f864b265ffa6122b0ea4fd88757752dbc00ba634762d91b76b
libcxx,LEGACY,float,0.6,0.10000002384185791,seed,7003,target_upper_tail_q,1,0.01,0.1,90310,90310,a three-vector reached the caller,1.0,0.9999591539794532,1.0,two_sided_clopper_pearson_0.95,false,7d6e05fbbf3cd9f864b265ffa6122b0ea4fd88757752dbc00ba634762d91b76b
libcxx,LEGACY,float,0.6,0.10000002384185791,seed,7003,target_upper_tail_q,2,0.001,0.01,9160,9160,a three-vector reached the caller,1.0,0.9995973649816327,1.0,two_sided_clopper_pearson_0.95,false,7d6e05fbbf3cd9f864b265ffa6122b0ea4fd88757752dbc00ba634762d91b76b
libcxx,LEGACY,float,0.6,0.10000002384185791,seed,7003,target_upper_tail_q,3,0.0001,0.001,837,837,a three-vector reached the caller,1.0,0.9956024343471863,1.0,two_sided_clopper_pearson_0.95,false,7d6e05fbbf3cd9f864b265ffa6122b0ea4fd88757752dbc00ba634762d91b76b
libcxx,LEGACY,float,0.6,0.10000002384185791,seed,7003,target_upper_tail_q,4,1e-05,0.0001,103,72,a three-vector reached the caller,0.6990291262135923,0.6007582639277096,0.785499046568926,two_sided_clopper_pearson_0.95,false,7d6e05fbbf3cd9f864b265ffa6122b0ea4fd88757752dbc00ba634762d91b76b
libcxx,LEGACY,float,0.6,0.10000002384185791,seed,7003,target_upper_tail_q,5,1e-06,1e-05,9,0,a three-vector reached the caller,0.0,0.0,0.2831288355631134,one_sided_upper_0.95,true,7d6e05fbbf3cd9f864b265ffa6122b0ea4fd88757752dbc00ba634762d91b76b
libcxx,LEGACY,float,0.6,0.10000002384185791,seed,7003,target_upper_tail_q,6,1e-08,1e-06,2,0,a three-vector reached the caller,0.0,0.0,0.776393202250021,one_sided_upper_0.95,true,7d6e05fbbf3cd9f864b265ffa6122b0ea4fd88757752dbc00ba634762d91b76b
libcxx,CANDIDATE,float,0.6,0.10000002384185791,seed,7003,target_upper_tail_q,0,0.1,1.0,899579,899579,a three-vector reached the caller,1.0,0.999995899335255,1.0,two_sided_clopper_pearson_0.95,false,7d6e05fbbf3cd9f864b265ffa6122b0ea4fd88757752dbc00ba634762d91b76b
libcxx,CANDIDATE,float,0.6,0.10000002384185791,seed,7003,target_upper_tail_q,1,0.01,0.1,90310,90310,a three-vector reached the caller,1.0,0.9999591539794532,1.0,two_sided_clopper_pearson_0.95,false,7d6e05fbbf3cd9f864b265ffa6122b0ea4fd88757752dbc00ba634762d91b76b
libcxx,CANDIDATE,float,0.6,0.10000002384185791,seed,7003,target_upper_tail_q,2,0.001,0.01,9160,9160,a three-vector reached the caller,1.0,0.9995973649816327,1.0,two_sided_clopper_pearson_0.95,false,7d6e05fbbf3cd9f864b265ffa6122b0ea4fd88757752dbc00ba634762d91b76b
libcxx,CANDIDATE,float,0.6,0.10000002384185791,seed,7003,target_upper_tail_q,3,0.0001,0.001,837,837,a three-vector reached the caller,1.0,0.9956024343471863,1.0,two_sided_clopper_pearson_0.95,false,7d6e05fbbf3cd9f864b265ffa6122b0ea4fd88757752dbc00ba634762d91b76b
libcxx,CANDIDATE,float,0.6,0.10000002384185791,seed,7003,target_upper_tail_q,4,1e-05,0.0001,103,103,a three-vector reached the caller,1.0,0.9648193824256598,1.0,two_sided_clopper_pearson_0.95,false,7d6e05fbbf3cd9f864b265ffa6122b0ea4fd88757752dbc00ba634762d91b76b
libcxx,CANDIDATE,float,0.6,0.10000002384185791,seed,7003,target_upper_tail_q,5,1e-06,1e-05,9,9,a three-vector reached the caller,1.0,0.6637328831200572,1.0,two_sided_clopper_pearson_0.95,false,7d6e05fbbf3cd9f864b265ffa6122b0ea4fd88757752dbc00ba634762d91b76b
libcxx,CANDIDATE,float,0.6,0.10000002384185791,seed,7003,target_upper_tail_q,6,1e-08,1e-06,2,2,a three-vector reached the caller,1.0,0.15811388300841903,1.0,two_sided_clopper_pearson_0.95,false,7d6e05fbbf3cd9f864b265ffa6122b0ea4fd88757752dbc00ba634762d91b76b
libcxx,QF,float,0.6,0.10000002384185791,seed,7003,target_upper_tail_q,0,0.1,1.0,899579,899579,a three-vector reached the caller,1.0,0.999995899335255,1.0,two_sided_clopper_pearson_0.95,false,7d6e05fbbf3cd9f864b265ffa6122b0ea4fd88757752dbc00ba634762d91b76b
libcxx,QF,float,0.6,0.10000002384185791,seed,7003,target_upper_tail_q,1,0.01,0.1,90310,90310,a three-vector reached the caller,1.0,0.9999591539794532,1.0,two_sided_clopper_pearson_0.95,false,7d6e05fbbf3cd9f864b265ffa6122b0ea4fd88757752dbc00ba634762d91b76b
libcxx,QF,float,0.6,0.10000002384185791,seed,7003,target_upper_tail_q,2,0.001,0.01,9160,9160,a three-vector reached the caller,1.0,0.9995973649816327,1.0,two_sided_clopper_pearson_0.95,false,7d6e05fbbf3cd9f864b265ffa6122b0ea4fd88757752dbc00ba634762d91b76b
libcxx,QF,float,0.6,0.10000002384185791,seed,7003,target_upper_tail_q,3,0.0001,0.001,837,800,a three-vector reached the caller,0.955794504181601,0.939580711904795,0.9686873548316257,two_sided_clopper_pearson_0.95,false,7d6e05fbbf3cd9f864b265ffa6122b0ea4fd88757752dbc00ba634762d91b76b
libcxx,QF,float,0.6,0.10000002384185791,seed,7003,target_upper_tail_q,4,1e-05,0.0001,103,0,a three-vector reached the caller,0.0,0.0,0.028665888103637016,one_sided_upper_0.95,true,7d6e05fbbf3cd9f864b265ffa6122b0ea4fd88757752dbc00ba634762d91b76b
libcxx,QF,float,0.6,0.10000002384185791,seed,7003,target_upper_tail_q,5,1e-06,1e-05,9,0,a three-vector reached the caller,0.0,0.0,0.2831288355631134,one_sided_upper_0.95,true,7d6e05fbbf3cd9f864b265ffa6122b0ea4fd88757752dbc00ba634762d91b76b
libcxx,QF,float,0.6,0.10000002384185791,seed,7003,target_upper_tail_q,6,1e-08,1e-06,2,0,a three-vector reached the caller,0.0,0.0,0.776393202250021,one_sided_upper_0.95,true,7d6e05fbbf3cd9f864b265ffa6122b0ea4fd88757752dbc00ba634762d91b76b
libcxx,LEGACY,float,0.6,0.10000002384185791,seed,7004,target_upper_tail_q,0,0.1,1.0,900187,900187,a three-vector reached the caller,1.0,0.9999959021049006,1.0,two_sided_clopper_pearson_0.95,false,7d6e05fbbf3cd9f864b265ffa6122b0ea4fd88757752dbc00ba634762d91b76b
libcxx,LEGACY,float,0.6,0.10000002384185791,seed,7004,target_upper_tail_q,1,0.01,0.1,89818,89818,a three-vector reached the caller,1.0,0.9999589302400087,1.0,two_sided_clopper_pearson_0.95,false,7d6e05fbbf3cd9f864b265ffa6122b0ea4fd88757752dbc00ba634762d91b76b
libcxx,LEGACY,float,0.6,0.10000002384185791,seed,7004,target_upper_tail_q,2,0.001,0.01,9018,9018,a three-vector reached the caller,1.0,0.9995910262724222,1.0,two_sided_clopper_pearson_0.95,false,7d6e05fbbf3cd9f864b265ffa6122b0ea4fd88757752dbc00ba634762d91b76b
libcxx,LEGACY,float,0.6,0.10000002384185791,seed,7004,target_upper_tail_q,3,0.0001,0.001,858,858,a three-vector reached the caller,1.0,0.9957098358568908,1.0,two_sided_clopper_pearson_0.95,false,7d6e05fbbf3cd9f864b265ffa6122b0ea4fd88757752dbc00ba634762d91b76b
libcxx,LEGACY,float,0.6,0.10000002384185791,seed,7004,target_upper_tail_q,4,1e-05,0.0001,104,76,a three-vector reached the caller,0.7307692307692307,0.6349006157502743,0.8130602122951026,two_sided_clopper_pearson_0.95,false,7d6e05fbbf3cd9f864b265ffa6122b0ea4fd88757752dbc00ba634762d91b76b
libcxx,LEGACY,float,0.6,0.10000002384185791,seed,7004,target_upper_tail_q,5,1e-06,1e-05,13,0,a three-vector reached the caller,0.0,0.0,0.20581666518655062,one_sided_upper_0.95,true,7d6e05fbbf3cd9f864b265ffa6122b0ea4fd88757752dbc00ba634762d91b76b
libcxx,LEGACY,float,0.6,0.10000002384185791,seed,7004,target_upper_tail_q,6,1e-08,1e-06,2,0,a three-vector reached the caller,0.0,0.0,0.776393202250021,one_sided_upper_0.95,true,7d6e05fbbf3cd9f864b265ffa6122b0ea4fd88757752dbc00ba634762d91b76b
libcxx,CANDIDATE,float,0.6,0.10000002384185791,seed,7004,target_upper_tail_q,0,0.1,1.0,900187,900187,a three-vector reached the caller,1.0,0.9999959021049006,1.0,two_sided_clopper_pearson_0.95,false,7d6e05fbbf3cd9f864b265ffa6122b0ea4fd88757752dbc00ba634762d91b76b
libcxx,CANDIDATE,float,0.6,0.10000002384185791,seed,7004,target_upper_tail_q,1,0.01,0.1,89818,89818,a three-vector reached the caller,1.0,0.9999589302400087,1.0,two_sided_clopper_pearson_0.95,false,7d6e05fbbf3cd9f864b265ffa6122b0ea4fd88757752dbc00ba634762d91b76b
libcxx,CANDIDATE,float,0.6,0.10000002384185791,seed,7004,target_upper_tail_q,2,0.001,0.01,9018,9018,a three-vector reached the caller,1.0,0.9995910262724222,1.0,two_sided_clopper_pearson_0.95,false,7d6e05fbbf3cd9f864b265ffa6122b0ea4fd88757752dbc00ba634762d91b76b
libcxx,CANDIDATE,float,0.6,0.10000002384185791,seed,7004,target_upper_tail_q,3,0.0001,0.001,858,858,a three-vector reached the caller,1.0,0.9957098358568908,1.0,two_sided_clopper_pearson_0.95,false,7d6e05fbbf3cd9f864b265ffa6122b0ea4fd88757752dbc00ba634762d91b76b
libcxx,CANDIDATE,float,0.6,0.10000002384185791,seed,7004,target_upper_tail_q,4,1e-05,0.0001,104,104,a three-vector reached the caller,1.0,0.965151693412326,1.0,two_sided_clopper_pearson_0.95,false,7d6e05fbbf3cd9f864b265ffa6122b0ea4fd88757752dbc00ba634762d91b76b
libcxx,CANDIDATE,float,0.6,0.10000002384185791,seed,7004,target_upper_tail_q,5,1e-06,1e-05,13,13,a three-vector reached the caller,1.0,0.752947361999529,1.0,two_sided_clopper_pearson_0.95,false,7d6e05fbbf3cd9f864b265ffa6122b0ea4fd88757752dbc00ba634762d91b76b
libcxx,CANDIDATE,float,0.6,0.10000002384185791,seed,7004,target_upper_tail_q,6,1e-08,1e-06,2,2,a three-vector reached the caller,1.0,0.15811388300841903,1.0,two_sided_clopper_pearson_0.95,false,7d6e05fbbf3cd9f864b265ffa6122b0ea4fd88757752dbc00ba634762d91b76b
libcxx,QF,float,0.6,0.10000002384185791,seed,7004,target_upper_tail_q,0,0.1,1.0,900187,900187,a three-vector reached the caller,1.0,0.9999959021049006,1.0,two_sided_clopper_pearson_0.95,false,7d6e05fbbf3cd9f864b265ffa6122b0ea4fd88757752dbc00ba634762d91b76b
libcxx,QF,float,0.6,0.10000002384185791,seed,7004,target_upper_tail_q,1,0.01,0.1,89818,89818,a three-vector reached the caller,1.0,0.9999589302400087,1.0,two_sided_clopper_pearson_0.95,false,7d6e05fbbf3cd9f864b265ffa6122b0ea4fd88757752dbc00ba634762d91b76b
libcxx,QF,float,0.6,0.10000002384185791,seed,7004,target_upper_tail_q,2,0.001,0.01,9018,9018,a three-vector reached the caller,1.0,0.9995910262724222,1.0,two_sided_clopper_pearson_0.95,false,7d6e05fbbf3cd9f864b265ffa6122b0ea4fd88757752dbc00ba634762d91b76b
libcxx,QF,float,0.6,0.10000002384185791,seed,7004,target_upper_tail_q,3,0.0001,0.001,858,813,a three-vector reached the caller,0.9475524475524476,0.9304474922703808,0.9614906365092984,two_sided_clopper_pearson_0.95,false,7d6e05fbbf3cd9f864b265ffa6122b0ea4fd88757752dbc00ba634762d91b76b
libcxx,QF,float,0.6,0.10000002384185791,seed,7004,target_upper_tail_q,4,1e-05,0.0001,104,0,a three-vector reached the caller,0.0,0.0,0.028394205516576565,one_sided_upper_0.95,true,7d6e05fbbf3cd9f864b265ffa6122b0ea4fd88757752dbc00ba634762d91b76b
libcxx,QF,float,0.6,0.10000002384185791,seed,7004,target_upper_tail_q,5,1e-06,1e-05,13,0,a three-vector reached the caller,0.0,0.0,0.20581666518655062,one_sided_upper_0.95,true,7d6e05fbbf3cd9f864b265ffa6122b0ea4fd88757752dbc00ba634762d91b76b
libcxx,QF,float,0.6,0.10000002384185791,seed,7004,target_upper_tail_q,6,1e-08,1e-06,2,0,a three-vector reached the caller,0.0,0.0,0.776393202250021,one_sided_upper_0.95,true,7d6e05fbbf3cd9f864b265ffa6122b0ea4fd88757752dbc00ba634762d91b76b
libcxx,LEGACY,float,0.6,0.10000002384185791,seed,7005,target_upper_tail_q,0,0.1,1.0,900219,900219,a three-vector reached the caller,1.0,0.9999959022505679,1.0,two_sided_clopper_pearson_0.95,false,7d6e05fbbf3cd9f864b265ffa6122b0ea4fd88757752dbc00ba634762d91b76b
libcxx,LEGACY,float,0.6,0.10000002384185791,seed,7005,target_upper_tail_q,1,0.01,0.1,89930,89930,a three-vector reached the caller,1.0,0.9999589813877767,1.0,two_sided_clopper_pearson_0.95,false,7d6e05fbbf3cd9f864b265ffa6122b0ea4fd88757752dbc00ba634762d91b76b
libcxx,LEGACY,float,0.6,0.10000002384185791,seed,7005,target_upper_tail_q,2,0.001,0.01,8870,8870,a three-vector reached the caller,1.0,0.9995842037779159,1.0,two_sided_clopper_pearson_0.95,false,7d6e05fbbf3cd9f864b265ffa6122b0ea4fd88757752dbc00ba634762d91b76b
libcxx,LEGACY,float,0.6,0.10000002384185791,seed,7005,target_upper_tail_q,3,0.0001,0.001,899,899,a three-vector reached the caller,1.0,0.9959050929037484,1.0,two_sided_clopper_pearson_0.95,false,7d6e05fbbf3cd9f864b265ffa6122b0ea4fd88757752dbc00ba634762d91b76b
libcxx,LEGACY,float,0.6,0.10000002384185791,seed,7005,target_upper_tail_q,4,1e-05,0.0001,75,49,a three-vector reached the caller,0.6533333333333333,0.5345790287409042,0.7595683545480995,two_sided_clopper_pearson_0.95,false,7d6e05fbbf3cd9f864b265ffa6122b0ea4fd88757752dbc00ba634762d91b76b
libcxx,LEGACY,float,0.6,0.10000002384185791,seed,7005,target_upper_tail_q,5,1e-06,1e-05,6,0,a three-vector reached the caller,0.0,0.0,0.39303776899708265,one_sided_upper_0.95,true,7d6e05fbbf3cd9f864b265ffa6122b0ea4fd88757752dbc00ba634762d91b76b
libcxx,LEGACY,float,0.6,0.10000002384185791,seed,7005,target_upper_tail_q,6,1e-08,1e-06,1,0,a three-vector reached the caller,0.0,0.0,0.95,one_sided_upper_0.95,true,7d6e05fbbf3cd9f864b265ffa6122b0ea4fd88757752dbc00ba634762d91b76b
libcxx,CANDIDATE,float,0.6,0.10000002384185791,seed,7005,target_upper_tail_q,0,0.1,1.0,900219,900219,a three-vector reached the caller,1.0,0.9999959022505679,1.0,two_sided_clopper_pearson_0.95,false,7d6e05fbbf3cd9f864b265ffa6122b0ea4fd88757752dbc00ba634762d91b76b
libcxx,CANDIDATE,float,0.6,0.10000002384185791,seed,7005,target_upper_tail_q,1,0.01,0.1,89930,89930,a three-vector reached the caller,1.0,0.9999589813877767,1.0,two_sided_clopper_pearson_0.95,false,7d6e05fbbf3cd9f864b265ffa6122b0ea4fd88757752dbc00ba634762d91b76b
libcxx,CANDIDATE,float,0.6,0.10000002384185791,seed,7005,target_upper_tail_q,2,0.001,0.01,8870,8870,a three-vector reached the caller,1.0,0.9995842037779159,1.0,two_sided_clopper_pearson_0.95,false,7d6e05fbbf3cd9f864b265ffa6122b0ea4fd88757752dbc00ba634762d91b76b
libcxx,CANDIDATE,float,0.6,0.10000002384185791,seed,7005,target_upper_tail_q,3,0.0001,0.001,899,899,a three-vector reached the caller,1.0,0.9959050929037484,1.0,two_sided_clopper_pearson_0.95,false,7d6e05fbbf3cd9f864b265ffa6122b0ea4fd88757752dbc00ba634762d91b76b
libcxx,CANDIDATE,float,0.6,0.10000002384185791,seed,7005,target_upper_tail_q,4,1e-05,0.0001,75,75,a three-vector reached the caller,1.0,0.9520049359448577,1.0,two_sided_clopper_pearson_0.95,false,7d6e05fbbf3cd9f864b265ffa6122b0ea4fd88757752dbc00ba634762d91b76b
libcxx,CANDIDATE,float,0.6,0.10000002384185791,seed,7005,target_upper_tail_q,5,1e-06,1e-05,6,6,a three-vector reached the caller,1.0,0.5407418735600996,1.0,two_sided_clopper_pearson_0.95,false,7d6e05fbbf3cd9f864b265ffa6122b0ea4fd88757752dbc00ba634762d91b76b
libcxx,CANDIDATE,float,0.6,0.10000002384185791,seed,7005,target_upper_tail_q,6,1e-08,1e-06,1,1,a three-vector reached the caller,1.0,0.025000000000000022,1.0,two_sided_clopper_pearson_0.95,false,7d6e05fbbf3cd9f864b265ffa6122b0ea4fd88757752dbc00ba634762d91b76b
libcxx,QF,float,0.6,0.10000002384185791,seed,7005,target_upper_tail_q,0,0.1,1.0,900219,900219,a three-vector reached the caller,1.0,0.9999959022505679,1.0,two_sided_clopper_pearson_0.95,false,7d6e05fbbf3cd9f864b265ffa6122b0ea4fd88757752dbc00ba634762d91b76b
libcxx,QF,float,0.6,0.10000002384185791,seed,7005,target_upper_tail_q,1,0.01,0.1,89930,89930,a three-vector reached the caller,1.0,0.9999589813877767,1.0,two_sided_clopper_pearson_0.95,false,7d6e05fbbf3cd9f864b265ffa6122b0ea4fd88757752dbc00ba634762d91b76b
libcxx,QF,float,0.6,0.10000002384185791,seed,7005,target_upper_tail_q,2,0.001,0.01,8870,8870,a three-vector reached the caller,1.0,0.9995842037779159,1.0,two_sided_clopper_pearson_0.95,false,7d6e05fbbf3cd9f864b265ffa6122b0ea4fd88757752dbc00ba634762d91b76b
libcxx,QF,float,0.6,0.10000002384185791,seed,7005,target_upper_tail_q,3,0.0001,0.001,899,857,a three-vector reached the caller,0.9532814238042269,0.9373719089718987,0.9661251071764617,two_sided_clopper_pearson_0.95,false,7d6e05fbbf3cd9f864b265ffa6122b0ea4fd88757752dbc00ba634762d91b76b
libcxx,QF,float,0.6,0.10000002384185791,seed,7005,target_upper_tail_q,4,1e-05,0.0001,75,0,a three-vector reached the caller,0.0,0.0,0.03915588747217125,one_sided_upper_0.95,true,7d6e05fbbf3cd9f864b265ffa6122b0ea4fd88757752dbc00ba634762d91b76b
libcxx,QF,float,0.6,0.10000002384185791,seed,7005,target_upper_tail_q,5,1e-06,1e-05,6,0,a three-vector reached the caller,0.0,0.0,0.39303776899708265,one_sided_upper_0.95,true,7d6e05fbbf3cd9f864b265ffa6122b0ea4fd88757752dbc00ba634762d91b76b
libcxx,QF,float,0.6,0.10000002384185791,seed,7005,target_upper_tail_q,6,1e-08,1e-06,1,0,a three-vector reached the caller,0.0,0.0,0.95,one_sided_upper_0.95,true,7d6e05fbbf3cd9f864b265ffa6122b0ea4fd88757752dbc00ba634762d91b76b
libcxx,LEGACY,float,0.75,0.25,seed,7001,target_upper_tail_q,0,0.1,1.0,900234,900234,a three-vector reached the caller,1.0,0.9999959023188458,1.0,two_sided_clopper_pearson_0.95,false,7d6e05fbbf3cd9f864b265ffa6122b0ea4fd88757752dbc00ba634762d91b76b
libcxx,LEGACY,float,0.75,0.25,seed,7001,target_upper_tail_q,1,0.01,0.1,89653,89653,a three-vector reached the caller,1.0,0.9999588546555778,1.0,two_sided_clopper_pearson_0.95,false,7d6e05fbbf3cd9f864b265ffa6122b0ea4fd88757752dbc00ba634762d91b76b
libcxx,LEGACY,float,0.75,0.25,seed,7001,target_upper_tail_q,2,0.001,0.01,9112,9112,a three-vector reached the caller,1.0,0.999595244418737,1.0,two_sided_clopper_pearson_0.95,false,7d6e05fbbf3cd9f864b265ffa6122b0ea4fd88757752dbc00ba634762d91b76b
libcxx,LEGACY,float,0.75,0.25,seed,7001,target_upper_tail_q,3,0.0001,0.001,894,894,a three-vector reached the caller,1.0,0.9958822379562879,1.0,two_sided_clopper_pearson_0.95,false,7d6e05fbbf3cd9f864b265ffa6122b0ea4fd88757752dbc00ba634762d91b76b
libcxx,LEGACY,float,0.75,0.25,seed,7001,target_upper_tail_q,4,1e-05,0.0001,94,94,a three-vector reached the caller,1.0,0.9615166490024712,1.0,two_sided_clopper_pearson_0.95,false,7d6e05fbbf3cd9f864b265ffa6122b0ea4fd88757752dbc00ba634762d91b76b
libcxx,LEGACY,float,0.75,0.25,seed,7001,target_upper_tail_q,5,1e-06,1e-05,13,13,a three-vector reached the caller,1.0,0.752947361999529,1.0,two_sided_clopper_pearson_0.95,false,7d6e05fbbf3cd9f864b265ffa6122b0ea4fd88757752dbc00ba634762d91b76b
libcxx,CANDIDATE,float,0.75,0.25,seed,7001,target_upper_tail_q,0,0.1,1.0,900234,900234,a three-vector reached the caller,1.0,0.9999959023188458,1.0,two_sided_clopper_pearson_0.95,false,7d6e05fbbf3cd9f864b265ffa6122b0ea4fd88757752dbc00ba634762d91b76b
libcxx,CANDIDATE,float,0.75,0.25,seed,7001,target_upper_tail_q,1,0.01,0.1,89653,89653,a three-vector reached the caller,1.0,0.9999588546555778,1.0,two_sided_clopper_pearson_0.95,false,7d6e05fbbf3cd9f864b265ffa6122b0ea4fd88757752dbc00ba634762d91b76b
libcxx,CANDIDATE,float,0.75,0.25,seed,7001,target_upper_tail_q,2,0.001,0.01,9112,9112,a three-vector reached the caller,1.0,0.999595244418737,1.0,two_sided_clopper_pearson_0.95,false,7d6e05fbbf3cd9f864b265ffa6122b0ea4fd88757752dbc00ba634762d91b76b
libcxx,CANDIDATE,float,0.75,0.25,seed,7001,target_upper_tail_q,3,0.0001,0.001,894,894,a three-vector reached the caller,1.0,0.9958822379562879,1.0,two_sided_clopper_pearson_0.95,false,7d6e05fbbf3cd9f864b265ffa6122b0ea4fd88757752dbc00ba634762d91b76b
libcxx,CANDIDATE,float,0.75,0.25,seed,7001,target_upper_tail_q,4,1e-05,0.0001,94,94,a three-vector reached the caller,1.0,0.9615166490024712,1.0,two_sided_clopper_pearson_0.95,false,7d6e05fbbf3cd9f864b265ffa6122b0ea4fd88757752dbc00ba634762d91b76b
libcxx,CANDIDATE,float,0.75,0.25,seed,7001,target_upper_tail_q,5,1e-06,1e-05,13,13,a three-vector reached the caller,1.0,0.752947361999529,1.0,two_sided_clopper_pearson_0.95,false,7d6e05fbbf3cd9f864b265ffa6122b0ea4fd88757752dbc00ba634762d91b76b
libcxx,QF,float,0.75,0.25,seed,7001,target_upper_tail_q,0,0.1,1.0,900234,900234,a three-vector reached the caller,1.0,0.9999959023188458,1.0,two_sided_clopper_pearson_0.95,false,7d6e05fbbf3cd9f864b265ffa6122b0ea4fd88757752dbc00ba634762d91b76b
libcxx,QF,float,0.75,0.25,seed,7001,target_upper_tail_q,1,0.01,0.1,89653,89653,a three-vector reached the caller,1.0,0.9999588546555778,1.0,two_sided_clopper_pearson_0.95,false,7d6e05fbbf3cd9f864b265ffa6122b0ea4fd88757752dbc00ba634762d91b76b
libcxx,QF,float,0.75,0.25,seed,7001,target_upper_tail_q,2,0.001,0.01,9112,9112,a three-vector reached the caller,1.0,0.999595244418737,1.0,two_sided_clopper_pearson_0.95,false,7d6e05fbbf3cd9f864b265ffa6122b0ea4fd88757752dbc00ba634762d91b76b
libcxx,QF,float,0.75,0.25,seed,7001,target_upper_tail_q,3,0.0001,0.001,894,894,a three-vector reached the caller,1.0,0.9958822379562879,1.0,two_sided_clopper_pearson_0.95,false,7d6e05fbbf3cd9f864b265ffa6122b0ea4fd88757752dbc00ba634762d91b76b
libcxx,QF,float,0.75,0.25,seed,7001,target_upper_tail_q,4,1e-05,0.0001,94,94,a three-vector reached the caller,1.0,0.9615166490024712,1.0,two_sided_clopper_pearson_0.95,false,7d6e05fbbf3cd9f864b265ffa6122b0ea4fd88757752dbc00ba634762d91b76b
libcxx,QF,float,0.75,0.25,seed,7001,target_upper_tail_q,5,1e-06,1e-05,13,13,a three-vector reached the caller,1.0,0.752947361999529,1.0,two_sided_clopper_pearson_0.95,false,7d6e05fbbf3cd9f864b265ffa6122b0ea4fd88757752dbc00ba634762d91b76b
libcxx,LEGACY,float,0.75,0.25,seed,7002,target_upper_tail_q,0,0.1,1.0,899807,899807,a three-vector reached the caller,1.0,0.9999959003743107,1.0,two_sided_clopper_pearson_0.95,false,7d6e05fbbf3cd9f864b265ffa6122b0ea4fd88757752dbc00ba634762d91b76b
libcxx,LEGACY,float,0.75,0.25,seed,7002,target_upper_tail_q,1,0.01,0.1,90092,90092,a three-vector reached the caller,1.0,0.9999590551443716,1.0,two_sided_clopper_pearson_0.95,false,7d6e05fbbf3cd9f864b265ffa6122b0ea4fd88757752dbc00ba634762d91b76b
libcxx,LEGACY,float,0.75,0.25,seed,7002,target_upper_tail_q,2,0.001,0.01,9083,9083,a three-vector reached the caller,1.0,0.9995939523865385,1.0,two_sided_clopper_pearson_0.95,false,7d6e05fbbf3cd9f864b265ffa6122b0ea4fd88757752dbc00ba634762d91b76b
libcxx,LEGACY,float,0.75,0.25,seed,7002,target_upper_tail_q,3,0.0001,0.001,928,928,a three-vector reached the caller,1.0,0.9960328045759852,1.0,two_sided_clopper_pearson_0.95,false,7d6e05fbbf3cd9f864b265ffa6122b0ea4fd88757752dbc00ba634762d91b76b
libcxx,LEGACY,float,0.75,0.25,seed,7002,target_upper_tail_q,4,1e-05,0.0001,81,81,a three-vector reached the caller,1.0,0.9554797375436782,1.0,two_sided_clopper_pearson_0.95,false,7d6e05fbbf3cd9f864b265ffa6122b0ea4fd88757752dbc00ba634762d91b76b
libcxx,LEGACY,float,0.75,0.25,seed,7002,target_upper_tail_q,5,1e-06,1e-05,7,7,a three-vector reached the caller,1.0,0.5903836027749967,1.0,two_sided_clopper_pearson_0.95,false,7d6e05fbbf3cd9f864b265ffa6122b0ea4fd88757752dbc00ba634762d91b76b
libcxx,LEGACY,float,0.75,0.25,seed,7002,target_upper_tail_q,6,1e-08,1e-06,2,2,a three-vector reached the caller,1.0,0.15811388300841903,1.0,two_sided_clopper_pearson_0.95,false,7d6e05fbbf3cd9f864b265ffa6122b0ea4fd88757752dbc00ba634762d91b76b
libcxx,CANDIDATE,float,0.75,0.25,seed,7002,target_upper_tail_q,0,0.1,1.0,899807,899807,a three-vector reached the caller,1.0,0.9999959003743107,1.0,two_sided_clopper_pearson_0.95,false,7d6e05fbbf3cd9f864b265ffa6122b0ea4fd88757752dbc00ba634762d91b76b
libcxx,CANDIDATE,float,0.75,0.25,seed,7002,target_upper_tail_q,1,0.01,0.1,90092,90092,a three-vector reached the caller,1.0,0.9999590551443716,1.0,two_sided_clopper_pearson_0.95,false,7d6e05fbbf3cd9f864b265ffa6122b0ea4fd88757752dbc00ba634762d91b76b
libcxx,CANDIDATE,float,0.75,0.25,seed,7002,target_upper_tail_q,2,0.001,0.01,9083,9083,a three-vector reached the caller,1.0,0.9995939523865385,1.0,two_sided_clopper_pearson_0.95,false,7d6e05fbbf3cd9f864b265ffa6122b0ea4fd88757752dbc00ba634762d91b76b
libcxx,CANDIDATE,float,0.75,0.25,seed,7002,target_upper_tail_q,3,0.0001,0.001,928,928,a three-vector reached the caller,1.0,0.9960328045759852,1.0,two_sided_clopper_pearson_0.95,false,7d6e05fbbf3cd9f864b265ffa6122b0ea4fd88757752dbc00ba634762d91b76b
libcxx,CANDIDATE,float,0.75,0.25,seed,7002,target_upper_tail_q,4,1e-05,0.0001,81,81,a three-vector reached the caller,1.0,0.9554797375436782,1.0,two_sided_clopper_pearson_0.95,false,7d6e05fbbf3cd9f864b265ffa6122b0ea4fd88757752dbc00ba634762d91b76b
libcxx,CANDIDATE,float,0.75,0.25,seed,7002,target_upper_tail_q,5,1e-06,1e-05,7,7,a three-vector reached the caller,1.0,0.5903836027749967,1.0,two_sided_clopper_pearson_0.95,false,7d6e05fbbf3cd9f864b265ffa6122b0ea4fd88757752dbc00ba634762d91b76b
libcxx,CANDIDATE,float,0.75,0.25,seed,7002,target_upper_tail_q,6,1e-08,1e-06,2,2,a three-vector reached the caller,1.0,0.15811388300841903,1.0,two_sided_clopper_pearson_0.95,false,7d6e05fbbf3cd9f864b265ffa6122b0ea4fd88757752dbc00ba634762d91b76b
libcxx,QF,float,0.75,0.25,seed,7002,target_upper_tail_q,0,0.1,1.0,899807,899807,a three-vector reached the caller,1.0,0.9999959003743107,1.0,two_sided_clopper_pearson_0.95,false,7d6e05fbbf3cd9f864b265ffa6122b0ea4fd88757752dbc00ba634762d91b76b
libcxx,QF,float,0.75,0.25,seed,7002,target_upper_tail_q,1,0.01,0.1,90092,90092,a three-vector reached the caller,1.0,0.9999590551443716,1.0,two_sided_clopper_pearson_0.95,false,7d6e05fbbf3cd9f864b265ffa6122b0ea4fd88757752dbc00ba634762d91b76b
libcxx,QF,float,0.75,0.25,seed,7002,target_upper_tail_q,2,0.001,0.01,9083,9083,a three-vector reached the caller,1.0,0.9995939523865385,1.0,two_sided_clopper_pearson_0.95,false,7d6e05fbbf3cd9f864b265ffa6122b0ea4fd88757752dbc00ba634762d91b76b
libcxx,QF,float,0.75,0.25,seed,7002,target_upper_tail_q,3,0.0001,0.001,928,928,a three-vector reached the caller,1.0,0.9960328045759852,1.0,two_sided_clopper_pearson_0.95,false,7d6e05fbbf3cd9f864b265ffa6122b0ea4fd88757752dbc00ba634762d91b76b
libcxx,QF,float,0.75,0.25,seed,7002,target_upper_tail_q,4,1e-05,0.0001,81,81,a three-vector reached the caller,1.0,0.9554797375436782,1.0,two_sided_clopper_pearson_0.95,false,7d6e05fbbf3cd9f864b265ffa6122b0ea4fd88757752dbc00ba634762d91b76b
libcxx,QF,float,0.75,0.25,seed,7002,target_upper_tail_q,5,1e-06,1e-05,7,7,a three-vector reached the caller,1.0,0.5903836027749967,1.0,two_sided_clopper_pearson_0.95,false,7d6e05fbbf3cd9f864b265ffa6122b0ea4fd88757752dbc00ba634762d91b76b
libcxx,QF,float,0.75,0.25,seed,7002,target_upper_tail_q,6,1e-08,1e-06,2,2,a three-vector reached the caller,1.0,0.15811388300841903,1.0,two_sided_clopper_pearson_0.95,false,7d6e05fbbf3cd9f864b265ffa6122b0ea4fd88757752dbc00ba634762d91b76b
libcxx,LEGACY,float,0.75,0.25,seed,7003,target_upper_tail_q,0,0.1,1.0,900089,900089,a three-vector reached the caller,1.0,0.9999959016587304,1.0,two_sided_clopper_pearson_0.95,false,7d6e05fbbf3cd9f864b265ffa6122b0ea4fd88757752dbc00ba634762d91b76b
libcxx,LEGACY,float,0.75,0.25,seed,7003,target_upper_tail_q,1,0.01,0.1,90006,90006,a three-vector reached the caller,1.0,0.9999590160226971,1.0,two_sided_clopper_pearson_0.95,false,7d6e05fbbf3cd9f864b265ffa6122b0ea4fd88757752dbc00ba634762d91b76b
libcxx,LEGACY,float,0.75,0.25,seed,7003,target_upper_tail_q,2,0.001,0.01,8924,8924,a three-vector reached the caller,1.0,0.9995867192816873,1.0,two_sided_clopper_pearson_0.95,false,7d6e05fbbf3cd9f864b265ffa6122b0ea4fd88757752dbc00ba634762d91b76b
libcxx,LEGACY,float,0.75,0.25,seed,7003,target_upper_tail_q,3,0.0001,0.001,863,863,a three-vector reached the caller,1.0,0.9957346388784373,1.0,two_sided_clopper_pearson_0.95,false,7d6e05fbbf3cd9f864b265ffa6122b0ea4fd88757752dbc00ba634762d91b76b
libcxx,LEGACY,float,0.75,0.25,seed,7003,target_upper_tail_q,4,1e-05,0.0001,105,105,a three-vector reached the caller,1.0,0.9654777858734944,1.0,two_sided_clopper_pearson_0.95,false,7d6e05fbbf3cd9f864b265ffa6122b0ea4fd88757752dbc00ba634762d91b76b
libcxx,LEGACY,float,0.75,0.25,seed,7003,target_upper_tail_q,5,1e-06,1e-05,9,9,a three-vector reached the caller,1.0,0.6637328831200572,1.0,two_sided_clopper_pearson_0.95,false,7d6e05fbbf3cd9f864b265ffa6122b0ea4fd88757752dbc00ba634762d91b76b
libcxx,LEGACY,float,0.75,0.25,seed,7003,target_upper_tail_q,6,1e-08,1e-06,4,4,a three-vector reached the caller,1.0,0.3976353643835254,1.0,two_sided_clopper_pearson_0.95,false,7d6e05fbbf3cd9f864b265ffa6122b0ea4fd88757752dbc00ba634762d91b76b
libcxx,CANDIDATE,float,0.75,0.25,seed,7003,target_upper_tail_q,0,0.1,1.0,900089,900089,a three-vector reached the caller,1.0,0.9999959016587304,1.0,two_sided_clopper_pearson_0.95,false,7d6e05fbbf3cd9f864b265ffa6122b0ea4fd88757752dbc00ba634762d91b76b
libcxx,CANDIDATE,float,0.75,0.25,seed,7003,target_upper_tail_q,1,0.01,0.1,90006,90006,a three-vector reached the caller,1.0,0.9999590160226971,1.0,two_sided_clopper_pearson_0.95,false,7d6e05fbbf3cd9f864b265ffa6122b0ea4fd88757752dbc00ba634762d91b76b
libcxx,CANDIDATE,float,0.75,0.25,seed,7003,target_upper_tail_q,2,0.001,0.01,8924,8924,a three-vector reached the caller,1.0,0.9995867192816873,1.0,two_sided_clopper_pearson_0.95,false,7d6e05fbbf3cd9f864b265ffa6122b0ea4fd88757752dbc00ba634762d91b76b
libcxx,CANDIDATE,float,0.75,0.25,seed,7003,target_upper_tail_q,3,0.0001,0.001,863,863,a three-vector reached the caller,1.0,0.9957346388784373,1.0,two_sided_clopper_pearson_0.95,false,7d6e05fbbf3cd9f864b265ffa6122b0ea4fd88757752dbc00ba634762d91b76b
libcxx,CANDIDATE,float,0.75,0.25,seed,7003,target_upper_tail_q,4,1e-05,0.0001,105,105,a three-vector reached the caller,1.0,0.9654777858734944,1.0,two_sided_clopper_pearson_0.95,false,7d6e05fbbf3cd9f864b265ffa6122b0ea4fd88757752dbc00ba634762d91b76b
libcxx,CANDIDATE,float,0.75,0.25,seed,7003,target_upper_tail_q,5,1e-06,1e-05,9,9,a three-vector reached the caller,1.0,0.6637328831200572,1.0,two_sided_clopper_pearson_0.95,false,7d6e05fbbf3cd9f864b265ffa6122b0ea4fd88757752dbc00ba634762d91b76b
libcxx,CANDIDATE,float,0.75,0.25,seed,7003,target_upper_tail_q,6,1e-08,1e-06,4,4,a three-vector reached the caller,1.0,0.3976353643835254,1.0,two_sided_clopper_pearson_0.95,false,7d6e05fbbf3cd9f864b265ffa6122b0ea4fd88757752dbc00ba634762d91b76b
libcxx,QF,float,0.75,0.25,seed,7003,target_upper_tail_q,0,0.1,1.0,900089,900089,a three-vector reached the caller,1.0,0.9999959016587304,1.0,two_sided_clopper_pearson_0.95,false,7d6e05fbbf3cd9f864b265ffa6122b0ea4fd88757752dbc00ba634762d91b76b
libcxx,QF,float,0.75,0.25,seed,7003,target_upper_tail_q,1,0.01,0.1,90006,90006,a three-vector reached the caller,1.0,0.9999590160226971,1.0,two_sided_clopper_pearson_0.95,false,7d6e05fbbf3cd9f864b265ffa6122b0ea4fd88757752dbc00ba634762d91b76b
libcxx,QF,float,0.75,0.25,seed,7003,target_upper_tail_q,2,0.001,0.01,8924,8924,a three-vector reached the caller,1.0,0.9995867192816873,1.0,two_sided_clopper_pearson_0.95,false,7d6e05fbbf3cd9f864b265ffa6122b0ea4fd88757752dbc00ba634762d91b76b
libcxx,QF,float,0.75,0.25,seed,7003,target_upper_tail_q,3,0.0001,0.001,863,863,a three-vector reached the caller,1.0,0.9957346388784373,1.0,two_sided_clopper_pearson_0.95,false,7d6e05fbbf3cd9f864b265ffa6122b0ea4fd88757752dbc00ba634762d91b76b
libcxx,QF,float,0.75,0.25,seed,7003,target_upper_tail_q,4,1e-05,0.0001,105,105,a three-vector reached the caller,1.0,0.9654777858734944,1.0,two_sided_clopper_pearson_0.95,false,7d6e05fbbf3cd9f864b265ffa6122b0ea4fd88757752dbc00ba634762d91b76b
libcxx,QF,float,0.75,0.25,seed,7003,target_upper_tail_q,5,1e-06,1e-05,9,9,a three-vector reached the caller,1.0,0.6637328831200572,1.0,two_sided_clopper_pearson_0.95,false,7d6e05fbbf3cd9f864b265ffa6122b0ea4fd88757752dbc00ba634762d91b76b
libcxx,QF,float,0.75,0.25,seed,7003,target_upper_tail_q,6,1e-08,1e-06,4,4,a three-vector reached the caller,1.0,0.3976353643835254,1.0,two_sided_clopper_pearson_0.95,false,7d6e05fbbf3cd9f864b265ffa6122b0ea4fd88757752dbc00ba634762d91b76b
libcxx,LEGACY,float,0.75,0.25,seed,7004,target_upper_tail_q,0,0.1,1.0,900448,900448,a three-vector reached the caller,1.0,0.9999959032926965,1.0,two_sided_clopper_pearson_0.95,false,7d6e05fbbf3cd9f864b265ffa6122b0ea4fd88757752dbc00ba634762d91b76b
libcxx,LEGACY,float,0.75,0.25,seed,7004,target_upper_tail_q,1,0.01,0.1,89518,89518,a three-vector reached the caller,1.0,0.9999587926065256,1.0,two_sided_clopper_pearson_0.95,false,7d6e05fbbf3cd9f864b265ffa6122b0ea4fd88757752dbc00ba634762d91b76b
libcxx,LEGACY,float,0.75,0.25,seed,7004,target_upper_tail_q,2,0.001,0.01,9051,9051,a three-vector reached the caller,1.0,0.9995925170892286,1.0,two_sided_clopper_pearson_0.95,false,7d6e05fbbf3cd9f864b265ffa6122b0ea4fd88757752dbc00ba634762d91b76b
libcxx,LEGACY,float,0.75,0.25,seed,7004,target_upper_tail_q,3,0.0001,0.001,861,861,a three-vector reached the caller,1.0,0.9957247521644365,1.0,two_sided_clopper_pearson_0.95,false,7d6e05fbbf3cd9f864b265ffa6122b0ea4fd88757752dbc00ba634762d91b76b
libcxx,LEGACY,float,0.75,0.25,seed,7004,target_upper_tail_q,4,1e-05,0.0001,107,107,a three-vector reached the caller,1.0,0.9661120005259886,1.0,two_sided_clopper_pearson_0.95,false,7d6e05fbbf3cd9f864b265ffa6122b0ea4fd88757752dbc00ba634762d91b76b
libcxx,LEGACY,float,0.75,0.25,seed,7004,target_upper_tail_q,5,1e-06,1e-05,13,13,a three-vector reached the caller,1.0,0.752947361999529,1.0,two_sided_clopper_pearson_0.95,false,7d6e05fbbf3cd9f864b265ffa6122b0ea4fd88757752dbc00ba634762d91b76b
libcxx,LEGACY,float,0.75,0.25,seed,7004,target_upper_tail_q,6,1e-08,1e-06,2,2,a three-vector reached the caller,1.0,0.15811388300841903,1.0,two_sided_clopper_pearson_0.95,false,7d6e05fbbf3cd9f864b265ffa6122b0ea4fd88757752dbc00ba634762d91b76b
libcxx,CANDIDATE,float,0.75,0.25,seed,7004,target_upper_tail_q,0,0.1,1.0,900448,900448,a three-vector reached the caller,1.0,0.9999959032926965,1.0,two_sided_clopper_pearson_0.95,false,7d6e05fbbf3cd9f864b265ffa6122b0ea4fd88757752dbc00ba634762d91b76b
libcxx,CANDIDATE,float,0.75,0.25,seed,7004,target_upper_tail_q,1,0.01,0.1,89518,89518,a three-vector reached the caller,1.0,0.9999587926065256,1.0,two_sided_clopper_pearson_0.95,false,7d6e05fbbf3cd9f864b265ffa6122b0ea4fd88757752dbc00ba634762d91b76b
libcxx,CANDIDATE,float,0.75,0.25,seed,7004,target_upper_tail_q,2,0.001,0.01,9051,9051,a three-vector reached the caller,1.0,0.9995925170892286,1.0,two_sided_clopper_pearson_0.95,false,7d6e05fbbf3cd9f864b265ffa6122b0ea4fd88757752dbc00ba634762d91b76b
libcxx,CANDIDATE,float,0.75,0.25,seed,7004,target_upper_tail_q,3,0.0001,0.001,861,861,a three-vector reached the caller,1.0,0.9957247521644365,1.0,two_sided_clopper_pearson_0.95,false,7d6e05fbbf3cd9f864b265ffa6122b0ea4fd88757752dbc00ba634762d91b76b
libcxx,CANDIDATE,float,0.75,0.25,seed,7004,target_upper_tail_q,4,1e-05,0.0001,107,107,a three-vector reached the caller,1.0,0.9661120005259886,1.0,two_sided_clopper_pearson_0.95,false,7d6e05fbbf3cd9f864b265ffa6122b0ea4fd88757752dbc00ba634762d91b76b
libcxx,CANDIDATE,float,0.75,0.25,seed,7004,target_upper_tail_q,5,1e-06,1e-05,13,13,a three-vector reached the caller,1.0,0.752947361999529,1.0,two_sided_clopper_pearson_0.95,false,7d6e05fbbf3cd9f864b265ffa6122b0ea4fd88757752dbc00ba634762d91b76b
libcxx,CANDIDATE,float,0.75,0.25,seed,7004,target_upper_tail_q,6,1e-08,1e-06,2,2,a three-vector reached the caller,1.0,0.15811388300841903,1.0,two_sided_clopper_pearson_0.95,false,7d6e05fbbf3cd9f864b265ffa6122b0ea4fd88757752dbc00ba634762d91b76b
libcxx,QF,float,0.75,0.25,seed,7004,target_upper_tail_q,0,0.1,1.0,900448,900448,a three-vector reached the caller,1.0,0.9999959032926965,1.0,two_sided_clopper_pearson_0.95,false,7d6e05fbbf3cd9f864b265ffa6122b0ea4fd88757752dbc00ba634762d91b76b
libcxx,QF,float,0.75,0.25,seed,7004,target_upper_tail_q,1,0.01,0.1,89518,89518,a three-vector reached the caller,1.0,0.9999587926065256,1.0,two_sided_clopper_pearson_0.95,false,7d6e05fbbf3cd9f864b265ffa6122b0ea4fd88757752dbc00ba634762d91b76b
libcxx,QF,float,0.75,0.25,seed,7004,target_upper_tail_q,2,0.001,0.01,9051,9051,a three-vector reached the caller,1.0,0.9995925170892286,1.0,two_sided_clopper_pearson_0.95,false,7d6e05fbbf3cd9f864b265ffa6122b0ea4fd88757752dbc00ba634762d91b76b
libcxx,QF,float,0.75,0.25,seed,7004,target_upper_tail_q,3,0.0001,0.001,861,861,a three-vector reached the caller,1.0,0.9957247521644365,1.0,two_sided_clopper_pearson_0.95,false,7d6e05fbbf3cd9f864b265ffa6122b0ea4fd88757752dbc00ba634762d91b76b
libcxx,QF,float,0.75,0.25,seed,7004,target_upper_tail_q,4,1e-05,0.0001,107,107,a three-vector reached the caller,1.0,0.9661120005259886,1.0,two_sided_clopper_pearson_0.95,false,7d6e05fbbf3cd9f864b265ffa6122b0ea4fd88757752dbc00ba634762d91b76b
libcxx,QF,float,0.75,0.25,seed,7004,target_upper_tail_q,5,1e-06,1e-05,13,13,a three-vector reached the caller,1.0,0.752947361999529,1.0,two_sided_clopper_pearson_0.95,false,7d6e05fbbf3cd9f864b265ffa6122b0ea4fd88757752dbc00ba634762d91b76b
libcxx,QF,float,0.75,0.25,seed,7004,target_upper_tail_q,6,1e-08,1e-06,2,2,a three-vector reached the caller,1.0,0.15811388300841903,1.0,two_sided_clopper_pearson_0.95,false,7d6e05fbbf3cd9f864b265ffa6122b0ea4fd88757752dbc00ba634762d91b76b
libcxx,LEGACY,float,0.75,0.25,seed,7005,target_upper_tail_q,0,0.1,1.0,900188,900188,a three-vector reached the caller,1.0,0.9999959021094529,1.0,two_sided_clopper_pearson_0.95,false,7d6e05fbbf3cd9f864b265ffa6122b0ea4fd88757752dbc00ba634762d91b76b
libcxx,LEGACY,float,0.75,0.25,seed,7005,target_upper_tail_q,1,0.01,0.1,90019,90019,a three-vector reached the caller,1.0,0.9999590219412342,1.0,two_sided_clopper_pearson_0.95,false,7d6e05fbbf3cd9f864b265ffa6122b0ea4fd88757752dbc00ba634762d91b76b
libcxx,LEGACY,float,0.75,0.25,seed,7005,target_upper_tail_q,2,0.001,0.01,8759,8759,a three-vector reached the caller,1.0,0.9995789356351458,1.0,two_sided_clopper_pearson_0.95,false,7d6e05fbbf3cd9f864b265ffa6122b0ea4fd88757752dbc00ba634762d91b76b
libcxx,LEGACY,float,0.75,0.25,seed,7005,target_upper_tail_q,3,0.0001,0.001,932,932,a three-vector reached the caller,1.0,0.9960497974920849,1.0,two_sided_clopper_pearson_0.95,false,7d6e05fbbf3cd9f864b265ffa6122b0ea4fd88757752dbc00ba634762d91b76b
libcxx,LEGACY,float,0.75,0.25,seed,7005,target_upper_tail_q,4,1e-05,0.0001,91,91,a three-vector reached the caller,1.0,0.9602735023081505,1.0,two_sided_clopper_pearson_0.95,false,7d6e05fbbf3cd9f864b265ffa6122b0ea4fd88757752dbc00ba634762d91b76b
libcxx,LEGACY,float,0.75,0.25,seed,7005,target_upper_tail_q,5,1e-06,1e-05,10,10,a three-vector reached the caller,1.0,0.6915028921812392,1.0,two_sided_clopper_pearson_0.95,false,7d6e05fbbf3cd9f864b265ffa6122b0ea4fd88757752dbc00ba634762d91b76b
libcxx,LEGACY,float,0.75,0.25,seed,7005,target_upper_tail_q,6,1e-08,1e-06,1,1,a three-vector reached the caller,1.0,0.025000000000000022,1.0,two_sided_clopper_pearson_0.95,false,7d6e05fbbf3cd9f864b265ffa6122b0ea4fd88757752dbc00ba634762d91b76b
libcxx,CANDIDATE,float,0.75,0.25,seed,7005,target_upper_tail_q,0,0.1,1.0,900188,900188,a three-vector reached the caller,1.0,0.9999959021094529,1.0,two_sided_clopper_pearson_0.95,false,7d6e05fbbf3cd9f864b265ffa6122b0ea4fd88757752dbc00ba634762d91b76b
libcxx,CANDIDATE,float,0.75,0.25,seed,7005,target_upper_tail_q,1,0.01,0.1,90019,90019,a three-vector reached the caller,1.0,0.9999590219412342,1.0,two_sided_clopper_pearson_0.95,false,7d6e05fbbf3cd9f864b265ffa6122b0ea4fd88757752dbc00ba634762d91b76b
libcxx,CANDIDATE,float,0.75,0.25,seed,7005,target_upper_tail_q,2,0.001,0.01,8759,8759,a three-vector reached the caller,1.0,0.9995789356351458,1.0,two_sided_clopper_pearson_0.95,false,7d6e05fbbf3cd9f864b265ffa6122b0ea4fd88757752dbc00ba634762d91b76b
libcxx,CANDIDATE,float,0.75,0.25,seed,7005,target_upper_tail_q,3,0.0001,0.001,932,932,a three-vector reached the caller,1.0,0.9960497974920849,1.0,two_sided_clopper_pearson_0.95,false,7d6e05fbbf3cd9f864b265ffa6122b0ea4fd88757752dbc00ba634762d91b76b
libcxx,CANDIDATE,float,0.75,0.25,seed,7005,target_upper_tail_q,4,1e-05,0.0001,91,91,a three-vector reached the caller,1.0,0.9602735023081505,1.0,two_sided_clopper_pearson_0.95,false,7d6e05fbbf3cd9f864b265ffa6122b0ea4fd88757752dbc00ba634762d91b76b
libcxx,CANDIDATE,float,0.75,0.25,seed,7005,target_upper_tail_q,5,1e-06,1e-05,10,10,a three-vector reached the caller,1.0,0.6915028921812392,1.0,two_sided_clopper_pearson_0.95,false,7d6e05fbbf3cd9f864b265ffa6122b0ea4fd88757752dbc00ba634762d91b76b
libcxx,CANDIDATE,float,0.75,0.25,seed,7005,target_upper_tail_q,6,1e-08,1e-06,1,1,a three-vector reached the caller,1.0,0.025000000000000022,1.0,two_sided_clopper_pearson_0.95,false,7d6e05fbbf3cd9f864b265ffa6122b0ea4fd88757752dbc00ba634762d91b76b
libcxx,QF,float,0.75,0.25,seed,7005,target_upper_tail_q,0,0.1,1.0,900188,900188,a three-vector reached the caller,1.0,0.9999959021094529,1.0,two_sided_clopper_pearson_0.95,false,7d6e05fbbf3cd9f864b265ffa6122b0ea4fd88757752dbc00ba634762d91b76b
libcxx,QF,float,0.75,0.25,seed,7005,target_upper_tail_q,1,0.01,0.1,90019,90019,a three-vector reached the caller,1.0,0.9999590219412342,1.0,two_sided_clopper_pearson_0.95,false,7d6e05fbbf3cd9f864b265ffa6122b0ea4fd88757752dbc00ba634762d91b76b
libcxx,QF,float,0.75,0.25,seed,7005,target_upper_tail_q,2,0.001,0.01,8759,8759,a three-vector reached the caller,1.0,0.9995789356351458,1.0,two_sided_clopper_pearson_0.95,false,7d6e05fbbf3cd9f864b265ffa6122b0ea4fd88757752dbc00ba634762d91b76b
libcxx,QF,float,0.75,0.25,seed,7005,target_upper_tail_q,3,0.0001,0.001,932,932,a three-vector reached the caller,1.0,0.9960497974920849,1.0,two_sided_clopper_pearson_0.95,false,7d6e05fbbf3cd9f864b265ffa6122b0ea4fd88757752dbc00ba634762d91b76b
libcxx,QF,float,0.75,0.25,seed,7005,target_upper_tail_q,4,1e-05,0.0001,91,91,a three-vector reached the caller,1.0,0.9602735023081505,1.0,two_sided_clopper_pearson_0.95,false,7d6e05fbbf3cd9f864b265ffa6122b0ea4fd88757752dbc00ba634762d91b76b
libcxx,QF,float,0.75,0.25,seed,7005,target_upper_tail_q,5,1e-06,1e-05,10,10,a three-vector reached the caller,1.0,0.6915028921812392,1.0,two_sided_clopper_pearson_0.95,false,7d6e05fbbf3cd9f864b265ffa6122b0ea4fd88757752dbc00ba634762d91b76b
libcxx,QF,float,0.75,0.25,seed,7005,target_upper_tail_q,6,1e-08,1e-06,1,1,a three-vector reached the caller,1.0,0.025000000000000022,1.0,two_sided_clopper_pearson_0.95,false,7d6e05fbbf3cd9f864b265ffa6122b0ea4fd88757752dbc00ba634762d91b76b
libstdcxx,LEGACY,double,0.501,0.0010000000000000009,seed,7001,target_upper_tail_q,0,0.1,1.0,900043,525533,a three-vector reached the caller,0.583897658222996,0.5828785125669824,0.5849162639028767,two_sided_clopper_pearson_0.95,false,7d6e05fbbf3cd9f864b265ffa6122b0ea4fd88757752dbc00ba634762d91b76b
libstdcxx,LEGACY,double,0.501,0.0010000000000000009,seed,7001,target_upper_tail_q,1,0.01,0.1,89964,0,a three-vector reached the caller,0.0,0.0,3.3298679430804334e-05,one_sided_upper_0.95,true,7d6e05fbbf3cd9f864b265ffa6122b0ea4fd88757752dbc00ba634762d91b76b
libstdcxx,LEGACY,double,0.501,0.0010000000000000009,seed,7001,target_upper_tail_q,2,0.001,0.01,8946,0,a three-vector reached the caller,0.0,0.0,0.0003348122894671901,one_sided_upper_0.95,true,7d6e05fbbf3cd9f864b265ffa6122b0ea4fd88757752dbc00ba634762d91b76b
libstdcxx,LEGACY,double,0.501,0.0010000000000000009,seed,7001,target_upper_tail_q,3,0.0001,0.001,949,0,a three-vector reached the caller,0.0,0.0,0.003151748043336511,one_sided_upper_0.95,true,7d6e05fbbf3cd9f864b265ffa6122b0ea4fd88757752dbc00ba634762d91b76b
libstdcxx,LEGACY,double,0.501,0.0010000000000000009,seed,7001,target_upper_tail_q,4,1e-05,0.0001,94,0,a three-vector reached the caller,0.0,0.0,0.03136701207878767,one_sided_upper_0.95,true,7d6e05fbbf3cd9f864b265ffa6122b0ea4fd88757752dbc00ba634762d91b76b
libstdcxx,LEGACY,double,0.501,0.0010000000000000009,seed,7001,target_upper_tail_q,5,1e-06,1e-05,4,0,a three-vector reached the caller,0.0,0.0,0.527129195498412,one_sided_upper_0.95,true,7d6e05fbbf3cd9f864b265ffa6122b0ea4fd88757752dbc00ba634762d91b76b
libstdcxx,CANDIDATE,double,0.501,0.0010000000000000009,seed,7001,target_upper_tail_q,0,0.1,1.0,900043,758247,a three-vector reached the caller,0.8424564159712369,0.8417021130202077,0.8432085142661585,two_sided_clopper_pearson_0.95,false,7d6e05fbbf3cd9f864b265ffa6122b0ea4fd88757752dbc00ba634762d91b76b
libstdcxx,CANDIDATE,double,0.501,0.0010000000000000009,seed,7001,target_upper_tail_q,1,0.01,0.1,89964,0,a three-vector reached the caller,0.0,0.0,3.3298679430804334e-05,one_sided_upper_0.95,true,7d6e05fbbf3cd9f864b265ffa6122b0ea4fd88757752dbc00ba634762d91b76b
libstdcxx,CANDIDATE,double,0.501,0.0010000000000000009,seed,7001,target_upper_tail_q,2,0.001,0.01,8946,0,a three-vector reached the caller,0.0,0.0,0.0003348122894671901,one_sided_upper_0.95,true,7d6e05fbbf3cd9f864b265ffa6122b0ea4fd88757752dbc00ba634762d91b76b
libstdcxx,CANDIDATE,double,0.501,0.0010000000000000009,seed,7001,target_upper_tail_q,3,0.0001,0.001,949,0,a three-vector reached the caller,0.0,0.0,0.003151748043336511,one_sided_upper_0.95,true,7d6e05fbbf3cd9f864b265ffa6122b0ea4fd88757752dbc00ba634762d91b76b
libstdcxx,CANDIDATE,double,0.501,0.0010000000000000009,seed,7001,target_upper_tail_q,4,1e-05,0.0001,94,0,a three-vector reached the caller,0.0,0.0,0.03136701207878767,one_sided_upper_0.95,true,7d6e05fbbf3cd9f864b265ffa6122b0ea4fd88757752dbc00ba634762d91b76b
libstdcxx,CANDIDATE,double,0.501,0.0010000000000000009,seed,7001,target_upper_tail_q,5,1e-06,1e-05,4,0,a three-vector reached the caller,0.0,0.0,0.527129195498412,one_sided_upper_0.95,true,7d6e05fbbf3cd9f864b265ffa6122b0ea4fd88757752dbc00ba634762d91b76b
libstdcxx,QF,double,0.501,0.0010000000000000009,seed,7001,target_upper_tail_q,0,0.1,1.0,900043,508226,a three-vector reached the caller,0.5646685769457681,0.5636435238571902,0.5656932138208126,two_sided_clopper_pearson_0.95,false,7d6e05fbbf3cd9f864b265ffa6122b0ea4fd88757752dbc00ba634762d91b76b
libstdcxx,QF,double,0.501,0.0010000000000000009,seed,7001,target_upper_tail_q,1,0.01,0.1,89964,0,a three-vector reached the caller,0.0,0.0,3.3298679430804334e-05,one_sided_upper_0.95,true,7d6e05fbbf3cd9f864b265ffa6122b0ea4fd88757752dbc00ba634762d91b76b
libstdcxx,QF,double,0.501,0.0010000000000000009,seed,7001,target_upper_tail_q,2,0.001,0.01,8946,0,a three-vector reached the caller,0.0,0.0,0.0003348122894671901,one_sided_upper_0.95,true,7d6e05fbbf3cd9f864b265ffa6122b0ea4fd88757752dbc00ba634762d91b76b
libstdcxx,QF,double,0.501,0.0010000000000000009,seed,7001,target_upper_tail_q,3,0.0001,0.001,949,0,a three-vector reached the caller,0.0,0.0,0.003151748043336511,one_sided_upper_0.95,true,7d6e05fbbf3cd9f864b265ffa6122b0ea4fd88757752dbc00ba634762d91b76b
libstdcxx,QF,double,0.501,0.0010000000000000009,seed,7001,target_upper_tail_q,4,1e-05,0.0001,94,0,a three-vector reached the caller,0.0,0.0,0.03136701207878767,one_sided_upper_0.95,true,7d6e05fbbf3cd9f864b265ffa6122b0ea4fd88757752dbc00ba634762d91b76b
libstdcxx,QF,double,0.501,0.0010000000000000009,seed,7001,target_upper_tail_q,5,1e-06,1e-05,4,0,a three-vector reached the caller,0.0,0.0,0.527129195498412,one_sided_upper_0.95,true,7d6e05fbbf3cd9f864b265ffa6122b0ea4fd88757752dbc00ba634762d91b76b
libstdcxx,LEGACY,double,0.501,0.0010000000000000009,seed,7002,target_upper_tail_q,0,0.1,1.0,899985,524736,a three-vector reached the caller,0.5830497174952916,0.5820302450742185,0.5840686553633424,two_sided_clopper_pearson_0.95,false,7d6e05fbbf3cd9f864b265ffa6122b0ea4fd88757752dbc00ba634762d91b76b
libstdcxx,LEGACY,double,0.501,0.0010000000000000009,seed,7002,target_upper_tail_q,1,0.01,0.1,90166,0,a three-vector reached the caller,0.0,0.0,3.322408122852227e-05,one_sided_upper_0.95,true,7d6e05fbbf3cd9f864b265ffa6122b0ea4fd88757752dbc00ba634762d91b76b
libstdcxx,LEGACY,double,0.501,0.0010000000000000009,seed,7002,target_upper_tail_q,2,0.001,0.01,8831,0,a three-vector reached the caller,0.0,0.0,0.0003391715786670302,one_sided_upper_0.95,true,7d6e05fbbf3cd9f864b265ffa6122b0ea4fd88757752dbc00ba634762d91b76b
libstdcxx,LEGACY,double,0.501,0.0010000000000000009,seed,7002,target_upper_tail_q,3,0.0001,0.001,936,0,a three-vector reached the caller,0.0,0.0,0.0031954523083026487,one_sided_upper_0.95,true,7d6e05fbbf3cd9f864b265ffa6122b0ea4fd88757752dbc00ba634762d91b76b
libstdcxx,LEGACY,double,0.501,0.0010000000000000009,seed,7002,target_upper_tail_q,4,1e-05,0.0001,77,0,a three-vector reached the caller,0.0,0.0,0.03815851071154541,one_sided_upper_0.95,true,7d6e05fbbf3cd9f864b265ffa6122b0ea4fd88757752dbc00ba634762d91b76b
libstdcxx,LEGACY,double,0.501,0.0010000000000000009,seed,7002,target_upper_tail_q,5,1e-06,1e-05,4,0,a three-vector reached the caller,0.0,0.0,0.527129195498412,one_sided_upper_0.95,true,7d6e05fbbf3cd9f864b265ffa6122b0ea4fd88757752dbc00ba634762d91b76b
libstdcxx,LEGACY,double,0.501,0.0010000000000000009,seed,7002,target_upper_tail_q,6,1e-08,1e-06,1,0,a three-vector reached the caller,0.0,0.0,0.95,one_sided_upper_0.95,true,7d6e05fbbf3cd9f864b265ffa6122b0ea4fd88757752dbc00ba634762d91b76b
libstdcxx,CANDIDATE,double,0.501,0.0010000000000000009,seed,7002,target_upper_tail_q,0,0.1,1.0,899985,758050,a three-vector reached the caller,0.8422918159747107,0.841537169678622,0.8430442585331812,two_sided_clopper_pearson_0.95,false,7d6e05fbbf3cd9f864b265ffa6122b0ea4fd88757752dbc00ba634762d91b76b
libstdcxx,CANDIDATE,double,0.501,0.0010000000000000009,seed,7002,target_upper_tail_q,1,0.01,0.1,90166,0,a three-vector reached the caller,0.0,0.0,3.322408122852227e-05,one_sided_upper_0.95,true,7d6e05fbbf3cd9f864b265ffa6122b0ea4fd88757752dbc00ba634762d91b76b
libstdcxx,CANDIDATE,double,0.501,0.0010000000000000009,seed,7002,target_upper_tail_q,2,0.001,0.01,8831,0,a three-vector reached the caller,0.0,0.0,0.0003391715786670302,one_sided_upper_0.95,true,7d6e05fbbf3cd9f864b265ffa6122b0ea4fd88757752dbc00ba634762d91b76b
libstdcxx,CANDIDATE,double,0.501,0.0010000000000000009,seed,7002,target_upper_tail_q,3,0.0001,0.001,936,0,a three-vector reached the caller,0.0,0.0,0.0031954523083026487,one_sided_upper_0.95,true,7d6e05fbbf3cd9f864b265ffa6122b0ea4fd88757752dbc00ba634762d91b76b
libstdcxx,CANDIDATE,double,0.501,0.0010000000000000009,seed,7002,target_upper_tail_q,4,1e-05,0.0001,77,0,a three-vector reached the caller,0.0,0.0,0.03815851071154541,one_sided_upper_0.95,true,7d6e05fbbf3cd9f864b265ffa6122b0ea4fd88757752dbc00ba634762d91b76b
libstdcxx,CANDIDATE,double,0.501,0.0010000000000000009,seed,7002,target_upper_tail_q,5,1e-06,1e-05,4,0,a three-vector reached the caller,0.0,0.0,0.527129195498412,one_sided_upper_0.95,true,7d6e05fbbf3cd9f864b265ffa6122b0ea4fd88757752dbc00ba634762d91b76b
libstdcxx,CANDIDATE,double,0.501,0.0010000000000000009,seed,7002,target_upper_tail_q,6,1e-08,1e-06,1,0,a three-vector reached the caller,0.0,0.0,0.95,one_sided_upper_0.95,true,7d6e05fbbf3cd9f864b265ffa6122b0ea4fd88757752dbc00ba634762d91b76b
libstdcxx,QF,double,0.501,0.0010000000000000009,seed,7002,target_upper_tail_q,0,0.1,1.0,899985,507581,a three-vector reached the caller,0.5639882886937004,0.5629630224013997,0.5650131431243741,two_sided_clopper_pearson_0.95,false,7d6e05fbbf3cd9f864b265ffa6122b0ea4fd88757752dbc00ba634762d91b76b
libstdcxx,QF,double,0.501,0.0010000000000000009,seed,7002,target_upper_tail_q,1,0.01,0.1,90166,0,a three-vector reached the caller,0.0,0.0,3.322408122852227e-05,one_sided_upper_0.95,true,7d6e05fbbf3cd9f864b265ffa6122b0ea4fd88757752dbc00ba634762d91b76b
libstdcxx,QF,double,0.501,0.0010000000000000009,seed,7002,target_upper_tail_q,2,0.001,0.01,8831,0,a three-vector reached the caller,0.0,0.0,0.0003391715786670302,one_sided_upper_0.95,true,7d6e05fbbf3cd9f864b265ffa6122b0ea4fd88757752dbc00ba634762d91b76b
libstdcxx,QF,double,0.501,0.0010000000000000009,seed,7002,target_upper_tail_q,3,0.0001,0.001,936,0,a three-vector reached the caller,0.0,0.0,0.0031954523083026487,one_sided_upper_0.95,true,7d6e05fbbf3cd9f864b265ffa6122b0ea4fd88757752dbc00ba634762d91b76b
libstdcxx,QF,double,0.501,0.0010000000000000009,seed,7002,target_upper_tail_q,4,1e-05,0.0001,77,0,a three-vector reached the caller,0.0,0.0,0.03815851071154541,one_sided_upper_0.95,true,7d6e05fbbf3cd9f864b265ffa6122b0ea4fd88757752dbc00ba634762d91b76b
libstdcxx,QF,double,0.501,0.0010000000000000009,seed,7002,target_upper_tail_q,5,1e-06,1e-05,4,0,a three-vector reached the caller,0.0,0.0,0.527129195498412,one_sided_upper_0.95,true,7d6e05fbbf3cd9f864b265ffa6122b0ea4fd88757752dbc00ba634762d91b76b
libstdcxx,QF,double,0.501,0.0010000000000000009,seed,7002,target_upper_tail_q,6,1e-08,1e-06,1,0,a three-vector reached the caller,0.0,0.0,0.95,one_sided_upper_0.95,true,7d6e05fbbf3cd9f864b265ffa6122b0ea4fd88757752dbc00ba634762d91b76b
libstdcxx,LEGACY,double,0.501,0.0010000000000000009,seed,7003,target_upper_tail_q,0,0.1,1.0,900092,525246,a three-vector reached the caller,0.5835470151940024,0.5825277753984912,0.5845657172995058,two_sided_clopper_pearson_0.95,false,7d6e05fbbf3cd9f864b265ffa6122b0ea4fd88757752dbc00ba634762d91b76b
libstdcxx,LEGACY,double,0.501,0.0010000000000000009,seed,7003,target_upper_tail_q,1,0.01,0.1,89964,0,a three-vector reached the caller,0.0,0.0,3.3298679430804334e-05,one_sided_upper_0.95,true,7d6e05fbbf3cd9f864b265ffa6122b0ea4fd88757752dbc00ba634762d91b76b
libstdcxx,LEGACY,double,0.501,0.0010000000000000009,seed,7003,target_upper_tail_q,2,0.001,0.01,8972,0,a three-vector reached the caller,0.0,0.0,0.00033384219736998233,one_sided_upper_0.95,true,7d6e05fbbf3cd9f864b265ffa6122b0ea4fd88757752dbc00ba634762d91b76b
libstdcxx,LEGACY,double,0.501,0.0010000000000000009,seed,7003,target_upper_tail_q,3,0.0001,0.001,876,0,a three-vector reached the caller,0.0,0.0,0.0034139448932856142,one_sided_upper_0.95,true,7d6e05fbbf3cd9f864b265ffa6122b0ea4fd88757752dbc00ba634762d91b76b
libstdcxx,LEGACY,double,0.501,0.0010000000000000009,seed,7003,target_upper_tail_q,4,1e-05,0.0001,86,0,a three-vector reached the caller,0.0,0.0,0.03423437284912023,one_sided_upper_0.95,true,7d6e05fbbf3cd9f864b265ffa6122b0ea4fd88757752dbc00ba634762d91b76b
libstdcxx,LEGACY,double,0.501,0.0010000000000000009,seed,7003,target_upper_tail_q,5,1e-06,1e-05,7,0,a three-vector reached the caller,0.0,0.0,0.34816365513116077,one_sided_upper_0.95,true,7d6e05fbbf3cd9f864b265ffa6122b0ea4fd88757752dbc00ba634762d91b76b
libstdcxx,LEGACY,double,0.501,0.0010000000000000009,seed,7003,target_upper_tail_q,6,1e-08,1e-06,3,0,a three-vector reached the caller,0.0,0.0,0.6315968501359612,one_sided_upper_0.95,true,7d6e05fbbf3cd9f864b265ffa6122b0ea4fd88757752dbc00ba634762d91b76b
libstdcxx,CANDIDATE,double,0.501,0.0010000000000000009,seed,7003,target_upper_tail_q,0,0.1,1.0,900092,758870,a three-vector reached the caller,0.8431027050568164,0.8423496778858135,0.8438535235277413,two_sided_clopper_pearson_0.95,false,7d6e05fbbf3cd9f864b265ffa6122b0ea4fd88757752dbc00ba634762d91b76b
libstdcxx,CANDIDATE,double,0.501,0.0010000000000000009,seed,7003,target_upper_tail_q,1,0.01,0.1,89964,0,a three-vector reached the caller,0.0,0.0,3.3298679430804334e-05,one_sided_upper_0.95,true,7d6e05fbbf3cd9f864b265ffa6122b0ea4fd88757752dbc00ba634762d91b76b
libstdcxx,CANDIDATE,double,0.501,0.0010000000000000009,seed,7003,target_upper_tail_q,2,0.001,0.01,8972,0,a three-vector reached the caller,0.0,0.0,0.00033384219736998233,one_sided_upper_0.95,true,7d6e05fbbf3cd9f864b265ffa6122b0ea4fd88757752dbc00ba634762d91b76b
libstdcxx,CANDIDATE,double,0.501,0.0010000000000000009,seed,7003,target_upper_tail_q,3,0.0001,0.001,876,0,a three-vector reached the caller,0.0,0.0,0.0034139448932856142,one_sided_upper_0.95,true,7d6e05fbbf3cd9f864b265ffa6122b0ea4fd88757752dbc00ba634762d91b76b
libstdcxx,CANDIDATE,double,0.501,0.0010000000000000009,seed,7003,target_upper_tail_q,4,1e-05,0.0001,86,0,a three-vector reached the caller,0.0,0.0,0.03423437284912023,one_sided_upper_0.95,true,7d6e05fbbf3cd9f864b265ffa6122b0ea4fd88757752dbc00ba634762d91b76b
libstdcxx,CANDIDATE,double,0.501,0.0010000000000000009,seed,7003,target_upper_tail_q,5,1e-06,1e-05,7,0,a three-vector reached the caller,0.0,0.0,0.34816365513116077,one_sided_upper_0.95,true,7d6e05fbbf3cd9f864b265ffa6122b0ea4fd88757752dbc00ba634762d91b76b
libstdcxx,CANDIDATE,double,0.501,0.0010000000000000009,seed,7003,target_upper_tail_q,6,1e-08,1e-06,3,0,a three-vector reached the caller,0.0,0.0,0.6315968501359612,one_sided_upper_0.95,true,7d6e05fbbf3cd9f864b265ffa6122b0ea4fd88757752dbc00ba634762d91b76b
libstdcxx,QF,double,0.501,0.0010000000000000009,seed,7003,target_upper_tail_q,0,0.1,1.0,900092,508380,a three-vector reached the caller,0.5648089306426454,0.5637839428859475,0.5658335013051796,two_sided_clopper_pearson_0.95,false,7d6e05fbbf3cd9f864b265ffa6122b0ea4fd88757752dbc00ba634762d91b76b
libstdcxx,QF,double,0.501,0.0010000000000000009,seed,7003,target_upper_tail_q,1,0.01,0.1,89964,0,a three-vector reached the caller,0.0,0.0,3.3298679430804334e-05,one_sided_upper_0.95,true,7d6e05fbbf3cd9f864b265ffa6122b0ea4fd88757752dbc00ba634762d91b76b
libstdcxx,QF,double,0.501,0.0010000000000000009,seed,7003,target_upper_tail_q,2,0.001,0.01,8972,0,a three-vector reached the caller,0.0,0.0,0.00033384219736998233,one_sided_upper_0.95,true,7d6e05fbbf3cd9f864b265ffa6122b0ea4fd88757752dbc00ba634762d91b76b
libstdcxx,QF,double,0.501,0.0010000000000000009,seed,7003,target_upper_tail_q,3,0.0001,0.001,876,0,a three-vector reached the caller,0.0,0.0,0.0034139448932856142,one_sided_upper_0.95,true,7d6e05fbbf3cd9f864b265ffa6122b0ea4fd88757752dbc00ba634762d91b76b
libstdcxx,QF,double,0.501,0.0010000000000000009,seed,7003,target_upper_tail_q,4,1e-05,0.0001,86,0,a three-vector reached the caller,0.0,0.0,0.03423437284912023,one_sided_upper_0.95,true,7d6e05fbbf3cd9f864b265ffa6122b0ea4fd88757752dbc00ba634762d91b76b
libstdcxx,QF,double,0.501,0.0010000000000000009,seed,7003,target_upper_tail_q,5,1e-06,1e-05,7,0,a three-vector reached the caller,0.0,0.0,0.34816365513116077,one_sided_upper_0.95,true,7d6e05fbbf3cd9f864b265ffa6122b0ea4fd88757752dbc00ba634762d91b76b
libstdcxx,QF,double,0.501,0.0010000000000000009,seed,7003,target_upper_tail_q,6,1e-08,1e-06,3,0,a three-vector reached the caller,0.0,0.0,0.6315968501359612,one_sided_upper_0.95,true,7d6e05fbbf3cd9f864b265ffa6122b0ea4fd88757752dbc00ba634762d91b76b
libstdcxx,LEGACY,double,0.501,0.0010000000000000009,seed,7004,target_upper_tail_q,0,0.1,1.0,900055,525239,a three-vector reached the caller,0.5835632266917021,0.5825439715541909,0.5845819440127549,two_sided_clopper_pearson_0.95,false,7d6e05fbbf3cd9f864b265ffa6122b0ea4fd88757752dbc00ba634762d91b76b
libstdcxx,LEGACY,double,0.501,0.0010000000000000009,seed,7004,target_upper_tail_q,1,0.01,0.1,89954,0,a three-vector reached the caller,0.0,0.0,3.3302381114430624e-05,one_sided_upper_0.95,true,7d6e05fbbf3cd9f864b265ffa6122b0ea4fd88757752dbc00ba634762d91b76b
libstdcxx,LEGACY,double,0.501,0.0010000000000000009,seed,7004,target_upper_tail_q,2,0.001,0.01,8997,0,a three-vector reached the caller,0.0,0.0,0.0003329147031477797,one_sided_upper_0.95,true,7d6e05fbbf3cd9f864b265ffa6122b0ea4fd88757752dbc00ba634762d91b76b
libstdcxx,LEGACY,double,0.501,0.0010000000000000009,seed,7004,target_upper_tail_q,3,0.0001,0.001,902,0,a three-vector reached the caller,0.0,0.0,0.0033157018258869186,one_sided_upper_0.95,true,7d6e05fbbf3cd9f864b265ffa6122b0ea4fd88757752dbc00ba634762d91b76b
libstdcxx,LEGACY,double,0.501,0.0010000000000000009,seed,7004,target_upper_tail_q,4,1e-05,0.0001,84,0,a three-vector reached the caller,0.0,0.0,0.03503503060494206,one_sided_upper_0.95,true,7d6e05fbbf3cd9f864b265ffa6122b0ea4fd88757752dbc00ba634762d91b76b
libstdcxx,LEGACY,double,0.501,0.0010000000000000009,seed,7004,target_upper_tail_q,5,1e-06,1e-05,7,0,a three-vector reached the caller,0.0,0.0,0.34816365513116077,one_sided_upper_0.95,true,7d6e05fbbf3cd9f864b265ffa6122b0ea4fd88757752dbc00ba634762d91b76b
libstdcxx,LEGACY,double,0.501,0.0010000000000000009,seed,7004,target_upper_tail_q,6,1e-08,1e-06,1,0,a three-vector reached the caller,0.0,0.0,0.95,one_sided_upper_0.95,true,7d6e05fbbf3cd9f864b265ffa6122b0ea4fd88757752dbc00ba634762d91b76b
libstdcxx,CANDIDATE,double,0.501,0.0010000000000000009,seed,7004,target_upper_tail_q,0,0.1,1.0,900055,758716,a three-vector reached the caller,0.8429662631728061,0.8422129551185675,0.8437173633152621,two_sided_clopper_pearson_0.95,false,7d6e05fbbf3cd9f864b265ffa6122b0ea4fd88757752dbc00ba634762d91b76b
libstdcxx,CANDIDATE,double,0.501,0.0010000000000000009,seed,7004,target_upper_tail_q,1,0.01,0.1,89954,0,a three-vector reached the caller,0.0,0.0,3.3302381114430624e-05,one_sided_upper_0.95,true,7d6e05fbbf3cd9f864b265ffa6122b0ea4fd88757752dbc00ba634762d91b76b
libstdcxx,CANDIDATE,double,0.501,0.0010000000000000009,seed,7004,target_upper_tail_q,2,0.001,0.01,8997,0,a three-vector reached the caller,0.0,0.0,0.0003329147031477797,one_sided_upper_0.95,true,7d6e05fbbf3cd9f864b265ffa6122b0ea4fd88757752dbc00ba634762d91b76b
libstdcxx,CANDIDATE,double,0.501,0.0010000000000000009,seed,7004,target_upper_tail_q,3,0.0001,0.001,902,0,a three-vector reached the caller,0.0,0.0,0.0033157018258869186,one_sided_upper_0.95,true,7d6e05fbbf3cd9f864b265ffa6122b0ea4fd88757752dbc00ba634762d91b76b
libstdcxx,CANDIDATE,double,0.501,0.0010000000000000009,seed,7004,target_upper_tail_q,4,1e-05,0.0001,84,0,a three-vector reached the caller,0.0,0.0,0.03503503060494206,one_sided_upper_0.95,true,7d6e05fbbf3cd9f864b265ffa6122b0ea4fd88757752dbc00ba634762d91b76b
libstdcxx,CANDIDATE,double,0.501,0.0010000000000000009,seed,7004,target_upper_tail_q,5,1e-06,1e-05,7,0,a three-vector reached the caller,0.0,0.0,0.34816365513116077,one_sided_upper_0.95,true,7d6e05fbbf3cd9f864b265ffa6122b0ea4fd88757752dbc00ba634762d91b76b
libstdcxx,CANDIDATE,double,0.501,0.0010000000000000009,seed,7004,target_upper_tail_q,6,1e-08,1e-06,1,0,a three-vector reached the caller,0.0,0.0,0.95,one_sided_upper_0.95,true,7d6e05fbbf3cd9f864b265ffa6122b0ea4fd88757752dbc00ba634762d91b76b
libstdcxx,QF,double,0.501,0.0010000000000000009,seed,7004,target_upper_tail_q,0,0.1,1.0,900055,508236,a three-vector reached the caller,0.5646721589236213,0.563647113627116,0.5656967879890935,two_sided_clopper_pearson_0.95,false,7d6e05fbbf3cd9f864b265ffa6122b0ea4fd88757752dbc00ba634762d91b76b
libstdcxx,QF,double,0.501,0.0010000000000000009,seed,7004,target_upper_tail_q,1,0.01,0.1,89954,0,a three-vector reached the caller,0.0,0.0,3.3302381114430624e-05,one_sided_upper_0.95,true,7d6e05fbbf3cd9f864b265ffa6122b0ea4fd88757752dbc00ba634762d91b76b
libstdcxx,QF,double,0.501,0.0010000000000000009,seed,7004,target_upper_tail_q,2,0.001,0.01,8997,0,a three-vector reached the caller,0.0,0.0,0.0003329147031477797,one_sided_upper_0.95,true,7d6e05fbbf3cd9f864b265ffa6122b0ea4fd88757752dbc00ba634762d91b76b
libstdcxx,QF,double,0.501,0.0010000000000000009,seed,7004,target_upper_tail_q,3,0.0001,0.001,902,0,a three-vector reached the caller,0.0,0.0,0.0033157018258869186,one_sided_upper_0.95,true,7d6e05fbbf3cd9f864b265ffa6122b0ea4fd88757752dbc00ba634762d91b76b
libstdcxx,QF,double,0.501,0.0010000000000000009,seed,7004,target_upper_tail_q,4,1e-05,0.0001,84,0,a three-vector reached the caller,0.0,0.0,0.03503503060494206,one_sided_upper_0.95,true,7d6e05fbbf3cd9f864b265ffa6122b0ea4fd88757752dbc00ba634762d91b76b
libstdcxx,QF,double,0.501,0.0010000000000000009,seed,7004,target_upper_tail_q,5,1e-06,1e-05,7,0,a three-vector reached the caller,0.0,0.0,0.34816365513116077,one_sided_upper_0.95,true,7d6e05fbbf3cd9f864b265ffa6122b0ea4fd88757752dbc00ba634762d91b76b
libstdcxx,QF,double,0.501,0.0010000000000000009,seed,7004,target_upper_tail_q,6,1e-08,1e-06,1,0,a three-vector reached the caller,0.0,0.0,0.95,one_sided_upper_0.95,true,7d6e05fbbf3cd9f864b265ffa6122b0ea4fd88757752dbc00ba634762d91b76b
libstdcxx,LEGACY,double,0.501,0.0010000000000000009,seed,7005,target_upper_tail_q,0,0.1,1.0,900384,525184,a three-vector reached the caller,0.5832889078437644,0.5822697440884352,0.5843075357441352,two_sided_clopper_pearson_0.95,false,7d6e05fbbf3cd9f864b265ffa6122b0ea4fd88757752dbc00ba634762d91b76b
libstdcxx,LEGACY,double,0.501,0.0010000000000000009,seed,7005,target_upper_tail_q,1,0.01,0.1,89643,0,a three-vector reached the caller,0.0,0.0,3.341791570687924e-05,one_sided_upper_0.95,true,7d6e05fbbf3cd9f864b265ffa6122b0ea4fd88757752dbc00ba634762d91b76b
libstdcxx,LEGACY,double,0.501,0.0010000000000000009,seed,7005,target_upper_tail_q,2,0.001,0.01,8976,0,a three-vector reached the caller,0.0,0.0,0.00033369345116207594,one_sided_upper_0.95,true,7d6e05fbbf3cd9f864b265ffa6122b0ea4fd88757752dbc00ba634762d91b76b
libstdcxx,LEGACY,double,0.501,0.0010000000000000009,seed,7005,target_upper_tail_q,3,0.0001,0.001,896,0,a three-vector reached the caller,0.0,0.0,0.003337868089223095,one_sided_upper_0.95,true,7d6e05fbbf3cd9f864b265ffa6122b0ea4fd88757752dbc00ba634762d91b76b
libstdcxx,LEGACY,double,0.501,0.0010000000000000009,seed,7005,target_upper_tail_q,4,1e-05,0.0001,92,0,a three-vector reached the caller,0.0,0.0,0.032037863175451764,one_sided_upper_0.95,true,7d6e05fbbf3cd9f864b265ffa6122b0ea4fd88757752dbc00ba634762d91b76b
libstdcxx,LEGACY,double,0.501,0.0010000000000000009,seed,7005,target_upper_tail_q,5,1e-06,1e-05,7,0,a three-vector reached the caller,0.0,0.0,0.34816365513116077,one_sided_upper_0.95,true,7d6e05fbbf3cd9f864b265ffa6122b0ea4fd88757752dbc00ba634762d91b76b
libstdcxx,LEGACY,double,0.501,0.0010000000000000009,seed,7005,target_upper_tail_q,6,1e-08,1e-06,2,0,a three-vector reached the caller,0.0,0.0,0.776393202250021,one_sided_upper_0.95,true,7d6e05fbbf3cd9f864b265ffa6122b0ea4fd88757752dbc00ba634762d91b76b
libstdcxx,CANDIDATE,double,0.501,0.0010000000000000009,seed,7005,target_upper_tail_q,0,0.1,1.0,900384,758452,a three-vector reached the caller,0.8423650353626897,0.8416106984892202,0.8431171690039919,two_sided_clopper_pearson_0.95,false,7d6e05fbbf3cd9f864b265ffa6122b0ea4fd88757752dbc00ba634762d91b76b
libstdcxx,CANDIDATE,double,0.501,0.0010000000000000009,seed,7005,target_upper_tail_q,1,0.01,0.1,89643,0,a three-vector reached the caller,0.0,0.0,3.341791570687924e-05,one_sided_upper_0.95,true,7d6e05fbbf3cd9f864b265ffa6122b0ea4fd88757752dbc00ba634762d91b76b
libstdcxx,CANDIDATE,double,0.501,0.0010000000000000009,seed,7005,target_upper_tail_q,2,0.001,0.01,8976,0,a three-vector reached the caller,0.0,0.0,0.00033369345116207594,one_sided_upper_0.95,true,7d6e05fbbf3cd9f864b265ffa6122b0ea4fd88757752dbc00ba634762d91b76b
libstdcxx,CANDIDATE,double,0.501,0.0010000000000000009,seed,7005,target_upper_tail_q,3,0.0001,0.001,896,0,a three-vector reached the caller,0.0,0.0,0.003337868089223095,one_sided_upper_0.95,true,7d6e05fbbf3cd9f864b265ffa6122b0ea4fd88757752dbc00ba634762d91b76b
libstdcxx,CANDIDATE,double,0.501,0.0010000000000000009,seed,7005,target_upper_tail_q,4,1e-05,0.0001,92,0,a three-vector reached the caller,0.0,0.0,0.032037863175451764,one_sided_upper_0.95,true,7d6e05fbbf3cd9f864b265ffa6122b0ea4fd88757752dbc00ba634762d91b76b
libstdcxx,CANDIDATE,double,0.501,0.0010000000000000009,seed,7005,target_upper_tail_q,5,1e-06,1e-05,7,0,a three-vector reached the caller,0.0,0.0,0.34816365513116077,one_sided_upper_0.95,true,7d6e05fbbf3cd9f864b265ffa6122b0ea4fd88757752dbc00ba634762d91b76b
libstdcxx,CANDIDATE,double,0.501,0.0010000000000000009,seed,7005,target_upper_tail_q,6,1e-08,1e-06,2,0,a three-vector reached the caller,0.0,0.0,0.776393202250021,one_sided_upper_0.95,true,7d6e05fbbf3cd9f864b265ffa6122b0ea4fd88757752dbc00ba634762d91b76b
libstdcxx,QF,double,0.501,0.0010000000000000009,seed,7005,target_upper_tail_q,0,0.1,1.0,900384,508180,a three-vector reached the caller,0.5644036322280271,0.5633787030310109,0.5654281470737836,two_sided_clopper_pearson_0.95,false,7d6e05fbbf3cd9f864b265ffa6122b0ea4fd88757752dbc00ba634762d91b76b
libstdcxx,QF,double,0.501,0.0010000000000000009,seed,7005,target_upper_tail_q,1,0.01,0.1,89643,0,a three-vector reached the caller,0.0,0.0,3.341791570687924e-05,one_sided_upper_0.95,true,7d6e05fbbf3cd9f864b265ffa6122b0ea4fd88757752dbc00ba634762d91b76b
libstdcxx,QF,double,0.501,0.0010000000000000009,seed,7005,target_upper_tail_q,2,0.001,0.01,8976,0,a three-vector reached the caller,0.0,0.0,0.00033369345116207594,one_sided_upper_0.95,true,7d6e05fbbf3cd9f864b265ffa6122b0ea4fd88757752dbc00ba634762d91b76b
libstdcxx,QF,double,0.501,0.0010000000000000009,seed,7005,target_upper_tail_q,3,0.0001,0.001,896,0,a three-vector reached the caller,0.0,0.0,0.003337868089223095,one_sided_upper_0.95,true,7d6e05fbbf3cd9f864b265ffa6122b0ea4fd88757752dbc00ba634762d91b76b
libstdcxx,QF,double,0.501,0.0010000000000000009,seed,7005,target_upper_tail_q,4,1e-05,0.0001,92,0,a three-vector reached the caller,0.0,0.0,0.032037863175451764,one_sided_upper_0.95,true,7d6e05fbbf3cd9f864b265ffa6122b0ea4fd88757752dbc00ba634762d91b76b
libstdcxx,QF,double,0.501,0.0010000000000000009,seed,7005,target_upper_tail_q,5,1e-06,1e-05,7,0,a three-vector reached the caller,0.0,0.0,0.34816365513116077,one_sided_upper_0.95,true,7d6e05fbbf3cd9f864b265ffa6122b0ea4fd88757752dbc00ba634762d91b76b
libstdcxx,QF,double,0.501,0.0010000000000000009,seed,7005,target_upper_tail_q,6,1e-08,1e-06,2,0,a three-vector reached the caller,0.0,0.0,0.776393202250021,one_sided_upper_0.95,true,7d6e05fbbf3cd9f864b265ffa6122b0ea4fd88757752dbc00ba634762d91b76b
libstdcxx,LEGACY,double,0.505,0.0050000000000000044,seed,7001,target_upper_tail_q,0,0.1,1.0,900098,900098,a three-vector reached the caller,1.0,0.9999959016997093,1.0,two_sided_clopper_pearson_0.95,false,7d6e05fbbf3cd9f864b265ffa6122b0ea4fd88757752dbc00ba634762d91b76b
libstdcxx,LEGACY,double,0.505,0.0050000000000000044,seed,7001,target_upper_tail_q,1,0.01,0.1,89950,76031,a three-vector reached the caller,0.8452584769316287,0.8428783448152837,0.8476163214877621,two_sided_clopper_pearson_0.95,false,7d6e05fbbf3cd9f864b265ffa6122b0ea4fd88757752dbc00ba634762d91b76b
libstdcxx,LEGACY,double,0.505,0.0050000000000000044,seed,7001,target_upper_tail_q,2,0.001,0.01,8903,0,a three-vector reached the caller,0.0,0.0,0.00033642910474329657,one_sided_upper_0.95,true,7d6e05fbbf3cd9f864b265ffa6122b0ea4fd88757752dbc00ba634762d91b76b
libstdcxx,LEGACY,double,0.505,0.0050000000000000044,seed,7001,target_upper_tail_q,3,0.0001,0.001,950,0,a three-vector reached the caller,0.0,0.0,0.0031484356419813064,one_sided_upper_0.95,true,7d6e05fbbf3cd9f864b265ffa6122b0ea4fd88757752dbc00ba634762d91b76b
libstdcxx,LEGACY,double,0.505,0.0050000000000000044,seed,7001,target_upper_tail_q,4,1e-05,0.0001,95,0,a three-vector reached the caller,0.0,0.0,0.031042011867954855,one_sided_upper_0.95,true,7d6e05fbbf3cd9f864b265ffa6122b0ea4fd88757752dbc00ba634762d91b76b
libstdcxx,LEGACY,double,0.505,0.0050000000000000044,seed,7001,target_upper_tail_q,5,1e-06,1e-05,4,0,a three-vector reached the caller,0.0,0.0,0.527129195498412,one_sided_upper_0.95,true,7d6e05fbbf3cd9f864b265ffa6122b0ea4fd88757752dbc00ba634762d91b76b
libstdcxx,CANDIDATE,double,0.505,0.0050000000000000044,seed,7001,target_upper_tail_q,0,0.1,1.0,900098,900098,a three-vector reached the caller,1.0,0.9999959016997093,1.0,two_sided_clopper_pearson_0.95,false,7d6e05fbbf3cd9f864b265ffa6122b0ea4fd88757752dbc00ba634762d91b76b
libstdcxx,CANDIDATE,double,0.505,0.0050000000000000044,seed,7001,target_upper_tail_q,1,0.01,0.1,89950,89950,a three-vector reached the caller,1.0,0.9999589905079037,1.0,two_sided_clopper_pearson_0.95,false,7d6e05fbbf3cd9f864b265ffa6122b0ea4fd88757752dbc00ba634762d91b76b
libstdcxx,CANDIDATE,double,0.505,0.0050000000000000044,seed,7001,target_upper_tail_q,2,0.001,0.01,8903,8903,a three-vector reached the caller,1.0,0.9995857446554718,1.0,two_sided_clopper_pearson_0.95,false,7d6e05fbbf3cd9f864b265ffa6122b0ea4fd88757752dbc00ba634762d91b76b
libstdcxx,CANDIDATE,double,0.505,0.0050000000000000044,seed,7001,target_upper_tail_q,3,0.0001,0.001,950,197,a three-vector reached the caller,0.2073684210526316,0.18200078017570553,0.2345641029296817,two_sided_clopper_pearson_0.95,false,7d6e05fbbf3cd9f864b265ffa6122b0ea4fd88757752dbc00ba634762d91b76b
libstdcxx,CANDIDATE,double,0.505,0.0050000000000000044,seed,7001,target_upper_tail_q,4,1e-05,0.0001,95,0,a three-vector reached the caller,0.0,0.0,0.031042011867954855,one_sided_upper_0.95,true,7d6e05fbbf3cd9f864b265ffa6122b0ea4fd88757752dbc00ba634762d91b76b
libstdcxx,CANDIDATE,double,0.505,0.0050000000000000044,seed,7001,target_upper_tail_q,5,1e-06,1e-05,4,0,a three-vector reached the caller,0.0,0.0,0.527129195498412,one_sided_upper_0.95,true,7d6e05fbbf3cd9f864b265ffa6122b0ea4fd88757752dbc00ba634762d91b76b
libstdcxx,QF,double,0.505,0.0050000000000000044,seed,7001,target_upper_tail_q,0,0.1,1.0,900098,900098,a three-vector reached the caller,1.0,0.9999959016997093,1.0,two_sided_clopper_pearson_0.95,false,7d6e05fbbf3cd9f864b265ffa6122b0ea4fd88757752dbc00ba634762d91b76b
libstdcxx,QF,double,0.505,0.0050000000000000044,seed,7001,target_upper_tail_q,1,0.01,0.1,89950,71353,a three-vector reached the caller,0.7932518065591996,0.7905902994340501,0.795894389609505,two_sided_clopper_pearson_0.95,false,7d6e05fbbf3cd9f864b265ffa6122b0ea4fd88757752dbc00ba634762d91b76b
libstdcxx,QF,double,0.505,0.0050000000000000044,seed,7001,target_upper_tail_q,2,0.001,0.01,8903,0,a three-vector reached the caller,0.0,0.0,0.00033642910474329657,one_sided_upper_0.95,true,7d6e05fbbf3cd9f864b265ffa6122b0ea4fd88757752dbc00ba634762d91b76b
libstdcxx,QF,double,0.505,0.0050000000000000044,seed,7001,target_upper_tail_q,3,0.0001,0.001,950,0,a three-vector reached the caller,0.0,0.0,0.0031484356419813064,one_sided_upper_0.95,true,7d6e05fbbf3cd9f864b265ffa6122b0ea4fd88757752dbc00ba634762d91b76b
libstdcxx,QF,double,0.505,0.0050000000000000044,seed,7001,target_upper_tail_q,4,1e-05,0.0001,95,0,a three-vector reached the caller,0.0,0.0,0.031042011867954855,one_sided_upper_0.95,true,7d6e05fbbf3cd9f864b265ffa6122b0ea4fd88757752dbc00ba634762d91b76b
libstdcxx,QF,double,0.505,0.0050000000000000044,seed,7001,target_upper_tail_q,5,1e-06,1e-05,4,0,a three-vector reached the caller,0.0,0.0,0.527129195498412,one_sided_upper_0.95,true,7d6e05fbbf3cd9f864b265ffa6122b0ea4fd88757752dbc00ba634762d91b76b
libstdcxx,LEGACY,double,0.505,0.0050000000000000044,seed,7002,target_upper_tail_q,0,0.1,1.0,899911,899911,a three-vector reached the caller,1.0,0.9999959008480911,1.0,two_sided_clopper_pearson_0.95,false,7d6e05fbbf3cd9f864b265ffa6122b0ea4fd88757752dbc00ba634762d91b76b
libstdcxx,LEGACY,double,0.505,0.0050000000000000044,seed,7002,target_upper_tail_q,1,0.01,0.1,90206,75994,a three-vector reached the caller,0.8424495044675521,0.8400555026645806,0.8448214633701576,two_sided_clopper_pearson_0.95,false,7d6e05fbbf3cd9f864b265ffa6122b0ea4fd88757752dbc00ba634762d91b76b
libstdcxx,LEGACY,double,0.505,0.0050000000000000044,seed,7002,target_upper_tail_q,2,0.001,0.01,8870,0,a three-vector reached the caller,0.0,0.0,0.00033768054620375576,one_sided_upper_0.95,true,7d6e05fbbf3cd9f864b265ffa6122b0ea4fd88757752dbc00ba634762d91b76b
libstdcxx,LEGACY,double,0.505,0.0050000000000000044,seed,7002,target_upper_tail_q,3,0.0001,0.001,933,0,a three-vector reached the caller,0.0,0.0,0.0032057105880055614,one_sided_upper_0.95,true,7d6e05fbbf3cd9f864b265ffa6122b0ea4fd88757752dbc00ba634762d91b76b
libstdcxx,LEGACY,double,0.505,0.0050000000000000044,seed,7002,target_upper_tail_q,4,1e-05,0.0001,76,0,a three-vector reached the caller,0.0,0.0,0.03865076672572554,one_sided_upper_0.95,true,7d6e05fbbf3cd9f864b265ffa6122b0ea4fd88757752dbc00ba634762d91b76b
libstdcxx,LEGACY,double,0.505,0.0050000000000000044,seed,7002,target_upper_tail_q,5,1e-06,1e-05,4,0,a three-vector reached the caller,0.0,0.0,0.527129195498412,one_sided_upper_0.95,true,7d6e05fbbf3cd9f864b265ffa6122b0ea4fd88757752dbc00ba634762d91b76b
libstdcxx,CANDIDATE,double,0.505,0.0050000000000000044,seed,7002,target_upper_tail_q,0,0.1,1.0,899911,899911,a three-vector reached the caller,1.0,0.9999959008480911,1.0,two_sided_clopper_pearson_0.95,false,7d6e05fbbf3cd9f864b265ffa6122b0ea4fd88757752dbc00ba634762d91b76b
libstdcxx,CANDIDATE,double,0.505,0.0050000000000000044,seed,7002,target_upper_tail_q,1,0.01,0.1,90206,90206,a three-vector reached the caller,1.0,0.9999591068883587,1.0,two_sided_clopper_pearson_0.95,false,7d6e05fbbf3cd9f864b265ffa6122b0ea4fd88757752dbc00ba634762d91b76b
libstdcxx,CANDIDATE,double,0.505,0.0050000000000000044,seed,7002,target_upper_tail_q,2,0.001,0.01,8870,8870,a three-vector reached the caller,1.0,0.9995842037779159,1.0,two_sided_clopper_pearson_0.95,false,7d6e05fbbf3cd9f864b265ffa6122b0ea4fd88757752dbc00ba634762d91b76b
libstdcxx,CANDIDATE,double,0.505,0.0050000000000000044,seed,7002,target_upper_tail_q,3,0.0001,0.001,933,192,a three-vector reached the caller,0.2057877813504823,0.1802726749785547,0.23317481325470144,two_sided_clopper_pearson_0.95,false,7d6e05fbbf3cd9f864b265ffa6122b0ea4fd88757752dbc00ba634762d91b76b
libstdcxx,CANDIDATE,double,0.505,0.0050000000000000044,seed,7002,target_upper_tail_q,4,1e-05,0.0001,76,0,a three-vector reached the caller,0.0,0.0,0.03865076672572554,one_sided_upper_0.95,true,7d6e05fbbf3cd9f864b265ffa6122b0ea4fd88757752dbc00ba634762d91b76b
libstdcxx,CANDIDATE,double,0.505,0.0050000000000000044,seed,7002,target_upper_tail_q,5,1e-06,1e-05,4,0,a three-vector reached the caller,0.0,0.0,0.527129195498412,one_sided_upper_0.95,true,7d6e05fbbf3cd9f864b265ffa6122b0ea4fd88757752dbc00ba634762d91b76b
libstdcxx,QF,double,0.505,0.0050000000000000044,seed,7002,target_upper_tail_q,0,0.1,1.0,899911,899911,a three-vector reached the caller,1.0,0.9999959008480911,1.0,two_sided_clopper_pearson_0.95,false,7d6e05fbbf3cd9f864b265ffa6122b0ea4fd88757752dbc00ba634762d91b76b
libstdcxx,QF,double,0.505,0.0050000000000000044,seed,7002,target_upper_tail_q,1,0.01,0.1,90206,71309,a three-vector reached the caller,0.7905128261978139,0.7878423570144774,0.7931646015849898,two_sided_clopper_pearson_0.95,false,7d6e05fbbf3cd9f864b265ffa6122b0ea4fd88757752dbc00ba634762d91b76b
libstdcxx,QF,double,0.505,0.0050000000000000044,seed,7002,target_upper_tail_q,2,0.001,0.01,8870,0,a three-vector reached the caller,0.0,0.0,0.00033768054620375576,one_sided_upper_0.95,true,7d6e05fbbf3cd9f864b265ffa6122b0ea4fd88757752dbc00ba634762d91b76b
libstdcxx,QF,double,0.505,0.0050000000000000044,seed,7002,target_upper_tail_q,3,0.0001,0.001,933,0,a three-vector reached the caller,0.0,0.0,0.0032057105880055614,one_sided_upper_0.95,true,7d6e05fbbf3cd9f864b265ffa6122b0ea4fd88757752dbc00ba634762d91b76b
libstdcxx,QF,double,0.505,0.0050000000000000044,seed,7002,target_upper_tail_q,4,1e-05,0.0001,76,0,a three-vector reached the caller,0.0,0.0,0.03865076672572554,one_sided_upper_0.95,true,7d6e05fbbf3cd9f864b265ffa6122b0ea4fd88757752dbc00ba634762d91b76b
libstdcxx,QF,double,0.505,0.0050000000000000044,seed,7002,target_upper_tail_q,5,1e-06,1e-05,4,0,a three-vector reached the caller,0.0,0.0,0.527129195498412,one_sided_upper_0.95,true,7d6e05fbbf3cd9f864b265ffa6122b0ea4fd88757752dbc00ba634762d91b76b
libstdcxx,LEGACY,double,0.505,0.0050000000000000044,seed,7003,target_upper_tail_q,0,0.1,1.0,900134,900134,a three-vector reached the caller,1.0,0.9999959018636166,1.0,two_sided_clopper_pearson_0.95,false,7d6e05fbbf3cd9f864b265ffa6122b0ea4fd88757752dbc00ba634762d91b76b
libstdcxx,LEGACY,double,0.505,0.0050000000000000044,seed,7003,target_upper_tail_q,1,0.01,0.1,89927,75627,a three-vector reached the caller,0.8409821299498482,0.8385754607882148,0.8433667827190809,two_sided_clopper_pearson_0.95,false,7d6e05fbbf3cd9f864b265ffa6122b0ea4fd88757752dbc00ba634762d91b76b
libstdcxx,LEGACY,double,0.505,0.0050000000000000044,seed,7003,target_upper_tail_q,2,0.001,0.01,8973,0,a three-vector reached the caller,0.0,0.0,0.00033380499838731037,one_sided_upper_0.95,true,7d6e05fbbf3cd9f864b265ffa6122b0ea4fd88757752dbc00ba634762d91b76b
libstdcxx,LEGACY,double,0.505,0.0050000000000000044,seed,7003,target_upper_tail_q,3,0.0001,0.001,868,0,a three-vector reached the caller,0.0,0.0,0.00344535555716885,one_sided_upper_0.95,true,7d6e05fbbf3cd9f864b265ffa6122b0ea4fd88757752dbc00ba634762d91b76b
libstdcxx,LEGACY,double,0.505,0.0050000000000000044,seed,7003,target_upper_tail_q,4,1e-05,0.0001,88,0,a three-vector reached the caller,0.0,0.0,0.03346948891663748,one_sided_upper_0.95,true,7d6e05fbbf3cd9f864b265ffa6122b0ea4fd88757752dbc00ba634762d91b76b
libstdcxx,LEGACY,double,0.505,0.0050000000000000044,seed,7003,target_upper_tail_q,5,1e-06,1e-05,7,0,a three-vector reached the caller,0.0,0.0,0.34816365513116077,one_sided_upper_0.95,true,7d6e05fbbf3cd9f864b265ffa6122b0ea4fd88757752dbc00ba634762d91b76b
libstdcxx,LEGACY,double,0.505,0.0050000000000000044,seed,7003,target_upper_tail_q,6,1e-08,1e-06,3,0,a three-vector reached the caller,0.0,0.0,0.6315968501359612,one_sided_upper_0.95,true,7d6e05fbbf3cd9f864b265ffa6122b0ea4fd88757752dbc00ba634762d91b76b
libstdcxx,CANDIDATE,double,0.505,0.0050000000000000044,seed,7003,target_upper_tail_q,0,0.1,1.0,900134,900134,a three-vector reached the caller,1.0,0.9999959018636166,1.0,two_sided_clopper_pearson_0.95,false,7d6e05fbbf3cd9f864b265ffa6122b0ea4fd88757752dbc00ba634762d91b76b
libstdcxx,CANDIDATE,double,0.505,0.0050000000000000044,seed,7003,target_upper_tail_q,1,0.01,0.1,89927,89927,a three-vector reached the caller,1.0,0.9999589800194078,1.0,two_sided_clopper_pearson_0.95,false,7d6e05fbbf3cd9f864b265ffa6122b0ea4fd88757752dbc00ba634762d91b76b
libstdcxx,CANDIDATE,double,0.505,0.0050000000000000044,seed,7003,target_upper_tail_q,2,0.001,0.01,8973,8973,a three-vector reached the caller,1.0,0.9995889756722868,1.0,two_sided_clopper_pearson_0.95,false,7d6e05fbbf3cd9f864b265ffa6122b0ea4fd88757752dbc00ba634762d91b76b
libstdcxx,CANDIDATE,double,0.505,0.0050000000000000044,seed,7003,target_upper_tail_q,3,0.0001,0.001,868,165,a three-vector reached the caller,0.19009216589861752,0.16450089023239992,0.21780639724697576,two_sided_clopper_pearson_0.95,false,7d6e05fbbf3cd9f864b265ffa6122b0ea4fd88757752dbc00ba634762d91b76b
libstdcxx,CANDIDATE,double,0.505,0.0050000000000000044,seed,7003,target_upper_tail_q,4,1e-05,0.0001,88,0,a three-vector reached the caller,0.0,0.0,0.03346948891663748,one_sided_upper_0.95,true,7d6e05fbbf3cd9f864b265ffa6122b0ea4fd88757752dbc00ba634762d91b76b
libstdcxx,CANDIDATE,double,0.505,0.0050000000000000044,seed,7003,target_upper_tail_q,5,1e-06,1e-05,7,0,a three-vector reached the caller,0.0,0.0,0.34816365513116077,one_sided_upper_0.95,true,7d6e05fbbf3cd9f864b265ffa6122b0ea4fd88757752dbc00ba634762d91b76b
libstdcxx,CANDIDATE,double,0.505,0.0050000000000000044,seed,7003,target_upper_tail_q,6,1e-08,1e-06,3,0,a three-vector reached the caller,0.0,0.0,0.6315968501359612,one_sided_upper_0.95,true,7d6e05fbbf3cd9f864b265ffa6122b0ea4fd88757752dbc00ba634762d91b76b
libstdcxx,QF,double,0.505,0.0050000000000000044,seed,7003,target_upper_tail_q,0,0.1,1.0,900134,900134,a three-vector reached the caller,1.0,0.9999959018636166,1.0,two_sided_clopper_pearson_0.95,false,7d6e05fbbf3cd9f864b265ffa6122b0ea4fd88757752dbc00ba634762d91b76b
libstdcxx,QF,double,0.505,0.0050000000000000044,seed,7003,target_upper_tail_q,1,0.01,0.1,89927,70904,a three-vector reached the caller,0.7884617523102072,0.7857776679795974,0.7911272173426263,two_sided_clopper_pearson_0.95,false,7d6e05fbbf3cd9f864b265ffa6122b0ea4fd88757752dbc00ba634762d91b76b
libstdcxx,QF,double,0.505,0.0050000000000000044,seed,7003,target_upper_tail_q,2,0.001,0.01,8973,0,a three-vector reached the caller,0.0,0.0,0.00033380499838731037,one_sided_upper_0.95,true,7d6e05fbbf3cd9f864b265ffa6122b0ea4fd88757752dbc00ba634762d91b76b
libstdcxx,QF,double,0.505,0.0050000000000000044,seed,7003,target_upper_tail_q,3,0.0001,0.001,868,0,a three-vector reached the caller,0.0,0.0,0.00344535555716885,one_sided_upper_0.95,true,7d6e05fbbf3cd9f864b265ffa6122b0ea4fd88757752dbc00ba634762d91b76b
libstdcxx,QF,double,0.505,0.0050000000000000044,seed,7003,target_upper_tail_q,4,1e-05,0.0001,88,0,a three-vector reached the caller,0.0,0.0,0.03346948891663748,one_sided_upper_0.95,true,7d6e05fbbf3cd9f864b265ffa6122b0ea4fd88757752dbc00ba634762d91b76b
libstdcxx,QF,double,0.505,0.0050000000000000044,seed,7003,target_upper_tail_q,5,1e-06,1e-05,7,0,a three-vector reached the caller,0.0,0.0,0.34816365513116077,one_sided_upper_0.95,true,7d6e05fbbf3cd9f864b265ffa6122b0ea4fd88757752dbc00ba634762d91b76b
libstdcxx,QF,double,0.505,0.0050000000000000044,seed,7003,target_upper_tail_q,6,1e-08,1e-06,3,0,a three-vector reached the caller,0.0,0.0,0.6315968501359612,one_sided_upper_0.95,true,7d6e05fbbf3cd9f864b265ffa6122b0ea4fd88757752dbc00ba634762d91b76b
libstdcxx,LEGACY,double,0.505,0.0050000000000000044,seed,7004,target_upper_tail_q,0,0.1,1.0,900033,900033,a three-vector reached the caller,1.0,0.9999959014037324,1.0,two_sided_clopper_pearson_0.95,false,7d6e05fbbf3cd9f864b265ffa6122b0ea4fd88757752dbc00ba634762d91b76b
libstdcxx,LEGACY,double,0.505,0.0050000000000000044,seed,7004,target_upper_tail_q,1,0.01,0.1,89959,75611,a three-vector reached the caller,0.840505118998655,0.8380959937050505,0.8428922666136878,two_sided_clopper_pearson_0.95,false,7d6e05fbbf3cd9f864b265ffa6122b0ea4fd88757752dbc00ba634762d91b76b
libstdcxx,LEGACY,double,0.505,0.0050000000000000044,seed,7004,target_upper_tail_q,2,0.001,0.01,9006,0,a three-vector reached the caller,0.0,0.0,0.00033258206556985304,one_sided_upper_0.95,true,7d6e05fbbf3cd9f864b265ffa6122b0ea4fd88757752dbc00ba634762d91b76b
libstdcxx,LEGACY,double,0.505,0.0050000000000000044,seed,7004,target_upper_tail_q,3,0.0001,0.001,914,0,a three-vector reached the caller,0.0,0.0,0.0032722409378523887,one_sided_upper_0.95,true,7d6e05fbbf3cd9f864b265ffa6122b0ea4fd88757752dbc00ba634762d91b76b
libstdcxx,LEGACY,double,0.505,0.0050000000000000044,seed,7004,target_upper_tail_q,4,1e-05,0.0001,80,0,a three-vector reached the caller,0.0,0.0,0.036754197779982345,one_sided_upper_0.95,true,7d6e05fbbf3cd9f864b265ffa6122b0ea4fd88757752dbc00ba634762d91b76b
libstdcxx,LEGACY,double,0.505,0.0050000000000000044,seed,7004,target_upper_tail_q,5,1e-06,1e-05,7,0,a three-vector reached the caller,0.0,0.0,0.34816365513116077,one_sided_upper_0.95,true,7d6e05fbbf3cd9f864b265ffa6122b0ea4fd88757752dbc00ba634762d91b76b
libstdcxx,LEGACY,double,0.505,0.0050000000000000044,seed,7004,target_upper_tail_q,6,1e-08,1e-06,1,0,a three-vector reached the caller,0.0,0.0,0.95,one_sided_upper_0.95,true,7d6e05fbbf3cd9f864b265ffa6122b0ea4fd88757752dbc00ba634762d91b76b
libstdcxx,CANDIDATE,double,0.505,0.0050000000000000044,seed,7004,target_upper_tail_q,0,0.1,1.0,900033,900033,a three-vector reached the caller,1.0,0.9999959014037324,1.0,two_sided_clopper_pearson_0.95,false,7d6e05fbbf3cd9f864b265ffa6122b0ea4fd88757752dbc00ba634762d91b76b
libstdcxx,CANDIDATE,double,0.505,0.0050000000000000044,seed,7004,target_upper_tail_q,1,0.01,0.1,89959,89959,a three-vector reached the caller,1.0,0.9999589946106379,1.0,two_sided_clopper_pearson_0.95,false,7d6e05fbbf3cd9f864b265ffa6122b0ea4fd88757752dbc00ba634762d91b76b
libstdcxx,CANDIDATE,double,0.505,0.0050000000000000044,seed,7004,target_upper_tail_q,2,0.001,0.01,9006,9006,a three-vector reached the caller,1.0,0.9995904814490045,1.0,two_sided_clopper_pearson_0.95,false,7d6e05fbbf3cd9f864b265ffa6122b0ea4fd88757752dbc00ba634762d91b76b
libstdcxx,CANDIDATE,double,0.505,0.0050000000000000044,seed,7004,target_upper_tail_q,3,0.0001,0.001,914,186,a three-vector reached the caller,0.20350109409190373,0.17784283930997147,0.23108570512048643,two_sided_clopper_pearson_0.95,false,7d6e05fbbf3cd9f864b265ffa6122b0ea4fd88757752dbc00ba634762d91b76b
libstdcxx,CANDIDATE,double,0.505,0.0050000000000000044,seed,7004,target_upper_tail_q,4,1e-05,0.0001,80,0,a three-vector reached the caller,0.0,0.0,0.036754197779982345,one_sided_upper_0.95,true,7d6e05fbbf3cd9f864b265ffa6122b0ea4fd88757752dbc00ba634762d91b76b
libstdcxx,CANDIDATE,double,0.505,0.0050000000000000044,seed,7004,target_upper_tail_q,5,1e-06,1e-05,7,0,a three-vector reached the caller,0.0,0.0,0.34816365513116077,one_sided_upper_0.95,true,7d6e05fbbf3cd9f864b265ffa6122b0ea4fd88757752dbc00ba634762d91b76b
libstdcxx,CANDIDATE,double,0.505,0.0050000000000000044,seed,7004,target_upper_tail_q,6,1e-08,1e-06,1,0,a three-vector reached the caller,0.0,0.0,0.95,one_sided_upper_0.95,true,7d6e05fbbf3cd9f864b265ffa6122b0ea4fd88757752dbc00ba634762d91b76b
libstdcxx,QF,double,0.505,0.0050000000000000044,seed,7004,target_upper_tail_q,0,0.1,1.0,900033,900033,a three-vector reached the caller,1.0,0.9999959014037324,1.0,two_sided_clopper_pearson_0.95,false,7d6e05fbbf3cd9f864b265ffa6122b0ea4fd88757752dbc00ba634762d91b76b
libstdcxx,QF,double,0.505,0.0050000000000000044,seed,7004,target_upper_tail_q,1,0.01,0.1,89959,71066,a three-vector reached the caller,0.7899821029580142,0.7873054944975543,0.7926400005174004,two_sided_clopper_pearson_0.95,false,7d6e05fbbf3cd9f864b265ffa6122b0ea4fd88757752dbc00ba634762d91b76b
libstdcxx,QF,double,0.505,0.0050000000000000044,seed,7004,target_upper_tail_q,2,0.001,0.01,9006,0,a three-vector reached the caller,0.0,0.0,0.00033258206556985304,one_sided_upper_0.95,true,7d6e05fbbf3cd9f864b265ffa6122b0ea4fd88757752dbc00ba634762d91b76b
libstdcxx,QF,double,0.505,0.0050000000000000044,seed,7004,target_upper_tail_q,3,0.0001,0.001,914,0,a three-vector reached the caller,0.0,0.0,0.0032722409378523887,one_sided_upper_0.95,true,7d6e05fbbf3cd9f864b265ffa6122b0ea4fd88757752dbc00ba634762d91b76b
libstdcxx,QF,double,0.505,0.0050000000000000044,seed,7004,target_upper_tail_q,4,1e-05,0.0001,80,0,a three-vector reached the caller,0.0,0.0,0.036754197779982345,one_sided_upper_0.95,true,7d6e05fbbf3cd9f864b265ffa6122b0ea4fd88757752dbc00ba634762d91b76b
libstdcxx,QF,double,0.505,0.0050000000000000044,seed,7004,target_upper_tail_q,5,1e-06,1e-05,7,0,a three-vector reached the caller,0.0,0.0,0.34816365513116077,one_sided_upper_0.95,true,7d6e05fbbf3cd9f864b265ffa6122b0ea4fd88757752dbc00ba634762d91b76b
libstdcxx,QF,double,0.505,0.0050000000000000044,seed,7004,target_upper_tail_q,6,1e-08,1e-06,1,0,a three-vector reached the caller,0.0,0.0,0.95,one_sided_upper_0.95,true,7d6e05fbbf3cd9f864b265ffa6122b0ea4fd88757752dbc00ba634762d91b76b
libstdcxx,LEGACY,double,0.505,0.0050000000000000044,seed,7005,target_upper_tail_q,0,0.1,1.0,900253,900253,a three-vector reached the caller,1.0,0.9999959024053279,1.0,two_sided_clopper_pearson_0.95,false,7d6e05fbbf3cd9f864b265ffa6122b0ea4fd88757752dbc00ba634762d91b76b
libstdcxx,LEGACY,double,0.505,0.0050000000000000044,seed,7005,target_upper_tail_q,1,0.01,0.1,89786,75660,a three-vector reached the caller,0.8426703494976945,0.8402720675734706,0.8450464709309498,two_sided_clopper_pearson_0.95,false,7d6e05fbbf3cd9f864b265ffa6122b0ea4fd88757752dbc00ba634762d91b76b
libstdcxx,LEGACY,double,0.505,0.0050000000000000044,seed,7005,target_upper_tail_q,2,0.001,0.01,8965,0,a three-vector reached the caller,0.0,0.0,0.00033410282257428925,one_sided_upper_0.95,true,7d6e05fbbf3cd9f864b265ffa6122b0ea4fd88757752dbc00ba634762d91b76b
libstdcxx,LEGACY,double,0.505,0.0050000000000000044,seed,7005,target_upper_tail_q,3,0.0001,0.001,897,0,a three-vector reached the caller,0.0,0.0,0.0033341531534265556,one_sided_upper_0.95,true,7d6e05fbbf3cd9f864b265ffa6122b0ea4fd88757752dbc00ba634762d91b76b
libstdcxx,LEGACY,double,0.505,0.0050000000000000044,seed,7005,target_upper_tail_q,4,1e-05,0.0001,90,0,a three-vector reached the caller,0.0,0.0,0.032738033833534574,one_sided_upper_0.95,true,7d6e05fbbf3cd9f864b265ffa6122b0ea4fd88757752dbc00ba634762d91b76b
libstdcxx,LEGACY,double,0.505,0.0050000000000000044,seed,7005,target_upper_tail_q,5,1e-06,1e-05,7,0,a three-vector reached the caller,0.0,0.0,0.34816365513116077,one_sided_upper_0.95,true,7d6e05fbbf3cd9f864b265ffa6122b0ea4fd88757752dbc00ba634762d91b76b
libstdcxx,LEGACY,double,0.505,0.0050000000000000044,seed,7005,target_upper_tail_q,6,1e-08,1e-06,2,0,a three-vector reached the caller,0.0,0.0,0.776393202250021,one_sided_upper_0.95,true,7d6e05fbbf3cd9f864b265ffa6122b0ea4fd88757752dbc00ba634762d91b76b
libstdcxx,CANDIDATE,double,0.505,0.0050000000000000044,seed,7005,target_upper_tail_q,0,0.1,1.0,900253,900253,a three-vector reached the caller,1.0,0.9999959024053279,1.0,two_sided_clopper_pearson_0.95,false,7d6e05fbbf3cd9f864b265ffa6122b0ea4fd88757752dbc00ba634762d91b76b
libstdcxx,CANDIDATE,double,0.505,0.0050000000000000044,seed,7005,target_upper_tail_q,1,0.01,0.1,89786,89786,a three-vector reached the caller,1.0,0.9999589156029236,1.0,two_sided_clopper_pearson_0.95,false,7d6e05fbbf3cd9f864b265ffa6122b0ea4fd88757752dbc00ba634762d91b76b
libstdcxx,CANDIDATE,double,0.505,0.0050000000000000044,seed,7005,target_upper_tail_q,2,0.001,0.01,8965,8965,a three-vector reached the caller,1.0,0.9995886089664126,1.0,two_sided_clopper_pearson_0.95,false,7d6e05fbbf3cd9f864b265ffa6122b0ea4fd88757752dbc00ba634762d91b76b
libstdcxx,CANDIDATE,double,0.505,0.0050000000000000044,seed,7005,target_upper_tail_q,3,0.0001,0.001,897,172,a three-vector reached the caller,0.19175027870680045,0.16647639047148646,0.21906649980185758,two_sided_clopper_pearson_0.95,false,7d6e05fbbf3cd9f864b265ffa6122b0ea4fd88757752dbc00ba634762d91b76b
libstdcxx,CANDIDATE,double,0.505,0.0050000000000000044,seed,7005,target_upper_tail_q,4,1e-05,0.0001,90,0,a three-vector reached the caller,0.0,0.0,0.032738033833534574,one_sided_upper_0.95,true,7d6e05fbbf3cd9f864b265ffa6122b0ea4fd88757752dbc00ba634762d91b76b
libstdcxx,CANDIDATE,double,0.505,0.0050000000000000044,seed,7005,target_upper_tail_q,5,1e-06,1e-05,7,0,a three-vector reached the caller,0.0,0.0,0.34816365513116077,one_sided_upper_0.95,true,7d6e05fbbf3cd9f864b265ffa6122b0ea4fd88757752dbc00ba634762d91b76b
libstdcxx,CANDIDATE,double,0.505,0.0050000000000000044,seed,7005,target_upper_tail_q,6,1e-08,1e-06,2,0,a three-vector reached the caller,0.0,0.0,0.776393202250021,one_sided_upper_0.95,true,7d6e05fbbf3cd9f864b265ffa6122b0ea4fd88757752dbc00ba634762d91b76b
libstdcxx,QF,double,0.505,0.0050000000000000044,seed,7005,target_upper_tail_q,0,0.1,1.0,900253,900253,a three-vector reached the caller,1.0,0.9999959024053279,1.0,two_sided_clopper_pearson_0.95,false,7d6e05fbbf3cd9f864b265ffa6122b0ea4fd88757752dbc00ba634762d91b76b
libstdcxx,QF,double,0.505,0.0050000000000000044,seed,7005,target_upper_tail_q,1,0.01,0.1,89786,71030,a three-vector reached the caller,0.7911032900452186,0.7884292896392368,0.7937584708629722,two_sided_clopper_pearson_0.95,false,7d6e05fbbf3cd9f864b265ffa6122b0ea4fd88757752dbc00ba634762d91b76b
libstdcxx,QF,double,0.505,0.0050000000000000044,seed,7005,target_upper_tail_q,2,0.001,0.01,8965,0,a three-vector reached the caller,0.0,0.0,0.00033410282257428925,one_sided_upper_0.95,true,7d6e05fbbf3cd9f864b265ffa6122b0ea4fd88757752dbc00ba634762d91b76b
libstdcxx,QF,double,0.505,0.0050000000000000044,seed,7005,target_upper_tail_q,3,0.0001,0.001,897,0,a three-vector reached the caller,0.0,0.0,0.0033341531534265556,one_sided_upper_0.95,true,7d6e05fbbf3cd9f864b265ffa6122b0ea4fd88757752dbc00ba634762d91b76b
libstdcxx,QF,double,0.505,0.0050000000000000044,seed,7005,target_upper_tail_q,4,1e-05,0.0001,90,0,a three-vector reached the caller,0.0,0.0,0.032738033833534574,one_sided_upper_0.95,true,7d6e05fbbf3cd9f864b265ffa6122b0ea4fd88757752dbc00ba634762d91b76b
libstdcxx,QF,double,0.505,0.0050000000000000044,seed,7005,target_upper_tail_q,5,1e-06,1e-05,7,0,a three-vector reached the caller,0.0,0.0,0.34816365513116077,one_sided_upper_0.95,true,7d6e05fbbf3cd9f864b265ffa6122b0ea4fd88757752dbc00ba634762d91b76b
libstdcxx,QF,double,0.505,0.0050000000000000044,seed,7005,target_upper_tail_q,6,1e-08,1e-06,2,0,a three-vector reached the caller,0.0,0.0,0.776393202250021,one_sided_upper_0.95,true,7d6e05fbbf3cd9f864b265ffa6122b0ea4fd88757752dbc00ba634762d91b76b
libstdcxx,LEGACY,double,0.51,0.010000000000000009,seed,7001,target_upper_tail_q,0,0.1,1.0,900131,900131,a three-vector reached the caller,1.0,0.9999959018499581,1.0,two_sided_clopper_pearson_0.95,false,7d6e05fbbf3cd9f864b265ffa6122b0ea4fd88757752dbc00ba634762d91b76b
libstdcxx,LEGACY,double,0.51,0.010000000000000009,seed,7001,target_upper_tail_q,1,0.01,0.1,89907,89907,a three-vector reached the caller,1.0,0.9999589708946146,1.0,two_sided_clopper_pearson_0.95,false,7d6e05fbbf3cd9f864b265ffa6122b0ea4fd88757752dbc00ba634762d91b76b
libstdcxx,LEGACY,double,0.51,0.010000000000000009,seed,7001,target_upper_tail_q,2,0.001,0.01,8924,8924,a three-vector reached the caller,1.0,0.9995867192816873,1.0,two_sided_clopper_pearson_0.95,false,7d6e05fbbf3cd9f864b265ffa6122b0ea4fd88757752dbc00ba634762d91b76b
libstdcxx,LEGACY,double,0.51,0.010000000000000009,seed,7001,target_upper_tail_q,3,0.0001,0.001,938,443,a three-vector reached the caller,0.4722814498933902,0.4399300963637642,0.5048073443134775,two_sided_clopper_pearson_0.95,false,7d6e05fbbf3cd9f864b265ffa6122b0ea4fd88757752dbc00ba634762d91b76b
libstdcxx,LEGACY,double,0.51,0.010000000000000009,seed,7001,target_upper_tail_q,4,1e-05,0.0001,96,0,a three-vector reached the caller,0.0,0.0,0.03072367683353283,one_sided_upper_0.95,true,7d6e05fbbf3cd9f864b265ffa6122b0ea4fd88757752dbc00ba634762d91b76b
libstdcxx,LEGACY,double,0.51,0.010000000000000009,seed,7001,target_upper_tail_q,5,1e-06,1e-05,4,0,a three-vector reached the caller,0.0,0.0,0.527129195498412,one_sided_upper_0.95,true,7d6e05fbbf3cd9f864b265ffa6122b0ea4fd88757752dbc00ba634762d91b76b
libstdcxx,CANDIDATE,double,0.51,0.010000000000000009,seed,7001,target_upper_tail_q,0,0.1,1.0,900131,900131,a three-vector reached the caller,1.0,0.9999959018499581,1.0,two_sided_clopper_pearson_0.95,false,7d6e05fbbf3cd9f864b265ffa6122b0ea4fd88757752dbc00ba634762d91b76b
libstdcxx,CANDIDATE,double,0.51,0.010000000000000009,seed,7001,target_upper_tail_q,1,0.01,0.1,89907,89907,a three-vector reached the caller,1.0,0.9999589708946146,1.0,two_sided_clopper_pearson_0.95,false,7d6e05fbbf3cd9f864b265ffa6122b0ea4fd88757752dbc00ba634762d91b76b
libstdcxx,CANDIDATE,double,0.51,0.010000000000000009,seed,7001,target_upper_tail_q,2,0.001,0.01,8924,8924,a three-vector reached the caller,1.0,0.9995867192816873,1.0,two_sided_clopper_pearson_0.95,false,7d6e05fbbf3cd9f864b265ffa6122b0ea4fd88757752dbc00ba634762d91b76b
libstdcxx,CANDIDATE,double,0.51,0.010000000000000009,seed,7001,target_upper_tail_q,3,0.0001,0.001,938,938,a three-vector reached the caller,1.0,0.9960750156588521,1.0,two_sided_clopper_pearson_0.95,false,7d6e05fbbf3cd9f864b265ffa6122b0ea4fd88757752dbc00ba634762d91b76b
libstdcxx,CANDIDATE,double,0.51,0.010000000000000009,seed,7001,target_upper_tail_q,4,1e-05,0.0001,96,96,a three-vector reached the caller,1.0,0.9623030783764125,1.0,two_sided_clopper_pearson_0.95,false,7d6e05fbbf3cd9f864b265ffa6122b0ea4fd88757752dbc00ba634762d91b76b
libstdcxx,CANDIDATE,double,0.51,0.010000000000000009,seed,7001,target_upper_tail_q,5,1e-06,1e-05,4,4,a three-vector reached the caller,1.0,0.3976353643835254,1.0,two_sided_clopper_pearson_0.95,false,7d6e05fbbf3cd9f864b265ffa6122b0ea4fd88757752dbc00ba634762d91b76b
libstdcxx,QF,double,0.51,0.010000000000000009,seed,7001,target_upper_tail_q,0,0.1,1.0,900131,900131,a three-vector reached the caller,1.0,0.9999959018499581,1.0,two_sided_clopper_pearson_0.95,false,7d6e05fbbf3cd9f864b265ffa6122b0ea4fd88757752dbc00ba634762d91b76b
libstdcxx,QF,double,0.51,0.010000000000000009,seed,7001,target_upper_tail_q,1,0.01,0.1,89907,89907,a three-vector reached the caller,1.0,0.9999589708946146,1.0,two_sided_clopper_pearson_0.95,false,7d6e05fbbf3cd9f864b265ffa6122b0ea4fd88757752dbc00ba634762d91b76b
libstdcxx,QF,double,0.51,0.010000000000000009,seed,7001,target_upper_tail_q,2,0.001,0.01,8924,8924,a three-vector reached the caller,1.0,0.9995867192816873,1.0,two_sided_clopper_pearson_0.95,false,7d6e05fbbf3cd9f864b265ffa6122b0ea4fd88757752dbc00ba634762d91b76b
libstdcxx,QF,double,0.51,0.010000000000000009,seed,7001,target_upper_tail_q,3,0.0001,0.001,938,186,a three-vector reached the caller,0.19829424307036247,0.1732248238082107,0.2252736067335193,two_sided_clopper_pearson_0.95,false,7d6e05fbbf3cd9f864b265ffa6122b0ea4fd88757752dbc00ba634762d91b76b
libstdcxx,QF,double,0.51,0.010000000000000009,seed,7001,target_upper_tail_q,4,1e-05,0.0001,96,0,a three-vector reached the caller,0.0,0.0,0.03072367683353283,one_sided_upper_0.95,true,7d6e05fbbf3cd9f864b265ffa6122b0ea4fd88757752dbc00ba634762d91b76b
libstdcxx,QF,double,0.51,0.010000000000000009,seed,7001,target_upper_tail_q,5,1e-06,1e-05,4,0,a three-vector reached the caller,0.0,0.0,0.527129195498412,one_sided_upper_0.95,true,7d6e05fbbf3cd9f864b265ffa6122b0ea4fd88757752dbc00ba634762d91b76b
libstdcxx,LEGACY,double,0.51,0.010000000000000009,seed,7002,target_upper_tail_q,0,0.1,1.0,899841,899841,a three-vector reached the caller,1.0,0.9999959005292125,1.0,two_sided_clopper_pearson_0.95,false,7d6e05fbbf3cd9f864b265ffa6122b0ea4fd88757752dbc00ba634762d91b76b
libstdcxx,LEGACY,double,0.51,0.010000000000000009,seed,7002,target_upper_tail_q,1,0.01,0.1,90280,90280,a three-vector reached the caller,1.0,0.9999591404066178,1.0,two_sided_clopper_pearson_0.95,false,7d6e05fbbf3cd9f864b265ffa6122b0ea4fd88757752dbc00ba634762d91b76b
libstdcxx,LEGACY,double,0.51,0.010000000000000009,seed,7002,target_upper_tail_q,2,0.001,0.01,8865,8865,a three-vector reached the caller,1.0,0.9995839693110699,1.0,two_sided_clopper_pearson_0.95,false,7d6e05fbbf3cd9f864b265ffa6122b0ea4fd88757752dbc00ba634762d91b76b
libstdcxx,LEGACY,double,0.51,0.010000000000000009,seed,7002,target_upper_tail_q,3,0.0001,0.001,932,429,a three-vector reached the caller,0.46030042918454933,0.4279337672761374,0.49291870796875525,two_sided_clopper_pearson_0.95,false,7d6e05fbbf3cd9f864b265ffa6122b0ea4fd88757752dbc00ba634762d91b76b
libstdcxx,LEGACY,double,0.51,0.010000000000000009,seed,7002,target_upper_tail_q,4,1e-05,0.0001,77,0,a three-vector reached the caller,0.0,0.0,0.03815851071154541,one_sided_upper_0.95,true,7d6e05fbbf3cd9f864b265ffa6122b0ea4fd88757752dbc00ba634762d91b76b
libstdcxx,LEGACY,double,0.51,0.010000000000000009,seed,7002,target_upper_tail_q,5,1e-06,1e-05,5,0,a three-vector reached the caller,0.0,0.0,0.4507197283469411,one_sided_upper_0.95,true,7d6e05fbbf3cd9f864b265ffa6122b0ea4fd88757752dbc00ba634762d91b76b
libstdcxx,CANDIDATE,double,0.51,0.010000000000000009,seed,7002,target_upper_tail_q,0,0.1,1.0,899841,899841,a three-vector reached the caller,1.0,0.9999959005292125,1.0,two_sided_clopper_pearson_0.95,false,7d6e05fbbf3cd9f864b265ffa6122b0ea4fd88757752dbc00ba634762d91b76b
libstdcxx,CANDIDATE,double,0.51,0.010000000000000009,seed,7002,target_upper_tail_q,1,0.01,0.1,90280,90280,a three-vector reached the caller,1.0,0.9999591404066178,1.0,two_sided_clopper_pearson_0.95,false,7d6e05fbbf3cd9f864b265ffa6122b0ea4fd88757752dbc00ba634762d91b76b
libstdcxx,CANDIDATE,double,0.51,0.010000000000000009,seed,7002,target_upper_tail_q,2,0.001,0.01,8865,8865,a three-vector reached the caller,1.0,0.9995839693110699,1.0,two_sided_clopper_pearson_0.95,false,7d6e05fbbf3cd9f864b265ffa6122b0ea4fd88757752dbc00ba634762d91b76b
libstdcxx,CANDIDATE,double,0.51,0.010000000000000009,seed,7002,target_upper_tail_q,3,0.0001,0.001,932,932,a three-vector reached the caller,1.0,0.9960497974920849,1.0,two_sided_clopper_pearson_0.95,false,7d6e05fbbf3cd9f864b265ffa6122b0ea4fd88757752dbc00ba634762d91b76b
libstdcxx,CANDIDATE,double,0.51,0.010000000000000009,seed,7002,target_upper_tail_q,4,1e-05,0.0001,77,77,a three-vector reached the caller,1.0,0.9532219318395959,1.0,two_sided_clopper_pearson_0.95,false,7d6e05fbbf3cd9f864b265ffa6122b0ea4fd88757752dbc00ba634762d91b76b
libstdcxx,CANDIDATE,double,0.51,0.010000000000000009,seed,7002,target_upper_tail_q,5,1e-06,1e-05,5,5,a three-vector reached the caller,1.0,0.47817624989501856,1.0,two_sided_clopper_pearson_0.95,false,7d6e05fbbf3cd9f864b265ffa6122b0ea4fd88757752dbc00ba634762d91b76b
libstdcxx,QF,double,0.51,0.010000000000000009,seed,7002,target_upper_tail_q,0,0.1,1.0,899841,899841,a three-vector reached the caller,1.0,0.9999959005292125,1.0,two_sided_clopper_pearson_0.95,false,7d6e05fbbf3cd9f864b265ffa6122b0ea4fd88757752dbc00ba634762d91b76b
libstdcxx,QF,double,0.51,0.010000000000000009,seed,7002,target_upper_tail_q,1,0.01,0.1,90280,90280,a three-vector reached the caller,1.0,0.9999591404066178,1.0,two_sided_clopper_pearson_0.95,false,7d6e05fbbf3cd9f864b265ffa6122b0ea4fd88757752dbc00ba634762d91b76b
libstdcxx,QF,double,0.51,0.010000000000000009,seed,7002,target_upper_tail_q,2,0.001,0.01,8865,8865,a three-vector reached the caller,1.0,0.9995839693110699,1.0,two_sided_clopper_pearson_0.95,false,7d6e05fbbf3cd9f864b265ffa6122b0ea4fd88757752dbc00ba634762d91b76b
libstdcxx,QF,double,0.51,0.010000000000000009,seed,7002,target_upper_tail_q,3,0.0001,0.001,932,180,a three-vector reached the caller,0.19313304721030042,0.16825471112484966,0.2199671691142679,two_sided_clopper_pearson_0.95,false,7d6e05fbbf3cd9f864b265ffa6122b0ea4fd88757752dbc00ba634762d91b76b
libstdcxx,QF,double,0.51,0.010000000000000009,seed,7002,target_upper_tail_q,4,1e-05,0.0001,77,0,a three-vector reached the caller,0.0,0.0,0.03815851071154541,one_sided_upper_0.95,true,7d6e05fbbf3cd9f864b265ffa6122b0ea4fd88757752dbc00ba634762d91b76b
libstdcxx,QF,double,0.51,0.010000000000000009,seed,7002,target_upper_tail_q,5,1e-06,1e-05,5,0,a three-vector reached the caller,0.0,0.0,0.4507197283469411,one_sided_upper_0.95,true,7d6e05fbbf3cd9f864b265ffa6122b0ea4fd88757752dbc00ba634762d91b76b
libstdcxx,LEGACY,double,0.51,0.010000000000000009,seed,7003,target_upper_tail_q,0,0.1,1.0,900174,900174,a three-vector reached the caller,1.0,0.9999959020457204,1.0,two_sided_clopper_pearson_0.95,false,7d6e05fbbf3cd9f864b265ffa6122b0ea4fd88757752dbc00ba634762d91b76b
libstdcxx,LEGACY,double,0.51,0.010000000000000009,seed,7003,target_upper_tail_q,1,0.01,0.1,89900,89900,a three-vector reached the caller,1.0,0.9999589676999778,1.0,two_sided_clopper_pearson_0.95,false,7d6e05fbbf3cd9f864b265ffa6122b0ea4fd88757752dbc00ba634762d91b76b
libstdcxx,LEGACY,double,0.51,0.010000000000000009,seed,7003,target_upper_tail_q,2,0.001,0.01,8953,8953,a three-vector reached the caller,1.0,0.9995880576790847,1.0,two_sided_clopper_pearson_0.95,false,7d6e05fbbf3cd9f864b265ffa6122b0ea4fd88757752dbc00ba634762d91b76b
libstdcxx,LEGACY,double,0.51,0.010000000000000009,seed,7003,target_upper_tail_q,3,0.0001,0.001,874,389,a three-vector reached the caller,0.4450800915331808,0.4117930887292442,0.47873852149809776,two_sided_clopper_pearson_0.95,false,7d6e05fbbf3cd9f864b265ffa6122b0ea4fd88757752dbc00ba634762d91b76b
libstdcxx,LEGACY,double,0.51,0.010000000000000009,seed,7003,target_upper_tail_q,4,1e-05,0.0001,89,0,a three-vector reached the caller,0.0,0.0,0.03309972123627414,one_sided_upper_0.95,true,7d6e05fbbf3cd9f864b265ffa6122b0ea4fd88757752dbc00ba634762d91b76b
libstdcxx,LEGACY,double,0.51,0.010000000000000009,seed,7003,target_upper_tail_q,5,1e-06,1e-05,7,0,a three-vector reached the caller,0.0,0.0,0.34816365513116077,one_sided_upper_0.95,true,7d6e05fbbf3cd9f864b265ffa6122b0ea4fd88757752dbc00ba634762d91b76b
libstdcxx,LEGACY,double,0.51,0.010000000000000009,seed,7003,target_upper_tail_q,6,1e-08,1e-06,3,0,a three-vector reached the caller,0.0,0.0,0.6315968501359612,one_sided_upper_0.95,true,7d6e05fbbf3cd9f864b265ffa6122b0ea4fd88757752dbc00ba634762d91b76b
libstdcxx,CANDIDATE,double,0.51,0.010000000000000009,seed,7003,target_upper_tail_q,0,0.1,1.0,900174,900174,a three-vector reached the caller,1.0,0.9999959020457204,1.0,two_sided_clopper_pearson_0.95,false,7d6e05fbbf3cd9f864b265ffa6122b0ea4fd88757752dbc00ba634762d91b76b
libstdcxx,CANDIDATE,double,0.51,0.010000000000000009,seed,7003,target_upper_tail_q,1,0.01,0.1,89900,89900,a three-vector reached the caller,1.0,0.9999589676999778,1.0,two_sided_clopper_pearson_0.95,false,7d6e05fbbf3cd9f864b265ffa6122b0ea4fd88757752dbc00ba634762d91b76b
libstdcxx,CANDIDATE,double,0.51,0.010000000000000009,seed,7003,target_upper_tail_q,2,0.001,0.01,8953,8953,a three-vector reached the caller,1.0,0.9995880576790847,1.0,two_sided_clopper_pearson_0.95,false,7d6e05fbbf3cd9f864b265ffa6122b0ea4fd88757752dbc00ba634762d91b76b
libstdcxx,CANDIDATE,double,0.51,0.010000000000000009,seed,7003,target_upper_tail_q,3,0.0001,0.001,874,874,a three-vector reached the caller,1.0,0.9957882087022145,1.0,two_sided_clopper_pearson_0.95,false,7d6e05fbbf3cd9f864b265ffa6122b0ea4fd88757752dbc00ba634762d91b76b
libstdcxx,CANDIDATE,double,0.51,0.010000000000000009,seed,7003,target_upper_tail_q,4,1e-05,0.0001,89,89,a three-vector reached the caller,1.0,0.9593991424503682,1.0,two_sided_clopper_pearson_0.95,false,7d6e05fbbf3cd9f864b265ffa6122b0ea4fd88757752dbc00ba634762d91b76b
libstdcxx,CANDIDATE,double,0.51,0.010000000000000009,seed,7003,target_upper_tail_q,5,1e-06,1e-05,7,7,a three-vector reached the caller,1.0,0.5903836027749967,1.0,two_sided_clopper_pearson_0.95,false,7d6e05fbbf3cd9f864b265ffa6122b0ea4fd88757752dbc00ba634762d91b76b
libstdcxx,CANDIDATE,double,0.51,0.010000000000000009,seed,7003,target_upper_tail_q,6,1e-08,1e-06,3,2,a three-vector reached the caller,0.6666666666666666,0.09429932405024613,0.9915962413403874,two_sided_clopper_pearson_0.95,false,7d6e05fbbf3cd9f864b265ffa6122b0ea4fd88757752dbc00ba634762d91b76b
libstdcxx,QF,double,0.51,0.010000000000000009,seed,7003,target_upper_tail_q,0,0.1,1.0,900174,900174,a three-vector reached the caller,1.0,0.9999959020457204,1.0,two_sided_clopper_pearson_0.95,false,7d6e05fbbf3cd9f864b265ffa6122b0ea4fd88757752dbc00ba634762d91b76b
libstdcxx,QF,double,0.51,0.010000000000000009,seed,7003,target_upper_tail_q,1,0.01,0.1,89900,89900,a three-vector reached the caller,1.0,0.9999589676999778,1.0,two_sided_clopper_pearson_0.95,false,7d6e05fbbf3cd9f864b265ffa6122b0ea4fd88757752dbc00ba634762d91b76b
libstdcxx,QF,double,0.51,0.010000000000000009,seed,7003,target_upper_tail_q,2,0.001,0.01,8953,8953,a three-vector reached the caller,1.0,0.9995880576790847,1.0,two_sided_clopper_pearson_0.95,false,7d6e05fbbf3cd9f864b265ffa6122b0ea4fd88757752dbc00ba634762d91b76b
libstdcxx,QF,double,0.51,0.010000000000000009,seed,7003,target_upper_tail_q,3,0.0001,0.001,874,153,a three-vector reached the caller,0.17505720823798626,0.15042063712382014,0.2019062436759864,two_sided_clopper_pearson_0.95,false,7d6e05fbbf3cd9f864b265ffa6122b0ea4fd88757752dbc00ba634762d91b76b
libstdcxx,QF,double,0.51,0.010000000000000009,seed,7003,target_upper_tail_q,4,1e-05,0.0001,89,0,a three-vector reached the caller,0.0,0.0,0.03309972123627414,one_sided_upper_0.95,true,7d6e05fbbf3cd9f864b265ffa6122b0ea4fd88757752dbc00ba634762d91b76b
libstdcxx,QF,double,0.51,0.010000000000000009,seed,7003,target_upper_tail_q,5,1e-06,1e-05,7,0,a three-vector reached the caller,0.0,0.0,0.34816365513116077,one_sided_upper_0.95,true,7d6e05fbbf3cd9f864b265ffa6122b0ea4fd88757752dbc00ba634762d91b76b
libstdcxx,QF,double,0.51,0.010000000000000009,seed,7003,target_upper_tail_q,6,1e-08,1e-06,3,0,a three-vector reached the caller,0.0,0.0,0.6315968501359612,one_sided_upper_0.95,true,7d6e05fbbf3cd9f864b265ffa6122b0ea4fd88757752dbc00ba634762d91b76b
libstdcxx,LEGACY,double,0.51,0.010000000000000009,seed,7004,target_upper_tail_q,0,0.1,1.0,899951,899951,a three-vector reached the caller,1.0,0.9999959010302852,1.0,two_sided_clopper_pearson_0.95,false,7d6e05fbbf3cd9f864b265ffa6122b0ea4fd88757752dbc00ba634762d91b76b
libstdcxx,LEGACY,double,0.51,0.010000000000000009,seed,7004,target_upper_tail_q,1,0.01,0.1,90007,90007,a three-vector reached the caller,1.0,0.9999590164780299,1.0,two_sided_clopper_pearson_0.95,false,7d6e05fbbf3cd9f864b265ffa6122b0ea4fd88757752dbc00ba634762d91b76b
libstdcxx,LEGACY,double,0.51,0.010000000000000009,seed,7004,target_upper_tail_q,2,0.001,0.01,9043,9043,a three-vector reached the caller,1.0,0.9995921566780333,1.0,two_sided_clopper_pearson_0.95,false,7d6e05fbbf3cd9f864b265ffa6122b0ea4fd88757752dbc00ba634762d91b76b
libstdcxx,LEGACY,double,0.51,0.010000000000000009,seed,7004,target_upper_tail_q,3,0.0001,0.001,908,419,a three-vector reached the caller,0.46145374449339205,0.4286482372614383,0.49451007529579816,two_sided_clopper_pearson_0.95,false,7d6e05fbbf3cd9f864b265ffa6122b0ea4fd88757752dbc00ba634762d91b76b
libstdcxx,LEGACY,double,0.51,0.010000000000000009,seed,7004,target_upper_tail_q,4,1e-05,0.0001,83,0,a three-vector reached the caller,0.0,0.0,0.03544956814588507,one_sided_upper_0.95,true,7d6e05fbbf3cd9f864b265ffa6122b0ea4fd88757752dbc00ba634762d91b76b
libstdcxx,LEGACY,double,0.51,0.010000000000000009,seed,7004,target_upper_tail_q,5,1e-06,1e-05,7,0,a three-vector reached the caller,0.0,0.0,0.34816365513116077,one_sided_upper_0.95,true,7d6e05fbbf3cd9f864b265ffa6122b0ea4fd88757752dbc00ba634762d91b76b
libstdcxx,LEGACY,double,0.51,0.010000000000000009,seed,7004,target_upper_tail_q,6,1e-08,1e-06,1,0,a three-vector reached the caller,0.0,0.0,0.95,one_sided_upper_0.95,true,7d6e05fbbf3cd9f864b265ffa6122b0ea4fd88757752dbc00ba634762d91b76b
libstdcxx,CANDIDATE,double,0.51,0.010000000000000009,seed,7004,target_upper_tail_q,0,0.1,1.0,899951,899951,a three-vector reached the caller,1.0,0.9999959010302852,1.0,two_sided_clopper_pearson_0.95,false,7d6e05fbbf3cd9f864b265ffa6122b0ea4fd88757752dbc00ba634762d91b76b
libstdcxx,CANDIDATE,double,0.51,0.010000000000000009,seed,7004,target_upper_tail_q,1,0.01,0.1,90007,90007,a three-vector reached the caller,1.0,0.9999590164780299,1.0,two_sided_clopper_pearson_0.95,false,7d6e05fbbf3cd9f864b265ffa6122b0ea4fd88757752dbc00ba634762d91b76b
libstdcxx,CANDIDATE,double,0.51,0.010000000000000009,seed,7004,target_upper_tail_q,2,0.001,0.01,9043,9043,a three-vector reached the caller,1.0,0.9995921566780333,1.0,two_sided_clopper_pearson_0.95,false,7d6e05fbbf3cd9f864b265ffa6122b0ea4fd88757752dbc00ba634762d91b76b
libstdcxx,CANDIDATE,double,0.51,0.010000000000000009,seed,7004,target_upper_tail_q,3,0.0001,0.001,908,908,a three-vector reached the caller,1.0,0.9959455987973633,1.0,two_sided_clopper_pearson_0.95,false,7d6e05fbbf3cd9f864b265ffa6122b0ea4fd88757752dbc00ba634762d91b76b
libstdcxx,CANDIDATE,double,0.51,0.010000000000000009,seed,7004,target_upper_tail_q,4,1e-05,0.0001,83,83,a three-vector reached the caller,1.0,0.9565288478335582,1.0,two_sided_clopper_pearson_0.95,false,7d6e05fbbf3cd9f864b265ffa6122b0ea4fd88757752dbc00ba634762d91b76b
libstdcxx,CANDIDATE,double,0.51,0.010000000000000009,seed,7004,target_upper_tail_q,5,1e-06,1e-05,7,7,a three-vector reached the caller,1.0,0.5903836027749967,1.0,two_sided_clopper_pearson_0.95,false,7d6e05fbbf3cd9f864b265ffa6122b0ea4fd88757752dbc00ba634762d91b76b
libstdcxx,CANDIDATE,double,0.51,0.010000000000000009,seed,7004,target_upper_tail_q,6,1e-08,1e-06,1,0,a three-vector reached the caller,0.0,0.0,0.95,one_sided_upper_0.95,true,7d6e05fbbf3cd9f864b265ffa6122b0ea4fd88757752dbc00ba634762d91b76b
libstdcxx,QF,double,0.51,0.010000000000000009,seed,7004,target_upper_tail_q,0,0.1,1.0,899951,899951,a three-vector reached the caller,1.0,0.9999959010302852,1.0,two_sided_clopper_pearson_0.95,false,7d6e05fbbf3cd9f864b265ffa6122b0ea4fd88757752dbc00ba634762d91b76b
libstdcxx,QF,double,0.51,0.010000000000000009,seed,7004,target_upper_tail_q,1,0.01,0.1,90007,90007,a three-vector reached the caller,1.0,0.9999590164780299,1.0,two_sided_clopper_pearson_0.95,false,7d6e05fbbf3cd9f864b265ffa6122b0ea4fd88757752dbc00ba634762d91b76b
libstdcxx,QF,double,0.51,0.010000000000000009,seed,7004,target_upper_tail_q,2,0.001,0.01,9043,9043,a three-vector reached the caller,1.0,0.9995921566780333,1.0,two_sided_clopper_pearson_0.95,false,7d6e05fbbf3cd9f864b265ffa6122b0ea4fd88757752dbc00ba634762d91b76b
libstdcxx,QF,double,0.51,0.010000000000000009,seed,7004,target_upper_tail_q,3,0.0001,0.001,908,164,a three-vector reached the caller,0.18061674008810572,0.15611227767142155,0.20721267815976704,two_sided_clopper_pearson_0.95,false,7d6e05fbbf3cd9f864b265ffa6122b0ea4fd88757752dbc00ba634762d91b76b
libstdcxx,QF,double,0.51,0.010000000000000009,seed,7004,target_upper_tail_q,4,1e-05,0.0001,83,0,a three-vector reached the caller,0.0,0.0,0.03544956814588507,one_sided_upper_0.95,true,7d6e05fbbf3cd9f864b265ffa6122b0ea4fd88757752dbc00ba634762d91b76b
libstdcxx,QF,double,0.51,0.010000000000000009,seed,7004,target_upper_tail_q,5,1e-06,1e-05,7,0,a three-vector reached the caller,0.0,0.0,0.34816365513116077,one_sided_upper_0.95,true,7d6e05fbbf3cd9f864b265ffa6122b0ea4fd88757752dbc00ba634762d91b76b
libstdcxx,QF,double,0.51,0.010000000000000009,seed,7004,target_upper_tail_q,6,1e-08,1e-06,1,0,a three-vector reached the caller,0.0,0.0,0.95,one_sided_upper_0.95,true,7d6e05fbbf3cd9f864b265ffa6122b0ea4fd88757752dbc00ba634762d91b76b
libstdcxx,LEGACY,double,0.51,0.010000000000000009,seed,7005,target_upper_tail_q,0,0.1,1.0,900332,900332,a three-vector reached the caller,1.0,0.9999959027648723,1.0,two_sided_clopper_pearson_0.95,false,7d6e05fbbf3cd9f864b265ffa6122b0ea4fd88757752dbc00ba634762d91b76b
libstdcxx,LEGACY,double,0.51,0.010000000000000009,seed,7005,target_upper_tail_q,1,0.01,0.1,89728,89728,a three-vector reached the caller,1.0,0.9999588890465972,1.0,two_sided_clopper_pearson_0.95,false,7d6e05fbbf3cd9f864b265ffa6122b0ea4fd88757752dbc00ba634762d91b76b
libstdcxx,LEGACY,double,0.51,0.010000000000000009,seed,7005,target_upper_tail_q,2,0.001,0.01,8943,8943,a three-vector reached the caller,1.0,0.9995875971430608,1.0,two_sided_clopper_pearson_0.95,false,7d6e05fbbf3cd9f864b265ffa6122b0ea4fd88757752dbc00ba634762d91b76b
libstdcxx,LEGACY,double,0.51,0.010000000000000009,seed,7005,target_upper_tail_q,3,0.0001,0.001,895,400,a three-vector reached the caller,0.44692737430167595,0.4140173486987413,0.48018783108754365,two_sided_clopper_pearson_0.95,false,7d6e05fbbf3cd9f864b265ffa6122b0ea4fd88757752dbc00ba634762d91b76b
libstdcxx,LEGACY,double,0.51,0.010000000000000009,seed,7005,target_upper_tail_q,4,1e-05,0.0001,93,0,a three-vector reached the caller,0.0,0.0,0.03169888899111484,one_sided_upper_0.95,true,7d6e05fbbf3cd9f864b265ffa6122b0ea4fd88757752dbc00ba634762d91b76b
libstdcxx,LEGACY,double,0.51,0.010000000000000009,seed,7005,target_upper_tail_q,5,1e-06,1e-05,7,0,a three-vector reached the caller,0.0,0.0,0.34816365513116077,one_sided_upper_0.95,true,7d6e05fbbf3cd9f864b265ffa6122b0ea4fd88757752dbc00ba634762d91b76b
libstdcxx,LEGACY,double,0.51,0.010000000000000009,seed,7005,target_upper_tail_q,6,1e-08,1e-06,2,0,a three-vector reached the caller,0.0,0.0,0.776393202250021,one_sided_upper_0.95,true,7d6e05fbbf3cd9f864b265ffa6122b0ea4fd88757752dbc00ba634762d91b76b
libstdcxx,CANDIDATE,double,0.51,0.010000000000000009,seed,7005,target_upper_tail_q,0,0.1,1.0,900332,900332,a three-vector reached the caller,1.0,0.9999959027648723,1.0,two_sided_clopper_pearson_0.95,false,7d6e05fbbf3cd9f864b265ffa6122b0ea4fd88757752dbc00ba634762d91b76b
libstdcxx,CANDIDATE,double,0.51,0.010000000000000009,seed,7005,target_upper_tail_q,1,0.01,0.1,89728,89728,a three-vector reached the caller,1.0,0.9999588890465972,1.0,two_sided_clopper_pearson_0.95,false,7d6e05fbbf3cd9f864b265ffa6122b0ea4fd88757752dbc00ba634762d91b76b
libstdcxx,CANDIDATE,double,0.51,0.010000000000000009,seed,7005,target_upper_tail_q,2,0.001,0.01,8943,8943,a three-vector reached the caller,1.0,0.9995875971430608,1.0,two_sided_clopper_pearson_0.95,false,7d6e05fbbf3cd9f864b265ffa6122b0ea4fd88757752dbc00ba634762d91b76b
libstdcxx,CANDIDATE,double,0.51,0.010000000000000009,seed,7005,target_upper_tail_q,3,0.0001,0.001,895,895,a three-vector reached the caller,1.0,0.9958868293326829,1.0,two_sided_clopper_pearson_0.95,false,7d6e05fbbf3cd9f864b265ffa6122b0ea4fd88757752dbc00ba634762d91b76b
libstdcxx,CANDIDATE,double,0.51,0.010000000000000009,seed,7005,target_upper_tail_q,4,1e-05,0.0001,93,93,a three-vector reached the caller,1.0,0.9611110014657241,1.0,two_sided_clopper_pearson_0.95,false,7d6e05fbbf3cd9f864b265ffa6122b0ea4fd88757752dbc00ba634762d91b76b
libstdcxx,CANDIDATE,double,0.51,0.010000000000000009,seed,7005,target_upper_tail_q,5,1e-06,1e-05,7,7,a three-vector reached the caller,1.0,0.5903836027749967,1.0,two_sided_clopper_pearson_0.95,false,7d6e05fbbf3cd9f864b265ffa6122b0ea4fd88757752dbc00ba634762d91b76b
libstdcxx,CANDIDATE,double,0.51,0.010000000000000009,seed,7005,target_upper_tail_q,6,1e-08,1e-06,2,0,a three-vector reached the caller,0.0,0.0,0.776393202250021,one_sided_upper_0.95,true,7d6e05fbbf3cd9f864b265ffa6122b0ea4fd88757752dbc00ba634762d91b76b
libstdcxx,QF,double,0.51,0.010000000000000009,seed,7005,target_upper_tail_q,0,0.1,1.0,900332,900332,a three-vector reached the caller,1.0,0.9999959027648723,1.0,two_sided_clopper_pearson_0.95,false,7d6e05fbbf3cd9f864b265ffa6122b0ea4fd88757752dbc00ba634762d91b76b
libstdcxx,QF,double,0.51,0.010000000000000009,seed,7005,target_upper_tail_q,1,0.01,0.1,89728,89728,a three-vector reached the caller,1.0,0.9999588890465972,1.0,two_sided_clopper_pearson_0.95,false,7d6e05fbbf3cd9f864b265ffa6122b0ea4fd88757752dbc00ba634762d91b76b
libstdcxx,QF,double,0.51,0.010000000000000009,seed,7005,target_upper_tail_q,2,0.001,0.01,8943,8943,a three-vector reached the caller,1.0,0.9995875971430608,1.0,two_sided_clopper_pearson_0.95,false,7d6e05fbbf3cd9f864b265ffa6122b0ea4fd88757752dbc00ba634762d91b76b
libstdcxx,QF,double,0.51,0.010000000000000009,seed,7005,target_upper_tail_q,3,0.0001,0.001,895,164,a three-vector reached the caller,0.18324022346368715,0.1584124566042251,0.21017246030439482,two_sided_clopper_pearson_0.95,false,7d6e05fbbf3cd9f864b265ffa6122b0ea4fd88757752dbc00ba634762d91b76b
libstdcxx,QF,double,0.51,0.010000000000000009,seed,7005,target_upper_tail_q,4,1e-05,0.0001,93,0,a three-vector reached the caller,0.0,0.0,0.03169888899111484,one_sided_upper_0.95,true,7d6e05fbbf3cd9f864b265ffa6122b0ea4fd88757752dbc00ba634762d91b76b
libstdcxx,QF,double,0.51,0.010000000000000009,seed,7005,target_upper_tail_q,5,1e-06,1e-05,7,0,a three-vector reached the caller,0.0,0.0,0.34816365513116077,one_sided_upper_0.95,true,7d6e05fbbf3cd9f864b265ffa6122b0ea4fd88757752dbc00ba634762d91b76b
libstdcxx,QF,double,0.51,0.010000000000000009,seed,7005,target_upper_tail_q,6,1e-08,1e-06,2,0,a three-vector reached the caller,0.0,0.0,0.776393202250021,one_sided_upper_0.95,true,7d6e05fbbf3cd9f864b265ffa6122b0ea4fd88757752dbc00ba634762d91b76b
libstdcxx,LEGACY,double,0.75,0.25,seed,7001,target_upper_tail_q,0,0.1,1.0,899862,899862,a three-vector reached the caller,1.0,0.9999959006248813,1.0,two_sided_clopper_pearson_0.95,false,7d6e05fbbf3cd9f864b265ffa6122b0ea4fd88757752dbc00ba634762d91b76b
libstdcxx,LEGACY,double,0.75,0.25,seed,7001,target_upper_tail_q,1,0.01,0.1,90118,90118,a three-vector reached the caller,1.0,0.9999590669571554,1.0,two_sided_clopper_pearson_0.95,false,7d6e05fbbf3cd9f864b265ffa6122b0ea4fd88757752dbc00ba634762d91b76b
libstdcxx,LEGACY,double,0.75,0.25,seed,7001,target_upper_tail_q,2,0.001,0.01,8956,8956,a three-vector reached the caller,1.0,0.9995881956393871,1.0,two_sided_clopper_pearson_0.95,false,7d6e05fbbf3cd9f864b265ffa6122b0ea4fd88757752dbc00ba634762d91b76b
libstdcxx,LEGACY,double,0.75,0.25,seed,7001,target_upper_tail_q,3,0.0001,0.001,956,956,a three-vector reached the caller,1.0,0.9961487745474327,1.0,two_sided_clopper_pearson_0.95,false,7d6e05fbbf3cd9f864b265ffa6122b0ea4fd88757752dbc00ba634762d91b76b
libstdcxx,LEGACY,double,0.75,0.25,seed,7001,target_upper_tail_q,4,1e-05,0.0001,101,101,a three-vector reached the caller,1.0,0.9641353796099963,1.0,two_sided_clopper_pearson_0.95,false,7d6e05fbbf3cd9f864b265ffa6122b0ea4fd88757752dbc00ba634762d91b76b
libstdcxx,LEGACY,double,0.75,0.25,seed,7001,target_upper_tail_q,5,1e-06,1e-05,6,6,a three-vector reached the caller,1.0,0.5407418735600996,1.0,two_sided_clopper_pearson_0.95,false,7d6e05fbbf3cd9f864b265ffa6122b0ea4fd88757752dbc00ba634762d91b76b
libstdcxx,LEGACY,double,0.75,0.25,seed,7001,target_upper_tail_q,6,1e-08,1e-06,1,1,a three-vector reached the caller,1.0,0.025000000000000022,1.0,two_sided_clopper_pearson_0.95,false,7d6e05fbbf3cd9f864b265ffa6122b0ea4fd88757752dbc00ba634762d91b76b
libstdcxx,CANDIDATE,double,0.75,0.25,seed,7001,target_upper_tail_q,0,0.1,1.0,899862,899862,a three-vector reached the caller,1.0,0.9999959006248813,1.0,two_sided_clopper_pearson_0.95,false,7d6e05fbbf3cd9f864b265ffa6122b0ea4fd88757752dbc00ba634762d91b76b
libstdcxx,CANDIDATE,double,0.75,0.25,seed,7001,target_upper_tail_q,1,0.01,0.1,90118,90118,a three-vector reached the caller,1.0,0.9999590669571554,1.0,two_sided_clopper_pearson_0.95,false,7d6e05fbbf3cd9f864b265ffa6122b0ea4fd88757752dbc00ba634762d91b76b
libstdcxx,CANDIDATE,double,0.75,0.25,seed,7001,target_upper_tail_q,2,0.001,0.01,8956,8956,a three-vector reached the caller,1.0,0.9995881956393871,1.0,two_sided_clopper_pearson_0.95,false,7d6e05fbbf3cd9f864b265ffa6122b0ea4fd88757752dbc00ba634762d91b76b
libstdcxx,CANDIDATE,double,0.75,0.25,seed,7001,target_upper_tail_q,3,0.0001,0.001,956,956,a three-vector reached the caller,1.0,0.9961487745474327,1.0,two_sided_clopper_pearson_0.95,false,7d6e05fbbf3cd9f864b265ffa6122b0ea4fd88757752dbc00ba634762d91b76b
libstdcxx,CANDIDATE,double,0.75,0.25,seed,7001,target_upper_tail_q,4,1e-05,0.0001,101,101,a three-vector reached the caller,1.0,0.9641353796099963,1.0,two_sided_clopper_pearson_0.95,false,7d6e05fbbf3cd9f864b265ffa6122b0ea4fd88757752dbc00ba634762d91b76b
libstdcxx,CANDIDATE,double,0.75,0.25,seed,7001,target_upper_tail_q,5,1e-06,1e-05,6,6,a three-vector reached the caller,1.0,0.5407418735600996,1.0,two_sided_clopper_pearson_0.95,false,7d6e05fbbf3cd9f864b265ffa6122b0ea4fd88757752dbc00ba634762d91b76b
libstdcxx,CANDIDATE,double,0.75,0.25,seed,7001,target_upper_tail_q,6,1e-08,1e-06,1,1,a three-vector reached the caller,1.0,0.025000000000000022,1.0,two_sided_clopper_pearson_0.95,false,7d6e05fbbf3cd9f864b265ffa6122b0ea4fd88757752dbc00ba634762d91b76b
libstdcxx,QF,double,0.75,0.25,seed,7001,target_upper_tail_q,0,0.1,1.0,899862,899862,a three-vector reached the caller,1.0,0.9999959006248813,1.0,two_sided_clopper_pearson_0.95,false,7d6e05fbbf3cd9f864b265ffa6122b0ea4fd88757752dbc00ba634762d91b76b
libstdcxx,QF,double,0.75,0.25,seed,7001,target_upper_tail_q,1,0.01,0.1,90118,90118,a three-vector reached the caller,1.0,0.9999590669571554,1.0,two_sided_clopper_pearson_0.95,false,7d6e05fbbf3cd9f864b265ffa6122b0ea4fd88757752dbc00ba634762d91b76b
libstdcxx,QF,double,0.75,0.25,seed,7001,target_upper_tail_q,2,0.001,0.01,8956,8956,a three-vector reached the caller,1.0,0.9995881956393871,1.0,two_sided_clopper_pearson_0.95,false,7d6e05fbbf3cd9f864b265ffa6122b0ea4fd88757752dbc00ba634762d91b76b
libstdcxx,QF,double,0.75,0.25,seed,7001,target_upper_tail_q,3,0.0001,0.001,956,956,a three-vector reached the caller,1.0,0.9961487745474327,1.0,two_sided_clopper_pearson_0.95,false,7d6e05fbbf3cd9f864b265ffa6122b0ea4fd88757752dbc00ba634762d91b76b
libstdcxx,QF,double,0.75,0.25,seed,7001,target_upper_tail_q,4,1e-05,0.0001,101,101,a three-vector reached the caller,1.0,0.9641353796099963,1.0,two_sided_clopper_pearson_0.95,false,7d6e05fbbf3cd9f864b265ffa6122b0ea4fd88757752dbc00ba634762d91b76b
libstdcxx,QF,double,0.75,0.25,seed,7001,target_upper_tail_q,5,1e-06,1e-05,6,6,a three-vector reached the caller,1.0,0.5407418735600996,1.0,two_sided_clopper_pearson_0.95,false,7d6e05fbbf3cd9f864b265ffa6122b0ea4fd88757752dbc00ba634762d91b76b
libstdcxx,QF,double,0.75,0.25,seed,7001,target_upper_tail_q,6,1e-08,1e-06,1,1,a three-vector reached the caller,1.0,0.025000000000000022,1.0,two_sided_clopper_pearson_0.95,false,7d6e05fbbf3cd9f864b265ffa6122b0ea4fd88757752dbc00ba634762d91b76b
libstdcxx,LEGACY,double,0.75,0.25,seed,7002,target_upper_tail_q,0,0.1,1.0,900019,900019,a three-vector reached the caller,1.0,0.999995901339978,1.0,two_sided_clopper_pearson_0.95,false,7d6e05fbbf3cd9f864b265ffa6122b0ea4fd88757752dbc00ba634762d91b76b
libstdcxx,LEGACY,double,0.75,0.25,seed,7002,target_upper_tail_q,1,0.01,0.1,90017,90017,a three-vector reached the caller,1.0,0.9999590210308013,1.0,two_sided_clopper_pearson_0.95,false,7d6e05fbbf3cd9f864b265ffa6122b0ea4fd88757752dbc00ba634762d91b76b
libstdcxx,LEGACY,double,0.75,0.25,seed,7002,target_upper_tail_q,2,0.001,0.01,8966,8966,a three-vector reached the caller,1.0,0.9995886548404267,1.0,two_sided_clopper_pearson_0.95,false,7d6e05fbbf3cd9f864b265ffa6122b0ea4fd88757752dbc00ba634762d91b76b
libstdcxx,LEGACY,double,0.75,0.25,seed,7002,target_upper_tail_q,3,0.0001,0.001,923,923,a three-vector reached the caller,1.0,0.9960113567263184,1.0,two_sided_clopper_pearson_0.95,false,7d6e05fbbf3cd9f864b265ffa6122b0ea4fd88757752dbc00ba634762d91b76b
libstdcxx,LEGACY,double,0.75,0.25,seed,7002,target_upper_tail_q,4,1e-05,0.0001,67,67,a three-vector reached the caller,1.0,0.9464303458729032,1.0,two_sided_clopper_pearson_0.95,false,7d6e05fbbf3cd9f864b265ffa6122b0ea4fd88757752dbc00ba634762d91b76b
libstdcxx,LEGACY,double,0.75,0.25,seed,7002,target_upper_tail_q,5,1e-06,1e-05,8,8,a three-vector reached the caller,1.0,0.6305833524471808,1.0,two_sided_clopper_pearson_0.95,false,7d6e05fbbf3cd9f864b265ffa6122b0ea4fd88757752dbc00ba634762d91b76b
libstdcxx,CANDIDATE,double,0.75,0.25,seed,7002,target_upper_tail_q,0,0.1,1.0,900019,900019,a three-vector reached the caller,1.0,0.999995901339978,1.0,two_sided_clopper_pearson_0.95,false,7d6e05fbbf3cd9f864b265ffa6122b0ea4fd88757752dbc00ba634762d91b76b
libstdcxx,CANDIDATE,double,0.75,0.25,seed,7002,target_upper_tail_q,1,0.01,0.1,90017,90017,a three-vector reached the caller,1.0,0.9999590210308013,1.0,two_sided_clopper_pearson_0.95,false,7d6e05fbbf3cd9f864b265ffa6122b0ea4fd88757752dbc00ba634762d91b76b
libstdcxx,CANDIDATE,double,0.75,0.25,seed,7002,target_upper_tail_q,2,0.001,0.01,8966,8966,a three-vector reached the caller,1.0,0.9995886548404267,1.0,two_sided_clopper_pearson_0.95,false,7d6e05fbbf3cd9f864b265ffa6122b0ea4fd88757752dbc00ba634762d91b76b
libstdcxx,CANDIDATE,double,0.75,0.25,seed,7002,target_upper_tail_q,3,0.0001,0.001,923,923,a three-vector reached the caller,1.0,0.9960113567263184,1.0,two_sided_clopper_pearson_0.95,false,7d6e05fbbf3cd9f864b265ffa6122b0ea4fd88757752dbc00ba634762d91b76b
libstdcxx,CANDIDATE,double,0.75,0.25,seed,7002,target_upper_tail_q,4,1e-05,0.0001,67,67,a three-vector reached the caller,1.0,0.9464303458729032,1.0,two_sided_clopper_pearson_0.95,false,7d6e05fbbf3cd9f864b265ffa6122b0ea4fd88757752dbc00ba634762d91b76b
libstdcxx,CANDIDATE,double,0.75,0.25,seed,7002,target_upper_tail_q,5,1e-06,1e-05,8,8,a three-vector reached the caller,1.0,0.6305833524471808,1.0,two_sided_clopper_pearson_0.95,false,7d6e05fbbf3cd9f864b265ffa6122b0ea4fd88757752dbc00ba634762d91b76b
libstdcxx,QF,double,0.75,0.25,seed,7002,target_upper_tail_q,0,0.1,1.0,900019,900019,a three-vector reached the caller,1.0,0.999995901339978,1.0,two_sided_clopper_pearson_0.95,false,7d6e05fbbf3cd9f864b265ffa6122b0ea4fd88757752dbc00ba634762d91b76b
libstdcxx,QF,double,0.75,0.25,seed,7002,target_upper_tail_q,1,0.01,0.1,90017,90017,a three-vector reached the caller,1.0,0.9999590210308013,1.0,two_sided_clopper_pearson_0.95,false,7d6e05fbbf3cd9f864b265ffa6122b0ea4fd88757752dbc00ba634762d91b76b
libstdcxx,QF,double,0.75,0.25,seed,7002,target_upper_tail_q,2,0.001,0.01,8966,8966,a three-vector reached the caller,1.0,0.9995886548404267,1.0,two_sided_clopper_pearson_0.95,false,7d6e05fbbf3cd9f864b265ffa6122b0ea4fd88757752dbc00ba634762d91b76b
libstdcxx,QF,double,0.75,0.25,seed,7002,target_upper_tail_q,3,0.0001,0.001,923,923,a three-vector reached the caller,1.0,0.9960113567263184,1.0,two_sided_clopper_pearson_0.95,false,7d6e05fbbf3cd9f864b265ffa6122b0ea4fd88757752dbc00ba634762d91b76b
libstdcxx,QF,double,0.75,0.25,seed,7002,target_upper_tail_q,4,1e-05,0.0001,67,67,a three-vector reached the caller,1.0,0.9464303458729032,1.0,two_sided_clopper_pearson_0.95,false,7d6e05fbbf3cd9f864b265ffa6122b0ea4fd88757752dbc00ba634762d91b76b
libstdcxx,QF,double,0.75,0.25,seed,7002,target_upper_tail_q,5,1e-06,1e-05,8,8,a three-vector reached the caller,1.0,0.6305833524471808,1.0,two_sided_clopper_pearson_0.95,false,7d6e05fbbf3cd9f864b265ffa6122b0ea4fd88757752dbc00ba634762d91b76b
libstdcxx,LEGACY,double,0.75,0.25,seed,7003,target_upper_tail_q,0,0.1,1.0,900471,900471,a three-vector reached the caller,1.0,0.9999959033973352,1.0,two_sided_clopper_pearson_0.95,false,7d6e05fbbf3cd9f864b265ffa6122b0ea4fd88757752dbc00ba634762d91b76b
libstdcxx,LEGACY,double,0.75,0.25,seed,7003,target_upper_tail_q,1,0.01,0.1,89660,89660,a three-vector reached the caller,1.0,0.9999588578678407,1.0,two_sided_clopper_pearson_0.95,false,7d6e05fbbf3cd9f864b265ffa6122b0ea4fd88757752dbc00ba634762d91b76b
libstdcxx,LEGACY,double,0.75,0.25,seed,7003,target_upper_tail_q,2,0.001,0.01,8905,8905,a three-vector reached the caller,1.0,0.9995858376750222,1.0,two_sided_clopper_pearson_0.95,false,7d6e05fbbf3cd9f864b265ffa6122b0ea4fd88757752dbc00ba634762d91b76b
libstdcxx,LEGACY,double,0.75,0.25,seed,7003,target_upper_tail_q,3,0.0001,0.001,867,867,a three-vector reached the caller,1.0,0.9957542757572205,1.0,two_sided_clopper_pearson_0.95,false,7d6e05fbbf3cd9f864b265ffa6122b0ea4fd88757752dbc00ba634762d91b76b
libstdcxx,LEGACY,double,0.75,0.25,seed,7003,target_upper_tail_q,4,1e-05,0.0001,89,89,a three-vector reached the caller,1.0,0.9593991424503682,1.0,two_sided_clopper_pearson_0.95,false,7d6e05fbbf3cd9f864b265ffa6122b0ea4fd88757752dbc00ba634762d91b76b
libstdcxx,LEGACY,double,0.75,0.25,seed,7003,target_upper_tail_q,5,1e-06,1e-05,7,7,a three-vector reached the caller,1.0,0.5903836027749967,1.0,two_sided_clopper_pearson_0.95,false,7d6e05fbbf3cd9f864b265ffa6122b0ea4fd88757752dbc00ba634762d91b76b
libstdcxx,LEGACY,double,0.75,0.25,seed,7003,target_upper_tail_q,6,1e-08,1e-06,1,1,a three-vector reached the caller,1.0,0.025000000000000022,1.0,two_sided_clopper_pearson_0.95,false,7d6e05fbbf3cd9f864b265ffa6122b0ea4fd88757752dbc00ba634762d91b76b
libstdcxx,CANDIDATE,double,0.75,0.25,seed,7003,target_upper_tail_q,0,0.1,1.0,900471,900471,a three-vector reached the caller,1.0,0.9999959033973352,1.0,two_sided_clopper_pearson_0.95,false,7d6e05fbbf3cd9f864b265ffa6122b0ea4fd88757752dbc00ba634762d91b76b
libstdcxx,CANDIDATE,double,0.75,0.25,seed,7003,target_upper_tail_q,1,0.01,0.1,89660,89660,a three-vector reached the caller,1.0,0.9999588578678407,1.0,two_sided_clopper_pearson_0.95,false,7d6e05fbbf3cd9f864b265ffa6122b0ea4fd88757752dbc00ba634762d91b76b
libstdcxx,CANDIDATE,double,0.75,0.25,seed,7003,target_upper_tail_q,2,0.001,0.01,8905,8905,a three-vector reached the caller,1.0,0.9995858376750222,1.0,two_sided_clopper_pearson_0.95,false,7d6e05fbbf3cd9f864b265ffa6122b0ea4fd88757752dbc00ba634762d91b76b
libstdcxx,CANDIDATE,double,0.75,0.25,seed,7003,target_upper_tail_q,3,0.0001,0.001,867,867,a three-vector reached the caller,1.0,0.9957542757572205,1.0,two_sided_clopper_pearson_0.95,false,7d6e05fbbf3cd9f864b265ffa6122b0ea4fd88757752dbc00ba634762d91b76b
libstdcxx,CANDIDATE,double,0.75,0.25,seed,7003,target_upper_tail_q,4,1e-05,0.0001,89,89,a three-vector reached the caller,1.0,0.9593991424503682,1.0,two_sided_clopper_pearson_0.95,false,7d6e05fbbf3cd9f864b265ffa6122b0ea4fd88757752dbc00ba634762d91b76b
libstdcxx,CANDIDATE,double,0.75,0.25,seed,7003,target_upper_tail_q,5,1e-06,1e-05,7,7,a three-vector reached the caller,1.0,0.5903836027749967,1.0,two_sided_clopper_pearson_0.95,false,7d6e05fbbf3cd9f864b265ffa6122b0ea4fd88757752dbc00ba634762d91b76b
libstdcxx,CANDIDATE,double,0.75,0.25,seed,7003,target_upper_tail_q,6,1e-08,1e-06,1,1,a three-vector reached the caller,1.0,0.025000000000000022,1.0,two_sided_clopper_pearson_0.95,false,7d6e05fbbf3cd9f864b265ffa6122b0ea4fd88757752dbc00ba634762d91b76b
libstdcxx,QF,double,0.75,0.25,seed,7003,target_upper_tail_q,0,0.1,1.0,900471,900471,a three-vector reached the caller,1.0,0.9999959033973352,1.0,two_sided_clopper_pearson_0.95,false,7d6e05fbbf3cd9f864b265ffa6122b0ea4fd88757752dbc00ba634762d91b76b
libstdcxx,QF,double,0.75,0.25,seed,7003,target_upper_tail_q,1,0.01,0.1,89660,89660,a three-vector reached the caller,1.0,0.9999588578678407,1.0,two_sided_clopper_pearson_0.95,false,7d6e05fbbf3cd9f864b265ffa6122b0ea4fd88757752dbc00ba634762d91b76b
libstdcxx,QF,double,0.75,0.25,seed,7003,target_upper_tail_q,2,0.001,0.01,8905,8905,a three-vector reached the caller,1.0,0.9995858376750222,1.0,two_sided_clopper_pearson_0.95,false,7d6e05fbbf3cd9f864b265ffa6122b0ea4fd88757752dbc00ba634762d91b76b
libstdcxx,QF,double,0.75,0.25,seed,7003,target_upper_tail_q,3,0.0001,0.001,867,867,a three-vector reached the caller,1.0,0.9957542757572205,1.0,two_sided_clopper_pearson_0.95,false,7d6e05fbbf3cd9f864b265ffa6122b0ea4fd88757752dbc00ba634762d91b76b
libstdcxx,QF,double,0.75,0.25,seed,7003,target_upper_tail_q,4,1e-05,0.0001,89,89,a three-vector reached the caller,1.0,0.9593991424503682,1.0,two_sided_clopper_pearson_0.95,false,7d6e05fbbf3cd9f864b265ffa6122b0ea4fd88757752dbc00ba634762d91b76b
libstdcxx,QF,double,0.75,0.25,seed,7003,target_upper_tail_q,5,1e-06,1e-05,7,7,a three-vector reached the caller,1.0,0.5903836027749967,1.0,two_sided_clopper_pearson_0.95,false,7d6e05fbbf3cd9f864b265ffa6122b0ea4fd88757752dbc00ba634762d91b76b
libstdcxx,QF,double,0.75,0.25,seed,7003,target_upper_tail_q,6,1e-08,1e-06,1,1,a three-vector reached the caller,1.0,0.025000000000000022,1.0,two_sided_clopper_pearson_0.95,false,7d6e05fbbf3cd9f864b265ffa6122b0ea4fd88757752dbc00ba634762d91b76b
libstdcxx,LEGACY,double,0.75,0.25,seed,7004,target_upper_tail_q,0,0.1,1.0,900173,900173,a three-vector reached the caller,1.0,0.9999959020411681,1.0,two_sided_clopper_pearson_0.95,false,7d6e05fbbf3cd9f864b265ffa6122b0ea4fd88757752dbc00ba634762d91b76b
libstdcxx,LEGACY,double,0.75,0.25,seed,7004,target_upper_tail_q,1,0.01,0.1,89821,89821,a three-vector reached the caller,1.0,0.9999589316117007,1.0,two_sided_clopper_pearson_0.95,false,7d6e05fbbf3cd9f864b265ffa6122b0ea4fd88757752dbc00ba634762d91b76b
libstdcxx,LEGACY,double,0.75,0.25,seed,7004,target_upper_tail_q,2,0.001,0.01,9040,9040,a three-vector reached the caller,1.0,0.999592021359411,1.0,two_sided_clopper_pearson_0.95,false,7d6e05fbbf3cd9f864b265ffa6122b0ea4fd88757752dbc00ba634762d91b76b
libstdcxx,LEGACY,double,0.75,0.25,seed,7004,target_upper_tail_q,3,0.0001,0.001,875,875,a three-vector reached the caller,1.0,0.9957930120386292,1.0,two_sided_clopper_pearson_0.95,false,7d6e05fbbf3cd9f864b265ffa6122b0ea4fd88757752dbc00ba634762d91b76b
libstdcxx,LEGACY,double,0.75,0.25,seed,7004,target_upper_tail_q,4,1e-05,0.0001,83,83,a three-vector reached the caller,1.0,0.9565288478335582,1.0,two_sided_clopper_pearson_0.95,false,7d6e05fbbf3cd9f864b265ffa6122b0ea4fd88757752dbc00ba634762d91b76b
libstdcxx,LEGACY,double,0.75,0.25,seed,7004,target_upper_tail_q,5,1e-06,1e-05,7,7,a three-vector reached the caller,1.0,0.5903836027749967,1.0,two_sided_clopper_pearson_0.95,false,7d6e05fbbf3cd9f864b265ffa6122b0ea4fd88757752dbc00ba634762d91b76b
libstdcxx,LEGACY,double,0.75,0.25,seed,7004,target_upper_tail_q,6,1e-08,1e-06,1,1,a three-vector reached the caller,1.0,0.025000000000000022,1.0,two_sided_clopper_pearson_0.95,false,7d6e05fbbf3cd9f864b265ffa6122b0ea4fd88757752dbc00ba634762d91b76b
libstdcxx,CANDIDATE,double,0.75,0.25,seed,7004,target_upper_tail_q,0,0.1,1.0,900173,900173,a three-vector reached the caller,1.0,0.9999959020411681,1.0,two_sided_clopper_pearson_0.95,false,7d6e05fbbf3cd9f864b265ffa6122b0ea4fd88757752dbc00ba634762d91b76b
libstdcxx,CANDIDATE,double,0.75,0.25,seed,7004,target_upper_tail_q,1,0.01,0.1,89821,89821,a three-vector reached the caller,1.0,0.9999589316117007,1.0,two_sided_clopper_pearson_0.95,false,7d6e05fbbf3cd9f864b265ffa6122b0ea4fd88757752dbc00ba634762d91b76b
libstdcxx,CANDIDATE,double,0.75,0.25,seed,7004,target_upper_tail_q,2,0.001,0.01,9040,9040,a three-vector reached the caller,1.0,0.999592021359411,1.0,two_sided_clopper_pearson_0.95,false,7d6e05fbbf3cd9f864b265ffa6122b0ea4fd88757752dbc00ba634762d91b76b
libstdcxx,CANDIDATE,double,0.75,0.25,seed,7004,target_upper_tail_q,3,0.0001,0.001,875,875,a three-vector reached the caller,1.0,0.9957930120386292,1.0,two_sided_clopper_pearson_0.95,false,7d6e05fbbf3cd9f864b265ffa6122b0ea4fd88757752dbc00ba634762d91b76b
libstdcxx,CANDIDATE,double,0.75,0.25,seed,7004,target_upper_tail_q,4,1e-05,0.0001,83,83,a three-vector reached the caller,1.0,0.9565288478335582,1.0,two_sided_clopper_pearson_0.95,false,7d6e05fbbf3cd9f864b265ffa6122b0ea4fd88757752dbc00ba634762d91b76b
libstdcxx,CANDIDATE,double,0.75,0.25,seed,7004,target_upper_tail_q,5,1e-06,1e-05,7,7,a three-vector reached the caller,1.0,0.5903836027749967,1.0,two_sided_clopper_pearson_0.95,false,7d6e05fbbf3cd9f864b265ffa6122b0ea4fd88757752dbc00ba634762d91b76b
libstdcxx,CANDIDATE,double,0.75,0.25,seed,7004,target_upper_tail_q,6,1e-08,1e-06,1,1,a three-vector reached the caller,1.0,0.025000000000000022,1.0,two_sided_clopper_pearson_0.95,false,7d6e05fbbf3cd9f864b265ffa6122b0ea4fd88757752dbc00ba634762d91b76b
libstdcxx,QF,double,0.75,0.25,seed,7004,target_upper_tail_q,0,0.1,1.0,900173,900173,a three-vector reached the caller,1.0,0.9999959020411681,1.0,two_sided_clopper_pearson_0.95,false,7d6e05fbbf3cd9f864b265ffa6122b0ea4fd88757752dbc00ba634762d91b76b
libstdcxx,QF,double,0.75,0.25,seed,7004,target_upper_tail_q,1,0.01,0.1,89821,89821,a three-vector reached the caller,1.0,0.9999589316117007,1.0,two_sided_clopper_pearson_0.95,false,7d6e05fbbf3cd9f864b265ffa6122b0ea4fd88757752dbc00ba634762d91b76b
libstdcxx,QF,double,0.75,0.25,seed,7004,target_upper_tail_q,2,0.001,0.01,9040,9040,a three-vector reached the caller,1.0,0.999592021359411,1.0,two_sided_clopper_pearson_0.95,false,7d6e05fbbf3cd9f864b265ffa6122b0ea4fd88757752dbc00ba634762d91b76b
libstdcxx,QF,double,0.75,0.25,seed,7004,target_upper_tail_q,3,0.0001,0.001,875,875,a three-vector reached the caller,1.0,0.9957930120386292,1.0,two_sided_clopper_pearson_0.95,false,7d6e05fbbf3cd9f864b265ffa6122b0ea4fd88757752dbc00ba634762d91b76b
libstdcxx,QF,double,0.75,0.25,seed,7004,target_upper_tail_q,4,1e-05,0.0001,83,83,a three-vector reached the caller,1.0,0.9565288478335582,1.0,two_sided_clopper_pearson_0.95,false,7d6e05fbbf3cd9f864b265ffa6122b0ea4fd88757752dbc00ba634762d91b76b
libstdcxx,QF,double,0.75,0.25,seed,7004,target_upper_tail_q,5,1e-06,1e-05,7,7,a three-vector reached the caller,1.0,0.5903836027749967,1.0,two_sided_clopper_pearson_0.95,false,7d6e05fbbf3cd9f864b265ffa6122b0ea4fd88757752dbc00ba634762d91b76b
libstdcxx,QF,double,0.75,0.25,seed,7004,target_upper_tail_q,6,1e-08,1e-06,1,1,a three-vector reached the caller,1.0,0.025000000000000022,1.0,two_sided_clopper_pearson_0.95,false,7d6e05fbbf3cd9f864b265ffa6122b0ea4fd88757752dbc00ba634762d91b76b
libstdcxx,LEGACY,double,0.75,0.25,seed,7005,target_upper_tail_q,0,0.1,1.0,899696,899696,a three-vector reached the caller,1.0,0.9999958998685204,1.0,two_sided_clopper_pearson_0.95,false,7d6e05fbbf3cd9f864b265ffa6122b0ea4fd88757752dbc00ba634762d91b76b
libstdcxx,LEGACY,double,0.75,0.25,seed,7005,target_upper_tail_q,1,0.01,0.1,90380,90380,a three-vector reached the caller,1.0,0.9999591856143624,1.0,two_sided_clopper_pearson_0.95,false,7d6e05fbbf3cd9f864b265ffa6122b0ea4fd88757752dbc00ba634762d91b76b
libstdcxx,LEGACY,double,0.75,0.25,seed,7005,target_upper_tail_q,2,0.001,0.01,8928,8928,a three-vector reached the caller,1.0,0.9995869044050495,1.0,two_sided_clopper_pearson_0.95,false,7d6e05fbbf3cd9f864b265ffa6122b0ea4fd88757752dbc00ba634762d91b76b
libstdcxx,LEGACY,double,0.75,0.25,seed,7005,target_upper_tail_q,3,0.0001,0.001,894,894,a three-vector reached the caller,1.0,0.9958822379562879,1.0,two_sided_clopper_pearson_0.95,false,7d6e05fbbf3cd9f864b265ffa6122b0ea4fd88757752dbc00ba634762d91b76b
libstdcxx,LEGACY,double,0.75,0.25,seed,7005,target_upper_tail_q,4,1e-05,0.0001,94,94,a three-vector reached the caller,1.0,0.9615166490024712,1.0,two_sided_clopper_pearson_0.95,false,7d6e05fbbf3cd9f864b265ffa6122b0ea4fd88757752dbc00ba634762d91b76b
libstdcxx,LEGACY,double,0.75,0.25,seed,7005,target_upper_tail_q,5,1e-06,1e-05,6,6,a three-vector reached the caller,1.0,0.5407418735600996,1.0,two_sided_clopper_pearson_0.95,false,7d6e05fbbf3cd9f864b265ffa6122b0ea4fd88757752dbc00ba634762d91b76b
libstdcxx,LEGACY,double,0.75,0.25,seed,7005,target_upper_tail_q,6,1e-08,1e-06,2,2,a three-vector reached the caller,1.0,0.15811388300841903,1.0,two_sided_clopper_pearson_0.95,false,7d6e05fbbf3cd9f864b265ffa6122b0ea4fd88757752dbc00ba634762d91b76b
libstdcxx,CANDIDATE,double,0.75,0.25,seed,7005,target_upper_tail_q,0,0.1,1.0,899696,899696,a three-vector reached the caller,1.0,0.9999958998685204,1.0,two_sided_clopper_pearson_0.95,false,7d6e05fbbf3cd9f864b265ffa6122b0ea4fd88757752dbc00ba634762d91b76b
libstdcxx,CANDIDATE,double,0.75,0.25,seed,7005,target_upper_tail_q,1,0.01,0.1,90380,90380,a three-vector reached the caller,1.0,0.9999591856143624,1.0,two_sided_clopper_pearson_0.95,false,7d6e05fbbf3cd9f864b265ffa6122b0ea4fd88757752dbc00ba634762d91b76b
libstdcxx,CANDIDATE,double,0.75,0.25,seed,7005,target_upper_tail_q,2,0.001,0.01,8928,8928,a three-vector reached the caller,1.0,0.9995869044050495,1.0,two_sided_clopper_pearson_0.95,false,7d6e05fbbf3cd9f864b265ffa6122b0ea4fd88757752dbc00ba634762d91b76b
libstdcxx,CANDIDATE,double,0.75,0.25,seed,7005,target_upper_tail_q,3,0.0001,0.001,894,894,a three-vector reached the caller,1.0,0.9958822379562879,1.0,two_sided_clopper_pearson_0.95,false,7d6e05fbbf3cd9f864b265ffa6122b0ea4fd88757752dbc00ba634762d91b76b
libstdcxx,CANDIDATE,double,0.75,0.25,seed,7005,target_upper_tail_q,4,1e-05,0.0001,94,94,a three-vector reached the caller,1.0,0.9615166490024712,1.0,two_sided_clopper_pearson_0.95,false,7d6e05fbbf3cd9f864b265ffa6122b0ea4fd88757752dbc00ba634762d91b76b
libstdcxx,CANDIDATE,double,0.75,0.25,seed,7005,target_upper_tail_q,5,1e-06,1e-05,6,6,a three-vector reached the caller,1.0,0.5407418735600996,1.0,two_sided_clopper_pearson_0.95,false,7d6e05fbbf3cd9f864b265ffa6122b0ea4fd88757752dbc00ba634762d91b76b
libstdcxx,CANDIDATE,double,0.75,0.25,seed,7005,target_upper_tail_q,6,1e-08,1e-06,2,2,a three-vector reached the caller,1.0,0.15811388300841903,1.0,two_sided_clopper_pearson_0.95,false,7d6e05fbbf3cd9f864b265ffa6122b0ea4fd88757752dbc00ba634762d91b76b
libstdcxx,QF,double,0.75,0.25,seed,7005,target_upper_tail_q,0,0.1,1.0,899696,899696,a three-vector reached the caller,1.0,0.9999958998685204,1.0,two_sided_clopper_pearson_0.95,false,7d6e05fbbf3cd9f864b265ffa6122b0ea4fd88757752dbc00ba634762d91b76b
libstdcxx,QF,double,0.75,0.25,seed,7005,target_upper_tail_q,1,0.01,0.1,90380,90380,a three-vector reached the caller,1.0,0.9999591856143624,1.0,two_sided_clopper_pearson_0.95,false,7d6e05fbbf3cd9f864b265ffa6122b0ea4fd88757752dbc00ba634762d91b76b
libstdcxx,QF,double,0.75,0.25,seed,7005,target_upper_tail_q,2,0.001,0.01,8928,8928,a three-vector reached the caller,1.0,0.9995869044050495,1.0,two_sided_clopper_pearson_0.95,false,7d6e05fbbf3cd9f864b265ffa6122b0ea4fd88757752dbc00ba634762d91b76b
libstdcxx,QF,double,0.75,0.25,seed,7005,target_upper_tail_q,3,0.0001,0.001,894,894,a three-vector reached the caller,1.0,0.9958822379562879,1.0,two_sided_clopper_pearson_0.95,false,7d6e05fbbf3cd9f864b265ffa6122b0ea4fd88757752dbc00ba634762d91b76b
libstdcxx,QF,double,0.75,0.25,seed,7005,target_upper_tail_q,4,1e-05,0.0001,94,94,a three-vector reached the caller,1.0,0.9615166490024712,1.0,two_sided_clopper_pearson_0.95,false,7d6e05fbbf3cd9f864b265ffa6122b0ea4fd88757752dbc00ba634762d91b76b
libstdcxx,QF,double,0.75,0.25,seed,7005,target_upper_tail_q,5,1e-06,1e-05,6,6,a three-vector reached the caller,1.0,0.5407418735600996,1.0,two_sided_clopper_pearson_0.95,false,7d6e05fbbf3cd9f864b265ffa6122b0ea4fd88757752dbc00ba634762d91b76b
libstdcxx,QF,double,0.75,0.25,seed,7005,target_upper_tail_q,6,1e-08,1e-06,2,2,a three-vector reached the caller,1.0,0.15811388300841903,1.0,two_sided_clopper_pearson_0.95,false,7d6e05fbbf3cd9f864b265ffa6122b0ea4fd88757752dbc00ba634762d91b76b
libstdcxx,LEGACY,float,0.55,0.050000011920928955,seed,7001,target_upper_tail_q,0,0.1,1.0,899926,899926,a three-vector reached the caller,1.0,0.9999959009164158,1.0,two_sided_clopper_pearson_0.95,false,7d6e05fbbf3cd9f864b265ffa6122b0ea4fd88757752dbc00ba634762d91b76b
libstdcxx,LEGACY,float,0.55,0.050000011920928955,seed,7001,target_upper_tail_q,1,0.01,0.1,90010,90010,a three-vector reached the caller,1.0,0.9999590178439676,1.0,two_sided_clopper_pearson_0.95,false,7d6e05fbbf3cd9f864b265ffa6122b0ea4fd88757752dbc00ba634762d91b76b
libstdcxx,LEGACY,float,0.55,0.050000011920928955,seed,7001,target_upper_tail_q,2,0.001,0.01,9001,4186,a three-vector reached the caller,0.46505943784023995,0.4547125102718077,0.47542899265064703,two_sided_clopper_pearson_0.95,false,7d6e05fbbf3cd9f864b265ffa6122b0ea4fd88757752dbc00ba634762d91b76b
libstdcxx,LEGACY,float,0.55,0.050000011920928955,seed,7001,target_upper_tail_q,3,0.0001,0.001,959,0,a three-vector reached the caller,0.0,0.0,0.0031189344056850032,one_sided_upper_0.95,true,7d6e05fbbf3cd9f864b265ffa6122b0ea4fd88757752dbc00ba634762d91b76b
libstdcxx,LEGACY,float,0.55,0.050000011920928955,seed,7001,target_upper_tail_q,4,1e-05,0.0001,92,0,a three-vector reached the caller,0.0,0.0,0.032037863175451764,one_sided_upper_0.95,true,7d6e05fbbf3cd9f864b265ffa6122b0ea4fd88757752dbc00ba634762d91b76b
libstdcxx,LEGACY,float,0.55,0.050000011920928955,seed,7001,target_upper_tail_q,5,1e-06,1e-05,10,0,a three-vector reached the caller,0.0,0.0,0.2588655508930522,one_sided_upper_0.95,true,7d6e05fbbf3cd9f864b265ffa6122b0ea4fd88757752dbc00ba634762d91b76b
libstdcxx,LEGACY,float,0.55,0.050000011920928955,seed,7001,target_upper_tail_q,6,1e-08,1e-06,2,0,a three-vector reached the caller,0.0,0.0,0.776393202250021,one_sided_upper_0.95,true,7d6e05fbbf3cd9f864b265ffa6122b0ea4fd88757752dbc00ba634762d91b76b
libstdcxx,CANDIDATE,float,0.55,0.050000011920928955,seed,7001,target_upper_tail_q,0,0.1,1.0,899926,899926,a three-vector reached the caller,1.0,0.9999959009164158,1.0,two_sided_clopper_pearson_0.95,false,7d6e05fbbf3cd9f864b265ffa6122b0ea4fd88757752dbc00ba634762d91b76b
libstdcxx,CANDIDATE,float,0.55,0.050000011920928955,seed,7001,target_upper_tail_q,1,0.01,0.1,90010,90010,a three-vector reached the caller,1.0,0.9999590178439676,1.0,two_sided_clopper_pearson_0.95,false,7d6e05fbbf3cd9f864b265ffa6122b0ea4fd88757752dbc00ba634762d91b76b
libstdcxx,CANDIDATE,float,0.55,0.050000011920928955,seed,7001,target_upper_tail_q,2,0.001,0.01,9001,9001,a three-vector reached the caller,1.0,0.9995902540105864,1.0,two_sided_clopper_pearson_0.95,false,7d6e05fbbf3cd9f864b265ffa6122b0ea4fd88757752dbc00ba634762d91b76b
libstdcxx,CANDIDATE,float,0.55,0.050000011920928955,seed,7001,target_upper_tail_q,3,0.0001,0.001,959,926,a three-vector reached the caller,0.9655891553701773,0.9520118173175489,0.97619707821803,two_sided_clopper_pearson_0.95,false,7d6e05fbbf3cd9f864b265ffa6122b0ea4fd88757752dbc00ba634762d91b76b
libstdcxx,CANDIDATE,float,0.55,0.050000011920928955,seed,7001,target_upper_tail_q,4,1e-05,0.0001,92,0,a three-vector reached the caller,0.0,0.0,0.032037863175451764,one_sided_upper_0.95,true,7d6e05fbbf3cd9f864b265ffa6122b0ea4fd88757752dbc00ba634762d91b76b
libstdcxx,CANDIDATE,float,0.55,0.050000011920928955,seed,7001,target_upper_tail_q,5,1e-06,1e-05,10,0,a three-vector reached the caller,0.0,0.0,0.2588655508930522,one_sided_upper_0.95,true,7d6e05fbbf3cd9f864b265ffa6122b0ea4fd88757752dbc00ba634762d91b76b
libstdcxx,CANDIDATE,float,0.55,0.050000011920928955,seed,7001,target_upper_tail_q,6,1e-08,1e-06,2,0,a three-vector reached the caller,0.0,0.0,0.776393202250021,one_sided_upper_0.95,true,7d6e05fbbf3cd9f864b265ffa6122b0ea4fd88757752dbc00ba634762d91b76b
libstdcxx,QF,float,0.55,0.050000011920928955,seed,7001,target_upper_tail_q,0,0.1,1.0,899926,899926,a three-vector reached the caller,1.0,0.9999959009164158,1.0,two_sided_clopper_pearson_0.95,false,7d6e05fbbf3cd9f864b265ffa6122b0ea4fd88757752dbc00ba634762d91b76b
libstdcxx,QF,float,0.55,0.050000011920928955,seed,7001,target_upper_tail_q,1,0.01,0.1,90010,87786,a three-vector reached the caller,0.9752916342628597,0.9742565047606178,0.9762959763468642,two_sided_clopper_pearson_0.95,false,7d6e05fbbf3cd9f864b265ffa6122b0ea4fd88757752dbc00ba634762d91b76b
libstdcxx,QF,float,0.55,0.050000011920928955,seed,7001,target_upper_tail_q,2,0.001,0.01,9001,0,a three-vector reached the caller,0.0,0.0,0.0003327667821143576,one_sided_upper_0.95,true,7d6e05fbbf3cd9f864b265ffa6122b0ea4fd88757752dbc00ba634762d91b76b
libstdcxx,QF,float,0.55,0.050000011920928955,seed,7001,target_upper_tail_q,3,0.0001,0.001,959,0,a three-vector reached the caller,0.0,0.0,0.0031189344056850032,one_sided_upper_0.95,true,7d6e05fbbf3cd9f864b265ffa6122b0ea4fd88757752dbc00ba634762d91b76b
libstdcxx,QF,float,0.55,0.050000011920928955,seed,7001,target_upper_tail_q,4,1e-05,0.0001,92,0,a three-vector reached the caller,0.0,0.0,0.032037863175451764,one_sided_upper_0.95,true,7d6e05fbbf3cd9f864b265ffa6122b0ea4fd88757752dbc00ba634762d91b76b
libstdcxx,QF,float,0.55,0.050000011920928955,seed,7001,target_upper_tail_q,5,1e-06,1e-05,10,0,a three-vector reached the caller,0.0,0.0,0.2588655508930522,one_sided_upper_0.95,true,7d6e05fbbf3cd9f864b265ffa6122b0ea4fd88757752dbc00ba634762d91b76b
libstdcxx,QF,float,0.55,0.050000011920928955,seed,7001,target_upper_tail_q,6,1e-08,1e-06,2,0,a three-vector reached the caller,0.0,0.0,0.776393202250021,one_sided_upper_0.95,true,7d6e05fbbf3cd9f864b265ffa6122b0ea4fd88757752dbc00ba634762d91b76b
libstdcxx,LEGACY,float,0.55,0.050000011920928955,seed,7002,target_upper_tail_q,0,0.1,1.0,899462,899462,a three-vector reached the caller,1.0,0.9999958988018508,1.0,two_sided_clopper_pearson_0.95,false,7d6e05fbbf3cd9f864b265ffa6122b0ea4fd88757752dbc00ba634762d91b76b
libstdcxx,LEGACY,float,0.55,0.050000011920928955,seed,7002,target_upper_tail_q,1,0.01,0.1,90475,90475,a three-vector reached the caller,1.0,0.9999592284691575,1.0,two_sided_clopper_pearson_0.95,false,7d6e05fbbf3cd9f864b265ffa6122b0ea4fd88757752dbc00ba634762d91b76b
libstdcxx,LEGACY,float,0.55,0.050000011920928955,seed,7002,target_upper_tail_q,2,0.001,0.01,9039,4235,a three-vector reached the caller,0.4685252793450603,0.4581943387231578,0.4788765167129038,two_sided_clopper_pearson_0.95,false,7d6e05fbbf3cd9f864b265ffa6122b0ea4fd88757752dbc00ba634762d91b76b
libstdcxx,LEGACY,float,0.55,0.050000011920928955,seed,7002,target_upper_tail_q,3,0.0001,0.001,924,0,a three-vector reached the caller,0.0,0.0,0.003236884452459954,one_sided_upper_0.95,true,7d6e05fbbf3cd9f864b265ffa6122b0ea4fd88757752dbc00ba634762d91b76b
libstdcxx,LEGACY,float,0.55,0.050000011920928955,seed,7002,target_upper_tail_q,4,1e-05,0.0001,91,0,a three-vector reached the caller,0.0,0.0,0.03238416473643446,one_sided_upper_0.95,true,7d6e05fbbf3cd9f864b265ffa6122b0ea4fd88757752dbc00ba634762d91b76b
libstdcxx,LEGACY,float,0.55,0.050000011920928955,seed,7002,target_upper_tail_q,5,1e-06,1e-05,7,0,a three-vector reached the caller,0.0,0.0,0.34816365513116077,one_sided_upper_0.95,true,7d6e05fbbf3cd9f864b265ffa6122b0ea4fd88757752dbc00ba634762d91b76b
libstdcxx,LEGACY,float,0.55,0.050000011920928955,seed,7002,target_upper_tail_q,6,1e-08,1e-06,2,0,a three-vector reached the caller,0.0,0.0,0.776393202250021,one_sided_upper_0.95,true,7d6e05fbbf3cd9f864b265ffa6122b0ea4fd88757752dbc00ba634762d91b76b
libstdcxx,CANDIDATE,float,0.55,0.050000011920928955,seed,7002,target_upper_tail_q,0,0.1,1.0,899462,899462,a three-vector reached the caller,1.0,0.9999958988018508,1.0,two_sided_clopper_pearson_0.95,false,7d6e05fbbf3cd9f864b265ffa6122b0ea4fd88757752dbc00ba634762d91b76b
libstdcxx,CANDIDATE,float,0.55,0.050000011920928955,seed,7002,target_upper_tail_q,1,0.01,0.1,90475,90475,a three-vector reached the caller,1.0,0.9999592284691575,1.0,two_sided_clopper_pearson_0.95,false,7d6e05fbbf3cd9f864b265ffa6122b0ea4fd88757752dbc00ba634762d91b76b
libstdcxx,CANDIDATE,float,0.55,0.050000011920928955,seed,7002,target_upper_tail_q,2,0.001,0.01,9039,9039,a three-vector reached the caller,1.0,0.999591976233247,1.0,two_sided_clopper_pearson_0.95,false,7d6e05fbbf3cd9f864b265ffa6122b0ea4fd88757752dbc00ba634762d91b76b
libstdcxx,CANDIDATE,float,0.55,0.050000011920928955,seed,7002,target_upper_tail_q,3,0.0001,0.001,924,880,a three-vector reached the caller,0.9523809523809523,0.9365980742052887,0.9651899668131191,two_sided_clopper_pearson_0.95,false,7d6e05fbbf3cd9f864b265ffa6122b0ea4fd88757752dbc00ba634762d91b76b
libstdcxx,CANDIDATE,float,0.55,0.050000011920928955,seed,7002,target_upper_tail_q,4,1e-05,0.0001,91,0,a three-vector reached the caller,0.0,0.0,0.03238416473643446,one_sided_upper_0.95,true,7d6e05fbbf3cd9f864b265ffa6122b0ea4fd88757752dbc00ba634762d91b76b
libstdcxx,CANDIDATE,float,0.55,0.050000011920928955,seed,7002,target_upper_tail_q,5,1e-06,1e-05,7,0,a three-vector reached the caller,0.0,0.0,0.34816365513116077,one_sided_upper_0.95,true,7d6e05fbbf3cd9f864b265ffa6122b0ea4fd88757752dbc00ba634762d91b76b
libstdcxx,CANDIDATE,float,0.55,0.050000011920928955,seed,7002,target_upper_tail_q,6,1e-08,1e-06,2,0,a three-vector reached the caller,0.0,0.0,0.776393202250021,one_sided_upper_0.95,true,7d6e05fbbf3cd9f864b265ffa6122b0ea4fd88757752dbc00ba634762d91b76b
libstdcxx,QF,float,0.55,0.050000011920928955,seed,7002,target_upper_tail_q,0,0.1,1.0,899462,899462,a three-vector reached the caller,1.0,0.9999958988018508,1.0,two_sided_clopper_pearson_0.95,false,7d6e05fbbf3cd9f864b265ffa6122b0ea4fd88757752dbc00ba634762d91b76b
libstdcxx,QF,float,0.55,0.050000011920928955,seed,7002,target_upper_tail_q,1,0.01,0.1,90475,88220,a three-vector reached the caller,0.9750759878419453,0.9740392917739652,0.9760820701099001,two_sided_clopper_pearson_0.95,false,7d6e05fbbf3cd9f864b265ffa6122b0ea4fd88757752dbc00ba634762d91b76b
libstdcxx,QF,float,0.55,0.050000011920928955,seed,7002,target_upper_tail_q,2,0.001,0.01,9039,0,a three-vector reached the caller,0.0,0.0,0.00033136806075229064,one_sided_upper_0.95,true,7d6e05fbbf3cd9f864b265ffa6122b0ea4fd88757752dbc00ba634762d91b76b
libstdcxx,QF,float,0.55,0.050000011920928955,seed,7002,target_upper_tail_q,3,0.0001,0.001,924,0,a three-vector reached the caller,0.0,0.0,0.003236884452459954,one_sided_upper_0.95,true,7d6e05fbbf3cd9f864b265ffa6122b0ea4fd88757752dbc00ba634762d91b76b
libstdcxx,QF,float,0.55,0.050000011920928955,seed,7002,target_upper_tail_q,4,1e-05,0.0001,91,0,a three-vector reached the caller,0.0,0.0,0.03238416473643446,one_sided_upper_0.95,true,7d6e05fbbf3cd9f864b265ffa6122b0ea4fd88757752dbc00ba634762d91b76b
libstdcxx,QF,float,0.55,0.050000011920928955,seed,7002,target_upper_tail_q,5,1e-06,1e-05,7,0,a three-vector reached the caller,0.0,0.0,0.34816365513116077,one_sided_upper_0.95,true,7d6e05fbbf3cd9f864b265ffa6122b0ea4fd88757752dbc00ba634762d91b76b
libstdcxx,QF,float,0.55,0.050000011920928955,seed,7002,target_upper_tail_q,6,1e-08,1e-06,2,0,a three-vector reached the caller,0.0,0.0,0.776393202250021,one_sided_upper_0.95,true,7d6e05fbbf3cd9f864b265ffa6122b0ea4fd88757752dbc00ba634762d91b76b
libstdcxx,LEGACY,float,0.55,0.050000011920928955,seed,7003,target_upper_tail_q,0,0.1,1.0,899759,899759,a three-vector reached the caller,1.0,0.9999959001556059,1.0,two_sided_clopper_pearson_0.95,false,7d6e05fbbf3cd9f864b265ffa6122b0ea4fd88757752dbc00ba634762d91b76b
libstdcxx,LEGACY,float,0.55,0.050000011920928955,seed,7003,target_upper_tail_q,1,0.01,0.1,90141,90141,a three-vector reached the caller,1.0,0.9999590774012455,1.0,two_sided_clopper_pearson_0.95,false,7d6e05fbbf3cd9f864b265ffa6122b0ea4fd88757752dbc00ba634762d91b76b
libstdcxx,LEGACY,float,0.55,0.050000011920928955,seed,7003,target_upper_tail_q,2,0.001,0.01,9127,4398,a three-vector reached the caller,0.48186698805741207,0.47156832285110784,0.49217723326634416,two_sided_clopper_pearson_0.95,false,7d6e05fbbf3cd9f864b265ffa6122b0ea4fd88757752dbc00ba634762d91b76b
libstdcxx,LEGACY,float,0.55,0.050000011920928955,seed,7003,target_upper_tail_q,3,0.0001,0.001,856,0,a three-vector reached the caller,0.0,0.0,0.0034935704677591106,one_sided_upper_0.95,true,7d6e05fbbf3cd9f864b265ffa6122b0ea4fd88757752dbc00ba634762d91b76b
libstdcxx,LEGACY,float,0.55,0.050000011920928955,seed,7003,target_upper_tail_q,4,1e-05,0.0001,108,0,a three-vector reached the caller,0.0,0.0,0.027357088699751175,one_sided_upper_0.95,true,7d6e05fbbf3cd9f864b265ffa6122b0ea4fd88757752dbc00ba634762d91b76b
libstdcxx,LEGACY,float,0.55,0.050000011920928955,seed,7003,target_upper_tail_q,5,1e-06,1e-05,8,0,a three-vector reached the caller,0.0,0.0,0.3123439780663678,one_sided_upper_0.95,true,7d6e05fbbf3cd9f864b265ffa6122b0ea4fd88757752dbc00ba634762d91b76b
libstdcxx,LEGACY,float,0.55,0.050000011920928955,seed,7003,target_upper_tail_q,6,1e-08,1e-06,1,0,a three-vector reached the caller,0.0,0.0,0.95,one_sided_upper_0.95,true,7d6e05fbbf3cd9f864b265ffa6122b0ea4fd88757752dbc00ba634762d91b76b
libstdcxx,CANDIDATE,float,0.55,0.050000011920928955,seed,7003,target_upper_tail_q,0,0.1,1.0,899759,899759,a three-vector reached the caller,1.0,0.9999959001556059,1.0,two_sided_clopper_pearson_0.95,false,7d6e05fbbf3cd9f864b265ffa6122b0ea4fd88757752dbc00ba634762d91b76b
libstdcxx,CANDIDATE,float,0.55,0.050000011920928955,seed,7003,target_upper_tail_q,1,0.01,0.1,90141,90141,a three-vector reached the caller,1.0,0.9999590774012455,1.0,two_sided_clopper_pearson_0.95,false,7d6e05fbbf3cd9f864b265ffa6122b0ea4fd88757752dbc00ba634762d91b76b
libstdcxx,CANDIDATE,float,0.55,0.050000011920928955,seed,7003,target_upper_tail_q,2,0.001,0.01,9127,9127,a three-vector reached the caller,1.0,0.9995959094901591,1.0,two_sided_clopper_pearson_0.95,false,7d6e05fbbf3cd9f864b265ffa6122b0ea4fd88757752dbc00ba634762d91b76b
libstdcxx,CANDIDATE,float,0.55,0.050000011920928955,seed,7003,target_upper_tail_q,3,0.0001,0.001,856,828,a three-vector reached the caller,0.9672897196261683,0.9530698437084166,0.9781564052478255,two_sided_clopper_pearson_0.95,false,7d6e05fbbf3cd9f864b265ffa6122b0ea4fd88757752dbc00ba634762d91b76b
libstdcxx,CANDIDATE,float,0.55,0.050000011920928955,seed,7003,target_upper_tail_q,4,1e-05,0.0001,108,0,a three-vector reached the caller,0.0,0.0,0.027357088699751175,one_sided_upper_0.95,true,7d6e05fbbf3cd9f864b265ffa6122b0ea4fd88757752dbc00ba634762d91b76b
libstdcxx,CANDIDATE,float,0.55,0.050000011920928955,seed,7003,target_upper_tail_q,5,1e-06,1e-05,8,0,a three-vector reached the caller,0.0,0.0,0.3123439780663678,one_sided_upper_0.95,true,7d6e05fbbf3cd9f864b265ffa6122b0ea4fd88757752dbc00ba634762d91b76b
libstdcxx,CANDIDATE,float,0.55,0.050000011920928955,seed,7003,target_upper_tail_q,6,1e-08,1e-06,1,0,a three-vector reached the caller,0.0,0.0,0.95,one_sided_upper_0.95,true,7d6e05fbbf3cd9f864b265ffa6122b0ea4fd88757752dbc00ba634762d91b76b
libstdcxx,QF,float,0.55,0.050000011920928955,seed,7003,target_upper_tail_q,0,0.1,1.0,899759,899759,a three-vector reached the caller,1.0,0.9999959001556059,1.0,two_sided_clopper_pearson_0.95,false,7d6e05fbbf3cd9f864b265ffa6122b0ea4fd88757752dbc00ba634762d91b76b
libstdcxx,QF,float,0.55,0.050000011920928955,seed,7003,target_upper_tail_q,1,0.01,0.1,90141,88009,a three-vector reached the caller,0.9763481656515903,0.9753351314458933,0.9773303842471401,two_sided_clopper_pearson_0.95,false,7d6e05fbbf3cd9f864b265ffa6122b0ea4fd88757752dbc00ba634762d91b76b
libstdcxx,QF,float,0.55,0.050000011920928955,seed,7003,target_upper_tail_q,2,0.001,0.01,9127,0,a three-vector reached the caller,0.0,0.0,0.00032817362621906376,one_sided_upper_0.95,true,7d6e05fbbf3cd9f864b265ffa6122b0ea4fd88757752dbc00ba634762d91b76b
libstdcxx,QF,float,0.55,0.050000011920928955,seed,7003,target_upper_tail_q,3,0.0001,0.001,856,0,a three-vector reached the caller,0.0,0.0,0.0034935704677591106,one_sided_upper_0.95,true,7d6e05fbbf3cd9f864b265ffa6122b0ea4fd88757752dbc00ba634762d91b76b
libstdcxx,QF,float,0.55,0.050000011920928955,seed,7003,target_upper_tail_q,4,1e-05,0.0001,108,0,a three-vector reached the caller,0.0,0.0,0.027357088699751175,one_sided_upper_0.95,true,7d6e05fbbf3cd9f864b265ffa6122b0ea4fd88757752dbc00ba634762d91b76b
libstdcxx,QF,float,0.55,0.050000011920928955,seed,7003,target_upper_tail_q,5,1e-06,1e-05,8,0,a three-vector reached the caller,0.0,0.0,0.3123439780663678,one_sided_upper_0.95,true,7d6e05fbbf3cd9f864b265ffa6122b0ea4fd88757752dbc00ba634762d91b76b
libstdcxx,QF,float,0.55,0.050000011920928955,seed,7003,target_upper_tail_q,6,1e-08,1e-06,1,0,a three-vector reached the caller,0.0,0.0,0.95,one_sided_upper_0.95,true,7d6e05fbbf3cd9f864b265ffa6122b0ea4fd88757752dbc00ba634762d91b76b
libstdcxx,LEGACY,float,0.55,0.050000011920928955,seed,7004,target_upper_tail_q,0,0.1,1.0,900100,900100,a three-vector reached the caller,1.0,0.9999959017088156,1.0,two_sided_clopper_pearson_0.95,false,7d6e05fbbf3cd9f864b265ffa6122b0ea4fd88757752dbc00ba634762d91b76b
libstdcxx,LEGACY,float,0.55,0.050000011920928955,seed,7004,target_upper_tail_q,1,0.01,0.1,89938,89938,a three-vector reached the caller,1.0,0.9999589850363143,1.0,two_sided_clopper_pearson_0.95,false,7d6e05fbbf3cd9f864b265ffa6122b0ea4fd88757752dbc00ba634762d91b76b
libstdcxx,LEGACY,float,0.55,0.050000011920928955,seed,7004,target_upper_tail_q,2,0.001,0.01,8979,4314,a three-vector reached the caller,0.4804543935850317,0.4700723771161905,0.49084909860677745,two_sided_clopper_pearson_0.95,false,7d6e05fbbf3cd9f864b265ffa6122b0ea4fd88757752dbc00ba634762d91b76b
libstdcxx,LEGACY,float,0.55,0.050000011920928955,seed,7004,target_upper_tail_q,3,0.0001,0.001,865,0,a three-vector reached the caller,0.0,0.0,0.0034572840874823596,one_sided_upper_0.95,true,7d6e05fbbf3cd9f864b265ffa6122b0ea4fd88757752dbc00ba634762d91b76b
libstdcxx,LEGACY,float,0.55,0.050000011920928955,seed,7004,target_upper_tail_q,4,1e-05,0.0001,104,0,a three-vector reached the caller,0.0,0.0,0.028394205516576565,one_sided_upper_0.95,true,7d6e05fbbf3cd9f864b265ffa6122b0ea4fd88757752dbc00ba634762d91b76b
libstdcxx,LEGACY,float,0.55,0.050000011920928955,seed,7004,target_upper_tail_q,5,1e-06,1e-05,12,0,a three-vector reached the caller,0.0,0.0,0.22092219194555585,one_sided_upper_0.95,true,7d6e05fbbf3cd9f864b265ffa6122b0ea4fd88757752dbc00ba634762d91b76b
libstdcxx,LEGACY,float,0.55,0.050000011920928955,seed,7004,target_upper_tail_q,6,1e-08,1e-06,2,0,a three-vector reached the caller,0.0,0.0,0.776393202250021,one_sided_upper_0.95,true,7d6e05fbbf3cd9f864b265ffa6122b0ea4fd88757752dbc00ba634762d91b76b
libstdcxx,CANDIDATE,float,0.55,0.050000011920928955,seed,7004,target_upper_tail_q,0,0.1,1.0,900100,900100,a three-vector reached the caller,1.0,0.9999959017088156,1.0,two_sided_clopper_pearson_0.95,false,7d6e05fbbf3cd9f864b265ffa6122b0ea4fd88757752dbc00ba634762d91b76b
libstdcxx,CANDIDATE,float,0.55,0.050000011920928955,seed,7004,target_upper_tail_q,1,0.01,0.1,89938,89938,a three-vector reached the caller,1.0,0.9999589850363143,1.0,two_sided_clopper_pearson_0.95,false,7d6e05fbbf3cd9f864b265ffa6122b0ea4fd88757752dbc00ba634762d91b76b
libstdcxx,CANDIDATE,float,0.55,0.050000011920928955,seed,7004,target_upper_tail_q,2,0.001,0.01,8979,8979,a three-vector reached the caller,1.0,0.9995892502729564,1.0,two_sided_clopper_pearson_0.95,false,7d6e05fbbf3cd9f864b265ffa6122b0ea4fd88757752dbc00ba634762d91b76b
libstdcxx,CANDIDATE,float,0.55,0.050000011920928955,seed,7004,target_upper_tail_q,3,0.0001,0.001,865,824,a three-vector reached the caller,0.9526011560693641,0.9362447426846856,0.9657743097258881,two_sided_clopper_pearson_0.95,false,7d6e05fbbf3cd9f864b265ffa6122b0ea4fd88757752dbc00ba634762d91b76b
libstdcxx,CANDIDATE,float,0.55,0.050000011920928955,seed,7004,target_upper_tail_q,4,1e-05,0.0001,104,0,a three-vector reached the caller,0.0,0.0,0.028394205516576565,one_sided_upper_0.95,true,7d6e05fbbf3cd9f864b265ffa6122b0ea4fd88757752dbc00ba634762d91b76b
libstdcxx,CANDIDATE,float,0.55,0.050000011920928955,seed,7004,target_upper_tail_q,5,1e-06,1e-05,12,0,a three-vector reached the caller,0.0,0.0,0.22092219194555585,one_sided_upper_0.95,true,7d6e05fbbf3cd9f864b265ffa6122b0ea4fd88757752dbc00ba634762d91b76b
libstdcxx,CANDIDATE,float,0.55,0.050000011920928955,seed,7004,target_upper_tail_q,6,1e-08,1e-06,2,0,a three-vector reached the caller,0.0,0.0,0.776393202250021,one_sided_upper_0.95,true,7d6e05fbbf3cd9f864b265ffa6122b0ea4fd88757752dbc00ba634762d91b76b
libstdcxx,QF,float,0.55,0.050000011920928955,seed,7004,target_upper_tail_q,0,0.1,1.0,900100,900100,a three-vector reached the caller,1.0,0.9999959017088156,1.0,two_sided_clopper_pearson_0.95,false,7d6e05fbbf3cd9f864b265ffa6122b0ea4fd88757752dbc00ba634762d91b76b
libstdcxx,QF,float,0.55,0.050000011920928955,seed,7004,target_upper_tail_q,1,0.01,0.1,89938,87725,a three-vector reached the caller,0.9753941604216237,0.9743606582963129,0.97639684329856,two_sided_clopper_pearson_0.95,false,7d6e05fbbf3cd9f864b265ffa6122b0ea4fd88757752dbc00ba634762d91b76b
libstdcxx,QF,float,0.55,0.050000011920928955,seed,7004,target_upper_tail_q,2,0.001,0.01,8979,0,a three-vector reached the caller,0.0,0.0,0.00033358197846311555,one_sided_upper_0.95,true,7d6e05fbbf3cd9f864b265ffa6122b0ea4fd88757752dbc00ba634762d91b76b
libstdcxx,QF,float,0.55,0.050000011920928955,seed,7004,target_upper_tail_q,3,0.0001,0.001,865,0,a three-vector reached the caller,0.0,0.0,0.0034572840874823596,one_sided_upper_0.95,true,7d6e05fbbf3cd9f864b265ffa6122b0ea4fd88757752dbc00ba634762d91b76b
libstdcxx,QF,float,0.55,0.050000011920928955,seed,7004,target_upper_tail_q,4,1e-05,0.0001,104,0,a three-vector reached the caller,0.0,0.0,0.028394205516576565,one_sided_upper_0.95,true,7d6e05fbbf3cd9f864b265ffa6122b0ea4fd88757752dbc00ba634762d91b76b
libstdcxx,QF,float,0.55,0.050000011920928955,seed,7004,target_upper_tail_q,5,1e-06,1e-05,12,0,a three-vector reached the caller,0.0,0.0,0.22092219194555585,one_sided_upper_0.95,true,7d6e05fbbf3cd9f864b265ffa6122b0ea4fd88757752dbc00ba634762d91b76b
libstdcxx,QF,float,0.55,0.050000011920928955,seed,7004,target_upper_tail_q,6,1e-08,1e-06,2,0,a three-vector reached the caller,0.0,0.0,0.776393202250021,one_sided_upper_0.95,true,7d6e05fbbf3cd9f864b265ffa6122b0ea4fd88757752dbc00ba634762d91b76b
libstdcxx,LEGACY,float,0.55,0.050000011920928955,seed,7005,target_upper_tail_q,0,0.1,1.0,900247,900247,a three-vector reached the caller,1.0,0.9999959023780182,1.0,two_sided_clopper_pearson_0.95,false,7d6e05fbbf3cd9f864b265ffa6122b0ea4fd88757752dbc00ba634762d91b76b
libstdcxx,LEGACY,float,0.55,0.050000011920928955,seed,7005,target_upper_tail_q,1,0.01,0.1,89821,89821,a three-vector reached the caller,1.0,0.9999589316117007,1.0,two_sided_clopper_pearson_0.95,false,7d6e05fbbf3cd9f864b265ffa6122b0ea4fd88757752dbc00ba634762d91b76b
libstdcxx,LEGACY,float,0.55,0.050000011920928955,seed,7005,target_upper_tail_q,2,0.001,0.01,8968,4299,a three-vector reached the caller,0.47937109723461196,0.4689839402856316,0.48977166247710086,two_sided_clopper_pearson_0.95,false,7d6e05fbbf3cd9f864b265ffa6122b0ea4fd88757752dbc00ba634762d91b76b
libstdcxx,LEGACY,float,0.55,0.050000011920928955,seed,7005,target_upper_tail_q,3,0.0001,0.001,879,0,a three-vector reached the caller,0.0,0.0,0.003402313048133321,one_sided_upper_0.95,true,7d6e05fbbf3cd9f864b265ffa6122b0ea4fd88757752dbc00ba634762d91b76b
libstdcxx,LEGACY,float,0.55,0.050000011920928955,seed,7005,target_upper_tail_q,4,1e-05,0.0001,76,0,a three-vector reached the caller,0.0,0.0,0.03865076672572554,one_sided_upper_0.95,true,7d6e05fbbf3cd9f864b265ffa6122b0ea4fd88757752dbc00ba634762d91b76b
libstdcxx,LEGACY,float,0.55,0.050000011920928955,seed,7005,target_upper_tail_q,5,1e-06,1e-05,8,0,a three-vector reached the caller,0.0,0.0,0.3123439780663678,one_sided_upper_0.95,true,7d6e05fbbf3cd9f864b265ffa6122b0ea4fd88757752dbc00ba634762d91b76b
libstdcxx,LEGACY,float,0.55,0.050000011920928955,seed,7005,target_upper_tail_q,6,1e-08,1e-06,1,0,a three-vector reached the caller,0.0,0.0,0.95,one_sided_upper_0.95,true,7d6e05fbbf3cd9f864b265ffa6122b0ea4fd88757752dbc00ba634762d91b76b
libstdcxx,CANDIDATE,float,0.55,0.050000011920928955,seed,7005,target_upper_tail_q,0,0.1,1.0,900247,900247,a three-vector reached the caller,1.0,0.9999959023780182,1.0,two_sided_clopper_pearson_0.95,false,7d6e05fbbf3cd9f864b265ffa6122b0ea4fd88757752dbc00ba634762d91b76b
libstdcxx,CANDIDATE,float,0.55,0.050000011920928955,seed,7005,target_upper_tail_q,1,0.01,0.1,89821,89821,a three-vector reached the caller,1.0,0.9999589316117007,1.0,two_sided_clopper_pearson_0.95,false,7d6e05fbbf3cd9f864b265ffa6122b0ea4fd88757752dbc00ba634762d91b76b
libstdcxx,CANDIDATE,float,0.55,0.050000011920928955,seed,7005,target_upper_tail_q,2,0.001,0.01,8968,8968,a three-vector reached the caller,1.0,0.9995887465577693,1.0,two_sided_clopper_pearson_0.95,false,7d6e05fbbf3cd9f864b265ffa6122b0ea4fd88757752dbc00ba634762d91b76b
libstdcxx,CANDIDATE,float,0.55,0.050000011920928955,seed,7005,target_upper_tail_q,3,0.0001,0.001,879,849,a three-vector reached the caller,0.9658703071672355,0.9516344078563873,0.9768566834527947,two_sided_clopper_pearson_0.95,false,7d6e05fbbf3cd9f864b265ffa6122b0ea4fd88757752dbc00ba634762d91b76b
libstdcxx,CANDIDATE,float,0.55,0.050000011920928955,seed,7005,target_upper_tail_q,4,1e-05,0.0001,76,0,a three-vector reached the caller,0.0,0.0,0.03865076672572554,one_sided_upper_0.95,true,7d6e05fbbf3cd9f864b265ffa6122b0ea4fd88757752dbc00ba634762d91b76b
libstdcxx,CANDIDATE,float,0.55,0.050000011920928955,seed,7005,target_upper_tail_q,5,1e-06,1e-05,8,0,a three-vector reached the caller,0.0,0.0,0.3123439780663678,one_sided_upper_0.95,true,7d6e05fbbf3cd9f864b265ffa6122b0ea4fd88757752dbc00ba634762d91b76b
libstdcxx,CANDIDATE,float,0.55,0.050000011920928955,seed,7005,target_upper_tail_q,6,1e-08,1e-06,1,0,a three-vector reached the caller,0.0,0.0,0.95,one_sided_upper_0.95,true,7d6e05fbbf3cd9f864b265ffa6122b0ea4fd88757752dbc00ba634762d91b76b
libstdcxx,QF,float,0.55,0.050000011920928955,seed,7005,target_upper_tail_q,0,0.1,1.0,900247,900247,a three-vector reached the caller,1.0,0.9999959023780182,1.0,two_sided_clopper_pearson_0.95,false,7d6e05fbbf3cd9f864b265ffa6122b0ea4fd88757752dbc00ba634762d91b76b
libstdcxx,QF,float,0.55,0.050000011920928955,seed,7005,target_upper_tail_q,1,0.01,0.1,89821,87696,a three-vector reached the caller,0.9763418354282406,0.9753268309998583,0.9773259145009515,two_sided_clopper_pearson_0.95,false,7d6e05fbbf3cd9f864b265ffa6122b0ea4fd88757752dbc00ba634762d91b76b
libstdcxx,QF,float,0.55,0.050000011920928955,seed,7005,target_upper_tail_q,2,0.001,0.01,8968,0,a three-vector reached the caller,0.0,0.0,0.00033399107624643154,one_sided_upper_0.95,true,7d6e05fbbf3cd9f864b265ffa6122b0ea4fd88757752dbc00ba634762d91b76b
libstdcxx,QF,float,0.55,0.050000011920928955,seed,7005,target_upper_tail_q,3,0.0001,0.001,879,0,a three-vector reached the caller,0.0,0.0,0.003402313048133321,one_sided_upper_0.95,true,7d6e05fbbf3cd9f864b265ffa6122b0ea4fd88757752dbc00ba634762d91b76b
libstdcxx,QF,float,0.55,0.050000011920928955,seed,7005,target_upper_tail_q,4,1e-05,0.0001,76,0,a three-vector reached the caller,0.0,0.0,0.03865076672572554,one_sided_upper_0.95,true,7d6e05fbbf3cd9f864b265ffa6122b0ea4fd88757752dbc00ba634762d91b76b
libstdcxx,QF,float,0.55,0.050000011920928955,seed,7005,target_upper_tail_q,5,1e-06,1e-05,8,0,a three-vector reached the caller,0.0,0.0,0.3123439780663678,one_sided_upper_0.95,true,7d6e05fbbf3cd9f864b265ffa6122b0ea4fd88757752dbc00ba634762d91b76b
libstdcxx,QF,float,0.55,0.050000011920928955,seed,7005,target_upper_tail_q,6,1e-08,1e-06,1,0,a three-vector reached the caller,0.0,0.0,0.95,one_sided_upper_0.95,true,7d6e05fbbf3cd9f864b265ffa6122b0ea4fd88757752dbc00ba634762d91b76b
libstdcxx,LEGACY,float,0.6,0.10000002384185791,seed,7001,target_upper_tail_q,0,0.1,1.0,900039,900039,a three-vector reached the caller,1.0,0.9999959014310552,1.0,two_sided_clopper_pearson_0.95,false,7d6e05fbbf3cd9f864b265ffa6122b0ea4fd88757752dbc00ba634762d91b76b
libstdcxx,LEGACY,float,0.6,0.10000002384185791,seed,7001,target_upper_tail_q,1,0.01,0.1,89866,89866,a three-vector reached the caller,1.0,0.9999589521760915,1.0,two_sided_clopper_pearson_0.95,false,7d6e05fbbf3cd9f864b265ffa6122b0ea4fd88757752dbc00ba634762d91b76b
libstdcxx,LEGACY,float,0.6,0.10000002384185791,seed,7001,target_upper_tail_q,2,0.001,0.01,9067,9067,a three-vector reached the caller,1.0,0.9995932360040182,1.0,two_sided_clopper_pearson_0.95,false,7d6e05fbbf3cd9f864b265ffa6122b0ea4fd88757752dbc00ba634762d91b76b
libstdcxx,LEGACY,float,0.6,0.10000002384185791,seed,7001,target_upper_tail_q,3,0.0001,0.001,921,921,a three-vector reached the caller,1.0,0.9960027125118448,1.0,two_sided_clopper_pearson_0.95,false,7d6e05fbbf3cd9f864b265ffa6122b0ea4fd88757752dbc00ba634762d91b76b
libstdcxx,LEGACY,float,0.6,0.10000002384185791,seed,7001,target_upper_tail_q,4,1e-05,0.0001,95,70,a three-vector reached the caller,0.7368421052631579,0.6364929128160421,0.8219042752141079,two_sided_clopper_pearson_0.95,false,7d6e05fbbf3cd9f864b265ffa6122b0ea4fd88757752dbc00ba634762d91b76b
libstdcxx,LEGACY,float,0.6,0.10000002384185791,seed,7001,target_upper_tail_q,5,1e-06,1e-05,11,0,a three-vector reached the caller,0.0,0.0,0.2384041903808526,one_sided_upper_0.95,true,7d6e05fbbf3cd9f864b265ffa6122b0ea4fd88757752dbc00ba634762d91b76b
libstdcxx,LEGACY,float,0.6,0.10000002384185791,seed,7001,target_upper_tail_q,6,1e-08,1e-06,1,0,a three-vector reached the caller,0.0,0.0,0.95,one_sided_upper_0.95,true,7d6e05fbbf3cd9f864b265ffa6122b0ea4fd88757752dbc00ba634762d91b76b
libstdcxx,CANDIDATE,float,0.6,0.10000002384185791,seed,7001,target_upper_tail_q,0,0.1,1.0,900039,900039,a three-vector reached the caller,1.0,0.9999959014310552,1.0,two_sided_clopper_pearson_0.95,false,7d6e05fbbf3cd9f864b265ffa6122b0ea4fd88757752dbc00ba634762d91b76b
libstdcxx,CANDIDATE,float,0.6,0.10000002384185791,seed,7001,target_upper_tail_q,1,0.01,0.1,89866,89866,a three-vector reached the caller,1.0,0.9999589521760915,1.0,two_sided_clopper_pearson_0.95,false,7d6e05fbbf3cd9f864b265ffa6122b0ea4fd88757752dbc00ba634762d91b76b
libstdcxx,CANDIDATE,float,0.6,0.10000002384185791,seed,7001,target_upper_tail_q,2,0.001,0.01,9067,9067,a three-vector reached the caller,1.0,0.9995932360040182,1.0,two_sided_clopper_pearson_0.95,false,7d6e05fbbf3cd9f864b265ffa6122b0ea4fd88757752dbc00ba634762d91b76b
libstdcxx,CANDIDATE,float,0.6,0.10000002384185791,seed,7001,target_upper_tail_q,3,0.0001,0.001,921,921,a three-vector reached the caller,1.0,0.9960027125118448,1.0,two_sided_clopper_pearson_0.95,false,7d6e05fbbf3cd9f864b265ffa6122b0ea4fd88757752dbc00ba634762d91b76b
libstdcxx,CANDIDATE,float,0.6,0.10000002384185791,seed,7001,target_upper_tail_q,4,1e-05,0.0001,95,95,a three-vector reached the caller,1.0,0.9619139224299894,1.0,two_sided_clopper_pearson_0.95,false,7d6e05fbbf3cd9f864b265ffa6122b0ea4fd88757752dbc00ba634762d91b76b
libstdcxx,CANDIDATE,float,0.6,0.10000002384185791,seed,7001,target_upper_tail_q,5,1e-06,1e-05,11,11,a three-vector reached the caller,1.0,0.7150858470818456,1.0,two_sided_clopper_pearson_0.95,false,7d6e05fbbf3cd9f864b265ffa6122b0ea4fd88757752dbc00ba634762d91b76b
libstdcxx,CANDIDATE,float,0.6,0.10000002384185791,seed,7001,target_upper_tail_q,6,1e-08,1e-06,1,1,a three-vector reached the caller,1.0,0.025000000000000022,1.0,two_sided_clopper_pearson_0.95,false,7d6e05fbbf3cd9f864b265ffa6122b0ea4fd88757752dbc00ba634762d91b76b
libstdcxx,QF,float,0.6,0.10000002384185791,seed,7001,target_upper_tail_q,0,0.1,1.0,900039,900039,a three-vector reached the caller,1.0,0.9999959014310552,1.0,two_sided_clopper_pearson_0.95,false,7d6e05fbbf3cd9f864b265ffa6122b0ea4fd88757752dbc00ba634762d91b76b
libstdcxx,QF,float,0.6,0.10000002384185791,seed,7001,target_upper_tail_q,1,0.01,0.1,89866,89866,a three-vector reached the caller,1.0,0.9999589521760915,1.0,two_sided_clopper_pearson_0.95,false,7d6e05fbbf3cd9f864b265ffa6122b0ea4fd88757752dbc00ba634762d91b76b
libstdcxx,QF,float,0.6,0.10000002384185791,seed,7001,target_upper_tail_q,2,0.001,0.01,9067,9067,a three-vector reached the caller,1.0,0.9995932360040182,1.0,two_sided_clopper_pearson_0.95,false,7d6e05fbbf3cd9f864b265ffa6122b0ea4fd88757752dbc00ba634762d91b76b
libstdcxx,QF,float,0.6,0.10000002384185791,seed,7001,target_upper_tail_q,3,0.0001,0.001,921,879,a three-vector reached the caller,0.9543973941368078,0.9388556723800744,0.966939119108921,two_sided_clopper_pearson_0.95,false,7d6e05fbbf3cd9f864b265ffa6122b0ea4fd88757752dbc00ba634762d91b76b
libstdcxx,QF,float,0.6,0.10000002384185791,seed,7001,target_upper_tail_q,4,1e-05,0.0001,95,0,a three-vector reached the caller,0.0,0.0,0.031042011867954855,one_sided_upper_0.95,true,7d6e05fbbf3cd9f864b265ffa6122b0ea4fd88757752dbc00ba634762d91b76b
libstdcxx,QF,float,0.6,0.10000002384185791,seed,7001,target_upper_tail_q,5,1e-06,1e-05,11,0,a three-vector reached the caller,0.0,0.0,0.2384041903808526,one_sided_upper_0.95,true,7d6e05fbbf3cd9f864b265ffa6122b0ea4fd88757752dbc00ba634762d91b76b
libstdcxx,QF,float,0.6,0.10000002384185791,seed,7001,target_upper_tail_q,6,1e-08,1e-06,1,0,a three-vector reached the caller,0.0,0.0,0.95,one_sided_upper_0.95,true,7d6e05fbbf3cd9f864b265ffa6122b0ea4fd88757752dbc00ba634762d91b76b
libstdcxx,LEGACY,float,0.6,0.10000002384185791,seed,7002,target_upper_tail_q,0,0.1,1.0,899719,899719,a three-vector reached the caller,1.0,0.999995899973334,1.0,two_sided_clopper_pearson_0.95,false,7d6e05fbbf3cd9f864b265ffa6122b0ea4fd88757752dbc00ba634762d91b76b
libstdcxx,LEGACY,float,0.6,0.10000002384185791,seed,7002,target_upper_tail_q,1,0.01,0.1,90181,90181,a three-vector reached the caller,1.0,0.9999590955521915,1.0,two_sided_clopper_pearson_0.95,false,7d6e05fbbf3cd9f864b265ffa6122b0ea4fd88757752dbc00ba634762d91b76b
libstdcxx,LEGACY,float,0.6,0.10000002384185791,seed,7002,target_upper_tail_q,2,0.001,0.01,9061,9061,a three-vector reached the caller,1.0,0.9995929667084428,1.0,two_sided_clopper_pearson_0.95,false,7d6e05fbbf3cd9f864b265ffa6122b0ea4fd88757752dbc00ba634762d91b76b
libstdcxx,LEGACY,float,0.6,0.10000002384185791,seed,7002,target_upper_tail_q,3,0.0001,0.001,947,947,a three-vector reached the caller,1.0,0.9961122449115257,1.0,two_sided_clopper_pearson_0.95,false,7d6e05fbbf3cd9f864b265ffa6122b0ea4fd88757752dbc00ba634762d91b76b
libstdcxx,LEGACY,float,0.6,0.10000002384185791,seed,7002,target_upper_tail_q,4,1e-05,0.0001,83,61,a three-vector reached the caller,0.7349397590361446,0.6266387581580777,0.8258453625660317,two_sided_clopper_pearson_0.95,false,7d6e05fbbf3cd9f864b265ffa6122b0ea4fd88757752dbc00ba634762d91b76b
libstdcxx,LEGACY,float,0.6,0.10000002384185791,seed,7002,target_upper_tail_q,5,1e-06,1e-05,7,0,a three-vector reached the caller,0.0,0.0,0.34816365513116077,one_sided_upper_0.95,true,7d6e05fbbf3cd9f864b265ffa6122b0ea4fd88757752dbc00ba634762d91b76b
libstdcxx,LEGACY,float,0.6,0.10000002384185791,seed,7002,target_upper_tail_q,6,1e-08,1e-06,2,0,a three-vector reached the caller,0.0,0.0,0.776393202250021,one_sided_upper_0.95,true,7d6e05fbbf3cd9f864b265ffa6122b0ea4fd88757752dbc00ba634762d91b76b
libstdcxx,CANDIDATE,float,0.6,0.10000002384185791,seed,7002,target_upper_tail_q,0,0.1,1.0,899719,899719,a three-vector reached the caller,1.0,0.999995899973334,1.0,two_sided_clopper_pearson_0.95,false,7d6e05fbbf3cd9f864b265ffa6122b0ea4fd88757752dbc00ba634762d91b76b
libstdcxx,CANDIDATE,float,0.6,0.10000002384185791,seed,7002,target_upper_tail_q,1,0.01,0.1,90181,90181,a three-vector reached the caller,1.0,0.9999590955521915,1.0,two_sided_clopper_pearson_0.95,false,7d6e05fbbf3cd9f864b265ffa6122b0ea4fd88757752dbc00ba634762d91b76b
libstdcxx,CANDIDATE,float,0.6,0.10000002384185791,seed,7002,target_upper_tail_q,2,0.001,0.01,9061,9061,a three-vector reached the caller,1.0,0.9995929667084428,1.0,two_sided_clopper_pearson_0.95,false,7d6e05fbbf3cd9f864b265ffa6122b0ea4fd88757752dbc00ba634762d91b76b
libstdcxx,CANDIDATE,float,0.6,0.10000002384185791,seed,7002,target_upper_tail_q,3,0.0001,0.001,947,947,a three-vector reached the caller,1.0,0.9961122449115257,1.0,two_sided_clopper_pearson_0.95,false,7d6e05fbbf3cd9f864b265ffa6122b0ea4fd88757752dbc00ba634762d91b76b
libstdcxx,CANDIDATE,float,0.6,0.10000002384185791,seed,7002,target_upper_tail_q,4,1e-05,0.0001,83,83,a three-vector reached the caller,1.0,0.9565288478335582,1.0,two_sided_clopper_pearson_0.95,false,7d6e05fbbf3cd9f864b265ffa6122b0ea4fd88757752dbc00ba634762d91b76b
libstdcxx,CANDIDATE,float,0.6,0.10000002384185791,seed,7002,target_upper_tail_q,5,1e-06,1e-05,7,7,a three-vector reached the caller,1.0,0.5903836027749967,1.0,two_sided_clopper_pearson_0.95,false,7d6e05fbbf3cd9f864b265ffa6122b0ea4fd88757752dbc00ba634762d91b76b
libstdcxx,CANDIDATE,float,0.6,0.10000002384185791,seed,7002,target_upper_tail_q,6,1e-08,1e-06,2,2,a three-vector reached the caller,1.0,0.15811388300841903,1.0,two_sided_clopper_pearson_0.95,false,7d6e05fbbf3cd9f864b265ffa6122b0ea4fd88757752dbc00ba634762d91b76b
libstdcxx,QF,float,0.6,0.10000002384185791,seed,7002,target_upper_tail_q,0,0.1,1.0,899719,899719,a three-vector reached the caller,1.0,0.999995899973334,1.0,two_sided_clopper_pearson_0.95,false,7d6e05fbbf3cd9f864b265ffa6122b0ea4fd88757752dbc00ba634762d91b76b
libstdcxx,QF,float,0.6,0.10000002384185791,seed,7002,target_upper_tail_q,1,0.01,0.1,90181,90181,a three-vector reached the caller,1.0,0.9999590955521915,1.0,two_sided_clopper_pearson_0.95,false,7d6e05fbbf3cd9f864b265ffa6122b0ea4fd88757752dbc00ba634762d91b76b
libstdcxx,QF,float,0.6,0.10000002384185791,seed,7002,target_upper_tail_q,2,0.001,0.01,9061,9061,a three-vector reached the caller,1.0,0.9995929667084428,1.0,two_sided_clopper_pearson_0.95,false,7d6e05fbbf3cd9f864b265ffa6122b0ea4fd88757752dbc00ba634762d91b76b
libstdcxx,QF,float,0.6,0.10000002384185791,seed,7002,target_upper_tail_q,3,0.0001,0.001,947,896,a three-vector reached the caller,0.9461457233368532,0.929796316186673,0.9596425682395837,two_sided_clopper_pearson_0.95,false,7d6e05fbbf3cd9f864b265ffa6122b0ea4fd88757752dbc00ba634762d91b76b
libstdcxx,QF,float,0.6,0.10000002384185791,seed,7002,target_upper_tail_q,4,1e-05,0.0001,83,0,a three-vector reached the caller,0.0,0.0,0.03544956814588507,one_sided_upper_0.95,true,7d6e05fbbf3cd9f864b265ffa6122b0ea4fd88757752dbc00ba634762d91b76b
libstdcxx,QF,float,0.6,0.10000002384185791,seed,7002,target_upper_tail_q,5,1e-06,1e-05,7,0,a three-vector reached the caller,0.0,0.0,0.34816365513116077,one_sided_upper_0.95,true,7d6e05fbbf3cd9f864b265ffa6122b0ea4fd88757752dbc00ba634762d91b76b
libstdcxx,QF,float,0.6,0.10000002384185791,seed,7002,target_upper_tail_q,6,1e-08,1e-06,2,0,a three-vector reached the caller,0.0,0.0,0.776393202250021,one_sided_upper_0.95,true,7d6e05fbbf3cd9f864b265ffa6122b0ea4fd88757752dbc00ba634762d91b76b
libstdcxx,LEGACY,float,0.6,0.10000002384185791,seed,7003,target_upper_tail_q,0,0.1,1.0,899579,899579,a three-vector reached the caller,1.0,0.999995899335255,1.0,two_sided_clopper_pearson_0.95,false,7d6e05fbbf3cd9f864b265ffa6122b0ea4fd88757752dbc00ba634762d91b76b
libstdcxx,LEGACY,float,0.6,0.10000002384185791,seed,7003,target_upper_tail_q,1,0.01,0.1,90310,90310,a three-vector reached the caller,1.0,0.9999591539794532,1.0,two_sided_clopper_pearson_0.95,false,7d6e05fbbf3cd9f864b265ffa6122b0ea4fd88757752dbc00ba634762d91b76b
libstdcxx,LEGACY,float,0.6,0.10000002384185791,seed,7003,target_upper_tail_q,2,0.001,0.01,9160,9160,a three-vector reached the caller,1.0,0.9995973649816327,1.0,two_sided_clopper_pearson_0.95,false,7d6e05fbbf3cd9f864b265ffa6122b0ea4fd88757752dbc00ba634762d91b76b
libstdcxx,LEGACY,float,0.6,0.10000002384185791,seed,7003,target_upper_tail_q,3,0.0001,0.001,837,837,a three-vector reached the caller,1.0,0.9956024343471863,1.0,two_sided_clopper_pearson_0.95,false,7d6e05fbbf3cd9f864b265ffa6122b0ea4fd88757752dbc00ba634762d91b76b
libstdcxx,LEGACY,float,0.6,0.10000002384185791,seed,7003,target_upper_tail_q,4,1e-05,0.0001,103,72,a three-vector reached the caller,0.6990291262135923,0.6007582639277096,0.785499046568926,two_sided_clopper_pearson_0.95,false,7d6e05fbbf3cd9f864b265ffa6122b0ea4fd88757752dbc00ba634762d91b76b
libstdcxx,LEGACY,float,0.6,0.10000002384185791,seed,7003,target_upper_tail_q,5,1e-06,1e-05,9,0,a three-vector reached the caller,0.0,0.0,0.2831288355631134,one_sided_upper_0.95,true,7d6e05fbbf3cd9f864b265ffa6122b0ea4fd88757752dbc00ba634762d91b76b
libstdcxx,LEGACY,float,0.6,0.10000002384185791,seed,7003,target_upper_tail_q,6,1e-08,1e-06,2,0,a three-vector reached the caller,0.0,0.0,0.776393202250021,one_sided_upper_0.95,true,7d6e05fbbf3cd9f864b265ffa6122b0ea4fd88757752dbc00ba634762d91b76b
libstdcxx,CANDIDATE,float,0.6,0.10000002384185791,seed,7003,target_upper_tail_q,0,0.1,1.0,899579,899579,a three-vector reached the caller,1.0,0.999995899335255,1.0,two_sided_clopper_pearson_0.95,false,7d6e05fbbf3cd9f864b265ffa6122b0ea4fd88757752dbc00ba634762d91b76b
libstdcxx,CANDIDATE,float,0.6,0.10000002384185791,seed,7003,target_upper_tail_q,1,0.01,0.1,90310,90310,a three-vector reached the caller,1.0,0.9999591539794532,1.0,two_sided_clopper_pearson_0.95,false,7d6e05fbbf3cd9f864b265ffa6122b0ea4fd88757752dbc00ba634762d91b76b
libstdcxx,CANDIDATE,float,0.6,0.10000002384185791,seed,7003,target_upper_tail_q,2,0.001,0.01,9160,9160,a three-vector reached the caller,1.0,0.9995973649816327,1.0,two_sided_clopper_pearson_0.95,false,7d6e05fbbf3cd9f864b265ffa6122b0ea4fd88757752dbc00ba634762d91b76b
libstdcxx,CANDIDATE,float,0.6,0.10000002384185791,seed,7003,target_upper_tail_q,3,0.0001,0.001,837,837,a three-vector reached the caller,1.0,0.9956024343471863,1.0,two_sided_clopper_pearson_0.95,false,7d6e05fbbf3cd9f864b265ffa6122b0ea4fd88757752dbc00ba634762d91b76b
libstdcxx,CANDIDATE,float,0.6,0.10000002384185791,seed,7003,target_upper_tail_q,4,1e-05,0.0001,103,103,a three-vector reached the caller,1.0,0.9648193824256598,1.0,two_sided_clopper_pearson_0.95,false,7d6e05fbbf3cd9f864b265ffa6122b0ea4fd88757752dbc00ba634762d91b76b
libstdcxx,CANDIDATE,float,0.6,0.10000002384185791,seed,7003,target_upper_tail_q,5,1e-06,1e-05,9,9,a three-vector reached the caller,1.0,0.6637328831200572,1.0,two_sided_clopper_pearson_0.95,false,7d6e05fbbf3cd9f864b265ffa6122b0ea4fd88757752dbc00ba634762d91b76b
libstdcxx,CANDIDATE,float,0.6,0.10000002384185791,seed,7003,target_upper_tail_q,6,1e-08,1e-06,2,2,a three-vector reached the caller,1.0,0.15811388300841903,1.0,two_sided_clopper_pearson_0.95,false,7d6e05fbbf3cd9f864b265ffa6122b0ea4fd88757752dbc00ba634762d91b76b
libstdcxx,QF,float,0.6,0.10000002384185791,seed,7003,target_upper_tail_q,0,0.1,1.0,899579,899579,a three-vector reached the caller,1.0,0.999995899335255,1.0,two_sided_clopper_pearson_0.95,false,7d6e05fbbf3cd9f864b265ffa6122b0ea4fd88757752dbc00ba634762d91b76b
libstdcxx,QF,float,0.6,0.10000002384185791,seed,7003,target_upper_tail_q,1,0.01,0.1,90310,90310,a three-vector reached the caller,1.0,0.9999591539794532,1.0,two_sided_clopper_pearson_0.95,false,7d6e05fbbf3cd9f864b265ffa6122b0ea4fd88757752dbc00ba634762d91b76b
libstdcxx,QF,float,0.6,0.10000002384185791,seed,7003,target_upper_tail_q,2,0.001,0.01,9160,9160,a three-vector reached the caller,1.0,0.9995973649816327,1.0,two_sided_clopper_pearson_0.95,false,7d6e05fbbf3cd9f864b265ffa6122b0ea4fd88757752dbc00ba634762d91b76b
libstdcxx,QF,float,0.6,0.10000002384185791,seed,7003,target_upper_tail_q,3,0.0001,0.001,837,800,a three-vector reached the caller,0.955794504181601,0.939580711904795,0.9686873548316257,two_sided_clopper_pearson_0.95,false,7d6e05fbbf3cd9f864b265ffa6122b0ea4fd88757752dbc00ba634762d91b76b
libstdcxx,QF,float,0.6,0.10000002384185791,seed,7003,target_upper_tail_q,4,1e-05,0.0001,103,0,a three-vector reached the caller,0.0,0.0,0.028665888103637016,one_sided_upper_0.95,true,7d6e05fbbf3cd9f864b265ffa6122b0ea4fd88757752dbc00ba634762d91b76b
libstdcxx,QF,float,0.6,0.10000002384185791,seed,7003,target_upper_tail_q,5,1e-06,1e-05,9,0,a three-vector reached the caller,0.0,0.0,0.2831288355631134,one_sided_upper_0.95,true,7d6e05fbbf3cd9f864b265ffa6122b0ea4fd88757752dbc00ba634762d91b76b
libstdcxx,QF,float,0.6,0.10000002384185791,seed,7003,target_upper_tail_q,6,1e-08,1e-06,2,0,a three-vector reached the caller,0.0,0.0,0.776393202250021,one_sided_upper_0.95,true,7d6e05fbbf3cd9f864b265ffa6122b0ea4fd88757752dbc00ba634762d91b76b
libstdcxx,LEGACY,float,0.6,0.10000002384185791,seed,7004,target_upper_tail_q,0,0.1,1.0,900187,900187,a three-vector reached the caller,1.0,0.9999959021049006,1.0,two_sided_clopper_pearson_0.95,false,7d6e05fbbf3cd9f864b265ffa6122b0ea4fd88757752dbc00ba634762d91b76b
libstdcxx,LEGACY,float,0.6,0.10000002384185791,seed,7004,target_upper_tail_q,1,0.01,0.1,89818,89818,a three-vector reached the caller,1.0,0.9999589302400087,1.0,two_sided_clopper_pearson_0.95,false,7d6e05fbbf3cd9f864b265ffa6122b0ea4fd88757752dbc00ba634762d91b76b
libstdcxx,LEGACY,float,0.6,0.10000002384185791,seed,7004,target_upper_tail_q,2,0.001,0.01,9018,9018,a three-vector reached the caller,1.0,0.9995910262724222,1.0,two_sided_clopper_pearson_0.95,false,7d6e05fbbf3cd9f864b265ffa6122b0ea4fd88757752dbc00ba634762d91b76b
libstdcxx,LEGACY,float,0.6,0.10000002384185791,seed,7004,target_upper_tail_q,3,0.0001,0.001,858,858,a three-vector reached the caller,1.0,0.9957098358568908,1.0,two_sided_clopper_pearson_0.95,false,7d6e05fbbf3cd9f864b265ffa6122b0ea4fd88757752dbc00ba634762d91b76b
libstdcxx,LEGACY,float,0.6,0.10000002384185791,seed,7004,target_upper_tail_q,4,1e-05,0.0001,104,76,a three-vector reached the caller,0.7307692307692307,0.6349006157502743,0.8130602122951026,two_sided_clopper_pearson_0.95,false,7d6e05fbbf3cd9f864b265ffa6122b0ea4fd88757752dbc00ba634762d91b76b
libstdcxx,LEGACY,float,0.6,0.10000002384185791,seed,7004,target_upper_tail_q,5,1e-06,1e-05,13,0,a three-vector reached the caller,0.0,0.0,0.20581666518655062,one_sided_upper_0.95,true,7d6e05fbbf3cd9f864b265ffa6122b0ea4fd88757752dbc00ba634762d91b76b
libstdcxx,LEGACY,float,0.6,0.10000002384185791,seed,7004,target_upper_tail_q,6,1e-08,1e-06,2,0,a three-vector reached the caller,0.0,0.0,0.776393202250021,one_sided_upper_0.95,true,7d6e05fbbf3cd9f864b265ffa6122b0ea4fd88757752dbc00ba634762d91b76b
libstdcxx,CANDIDATE,float,0.6,0.10000002384185791,seed,7004,target_upper_tail_q,0,0.1,1.0,900187,900187,a three-vector reached the caller,1.0,0.9999959021049006,1.0,two_sided_clopper_pearson_0.95,false,7d6e05fbbf3cd9f864b265ffa6122b0ea4fd88757752dbc00ba634762d91b76b
libstdcxx,CANDIDATE,float,0.6,0.10000002384185791,seed,7004,target_upper_tail_q,1,0.01,0.1,89818,89818,a three-vector reached the caller,1.0,0.9999589302400087,1.0,two_sided_clopper_pearson_0.95,false,7d6e05fbbf3cd9f864b265ffa6122b0ea4fd88757752dbc00ba634762d91b76b
libstdcxx,CANDIDATE,float,0.6,0.10000002384185791,seed,7004,target_upper_tail_q,2,0.001,0.01,9018,9018,a three-vector reached the caller,1.0,0.9995910262724222,1.0,two_sided_clopper_pearson_0.95,false,7d6e05fbbf3cd9f864b265ffa6122b0ea4fd88757752dbc00ba634762d91b76b
libstdcxx,CANDIDATE,float,0.6,0.10000002384185791,seed,7004,target_upper_tail_q,3,0.0001,0.001,858,858,a three-vector reached the caller,1.0,0.9957098358568908,1.0,two_sided_clopper_pearson_0.95,false,7d6e05fbbf3cd9f864b265ffa6122b0ea4fd88757752dbc00ba634762d91b76b
libstdcxx,CANDIDATE,float,0.6,0.10000002384185791,seed,7004,target_upper_tail_q,4,1e-05,0.0001,104,104,a three-vector reached the caller,1.0,0.965151693412326,1.0,two_sided_clopper_pearson_0.95,false,7d6e05fbbf3cd9f864b265ffa6122b0ea4fd88757752dbc00ba634762d91b76b
libstdcxx,CANDIDATE,float,0.6,0.10000002384185791,seed,7004,target_upper_tail_q,5,1e-06,1e-05,13,13,a three-vector reached the caller,1.0,0.752947361999529,1.0,two_sided_clopper_pearson_0.95,false,7d6e05fbbf3cd9f864b265ffa6122b0ea4fd88757752dbc00ba634762d91b76b
libstdcxx,CANDIDATE,float,0.6,0.10000002384185791,seed,7004,target_upper_tail_q,6,1e-08,1e-06,2,2,a three-vector reached the caller,1.0,0.15811388300841903,1.0,two_sided_clopper_pearson_0.95,false,7d6e05fbbf3cd9f864b265ffa6122b0ea4fd88757752dbc00ba634762d91b76b
libstdcxx,QF,float,0.6,0.10000002384185791,seed,7004,target_upper_tail_q,0,0.1,1.0,900187,900187,a three-vector reached the caller,1.0,0.9999959021049006,1.0,two_sided_clopper_pearson_0.95,false,7d6e05fbbf3cd9f864b265ffa6122b0ea4fd88757752dbc00ba634762d91b76b
libstdcxx,QF,float,0.6,0.10000002384185791,seed,7004,target_upper_tail_q,1,0.01,0.1,89818,89818,a three-vector reached the caller,1.0,0.9999589302400087,1.0,two_sided_clopper_pearson_0.95,false,7d6e05fbbf3cd9f864b265ffa6122b0ea4fd88757752dbc00ba634762d91b76b
libstdcxx,QF,float,0.6,0.10000002384185791,seed,7004,target_upper_tail_q,2,0.001,0.01,9018,9018,a three-vector reached the caller,1.0,0.9995910262724222,1.0,two_sided_clopper_pearson_0.95,false,7d6e05fbbf3cd9f864b265ffa6122b0ea4fd88757752dbc00ba634762d91b76b
libstdcxx,QF,float,0.6,0.10000002384185791,seed,7004,target_upper_tail_q,3,0.0001,0.001,858,813,a three-vector reached the caller,0.9475524475524476,0.9304474922703808,0.9614906365092984,two_sided_clopper_pearson_0.95,false,7d6e05fbbf3cd9f864b265ffa6122b0ea4fd88757752dbc00ba634762d91b76b
libstdcxx,QF,float,0.6,0.10000002384185791,seed,7004,target_upper_tail_q,4,1e-05,0.0001,104,0,a three-vector reached the caller,0.0,0.0,0.028394205516576565,one_sided_upper_0.95,true,7d6e05fbbf3cd9f864b265ffa6122b0ea4fd88757752dbc00ba634762d91b76b
libstdcxx,QF,float,0.6,0.10000002384185791,seed,7004,target_upper_tail_q,5,1e-06,1e-05,13,0,a three-vector reached the caller,0.0,0.0,0.20581666518655062,one_sided_upper_0.95,true,7d6e05fbbf3cd9f864b265ffa6122b0ea4fd88757752dbc00ba634762d91b76b
libstdcxx,QF,float,0.6,0.10000002384185791,seed,7004,target_upper_tail_q,6,1e-08,1e-06,2,0,a three-vector reached the caller,0.0,0.0,0.776393202250021,one_sided_upper_0.95,true,7d6e05fbbf3cd9f864b265ffa6122b0ea4fd88757752dbc00ba634762d91b76b
libstdcxx,LEGACY,float,0.6,0.10000002384185791,seed,7005,target_upper_tail_q,0,0.1,1.0,900219,900219,a three-vector reached the caller,1.0,0.9999959022505679,1.0,two_sided_clopper_pearson_0.95,false,7d6e05fbbf3cd9f864b265ffa6122b0ea4fd88757752dbc00ba634762d91b76b
libstdcxx,LEGACY,float,0.6,0.10000002384185791,seed,7005,target_upper_tail_q,1,0.01,0.1,89930,89930,a three-vector reached the caller,1.0,0.9999589813877767,1.0,two_sided_clopper_pearson_0.95,false,7d6e05fbbf3cd9f864b265ffa6122b0ea4fd88757752dbc00ba634762d91b76b
libstdcxx,LEGACY,float,0.6,0.10000002384185791,seed,7005,target_upper_tail_q,2,0.001,0.01,8870,8870,a three-vector reached the caller,1.0,0.9995842037779159,1.0,two_sided_clopper_pearson_0.95,false,7d6e05fbbf3cd9f864b265ffa6122b0ea4fd88757752dbc00ba634762d91b76b
libstdcxx,LEGACY,float,0.6,0.10000002384185791,seed,7005,target_upper_tail_q,3,0.0001,0.001,899,899,a three-vector reached the caller,1.0,0.9959050929037484,1.0,two_sided_clopper_pearson_0.95,false,7d6e05fbbf3cd9f864b265ffa6122b0ea4fd88757752dbc00ba634762d91b76b
libstdcxx,LEGACY,float,0.6,0.10000002384185791,seed,7005,target_upper_tail_q,4,1e-05,0.0001,75,49,a three-vector reached the caller,0.6533333333333333,0.5345790287409042,0.7595683545480995,two_sided_clopper_pearson_0.95,false,7d6e05fbbf3cd9f864b265ffa6122b0ea4fd88757752dbc00ba634762d91b76b
libstdcxx,LEGACY,float,0.6,0.10000002384185791,seed,7005,target_upper_tail_q,5,1e-06,1e-05,6,0,a three-vector reached the caller,0.0,0.0,0.39303776899708265,one_sided_upper_0.95,true,7d6e05fbbf3cd9f864b265ffa6122b0ea4fd88757752dbc00ba634762d91b76b
libstdcxx,LEGACY,float,0.6,0.10000002384185791,seed,7005,target_upper_tail_q,6,1e-08,1e-06,1,0,a three-vector reached the caller,0.0,0.0,0.95,one_sided_upper_0.95,true,7d6e05fbbf3cd9f864b265ffa6122b0ea4fd88757752dbc00ba634762d91b76b
libstdcxx,CANDIDATE,float,0.6,0.10000002384185791,seed,7005,target_upper_tail_q,0,0.1,1.0,900219,900219,a three-vector reached the caller,1.0,0.9999959022505679,1.0,two_sided_clopper_pearson_0.95,false,7d6e05fbbf3cd9f864b265ffa6122b0ea4fd88757752dbc00ba634762d91b76b
libstdcxx,CANDIDATE,float,0.6,0.10000002384185791,seed,7005,target_upper_tail_q,1,0.01,0.1,89930,89930,a three-vector reached the caller,1.0,0.9999589813877767,1.0,two_sided_clopper_pearson_0.95,false,7d6e05fbbf3cd9f864b265ffa6122b0ea4fd88757752dbc00ba634762d91b76b
libstdcxx,CANDIDATE,float,0.6,0.10000002384185791,seed,7005,target_upper_tail_q,2,0.001,0.01,8870,8870,a three-vector reached the caller,1.0,0.9995842037779159,1.0,two_sided_clopper_pearson_0.95,false,7d6e05fbbf3cd9f864b265ffa6122b0ea4fd88757752dbc00ba634762d91b76b
libstdcxx,CANDIDATE,float,0.6,0.10000002384185791,seed,7005,target_upper_tail_q,3,0.0001,0.001,899,899,a three-vector reached the caller,1.0,0.9959050929037484,1.0,two_sided_clopper_pearson_0.95,false,7d6e05fbbf3cd9f864b265ffa6122b0ea4fd88757752dbc00ba634762d91b76b
libstdcxx,CANDIDATE,float,0.6,0.10000002384185791,seed,7005,target_upper_tail_q,4,1e-05,0.0001,75,75,a three-vector reached the caller,1.0,0.9520049359448577,1.0,two_sided_clopper_pearson_0.95,false,7d6e05fbbf3cd9f864b265ffa6122b0ea4fd88757752dbc00ba634762d91b76b
libstdcxx,CANDIDATE,float,0.6,0.10000002384185791,seed,7005,target_upper_tail_q,5,1e-06,1e-05,6,6,a three-vector reached the caller,1.0,0.5407418735600996,1.0,two_sided_clopper_pearson_0.95,false,7d6e05fbbf3cd9f864b265ffa6122b0ea4fd88757752dbc00ba634762d91b76b
libstdcxx,CANDIDATE,float,0.6,0.10000002384185791,seed,7005,target_upper_tail_q,6,1e-08,1e-06,1,1,a three-vector reached the caller,1.0,0.025000000000000022,1.0,two_sided_clopper_pearson_0.95,false,7d6e05fbbf3cd9f864b265ffa6122b0ea4fd88757752dbc00ba634762d91b76b
libstdcxx,QF,float,0.6,0.10000002384185791,seed,7005,target_upper_tail_q,0,0.1,1.0,900219,900219,a three-vector reached the caller,1.0,0.9999959022505679,1.0,two_sided_clopper_pearson_0.95,false,7d6e05fbbf3cd9f864b265ffa6122b0ea4fd88757752dbc00ba634762d91b76b
libstdcxx,QF,float,0.6,0.10000002384185791,seed,7005,target_upper_tail_q,1,0.01,0.1,89930,89930,a three-vector reached the caller,1.0,0.9999589813877767,1.0,two_sided_clopper_pearson_0.95,false,7d6e05fbbf3cd9f864b265ffa6122b0ea4fd88757752dbc00ba634762d91b76b
libstdcxx,QF,float,0.6,0.10000002384185791,seed,7005,target_upper_tail_q,2,0.001,0.01,8870,8870,a three-vector reached the caller,1.0,0.9995842037779159,1.0,two_sided_clopper_pearson_0.95,false,7d6e05fbbf3cd9f864b265ffa6122b0ea4fd88757752dbc00ba634762d91b76b
libstdcxx,QF,float,0.6,0.10000002384185791,seed,7005,target_upper_tail_q,3,0.0001,0.001,899,857,a three-vector reached the caller,0.9532814238042269,0.9373719089718987,0.9661251071764617,two_sided_clopper_pearson_0.95,false,7d6e05fbbf3cd9f864b265ffa6122b0ea4fd88757752dbc00ba634762d91b76b
libstdcxx,QF,float,0.6,0.10000002384185791,seed,7005,target_upper_tail_q,4,1e-05,0.0001,75,0,a three-vector reached the caller,0.0,0.0,0.03915588747217125,one_sided_upper_0.95,true,7d6e05fbbf3cd9f864b265ffa6122b0ea4fd88757752dbc00ba634762d91b76b
libstdcxx,QF,float,0.6,0.10000002384185791,seed,7005,target_upper_tail_q,5,1e-06,1e-05,6,0,a three-vector reached the caller,0.0,0.0,0.39303776899708265,one_sided_upper_0.95,true,7d6e05fbbf3cd9f864b265ffa6122b0ea4fd88757752dbc00ba634762d91b76b
libstdcxx,QF,float,0.6,0.10000002384185791,seed,7005,target_upper_tail_q,6,1e-08,1e-06,1,0,a three-vector reached the caller,0.0,0.0,0.95,one_sided_upper_0.95,true,7d6e05fbbf3cd9f864b265ffa6122b0ea4fd88757752dbc00ba634762d91b76b
libstdcxx,LEGACY,float,0.75,0.25,seed,7001,target_upper_tail_q,0,0.1,1.0,900234,900234,a three-vector reached the caller,1.0,0.9999959023188458,1.0,two_sided_clopper_pearson_0.95,false,7d6e05fbbf3cd9f864b265ffa6122b0ea4fd88757752dbc00ba634762d91b76b
libstdcxx,LEGACY,float,0.75,0.25,seed,7001,target_upper_tail_q,1,0.01,0.1,89653,89653,a three-vector reached the caller,1.0,0.9999588546555778,1.0,two_sided_clopper_pearson_0.95,false,7d6e05fbbf3cd9f864b265ffa6122b0ea4fd88757752dbc00ba634762d91b76b
libstdcxx,LEGACY,float,0.75,0.25,seed,7001,target_upper_tail_q,2,0.001,0.01,9112,9112,a three-vector reached the caller,1.0,0.999595244418737,1.0,two_sided_clopper_pearson_0.95,false,7d6e05fbbf3cd9f864b265ffa6122b0ea4fd88757752dbc00ba634762d91b76b
libstdcxx,LEGACY,float,0.75,0.25,seed,7001,target_upper_tail_q,3,0.0001,0.001,894,894,a three-vector reached the caller,1.0,0.9958822379562879,1.0,two_sided_clopper_pearson_0.95,false,7d6e05fbbf3cd9f864b265ffa6122b0ea4fd88757752dbc00ba634762d91b76b
libstdcxx,LEGACY,float,0.75,0.25,seed,7001,target_upper_tail_q,4,1e-05,0.0001,94,94,a three-vector reached the caller,1.0,0.9615166490024712,1.0,two_sided_clopper_pearson_0.95,false,7d6e05fbbf3cd9f864b265ffa6122b0ea4fd88757752dbc00ba634762d91b76b
libstdcxx,LEGACY,float,0.75,0.25,seed,7001,target_upper_tail_q,5,1e-06,1e-05,13,13,a three-vector reached the caller,1.0,0.752947361999529,1.0,two_sided_clopper_pearson_0.95,false,7d6e05fbbf3cd9f864b265ffa6122b0ea4fd88757752dbc00ba634762d91b76b
libstdcxx,CANDIDATE,float,0.75,0.25,seed,7001,target_upper_tail_q,0,0.1,1.0,900234,900234,a three-vector reached the caller,1.0,0.9999959023188458,1.0,two_sided_clopper_pearson_0.95,false,7d6e05fbbf3cd9f864b265ffa6122b0ea4fd88757752dbc00ba634762d91b76b
libstdcxx,CANDIDATE,float,0.75,0.25,seed,7001,target_upper_tail_q,1,0.01,0.1,89653,89653,a three-vector reached the caller,1.0,0.9999588546555778,1.0,two_sided_clopper_pearson_0.95,false,7d6e05fbbf3cd9f864b265ffa6122b0ea4fd88757752dbc00ba634762d91b76b
libstdcxx,CANDIDATE,float,0.75,0.25,seed,7001,target_upper_tail_q,2,0.001,0.01,9112,9112,a three-vector reached the caller,1.0,0.999595244418737,1.0,two_sided_clopper_pearson_0.95,false,7d6e05fbbf3cd9f864b265ffa6122b0ea4fd88757752dbc00ba634762d91b76b
libstdcxx,CANDIDATE,float,0.75,0.25,seed,7001,target_upper_tail_q,3,0.0001,0.001,894,894,a three-vector reached the caller,1.0,0.9958822379562879,1.0,two_sided_clopper_pearson_0.95,false,7d6e05fbbf3cd9f864b265ffa6122b0ea4fd88757752dbc00ba634762d91b76b
libstdcxx,CANDIDATE,float,0.75,0.25,seed,7001,target_upper_tail_q,4,1e-05,0.0001,94,94,a three-vector reached the caller,1.0,0.9615166490024712,1.0,two_sided_clopper_pearson_0.95,false,7d6e05fbbf3cd9f864b265ffa6122b0ea4fd88757752dbc00ba634762d91b76b
libstdcxx,CANDIDATE,float,0.75,0.25,seed,7001,target_upper_tail_q,5,1e-06,1e-05,13,13,a three-vector reached the caller,1.0,0.752947361999529,1.0,two_sided_clopper_pearson_0.95,false,7d6e05fbbf3cd9f864b265ffa6122b0ea4fd88757752dbc00ba634762d91b76b
libstdcxx,QF,float,0.75,0.25,seed,7001,target_upper_tail_q,0,0.1,1.0,900234,900234,a three-vector reached the caller,1.0,0.9999959023188458,1.0,two_sided_clopper_pearson_0.95,false,7d6e05fbbf3cd9f864b265ffa6122b0ea4fd88757752dbc00ba634762d91b76b
libstdcxx,QF,float,0.75,0.25,seed,7001,target_upper_tail_q,1,0.01,0.1,89653,89653,a three-vector reached the caller,1.0,0.9999588546555778,1.0,two_sided_clopper_pearson_0.95,false,7d6e05fbbf3cd9f864b265ffa6122b0ea4fd88757752dbc00ba634762d91b76b
libstdcxx,QF,float,0.75,0.25,seed,7001,target_upper_tail_q,2,0.001,0.01,9112,9112,a three-vector reached the caller,1.0,0.999595244418737,1.0,two_sided_clopper_pearson_0.95,false,7d6e05fbbf3cd9f864b265ffa6122b0ea4fd88757752dbc00ba634762d91b76b
libstdcxx,QF,float,0.75,0.25,seed,7001,target_upper_tail_q,3,0.0001,0.001,894,894,a three-vector reached the caller,1.0,0.9958822379562879,1.0,two_sided_clopper_pearson_0.95,false,7d6e05fbbf3cd9f864b265ffa6122b0ea4fd88757752dbc00ba634762d91b76b
libstdcxx,QF,float,0.75,0.25,seed,7001,target_upper_tail_q,4,1e-05,0.0001,94,94,a three-vector reached the caller,1.0,0.9615166490024712,1.0,two_sided_clopper_pearson_0.95,false,7d6e05fbbf3cd9f864b265ffa6122b0ea4fd88757752dbc00ba634762d91b76b
libstdcxx,QF,float,0.75,0.25,seed,7001,target_upper_tail_q,5,1e-06,1e-05,13,13,a three-vector reached the caller,1.0,0.752947361999529,1.0,two_sided_clopper_pearson_0.95,false,7d6e05fbbf3cd9f864b265ffa6122b0ea4fd88757752dbc00ba634762d91b76b
libstdcxx,LEGACY,float,0.75,0.25,seed,7002,target_upper_tail_q,0,0.1,1.0,899807,899807,a three-vector reached the caller,1.0,0.9999959003743107,1.0,two_sided_clopper_pearson_0.95,false,7d6e05fbbf3cd9f864b265ffa6122b0ea4fd88757752dbc00ba634762d91b76b
libstdcxx,LEGACY,float,0.75,0.25,seed,7002,target_upper_tail_q,1,0.01,0.1,90092,90092,a three-vector reached the caller,1.0,0.9999590551443716,1.0,two_sided_clopper_pearson_0.95,false,7d6e05fbbf3cd9f864b265ffa6122b0ea4fd88757752dbc00ba634762d91b76b
libstdcxx,LEGACY,float,0.75,0.25,seed,7002,target_upper_tail_q,2,0.001,0.01,9083,9083,a three-vector reached the caller,1.0,0.9995939523865385,1.0,two_sided_clopper_pearson_0.95,false,7d6e05fbbf3cd9f864b265ffa6122b0ea4fd88757752dbc00ba634762d91b76b
libstdcxx,LEGACY,float,0.75,0.25,seed,7002,target_upper_tail_q,3,0.0001,0.001,928,928,a three-vector reached the caller,1.0,0.9960328045759852,1.0,two_sided_clopper_pearson_0.95,false,7d6e05fbbf3cd9f864b265ffa6122b0ea4fd88757752dbc00ba634762d91b76b
libstdcxx,LEGACY,float,0.75,0.25,seed,7002,target_upper_tail_q,4,1e-05,0.0001,81,81,a three-vector reached the caller,1.0,0.9554797375436782,1.0,two_sided_clopper_pearson_0.95,false,7d6e05fbbf3cd9f864b265ffa6122b0ea4fd88757752dbc00ba634762d91b76b
libstdcxx,LEGACY,float,0.75,0.25,seed,7002,target_upper_tail_q,5,1e-06,1e-05,7,7,a three-vector reached the caller,1.0,0.5903836027749967,1.0,two_sided_clopper_pearson_0.95,false,7d6e05fbbf3cd9f864b265ffa6122b0ea4fd88757752dbc00ba634762d91b76b
libstdcxx,LEGACY,float,0.75,0.25,seed,7002,target_upper_tail_q,6,1e-08,1e-06,2,2,a three-vector reached the caller,1.0,0.15811388300841903,1.0,two_sided_clopper_pearson_0.95,false,7d6e05fbbf3cd9f864b265ffa6122b0ea4fd88757752dbc00ba634762d91b76b
libstdcxx,CANDIDATE,float,0.75,0.25,seed,7002,target_upper_tail_q,0,0.1,1.0,899807,899807,a three-vector reached the caller,1.0,0.9999959003743107,1.0,two_sided_clopper_pearson_0.95,false,7d6e05fbbf3cd9f864b265ffa6122b0ea4fd88757752dbc00ba634762d91b76b
libstdcxx,CANDIDATE,float,0.75,0.25,seed,7002,target_upper_tail_q,1,0.01,0.1,90092,90092,a three-vector reached the caller,1.0,0.9999590551443716,1.0,two_sided_clopper_pearson_0.95,false,7d6e05fbbf3cd9f864b265ffa6122b0ea4fd88757752dbc00ba634762d91b76b
libstdcxx,CANDIDATE,float,0.75,0.25,seed,7002,target_upper_tail_q,2,0.001,0.01,9083,9083,a three-vector reached the caller,1.0,0.9995939523865385,1.0,two_sided_clopper_pearson_0.95,false,7d6e05fbbf3cd9f864b265ffa6122b0ea4fd88757752dbc00ba634762d91b76b
libstdcxx,CANDIDATE,float,0.75,0.25,seed,7002,target_upper_tail_q,3,0.0001,0.001,928,928,a three-vector reached the caller,1.0,0.9960328045759852,1.0,two_sided_clopper_pearson_0.95,false,7d6e05fbbf3cd9f864b265ffa6122b0ea4fd88757752dbc00ba634762d91b76b
libstdcxx,CANDIDATE,float,0.75,0.25,seed,7002,target_upper_tail_q,4,1e-05,0.0001,81,81,a three-vector reached the caller,1.0,0.9554797375436782,1.0,two_sided_clopper_pearson_0.95,false,7d6e05fbbf3cd9f864b265ffa6122b0ea4fd88757752dbc00ba634762d91b76b
libstdcxx,CANDIDATE,float,0.75,0.25,seed,7002,target_upper_tail_q,5,1e-06,1e-05,7,7,a three-vector reached the caller,1.0,0.5903836027749967,1.0,two_sided_clopper_pearson_0.95,false,7d6e05fbbf3cd9f864b265ffa6122b0ea4fd88757752dbc00ba634762d91b76b
libstdcxx,CANDIDATE,float,0.75,0.25,seed,7002,target_upper_tail_q,6,1e-08,1e-06,2,2,a three-vector reached the caller,1.0,0.15811388300841903,1.0,two_sided_clopper_pearson_0.95,false,7d6e05fbbf3cd9f864b265ffa6122b0ea4fd88757752dbc00ba634762d91b76b
libstdcxx,QF,float,0.75,0.25,seed,7002,target_upper_tail_q,0,0.1,1.0,899807,899807,a three-vector reached the caller,1.0,0.9999959003743107,1.0,two_sided_clopper_pearson_0.95,false,7d6e05fbbf3cd9f864b265ffa6122b0ea4fd88757752dbc00ba634762d91b76b
libstdcxx,QF,float,0.75,0.25,seed,7002,target_upper_tail_q,1,0.01,0.1,90092,90092,a three-vector reached the caller,1.0,0.9999590551443716,1.0,two_sided_clopper_pearson_0.95,false,7d6e05fbbf3cd9f864b265ffa6122b0ea4fd88757752dbc00ba634762d91b76b
libstdcxx,QF,float,0.75,0.25,seed,7002,target_upper_tail_q,2,0.001,0.01,9083,9083,a three-vector reached the caller,1.0,0.9995939523865385,1.0,two_sided_clopper_pearson_0.95,false,7d6e05fbbf3cd9f864b265ffa6122b0ea4fd88757752dbc00ba634762d91b76b
libstdcxx,QF,float,0.75,0.25,seed,7002,target_upper_tail_q,3,0.0001,0.001,928,928,a three-vector reached the caller,1.0,0.9960328045759852,1.0,two_sided_clopper_pearson_0.95,false,7d6e05fbbf3cd9f864b265ffa6122b0ea4fd88757752dbc00ba634762d91b76b
libstdcxx,QF,float,0.75,0.25,seed,7002,target_upper_tail_q,4,1e-05,0.0001,81,81,a three-vector reached the caller,1.0,0.9554797375436782,1.0,two_sided_clopper_pearson_0.95,false,7d6e05fbbf3cd9f864b265ffa6122b0ea4fd88757752dbc00ba634762d91b76b
libstdcxx,QF,float,0.75,0.25,seed,7002,target_upper_tail_q,5,1e-06,1e-05,7,7,a three-vector reached the caller,1.0,0.5903836027749967,1.0,two_sided_clopper_pearson_0.95,false,7d6e05fbbf3cd9f864b265ffa6122b0ea4fd88757752dbc00ba634762d91b76b
libstdcxx,QF,float,0.75,0.25,seed,7002,target_upper_tail_q,6,1e-08,1e-06,2,2,a three-vector reached the caller,1.0,0.15811388300841903,1.0,two_sided_clopper_pearson_0.95,false,7d6e05fbbf3cd9f864b265ffa6122b0ea4fd88757752dbc00ba634762d91b76b
libstdcxx,LEGACY,float,0.75,0.25,seed,7003,target_upper_tail_q,0,0.1,1.0,900089,900089,a three-vector reached the caller,1.0,0.9999959016587304,1.0,two_sided_clopper_pearson_0.95,false,7d6e05fbbf3cd9f864b265ffa6122b0ea4fd88757752dbc00ba634762d91b76b
libstdcxx,LEGACY,float,0.75,0.25,seed,7003,target_upper_tail_q,1,0.01,0.1,90006,90006,a three-vector reached the caller,1.0,0.9999590160226971,1.0,two_sided_clopper_pearson_0.95,false,7d6e05fbbf3cd9f864b265ffa6122b0ea4fd88757752dbc00ba634762d91b76b
libstdcxx,LEGACY,float,0.75,0.25,seed,7003,target_upper_tail_q,2,0.001,0.01,8924,8924,a three-vector reached the caller,1.0,0.9995867192816873,1.0,two_sided_clopper_pearson_0.95,false,7d6e05fbbf3cd9f864b265ffa6122b0ea4fd88757752dbc00ba634762d91b76b
libstdcxx,LEGACY,float,0.75,0.25,seed,7003,target_upper_tail_q,3,0.0001,0.001,863,863,a three-vector reached the caller,1.0,0.9957346388784373,1.0,two_sided_clopper_pearson_0.95,false,7d6e05fbbf3cd9f864b265ffa6122b0ea4fd88757752dbc00ba634762d91b76b
libstdcxx,LEGACY,float,0.75,0.25,seed,7003,target_upper_tail_q,4,1e-05,0.0001,105,105,a three-vector reached the caller,1.0,0.9654777858734944,1.0,two_sided_clopper_pearson_0.95,false,7d6e05fbbf3cd9f864b265ffa6122b0ea4fd88757752dbc00ba634762d91b76b
libstdcxx,LEGACY,float,0.75,0.25,seed,7003,target_upper_tail_q,5,1e-06,1e-05,9,9,a three-vector reached the caller,1.0,0.6637328831200572,1.0,two_sided_clopper_pearson_0.95,false,7d6e05fbbf3cd9f864b265ffa6122b0ea4fd88757752dbc00ba634762d91b76b
libstdcxx,LEGACY,float,0.75,0.25,seed,7003,target_upper_tail_q,6,1e-08,1e-06,4,4,a three-vector reached the caller,1.0,0.3976353643835254,1.0,two_sided_clopper_pearson_0.95,false,7d6e05fbbf3cd9f864b265ffa6122b0ea4fd88757752dbc00ba634762d91b76b
libstdcxx,CANDIDATE,float,0.75,0.25,seed,7003,target_upper_tail_q,0,0.1,1.0,900089,900089,a three-vector reached the caller,1.0,0.9999959016587304,1.0,two_sided_clopper_pearson_0.95,false,7d6e05fbbf3cd9f864b265ffa6122b0ea4fd88757752dbc00ba634762d91b76b
libstdcxx,CANDIDATE,float,0.75,0.25,seed,7003,target_upper_tail_q,1,0.01,0.1,90006,90006,a three-vector reached the caller,1.0,0.9999590160226971,1.0,two_sided_clopper_pearson_0.95,false,7d6e05fbbf3cd9f864b265ffa6122b0ea4fd88757752dbc00ba634762d91b76b
libstdcxx,CANDIDATE,float,0.75,0.25,seed,7003,target_upper_tail_q,2,0.001,0.01,8924,8924,a three-vector reached the caller,1.0,0.9995867192816873,1.0,two_sided_clopper_pearson_0.95,false,7d6e05fbbf3cd9f864b265ffa6122b0ea4fd88757752dbc00ba634762d91b76b
libstdcxx,CANDIDATE,float,0.75,0.25,seed,7003,target_upper_tail_q,3,0.0001,0.001,863,863,a three-vector reached the caller,1.0,0.9957346388784373,1.0,two_sided_clopper_pearson_0.95,false,7d6e05fbbf3cd9f864b265ffa6122b0ea4fd88757752dbc00ba634762d91b76b
libstdcxx,CANDIDATE,float,0.75,0.25,seed,7003,target_upper_tail_q,4,1e-05,0.0001,105,105,a three-vector reached the caller,1.0,0.9654777858734944,1.0,two_sided_clopper_pearson_0.95,false,7d6e05fbbf3cd9f864b265ffa6122b0ea4fd88757752dbc00ba634762d91b76b
libstdcxx,CANDIDATE,float,0.75,0.25,seed,7003,target_upper_tail_q,5,1e-06,1e-05,9,9,a three-vector reached the caller,1.0,0.6637328831200572,1.0,two_sided_clopper_pearson_0.95,false,7d6e05fbbf3cd9f864b265ffa6122b0ea4fd88757752dbc00ba634762d91b76b
libstdcxx,CANDIDATE,float,0.75,0.25,seed,7003,target_upper_tail_q,6,1e-08,1e-06,4,4,a three-vector reached the caller,1.0,0.3976353643835254,1.0,two_sided_clopper_pearson_0.95,false,7d6e05fbbf3cd9f864b265ffa6122b0ea4fd88757752dbc00ba634762d91b76b
libstdcxx,QF,float,0.75,0.25,seed,7003,target_upper_tail_q,0,0.1,1.0,900089,900089,a three-vector reached the caller,1.0,0.9999959016587304,1.0,two_sided_clopper_pearson_0.95,false,7d6e05fbbf3cd9f864b265ffa6122b0ea4fd88757752dbc00ba634762d91b76b
libstdcxx,QF,float,0.75,0.25,seed,7003,target_upper_tail_q,1,0.01,0.1,90006,90006,a three-vector reached the caller,1.0,0.9999590160226971,1.0,two_sided_clopper_pearson_0.95,false,7d6e05fbbf3cd9f864b265ffa6122b0ea4fd88757752dbc00ba634762d91b76b
libstdcxx,QF,float,0.75,0.25,seed,7003,target_upper_tail_q,2,0.001,0.01,8924,8924,a three-vector reached the caller,1.0,0.9995867192816873,1.0,two_sided_clopper_pearson_0.95,false,7d6e05fbbf3cd9f864b265ffa6122b0ea4fd88757752dbc00ba634762d91b76b
libstdcxx,QF,float,0.75,0.25,seed,7003,target_upper_tail_q,3,0.0001,0.001,863,863,a three-vector reached the caller,1.0,0.9957346388784373,1.0,two_sided_clopper_pearson_0.95,false,7d6e05fbbf3cd9f864b265ffa6122b0ea4fd88757752dbc00ba634762d91b76b
libstdcxx,QF,float,0.75,0.25,seed,7003,target_upper_tail_q,4,1e-05,0.0001,105,105,a three-vector reached the caller,1.0,0.9654777858734944,1.0,two_sided_clopper_pearson_0.95,false,7d6e05fbbf3cd9f864b265ffa6122b0ea4fd88757752dbc00ba634762d91b76b
libstdcxx,QF,float,0.75,0.25,seed,7003,target_upper_tail_q,5,1e-06,1e-05,9,9,a three-vector reached the caller,1.0,0.6637328831200572,1.0,two_sided_clopper_pearson_0.95,false,7d6e05fbbf3cd9f864b265ffa6122b0ea4fd88757752dbc00ba634762d91b76b
libstdcxx,QF,float,0.75,0.25,seed,7003,target_upper_tail_q,6,1e-08,1e-06,4,4,a three-vector reached the caller,1.0,0.3976353643835254,1.0,two_sided_clopper_pearson_0.95,false,7d6e05fbbf3cd9f864b265ffa6122b0ea4fd88757752dbc00ba634762d91b76b
libstdcxx,LEGACY,float,0.75,0.25,seed,7004,target_upper_tail_q,0,0.1,1.0,900448,900448,a three-vector reached the caller,1.0,0.9999959032926965,1.0,two_sided_clopper_pearson_0.95,false,7d6e05fbbf3cd9f864b265ffa6122b0ea4fd88757752dbc00ba634762d91b76b
libstdcxx,LEGACY,float,0.75,0.25,seed,7004,target_upper_tail_q,1,0.01,0.1,89518,89518,a three-vector reached the caller,1.0,0.9999587926065256,1.0,two_sided_clopper_pearson_0.95,false,7d6e05fbbf3cd9f864b265ffa6122b0ea4fd88757752dbc00ba634762d91b76b
libstdcxx,LEGACY,float,0.75,0.25,seed,7004,target_upper_tail_q,2,0.001,0.01,9051,9051,a three-vector reached the caller,1.0,0.9995925170892286,1.0,two_sided_clopper_pearson_0.95,false,7d6e05fbbf3cd9f864b265ffa6122b0ea4fd88757752dbc00ba634762d91b76b
libstdcxx,LEGACY,float,0.75,0.25,seed,7004,target_upper_tail_q,3,0.0001,0.001,861,861,a three-vector reached the caller,1.0,0.9957247521644365,1.0,two_sided_clopper_pearson_0.95,false,7d6e05fbbf3cd9f864b265ffa6122b0ea4fd88757752dbc00ba634762d91b76b
libstdcxx,LEGACY,float,0.75,0.25,seed,7004,target_upper_tail_q,4,1e-05,0.0001,107,107,a three-vector reached the caller,1.0,0.9661120005259886,1.0,two_sided_clopper_pearson_0.95,false,7d6e05fbbf3cd9f864b265ffa6122b0ea4fd88757752dbc00ba634762d91b76b
libstdcxx,LEGACY,float,0.75,0.25,seed,7004,target_upper_tail_q,5,1e-06,1e-05,13,13,a three-vector reached the caller,1.0,0.752947361999529,1.0,two_sided_clopper_pearson_0.95,false,7d6e05fbbf3cd9f864b265ffa6122b0ea4fd88757752dbc00ba634762d91b76b
libstdcxx,LEGACY,float,0.75,0.25,seed,7004,target_upper_tail_q,6,1e-08,1e-06,2,2,a three-vector reached the caller,1.0,0.15811388300841903,1.0,two_sided_clopper_pearson_0.95,false,7d6e05fbbf3cd9f864b265ffa6122b0ea4fd88757752dbc00ba634762d91b76b
libstdcxx,CANDIDATE,float,0.75,0.25,seed,7004,target_upper_tail_q,0,0.1,1.0,900448,900448,a three-vector reached the caller,1.0,0.9999959032926965,1.0,two_sided_clopper_pearson_0.95,false,7d6e05fbbf3cd9f864b265ffa6122b0ea4fd88757752dbc00ba634762d91b76b
libstdcxx,CANDIDATE,float,0.75,0.25,seed,7004,target_upper_tail_q,1,0.01,0.1,89518,89518,a three-vector reached the caller,1.0,0.9999587926065256,1.0,two_sided_clopper_pearson_0.95,false,7d6e05fbbf3cd9f864b265ffa6122b0ea4fd88757752dbc00ba634762d91b76b
libstdcxx,CANDIDATE,float,0.75,0.25,seed,7004,target_upper_tail_q,2,0.001,0.01,9051,9051,a three-vector reached the caller,1.0,0.9995925170892286,1.0,two_sided_clopper_pearson_0.95,false,7d6e05fbbf3cd9f864b265ffa6122b0ea4fd88757752dbc00ba634762d91b76b
libstdcxx,CANDIDATE,float,0.75,0.25,seed,7004,target_upper_tail_q,3,0.0001,0.001,861,861,a three-vector reached the caller,1.0,0.9957247521644365,1.0,two_sided_clopper_pearson_0.95,false,7d6e05fbbf3cd9f864b265ffa6122b0ea4fd88757752dbc00ba634762d91b76b
libstdcxx,CANDIDATE,float,0.75,0.25,seed,7004,target_upper_tail_q,4,1e-05,0.0001,107,107,a three-vector reached the caller,1.0,0.9661120005259886,1.0,two_sided_clopper_pearson_0.95,false,7d6e05fbbf3cd9f864b265ffa6122b0ea4fd88757752dbc00ba634762d91b76b
libstdcxx,CANDIDATE,float,0.75,0.25,seed,7004,target_upper_tail_q,5,1e-06,1e-05,13,13,a three-vector reached the caller,1.0,0.752947361999529,1.0,two_sided_clopper_pearson_0.95,false,7d6e05fbbf3cd9f864b265ffa6122b0ea4fd88757752dbc00ba634762d91b76b
libstdcxx,CANDIDATE,float,0.75,0.25,seed,7004,target_upper_tail_q,6,1e-08,1e-06,2,2,a three-vector reached the caller,1.0,0.15811388300841903,1.0,two_sided_clopper_pearson_0.95,false,7d6e05fbbf3cd9f864b265ffa6122b0ea4fd88757752dbc00ba634762d91b76b
libstdcxx,QF,float,0.75,0.25,seed,7004,target_upper_tail_q,0,0.1,1.0,900448,900448,a three-vector reached the caller,1.0,0.9999959032926965,1.0,two_sided_clopper_pearson_0.95,false,7d6e05fbbf3cd9f864b265ffa6122b0ea4fd88757752dbc00ba634762d91b76b
libstdcxx,QF,float,0.75,0.25,seed,7004,target_upper_tail_q,1,0.01,0.1,89518,89518,a three-vector reached the caller,1.0,0.9999587926065256,1.0,two_sided_clopper_pearson_0.95,false,7d6e05fbbf3cd9f864b265ffa6122b0ea4fd88757752dbc00ba634762d91b76b
libstdcxx,QF,float,0.75,0.25,seed,7004,target_upper_tail_q,2,0.001,0.01,9051,9051,a three-vector reached the caller,1.0,0.9995925170892286,1.0,two_sided_clopper_pearson_0.95,false,7d6e05fbbf3cd9f864b265ffa6122b0ea4fd88757752dbc00ba634762d91b76b
libstdcxx,QF,float,0.75,0.25,seed,7004,target_upper_tail_q,3,0.0001,0.001,861,861,a three-vector reached the caller,1.0,0.9957247521644365,1.0,two_sided_clopper_pearson_0.95,false,7d6e05fbbf3cd9f864b265ffa6122b0ea4fd88757752dbc00ba634762d91b76b
libstdcxx,QF,float,0.75,0.25,seed,7004,target_upper_tail_q,4,1e-05,0.0001,107,107,a three-vector reached the caller,1.0,0.9661120005259886,1.0,two_sided_clopper_pearson_0.95,false,7d6e05fbbf3cd9f864b265ffa6122b0ea4fd88757752dbc00ba634762d91b76b
libstdcxx,QF,float,0.75,0.25,seed,7004,target_upper_tail_q,5,1e-06,1e-05,13,13,a three-vector reached the caller,1.0,0.752947361999529,1.0,two_sided_clopper_pearson_0.95,false,7d6e05fbbf3cd9f864b265ffa6122b0ea4fd88757752dbc00ba634762d91b76b
libstdcxx,QF,float,0.75,0.25,seed,7004,target_upper_tail_q,6,1e-08,1e-06,2,2,a three-vector reached the caller,1.0,0.15811388300841903,1.0,two_sided_clopper_pearson_0.95,false,7d6e05fbbf3cd9f864b265ffa6122b0ea4fd88757752dbc00ba634762d91b76b
libstdcxx,LEGACY,float,0.75,0.25,seed,7005,target_upper_tail_q,0,0.1,1.0,900188,900188,a three-vector reached the caller,1.0,0.9999959021094529,1.0,two_sided_clopper_pearson_0.95,false,7d6e05fbbf3cd9f864b265ffa6122b0ea4fd88757752dbc00ba634762d91b76b
libstdcxx,LEGACY,float,0.75,0.25,seed,7005,target_upper_tail_q,1,0.01,0.1,90019,90019,a three-vector reached the caller,1.0,0.9999590219412342,1.0,two_sided_clopper_pearson_0.95,false,7d6e05fbbf3cd9f864b265ffa6122b0ea4fd88757752dbc00ba634762d91b76b
libstdcxx,LEGACY,float,0.75,0.25,seed,7005,target_upper_tail_q,2,0.001,0.01,8759,8759,a three-vector reached the caller,1.0,0.9995789356351458,1.0,two_sided_clopper_pearson_0.95,false,7d6e05fbbf3cd9f864b265ffa6122b0ea4fd88757752dbc00ba634762d91b76b
libstdcxx,LEGACY,float,0.75,0.25,seed,7005,target_upper_tail_q,3,0.0001,0.001,932,932,a three-vector reached the caller,1.0,0.9960497974920849,1.0,two_sided_clopper_pearson_0.95,false,7d6e05fbbf3cd9f864b265ffa6122b0ea4fd88757752dbc00ba634762d91b76b
libstdcxx,LEGACY,float,0.75,0.25,seed,7005,target_upper_tail_q,4,1e-05,0.0001,91,91,a three-vector reached the caller,1.0,0.9602735023081505,1.0,two_sided_clopper_pearson_0.95,false,7d6e05fbbf3cd9f864b265ffa6122b0ea4fd88757752dbc00ba634762d91b76b
libstdcxx,LEGACY,float,0.75,0.25,seed,7005,target_upper_tail_q,5,1e-06,1e-05,10,10,a three-vector reached the caller,1.0,0.6915028921812392,1.0,two_sided_clopper_pearson_0.95,false,7d6e05fbbf3cd9f864b265ffa6122b0ea4fd88757752dbc00ba634762d91b76b
libstdcxx,LEGACY,float,0.75,0.25,seed,7005,target_upper_tail_q,6,1e-08,1e-06,1,1,a three-vector reached the caller,1.0,0.025000000000000022,1.0,two_sided_clopper_pearson_0.95,false,7d6e05fbbf3cd9f864b265ffa6122b0ea4fd88757752dbc00ba634762d91b76b
libstdcxx,CANDIDATE,float,0.75,0.25,seed,7005,target_upper_tail_q,0,0.1,1.0,900188,900188,a three-vector reached the caller,1.0,0.9999959021094529,1.0,two_sided_clopper_pearson_0.95,false,7d6e05fbbf3cd9f864b265ffa6122b0ea4fd88757752dbc00ba634762d91b76b
libstdcxx,CANDIDATE,float,0.75,0.25,seed,7005,target_upper_tail_q,1,0.01,0.1,90019,90019,a three-vector reached the caller,1.0,0.9999590219412342,1.0,two_sided_clopper_pearson_0.95,false,7d6e05fbbf3cd9f864b265ffa6122b0ea4fd88757752dbc00ba634762d91b76b
libstdcxx,CANDIDATE,float,0.75,0.25,seed,7005,target_upper_tail_q,2,0.001,0.01,8759,8759,a three-vector reached the caller,1.0,0.9995789356351458,1.0,two_sided_clopper_pearson_0.95,false,7d6e05fbbf3cd9f864b265ffa6122b0ea4fd88757752dbc00ba634762d91b76b
libstdcxx,CANDIDATE,float,0.75,0.25,seed,7005,target_upper_tail_q,3,0.0001,0.001,932,932,a three-vector reached the caller,1.0,0.9960497974920849,1.0,two_sided_clopper_pearson_0.95,false,7d6e05fbbf3cd9f864b265ffa6122b0ea4fd88757752dbc00ba634762d91b76b
libstdcxx,CANDIDATE,float,0.75,0.25,seed,7005,target_upper_tail_q,4,1e-05,0.0001,91,91,a three-vector reached the caller,1.0,0.9602735023081505,1.0,two_sided_clopper_pearson_0.95,false,7d6e05fbbf3cd9f864b265ffa6122b0ea4fd88757752dbc00ba634762d91b76b
libstdcxx,CANDIDATE,float,0.75,0.25,seed,7005,target_upper_tail_q,5,1e-06,1e-05,10,10,a three-vector reached the caller,1.0,0.6915028921812392,1.0,two_sided_clopper_pearson_0.95,false,7d6e05fbbf3cd9f864b265ffa6122b0ea4fd88757752dbc00ba634762d91b76b
libstdcxx,CANDIDATE,float,0.75,0.25,seed,7005,target_upper_tail_q,6,1e-08,1e-06,1,1,a three-vector reached the caller,1.0,0.025000000000000022,1.0,two_sided_clopper_pearson_0.95,false,7d6e05fbbf3cd9f864b265ffa6122b0ea4fd88757752dbc00ba634762d91b76b
libstdcxx,QF,float,0.75,0.25,seed,7005,target_upper_tail_q,0,0.1,1.0,900188,900188,a three-vector reached the caller,1.0,0.9999959021094529,1.0,two_sided_clopper_pearson_0.95,false,7d6e05fbbf3cd9f864b265ffa6122b0ea4fd88757752dbc00ba634762d91b76b
libstdcxx,QF,float,0.75,0.25,seed,7005,target_upper_tail_q,1,0.01,0.1,90019,90019,a three-vector reached the caller,1.0,0.9999590219412342,1.0,two_sided_clopper_pearson_0.95,false,7d6e05fbbf3cd9f864b265ffa6122b0ea4fd88757752dbc00ba634762d91b76b
libstdcxx,QF,float,0.75,0.25,seed,7005,target_upper_tail_q,2,0.001,0.01,8759,8759,a three-vector reached the caller,1.0,0.9995789356351458,1.0,two_sided_clopper_pearson_0.95,false,7d6e05fbbf3cd9f864b265ffa6122b0ea4fd88757752dbc00ba634762d91b76b
libstdcxx,QF,float,0.75,0.25,seed,7005,target_upper_tail_q,3,0.0001,0.001,932,932,a three-vector reached the caller,1.0,0.9960497974920849,1.0,two_sided_clopper_pearson_0.95,false,7d6e05fbbf3cd9f864b265ffa6122b0ea4fd88757752dbc00ba634762d91b76b
libstdcxx,QF,float,0.75,0.25,seed,7005,target_upper_tail_q,4,1e-05,0.0001,91,91,a three-vector reached the caller,1.0,0.9602735023081505,1.0,two_sided_clopper_pearson_0.95,false,7d6e05fbbf3cd9f864b265ffa6122b0ea4fd88757752dbc00ba634762d91b76b
libstdcxx,QF,float,0.75,0.25,seed,7005,target_upper_tail_q,5,1e-06,1e-05,10,10,a three-vector reached the caller,1.0,0.6915028921812392,1.0,two_sided_clopper_pearson_0.95,false,7d6e05fbbf3cd9f864b265ffa6122b0ea4fd88757752dbc00ba634762d91b76b
libstdcxx,QF,float,0.75,0.25,seed,7005,target_upper_tail_q,6,1e-08,1e-06,1,1,a three-vector reached the caller,1.0,0.025000000000000022,1.0,two_sided_clopper_pearson_0.95,false,7d6e05fbbf3cd9f864b265ffa6122b0ea4fd88757752dbc00ba634762d91b76b
libcxx,CANDIDATE,double,0.501,0.0010000000000000009,pooled,NA,target_upper_tail_q,0,0.1,1.0,4500559,3792335,a three-vector reached the caller,0.8426364369403889,0.8422996813684877,0.8429727516208017,two_sided_clopper_pearson_0.95,false,7d6e05fbbf3cd9f864b265ffa6122b0ea4fd88757752dbc00ba634762d91b76b
libcxx,CANDIDATE,double,0.501,0.0010000000000000009,pooled,NA,target_upper_tail_q,1,0.01,0.1,449691,0,a three-vector reached the caller,0.0,0.0,6.6617350472641945e-06,one_sided_upper_0.95,true,7d6e05fbbf3cd9f864b265ffa6122b0ea4fd88757752dbc00ba634762d91b76b
libcxx,CANDIDATE,double,0.501,0.0010000000000000009,pooled,NA,target_upper_tail_q,2,0.001,0.01,44722,0,a three-vector reached the caller,0.0,0.0,6.698340727728791e-05,one_sided_upper_0.95,true,7d6e05fbbf3cd9f864b265ffa6122b0ea4fd88757752dbc00ba634762d91b76b
libcxx,CANDIDATE,double,0.501,0.0010000000000000009,pooled,NA,target_upper_tail_q,3,0.0001,0.001,4559,0,a three-vector reached the caller,0.0,0.0,0.0006568870885876876,one_sided_upper_0.95,true,7d6e05fbbf3cd9f864b265ffa6122b0ea4fd88757752dbc00ba634762d91b76b
libcxx,CANDIDATE,double,0.501,0.0010000000000000009,pooled,NA,target_upper_tail_q,4,1e-05,0.0001,433,0,a three-vector reached the caller,0.0,0.0,0.0068946722152622986,one_sided_upper_0.95,true,7d6e05fbbf3cd9f864b265ffa6122b0ea4fd88757752dbc00ba634762d91b76b
libcxx,CANDIDATE,double,0.501,0.0010000000000000009,pooled,NA,target_upper_tail_q,5,1e-06,1e-05,29,0,a three-vector reached the caller,0.0,0.0,0.0981446276772957,one_sided_upper_0.95,true,7d6e05fbbf3cd9f864b265ffa6122b0ea4fd88757752dbc00ba634762d91b76b
libcxx,CANDIDATE,double,0.501,0.0010000000000000009,pooled,NA,target_upper_tail_q,6,1e-08,1e-06,7,0,a three-vector reached the caller,0.0,0.0,0.34816365513116077,one_sided_upper_0.95,true,7d6e05fbbf3cd9f864b265ffa6122b0ea4fd88757752dbc00ba634762d91b76b
libcxx,CANDIDATE,double,0.505,0.0050000000000000044,pooled,NA,target_upper_tail_q,0,0.1,1.0,4500429,4500429,a three-vector reached the caller,1.0,0.9999991803274882,1.0,two_sided_clopper_pearson_0.95,false,7d6e05fbbf3cd9f864b265ffa6122b0ea4fd88757752dbc00ba634762d91b76b
libcxx,CANDIDATE,double,0.505,0.0050000000000000044,pooled,NA,target_upper_tail_q,1,0.01,0.1,449828,449828,a three-vector reached the caller,1.0,0.9999917993892586,1.0,two_sided_clopper_pearson_0.95,false,7d6e05fbbf3cd9f864b265ffa6122b0ea4fd88757752dbc00ba634762d91b76b
libcxx,CANDIDATE,double,0.505,0.0050000000000000044,pooled,NA,target_upper_tail_q,2,0.001,0.01,44717,44717,a three-vector reached the caller,1.0,0.9999175095086146,1.0,two_sided_clopper_pearson_0.95,false,7d6e05fbbf3cd9f864b265ffa6122b0ea4fd88757752dbc00ba634762d91b76b
libcxx,CANDIDATE,double,0.505,0.0050000000000000044,pooled,NA,target_upper_tail_q,3,0.0001,0.001,4562,912,a three-vector reached the caller,0.1999123191582639,0.18839226639039344,0.21181777205825075,two_sided_clopper_pearson_0.95,false,7d6e05fbbf3cd9f864b265ffa6122b0ea4fd88757752dbc00ba634762d91b76b
libcxx,CANDIDATE,double,0.505,0.0050000000000000044,pooled,NA,target_upper_tail_q,4,1e-05,0.0001,429,0,a three-vector reached the caller,0.0,0.0,0.00695873401049929,one_sided_upper_0.95,true,7d6e05fbbf3cd9f864b265ffa6122b0ea4fd88757752dbc00ba634762d91b76b
libcxx,CANDIDATE,double,0.505,0.0050000000000000044,pooled,NA,target_upper_tail_q,5,1e-06,1e-05,29,0,a three-vector reached the caller,0.0,0.0,0.0981446276772957,one_sided_upper_0.95,true,7d6e05fbbf3cd9f864b265ffa6122b0ea4fd88757752dbc00ba634762d91b76b
libcxx,CANDIDATE,double,0.505,0.0050000000000000044,pooled,NA,target_upper_tail_q,6,1e-08,1e-06,6,0,a three-vector reached the caller,0.0,0.0,0.39303776899708265,one_sided_upper_0.95,true,7d6e05fbbf3cd9f864b265ffa6122b0ea4fd88757752dbc00ba634762d91b76b
libcxx,CANDIDATE,double,0.51,0.010000000000000009,pooled,NA,target_upper_tail_q,0,0.1,1.0,4500429,4500429,a three-vector reached the caller,1.0,0.9999991803274882,1.0,two_sided_clopper_pearson_0.95,false,7d6e05fbbf3cd9f864b265ffa6122b0ea4fd88757752dbc00ba634762d91b76b
libcxx,CANDIDATE,double,0.51,0.010000000000000009,pooled,NA,target_upper_tail_q,1,0.01,0.1,449822,449822,a three-vector reached the caller,1.0,0.9999917992798744,1.0,two_sided_clopper_pearson_0.95,false,7d6e05fbbf3cd9f864b265ffa6122b0ea4fd88757752dbc00ba634762d91b76b
libcxx,CANDIDATE,double,0.51,0.010000000000000009,pooled,NA,target_upper_tail_q,2,0.001,0.01,44728,44728,a three-vector reached the caller,1.0,0.9999175297947438,1.0,two_sided_clopper_pearson_0.95,false,7d6e05fbbf3cd9f864b265ffa6122b0ea4fd88757752dbc00ba634762d91b76b
libcxx,CANDIDATE,double,0.51,0.010000000000000009,pooled,NA,target_upper_tail_q,3,0.0001,0.001,4547,4547,a three-vector reached the caller,1.0,0.9991890513512283,1.0,two_sided_clopper_pearson_0.95,false,7d6e05fbbf3cd9f864b265ffa6122b0ea4fd88757752dbc00ba634762d91b76b
libcxx,CANDIDATE,double,0.51,0.010000000000000009,pooled,NA,target_upper_tail_q,4,1e-05,0.0001,438,438,a three-vector reached the caller,1.0,0.9916132673108207,1.0,two_sided_clopper_pearson_0.95,false,7d6e05fbbf3cd9f864b265ffa6122b0ea4fd88757752dbc00ba634762d91b76b
libcxx,CANDIDATE,double,0.51,0.010000000000000009,pooled,NA,target_upper_tail_q,5,1e-06,1e-05,30,30,a three-vector reached the caller,1.0,0.8842966917779722,1.0,two_sided_clopper_pearson_0.95,false,7d6e05fbbf3cd9f864b265ffa6122b0ea4fd88757752dbc00ba634762d91b76b
libcxx,CANDIDATE,double,0.51,0.010000000000000009,pooled,NA,target_upper_tail_q,6,1e-08,1e-06,6,2,a three-vector reached the caller,0.3333333333333333,0.04327186829274169,0.7772219044964879,two_sided_clopper_pearson_0.95,false,7d6e05fbbf3cd9f864b265ffa6122b0ea4fd88757752dbc00ba634762d91b76b
libcxx,CANDIDATE,double,0.75,0.25,pooled,NA,target_upper_tail_q,0,0.1,1.0,4500221,4500221,a three-vector reached the caller,1.0,0.9999991802896031,1.0,two_sided_clopper_pearson_0.95,false,7d6e05fbbf3cd9f864b265ffa6122b0ea4fd88757752dbc00ba634762d91b76b
libcxx,CANDIDATE,double,0.75,0.25,pooled,NA,target_upper_tail_q,1,0.01,0.1,449996,449996,a three-vector reached the caller,1.0,0.9999918024508346,1.0,two_sided_clopper_pearson_0.95,false,7d6e05fbbf3cd9f864b265ffa6122b0ea4fd88757752dbc00ba634762d91b76b
libcxx,CANDIDATE,double,0.75,0.25,pooled,NA,target_upper_tail_q,2,0.001,0.01,44795,44795,a three-vector reached the caller,1.0,0.999917653140569,1.0,two_sided_clopper_pearson_0.95,false,7d6e05fbbf3cd9f864b265ffa6122b0ea4fd88757752dbc00ba634762d91b76b
libcxx,CANDIDATE,double,0.75,0.25,pooled,NA,target_upper_tail_q,3,0.0001,0.001,4515,4515,a three-vector reached the caller,1.0,0.9991833061115525,1.0,two_sided_clopper_pearson_0.95,false,7d6e05fbbf3cd9f864b265ffa6122b0ea4fd88757752dbc00ba634762d91b76b
libcxx,CANDIDATE,double,0.75,0.25,pooled,NA,target_upper_tail_q,4,1e-05,0.0001,434,434,a three-vector reached the caller,1.0,0.9915362982675866,1.0,two_sided_clopper_pearson_0.95,false,7d6e05fbbf3cd9f864b265ffa6122b0ea4fd88757752dbc00ba634762d91b76b
libcxx,CANDIDATE,double,0.75,0.25,pooled,NA,target_upper_tail_q,5,1e-06,1e-05,34,34,a three-vector reached the caller,1.0,0.8971820757409874,1.0,two_sided_clopper_pearson_0.95,false,7d6e05fbbf3cd9f864b265ffa6122b0ea4fd88757752dbc00ba634762d91b76b
libcxx,CANDIDATE,double,0.75,0.25,pooled,NA,target_upper_tail_q,6,1e-08,1e-06,5,5,a three-vector reached the caller,1.0,0.47817624989501856,1.0,two_sided_clopper_pearson_0.95,false,7d6e05fbbf3cd9f864b265ffa6122b0ea4fd88757752dbc00ba634762d91b76b
libcxx,CANDIDATE,float,0.55,0.050000000000000044,pooled,NA,target_upper_tail_q,0,0.1,1.0,4499494,4499494,a three-vector reached the caller,1.0,0.9999991801571595,1.0,two_sided_clopper_pearson_0.95,false,7d6e05fbbf3cd9f864b265ffa6122b0ea4fd88757752dbc00ba634762d91b76b
libcxx,CANDIDATE,float,0.55,0.050000000000000044,pooled,NA,target_upper_tail_q,1,0.01,0.1,450385,450385,a three-vector reached the caller,1.0,0.9999918095310739,1.0,two_sided_clopper_pearson_0.95,false,7d6e05fbbf3cd9f864b265ffa6122b0ea4fd88757752dbc00ba634762d91b76b
libcxx,CANDIDATE,float,0.55,0.050000000000000044,pooled,NA,target_upper_tail_q,2,0.001,0.01,45114,45114,a three-vector reached the caller,1.0,0.9999182353894098,1.0,two_sided_clopper_pearson_0.95,false,7d6e05fbbf3cd9f864b265ffa6122b0ea4fd88757752dbc00ba634762d91b76b
libcxx,CANDIDATE,float,0.55,0.050000000000000044,pooled,NA,target_upper_tail_q,3,0.0001,0.001,4483,4307,a three-vector reached the caller,0.9607405755074727,0.9546358946067621,0.966235216753685,two_sided_clopper_pearson_0.95,false,7d6e05fbbf3cd9f864b265ffa6122b0ea4fd88757752dbc00ba634762d91b76b
libcxx,CANDIDATE,float,0.55,0.050000000000000044,pooled,NA,target_upper_tail_q,4,1e-05,0.0001,471,0,a three-vector reached the caller,0.0,0.0,0.006340181450823712,one_sided_upper_0.95,true,7d6e05fbbf3cd9f864b265ffa6122b0ea4fd88757752dbc00ba634762d91b76b
libcxx,CANDIDATE,float,0.55,0.050000000000000044,pooled,NA,target_upper_tail_q,5,1e-06,1e-05,45,0,a three-vector reached the caller,0.0,0.0,0.06440428880778348,one_sided_upper_0.95,true,7d6e05fbbf3cd9f864b265ffa6122b0ea4fd88757752dbc00ba634762d91b76b
libcxx,CANDIDATE,float,0.55,0.050000000000000044,pooled,NA,target_upper_tail_q,6,1e-08,1e-06,8,0,a three-vector reached the caller,0.0,0.0,0.3123439780663678,one_sided_upper_0.95,true,7d6e05fbbf3cd9f864b265ffa6122b0ea4fd88757752dbc00ba634762d91b76b
libcxx,CANDIDATE,float,0.6,0.09999999999999998,pooled,NA,target_upper_tail_q,0,0.1,1.0,4499743,4499743,a three-vector reached the caller,1.0,0.9999991802025266,1.0,two_sided_clopper_pearson_0.95,false,7d6e05fbbf3cd9f864b265ffa6122b0ea4fd88757752dbc00ba634762d91b76b
libcxx,CANDIDATE,float,0.6,0.09999999999999998,pooled,NA,target_upper_tail_q,1,0.01,0.1,450105,450105,a three-vector reached the caller,1.0,0.9999918044359919,1.0,two_sided_clopper_pearson_0.95,false,7d6e05fbbf3cd9f864b265ffa6122b0ea4fd88757752dbc00ba634762d91b76b
libcxx,CANDIDATE,float,0.6,0.09999999999999998,pooled,NA,target_upper_tail_q,2,0.001,0.01,45176,45176,a three-vector reached the caller,1.0,0.9999183475994082,1.0,two_sided_clopper_pearson_0.95,false,7d6e05fbbf3cd9f864b265ffa6122b0ea4fd88757752dbc00ba634762d91b76b
libcxx,CANDIDATE,float,0.6,0.09999999999999998,pooled,NA,target_upper_tail_q,3,0.0001,0.001,4462,4462,a three-vector reached the caller,1.0,0.9991736093643268,1.0,two_sided_clopper_pearson_0.95,false,7d6e05fbbf3cd9f864b265ffa6122b0ea4fd88757752dbc00ba634762d91b76b
libcxx,CANDIDATE,float,0.6,0.09999999999999998,pooled,NA,target_upper_tail_q,4,1e-05,0.0001,460,460,a three-vector reached the caller,1.0,0.9920127656699954,1.0,two_sided_clopper_pearson_0.95,false,7d6e05fbbf3cd9f864b265ffa6122b0ea4fd88757752dbc00ba634762d91b76b
libcxx,CANDIDATE,float,0.6,0.09999999999999998,pooled,NA,target_upper_tail_q,5,1e-06,1e-05,46,46,a three-vector reached the caller,1.0,0.9229381729480993,1.0,two_sided_clopper_pearson_0.95,false,7d6e05fbbf3cd9f864b265ffa6122b0ea4fd88757752dbc00ba634762d91b76b
libcxx,CANDIDATE,float,0.6,0.09999999999999998,pooled,NA,target_upper_tail_q,6,1e-08,1e-06,8,8,a three-vector reached the caller,1.0,0.6305833524471808,1.0,two_sided_clopper_pearson_0.95,false,7d6e05fbbf3cd9f864b265ffa6122b0ea4fd88757752dbc00ba634762d91b76b
libcxx,CANDIDATE,float,0.75,0.25,pooled,NA,target_upper_tail_q,0,0.1,1.0,4500766,4500766,a three-vector reached the caller,1.0,0.9999991803888622,1.0,two_sided_clopper_pearson_0.95,false,7d6e05fbbf3cd9f864b265ffa6122b0ea4fd88757752dbc00ba634762d91b76b
libcxx,CANDIDATE,float,0.75,0.25,pooled,NA,target_upper_tail_q,1,0.01,0.1,449288,449288,a three-vector reached the caller,1.0,0.9999917895329713,1.0,two_sided_clopper_pearson_0.95,false,7d6e05fbbf3cd9f864b265ffa6122b0ea4fd88757752dbc00ba634762d91b76b
libcxx,CANDIDATE,float,0.75,0.25,pooled,NA,target_upper_tail_q,2,0.001,0.01,44929,44929,a three-vector reached the caller,1.0,0.9999178987286341,1.0,two_sided_clopper_pearson_0.95,false,7d6e05fbbf3cd9f864b265ffa6122b0ea4fd88757752dbc00ba634762d91b76b
libcxx,CANDIDATE,float,0.75,0.25,pooled,NA,target_upper_tail_q,3,0.0001,0.001,4478,4478,a three-vector reached the caller,1.0,0.9991765608616054,1.0,two_sided_clopper_pearson_0.95,false,7d6e05fbbf3cd9f864b265ffa6122b0ea4fd88757752dbc00ba634762d91b76b
libcxx,CANDIDATE,float,0.75,0.25,pooled,NA,target_upper_tail_q,4,1e-05,0.0001,478,478,a three-vector reached the caller,1.0,0.9923123810323518,1.0,two_sided_clopper_pearson_0.95,false,7d6e05fbbf3cd9f864b265ffa6122b0ea4fd88757752dbc00ba634762d91b76b
libcxx,CANDIDATE,float,0.75,0.25,pooled,NA,target_upper_tail_q,5,1e-06,1e-05,52,52,a three-vector reached the caller,1.0,0.9315177912966804,1.0,two_sided_clopper_pearson_0.95,false,7d6e05fbbf3cd9f864b265ffa6122b0ea4fd88757752dbc00ba634762d91b76b
libcxx,CANDIDATE,float,0.75,0.25,pooled,NA,target_upper_tail_q,6,1e-08,1e-06,9,9,a three-vector reached the caller,1.0,0.6637328831200572,1.0,two_sided_clopper_pearson_0.95,false,7d6e05fbbf3cd9f864b265ffa6122b0ea4fd88757752dbc00ba634762d91b76b
libcxx,LEGACY,double,0.501,0.0010000000000000009,pooled,NA,target_upper_tail_q,0,0.1,1.0,4500559,2625938,a three-vector reached the caller,0.5834692979249911,0.583013676258771,0.5839248121983958,two_sided_clopper_pearson_0.95,false,7d6e05fbbf3cd9f864b265ffa6122b0ea4fd88757752dbc00ba634762d91b76b
libcxx,LEGACY,double,0.501,0.0010000000000000009,pooled,NA,target_upper_tail_q,1,0.01,0.1,449691,0,a three-vector reached the caller,0.0,0.0,6.6617350472641945e-06,one_sided_upper_0.95,true,7d6e05fbbf3cd9f864b265ffa6122b0ea4fd88757752dbc00ba634762d91b76b
libcxx,LEGACY,double,0.501,0.0010000000000000009,pooled,NA,target_upper_tail_q,2,0.001,0.01,44722,0,a three-vector reached the caller,0.0,0.0,6.698340727728791e-05,one_sided_upper_0.95,true,7d6e05fbbf3cd9f864b265ffa6122b0ea4fd88757752dbc00ba634762d91b76b
libcxx,LEGACY,double,0.501,0.0010000000000000009,pooled,NA,target_upper_tail_q,3,0.0001,0.001,4559,0,a three-vector reached the caller,0.0,0.0,0.0006568870885876876,one_sided_upper_0.95,true,7d6e05fbbf3cd9f864b265ffa6122b0ea4fd88757752dbc00ba634762d91b76b
libcxx,LEGACY,double,0.501,0.0010000000000000009,pooled,NA,target_upper_tail_q,4,1e-05,0.0001,433,0,a three-vector reached the caller,0.0,0.0,0.0068946722152622986,one_sided_upper_0.95,true,7d6e05fbbf3cd9f864b265ffa6122b0ea4fd88757752dbc00ba634762d91b76b
libcxx,LEGACY,double,0.501,0.0010000000000000009,pooled,NA,target_upper_tail_q,5,1e-06,1e-05,29,0,a three-vector reached the caller,0.0,0.0,0.0981446276772957,one_sided_upper_0.95,true,7d6e05fbbf3cd9f864b265ffa6122b0ea4fd88757752dbc00ba634762d91b76b
libcxx,LEGACY,double,0.501,0.0010000000000000009,pooled,NA,target_upper_tail_q,6,1e-08,1e-06,7,0,a three-vector reached the caller,0.0,0.0,0.34816365513116077,one_sided_upper_0.95,true,7d6e05fbbf3cd9f864b265ffa6122b0ea4fd88757752dbc00ba634762d91b76b
libcxx,LEGACY,double,0.505,0.0050000000000000044,pooled,NA,target_upper_tail_q,0,0.1,1.0,4500429,4500429,a three-vector reached the caller,1.0,0.9999991803274882,1.0,two_sided_clopper_pearson_0.95,false,7d6e05fbbf3cd9f864b265ffa6122b0ea4fd88757752dbc00ba634762d91b76b
libcxx,LEGACY,double,0.505,0.0050000000000000044,pooled,NA,target_upper_tail_q,1,0.01,0.1,449828,378923,a three-vector reached the caller,0.8423730848235326,0.8413049094249576,0.8434368483075101,two_sided_clopper_pearson_0.95,false,7d6e05fbbf3cd9f864b265ffa6122b0ea4fd88757752dbc00ba634762d91b76b
libcxx,LEGACY,double,0.505,0.0050000000000000044,pooled,NA,target_upper_tail_q,2,0.001,0.01,44717,0,a three-vector reached the caller,0.0,0.0,6.69908967291244e-05,one_sided_upper_0.95,true,7d6e05fbbf3cd9f864b265ffa6122b0ea4fd88757752dbc00ba634762d91b76b
libcxx,LEGACY,double,0.505,0.0050000000000000044,pooled,NA,target_upper_tail_q,3,0.0001,0.001,4562,0,a three-vector reached the caller,0.0,0.0,0.0006564552573078419,one_sided_upper_0.95,true,7d6e05fbbf3cd9f864b265ffa6122b0ea4fd88757752dbc00ba634762d91b76b
libcxx,LEGACY,double,0.505,0.0050000000000000044,pooled,NA,target_upper_tail_q,4,1e-05,0.0001,429,0,a three-vector reached the caller,0.0,0.0,0.00695873401049929,one_sided_upper_0.95,true,7d6e05fbbf3cd9f864b265ffa6122b0ea4fd88757752dbc00ba634762d91b76b
libcxx,LEGACY,double,0.505,0.0050000000000000044,pooled,NA,target_upper_tail_q,5,1e-06,1e-05,29,0,a three-vector reached the caller,0.0,0.0,0.0981446276772957,one_sided_upper_0.95,true,7d6e05fbbf3cd9f864b265ffa6122b0ea4fd88757752dbc00ba634762d91b76b
libcxx,LEGACY,double,0.505,0.0050000000000000044,pooled,NA,target_upper_tail_q,6,1e-08,1e-06,6,0,a three-vector reached the caller,0.0,0.0,0.39303776899708265,one_sided_upper_0.95,true,7d6e05fbbf3cd9f864b265ffa6122b0ea4fd88757752dbc00ba634762d91b76b
libcxx,LEGACY,double,0.51,0.010000000000000009,pooled,NA,target_upper_tail_q,0,0.1,1.0,4500429,4500429,a three-vector reached the caller,1.0,0.9999991803274882,1.0,two_sided_clopper_pearson_0.95,false,7d6e05fbbf3cd9f864b265ffa6122b0ea4fd88757752dbc00ba634762d91b76b
libcxx,LEGACY,double,0.51,0.010000000000000009,pooled,NA,target_upper_tail_q,1,0.01,0.1,449822,449822,a three-vector reached the caller,1.0,0.9999917992798744,1.0,two_sided_clopper_pearson_0.95,false,7d6e05fbbf3cd9f864b265ffa6122b0ea4fd88757752dbc00ba634762d91b76b
libcxx,LEGACY,double,0.51,0.010000000000000009,pooled,NA,target_upper_tail_q,2,0.001,0.01,44728,44728,a three-vector reached the caller,1.0,0.9999175297947438,1.0,two_sided_clopper_pearson_0.95,false,7d6e05fbbf3cd9f864b265ffa6122b0ea4fd88757752dbc00ba634762d91b76b
libcxx,LEGACY,double,0.51,0.010000000000000009,pooled,NA,target_upper_tail_q,3,0.0001,0.001,4547,2080,a three-vector reached the caller,0.4574444688805806,0.4428854880796491,0.472058151972895,two_sided_clopper_pearson_0.95,false,7d6e05fbbf3cd9f864b265ffa6122b0ea4fd88757752dbc00ba634762d91b76b
libcxx,LEGACY,double,0.51,0.010000000000000009,pooled,NA,target_upper_tail_q,4,1e-05,0.0001,438,0,a three-vector reached the caller,0.0,0.0,0.006816234766836904,one_sided_upper_0.95,true,7d6e05fbbf3cd9f864b265ffa6122b0ea4fd88757752dbc00ba634762d91b76b
libcxx,LEGACY,double,0.51,0.010000000000000009,pooled,NA,target_upper_tail_q,5,1e-06,1e-05,30,0,a three-vector reached the caller,0.0,0.0,0.09503385285530408,one_sided_upper_0.95,true,7d6e05fbbf3cd9f864b265ffa6122b0ea4fd88757752dbc00ba634762d91b76b
libcxx,LEGACY,double,0.51,0.010000000000000009,pooled,NA,target_upper_tail_q,6,1e-08,1e-06,6,0,a three-vector reached the caller,0.0,0.0,0.39303776899708265,one_sided_upper_0.95,true,7d6e05fbbf3cd9f864b265ffa6122b0ea4fd88757752dbc00ba634762d91b76b
libcxx,LEGACY,double,0.75,0.25,pooled,NA,target_upper_tail_q,0,0.1,1.0,4500221,4500221,a three-vector reached the caller,1.0,0.9999991802896031,1.0,two_sided_clopper_pearson_0.95,false,7d6e05fbbf3cd9f864b265ffa6122b0ea4fd88757752dbc00ba634762d91b76b
libcxx,LEGACY,double,0.75,0.25,pooled,NA,target_upper_tail_q,1,0.01,0.1,449996,449996,a three-vector reached the caller,1.0,0.9999918024508346,1.0,two_sided_clopper_pearson_0.95,false,7d6e05fbbf3cd9f864b265ffa6122b0ea4fd88757752dbc00ba634762d91b76b
libcxx,LEGACY,double,0.75,0.25,pooled,NA,target_upper_tail_q,2,0.001,0.01,44795,44795,a three-vector reached the caller,1.0,0.999917653140569,1.0,two_sided_clopper_pearson_0.95,false,7d6e05fbbf3cd9f864b265ffa6122b0ea4fd88757752dbc00ba634762d91b76b
libcxx,LEGACY,double,0.75,0.25,pooled,NA,target_upper_tail_q,3,0.0001,0.001,4515,4515,a three-vector reached the caller,1.0,0.9991833061115525,1.0,two_sided_clopper_pearson_0.95,false,7d6e05fbbf3cd9f864b265ffa6122b0ea4fd88757752dbc00ba634762d91b76b
libcxx,LEGACY,double,0.75,0.25,pooled,NA,target_upper_tail_q,4,1e-05,0.0001,434,434,a three-vector reached the caller,1.0,0.9915362982675866,1.0,two_sided_clopper_pearson_0.95,false,7d6e05fbbf3cd9f864b265ffa6122b0ea4fd88757752dbc00ba634762d91b76b
libcxx,LEGACY,double,0.75,0.25,pooled,NA,target_upper_tail_q,5,1e-06,1e-05,34,34,a three-vector reached the caller,1.0,0.8971820757409874,1.0,two_sided_clopper_pearson_0.95,false,7d6e05fbbf3cd9f864b265ffa6122b0ea4fd88757752dbc00ba634762d91b76b
libcxx,LEGACY,double,0.75,0.25,pooled,NA,target_upper_tail_q,6,1e-08,1e-06,5,5,a three-vector reached the caller,1.0,0.47817624989501856,1.0,two_sided_clopper_pearson_0.95,false,7d6e05fbbf3cd9f864b265ffa6122b0ea4fd88757752dbc00ba634762d91b76b
libcxx,LEGACY,float,0.55,0.050000000000000044,pooled,NA,target_upper_tail_q,0,0.1,1.0,4499494,4499494,a three-vector reached the caller,1.0,0.9999991801571595,1.0,two_sided_clopper_pearson_0.95,false,7d6e05fbbf3cd9f864b265ffa6122b0ea4fd88757752dbc00ba634762d91b76b
libcxx,LEGACY,float,0.55,0.050000000000000044,pooled,NA,target_upper_tail_q,1,0.01,0.1,450385,450385,a three-vector reached the caller,1.0,0.9999918095310739,1.0,two_sided_clopper_pearson_0.95,false,7d6e05fbbf3cd9f864b265ffa6122b0ea4fd88757752dbc00ba634762d91b76b
libcxx,LEGACY,float,0.55,0.050000000000000044,pooled,NA,target_upper_tail_q,2,0.001,0.01,45114,21432,a three-vector reached the caller,0.4750631732943211,0.47044572216141395,0.4796838341892069,two_sided_clopper_pearson_0.95,false,7d6e05fbbf3cd9f864b265ffa6122b0ea4fd88757752dbc00ba634762d91b76b
libcxx,LEGACY,float,0.55,0.050000000000000044,pooled,NA,target_upper_tail_q,3,0.0001,0.001,4483,0,a three-vector reached the caller,0.0,0.0,0.0006680195311796755,one_sided_upper_0.95,true,7d6e05fbbf3cd9f864b265ffa6122b0ea4fd88757752dbc00ba634762d91b76b
libcxx,LEGACY,float,0.55,0.050000000000000044,pooled,NA,target_upper_tail_q,4,1e-05,0.0001,471,0,a three-vector reached the caller,0.0,0.0,0.006340181450823712,one_sided_upper_0.95,true,7d6e05fbbf3cd9f864b265ffa6122b0ea4fd88757752dbc00ba634762d91b76b
libcxx,LEGACY,float,0.55,0.050000000000000044,pooled,NA,target_upper_tail_q,5,1e-06,1e-05,45,0,a three-vector reached the caller,0.0,0.0,0.06440428880778348,one_sided_upper_0.95,true,7d6e05fbbf3cd9f864b265ffa6122b0ea4fd88757752dbc00ba634762d91b76b
libcxx,LEGACY,float,0.55,0.050000000000000044,pooled,NA,target_upper_tail_q,6,1e-08,1e-06,8,0,a three-vector reached the caller,0.0,0.0,0.3123439780663678,one_sided_upper_0.95,true,7d6e05fbbf3cd9f864b265ffa6122b0ea4fd88757752dbc00ba634762d91b76b
libcxx,LEGACY,float,0.6,0.09999999999999998,pooled,NA,target_upper_tail_q,0,0.1,1.0,4499743,4499743,a three-vector reached the caller,1.0,0.9999991802025266,1.0,two_sided_clopper_pearson_0.95,false,7d6e05fbbf3cd9f864b265ffa6122b0ea4fd88757752dbc00ba634762d91b76b
libcxx,LEGACY,float,0.6,0.09999999999999998,pooled,NA,target_upper_tail_q,1,0.01,0.1,450105,450105,a three-vector reached the caller,1.0,0.9999918044359919,1.0,two_sided_clopper_pearson_0.95,false,7d6e05fbbf3cd9f864b265ffa6122b0ea4fd88757752dbc00ba634762d91b76b
libcxx,LEGACY,float,0.6,0.09999999999999998,pooled,NA,target_upper_tail_q,2,0.001,0.01,45176,45176,a three-vector reached the caller,1.0,0.9999183475994082,1.0,two_sided_clopper_pearson_0.95,false,7d6e05fbbf3cd9f864b265ffa6122b0ea4fd88757752dbc00ba634762d91b76b
libcxx,LEGACY,float,0.6,0.09999999999999998,pooled,NA,target_upper_tail_q,3,0.0001,0.001,4462,4462,a three-vector reached the caller,1.0,0.9991736093643268,1.0,two_sided_clopper_pearson_0.95,false,7d6e05fbbf3cd9f864b265ffa6122b0ea4fd88757752dbc00ba634762d91b76b
libcxx,LEGACY,float,0.6,0.09999999999999998,pooled,NA,target_upper_tail_q,4,1e-05,0.0001,460,328,a three-vector reached the caller,0.7130434782608696,0.6693402513149768,0.753982392413234,two_sided_clopper_pearson_0.95,false,7d6e05fbbf3cd9f864b265ffa6122b0ea4fd88757752dbc00ba634762d91b76b
libcxx,LEGACY,float,0.6,0.09999999999999998,pooled,NA,target_upper_tail_q,5,1e-06,1e-05,46,0,a three-vector reached the caller,0.0,0.0,0.06304930167405443,one_sided_upper_0.95,true,7d6e05fbbf3cd9f864b265ffa6122b0ea4fd88757752dbc00ba634762d91b76b
libcxx,LEGACY,float,0.6,0.09999999999999998,pooled,NA,target_upper_tail_q,6,1e-08,1e-06,8,0,a three-vector reached the caller,0.0,0.0,0.3123439780663678,one_sided_upper_0.95,true,7d6e05fbbf3cd9f864b265ffa6122b0ea4fd88757752dbc00ba634762d91b76b
libcxx,LEGACY,float,0.75,0.25,pooled,NA,target_upper_tail_q,0,0.1,1.0,4500766,4500766,a three-vector reached the caller,1.0,0.9999991803888622,1.0,two_sided_clopper_pearson_0.95,false,7d6e05fbbf3cd9f864b265ffa6122b0ea4fd88757752dbc00ba634762d91b76b
libcxx,LEGACY,float,0.75,0.25,pooled,NA,target_upper_tail_q,1,0.01,0.1,449288,449288,a three-vector reached the caller,1.0,0.9999917895329713,1.0,two_sided_clopper_pearson_0.95,false,7d6e05fbbf3cd9f864b265ffa6122b0ea4fd88757752dbc00ba634762d91b76b
libcxx,LEGACY,float,0.75,0.25,pooled,NA,target_upper_tail_q,2,0.001,0.01,44929,44929,a three-vector reached the caller,1.0,0.9999178987286341,1.0,two_sided_clopper_pearson_0.95,false,7d6e05fbbf3cd9f864b265ffa6122b0ea4fd88757752dbc00ba634762d91b76b
libcxx,LEGACY,float,0.75,0.25,pooled,NA,target_upper_tail_q,3,0.0001,0.001,4478,4478,a three-vector reached the caller,1.0,0.9991765608616054,1.0,two_sided_clopper_pearson_0.95,false,7d6e05fbbf3cd9f864b265ffa6122b0ea4fd88757752dbc00ba634762d91b76b
libcxx,LEGACY,float,0.75,0.25,pooled,NA,target_upper_tail_q,4,1e-05,0.0001,478,478,a three-vector reached the caller,1.0,0.9923123810323518,1.0,two_sided_clopper_pearson_0.95,false,7d6e05fbbf3cd9f864b265ffa6122b0ea4fd88757752dbc00ba634762d91b76b
libcxx,LEGACY,float,0.75,0.25,pooled,NA,target_upper_tail_q,5,1e-06,1e-05,52,52,a three-vector reached the caller,1.0,0.9315177912966804,1.0,two_sided_clopper_pearson_0.95,false,7d6e05fbbf3cd9f864b265ffa6122b0ea4fd88757752dbc00ba634762d91b76b
libcxx,LEGACY,float,0.75,0.25,pooled,NA,target_upper_tail_q,6,1e-08,1e-06,9,9,a three-vector reached the caller,1.0,0.6637328831200572,1.0,two_sided_clopper_pearson_0.95,false,7d6e05fbbf3cd9f864b265ffa6122b0ea4fd88757752dbc00ba634762d91b76b
libcxx,QF,double,0.501,0.0010000000000000009,pooled,NA,target_upper_tail_q,0,0.1,1.0,4500559,2540603,a three-vector reached the caller,0.5645083199664753,0.564050088932115,0.5649664680036657,two_sided_clopper_pearson_0.95,false,7d6e05fbbf3cd9f864b265ffa6122b0ea4fd88757752dbc00ba634762d91b76b
libcxx,QF,double,0.501,0.0010000000000000009,pooled,NA,target_upper_tail_q,1,0.01,0.1,449691,0,a three-vector reached the caller,0.0,0.0,6.6617350472641945e-06,one_sided_upper_0.95,true,7d6e05fbbf3cd9f864b265ffa6122b0ea4fd88757752dbc00ba634762d91b76b
libcxx,QF,double,0.501,0.0010000000000000009,pooled,NA,target_upper_tail_q,2,0.001,0.01,44722,0,a three-vector reached the caller,0.0,0.0,6.698340727728791e-05,one_sided_upper_0.95,true,7d6e05fbbf3cd9f864b265ffa6122b0ea4fd88757752dbc00ba634762d91b76b
libcxx,QF,double,0.501,0.0010000000000000009,pooled,NA,target_upper_tail_q,3,0.0001,0.001,4559,0,a three-vector reached the caller,0.0,0.0,0.0006568870885876876,one_sided_upper_0.95,true,7d6e05fbbf3cd9f864b265ffa6122b0ea4fd88757752dbc00ba634762d91b76b
libcxx,QF,double,0.501,0.0010000000000000009,pooled,NA,target_upper_tail_q,4,1e-05,0.0001,433,0,a three-vector reached the caller,0.0,0.0,0.0068946722152622986,one_sided_upper_0.95,true,7d6e05fbbf3cd9f864b265ffa6122b0ea4fd88757752dbc00ba634762d91b76b
libcxx,QF,double,0.501,0.0010000000000000009,pooled,NA,target_upper_tail_q,5,1e-06,1e-05,29,0,a three-vector reached the caller,0.0,0.0,0.0981446276772957,one_sided_upper_0.95,true,7d6e05fbbf3cd9f864b265ffa6122b0ea4fd88757752dbc00ba634762d91b76b
libcxx,QF,double,0.501,0.0010000000000000009,pooled,NA,target_upper_tail_q,6,1e-08,1e-06,7,0,a three-vector reached the caller,0.0,0.0,0.34816365513116077,one_sided_upper_0.95,true,7d6e05fbbf3cd9f864b265ffa6122b0ea4fd88757752dbc00ba634762d91b76b
libcxx,QF,double,0.505,0.0050000000000000044,pooled,NA,target_upper_tail_q,0,0.1,1.0,4500429,4500429,a three-vector reached the caller,1.0,0.9999991803274882,1.0,two_sided_clopper_pearson_0.95,false,7d6e05fbbf3cd9f864b265ffa6122b0ea4fd88757752dbc00ba634762d91b76b
libcxx,QF,double,0.505,0.0050000000000000044,pooled,NA,target_upper_tail_q,1,0.01,0.1,449828,355662,a three-vector reached the caller,0.7906622086664236,0.7894703301543644,0.7918503421646341,two_sided_clopper_pearson_0.95,false,7d6e05fbbf3cd9f864b265ffa6122b0ea4fd88757752dbc00ba634762d91b76b
libcxx,QF,double,0.505,0.0050000000000000044,pooled,NA,target_upper_tail_q,2,0.001,0.01,44717,0,a three-vector reached the caller,0.0,0.0,6.69908967291244e-05,one_sided_upper_0.95,true,7d6e05fbbf3cd9f864b265ffa6122b0ea4fd88757752dbc00ba634762d91b76b
libcxx,QF,double,0.505,0.0050000000000000044,pooled,NA,target_upper_tail_q,3,0.0001,0.001,4562,0,a three-vector reached the caller,0.0,0.0,0.0006564552573078419,one_sided_upper_0.95,true,7d6e05fbbf3cd9f864b265ffa6122b0ea4fd88757752dbc00ba634762d91b76b
libcxx,QF,double,0.505,0.0050000000000000044,pooled,NA,target_upper_tail_q,4,1e-05,0.0001,429,0,a three-vector reached the caller,0.0,0.0,0.00695873401049929,one_sided_upper_0.95,true,7d6e05fbbf3cd9f864b265ffa6122b0ea4fd88757752dbc00ba634762d91b76b
libcxx,QF,double,0.505,0.0050000000000000044,pooled,NA,target_upper_tail_q,5,1e-06,1e-05,29,0,a three-vector reached the caller,0.0,0.0,0.0981446276772957,one_sided_upper_0.95,true,7d6e05fbbf3cd9f864b265ffa6122b0ea4fd88757752dbc00ba634762d91b76b
libcxx,QF,double,0.505,0.0050000000000000044,pooled,NA,target_upper_tail_q,6,1e-08,1e-06,6,0,a three-vector reached the caller,0.0,0.0,0.39303776899708265,one_sided_upper_0.95,true,7d6e05fbbf3cd9f864b265ffa6122b0ea4fd88757752dbc00ba634762d91b76b
libcxx,QF,double,0.51,0.010000000000000009,pooled,NA,target_upper_tail_q,0,0.1,1.0,4500429,4500429,a three-vector reached the caller,1.0,0.9999991803274882,1.0,two_sided_clopper_pearson_0.95,false,7d6e05fbbf3cd9f864b265ffa6122b0ea4fd88757752dbc00ba634762d91b76b
libcxx,QF,double,0.51,0.010000000000000009,pooled,NA,target_upper_tail_q,1,0.01,0.1,449822,449822,a three-vector reached the caller,1.0,0.9999917992798744,1.0,two_sided_clopper_pearson_0.95,false,7d6e05fbbf3cd9f864b265ffa6122b0ea4fd88757752dbc00ba634762d91b76b
libcxx,QF,double,0.51,0.010000000000000009,pooled,NA,target_upper_tail_q,2,0.001,0.01,44728,44728,a three-vector reached the caller,1.0,0.9999175297947438,1.0,two_sided_clopper_pearson_0.95,false,7d6e05fbbf3cd9f864b265ffa6122b0ea4fd88757752dbc00ba634762d91b76b
libcxx,QF,double,0.51,0.010000000000000009,pooled,NA,target_upper_tail_q,3,0.0001,0.001,4547,847,a three-vector reached the caller,0.18627666593358258,0.17505466087538357,0.19790305518212126,two_sided_clopper_pearson_0.95,false,7d6e05fbbf3cd9f864b265ffa6122b0ea4fd88757752dbc00ba634762d91b76b
libcxx,QF,double,0.51,0.010000000000000009,pooled,NA,target_upper_tail_q,4,1e-05,0.0001,438,0,a three-vector reached the caller,0.0,0.0,0.006816234766836904,one_sided_upper_0.95,true,7d6e05fbbf3cd9f864b265ffa6122b0ea4fd88757752dbc00ba634762d91b76b
libcxx,QF,double,0.51,0.010000000000000009,pooled,NA,target_upper_tail_q,5,1e-06,1e-05,30,0,a three-vector reached the caller,0.0,0.0,0.09503385285530408,one_sided_upper_0.95,true,7d6e05fbbf3cd9f864b265ffa6122b0ea4fd88757752dbc00ba634762d91b76b
libcxx,QF,double,0.51,0.010000000000000009,pooled,NA,target_upper_tail_q,6,1e-08,1e-06,6,0,a three-vector reached the caller,0.0,0.0,0.39303776899708265,one_sided_upper_0.95,true,7d6e05fbbf3cd9f864b265ffa6122b0ea4fd88757752dbc00ba634762d91b76b
libcxx,QF,double,0.75,0.25,pooled,NA,target_upper_tail_q,0,0.1,1.0,4500221,4500221,a three-vector reached the caller,1.0,0.9999991802896031,1.0,two_sided_clopper_pearson_0.95,false,7d6e05fbbf3cd9f864b265ffa6122b0ea4fd88757752dbc00ba634762d91b76b
libcxx,QF,double,0.75,0.25,pooled,NA,target_upper_tail_q,1,0.01,0.1,449996,449996,a three-vector reached the caller,1.0,0.9999918024508346,1.0,two_sided_clopper_pearson_0.95,false,7d6e05fbbf3cd9f864b265ffa6122b0ea4fd88757752dbc00ba634762d91b76b
libcxx,QF,double,0.75,0.25,pooled,NA,target_upper_tail_q,2,0.001,0.01,44795,44795,a three-vector reached the caller,1.0,0.999917653140569,1.0,two_sided_clopper_pearson_0.95,false,7d6e05fbbf3cd9f864b265ffa6122b0ea4fd88757752dbc00ba634762d91b76b
libcxx,QF,double,0.75,0.25,pooled,NA,target_upper_tail_q,3,0.0001,0.001,4515,4515,a three-vector reached the caller,1.0,0.9991833061115525,1.0,two_sided_clopper_pearson_0.95,false,7d6e05fbbf3cd9f864b265ffa6122b0ea4fd88757752dbc00ba634762d91b76b
libcxx,QF,double,0.75,0.25,pooled,NA,target_upper_tail_q,4,1e-05,0.0001,434,434,a three-vector reached the caller,1.0,0.9915362982675866,1.0,two_sided_clopper_pearson_0.95,false,7d6e05fbbf3cd9f864b265ffa6122b0ea4fd88757752dbc00ba634762d91b76b
libcxx,QF,double,0.75,0.25,pooled,NA,target_upper_tail_q,5,1e-06,1e-05,34,34,a three-vector reached the caller,1.0,0.8971820757409874,1.0,two_sided_clopper_pearson_0.95,false,7d6e05fbbf3cd9f864b265ffa6122b0ea4fd88757752dbc00ba634762d91b76b
libcxx,QF,double,0.75,0.25,pooled,NA,target_upper_tail_q,6,1e-08,1e-06,5,5,a three-vector reached the caller,1.0,0.47817624989501856,1.0,two_sided_clopper_pearson_0.95,false,7d6e05fbbf3cd9f864b265ffa6122b0ea4fd88757752dbc00ba634762d91b76b
libcxx,QF,float,0.55,0.050000000000000044,pooled,NA,target_upper_tail_q,0,0.1,1.0,4499494,4499494,a three-vector reached the caller,1.0,0.9999991801571595,1.0,two_sided_clopper_pearson_0.95,false,7d6e05fbbf3cd9f864b265ffa6122b0ea4fd88757752dbc00ba634762d91b76b
libcxx,QF,float,0.55,0.050000000000000044,pooled,NA,target_upper_tail_q,1,0.01,0.1,450385,439436,a three-vector reached the caller,0.9756896877116245,0.9752357182984831,0.9761375233007067,two_sided_clopper_pearson_0.95,false,7d6e05fbbf3cd9f864b265ffa6122b0ea4fd88757752dbc00ba634762d91b76b
libcxx,QF,float,0.55,0.050000000000000044,pooled,NA,target_upper_tail_q,2,0.001,0.01,45114,0,a three-vector reached the caller,0.0,0.0,6.640140116243032e-05,one_sided_upper_0.95,true,7d6e05fbbf3cd9f864b265ffa6122b0ea4fd88757752dbc00ba634762d91b76b
libcxx,QF,float,0.55,0.050000000000000044,pooled,NA,target_upper_tail_q,3,0.0001,0.001,4483,0,a three-vector reached the caller,0.0,0.0,0.0006680195311796755,one_sided_upper_0.95,true,7d6e05fbbf3cd9f864b265ffa6122b0ea4fd88757752dbc00ba634762d91b76b
libcxx,QF,float,0.55,0.050000000000000044,pooled,NA,target_upper_tail_q,4,1e-05,0.0001,471,0,a three-vector reached the caller,0.0,0.0,0.006340181450823712,one_sided_upper_0.95,true,7d6e05fbbf3cd9f864b265ffa6122b0ea4fd88757752dbc00ba634762d91b76b
libcxx,QF,float,0.55,0.050000000000000044,pooled,NA,target_upper_tail_q,5,1e-06,1e-05,45,0,a three-vector reached the caller,0.0,0.0,0.06440428880778348,one_sided_upper_0.95,true,7d6e05fbbf3cd9f864b265ffa6122b0ea4fd88757752dbc00ba634762d91b76b
libcxx,QF,float,0.55,0.050000000000000044,pooled,NA,target_upper_tail_q,6,1e-08,1e-06,8,0,a three-vector reached the caller,0.0,0.0,0.3123439780663678,one_sided_upper_0.95,true,7d6e05fbbf3cd9f864b265ffa6122b0ea4fd88757752dbc00ba634762d91b76b
libcxx,QF,float,0.6,0.09999999999999998,pooled,NA,target_upper_tail_q,0,0.1,1.0,4499743,4499743,a three-vector reached the caller,1.0,0.9999991802025266,1.0,two_sided_clopper_pearson_0.95,false,7d6e05fbbf3cd9f864b265ffa6122b0ea4fd88757752dbc00ba634762d91b76b
libcxx,QF,float,0.6,0.09999999999999998,pooled,NA,target_upper_tail_q,1,0.01,0.1,450105,450105,a three-vector reached the caller,1.0,0.9999918044359919,1.0,two_sided_clopper_pearson_0.95,false,7d6e05fbbf3cd9f864b265ffa6122b0ea4fd88757752dbc00ba634762d91b76b
libcxx,QF,float,0.6,0.09999999999999998,pooled,NA,target_upper_tail_q,2,0.001,0.01,45176,45176,a three-vector reached the caller,1.0,0.9999183475994082,1.0,two_sided_clopper_pearson_0.95,false,7d6e05fbbf3cd9f864b265ffa6122b0ea4fd88757752dbc00ba634762d91b76b
libcxx,QF,float,0.6,0.09999999999999998,pooled,NA,target_upper_tail_q,3,0.0001,0.001,4462,4245,a three-vector reached the caller,0.9513670999551771,0.9446419229614674,0.9574932508206863,two_sided_clopper_pearson_0.95,false,7d6e05fbbf3cd9f864b265ffa6122b0ea4fd88757752dbc00ba634762d91b76b
libcxx,QF,float,0.6,0.09999999999999998,pooled,NA,target_upper_tail_q,4,1e-05,0.0001,460,0,a three-vector reached the caller,0.0,0.0,0.006491301346820855,one_sided_upper_0.95,true,7d6e05fbbf3cd9f864b265ffa6122b0ea4fd88757752dbc00ba634762d91b76b
libcxx,QF,float,0.6,0.09999999999999998,pooled,NA,target_upper_tail_q,5,1e-06,1e-05,46,0,a three-vector reached the caller,0.0,0.0,0.06304930167405443,one_sided_upper_0.95,true,7d6e05fbbf3cd9f864b265ffa6122b0ea4fd88757752dbc00ba634762d91b76b
libcxx,QF,float,0.6,0.09999999999999998,pooled,NA,target_upper_tail_q,6,1e-08,1e-06,8,0,a three-vector reached the caller,0.0,0.0,0.3123439780663678,one_sided_upper_0.95,true,7d6e05fbbf3cd9f864b265ffa6122b0ea4fd88757752dbc00ba634762d91b76b
libcxx,QF,float,0.75,0.25,pooled,NA,target_upper_tail_q,0,0.1,1.0,4500766,4500766,a three-vector reached the caller,1.0,0.9999991803888622,1.0,two_sided_clopper_pearson_0.95,false,7d6e05fbbf3cd9f864b265ffa6122b0ea4fd88757752dbc00ba634762d91b76b
libcxx,QF,float,0.75,0.25,pooled,NA,target_upper_tail_q,1,0.01,0.1,449288,449288,a three-vector reached the caller,1.0,0.9999917895329713,1.0,two_sided_clopper_pearson_0.95,false,7d6e05fbbf3cd9f864b265ffa6122b0ea4fd88757752dbc00ba634762d91b76b
libcxx,QF,float,0.75,0.25,pooled,NA,target_upper_tail_q,2,0.001,0.01,44929,44929,a three-vector reached the caller,1.0,0.9999178987286341,1.0,two_sided_clopper_pearson_0.95,false,7d6e05fbbf3cd9f864b265ffa6122b0ea4fd88757752dbc00ba634762d91b76b
libcxx,QF,float,0.75,0.25,pooled,NA,target_upper_tail_q,3,0.0001,0.001,4478,4478,a three-vector reached the caller,1.0,0.9991765608616054,1.0,two_sided_clopper_pearson_0.95,false,7d6e05fbbf3cd9f864b265ffa6122b0ea4fd88757752dbc00ba634762d91b76b
libcxx,QF,float,0.75,0.25,pooled,NA,target_upper_tail_q,4,1e-05,0.0001,478,478,a three-vector reached the caller,1.0,0.9923123810323518,1.0,two_sided_clopper_pearson_0.95,false,7d6e05fbbf3cd9f864b265ffa6122b0ea4fd88757752dbc00ba634762d91b76b
libcxx,QF,float,0.75,0.25,pooled,NA,target_upper_tail_q,5,1e-06,1e-05,52,52,a three-vector reached the caller,1.0,0.9315177912966804,1.0,two_sided_clopper_pearson_0.95,false,7d6e05fbbf3cd9f864b265ffa6122b0ea4fd88757752dbc00ba634762d91b76b
libcxx,QF,float,0.75,0.25,pooled,NA,target_upper_tail_q,6,1e-08,1e-06,9,9,a three-vector reached the caller,1.0,0.6637328831200572,1.0,two_sided_clopper_pearson_0.95,false,7d6e05fbbf3cd9f864b265ffa6122b0ea4fd88757752dbc00ba634762d91b76b
libstdcxx,CANDIDATE,double,0.501,0.0010000000000000009,pooled,NA,target_upper_tail_q,0,0.1,1.0,4500559,3792335,a three-vector reached the caller,0.8426364369403889,0.8422996813684877,0.8429727516208017,two_sided_clopper_pearson_0.95,false,7d6e05fbbf3cd9f864b265ffa6122b0ea4fd88757752dbc00ba634762d91b76b
libstdcxx,CANDIDATE,double,0.501,0.0010000000000000009,pooled,NA,target_upper_tail_q,1,0.01,0.1,449691,0,a three-vector reached the caller,0.0,0.0,6.6617350472641945e-06,one_sided_upper_0.95,true,7d6e05fbbf3cd9f864b265ffa6122b0ea4fd88757752dbc00ba634762d91b76b
libstdcxx,CANDIDATE,double,0.501,0.0010000000000000009,pooled,NA,target_upper_tail_q,2,0.001,0.01,44722,0,a three-vector reached the caller,0.0,0.0,6.698340727728791e-05,one_sided_upper_0.95,true,7d6e05fbbf3cd9f864b265ffa6122b0ea4fd88757752dbc00ba634762d91b76b
libstdcxx,CANDIDATE,double,0.501,0.0010000000000000009,pooled,NA,target_upper_tail_q,3,0.0001,0.001,4559,0,a three-vector reached the caller,0.0,0.0,0.0006568870885876876,one_sided_upper_0.95,true,7d6e05fbbf3cd9f864b265ffa6122b0ea4fd88757752dbc00ba634762d91b76b
libstdcxx,CANDIDATE,double,0.501,0.0010000000000000009,pooled,NA,target_upper_tail_q,4,1e-05,0.0001,433,0,a three-vector reached the caller,0.0,0.0,0.0068946722152622986,one_sided_upper_0.95,true,7d6e05fbbf3cd9f864b265ffa6122b0ea4fd88757752dbc00ba634762d91b76b
libstdcxx,CANDIDATE,double,0.501,0.0010000000000000009,pooled,NA,target_upper_tail_q,5,1e-06,1e-05,29,0,a three-vector reached the caller,0.0,0.0,0.0981446276772957,one_sided_upper_0.95,true,7d6e05fbbf3cd9f864b265ffa6122b0ea4fd88757752dbc00ba634762d91b76b
libstdcxx,CANDIDATE,double,0.501,0.0010000000000000009,pooled,NA,target_upper_tail_q,6,1e-08,1e-06,7,0,a three-vector reached the caller,0.0,0.0,0.34816365513116077,one_sided_upper_0.95,true,7d6e05fbbf3cd9f864b265ffa6122b0ea4fd88757752dbc00ba634762d91b76b
libstdcxx,CANDIDATE,double,0.505,0.0050000000000000044,pooled,NA,target_upper_tail_q,0,0.1,1.0,4500429,4500429,a three-vector reached the caller,1.0,0.9999991803274882,1.0,two_sided_clopper_pearson_0.95,false,7d6e05fbbf3cd9f864b265ffa6122b0ea4fd88757752dbc00ba634762d91b76b
libstdcxx,CANDIDATE,double,0.505,0.0050000000000000044,pooled,NA,target_upper_tail_q,1,0.01,0.1,449828,449828,a three-vector reached the caller,1.0,0.9999917993892586,1.0,two_sided_clopper_pearson_0.95,false,7d6e05fbbf3cd9f864b265ffa6122b0ea4fd88757752dbc00ba634762d91b76b
libstdcxx,CANDIDATE,double,0.505,0.0050000000000000044,pooled,NA,target_upper_tail_q,2,0.001,0.01,44717,44717,a three-vector reached the caller,1.0,0.9999175095086146,1.0,two_sided_clopper_pearson_0.95,false,7d6e05fbbf3cd9f864b265ffa6122b0ea4fd88757752dbc00ba634762d91b76b
libstdcxx,CANDIDATE,double,0.505,0.0050000000000000044,pooled,NA,target_upper_tail_q,3,0.0001,0.001,4562,912,a three-vector reached the caller,0.1999123191582639,0.18839226639039344,0.21181777205825075,two_sided_clopper_pearson_0.95,false,7d6e05fbbf3cd9f864b265ffa6122b0ea4fd88757752dbc00ba634762d91b76b
libstdcxx,CANDIDATE,double,0.505,0.0050000000000000044,pooled,NA,target_upper_tail_q,4,1e-05,0.0001,429,0,a three-vector reached the caller,0.0,0.0,0.00695873401049929,one_sided_upper_0.95,true,7d6e05fbbf3cd9f864b265ffa6122b0ea4fd88757752dbc00ba634762d91b76b
libstdcxx,CANDIDATE,double,0.505,0.0050000000000000044,pooled,NA,target_upper_tail_q,5,1e-06,1e-05,29,0,a three-vector reached the caller,0.0,0.0,0.0981446276772957,one_sided_upper_0.95,true,7d6e05fbbf3cd9f864b265ffa6122b0ea4fd88757752dbc00ba634762d91b76b
libstdcxx,CANDIDATE,double,0.505,0.0050000000000000044,pooled,NA,target_upper_tail_q,6,1e-08,1e-06,6,0,a three-vector reached the caller,0.0,0.0,0.39303776899708265,one_sided_upper_0.95,true,7d6e05fbbf3cd9f864b265ffa6122b0ea4fd88757752dbc00ba634762d91b76b
libstdcxx,CANDIDATE,double,0.51,0.010000000000000009,pooled,NA,target_upper_tail_q,0,0.1,1.0,4500429,4500429,a three-vector reached the caller,1.0,0.9999991803274882,1.0,two_sided_clopper_pearson_0.95,false,7d6e05fbbf3cd9f864b265ffa6122b0ea4fd88757752dbc00ba634762d91b76b
libstdcxx,CANDIDATE,double,0.51,0.010000000000000009,pooled,NA,target_upper_tail_q,1,0.01,0.1,449822,449822,a three-vector reached the caller,1.0,0.9999917992798744,1.0,two_sided_clopper_pearson_0.95,false,7d6e05fbbf3cd9f864b265ffa6122b0ea4fd88757752dbc00ba634762d91b76b
libstdcxx,CANDIDATE,double,0.51,0.010000000000000009,pooled,NA,target_upper_tail_q,2,0.001,0.01,44728,44728,a three-vector reached the caller,1.0,0.9999175297947438,1.0,two_sided_clopper_pearson_0.95,false,7d6e05fbbf3cd9f864b265ffa6122b0ea4fd88757752dbc00ba634762d91b76b
libstdcxx,CANDIDATE,double,0.51,0.010000000000000009,pooled,NA,target_upper_tail_q,3,0.0001,0.001,4547,4547,a three-vector reached the caller,1.0,0.9991890513512283,1.0,two_sided_clopper_pearson_0.95,false,7d6e05fbbf3cd9f864b265ffa6122b0ea4fd88757752dbc00ba634762d91b76b
libstdcxx,CANDIDATE,double,0.51,0.010000000000000009,pooled,NA,target_upper_tail_q,4,1e-05,0.0001,438,438,a three-vector reached the caller,1.0,0.9916132673108207,1.0,two_sided_clopper_pearson_0.95,false,7d6e05fbbf3cd9f864b265ffa6122b0ea4fd88757752dbc00ba634762d91b76b
libstdcxx,CANDIDATE,double,0.51,0.010000000000000009,pooled,NA,target_upper_tail_q,5,1e-06,1e-05,30,30,a three-vector reached the caller,1.0,0.8842966917779722,1.0,two_sided_clopper_pearson_0.95,false,7d6e05fbbf3cd9f864b265ffa6122b0ea4fd88757752dbc00ba634762d91b76b
libstdcxx,CANDIDATE,double,0.51,0.010000000000000009,pooled,NA,target_upper_tail_q,6,1e-08,1e-06,6,2,a three-vector reached the caller,0.3333333333333333,0.04327186829274169,0.7772219044964879,two_sided_clopper_pearson_0.95,false,7d6e05fbbf3cd9f864b265ffa6122b0ea4fd88757752dbc00ba634762d91b76b
libstdcxx,CANDIDATE,double,0.75,0.25,pooled,NA,target_upper_tail_q,0,0.1,1.0,4500221,4500221,a three-vector reached the caller,1.0,0.9999991802896031,1.0,two_sided_clopper_pearson_0.95,false,7d6e05fbbf3cd9f864b265ffa6122b0ea4fd88757752dbc00ba634762d91b76b
libstdcxx,CANDIDATE,double,0.75,0.25,pooled,NA,target_upper_tail_q,1,0.01,0.1,449996,449996,a three-vector reached the caller,1.0,0.9999918024508346,1.0,two_sided_clopper_pearson_0.95,false,7d6e05fbbf3cd9f864b265ffa6122b0ea4fd88757752dbc00ba634762d91b76b
libstdcxx,CANDIDATE,double,0.75,0.25,pooled,NA,target_upper_tail_q,2,0.001,0.01,44795,44795,a three-vector reached the caller,1.0,0.999917653140569,1.0,two_sided_clopper_pearson_0.95,false,7d6e05fbbf3cd9f864b265ffa6122b0ea4fd88757752dbc00ba634762d91b76b
libstdcxx,CANDIDATE,double,0.75,0.25,pooled,NA,target_upper_tail_q,3,0.0001,0.001,4515,4515,a three-vector reached the caller,1.0,0.9991833061115525,1.0,two_sided_clopper_pearson_0.95,false,7d6e05fbbf3cd9f864b265ffa6122b0ea4fd88757752dbc00ba634762d91b76b
libstdcxx,CANDIDATE,double,0.75,0.25,pooled,NA,target_upper_tail_q,4,1e-05,0.0001,434,434,a three-vector reached the caller,1.0,0.9915362982675866,1.0,two_sided_clopper_pearson_0.95,false,7d6e05fbbf3cd9f864b265ffa6122b0ea4fd88757752dbc00ba634762d91b76b
libstdcxx,CANDIDATE,double,0.75,0.25,pooled,NA,target_upper_tail_q,5,1e-06,1e-05,34,34,a three-vector reached the caller,1.0,0.8971820757409874,1.0,two_sided_clopper_pearson_0.95,false,7d6e05fbbf3cd9f864b265ffa6122b0ea4fd88757752dbc00ba634762d91b76b
libstdcxx,CANDIDATE,double,0.75,0.25,pooled,NA,target_upper_tail_q,6,1e-08,1e-06,5,5,a three-vector reached the caller,1.0,0.47817624989501856,1.0,two_sided_clopper_pearson_0.95,false,7d6e05fbbf3cd9f864b265ffa6122b0ea4fd88757752dbc00ba634762d91b76b
libstdcxx,CANDIDATE,float,0.55,0.050000000000000044,pooled,NA,target_upper_tail_q,0,0.1,1.0,4499494,4499494,a three-vector reached the caller,1.0,0.9999991801571595,1.0,two_sided_clopper_pearson_0.95,false,7d6e05fbbf3cd9f864b265ffa6122b0ea4fd88757752dbc00ba634762d91b76b
libstdcxx,CANDIDATE,float,0.55,0.050000000000000044,pooled,NA,target_upper_tail_q,1,0.01,0.1,450385,450385,a three-vector reached the caller,1.0,0.9999918095310739,1.0,two_sided_clopper_pearson_0.95,false,7d6e05fbbf3cd9f864b265ffa6122b0ea4fd88757752dbc00ba634762d91b76b
libstdcxx,CANDIDATE,float,0.55,0.050000000000000044,pooled,NA,target_upper_tail_q,2,0.001,0.01,45114,45114,a three-vector reached the caller,1.0,0.9999182353894098,1.0,two_sided_clopper_pearson_0.95,false,7d6e05fbbf3cd9f864b265ffa6122b0ea4fd88757752dbc00ba634762d91b76b
libstdcxx,CANDIDATE,float,0.55,0.050000000000000044,pooled,NA,target_upper_tail_q,3,0.0001,0.001,4483,4307,a three-vector reached the caller,0.9607405755074727,0.9546358946067621,0.966235216753685,two_sided_clopper_pearson_0.95,false,7d6e05fbbf3cd9f864b265ffa6122b0ea4fd88757752dbc00ba634762d91b76b
libstdcxx,CANDIDATE,float,0.55,0.050000000000000044,pooled,NA,target_upper_tail_q,4,1e-05,0.0001,471,0,a three-vector reached the caller,0.0,0.0,0.006340181450823712,one_sided_upper_0.95,true,7d6e05fbbf3cd9f864b265ffa6122b0ea4fd88757752dbc00ba634762d91b76b
libstdcxx,CANDIDATE,float,0.55,0.050000000000000044,pooled,NA,target_upper_tail_q,5,1e-06,1e-05,45,0,a three-vector reached the caller,0.0,0.0,0.06440428880778348,one_sided_upper_0.95,true,7d6e05fbbf3cd9f864b265ffa6122b0ea4fd88757752dbc00ba634762d91b76b
libstdcxx,CANDIDATE,float,0.55,0.050000000000000044,pooled,NA,target_upper_tail_q,6,1e-08,1e-06,8,0,a three-vector reached the caller,0.0,0.0,0.3123439780663678,one_sided_upper_0.95,true,7d6e05fbbf3cd9f864b265ffa6122b0ea4fd88757752dbc00ba634762d91b76b
libstdcxx,CANDIDATE,float,0.6,0.09999999999999998,pooled,NA,target_upper_tail_q,0,0.1,1.0,4499743,4499743,a three-vector reached the caller,1.0,0.9999991802025266,1.0,two_sided_clopper_pearson_0.95,false,7d6e05fbbf3cd9f864b265ffa6122b0ea4fd88757752dbc00ba634762d91b76b
libstdcxx,CANDIDATE,float,0.6,0.09999999999999998,pooled,NA,target_upper_tail_q,1,0.01,0.1,450105,450105,a three-vector reached the caller,1.0,0.9999918044359919,1.0,two_sided_clopper_pearson_0.95,false,7d6e05fbbf3cd9f864b265ffa6122b0ea4fd88757752dbc00ba634762d91b76b
libstdcxx,CANDIDATE,float,0.6,0.09999999999999998,pooled,NA,target_upper_tail_q,2,0.001,0.01,45176,45176,a three-vector reached the caller,1.0,0.9999183475994082,1.0,two_sided_clopper_pearson_0.95,false,7d6e05fbbf3cd9f864b265ffa6122b0ea4fd88757752dbc00ba634762d91b76b
libstdcxx,CANDIDATE,float,0.6,0.09999999999999998,pooled,NA,target_upper_tail_q,3,0.0001,0.001,4462,4462,a three-vector reached the caller,1.0,0.9991736093643268,1.0,two_sided_clopper_pearson_0.95,false,7d6e05fbbf3cd9f864b265ffa6122b0ea4fd88757752dbc00ba634762d91b76b
libstdcxx,CANDIDATE,float,0.6,0.09999999999999998,pooled,NA,target_upper_tail_q,4,1e-05,0.0001,460,460,a three-vector reached the caller,1.0,0.9920127656699954,1.0,two_sided_clopper_pearson_0.95,false,7d6e05fbbf3cd9f864b265ffa6122b0ea4fd88757752dbc00ba634762d91b76b
libstdcxx,CANDIDATE,float,0.6,0.09999999999999998,pooled,NA,target_upper_tail_q,5,1e-06,1e-05,46,46,a three-vector reached the caller,1.0,0.9229381729480993,1.0,two_sided_clopper_pearson_0.95,false,7d6e05fbbf3cd9f864b265ffa6122b0ea4fd88757752dbc00ba634762d91b76b
libstdcxx,CANDIDATE,float,0.6,0.09999999999999998,pooled,NA,target_upper_tail_q,6,1e-08,1e-06,8,8,a three-vector reached the caller,1.0,0.6305833524471808,1.0,two_sided_clopper_pearson_0.95,false,7d6e05fbbf3cd9f864b265ffa6122b0ea4fd88757752dbc00ba634762d91b76b
libstdcxx,CANDIDATE,float,0.75,0.25,pooled,NA,target_upper_tail_q,0,0.1,1.0,4500766,4500766,a three-vector reached the caller,1.0,0.9999991803888622,1.0,two_sided_clopper_pearson_0.95,false,7d6e05fbbf3cd9f864b265ffa6122b0ea4fd88757752dbc00ba634762d91b76b
libstdcxx,CANDIDATE,float,0.75,0.25,pooled,NA,target_upper_tail_q,1,0.01,0.1,449288,449288,a three-vector reached the caller,1.0,0.9999917895329713,1.0,two_sided_clopper_pearson_0.95,false,7d6e05fbbf3cd9f864b265ffa6122b0ea4fd88757752dbc00ba634762d91b76b
libstdcxx,CANDIDATE,float,0.75,0.25,pooled,NA,target_upper_tail_q,2,0.001,0.01,44929,44929,a three-vector reached the caller,1.0,0.9999178987286341,1.0,two_sided_clopper_pearson_0.95,false,7d6e05fbbf3cd9f864b265ffa6122b0ea4fd88757752dbc00ba634762d91b76b
libstdcxx,CANDIDATE,float,0.75,0.25,pooled,NA,target_upper_tail_q,3,0.0001,0.001,4478,4478,a three-vector reached the caller,1.0,0.9991765608616054,1.0,two_sided_clopper_pearson_0.95,false,7d6e05fbbf3cd9f864b265ffa6122b0ea4fd88757752dbc00ba634762d91b76b
libstdcxx,CANDIDATE,float,0.75,0.25,pooled,NA,target_upper_tail_q,4,1e-05,0.0001,478,478,a three-vector reached the caller,1.0,0.9923123810323518,1.0,two_sided_clopper_pearson_0.95,false,7d6e05fbbf3cd9f864b265ffa6122b0ea4fd88757752dbc00ba634762d91b76b
libstdcxx,CANDIDATE,float,0.75,0.25,pooled,NA,target_upper_tail_q,5,1e-06,1e-05,52,52,a three-vector reached the caller,1.0,0.9315177912966804,1.0,two_sided_clopper_pearson_0.95,false,7d6e05fbbf3cd9f864b265ffa6122b0ea4fd88757752dbc00ba634762d91b76b
libstdcxx,CANDIDATE,float,0.75,0.25,pooled,NA,target_upper_tail_q,6,1e-08,1e-06,9,9,a three-vector reached the caller,1.0,0.6637328831200572,1.0,two_sided_clopper_pearson_0.95,false,7d6e05fbbf3cd9f864b265ffa6122b0ea4fd88757752dbc00ba634762d91b76b
libstdcxx,LEGACY,double,0.501,0.0010000000000000009,pooled,NA,target_upper_tail_q,0,0.1,1.0,4500559,2625938,a three-vector reached the caller,0.5834692979249911,0.583013676258771,0.5839248121983958,two_sided_clopper_pearson_0.95,false,7d6e05fbbf3cd9f864b265ffa6122b0ea4fd88757752dbc00ba634762d91b76b
libstdcxx,LEGACY,double,0.501,0.0010000000000000009,pooled,NA,target_upper_tail_q,1,0.01,0.1,449691,0,a three-vector reached the caller,0.0,0.0,6.6617350472641945e-06,one_sided_upper_0.95,true,7d6e05fbbf3cd9f864b265ffa6122b0ea4fd88757752dbc00ba634762d91b76b
libstdcxx,LEGACY,double,0.501,0.0010000000000000009,pooled,NA,target_upper_tail_q,2,0.001,0.01,44722,0,a three-vector reached the caller,0.0,0.0,6.698340727728791e-05,one_sided_upper_0.95,true,7d6e05fbbf3cd9f864b265ffa6122b0ea4fd88757752dbc00ba634762d91b76b
libstdcxx,LEGACY,double,0.501,0.0010000000000000009,pooled,NA,target_upper_tail_q,3,0.0001,0.001,4559,0,a three-vector reached the caller,0.0,0.0,0.0006568870885876876,one_sided_upper_0.95,true,7d6e05fbbf3cd9f864b265ffa6122b0ea4fd88757752dbc00ba634762d91b76b
libstdcxx,LEGACY,double,0.501,0.0010000000000000009,pooled,NA,target_upper_tail_q,4,1e-05,0.0001,433,0,a three-vector reached the caller,0.0,0.0,0.0068946722152622986,one_sided_upper_0.95,true,7d6e05fbbf3cd9f864b265ffa6122b0ea4fd88757752dbc00ba634762d91b76b
libstdcxx,LEGACY,double,0.501,0.0010000000000000009,pooled,NA,target_upper_tail_q,5,1e-06,1e-05,29,0,a three-vector reached the caller,0.0,0.0,0.0981446276772957,one_sided_upper_0.95,true,7d6e05fbbf3cd9f864b265ffa6122b0ea4fd88757752dbc00ba634762d91b76b
libstdcxx,LEGACY,double,0.501,0.0010000000000000009,pooled,NA,target_upper_tail_q,6,1e-08,1e-06,7,0,a three-vector reached the caller,0.0,0.0,0.34816365513116077,one_sided_upper_0.95,true,7d6e05fbbf3cd9f864b265ffa6122b0ea4fd88757752dbc00ba634762d91b76b
libstdcxx,LEGACY,double,0.505,0.0050000000000000044,pooled,NA,target_upper_tail_q,0,0.1,1.0,4500429,4500429,a three-vector reached the caller,1.0,0.9999991803274882,1.0,two_sided_clopper_pearson_0.95,false,7d6e05fbbf3cd9f864b265ffa6122b0ea4fd88757752dbc00ba634762d91b76b
libstdcxx,LEGACY,double,0.505,0.0050000000000000044,pooled,NA,target_upper_tail_q,1,0.01,0.1,449828,378923,a three-vector reached the caller,0.8423730848235326,0.8413049094249576,0.8434368483075101,two_sided_clopper_pearson_0.95,false,7d6e05fbbf3cd9f864b265ffa6122b0ea4fd88757752dbc00ba634762d91b76b
libstdcxx,LEGACY,double,0.505,0.0050000000000000044,pooled,NA,target_upper_tail_q,2,0.001,0.01,44717,0,a three-vector reached the caller,0.0,0.0,6.69908967291244e-05,one_sided_upper_0.95,true,7d6e05fbbf3cd9f864b265ffa6122b0ea4fd88757752dbc00ba634762d91b76b
libstdcxx,LEGACY,double,0.505,0.0050000000000000044,pooled,NA,target_upper_tail_q,3,0.0001,0.001,4562,0,a three-vector reached the caller,0.0,0.0,0.0006564552573078419,one_sided_upper_0.95,true,7d6e05fbbf3cd9f864b265ffa6122b0ea4fd88757752dbc00ba634762d91b76b
libstdcxx,LEGACY,double,0.505,0.0050000000000000044,pooled,NA,target_upper_tail_q,4,1e-05,0.0001,429,0,a three-vector reached the caller,0.0,0.0,0.00695873401049929,one_sided_upper_0.95,true,7d6e05fbbf3cd9f864b265ffa6122b0ea4fd88757752dbc00ba634762d91b76b
libstdcxx,LEGACY,double,0.505,0.0050000000000000044,pooled,NA,target_upper_tail_q,5,1e-06,1e-05,29,0,a three-vector reached the caller,0.0,0.0,0.0981446276772957,one_sided_upper_0.95,true,7d6e05fbbf3cd9f864b265ffa6122b0ea4fd88757752dbc00ba634762d91b76b
libstdcxx,LEGACY,double,0.505,0.0050000000000000044,pooled,NA,target_upper_tail_q,6,1e-08,1e-06,6,0,a three-vector reached the caller,0.0,0.0,0.39303776899708265,one_sided_upper_0.95,true,7d6e05fbbf3cd9f864b265ffa6122b0ea4fd88757752dbc00ba634762d91b76b
libstdcxx,LEGACY,double,0.51,0.010000000000000009,pooled,NA,target_upper_tail_q,0,0.1,1.0,4500429,4500429,a three-vector reached the caller,1.0,0.9999991803274882,1.0,two_sided_clopper_pearson_0.95,false,7d6e05fbbf3cd9f864b265ffa6122b0ea4fd88757752dbc00ba634762d91b76b
libstdcxx,LEGACY,double,0.51,0.010000000000000009,pooled,NA,target_upper_tail_q,1,0.01,0.1,449822,449822,a three-vector reached the caller,1.0,0.9999917992798744,1.0,two_sided_clopper_pearson_0.95,false,7d6e05fbbf3cd9f864b265ffa6122b0ea4fd88757752dbc00ba634762d91b76b
libstdcxx,LEGACY,double,0.51,0.010000000000000009,pooled,NA,target_upper_tail_q,2,0.001,0.01,44728,44728,a three-vector reached the caller,1.0,0.9999175297947438,1.0,two_sided_clopper_pearson_0.95,false,7d6e05fbbf3cd9f864b265ffa6122b0ea4fd88757752dbc00ba634762d91b76b
libstdcxx,LEGACY,double,0.51,0.010000000000000009,pooled,NA,target_upper_tail_q,3,0.0001,0.001,4547,2080,a three-vector reached the caller,0.4574444688805806,0.4428854880796491,0.472058151972895,two_sided_clopper_pearson_0.95,false,7d6e05fbbf3cd9f864b265ffa6122b0ea4fd88757752dbc00ba634762d91b76b
libstdcxx,LEGACY,double,0.51,0.010000000000000009,pooled,NA,target_upper_tail_q,4,1e-05,0.0001,438,0,a three-vector reached the caller,0.0,0.0,0.006816234766836904,one_sided_upper_0.95,true,7d6e05fbbf3cd9f864b265ffa6122b0ea4fd88757752dbc00ba634762d91b76b
libstdcxx,LEGACY,double,0.51,0.010000000000000009,pooled,NA,target_upper_tail_q,5,1e-06,1e-05,30,0,a three-vector reached the caller,0.0,0.0,0.09503385285530408,one_sided_upper_0.95,true,7d6e05fbbf3cd9f864b265ffa6122b0ea4fd88757752dbc00ba634762d91b76b
libstdcxx,LEGACY,double,0.51,0.010000000000000009,pooled,NA,target_upper_tail_q,6,1e-08,1e-06,6,0,a three-vector reached the caller,0.0,0.0,0.39303776899708265,one_sided_upper_0.95,true,7d6e05fbbf3cd9f864b265ffa6122b0ea4fd88757752dbc00ba634762d91b76b
libstdcxx,LEGACY,double,0.75,0.25,pooled,NA,target_upper_tail_q,0,0.1,1.0,4500221,4500221,a three-vector reached the caller,1.0,0.9999991802896031,1.0,two_sided_clopper_pearson_0.95,false,7d6e05fbbf3cd9f864b265ffa6122b0ea4fd88757752dbc00ba634762d91b76b
libstdcxx,LEGACY,double,0.75,0.25,pooled,NA,target_upper_tail_q,1,0.01,0.1,449996,449996,a three-vector reached the caller,1.0,0.9999918024508346,1.0,two_sided_clopper_pearson_0.95,false,7d6e05fbbf3cd9f864b265ffa6122b0ea4fd88757752dbc00ba634762d91b76b
libstdcxx,LEGACY,double,0.75,0.25,pooled,NA,target_upper_tail_q,2,0.001,0.01,44795,44795,a three-vector reached the caller,1.0,0.999917653140569,1.0,two_sided_clopper_pearson_0.95,false,7d6e05fbbf3cd9f864b265ffa6122b0ea4fd88757752dbc00ba634762d91b76b
libstdcxx,LEGACY,double,0.75,0.25,pooled,NA,target_upper_tail_q,3,0.0001,0.001,4515,4515,a three-vector reached the caller,1.0,0.9991833061115525,1.0,two_sided_clopper_pearson_0.95,false,7d6e05fbbf3cd9f864b265ffa6122b0ea4fd88757752dbc00ba634762d91b76b
libstdcxx,LEGACY,double,0.75,0.25,pooled,NA,target_upper_tail_q,4,1e-05,0.0001,434,434,a three-vector reached the caller,1.0,0.9915362982675866,1.0,two_sided_clopper_pearson_0.95,false,7d6e05fbbf3cd9f864b265ffa6122b0ea4fd88757752dbc00ba634762d91b76b
libstdcxx,LEGACY,double,0.75,0.25,pooled,NA,target_upper_tail_q,5,1e-06,1e-05,34,34,a three-vector reached the caller,1.0,0.8971820757409874,1.0,two_sided_clopper_pearson_0.95,false,7d6e05fbbf3cd9f864b265ffa6122b0ea4fd88757752dbc00ba634762d91b76b
libstdcxx,LEGACY,double,0.75,0.25,pooled,NA,target_upper_tail_q,6,1e-08,1e-06,5,5,a three-vector reached the caller,1.0,0.47817624989501856,1.0,two_sided_clopper_pearson_0.95,false,7d6e05fbbf3cd9f864b265ffa6122b0ea4fd88757752dbc00ba634762d91b76b
libstdcxx,LEGACY,float,0.55,0.050000000000000044,pooled,NA,target_upper_tail_q,0,0.1,1.0,4499494,4499494,a three-vector reached the caller,1.0,0.9999991801571595,1.0,two_sided_clopper_pearson_0.95,false,7d6e05fbbf3cd9f864b265ffa6122b0ea4fd88757752dbc00ba634762d91b76b
libstdcxx,LEGACY,float,0.55,0.050000000000000044,pooled,NA,target_upper_tail_q,1,0.01,0.1,450385,450385,a three-vector reached the caller,1.0,0.9999918095310739,1.0,two_sided_clopper_pearson_0.95,false,7d6e05fbbf3cd9f864b265ffa6122b0ea4fd88757752dbc00ba634762d91b76b
libstdcxx,LEGACY,float,0.55,0.050000000000000044,pooled,NA,target_upper_tail_q,2,0.001,0.01,45114,21432,a three-vector reached the caller,0.4750631732943211,0.47044572216141395,0.4796838341892069,two_sided_clopper_pearson_0.95,false,7d6e05fbbf3cd9f864b265ffa6122b0ea4fd88757752dbc00ba634762d91b76b
libstdcxx,LEGACY,float,0.55,0.050000000000000044,pooled,NA,target_upper_tail_q,3,0.0001,0.001,4483,0,a three-vector reached the caller,0.0,0.0,0.0006680195311796755,one_sided_upper_0.95,true,7d6e05fbbf3cd9f864b265ffa6122b0ea4fd88757752dbc00ba634762d91b76b
libstdcxx,LEGACY,float,0.55,0.050000000000000044,pooled,NA,target_upper_tail_q,4,1e-05,0.0001,471,0,a three-vector reached the caller,0.0,0.0,0.006340181450823712,one_sided_upper_0.95,true,7d6e05fbbf3cd9f864b265ffa6122b0ea4fd88757752dbc00ba634762d91b76b
libstdcxx,LEGACY,float,0.55,0.050000000000000044,pooled,NA,target_upper_tail_q,5,1e-06,1e-05,45,0,a three-vector reached the caller,0.0,0.0,0.06440428880778348,one_sided_upper_0.95,true,7d6e05fbbf3cd9f864b265ffa6122b0ea4fd88757752dbc00ba634762d91b76b
libstdcxx,LEGACY,float,0.55,0.050000000000000044,pooled,NA,target_upper_tail_q,6,1e-08,1e-06,8,0,a three-vector reached the caller,0.0,0.0,0.3123439780663678,one_sided_upper_0.95,true,7d6e05fbbf3cd9f864b265ffa6122b0ea4fd88757752dbc00ba634762d91b76b
libstdcxx,LEGACY,float,0.6,0.09999999999999998,pooled,NA,target_upper_tail_q,0,0.1,1.0,4499743,4499743,a three-vector reached the caller,1.0,0.9999991802025266,1.0,two_sided_clopper_pearson_0.95,false,7d6e05fbbf3cd9f864b265ffa6122b0ea4fd88757752dbc00ba634762d91b76b
libstdcxx,LEGACY,float,0.6,0.09999999999999998,pooled,NA,target_upper_tail_q,1,0.01,0.1,450105,450105,a three-vector reached the caller,1.0,0.9999918044359919,1.0,two_sided_clopper_pearson_0.95,false,7d6e05fbbf3cd9f864b265ffa6122b0ea4fd88757752dbc00ba634762d91b76b
libstdcxx,LEGACY,float,0.6,0.09999999999999998,pooled,NA,target_upper_tail_q,2,0.001,0.01,45176,45176,a three-vector reached the caller,1.0,0.9999183475994082,1.0,two_sided_clopper_pearson_0.95,false,7d6e05fbbf3cd9f864b265ffa6122b0ea4fd88757752dbc00ba634762d91b76b
libstdcxx,LEGACY,float,0.6,0.09999999999999998,pooled,NA,target_upper_tail_q,3,0.0001,0.001,4462,4462,a three-vector reached the caller,1.0,0.9991736093643268,1.0,two_sided_clopper_pearson_0.95,false,7d6e05fbbf3cd9f864b265ffa6122b0ea4fd88757752dbc00ba634762d91b76b
libstdcxx,LEGACY,float,0.6,0.09999999999999998,pooled,NA,target_upper_tail_q,4,1e-05,0.0001,460,328,a three-vector reached the caller,0.7130434782608696,0.6693402513149768,0.753982392413234,two_sided_clopper_pearson_0.95,false,7d6e05fbbf3cd9f864b265ffa6122b0ea4fd88757752dbc00ba634762d91b76b
libstdcxx,LEGACY,float,0.6,0.09999999999999998,pooled,NA,target_upper_tail_q,5,1e-06,1e-05,46,0,a three-vector reached the caller,0.0,0.0,0.06304930167405443,one_sided_upper_0.95,true,7d6e05fbbf3cd9f864b265ffa6122b0ea4fd88757752dbc00ba634762d91b76b
libstdcxx,LEGACY,float,0.6,0.09999999999999998,pooled,NA,target_upper_tail_q,6,1e-08,1e-06,8,0,a three-vector reached the caller,0.0,0.0,0.3123439780663678,one_sided_upper_0.95,true,7d6e05fbbf3cd9f864b265ffa6122b0ea4fd88757752dbc00ba634762d91b76b
libstdcxx,LEGACY,float,0.75,0.25,pooled,NA,target_upper_tail_q,0,0.1,1.0,4500766,4500766,a three-vector reached the caller,1.0,0.9999991803888622,1.0,two_sided_clopper_pearson_0.95,false,7d6e05fbbf3cd9f864b265ffa6122b0ea4fd88757752dbc00ba634762d91b76b
libstdcxx,LEGACY,float,0.75,0.25,pooled,NA,target_upper_tail_q,1,0.01,0.1,449288,449288,a three-vector reached the caller,1.0,0.9999917895329713,1.0,two_sided_clopper_pearson_0.95,false,7d6e05fbbf3cd9f864b265ffa6122b0ea4fd88757752dbc00ba634762d91b76b
libstdcxx,LEGACY,float,0.75,0.25,pooled,NA,target_upper_tail_q,2,0.001,0.01,44929,44929,a three-vector reached the caller,1.0,0.9999178987286341,1.0,two_sided_clopper_pearson_0.95,false,7d6e05fbbf3cd9f864b265ffa6122b0ea4fd88757752dbc00ba634762d91b76b
libstdcxx,LEGACY,float,0.75,0.25,pooled,NA,target_upper_tail_q,3,0.0001,0.001,4478,4478,a three-vector reached the caller,1.0,0.9991765608616054,1.0,two_sided_clopper_pearson_0.95,false,7d6e05fbbf3cd9f864b265ffa6122b0ea4fd88757752dbc00ba634762d91b76b
libstdcxx,LEGACY,float,0.75,0.25,pooled,NA,target_upper_tail_q,4,1e-05,0.0001,478,478,a three-vector reached the caller,1.0,0.9923123810323518,1.0,two_sided_clopper_pearson_0.95,false,7d6e05fbbf3cd9f864b265ffa6122b0ea4fd88757752dbc00ba634762d91b76b
libstdcxx,LEGACY,float,0.75,0.25,pooled,NA,target_upper_tail_q,5,1e-06,1e-05,52,52,a three-vector reached the caller,1.0,0.9315177912966804,1.0,two_sided_clopper_pearson_0.95,false,7d6e05fbbf3cd9f864b265ffa6122b0ea4fd88757752dbc00ba634762d91b76b
libstdcxx,LEGACY,float,0.75,0.25,pooled,NA,target_upper_tail_q,6,1e-08,1e-06,9,9,a three-vector reached the caller,1.0,0.6637328831200572,1.0,two_sided_clopper_pearson_0.95,false,7d6e05fbbf3cd9f864b265ffa6122b0ea4fd88757752dbc00ba634762d91b76b
libstdcxx,QF,double,0.501,0.0010000000000000009,pooled,NA,target_upper_tail_q,0,0.1,1.0,4500559,2540603,a three-vector reached the caller,0.5645083199664753,0.564050088932115,0.5649664680036657,two_sided_clopper_pearson_0.95,false,7d6e05fbbf3cd9f864b265ffa6122b0ea4fd88757752dbc00ba634762d91b76b
libstdcxx,QF,double,0.501,0.0010000000000000009,pooled,NA,target_upper_tail_q,1,0.01,0.1,449691,0,a three-vector reached the caller,0.0,0.0,6.6617350472641945e-06,one_sided_upper_0.95,true,7d6e05fbbf3cd9f864b265ffa6122b0ea4fd88757752dbc00ba634762d91b76b
libstdcxx,QF,double,0.501,0.0010000000000000009,pooled,NA,target_upper_tail_q,2,0.001,0.01,44722,0,a three-vector reached the caller,0.0,0.0,6.698340727728791e-05,one_sided_upper_0.95,true,7d6e05fbbf3cd9f864b265ffa6122b0ea4fd88757752dbc00ba634762d91b76b
libstdcxx,QF,double,0.501,0.0010000000000000009,pooled,NA,target_upper_tail_q,3,0.0001,0.001,4559,0,a three-vector reached the caller,0.0,0.0,0.0006568870885876876,one_sided_upper_0.95,true,7d6e05fbbf3cd9f864b265ffa6122b0ea4fd88757752dbc00ba634762d91b76b
libstdcxx,QF,double,0.501,0.0010000000000000009,pooled,NA,target_upper_tail_q,4,1e-05,0.0001,433,0,a three-vector reached the caller,0.0,0.0,0.0068946722152622986,one_sided_upper_0.95,true,7d6e05fbbf3cd9f864b265ffa6122b0ea4fd88757752dbc00ba634762d91b76b
libstdcxx,QF,double,0.501,0.0010000000000000009,pooled,NA,target_upper_tail_q,5,1e-06,1e-05,29,0,a three-vector reached the caller,0.0,0.0,0.0981446276772957,one_sided_upper_0.95,true,7d6e05fbbf3cd9f864b265ffa6122b0ea4fd88757752dbc00ba634762d91b76b
libstdcxx,QF,double,0.501,0.0010000000000000009,pooled,NA,target_upper_tail_q,6,1e-08,1e-06,7,0,a three-vector reached the caller,0.0,0.0,0.34816365513116077,one_sided_upper_0.95,true,7d6e05fbbf3cd9f864b265ffa6122b0ea4fd88757752dbc00ba634762d91b76b
libstdcxx,QF,double,0.505,0.0050000000000000044,pooled,NA,target_upper_tail_q,0,0.1,1.0,4500429,4500429,a three-vector reached the caller,1.0,0.9999991803274882,1.0,two_sided_clopper_pearson_0.95,false,7d6e05fbbf3cd9f864b265ffa6122b0ea4fd88757752dbc00ba634762d91b76b
libstdcxx,QF,double,0.505,0.0050000000000000044,pooled,NA,target_upper_tail_q,1,0.01,0.1,449828,355662,a three-vector reached the caller,0.7906622086664236,0.7894703301543644,0.7918503421646341,two_sided_clopper_pearson_0.95,false,7d6e05fbbf3cd9f864b265ffa6122b0ea4fd88757752dbc00ba634762d91b76b
libstdcxx,QF,double,0.505,0.0050000000000000044,pooled,NA,target_upper_tail_q,2,0.001,0.01,44717,0,a three-vector reached the caller,0.0,0.0,6.69908967291244e-05,one_sided_upper_0.95,true,7d6e05fbbf3cd9f864b265ffa6122b0ea4fd88757752dbc00ba634762d91b76b
libstdcxx,QF,double,0.505,0.0050000000000000044,pooled,NA,target_upper_tail_q,3,0.0001,0.001,4562,0,a three-vector reached the caller,0.0,0.0,0.0006564552573078419,one_sided_upper_0.95,true,7d6e05fbbf3cd9f864b265ffa6122b0ea4fd88757752dbc00ba634762d91b76b
libstdcxx,QF,double,0.505,0.0050000000000000044,pooled,NA,target_upper_tail_q,4,1e-05,0.0001,429,0,a three-vector reached the caller,0.0,0.0,0.00695873401049929,one_sided_upper_0.95,true,7d6e05fbbf3cd9f864b265ffa6122b0ea4fd88757752dbc00ba634762d91b76b
libstdcxx,QF,double,0.505,0.0050000000000000044,pooled,NA,target_upper_tail_q,5,1e-06,1e-05,29,0,a three-vector reached the caller,0.0,0.0,0.0981446276772957,one_sided_upper_0.95,true,7d6e05fbbf3cd9f864b265ffa6122b0ea4fd88757752dbc00ba634762d91b76b
libstdcxx,QF,double,0.505,0.0050000000000000044,pooled,NA,target_upper_tail_q,6,1e-08,1e-06,6,0,a three-vector reached the caller,0.0,0.0,0.39303776899708265,one_sided_upper_0.95,true,7d6e05fbbf3cd9f864b265ffa6122b0ea4fd88757752dbc00ba634762d91b76b
libstdcxx,QF,double,0.51,0.010000000000000009,pooled,NA,target_upper_tail_q,0,0.1,1.0,4500429,4500429,a three-vector reached the caller,1.0,0.9999991803274882,1.0,two_sided_clopper_pearson_0.95,false,7d6e05fbbf3cd9f864b265ffa6122b0ea4fd88757752dbc00ba634762d91b76b
libstdcxx,QF,double,0.51,0.010000000000000009,pooled,NA,target_upper_tail_q,1,0.01,0.1,449822,449822,a three-vector reached the caller,1.0,0.9999917992798744,1.0,two_sided_clopper_pearson_0.95,false,7d6e05fbbf3cd9f864b265ffa6122b0ea4fd88757752dbc00ba634762d91b76b
libstdcxx,QF,double,0.51,0.010000000000000009,pooled,NA,target_upper_tail_q,2,0.001,0.01,44728,44728,a three-vector reached the caller,1.0,0.9999175297947438,1.0,two_sided_clopper_pearson_0.95,false,7d6e05fbbf3cd9f864b265ffa6122b0ea4fd88757752dbc00ba634762d91b76b
libstdcxx,QF,double,0.51,0.010000000000000009,pooled,NA,target_upper_tail_q,3,0.0001,0.001,4547,847,a three-vector reached the caller,0.18627666593358258,0.17505466087538357,0.19790305518212126,two_sided_clopper_pearson_0.95,false,7d6e05fbbf3cd9f864b265ffa6122b0ea4fd88757752dbc00ba634762d91b76b
libstdcxx,QF,double,0.51,0.010000000000000009,pooled,NA,target_upper_tail_q,4,1e-05,0.0001,438,0,a three-vector reached the caller,0.0,0.0,0.006816234766836904,one_sided_upper_0.95,true,7d6e05fbbf3cd9f864b265ffa6122b0ea4fd88757752dbc00ba634762d91b76b
libstdcxx,QF,double,0.51,0.010000000000000009,pooled,NA,target_upper_tail_q,5,1e-06,1e-05,30,0,a three-vector reached the caller,0.0,0.0,0.09503385285530408,one_sided_upper_0.95,true,7d6e05fbbf3cd9f864b265ffa6122b0ea4fd88757752dbc00ba634762d91b76b
libstdcxx,QF,double,0.51,0.010000000000000009,pooled,NA,target_upper_tail_q,6,1e-08,1e-06,6,0,a three-vector reached the caller,0.0,0.0,0.39303776899708265,one_sided_upper_0.95,true,7d6e05fbbf3cd9f864b265ffa6122b0ea4fd88757752dbc00ba634762d91b76b
libstdcxx,QF,double,0.75,0.25,pooled,NA,target_upper_tail_q,0,0.1,1.0,4500221,4500221,a three-vector reached the caller,1.0,0.9999991802896031,1.0,two_sided_clopper_pearson_0.95,false,7d6e05fbbf3cd9f864b265ffa6122b0ea4fd88757752dbc00ba634762d91b76b
libstdcxx,QF,double,0.75,0.25,pooled,NA,target_upper_tail_q,1,0.01,0.1,449996,449996,a three-vector reached the caller,1.0,0.9999918024508346,1.0,two_sided_clopper_pearson_0.95,false,7d6e05fbbf3cd9f864b265ffa6122b0ea4fd88757752dbc00ba634762d91b76b
libstdcxx,QF,double,0.75,0.25,pooled,NA,target_upper_tail_q,2,0.001,0.01,44795,44795,a three-vector reached the caller,1.0,0.999917653140569,1.0,two_sided_clopper_pearson_0.95,false,7d6e05fbbf3cd9f864b265ffa6122b0ea4fd88757752dbc00ba634762d91b76b
libstdcxx,QF,double,0.75,0.25,pooled,NA,target_upper_tail_q,3,0.0001,0.001,4515,4515,a three-vector reached the caller,1.0,0.9991833061115525,1.0,two_sided_clopper_pearson_0.95,false,7d6e05fbbf3cd9f864b265ffa6122b0ea4fd88757752dbc00ba634762d91b76b
libstdcxx,QF,double,0.75,0.25,pooled,NA,target_upper_tail_q,4,1e-05,0.0001,434,434,a three-vector reached the caller,1.0,0.9915362982675866,1.0,two_sided_clopper_pearson_0.95,false,7d6e05fbbf3cd9f864b265ffa6122b0ea4fd88757752dbc00ba634762d91b76b
libstdcxx,QF,double,0.75,0.25,pooled,NA,target_upper_tail_q,5,1e-06,1e-05,34,34,a three-vector reached the caller,1.0,0.8971820757409874,1.0,two_sided_clopper_pearson_0.95,false,7d6e05fbbf3cd9f864b265ffa6122b0ea4fd88757752dbc00ba634762d91b76b
libstdcxx,QF,double,0.75,0.25,pooled,NA,target_upper_tail_q,6,1e-08,1e-06,5,5,a three-vector reached the caller,1.0,0.47817624989501856,1.0,two_sided_clopper_pearson_0.95,false,7d6e05fbbf3cd9f864b265ffa6122b0ea4fd88757752dbc00ba634762d91b76b
libstdcxx,QF,float,0.55,0.050000000000000044,pooled,NA,target_upper_tail_q,0,0.1,1.0,4499494,4499494,a three-vector reached the caller,1.0,0.9999991801571595,1.0,two_sided_clopper_pearson_0.95,false,7d6e05fbbf3cd9f864b265ffa6122b0ea4fd88757752dbc00ba634762d91b76b
libstdcxx,QF,float,0.55,0.050000000000000044,pooled,NA,target_upper_tail_q,1,0.01,0.1,450385,439436,a three-vector reached the caller,0.9756896877116245,0.9752357182984831,0.9761375233007067,two_sided_clopper_pearson_0.95,false,7d6e05fbbf3cd9f864b265ffa6122b0ea4fd88757752dbc00ba634762d91b76b
libstdcxx,QF,float,0.55,0.050000000000000044,pooled,NA,target_upper_tail_q,2,0.001,0.01,45114,0,a three-vector reached the caller,0.0,0.0,6.640140116243032e-05,one_sided_upper_0.95,true,7d6e05fbbf3cd9f864b265ffa6122b0ea4fd88757752dbc00ba634762d91b76b
libstdcxx,QF,float,0.55,0.050000000000000044,pooled,NA,target_upper_tail_q,3,0.0001,0.001,4483,0,a three-vector reached the caller,0.0,0.0,0.0006680195311796755,one_sided_upper_0.95,true,7d6e05fbbf3cd9f864b265ffa6122b0ea4fd88757752dbc00ba634762d91b76b
libstdcxx,QF,float,0.55,0.050000000000000044,pooled,NA,target_upper_tail_q,4,1e-05,0.0001,471,0,a three-vector reached the caller,0.0,0.0,0.006340181450823712,one_sided_upper_0.95,true,7d6e05fbbf3cd9f864b265ffa6122b0ea4fd88757752dbc00ba634762d91b76b
libstdcxx,QF,float,0.55,0.050000000000000044,pooled,NA,target_upper_tail_q,5,1e-06,1e-05,45,0,a three-vector reached the caller,0.0,0.0,0.06440428880778348,one_sided_upper_0.95,true,7d6e05fbbf3cd9f864b265ffa6122b0ea4fd88757752dbc00ba634762d91b76b
libstdcxx,QF,float,0.55,0.050000000000000044,pooled,NA,target_upper_tail_q,6,1e-08,1e-06,8,0,a three-vector reached the caller,0.0,0.0,0.3123439780663678,one_sided_upper_0.95,true,7d6e05fbbf3cd9f864b265ffa6122b0ea4fd88757752dbc00ba634762d91b76b
libstdcxx,QF,float,0.6,0.09999999999999998,pooled,NA,target_upper_tail_q,0,0.1,1.0,4499743,4499743,a three-vector reached the caller,1.0,0.9999991802025266,1.0,two_sided_clopper_pearson_0.95,false,7d6e05fbbf3cd9f864b265ffa6122b0ea4fd88757752dbc00ba634762d91b76b
libstdcxx,QF,float,0.6,0.09999999999999998,pooled,NA,target_upper_tail_q,1,0.01,0.1,450105,450105,a three-vector reached the caller,1.0,0.9999918044359919,1.0,two_sided_clopper_pearson_0.95,false,7d6e05fbbf3cd9f864b265ffa6122b0ea4fd88757752dbc00ba634762d91b76b
libstdcxx,QF,float,0.6,0.09999999999999998,pooled,NA,target_upper_tail_q,2,0.001,0.01,45176,45176,a three-vector reached the caller,1.0,0.9999183475994082,1.0,two_sided_clopper_pearson_0.95,false,7d6e05fbbf3cd9f864b265ffa6122b0ea4fd88757752dbc00ba634762d91b76b
libstdcxx,QF,float,0.6,0.09999999999999998,pooled,NA,target_upper_tail_q,3,0.0001,0.001,4462,4245,a three-vector reached the caller,0.9513670999551771,0.9446419229614674,0.9574932508206863,two_sided_clopper_pearson_0.95,false,7d6e05fbbf3cd9f864b265ffa6122b0ea4fd88757752dbc00ba634762d91b76b
libstdcxx,QF,float,0.6,0.09999999999999998,pooled,NA,target_upper_tail_q,4,1e-05,0.0001,460,0,a three-vector reached the caller,0.0,0.0,0.006491301346820855,one_sided_upper_0.95,true,7d6e05fbbf3cd9f864b265ffa6122b0ea4fd88757752dbc00ba634762d91b76b
libstdcxx,QF,float,0.6,0.09999999999999998,pooled,NA,target_upper_tail_q,5,1e-06,1e-05,46,0,a three-vector reached the caller,0.0,0.0,0.06304930167405443,one_sided_upper_0.95,true,7d6e05fbbf3cd9f864b265ffa6122b0ea4fd88757752dbc00ba634762d91b76b
libstdcxx,QF,float,0.6,0.09999999999999998,pooled,NA,target_upper_tail_q,6,1e-08,1e-06,8,0,a three-vector reached the caller,0.0,0.0,0.3123439780663678,one_sided_upper_0.95,true,7d6e05fbbf3cd9f864b265ffa6122b0ea4fd88757752dbc00ba634762d91b76b
libstdcxx,QF,float,0.75,0.25,pooled,NA,target_upper_tail_q,0,0.1,1.0,4500766,4500766,a three-vector reached the caller,1.0,0.9999991803888622,1.0,two_sided_clopper_pearson_0.95,false,7d6e05fbbf3cd9f864b265ffa6122b0ea4fd88757752dbc00ba634762d91b76b
libstdcxx,QF,float,0.75,0.25,pooled,NA,target_upper_tail_q,1,0.01,0.1,449288,449288,a three-vector reached the caller,1.0,0.9999917895329713,1.0,two_sided_clopper_pearson_0.95,false,7d6e05fbbf3cd9f864b265ffa6122b0ea4fd88757752dbc00ba634762d91b76b
libstdcxx,QF,float,0.75,0.25,pooled,NA,target_upper_tail_q,2,0.001,0.01,44929,44929,a three-vector reached the caller,1.0,0.9999178987286341,1.0,two_sided_clopper_pearson_0.95,false,7d6e05fbbf3cd9f864b265ffa6122b0ea4fd88757752dbc00ba634762d91b76b
libstdcxx,QF,float,0.75,0.25,pooled,NA,target_upper_tail_q,3,0.0001,0.001,4478,4478,a three-vector reached the caller,1.0,0.9991765608616054,1.0,two_sided_clopper_pearson_0.95,false,7d6e05fbbf3cd9f864b265ffa6122b0ea4fd88757752dbc00ba634762d91b76b
libstdcxx,QF,float,0.75,0.25,pooled,NA,target_upper_tail_q,4,1e-05,0.0001,478,478,a three-vector reached the caller,1.0,0.9923123810323518,1.0,two_sided_clopper_pearson_0.95,false,7d6e05fbbf3cd9f864b265ffa6122b0ea4fd88757752dbc00ba634762d91b76b
libstdcxx,QF,float,0.75,0.25,pooled,NA,target_upper_tail_q,5,1e-06,1e-05,52,52,a three-vector reached the caller,1.0,0.9315177912966804,1.0,two_sided_clopper_pearson_0.95,false,7d6e05fbbf3cd9f864b265ffa6122b0ea4fd88757752dbc00ba634762d91b76b
libstdcxx,QF,float,0.75,0.25,pooled,NA,target_upper_tail_q,6,1e-08,1e-06,9,9,a three-vector reached the caller,1.0,0.6637328831200572,1.0,two_sided_clopper_pearson_0.95,false,7d6e05fbbf3cd9f864b265ffa6122b0ea4fd88757752dbc00ba634762d91b76b
