tag,method,precision,kappa,shape_a,scope,seed,bin_kind,bin_index,bin_lo,bin_hi,n_in_bin,n_success,success_definition,success_rate,ci_lo,ci_hi,interval_kind,is_upper_bound,protocol_sha256
libcxx,LEGACY,double,0.501,0.0010000000000000009,seed,10001,target_upper_tail_q,0,0.1,1.0,899711,523948,a three-vector reached the caller,0.5823514439636728,0.5813315764592946,0.5833707812480993,two_sided_clopper_pearson_0.95,false,664d906899b1726ae6d0bd3856483c4590af875a9dfdc3fee14fdcb79dbc4e34
libcxx,LEGACY,double,0.501,0.0010000000000000009,seed,10001,target_upper_tail_q,1,0.01,0.1,90408,0,a three-vector reached the caller,0.0,0.0,3.3135150000696e-05,one_sided_upper_0.95,true,664d906899b1726ae6d0bd3856483c4590af875a9dfdc3fee14fdcb79dbc4e34
libcxx,LEGACY,double,0.501,0.0010000000000000009,seed,10001,target_upper_tail_q,2,0.001,0.01,8903,0,a three-vector reached the caller,0.0,0.0,0.00033642910474329657,one_sided_upper_0.95,true,664d906899b1726ae6d0bd3856483c4590af875a9dfdc3fee14fdcb79dbc4e34
libcxx,LEGACY,double,0.501,0.0010000000000000009,seed,10001,target_upper_tail_q,3,0.0001,0.001,869,0,a three-vector reached the caller,0.0,0.0,0.0034413976511601385,one_sided_upper_0.95,true,664d906899b1726ae6d0bd3856483c4590af875a9dfdc3fee14fdcb79dbc4e34
libcxx,LEGACY,double,0.501,0.0010000000000000009,seed,10001,target_upper_tail_q,4,1e-05,0.0001,99,0,a three-vector reached the caller,0.0,0.0,0.02980667377335089,one_sided_upper_0.95,true,664d906899b1726ae6d0bd3856483c4590af875a9dfdc3fee14fdcb79dbc4e34
libcxx,LEGACY,double,0.501,0.0010000000000000009,seed,10001,target_upper_tail_q,5,1e-06,1e-05,10,0,a three-vector reached the caller,0.0,0.0,0.2588655508930522,one_sided_upper_0.95,true,664d906899b1726ae6d0bd3856483c4590af875a9dfdc3fee14fdcb79dbc4e34
libcxx,CANDIDATE,double,0.501,0.0010000000000000009,seed,10001,target_upper_tail_q,0,0.1,1.0,899711,757223,a three-vector reached the caller,0.8416291453588985,0.8408731024125344,0.8423829881675408,two_sided_clopper_pearson_0.95,false,664d906899b1726ae6d0bd3856483c4590af875a9dfdc3fee14fdcb79dbc4e34
libcxx,CANDIDATE,double,0.501,0.0010000000000000009,seed,10001,target_upper_tail_q,1,0.01,0.1,90408,0,a three-vector reached the caller,0.0,0.0,3.3135150000696e-05,one_sided_upper_0.95,true,664d906899b1726ae6d0bd3856483c4590af875a9dfdc3fee14fdcb79dbc4e34
libcxx,CANDIDATE,double,0.501,0.0010000000000000009,seed,10001,target_upper_tail_q,2,0.001,0.01,8903,0,a three-vector reached the caller,0.0,0.0,0.00033642910474329657,one_sided_upper_0.95,true,664d906899b1726ae6d0bd3856483c4590af875a9dfdc3fee14fdcb79dbc4e34
libcxx,CANDIDATE,double,0.501,0.0010000000000000009,seed,10001,target_upper_tail_q,3,0.0001,0.001,869,0,a three-vector reached the caller,0.0,0.0,0.0034413976511601385,one_sided_upper_0.95,true,664d906899b1726ae6d0bd3856483c4590af875a9dfdc3fee14fdcb79dbc4e34
libcxx,CANDIDATE,double,0.501,0.0010000000000000009,seed,10001,target_upper_tail_q,4,1e-05,0.0001,99,0,a three-vector reached the caller,0.0,0.0,0.02980667377335089,one_sided_upper_0.95,true,664d906899b1726ae6d0bd3856483c4590af875a9dfdc3fee14fdcb79dbc4e34
libcxx,CANDIDATE,double,0.501,0.0010000000000000009,seed,10001,target_upper_tail_q,5,1e-06,1e-05,10,0,a three-vector reached the caller,0.0,0.0,0.2588655508930522,one_sided_upper_0.95,true,664d906899b1726ae6d0bd3856483c4590af875a9dfdc3fee14fdcb79dbc4e34
libcxx,QF,double,0.501,0.0010000000000000009,seed,10001,target_upper_tail_q,0,0.1,1.0,899711,506762,a three-vector reached the caller,0.5632497546434355,0.5622241387450615,0.5642749633097963,two_sided_clopper_pearson_0.95,false,664d906899b1726ae6d0bd3856483c4590af875a9dfdc3fee14fdcb79dbc4e34
libcxx,QF,double,0.501,0.0010000000000000009,seed,10001,target_upper_tail_q,1,0.01,0.1,90408,0,a three-vector reached the caller,0.0,0.0,3.3135150000696e-05,one_sided_upper_0.95,true,664d906899b1726ae6d0bd3856483c4590af875a9dfdc3fee14fdcb79dbc4e34
libcxx,QF,double,0.501,0.0010000000000000009,seed,10001,target_upper_tail_q,2,0.001,0.01,8903,0,a three-vector reached the caller,0.0,0.0,0.00033642910474329657,one_sided_upper_0.95,true,664d906899b1726ae6d0bd3856483c4590af875a9dfdc3fee14fdcb79dbc4e34
libcxx,QF,double,0.501,0.0010000000000000009,seed,10001,target_upper_tail_q,3,0.0001,0.001,869,0,a three-vector reached the caller,0.0,0.0,0.0034413976511601385,one_sided_upper_0.95,true,664d906899b1726ae6d0bd3856483c4590af875a9dfdc3fee14fdcb79dbc4e34
libcxx,QF,double,0.501,0.0010000000000000009,seed,10001,target_upper_tail_q,4,1e-05,0.0001,99,0,a three-vector reached the caller,0.0,0.0,0.02980667377335089,one_sided_upper_0.95,true,664d906899b1726ae6d0bd3856483c4590af875a9dfdc3fee14fdcb79dbc4e34
libcxx,QF,double,0.501,0.0010000000000000009,seed,10001,target_upper_tail_q,5,1e-06,1e-05,10,0,a three-vector reached the caller,0.0,0.0,0.2588655508930522,one_sided_upper_0.95,true,664d906899b1726ae6d0bd3856483c4590af875a9dfdc3fee14fdcb79dbc4e34
libcxx,LEGACY,double,0.501,0.0010000000000000009,seed,10002,target_upper_tail_q,0,0.1,1.0,899847,524440,a three-vector reached the caller,0.5828101888432144,0.5817905557229541,0.5838292888704564,two_sided_clopper_pearson_0.95,false,664d906899b1726ae6d0bd3856483c4590af875a9dfdc3fee14fdcb79dbc4e34
libcxx,LEGACY,double,0.501,0.0010000000000000009,seed,10002,target_upper_tail_q,1,0.01,0.1,90108,0,a three-vector reached the caller,0.0,0.0,3.324546628513669e-05,one_sided_upper_0.95,true,664d906899b1726ae6d0bd3856483c4590af875a9dfdc3fee14fdcb79dbc4e34
libcxx,LEGACY,double,0.501,0.0010000000000000009,seed,10002,target_upper_tail_q,2,0.001,0.01,9049,0,a three-vector reached the caller,0.0,0.0,0.00033100192834767395,one_sided_upper_0.95,true,664d906899b1726ae6d0bd3856483c4590af875a9dfdc3fee14fdcb79dbc4e34
libcxx,LEGACY,double,0.501,0.0010000000000000009,seed,10002,target_upper_tail_q,3,0.0001,0.001,891,0,a three-vector reached the caller,0.0,0.0,0.0033565676399440747,one_sided_upper_0.95,true,664d906899b1726ae6d0bd3856483c4590af875a9dfdc3fee14fdcb79dbc4e34
libcxx,LEGACY,double,0.501,0.0010000000000000009,seed,10002,target_upper_tail_q,4,1e-05,0.0001,94,0,a three-vector reached the caller,0.0,0.0,0.03136701207878767,one_sided_upper_0.95,true,664d906899b1726ae6d0bd3856483c4590af875a9dfdc3fee14fdcb79dbc4e34
libcxx,LEGACY,double,0.501,0.0010000000000000009,seed,10002,target_upper_tail_q,5,1e-06,1e-05,9,0,a three-vector reached the caller,0.0,0.0,0.2831288355631134,one_sided_upper_0.95,true,664d906899b1726ae6d0bd3856483c4590af875a9dfdc3fee14fdcb79dbc4e34
libcxx,LEGACY,double,0.501,0.0010000000000000009,seed,10002,target_upper_tail_q,6,1e-08,1e-06,2,0,a three-vector reached the caller,0.0,0.0,0.776393202250021,one_sided_upper_0.95,true,664d906899b1726ae6d0bd3856483c4590af875a9dfdc3fee14fdcb79dbc4e34
libcxx,CANDIDATE,double,0.501,0.0010000000000000009,seed,10002,target_upper_tail_q,0,0.1,1.0,899847,757646,a three-vector reached the caller,0.8419720241329915,0.8412167008844449,0.842725145366757,two_sided_clopper_pearson_0.95,false,664d906899b1726ae6d0bd3856483c4590af875a9dfdc3fee14fdcb79dbc4e34
libcxx,CANDIDATE,double,0.501,0.0010000000000000009,seed,10002,target_upper_tail_q,1,0.01,0.1,90108,0,a three-vector reached the caller,0.0,0.0,3.324546628513669e-05,one_sided_upper_0.95,true,664d906899b1726ae6d0bd3856483c4590af875a9dfdc3fee14fdcb79dbc4e34
libcxx,CANDIDATE,double,0.501,0.0010000000000000009,seed,10002,target_upper_tail_q,2,0.001,0.01,9049,0,a three-vector reached the caller,0.0,0.0,0.00033100192834767395,one_sided_upper_0.95,true,664d906899b1726ae6d0bd3856483c4590af875a9dfdc3fee14fdcb79dbc4e34
libcxx,CANDIDATE,double,0.501,0.0010000000000000009,seed,10002,target_upper_tail_q,3,0.0001,0.001,891,0,a three-vector reached the caller,0.0,0.0,0.0033565676399440747,one_sided_upper_0.95,true,664d906899b1726ae6d0bd3856483c4590af875a9dfdc3fee14fdcb79dbc4e34
libcxx,CANDIDATE,double,0.501,0.0010000000000000009,seed,10002,target_upper_tail_q,4,1e-05,0.0001,94,0,a three-vector reached the caller,0.0,0.0,0.03136701207878767,one_sided_upper_0.95,true,664d906899b1726ae6d0bd3856483c4590af875a9dfdc3fee14fdcb79dbc4e34
libcxx,CANDIDATE,double,0.501,0.0010000000000000009,seed,10002,target_upper_tail_q,5,1e-06,1e-05,9,0,a three-vector reached the caller,0.0,0.0,0.2831288355631134,one_sided_upper_0.95,true,664d906899b1726ae6d0bd3856483c4590af875a9dfdc3fee14fdcb79dbc4e34
libcxx,CANDIDATE,double,0.501,0.0010000000000000009,seed,10002,target_upper_tail_q,6,1e-08,1e-06,2,0,a three-vector reached the caller,0.0,0.0,0.776393202250021,one_sided_upper_0.95,true,664d906899b1726ae6d0bd3856483c4590af875a9dfdc3fee14fdcb79dbc4e34
libcxx,QF,double,0.501,0.0010000000000000009,seed,10002,target_upper_tail_q,0,0.1,1.0,899847,507511,a three-vector reached the caller,0.563996990599513,0.5629716479270968,0.5650219212910952,two_sided_clopper_pearson_0.95,false,664d906899b1726ae6d0bd3856483c4590af875a9dfdc3fee14fdcb79dbc4e34
libcxx,QF,double,0.501,0.0010000000000000009,seed,10002,target_upper_tail_q,1,0.01,0.1,90108,0,a three-vector reached the caller,0.0,0.0,3.324546628513669e-05,one_sided_upper_0.95,true,664d906899b1726ae6d0bd3856483c4590af875a9dfdc3fee14fdcb79dbc4e34
libcxx,QF,double,0.501,0.0010000000000000009,seed,10002,target_upper_tail_q,2,0.001,0.01,9049,0,a three-vector reached the caller,0.0,0.0,0.00033100192834767395,one_sided_upper_0.95,true,664d906899b1726ae6d0bd3856483c4590af875a9dfdc3fee14fdcb79dbc4e34
libcxx,QF,double,0.501,0.0010000000000000009,seed,10002,target_upper_tail_q,3,0.0001,0.001,891,0,a three-vector reached the caller,0.0,0.0,0.0033565676399440747,one_sided_upper_0.95,true,664d906899b1726ae6d0bd3856483c4590af875a9dfdc3fee14fdcb79dbc4e34
libcxx,QF,double,0.501,0.0010000000000000009,seed,10002,target_upper_tail_q,4,1e-05,0.0001,94,0,a three-vector reached the caller,0.0,0.0,0.03136701207878767,one_sided_upper_0.95,true,664d906899b1726ae6d0bd3856483c4590af875a9dfdc3fee14fdcb79dbc4e34
libcxx,QF,double,0.501,0.0010000000000000009,seed,10002,target_upper_tail_q,5,1e-06,1e-05,9,0,a three-vector reached the caller,0.0,0.0,0.2831288355631134,one_sided_upper_0.95,true,664d906899b1726ae6d0bd3856483c4590af875a9dfdc3fee14fdcb79dbc4e34
libcxx,QF,double,0.501,0.0010000000000000009,seed,10002,target_upper_tail_q,6,1e-08,1e-06,2,0,a three-vector reached the caller,0.0,0.0,0.776393202250021,one_sided_upper_0.95,true,664d906899b1726ae6d0bd3856483c4590af875a9dfdc3fee14fdcb79dbc4e34
libcxx,LEGACY,double,0.501,0.0010000000000000009,seed,10003,target_upper_tail_q,0,0.1,1.0,900192,526185,a three-vector reached the caller,0.5845253012690625,0.5835064595446433,0.5855435990677521,two_sided_clopper_pearson_0.95,false,664d906899b1726ae6d0bd3856483c4590af875a9dfdc3fee14fdcb79dbc4e34
libcxx,LEGACY,double,0.501,0.0010000000000000009,seed,10003,target_upper_tail_q,1,0.01,0.1,89725,0,a three-vector reached the caller,0.0,0.0,3.3387375463433955e-05,one_sided_upper_0.95,true,664d906899b1726ae6d0bd3856483c4590af875a9dfdc3fee14fdcb79dbc4e34
libcxx,LEGACY,double,0.501,0.0010000000000000009,seed,10003,target_upper_tail_q,2,0.001,0.01,9036,0,a three-vector reached the caller,0.0,0.0,0.00033147805847277834,one_sided_upper_0.95,true,664d906899b1726ae6d0bd3856483c4590af875a9dfdc3fee14fdcb79dbc4e34
libcxx,LEGACY,double,0.501,0.0010000000000000009,seed,10003,target_upper_tail_q,3,0.0001,0.001,933,0,a three-vector reached the caller,0.0,0.0,0.0032057105880055614,one_sided_upper_0.95,true,664d906899b1726ae6d0bd3856483c4590af875a9dfdc3fee14fdcb79dbc4e34
libcxx,LEGACY,double,0.501,0.0010000000000000009,seed,10003,target_upper_tail_q,4,1e-05,0.0001,99,0,a three-vector reached the caller,0.0,0.0,0.02980667377335089,one_sided_upper_0.95,true,664d906899b1726ae6d0bd3856483c4590af875a9dfdc3fee14fdcb79dbc4e34
libcxx,LEGACY,double,0.501,0.0010000000000000009,seed,10003,target_upper_tail_q,5,1e-06,1e-05,13,0,a three-vector reached the caller,0.0,0.0,0.20581666518655062,one_sided_upper_0.95,true,664d906899b1726ae6d0bd3856483c4590af875a9dfdc3fee14fdcb79dbc4e34
libcxx,LEGACY,double,0.501,0.0010000000000000009,seed,10003,target_upper_tail_q,6,1e-08,1e-06,2,0,a three-vector reached the caller,0.0,0.0,0.776393202250021,one_sided_upper_0.95,true,664d906899b1726ae6d0bd3856483c4590af875a9dfdc3fee14fdcb79dbc4e34
libcxx,CANDIDATE,double,0.501,0.0010000000000000009,seed,10003,target_upper_tail_q,0,0.1,1.0,900192,758802,a three-vector reached the caller,0.8429335075183961,0.8421801932422629,0.8436846144299532,two_sided_clopper_pearson_0.95,false,664d906899b1726ae6d0bd3856483c4590af875a9dfdc3fee14fdcb79dbc4e34
libcxx,CANDIDATE,double,0.501,0.0010000000000000009,seed,10003,target_upper_tail_q,1,0.01,0.1,89725,0,a three-vector reached the caller,0.0,0.0,3.3387375463433955e-05,one_sided_upper_0.95,true,664d906899b1726ae6d0bd3856483c4590af875a9dfdc3fee14fdcb79dbc4e34
libcxx,CANDIDATE,double,0.501,0.0010000000000000009,seed,10003,target_upper_tail_q,2,0.001,0.01,9036,0,a three-vector reached the caller,0.0,0.0,0.00033147805847277834,one_sided_upper_0.95,true,664d906899b1726ae6d0bd3856483c4590af875a9dfdc3fee14fdcb79dbc4e34
libcxx,CANDIDATE,double,0.501,0.0010000000000000009,seed,10003,target_upper_tail_q,3,0.0001,0.001,933,0,a three-vector reached the caller,0.0,0.0,0.0032057105880055614,one_sided_upper_0.95,true,664d906899b1726ae6d0bd3856483c4590af875a9dfdc3fee14fdcb79dbc4e34
libcxx,CANDIDATE,double,0.501,0.0010000000000000009,seed,10003,target_upper_tail_q,4,1e-05,0.0001,99,0,a three-vector reached the caller,0.0,0.0,0.02980667377335089,one_sided_upper_0.95,true,664d906899b1726ae6d0bd3856483c4590af875a9dfdc3fee14fdcb79dbc4e34
libcxx,CANDIDATE,double,0.501,0.0010000000000000009,seed,10003,target_upper_tail_q,5,1e-06,1e-05,13,0,a three-vector reached the caller,0.0,0.0,0.20581666518655062,one_sided_upper_0.95,true,664d906899b1726ae6d0bd3856483c4590af875a9dfdc3fee14fdcb79dbc4e34
libcxx,CANDIDATE,double,0.501,0.0010000000000000009,seed,10003,target_upper_tail_q,6,1e-08,1e-06,2,0,a three-vector reached the caller,0.0,0.0,0.776393202250021,one_sided_upper_0.95,true,664d906899b1726ae6d0bd3856483c4590af875a9dfdc3fee14fdcb79dbc4e34
libcxx,QF,double,0.501,0.0010000000000000009,seed,10003,target_upper_tail_q,0,0.1,1.0,900192,509277,a three-vector reached the caller,0.5657426415697985,0.5647179617686668,0.5667668983145832,two_sided_clopper_pearson_0.95,false,664d906899b1726ae6d0bd3856483c4590af875a9dfdc3fee14fdcb79dbc4e34
libcxx,QF,double,0.501,0.0010000000000000009,seed,10003,target_upper_tail_q,1,0.01,0.1,89725,0,a three-vector reached the caller,0.0,0.0,3.3387375463433955e-05,one_sided_upper_0.95,true,664d906899b1726ae6d0bd3856483c4590af875a9dfdc3fee14fdcb79dbc4e34
libcxx,QF,double,0.501,0.0010000000000000009,seed,10003,target_upper_tail_q,2,0.001,0.01,9036,0,a three-vector reached the caller,0.0,0.0,0.00033147805847277834,one_sided_upper_0.95,true,664d906899b1726ae6d0bd3856483c4590af875a9dfdc3fee14fdcb79dbc4e34
libcxx,QF,double,0.501,0.0010000000000000009,seed,10003,target_upper_tail_q,3,0.0001,0.001,933,0,a three-vector reached the caller,0.0,0.0,0.0032057105880055614,one_sided_upper_0.95,true,664d906899b1726ae6d0bd3856483c4590af875a9dfdc3fee14fdcb79dbc4e34
libcxx,QF,double,0.501,0.0010000000000000009,seed,10003,target_upper_tail_q,4,1e-05,0.0001,99,0,a three-vector reached the caller,0.0,0.0,0.02980667377335089,one_sided_upper_0.95,true,664d906899b1726ae6d0bd3856483c4590af875a9dfdc3fee14fdcb79dbc4e34
libcxx,QF,double,0.501,0.0010000000000000009,seed,10003,target_upper_tail_q,5,1e-06,1e-05,13,0,a three-vector reached the caller,0.0,0.0,0.20581666518655062,one_sided_upper_0.95,true,664d906899b1726ae6d0bd3856483c4590af875a9dfdc3fee14fdcb79dbc4e34
libcxx,QF,double,0.501,0.0010000000000000009,seed,10003,target_upper_tail_q,6,1e-08,1e-06,2,0,a three-vector reached the caller,0.0,0.0,0.776393202250021,one_sided_upper_0.95,true,664d906899b1726ae6d0bd3856483c4590af875a9dfdc3fee14fdcb79dbc4e34
libcxx,LEGACY,double,0.501,0.0010000000000000009,seed,10004,target_upper_tail_q,0,0.1,1.0,900145,525706,a three-vector reached the caller,0.5840236850729604,0.5830046411496215,0.5850421882703312,two_sided_clopper_pearson_0.95,false,664d906899b1726ae6d0bd3856483c4590af875a9dfdc3fee14fdcb79dbc4e34
libcxx,LEGACY,double,0.501,0.0010000000000000009,seed,10004,target_upper_tail_q,1,0.01,0.1,90051,0,a three-vector reached the caller,0.0,0.0,3.3266509472440475e-05,one_sided_upper_0.95,true,664d906899b1726ae6d0bd3856483c4590af875a9dfdc3fee14fdcb79dbc4e34
libcxx,LEGACY,double,0.501,0.0010000000000000009,seed,10004,target_upper_tail_q,2,0.001,0.01,8819,0,a three-vector reached the caller,0.0,0.0,0.000339633010541629,one_sided_upper_0.95,true,664d906899b1726ae6d0bd3856483c4590af875a9dfdc3fee14fdcb79dbc4e34
libcxx,LEGACY,double,0.501,0.0010000000000000009,seed,10004,target_upper_tail_q,3,0.0001,0.001,893,0,a three-vector reached the caller,0.0,0.0,0.0033490627336285606,one_sided_upper_0.95,true,664d906899b1726ae6d0bd3856483c4590af875a9dfdc3fee14fdcb79dbc4e34
libcxx,LEGACY,double,0.501,0.0010000000000000009,seed,10004,target_upper_tail_q,4,1e-05,0.0001,82,0,a three-vector reached the caller,0.0,0.0,0.03587403171067116,one_sided_upper_0.95,true,664d906899b1726ae6d0bd3856483c4590af875a9dfdc3fee14fdcb79dbc4e34
libcxx,LEGACY,double,0.501,0.0010000000000000009,seed,10004,target_upper_tail_q,5,1e-06,1e-05,10,0,a three-vector reached the caller,0.0,0.0,0.2588655508930522,one_sided_upper_0.95,true,664d906899b1726ae6d0bd3856483c4590af875a9dfdc3fee14fdcb79dbc4e34
libcxx,CANDIDATE,double,0.501,0.0010000000000000009,seed,10004,target_upper_tail_q,0,0.1,1.0,900145,758543,a three-vector reached the caller,0.8426897888673491,0.8419359814690014,0.8434413903560005,two_sided_clopper_pearson_0.95,false,664d906899b1726ae6d0bd3856483c4590af875a9dfdc3fee14fdcb79dbc4e34
libcxx,CANDIDATE,double,0.501,0.0010000000000000009,seed,10004,target_upper_tail_q,1,0.01,0.1,90051,0,a three-vector reached the caller,0.0,0.0,3.3266509472440475e-05,one_sided_upper_0.95,true,664d906899b1726ae6d0bd3856483c4590af875a9dfdc3fee14fdcb79dbc4e34
libcxx,CANDIDATE,double,0.501,0.0010000000000000009,seed,10004,target_upper_tail_q,2,0.001,0.01,8819,0,a three-vector reached the caller,0.0,0.0,0.000339633010541629,one_sided_upper_0.95,true,664d906899b1726ae6d0bd3856483c4590af875a9dfdc3fee14fdcb79dbc4e34
libcxx,CANDIDATE,double,0.501,0.0010000000000000009,seed,10004,target_upper_tail_q,3,0.0001,0.001,893,0,a three-vector reached the caller,0.0,0.0,0.0033490627336285606,one_sided_upper_0.95,true,664d906899b1726ae6d0bd3856483c4590af875a9dfdc3fee14fdcb79dbc4e34
libcxx,CANDIDATE,double,0.501,0.0010000000000000009,seed,10004,target_upper_tail_q,4,1e-05,0.0001,82,0,a three-vector reached the caller,0.0,0.0,0.03587403171067116,one_sided_upper_0.95,true,664d906899b1726ae6d0bd3856483c4590af875a9dfdc3fee14fdcb79dbc4e34
libcxx,CANDIDATE,double,0.501,0.0010000000000000009,seed,10004,target_upper_tail_q,5,1e-06,1e-05,10,0,a three-vector reached the caller,0.0,0.0,0.2588655508930522,one_sided_upper_0.95,true,664d906899b1726ae6d0bd3856483c4590af875a9dfdc3fee14fdcb79dbc4e34
libcxx,QF,double,0.501,0.0010000000000000009,seed,10004,target_upper_tail_q,0,0.1,1.0,900145,508670,a three-vector reached the caller,0.5650978453471385,0.5640729650555981,0.5661223067097898,two_sided_clopper_pearson_0.95,false,664d906899b1726ae6d0bd3856483c4590af875a9dfdc3fee14fdcb79dbc4e34
libcxx,QF,double,0.501,0.0010000000000000009,seed,10004,target_upper_tail_q,1,0.01,0.1,90051,0,a three-vector reached the caller,0.0,0.0,3.3266509472440475e-05,one_sided_upper_0.95,true,664d906899b1726ae6d0bd3856483c4590af875a9dfdc3fee14fdcb79dbc4e34
libcxx,QF,double,0.501,0.0010000000000000009,seed,10004,target_upper_tail_q,2,0.001,0.01,8819,0,a three-vector reached the caller,0.0,0.0,0.000339633010541629,one_sided_upper_0.95,true,664d906899b1726ae6d0bd3856483c4590af875a9dfdc3fee14fdcb79dbc4e34
libcxx,QF,double,0.501,0.0010000000000000009,seed,10004,target_upper_tail_q,3,0.0001,0.001,893,0,a three-vector reached the caller,0.0,0.0,0.0033490627336285606,one_sided_upper_0.95,true,664d906899b1726ae6d0bd3856483c4590af875a9dfdc3fee14fdcb79dbc4e34
libcxx,QF,double,0.501,0.0010000000000000009,seed,10004,target_upper_tail_q,4,1e-05,0.0001,82,0,a three-vector reached the caller,0.0,0.0,0.03587403171067116,one_sided_upper_0.95,true,664d906899b1726ae6d0bd3856483c4590af875a9dfdc3fee14fdcb79dbc4e34
libcxx,QF,double,0.501,0.0010000000000000009,seed,10004,target_upper_tail_q,5,1e-06,1e-05,10,0,a three-vector reached the caller,0.0,0.0,0.2588655508930522,one_sided_upper_0.95,true,664d906899b1726ae6d0bd3856483c4590af875a9dfdc3fee14fdcb79dbc4e34
libcxx,LEGACY,double,0.501,0.0010000000000000009,seed,10005,target_upper_tail_q,0,0.1,1.0,900533,524894,a three-vector reached the caller,0.5828703667716786,0.5818511430884366,0.5838890573810279,two_sided_clopper_pearson_0.95,false,664d906899b1726ae6d0bd3856483c4590af875a9dfdc3fee14fdcb79dbc4e34
libcxx,LEGACY,double,0.501,0.0010000000000000009,seed,10005,target_upper_tail_q,1,0.01,0.1,89575,0,a three-vector reached the caller,0.0,0.0,3.344328417209663e-05,one_sided_upper_0.95,true,664d906899b1726ae6d0bd3856483c4590af875a9dfdc3fee14fdcb79dbc4e34
libcxx,LEGACY,double,0.501,0.0010000000000000009,seed,10005,target_upper_tail_q,2,0.001,0.01,8898,0,a three-vector reached the caller,0.0,0.0,0.0003366181205189944,one_sided_upper_0.95,true,664d906899b1726ae6d0bd3856483c4590af875a9dfdc3fee14fdcb79dbc4e34
libcxx,LEGACY,double,0.501,0.0010000000000000009,seed,10005,target_upper_tail_q,3,0.0001,0.001,891,0,a three-vector reached the caller,0.0,0.0,0.0033565676399440747,one_sided_upper_0.95,true,664d906899b1726ae6d0bd3856483c4590af875a9dfdc3fee14fdcb79dbc4e34
libcxx,LEGACY,double,0.501,0.0010000000000000009,seed,10005,target_upper_tail_q,4,1e-05,0.0001,94,0,a three-vector reached the caller,0.0,0.0,0.03136701207878767,one_sided_upper_0.95,true,664d906899b1726ae6d0bd3856483c4590af875a9dfdc3fee14fdcb79dbc4e34
libcxx,LEGACY,double,0.501,0.0010000000000000009,seed,10005,target_upper_tail_q,5,1e-06,1e-05,9,0,a three-vector reached the caller,0.0,0.0,0.2831288355631134,one_sided_upper_0.95,true,664d906899b1726ae6d0bd3856483c4590af875a9dfdc3fee14fdcb79dbc4e34
libcxx,CANDIDATE,double,0.501,0.0010000000000000009,seed,10005,target_upper_tail_q,0,0.1,1.0,900533,758181,a three-vector reached the caller,0.8419247268006836,0.8411696005121222,0.8426776530572949,two_sided_clopper_pearson_0.95,false,664d906899b1726ae6d0bd3856483c4590af875a9dfdc3fee14fdcb79dbc4e34
libcxx,CANDIDATE,double,0.501,0.0010000000000000009,seed,10005,target_upper_tail_q,1,0.01,0.1,89575,0,a three-vector reached the caller,0.0,0.0,3.344328417209663e-05,one_sided_upper_0.95,true,664d906899b1726ae6d0bd3856483c4590af875a9dfdc3fee14fdcb79dbc4e34
libcxx,CANDIDATE,double,0.501,0.0010000000000000009,seed,10005,target_upper_tail_q,2,0.001,0.01,8898,0,a three-vector reached the caller,0.0,0.0,0.0003366181205189944,one_sided_upper_0.95,true,664d906899b1726ae6d0bd3856483c4590af875a9dfdc3fee14fdcb79dbc4e34
libcxx,CANDIDATE,double,0.501,0.0010000000000000009,seed,10005,target_upper_tail_q,3,0.0001,0.001,891,0,a three-vector reached the caller,0.0,0.0,0.0033565676399440747,one_sided_upper_0.95,true,664d906899b1726ae6d0bd3856483c4590af875a9dfdc3fee14fdcb79dbc4e34
libcxx,CANDIDATE,double,0.501,0.0010000000000000009,seed,10005,target_upper_tail_q,4,1e-05,0.0001,94,0,a three-vector reached the caller,0.0,0.0,0.03136701207878767,one_sided_upper_0.95,true,664d906899b1726ae6d0bd3856483c4590af875a9dfdc3fee14fdcb79dbc4e34
libcxx,CANDIDATE,double,0.501,0.0010000000000000009,seed,10005,target_upper_tail_q,5,1e-06,1e-05,9,0,a three-vector reached the caller,0.0,0.0,0.2831288355631134,one_sided_upper_0.95,true,664d906899b1726ae6d0bd3856483c4590af875a9dfdc3fee14fdcb79dbc4e34
libcxx,QF,double,0.501,0.0010000000000000009,seed,10005,target_upper_tail_q,0,0.1,1.0,900533,507979,a three-vector reached the caller,0.5640870462270677,0.5630621181878759,0.5651115620200795,two_sided_clopper_pearson_0.95,false,664d906899b1726ae6d0bd3856483c4590af875a9dfdc3fee14fdcb79dbc4e34
libcxx,QF,double,0.501,0.0010000000000000009,seed,10005,target_upper_tail_q,1,0.01,0.1,89575,0,a three-vector reached the caller,0.0,0.0,3.344328417209663e-05,one_sided_upper_0.95,true,664d906899b1726ae6d0bd3856483c4590af875a9dfdc3fee14fdcb79dbc4e34
libcxx,QF,double,0.501,0.0010000000000000009,seed,10005,target_upper_tail_q,2,0.001,0.01,8898,0,a three-vector reached the caller,0.0,0.0,0.0003366181205189944,one_sided_upper_0.95,true,664d906899b1726ae6d0bd3856483c4590af875a9dfdc3fee14fdcb79dbc4e34
libcxx,QF,double,0.501,0.0010000000000000009,seed,10005,target_upper_tail_q,3,0.0001,0.001,891,0,a three-vector reached the caller,0.0,0.0,0.0033565676399440747,one_sided_upper_0.95,true,664d906899b1726ae6d0bd3856483c4590af875a9dfdc3fee14fdcb79dbc4e34
libcxx,QF,double,0.501,0.0010000000000000009,seed,10005,target_upper_tail_q,4,1e-05,0.0001,94,0,a three-vector reached the caller,0.0,0.0,0.03136701207878767,one_sided_upper_0.95,true,664d906899b1726ae6d0bd3856483c4590af875a9dfdc3fee14fdcb79dbc4e34
libcxx,QF,double,0.501,0.0010000000000000009,seed,10005,target_upper_tail_q,5,1e-06,1e-05,9,0,a three-vector reached the caller,0.0,0.0,0.2831288355631134,one_sided_upper_0.95,true,664d906899b1726ae6d0bd3856483c4590af875a9dfdc3fee14fdcb79dbc4e34
libcxx,LEGACY,double,0.505,0.0050000000000000044,seed,10001,target_upper_tail_q,0,0.1,1.0,899707,899707,a three-vector reached the caller,1.0,0.9999958999186493,1.0,two_sided_clopper_pearson_0.95,false,664d906899b1726ae6d0bd3856483c4590af875a9dfdc3fee14fdcb79dbc4e34
libcxx,LEGACY,double,0.505,0.0050000000000000044,seed,10001,target_upper_tail_q,1,0.01,0.1,90416,76059,a three-vector reached the caller,0.8412117324367369,0.838813013772419,0.8435885391769299,two_sided_clopper_pearson_0.95,false,664d906899b1726ae6d0bd3856483c4590af875a9dfdc3fee14fdcb79dbc4e34
libcxx,LEGACY,double,0.505,0.0050000000000000044,seed,10001,target_upper_tail_q,2,0.001,0.01,8905,0,a three-vector reached the caller,0.0,0.0,0.00033635355785532894,one_sided_upper_0.95,true,664d906899b1726ae6d0bd3856483c4590af875a9dfdc3fee14fdcb79dbc4e34
libcxx,LEGACY,double,0.505,0.0050000000000000044,seed,10001,target_upper_tail_q,3,0.0001,0.001,864,0,a three-vector reached the caller,0.0,0.0,0.0034612786405662233,one_sided_upper_0.95,true,664d906899b1726ae6d0bd3856483c4590af875a9dfdc3fee14fdcb79dbc4e34
libcxx,LEGACY,double,0.505,0.0050000000000000044,seed,10001,target_upper_tail_q,4,1e-05,0.0001,98,0,a three-vector reached the caller,0.0,0.0,0.030106198694773156,one_sided_upper_0.95,true,664d906899b1726ae6d0bd3856483c4590af875a9dfdc3fee14fdcb79dbc4e34
libcxx,LEGACY,double,0.505,0.0050000000000000044,seed,10001,target_upper_tail_q,5,1e-06,1e-05,10,0,a three-vector reached the caller,0.0,0.0,0.2588655508930522,one_sided_upper_0.95,true,664d906899b1726ae6d0bd3856483c4590af875a9dfdc3fee14fdcb79dbc4e34
libcxx,CANDIDATE,double,0.505,0.0050000000000000044,seed,10001,target_upper_tail_q,0,0.1,1.0,899707,899707,a three-vector reached the caller,1.0,0.9999958999186493,1.0,two_sided_clopper_pearson_0.95,false,664d906899b1726ae6d0bd3856483c4590af875a9dfdc3fee14fdcb79dbc4e34
libcxx,CANDIDATE,double,0.505,0.0050000000000000044,seed,10001,target_upper_tail_q,1,0.01,0.1,90416,90416,a three-vector reached the caller,1.0,0.999959201864671,1.0,two_sided_clopper_pearson_0.95,false,664d906899b1726ae6d0bd3856483c4590af875a9dfdc3fee14fdcb79dbc4e34
libcxx,CANDIDATE,double,0.505,0.0050000000000000044,seed,10001,target_upper_tail_q,2,0.001,0.01,8905,8905,a three-vector reached the caller,1.0,0.9995858376750222,1.0,two_sided_clopper_pearson_0.95,false,664d906899b1726ae6d0bd3856483c4590af875a9dfdc3fee14fdcb79dbc4e34
libcxx,CANDIDATE,double,0.505,0.0050000000000000044,seed,10001,target_upper_tail_q,3,0.0001,0.001,864,170,a three-vector reached the caller,0.19675925925925927,0.1707428881008155,0.22486189575644924,two_sided_clopper_pearson_0.95,false,664d906899b1726ae6d0bd3856483c4590af875a9dfdc3fee14fdcb79dbc4e34
libcxx,CANDIDATE,double,0.505,0.0050000000000000044,seed,10001,target_upper_tail_q,4,1e-05,0.0001,98,0,a three-vector reached the caller,0.0,0.0,0.030106198694773156,one_sided_upper_0.95,true,664d906899b1726ae6d0bd3856483c4590af875a9dfdc3fee14fdcb79dbc4e34
libcxx,CANDIDATE,double,0.505,0.0050000000000000044,seed,10001,target_upper_tail_q,5,1e-06,1e-05,10,0,a three-vector reached the caller,0.0,0.0,0.2588655508930522,one_sided_upper_0.95,true,664d906899b1726ae6d0bd3856483c4590af875a9dfdc3fee14fdcb79dbc4e34
libcxx,QF,double,0.505,0.0050000000000000044,seed,10001,target_upper_tail_q,0,0.1,1.0,899707,899707,a three-vector reached the caller,1.0,0.9999958999186493,1.0,two_sided_clopper_pearson_0.95,false,664d906899b1726ae6d0bd3856483c4590af875a9dfdc3fee14fdcb79dbc4e34
libcxx,QF,double,0.505,0.0050000000000000044,seed,10001,target_upper_tail_q,1,0.01,0.1,90416,71292,a three-vector reached the caller,0.7884887630507875,0.7858121103466009,0.7911468955561346,two_sided_clopper_pearson_0.95,false,664d906899b1726ae6d0bd3856483c4590af875a9dfdc3fee14fdcb79dbc4e34
libcxx,QF,double,0.505,0.0050000000000000044,seed,10001,target_upper_tail_q,2,0.001,0.01,8905,0,a three-vector reached the caller,0.0,0.0,0.00033635355785532894,one_sided_upper_0.95,true,664d906899b1726ae6d0bd3856483c4590af875a9dfdc3fee14fdcb79dbc4e34
libcxx,QF,double,0.505,0.0050000000000000044,seed,10001,target_upper_tail_q,3,0.0001,0.001,864,0,a three-vector reached the caller,0.0,0.0,0.0034612786405662233,one_sided_upper_0.95,true,664d906899b1726ae6d0bd3856483c4590af875a9dfdc3fee14fdcb79dbc4e34
libcxx,QF,double,0.505,0.0050000000000000044,seed,10001,target_upper_tail_q,4,1e-05,0.0001,98,0,a three-vector reached the caller,0.0,0.0,0.030106198694773156,one_sided_upper_0.95,true,664d906899b1726ae6d0bd3856483c4590af875a9dfdc3fee14fdcb79dbc4e34
libcxx,QF,double,0.505,0.0050000000000000044,seed,10001,target_upper_tail_q,5,1e-06,1e-05,10,0,a three-vector reached the caller,0.0,0.0,0.2588655508930522,one_sided_upper_0.95,true,664d906899b1726ae6d0bd3856483c4590af875a9dfdc3fee14fdcb79dbc4e34
libcxx,LEGACY,double,0.505,0.0050000000000000044,seed,10002,target_upper_tail_q,0,0.1,1.0,899782,899782,a three-vector reached the caller,1.0,0.9999959002604049,1.0,two_sided_clopper_pearson_0.95,false,664d906899b1726ae6d0bd3856483c4590af875a9dfdc3fee14fdcb79dbc4e34
libcxx,LEGACY,double,0.505,0.0050000000000000044,seed,10002,target_upper_tail_q,1,0.01,0.1,90179,76097,a three-vector reached the caller,0.843843910444782,0.8414580900089356,0.8462075913410351,two_sided_clopper_pearson_0.95,false,664d906899b1726ae6d0bd3856483c4590af875a9dfdc3fee14fdcb79dbc4e34
libcxx,LEGACY,double,0.505,0.0050000000000000044,seed,10002,target_upper_tail_q,2,0.001,0.01,9047,0,a three-vector reached the caller,0.0,0.0,0.00033107509008722946,one_sided_upper_0.95,true,664d906899b1726ae6d0bd3856483c4590af875a9dfdc3fee14fdcb79dbc4e34
libcxx,LEGACY,double,0.505,0.0050000000000000044,seed,10002,target_upper_tail_q,3,0.0001,0.001,890,0,a three-vector reached the caller,0.0,0.0,0.0033603327205327105,one_sided_upper_0.95,true,664d906899b1726ae6d0bd3856483c4590af875a9dfdc3fee14fdcb79dbc4e34
libcxx,LEGACY,double,0.505,0.0050000000000000044,seed,10002,target_upper_tail_q,4,1e-05,0.0001,93,0,a three-vector reached the caller,0.0,0.0,0.03169888899111484,one_sided_upper_0.95,true,664d906899b1726ae6d0bd3856483c4590af875a9dfdc3fee14fdcb79dbc4e34
libcxx,LEGACY,double,0.505,0.0050000000000000044,seed,10002,target_upper_tail_q,5,1e-06,1e-05,7,0,a three-vector reached the caller,0.0,0.0,0.34816365513116077,one_sided_upper_0.95,true,664d906899b1726ae6d0bd3856483c4590af875a9dfdc3fee14fdcb79dbc4e34
libcxx,LEGACY,double,0.505,0.0050000000000000044,seed,10002,target_upper_tail_q,6,1e-08,1e-06,2,0,a three-vector reached the caller,0.0,0.0,0.776393202250021,one_sided_upper_0.95,true,664d906899b1726ae6d0bd3856483c4590af875a9dfdc3fee14fdcb79dbc4e34
libcxx,CANDIDATE,double,0.505,0.0050000000000000044,seed,10002,target_upper_tail_q,0,0.1,1.0,899782,899782,a three-vector reached the caller,1.0,0.9999959002604049,1.0,two_sided_clopper_pearson_0.95,false,664d906899b1726ae6d0bd3856483c4590af875a9dfdc3fee14fdcb79dbc4e34
libcxx,CANDIDATE,double,0.505,0.0050000000000000044,seed,10002,target_upper_tail_q,1,0.01,0.1,90179,90179,a three-vector reached the caller,1.0,0.9999590946450267,1.0,two_sided_clopper_pearson_0.95,false,664d906899b1726ae6d0bd3856483c4590af875a9dfdc3fee14fdcb79dbc4e34
libcxx,CANDIDATE,double,0.505,0.0050000000000000044,seed,10002,target_upper_tail_q,2,0.001,0.01,9047,9047,a three-vector reached the caller,1.0,0.99959233696329,1.0,two_sided_clopper_pearson_0.95,false,664d906899b1726ae6d0bd3856483c4590af875a9dfdc3fee14fdcb79dbc4e34
libcxx,CANDIDATE,double,0.505,0.0050000000000000044,seed,10002,target_upper_tail_q,3,0.0001,0.001,890,188,a three-vector reached the caller,0.21123595505617979,0.18484893319661358,0.23954956566622798,two_sided_clopper_pearson_0.95,false,664d906899b1726ae6d0bd3856483c4590af875a9dfdc3fee14fdcb79dbc4e34
libcxx,CANDIDATE,double,0.505,0.0050000000000000044,seed,10002,target_upper_tail_q,4,1e-05,0.0001,93,0,a three-vector reached the caller,0.0,0.0,0.03169888899111484,one_sided_upper_0.95,true,664d906899b1726ae6d0bd3856483c4590af875a9dfdc3fee14fdcb79dbc4e34
libcxx,CANDIDATE,double,0.505,0.0050000000000000044,seed,10002,target_upper_tail_q,5,1e-06,1e-05,7,0,a three-vector reached the caller,0.0,0.0,0.34816365513116077,one_sided_upper_0.95,true,664d906899b1726ae6d0bd3856483c4590af875a9dfdc3fee14fdcb79dbc4e34
libcxx,CANDIDATE,double,0.505,0.0050000000000000044,seed,10002,target_upper_tail_q,6,1e-08,1e-06,2,0,a three-vector reached the caller,0.0,0.0,0.776393202250021,one_sided_upper_0.95,true,664d906899b1726ae6d0bd3856483c4590af875a9dfdc3fee14fdcb79dbc4e34
libcxx,QF,double,0.505,0.0050000000000000044,seed,10002,target_upper_tail_q,0,0.1,1.0,899782,899782,a three-vector reached the caller,1.0,0.9999959002604049,1.0,two_sided_clopper_pearson_0.95,false,664d906899b1726ae6d0bd3856483c4590af875a9dfdc3fee14fdcb79dbc4e34
libcxx,QF,double,0.505,0.0050000000000000044,seed,10002,target_upper_tail_q,1,0.01,0.1,90179,71232,a three-vector reached the caller,0.7898956519810599,0.7872219297692818,0.7925507145731593,two_sided_clopper_pearson_0.95,false,664d906899b1726ae6d0bd3856483c4590af875a9dfdc3fee14fdcb79dbc4e34
libcxx,QF,double,0.505,0.0050000000000000044,seed,10002,target_upper_tail_q,2,0.001,0.01,9047,0,a three-vector reached the caller,0.0,0.0,0.00033107509008722946,one_sided_upper_0.95,true,664d906899b1726ae6d0bd3856483c4590af875a9dfdc3fee14fdcb79dbc4e34
libcxx,QF,double,0.505,0.0050000000000000044,seed,10002,target_upper_tail_q,3,0.0001,0.001,890,0,a three-vector reached the caller,0.0,0.0,0.0033603327205327105,one_sided_upper_0.95,true,664d906899b1726ae6d0bd3856483c4590af875a9dfdc3fee14fdcb79dbc4e34
libcxx,QF,double,0.505,0.0050000000000000044,seed,10002,target_upper_tail_q,4,1e-05,0.0001,93,0,a three-vector reached the caller,0.0,0.0,0.03169888899111484,one_sided_upper_0.95,true,664d906899b1726ae6d0bd3856483c4590af875a9dfdc3fee14fdcb79dbc4e34
libcxx,QF,double,0.505,0.0050000000000000044,seed,10002,target_upper_tail_q,5,1e-06,1e-05,7,0,a three-vector reached the caller,0.0,0.0,0.34816365513116077,one_sided_upper_0.95,true,664d906899b1726ae6d0bd3856483c4590af875a9dfdc3fee14fdcb79dbc4e34
libcxx,QF,double,0.505,0.0050000000000000044,seed,10002,target_upper_tail_q,6,1e-08,1e-06,2,0,a three-vector reached the caller,0.0,0.0,0.776393202250021,one_sided_upper_0.95,true,664d906899b1726ae6d0bd3856483c4590af875a9dfdc3fee14fdcb79dbc4e34
libcxx,LEGACY,double,0.505,0.0050000000000000044,seed,10003,target_upper_tail_q,0,0.1,1.0,900201,900201,a three-vector reached the caller,1.0,0.9999959021686313,1.0,two_sided_clopper_pearson_0.95,false,664d906899b1726ae6d0bd3856483c4590af875a9dfdc3fee14fdcb79dbc4e34
libcxx,LEGACY,double,0.505,0.0050000000000000044,seed,10003,target_upper_tail_q,1,0.01,0.1,89720,75583,a three-vector reached the caller,0.8424320106999554,0.8400313817334129,0.8448104783156947,two_sided_clopper_pearson_0.95,false,664d906899b1726ae6d0bd3856483c4590af875a9dfdc3fee14fdcb79dbc4e34
libcxx,LEGACY,double,0.505,0.0050000000000000044,seed,10003,target_upper_tail_q,2,0.001,0.01,9040,0,a three-vector reached the caller,0.0,0.0,0.00033133141106667097,one_sided_upper_0.95,true,664d906899b1726ae6d0bd3856483c4590af875a9dfdc3fee14fdcb79dbc4e34
libcxx,LEGACY,double,0.505,0.0050000000000000044,seed,10003,target_upper_tail_q,3,0.0001,0.001,926,0,a three-vector reached the caller,0.0,0.0,0.003229904643831105,one_sided_upper_0.95,true,664d906899b1726ae6d0bd3856483c4590af875a9dfdc3fee14fdcb79dbc4e34
libcxx,LEGACY,double,0.505,0.0050000000000000044,seed,10003,target_upper_tail_q,4,1e-05,0.0001,98,0,a three-vector reached the caller,0.0,0.0,0.030106198694773156,one_sided_upper_0.95,true,664d906899b1726ae6d0bd3856483c4590af875a9dfdc3fee14fdcb79dbc4e34
libcxx,LEGACY,double,0.505,0.0050000000000000044,seed,10003,target_upper_tail_q,5,1e-06,1e-05,13,0,a three-vector reached the caller,0.0,0.0,0.20581666518655062,one_sided_upper_0.95,true,664d906899b1726ae6d0bd3856483c4590af875a9dfdc3fee14fdcb79dbc4e34
libcxx,LEGACY,double,0.505,0.0050000000000000044,seed,10003,target_upper_tail_q,6,1e-08,1e-06,2,0,a three-vector reached the caller,0.0,0.0,0.776393202250021,one_sided_upper_0.95,true,664d906899b1726ae6d0bd3856483c4590af875a9dfdc3fee14fdcb79dbc4e34
libcxx,CANDIDATE,double,0.505,0.0050000000000000044,seed,10003,target_upper_tail_q,0,0.1,1.0,900201,900201,a three-vector reached the caller,1.0,0.9999959021686313,1.0,two_sided_clopper_pearson_0.95,false,664d906899b1726ae6d0bd3856483c4590af875a9dfdc3fee14fdcb79dbc4e34
libcxx,CANDIDATE,double,0.505,0.0050000000000000044,seed,10003,target_upper_tail_q,1,0.01,0.1,89720,89720,a three-vector reached the caller,1.0,0.9999588853809612,1.0,two_sided_clopper_pearson_0.95,false,664d906899b1726ae6d0bd3856483c4590af875a9dfdc3fee14fdcb79dbc4e34
libcxx,CANDIDATE,double,0.505,0.0050000000000000044,seed,10003,target_upper_tail_q,2,0.001,0.01,9040,9040,a three-vector reached the caller,1.0,0.999592021359411,1.0,two_sided_clopper_pearson_0.95,false,664d906899b1726ae6d0bd3856483c4590af875a9dfdc3fee14fdcb79dbc4e34
libcxx,CANDIDATE,double,0.505,0.0050000000000000044,seed,10003,target_upper_tail_q,3,0.0001,0.001,926,180,a three-vector reached the caller,0.19438444924406048,0.16936097775305825,0.22136837254514236,two_sided_clopper_pearson_0.95,false,664d906899b1726ae6d0bd3856483c4590af875a9dfdc3fee14fdcb79dbc4e34
libcxx,CANDIDATE,double,0.505,0.0050000000000000044,seed,10003,target_upper_tail_q,4,1e-05,0.0001,98,0,a three-vector reached the caller,0.0,0.0,0.030106198694773156,one_sided_upper_0.95,true,664d906899b1726ae6d0bd3856483c4590af875a9dfdc3fee14fdcb79dbc4e34
libcxx,CANDIDATE,double,0.505,0.0050000000000000044,seed,10003,target_upper_tail_q,5,1e-06,1e-05,13,0,a three-vector reached the caller,0.0,0.0,0.20581666518655062,one_sided_upper_0.95,true,664d906899b1726ae6d0bd3856483c4590af875a9dfdc3fee14fdcb79dbc4e34
libcxx,CANDIDATE,double,0.505,0.0050000000000000044,seed,10003,target_upper_tail_q,6,1e-08,1e-06,2,0,a three-vector reached the caller,0.0,0.0,0.776393202250021,one_sided_upper_0.95,true,664d906899b1726ae6d0bd3856483c4590af875a9dfdc3fee14fdcb79dbc4e34
libcxx,QF,double,0.505,0.0050000000000000044,seed,10003,target_upper_tail_q,0,0.1,1.0,900201,900201,a three-vector reached the caller,1.0,0.9999959021686313,1.0,two_sided_clopper_pearson_0.95,false,664d906899b1726ae6d0bd3856483c4590af875a9dfdc3fee14fdcb79dbc4e34
libcxx,QF,double,0.505,0.0050000000000000044,seed,10003,target_upper_tail_q,1,0.01,0.1,89720,70891,a three-vector reached the caller,0.7901359786000892,0.7874564997330717,0.7927966866859096,two_sided_clopper_pearson_0.95,false,664d906899b1726ae6d0bd3856483c4590af875a9dfdc3fee14fdcb79dbc4e34
libcxx,QF,double,0.505,0.0050000000000000044,seed,10003,target_upper_tail_q,2,0.001,0.01,9040,0,a three-vector reached the caller,0.0,0.0,0.00033133141106667097,one_sided_upper_0.95,true,664d906899b1726ae6d0bd3856483c4590af875a9dfdc3fee14fdcb79dbc4e34
libcxx,QF,double,0.505,0.0050000000000000044,seed,10003,target_upper_tail_q,3,0.0001,0.001,926,0,a three-vector reached the caller,0.0,0.0,0.003229904643831105,one_sided_upper_0.95,true,664d906899b1726ae6d0bd3856483c4590af875a9dfdc3fee14fdcb79dbc4e34
libcxx,QF,double,0.505,0.0050000000000000044,seed,10003,target_upper_tail_q,4,1e-05,0.0001,98,0,a three-vector reached the caller,0.0,0.0,0.030106198694773156,one_sided_upper_0.95,true,664d906899b1726ae6d0bd3856483c4590af875a9dfdc3fee14fdcb79dbc4e34
libcxx,QF,double,0.505,0.0050000000000000044,seed,10003,target_upper_tail_q,5,1e-06,1e-05,13,0,a three-vector reached the caller,0.0,0.0,0.20581666518655062,one_sided_upper_0.95,true,664d906899b1726ae6d0bd3856483c4590af875a9dfdc3fee14fdcb79dbc4e34
libcxx,QF,double,0.505,0.0050000000000000044,seed,10003,target_upper_tail_q,6,1e-08,1e-06,2,0,a three-vector reached the caller,0.0,0.0,0.776393202250021,one_sided_upper_0.95,true,664d906899b1726ae6d0bd3856483c4590af875a9dfdc3fee14fdcb79dbc4e34
libcxx,LEGACY,double,0.505,0.0050000000000000044,seed,10004,target_upper_tail_q,0,0.1,1.0,900114,900114,a three-vector reached the caller,1.0,0.9999959017725586,1.0,two_sided_clopper_pearson_0.95,false,664d906899b1726ae6d0bd3856483c4590af875a9dfdc3fee14fdcb79dbc4e34
libcxx,LEGACY,double,0.505,0.0050000000000000044,seed,10004,target_upper_tail_q,1,0.01,0.1,90089,75794,a three-vector reached the caller,0.8413235800153182,0.8389211604231148,0.8437040007997851,two_sided_clopper_pearson_0.95,false,664d906899b1726ae6d0bd3856483c4590af875a9dfdc3fee14fdcb79dbc4e34
libcxx,LEGACY,double,0.505,0.0050000000000000044,seed,10004,target_upper_tail_q,2,0.001,0.01,8813,0,a three-vector reached the caller,0.0,0.0,0.00033986419762177533,one_sided_upper_0.95,true,664d906899b1726ae6d0bd3856483c4590af875a9dfdc3fee14fdcb79dbc4e34
libcxx,LEGACY,double,0.505,0.0050000000000000044,seed,10004,target_upper_tail_q,3,0.0001,0.001,892,0,a three-vector reached the caller,0.0,0.0,0.003352810987064414,one_sided_upper_0.95,true,664d906899b1726ae6d0bd3856483c4590af875a9dfdc3fee14fdcb79dbc4e34
libcxx,LEGACY,double,0.505,0.0050000000000000044,seed,10004,target_upper_tail_q,4,1e-05,0.0001,82,0,a three-vector reached the caller,0.0,0.0,0.03587403171067116,one_sided_upper_0.95,true,664d906899b1726ae6d0bd3856483c4590af875a9dfdc3fee14fdcb79dbc4e34
libcxx,LEGACY,double,0.505,0.0050000000000000044,seed,10004,target_upper_tail_q,5,1e-06,1e-05,10,0,a three-vector reached the caller,0.0,0.0,0.2588655508930522,one_sided_upper_0.95,true,664d906899b1726ae6d0bd3856483c4590af875a9dfdc3fee14fdcb79dbc4e34
libcxx,CANDIDATE,double,0.505,0.0050000000000000044,seed,10004,target_upper_tail_q,0,0.1,1.0,900114,900114,a three-vector reached the caller,1.0,0.9999959017725586,1.0,two_sided_clopper_pearson_0.95,false,664d906899b1726ae6d0bd3856483c4590af875a9dfdc3fee14fdcb79dbc4e34
libcxx,CANDIDATE,double,0.505,0.0050000000000000044,seed,10004,target_upper_tail_q,1,0.01,0.1,90089,90089,a three-vector reached the caller,1.0,0.9999590537809192,1.0,two_sided_clopper_pearson_0.95,false,664d906899b1726ae6d0bd3856483c4590af875a9dfdc3fee14fdcb79dbc4e34
libcxx,CANDIDATE,double,0.505,0.0050000000000000044,seed,10004,target_upper_tail_q,2,0.001,0.01,8813,8813,a three-vector reached the caller,1.0,0.9995815150879304,1.0,two_sided_clopper_pearson_0.95,false,664d906899b1726ae6d0bd3856483c4590af875a9dfdc3fee14fdcb79dbc4e34
libcxx,CANDIDATE,double,0.505,0.0050000000000000044,seed,10004,target_upper_tail_q,3,0.0001,0.001,892,204,a three-vector reached the caller,0.22869955156950672,0.20151020753758336,0.25769352776281645,two_sided_clopper_pearson_0.95,false,664d906899b1726ae6d0bd3856483c4590af875a9dfdc3fee14fdcb79dbc4e34
libcxx,CANDIDATE,double,0.505,0.0050000000000000044,seed,10004,target_upper_tail_q,4,1e-05,0.0001,82,0,a three-vector reached the caller,0.0,0.0,0.03587403171067116,one_sided_upper_0.95,true,664d906899b1726ae6d0bd3856483c4590af875a9dfdc3fee14fdcb79dbc4e34
libcxx,CANDIDATE,double,0.505,0.0050000000000000044,seed,10004,target_upper_tail_q,5,1e-06,1e-05,10,0,a three-vector reached the caller,0.0,0.0,0.2588655508930522,one_sided_upper_0.95,true,664d906899b1726ae6d0bd3856483c4590af875a9dfdc3fee14fdcb79dbc4e34
libcxx,QF,double,0.505,0.0050000000000000044,seed,10004,target_upper_tail_q,0,0.1,1.0,900114,900114,a three-vector reached the caller,1.0,0.9999959017725586,1.0,two_sided_clopper_pearson_0.95,false,664d906899b1726ae6d0bd3856483c4590af875a9dfdc3fee14fdcb79dbc4e34
libcxx,QF,double,0.505,0.0050000000000000044,seed,10004,target_upper_tail_q,1,0.01,0.1,90089,71162,a three-vector reached the caller,0.7899077578838704,0.787232748909802,0.7925640877906002,two_sided_clopper_pearson_0.95,false,664d906899b1726ae6d0bd3856483c4590af875a9dfdc3fee14fdcb79dbc4e34
libcxx,QF,double,0.505,0.0050000000000000044,seed,10004,target_upper_tail_q,2,0.001,0.01,8813,0,a three-vector reached the caller,0.0,0.0,0.00033986419762177533,one_sided_upper_0.95,true,664d906899b1726ae6d0bd3856483c4590af875a9dfdc3fee14fdcb79dbc4e34
libcxx,QF,double,0.505,0.0050000000000000044,seed,10004,target_upper_tail_q,3,0.0001,0.001,892,0,a three-vector reached the caller,0.0,0.0,0.003352810987064414,one_sided_upper_0.95,true,664d906899b1726ae6d0bd3856483c4590af875a9dfdc3fee14fdcb79dbc4e34
libcxx,QF,double,0.505,0.0050000000000000044,seed,10004,target_upper_tail_q,4,1e-05,0.0001,82,0,a three-vector reached the caller,0.0,0.0,0.03587403171067116,one_sided_upper_0.95,true,664d906899b1726ae6d0bd3856483c4590af875a9dfdc3fee14fdcb79dbc4e34
libcxx,QF,double,0.505,0.0050000000000000044,seed,10004,target_upper_tail_q,5,1e-06,1e-05,10,0,a three-vector reached the caller,0.0,0.0,0.2588655508930522,one_sided_upper_0.95,true,664d906899b1726ae6d0bd3856483c4590af875a9dfdc3fee14fdcb79dbc4e34
libcxx,LEGACY,double,0.505,0.0050000000000000044,seed,10005,target_upper_tail_q,0,0.1,1.0,900566,900566,a three-vector reached the caller,1.0,0.9999959038294817,1.0,two_sided_clopper_pearson_0.95,false,664d906899b1726ae6d0bd3856483c4590af875a9dfdc3fee14fdcb79dbc4e34
libcxx,LEGACY,double,0.505,0.0050000000000000044,seed,10005,target_upper_tail_q,1,0.01,0.1,89562,75244,a three-vector reached the caller,0.8401330921596213,0.8377163451906133,0.8425277880644125,two_sided_clopper_pearson_0.95,false,664d906899b1726ae6d0bd3856483c4590af875a9dfdc3fee14fdcb79dbc4e34
libcxx,LEGACY,double,0.505,0.0050000000000000044,seed,10005,target_upper_tail_q,2,0.001,0.01,8888,0,a three-vector reached the caller,0.0,0.0,0.0003369967899548021,one_sided_upper_0.95,true,664d906899b1726ae6d0bd3856483c4590af875a9dfdc3fee14fdcb79dbc4e34
libcxx,LEGACY,double,0.505,0.0050000000000000044,seed,10005,target_upper_tail_q,3,0.0001,0.001,879,0,a three-vector reached the caller,0.0,0.0,0.003402313048133321,one_sided_upper_0.95,true,664d906899b1726ae6d0bd3856483c4590af875a9dfdc3fee14fdcb79dbc4e34
libcxx,LEGACY,double,0.505,0.0050000000000000044,seed,10005,target_upper_tail_q,4,1e-05,0.0001,96,0,a three-vector reached the caller,0.0,0.0,0.03072367683353283,one_sided_upper_0.95,true,664d906899b1726ae6d0bd3856483c4590af875a9dfdc3fee14fdcb79dbc4e34
libcxx,LEGACY,double,0.505,0.0050000000000000044,seed,10005,target_upper_tail_q,5,1e-06,1e-05,9,0,a three-vector reached the caller,0.0,0.0,0.2831288355631134,one_sided_upper_0.95,true,664d906899b1726ae6d0bd3856483c4590af875a9dfdc3fee14fdcb79dbc4e34
libcxx,CANDIDATE,double,0.505,0.0050000000000000044,seed,10005,target_upper_tail_q,0,0.1,1.0,900566,900566,a three-vector reached the caller,1.0,0.9999959038294817,1.0,two_sided_clopper_pearson_0.95,false,664d906899b1726ae6d0bd3856483c4590af875a9dfdc3fee14fdcb79dbc4e34
libcxx,CANDIDATE,double,0.505,0.0050000000000000044,seed,10005,target_upper_tail_q,1,0.01,0.1,89562,89562,a three-vector reached the caller,1.0,0.9999588128504681,1.0,two_sided_clopper_pearson_0.95,false,664d906899b1726ae6d0bd3856483c4590af875a9dfdc3fee14fdcb79dbc4e34
libcxx,CANDIDATE,double,0.505,0.0050000000000000044,seed,10005,target_upper_tail_q,2,0.001,0.01,8888,8888,a three-vector reached the caller,1.0,0.9995850456747379,1.0,two_sided_clopper_pearson_0.95,false,664d906899b1726ae6d0bd3856483c4590af875a9dfdc3fee14fdcb79dbc4e34
libcxx,CANDIDATE,double,0.505,0.0050000000000000044,seed,10005,target_upper_tail_q,3,0.0001,0.001,879,156,a three-vector reached the caller,0.17747440273037543,0.15276261723072482,0.2043692139789907,two_sided_clopper_pearson_0.95,false,664d906899b1726ae6d0bd3856483c4590af875a9dfdc3fee14fdcb79dbc4e34
libcxx,CANDIDATE,double,0.505,0.0050000000000000044,seed,10005,target_upper_tail_q,4,1e-05,0.0001,96,0,a three-vector reached the caller,0.0,0.0,0.03072367683353283,one_sided_upper_0.95,true,664d906899b1726ae6d0bd3856483c4590af875a9dfdc3fee14fdcb79dbc4e34
libcxx,CANDIDATE,double,0.505,0.0050000000000000044,seed,10005,target_upper_tail_q,5,1e-06,1e-05,9,0,a three-vector reached the caller,0.0,0.0,0.2831288355631134,one_sided_upper_0.95,true,664d906899b1726ae6d0bd3856483c4590af875a9dfdc3fee14fdcb79dbc4e34
libcxx,QF,double,0.505,0.0050000000000000044,seed,10005,target_upper_tail_q,0,0.1,1.0,900566,900566,a three-vector reached the caller,1.0,0.9999959038294817,1.0,two_sided_clopper_pearson_0.95,false,664d906899b1726ae6d0bd3856483c4590af875a9dfdc3fee14fdcb79dbc4e34
libcxx,QF,double,0.505,0.0050000000000000044,seed,10005,target_upper_tail_q,1,0.01,0.1,89562,70578,a three-vector reached the caller,0.7880351041736451,0.7853435682773453,0.7907079724764737,two_sided_clopper_pearson_0.95,false,664d906899b1726ae6d0bd3856483c4590af875a9dfdc3fee14fdcb79dbc4e34
libcxx,QF,double,0.505,0.0050000000000000044,seed,10005,target_upper_tail_q,2,0.001,0.01,8888,0,a three-vector reached the caller,0.0,0.0,0.0003369967899548021,one_sided_upper_0.95,true,664d906899b1726ae6d0bd3856483c4590af875a9dfdc3fee14fdcb79dbc4e34
libcxx,QF,double,0.505,0.0050000000000000044,seed,10005,target_upper_tail_q,3,0.0001,0.001,879,0,a three-vector reached the caller,0.0,0.0,0.003402313048133321,one_sided_upper_0.95,true,664d906899b1726ae6d0bd3856483c4590af875a9dfdc3fee14fdcb79dbc4e34
libcxx,QF,double,0.505,0.0050000000000000044,seed,10005,target_upper_tail_q,4,1e-05,0.0001,96,0,a three-vector reached the caller,0.0,0.0,0.03072367683353283,one_sided_upper_0.95,true,664d906899b1726ae6d0bd3856483c4590af875a9dfdc3fee14fdcb79dbc4e34
libcxx,QF,double,0.505,0.0050000000000000044,seed,10005,target_upper_tail_q,5,1e-06,1e-05,9,0,a three-vector reached the caller,0.0,0.0,0.2831288355631134,one_sided_upper_0.95,true,664d906899b1726ae6d0bd3856483c4590af875a9dfdc3fee14fdcb79dbc4e34
libcxx,LEGACY,double,0.51,0.010000000000000009,seed,10001,target_upper_tail_q,0,0.1,1.0,899700,899700,a three-vector reached the caller,1.0,0.9999958998867493,1.0,two_sided_clopper_pearson_0.95,false,664d906899b1726ae6d0bd3856483c4590af875a9dfdc3fee14fdcb79dbc4e34
libcxx,LEGACY,double,0.51,0.010000000000000009,seed,10001,target_upper_tail_q,1,0.01,0.1,90409,90409,a three-vector reached the caller,1.0,0.9999591987059023,1.0,two_sided_clopper_pearson_0.95,false,664d906899b1726ae6d0bd3856483c4590af875a9dfdc3fee14fdcb79dbc4e34
libcxx,LEGACY,double,0.51,0.010000000000000009,seed,10001,target_upper_tail_q,2,0.001,0.01,8910,8910,a three-vector reached the caller,1.0,0.9995860700412377,1.0,two_sided_clopper_pearson_0.95,false,664d906899b1726ae6d0bd3856483c4590af875a9dfdc3fee14fdcb79dbc4e34
libcxx,LEGACY,double,0.51,0.010000000000000009,seed,10001,target_upper_tail_q,3,0.0001,0.001,871,430,a three-vector reached the caller,0.4936854190585534,0.4599780141425678,0.5274356727495753,two_sided_clopper_pearson_0.95,false,664d906899b1726ae6d0bd3856483c4590af875a9dfdc3fee14fdcb79dbc4e34
libcxx,LEGACY,double,0.51,0.010000000000000009,seed,10001,target_upper_tail_q,4,1e-05,0.0001,99,0,a three-vector reached the caller,0.0,0.0,0.02980667377335089,one_sided_upper_0.95,true,664d906899b1726ae6d0bd3856483c4590af875a9dfdc3fee14fdcb79dbc4e34
libcxx,LEGACY,double,0.51,0.010000000000000009,seed,10001,target_upper_tail_q,5,1e-06,1e-05,11,0,a three-vector reached the caller,0.0,0.0,0.2384041903808526,one_sided_upper_0.95,true,664d906899b1726ae6d0bd3856483c4590af875a9dfdc3fee14fdcb79dbc4e34
libcxx,CANDIDATE,double,0.51,0.010000000000000009,seed,10001,target_upper_tail_q,0,0.1,1.0,899700,899700,a three-vector reached the caller,1.0,0.9999958998867493,1.0,two_sided_clopper_pearson_0.95,false,664d906899b1726ae6d0bd3856483c4590af875a9dfdc3fee14fdcb79dbc4e34
libcxx,CANDIDATE,double,0.51,0.010000000000000009,seed,10001,target_upper_tail_q,1,0.01,0.1,90409,90409,a three-vector reached the caller,1.0,0.9999591987059023,1.0,two_sided_clopper_pearson_0.95,false,664d906899b1726ae6d0bd3856483c4590af875a9dfdc3fee14fdcb79dbc4e34
libcxx,CANDIDATE,double,0.51,0.010000000000000009,seed,10001,target_upper_tail_q,2,0.001,0.01,8910,8910,a three-vector reached the caller,1.0,0.9995860700412377,1.0,two_sided_clopper_pearson_0.95,false,664d906899b1726ae6d0bd3856483c4590af875a9dfdc3fee14fdcb79dbc4e34
libcxx,CANDIDATE,double,0.51,0.010000000000000009,seed,10001,target_upper_tail_q,3,0.0001,0.001,871,871,a three-vector reached the caller,1.0,0.9957737326562556,1.0,two_sided_clopper_pearson_0.95,false,664d906899b1726ae6d0bd3856483c4590af875a9dfdc3fee14fdcb79dbc4e34
libcxx,CANDIDATE,double,0.51,0.010000000000000009,seed,10001,target_upper_tail_q,4,1e-05,0.0001,99,99,a three-vector reached the caller,1.0,0.9634242550165211,1.0,two_sided_clopper_pearson_0.95,false,664d906899b1726ae6d0bd3856483c4590af875a9dfdc3fee14fdcb79dbc4e34
libcxx,CANDIDATE,double,0.51,0.010000000000000009,seed,10001,target_upper_tail_q,5,1e-06,1e-05,11,11,a three-vector reached the caller,1.0,0.7150858470818456,1.0,two_sided_clopper_pearson_0.95,false,664d906899b1726ae6d0bd3856483c4590af875a9dfdc3fee14fdcb79dbc4e34
libcxx,QF,double,0.51,0.010000000000000009,seed,10001,target_upper_tail_q,0,0.1,1.0,899700,899700,a three-vector reached the caller,1.0,0.9999958998867493,1.0,two_sided_clopper_pearson_0.95,false,664d906899b1726ae6d0bd3856483c4590af875a9dfdc3fee14fdcb79dbc4e34
libcxx,QF,double,0.51,0.010000000000000009,seed,10001,target_upper_tail_q,1,0.01,0.1,90409,90409,a three-vector reached the caller,1.0,0.9999591987059023,1.0,two_sided_clopper_pearson_0.95,false,664d906899b1726ae6d0bd3856483c4590af875a9dfdc3fee14fdcb79dbc4e34
libcxx,QF,double,0.51,0.010000000000000009,seed,10001,target_upper_tail_q,2,0.001,0.01,8910,8910,a three-vector reached the caller,1.0,0.9995860700412377,1.0,two_sided_clopper_pearson_0.95,false,664d906899b1726ae6d0bd3856483c4590af875a9dfdc3fee14fdcb79dbc4e34
libcxx,QF,double,0.51,0.010000000000000009,seed,10001,target_upper_tail_q,3,0.0001,0.001,871,166,a three-vector reached the caller,0.19058553386911595,0.1650099236087581,0.21827327313946668,two_sided_clopper_pearson_0.95,false,664d906899b1726ae6d0bd3856483c4590af875a9dfdc3fee14fdcb79dbc4e34
libcxx,QF,double,0.51,0.010000000000000009,seed,10001,target_upper_tail_q,4,1e-05,0.0001,99,0,a three-vector reached the caller,0.0,0.0,0.02980667377335089,one_sided_upper_0.95,true,664d906899b1726ae6d0bd3856483c4590af875a9dfdc3fee14fdcb79dbc4e34
libcxx,QF,double,0.51,0.010000000000000009,seed,10001,target_upper_tail_q,5,1e-06,1e-05,11,0,a three-vector reached the caller,0.0,0.0,0.2384041903808526,one_sided_upper_0.95,true,664d906899b1726ae6d0bd3856483c4590af875a9dfdc3fee14fdcb79dbc4e34
libcxx,LEGACY,double,0.51,0.010000000000000009,seed,10002,target_upper_tail_q,0,0.1,1.0,899842,899842,a three-vector reached the caller,1.0,0.9999959005337683,1.0,two_sided_clopper_pearson_0.95,false,664d906899b1726ae6d0bd3856483c4590af875a9dfdc3fee14fdcb79dbc4e34
libcxx,LEGACY,double,0.51,0.010000000000000009,seed,10002,target_upper_tail_q,1,0.01,0.1,90108,90108,a three-vector reached the caller,1.0,0.9999590624145838,1.0,two_sided_clopper_pearson_0.95,false,664d906899b1726ae6d0bd3856483c4590af875a9dfdc3fee14fdcb79dbc4e34
libcxx,LEGACY,double,0.51,0.010000000000000009,seed,10002,target_upper_tail_q,2,0.001,0.01,9046,9046,a three-vector reached the caller,1.0,0.9995922919069201,1.0,two_sided_clopper_pearson_0.95,false,664d906899b1726ae6d0bd3856483c4590af875a9dfdc3fee14fdcb79dbc4e34
libcxx,LEGACY,double,0.51,0.010000000000000009,seed,10002,target_upper_tail_q,3,0.0001,0.001,905,413,a three-vector reached the caller,0.456353591160221,0.4235371850584898,0.4894549633021347,two_sided_clopper_pearson_0.95,false,664d906899b1726ae6d0bd3856483c4590af875a9dfdc3fee14fdcb79dbc4e34
libcxx,LEGACY,double,0.51,0.010000000000000009,seed,10002,target_upper_tail_q,4,1e-05,0.0001,90,0,a three-vector reached the caller,0.0,0.0,0.032738033833534574,one_sided_upper_0.95,true,664d906899b1726ae6d0bd3856483c4590af875a9dfdc3fee14fdcb79dbc4e34
libcxx,LEGACY,double,0.51,0.010000000000000009,seed,10002,target_upper_tail_q,5,1e-06,1e-05,7,0,a three-vector reached the caller,0.0,0.0,0.34816365513116077,one_sided_upper_0.95,true,664d906899b1726ae6d0bd3856483c4590af875a9dfdc3fee14fdcb79dbc4e34
libcxx,LEGACY,double,0.51,0.010000000000000009,seed,10002,target_upper_tail_q,6,1e-08,1e-06,2,0,a three-vector reached the caller,0.0,0.0,0.776393202250021,one_sided_upper_0.95,true,664d906899b1726ae6d0bd3856483c4590af875a9dfdc3fee14fdcb79dbc4e34
libcxx,CANDIDATE,double,0.51,0.010000000000000009,seed,10002,target_upper_tail_q,0,0.1,1.0,899842,899842,a three-vector reached the caller,1.0,0.9999959005337683,1.0,two_sided_clopper_pearson_0.95,false,664d906899b1726ae6d0bd3856483c4590af875a9dfdc3fee14fdcb79dbc4e34
libcxx,CANDIDATE,double,0.51,0.010000000000000009,seed,10002,target_upper_tail_q,1,0.01,0.1,90108,90108,a three-vector reached the caller,1.0,0.9999590624145838,1.0,two_sided_clopper_pearson_0.95,false,664d906899b1726ae6d0bd3856483c4590af875a9dfdc3fee14fdcb79dbc4e34
libcxx,CANDIDATE,double,0.51,0.010000000000000009,seed,10002,target_upper_tail_q,2,0.001,0.01,9046,9046,a three-vector reached the caller,1.0,0.9995922919069201,1.0,two_sided_clopper_pearson_0.95,false,664d906899b1726ae6d0bd3856483c4590af875a9dfdc3fee14fdcb79dbc4e34
libcxx,CANDIDATE,double,0.51,0.010000000000000009,seed,10002,target_upper_tail_q,3,0.0001,0.001,905,905,a three-vector reached the caller,1.0,0.9959321861661735,1.0,two_sided_clopper_pearson_0.95,false,664d906899b1726ae6d0bd3856483c4590af875a9dfdc3fee14fdcb79dbc4e34
libcxx,CANDIDATE,double,0.51,0.010000000000000009,seed,10002,target_upper_tail_q,4,1e-05,0.0001,90,90,a three-vector reached the caller,1.0,0.9598410803842253,1.0,two_sided_clopper_pearson_0.95,false,664d906899b1726ae6d0bd3856483c4590af875a9dfdc3fee14fdcb79dbc4e34
libcxx,CANDIDATE,double,0.51,0.010000000000000009,seed,10002,target_upper_tail_q,5,1e-06,1e-05,7,7,a three-vector reached the caller,1.0,0.5903836027749967,1.0,two_sided_clopper_pearson_0.95,false,664d906899b1726ae6d0bd3856483c4590af875a9dfdc3fee14fdcb79dbc4e34
libcxx,CANDIDATE,double,0.51,0.010000000000000009,seed,10002,target_upper_tail_q,6,1e-08,1e-06,2,0,a three-vector reached the caller,0.0,0.0,0.776393202250021,one_sided_upper_0.95,true,664d906899b1726ae6d0bd3856483c4590af875a9dfdc3fee14fdcb79dbc4e34
libcxx,QF,double,0.51,0.010000000000000009,seed,10002,target_upper_tail_q,0,0.1,1.0,899842,899842,a three-vector reached the caller,1.0,0.9999959005337683,1.0,two_sided_clopper_pearson_0.95,false,664d906899b1726ae6d0bd3856483c4590af875a9dfdc3fee14fdcb79dbc4e34
libcxx,QF,double,0.51,0.010000000000000009,seed,10002,target_upper_tail_q,1,0.01,0.1,90108,90108,a three-vector reached the caller,1.0,0.9999590624145838,1.0,two_sided_clopper_pearson_0.95,false,664d906899b1726ae6d0bd3856483c4590af875a9dfdc3fee14fdcb79dbc4e34
libcxx,QF,double,0.51,0.010000000000000009,seed,10002,target_upper_tail_q,2,0.001,0.01,9046,9046,a three-vector reached the caller,1.0,0.9995922919069201,1.0,two_sided_clopper_pearson_0.95,false,664d906899b1726ae6d0bd3856483c4590af875a9dfdc3fee14fdcb79dbc4e34
libcxx,QF,double,0.51,0.010000000000000009,seed,10002,target_upper_tail_q,3,0.0001,0.001,905,180,a three-vector reached the caller,0.19889502762430938,0.1733502688323216,0.2264162003093942,two_sided_clopper_pearson_0.95,false,664d906899b1726ae6d0bd3856483c4590af875a9dfdc3fee14fdcb79dbc4e34
libcxx,QF,double,0.51,0.010000000000000009,seed,10002,target_upper_tail_q,4,1e-05,0.0001,90,0,a three-vector reached the caller,0.0,0.0,0.032738033833534574,one_sided_upper_0.95,true,664d906899b1726ae6d0bd3856483c4590af875a9dfdc3fee14fdcb79dbc4e34
libcxx,QF,double,0.51,0.010000000000000009,seed,10002,target_upper_tail_q,5,1e-06,1e-05,7,0,a three-vector reached the caller,0.0,0.0,0.34816365513116077,one_sided_upper_0.95,true,664d906899b1726ae6d0bd3856483c4590af875a9dfdc3fee14fdcb79dbc4e34
libcxx,QF,double,0.51,0.010000000000000009,seed,10002,target_upper_tail_q,6,1e-08,1e-06,2,0,a three-vector reached the caller,0.0,0.0,0.776393202250021,one_sided_upper_0.95,true,664d906899b1726ae6d0bd3856483c4590af875a9dfdc3fee14fdcb79dbc4e34
libcxx,LEGACY,double,0.51,0.010000000000000009,seed,10003,target_upper_tail_q,0,0.1,1.0,900192,900192,a three-vector reached the caller,1.0,0.9999959021276619,1.0,two_sided_clopper_pearson_0.95,false,664d906899b1726ae6d0bd3856483c4590af875a9dfdc3fee14fdcb79dbc4e34
libcxx,LEGACY,double,0.51,0.010000000000000009,seed,10003,target_upper_tail_q,1,0.01,0.1,89717,89717,a three-vector reached the caller,1.0,0.9999588840061792,1.0,two_sided_clopper_pearson_0.95,false,664d906899b1726ae6d0bd3856483c4590af875a9dfdc3fee14fdcb79dbc4e34
libcxx,LEGACY,double,0.51,0.010000000000000009,seed,10003,target_upper_tail_q,2,0.001,0.01,9051,9051,a three-vector reached the caller,1.0,0.9995925170892286,1.0,two_sided_clopper_pearson_0.95,false,664d906899b1726ae6d0bd3856483c4590af875a9dfdc3fee14fdcb79dbc4e34
libcxx,LEGACY,double,0.51,0.010000000000000009,seed,10003,target_upper_tail_q,3,0.0001,0.001,930,430,a three-vector reached the caller,0.46236559139784944,0.4299469733676633,0.4950232532622771,two_sided_clopper_pearson_0.95,false,664d906899b1726ae6d0bd3856483c4590af875a9dfdc3fee14fdcb79dbc4e34
libcxx,LEGACY,double,0.51,0.010000000000000009,seed,10003,target_upper_tail_q,4,1e-05,0.0001,94,0,a three-vector reached the caller,0.0,0.0,0.03136701207878767,one_sided_upper_0.95,true,664d906899b1726ae6d0bd3856483c4590af875a9dfdc3fee14fdcb79dbc4e34
libcxx,LEGACY,double,0.51,0.010000000000000009,seed,10003,target_upper_tail_q,5,1e-06,1e-05,14,0,a three-vector reached the caller,0.0,0.0,0.19263617565013524,one_sided_upper_0.95,true,664d906899b1726ae6d0bd3856483c4590af875a9dfdc3fee14fdcb79dbc4e34
libcxx,LEGACY,double,0.51,0.010000000000000009,seed,10003,target_upper_tail_q,6,1e-08,1e-06,2,0,a three-vector reached the caller,0.0,0.0,0.776393202250021,one_sided_upper_0.95,true,664d906899b1726ae6d0bd3856483c4590af875a9dfdc3fee14fdcb79dbc4e34
libcxx,CANDIDATE,double,0.51,0.010000000000000009,seed,10003,target_upper_tail_q,0,0.1,1.0,900192,900192,a three-vector reached the caller,1.0,0.9999959021276619,1.0,two_sided_clopper_pearson_0.95,false,664d906899b1726ae6d0bd3856483c4590af875a9dfdc3fee14fdcb79dbc4e34
libcxx,CANDIDATE,double,0.51,0.010000000000000009,seed,10003,target_upper_tail_q,1,0.01,0.1,89717,89717,a three-vector reached the caller,1.0,0.9999588840061792,1.0,two_sided_clopper_pearson_0.95,false,664d906899b1726ae6d0bd3856483c4590af875a9dfdc3fee14fdcb79dbc4e34
libcxx,CANDIDATE,double,0.51,0.010000000000000009,seed,10003,target_upper_tail_q,2,0.001,0.01,9051,9051,a three-vector reached the caller,1.0,0.9995925170892286,1.0,two_sided_clopper_pearson_0.95,false,664d906899b1726ae6d0bd3856483c4590af875a9dfdc3fee14fdcb79dbc4e34
libcxx,CANDIDATE,double,0.51,0.010000000000000009,seed,10003,target_upper_tail_q,3,0.0001,0.001,930,930,a three-vector reached the caller,1.0,0.9960413192697497,1.0,two_sided_clopper_pearson_0.95,false,664d906899b1726ae6d0bd3856483c4590af875a9dfdc3fee14fdcb79dbc4e34
libcxx,CANDIDATE,double,0.51,0.010000000000000009,seed,10003,target_upper_tail_q,4,1e-05,0.0001,94,94,a three-vector reached the caller,1.0,0.9615166490024712,1.0,two_sided_clopper_pearson_0.95,false,664d906899b1726ae6d0bd3856483c4590af875a9dfdc3fee14fdcb79dbc4e34
libcxx,CANDIDATE,double,0.51,0.010000000000000009,seed,10003,target_upper_tail_q,5,1e-06,1e-05,14,14,a three-vector reached the caller,1.0,0.7683642383498835,1.0,two_sided_clopper_pearson_0.95,false,664d906899b1726ae6d0bd3856483c4590af875a9dfdc3fee14fdcb79dbc4e34
libcxx,CANDIDATE,double,0.51,0.010000000000000009,seed,10003,target_upper_tail_q,6,1e-08,1e-06,2,0,a three-vector reached the caller,0.0,0.0,0.776393202250021,one_sided_upper_0.95,true,664d906899b1726ae6d0bd3856483c4590af875a9dfdc3fee14fdcb79dbc4e34
libcxx,QF,double,0.51,0.010000000000000009,seed,10003,target_upper_tail_q,0,0.1,1.0,900192,900192,a three-vector reached the caller,1.0,0.9999959021276619,1.0,two_sided_clopper_pearson_0.95,false,664d906899b1726ae6d0bd3856483c4590af875a9dfdc3fee14fdcb79dbc4e34
libcxx,QF,double,0.51,0.010000000000000009,seed,10003,target_upper_tail_q,1,0.01,0.1,89717,89717,a three-vector reached the caller,1.0,0.9999588840061792,1.0,two_sided_clopper_pearson_0.95,false,664d906899b1726ae6d0bd3856483c4590af875a9dfdc3fee14fdcb79dbc4e34
libcxx,QF,double,0.51,0.010000000000000009,seed,10003,target_upper_tail_q,2,0.001,0.01,9051,9051,a three-vector reached the caller,1.0,0.9995925170892286,1.0,two_sided_clopper_pearson_0.95,false,664d906899b1726ae6d0bd3856483c4590af875a9dfdc3fee14fdcb79dbc4e34
libcxx,QF,double,0.51,0.010000000000000009,seed,10003,target_upper_tail_q,3,0.0001,0.001,930,178,a three-vector reached the caller,0.1913978494623656,0.1665857764865902,0.21818122773624088,two_sided_clopper_pearson_0.95,false,664d906899b1726ae6d0bd3856483c4590af875a9dfdc3fee14fdcb79dbc4e34
libcxx,QF,double,0.51,0.010000000000000009,seed,10003,target_upper_tail_q,4,1e-05,0.0001,94,0,a three-vector reached the caller,0.0,0.0,0.03136701207878767,one_sided_upper_0.95,true,664d906899b1726ae6d0bd3856483c4590af875a9dfdc3fee14fdcb79dbc4e34
libcxx,QF,double,0.51,0.010000000000000009,seed,10003,target_upper_tail_q,5,1e-06,1e-05,14,0,a three-vector reached the caller,0.0,0.0,0.19263617565013524,one_sided_upper_0.95,true,664d906899b1726ae6d0bd3856483c4590af875a9dfdc3fee14fdcb79dbc4e34
libcxx,QF,double,0.51,0.010000000000000009,seed,10003,target_upper_tail_q,6,1e-08,1e-06,2,0,a three-vector reached the caller,0.0,0.0,0.776393202250021,one_sided_upper_0.95,true,664d906899b1726ae6d0bd3856483c4590af875a9dfdc3fee14fdcb79dbc4e34
libcxx,LEGACY,double,0.51,0.010000000000000009,seed,10004,target_upper_tail_q,0,0.1,1.0,900121,900121,a three-vector reached the caller,1.0,0.9999959018044293,1.0,two_sided_clopper_pearson_0.95,false,664d906899b1726ae6d0bd3856483c4590af875a9dfdc3fee14fdcb79dbc4e34
libcxx,LEGACY,double,0.51,0.010000000000000009,seed,10004,target_upper_tail_q,1,0.01,0.1,90087,90087,a three-vector reached the caller,1.0,0.9999590528719006,1.0,two_sided_clopper_pearson_0.95,false,664d906899b1726ae6d0bd3856483c4590af875a9dfdc3fee14fdcb79dbc4e34
libcxx,LEGACY,double,0.51,0.010000000000000009,seed,10004,target_upper_tail_q,2,0.001,0.01,8806,8806,a three-vector reached the caller,1.0,0.9995811824986892,1.0,two_sided_clopper_pearson_0.95,false,664d906899b1726ae6d0bd3856483c4590af875a9dfdc3fee14fdcb79dbc4e34
libcxx,LEGACY,double,0.51,0.010000000000000009,seed,10004,target_upper_tail_q,3,0.0001,0.001,893,442,a three-vector reached the caller,0.49496080627099664,0.4616716031593051,0.5282833536201627,two_sided_clopper_pearson_0.95,false,664d906899b1726ae6d0bd3856483c4590af875a9dfdc3fee14fdcb79dbc4e34
libcxx,LEGACY,double,0.51,0.010000000000000009,seed,10004,target_upper_tail_q,4,1e-05,0.0001,82,0,a three-vector reached the caller,0.0,0.0,0.03587403171067116,one_sided_upper_0.95,true,664d906899b1726ae6d0bd3856483c4590af875a9dfdc3fee14fdcb79dbc4e34
libcxx,LEGACY,double,0.51,0.010000000000000009,seed,10004,target_upper_tail_q,5,1e-06,1e-05,11,0,a three-vector reached the caller,0.0,0.0,0.2384041903808526,one_sided_upper_0.95,true,664d906899b1726ae6d0bd3856483c4590af875a9dfdc3fee14fdcb79dbc4e34
libcxx,CANDIDATE,double,0.51,0.010000000000000009,seed,10004,target_upper_tail_q,0,0.1,1.0,900121,900121,a three-vector reached the caller,1.0,0.9999959018044293,1.0,two_sided_clopper_pearson_0.95,false,664d906899b1726ae6d0bd3856483c4590af875a9dfdc3fee14fdcb79dbc4e34
libcxx,CANDIDATE,double,0.51,0.010000000000000009,seed,10004,target_upper_tail_q,1,0.01,0.1,90087,90087,a three-vector reached the caller,1.0,0.9999590528719006,1.0,two_sided_clopper_pearson_0.95,false,664d906899b1726ae6d0bd3856483c4590af875a9dfdc3fee14fdcb79dbc4e34
libcxx,CANDIDATE,double,0.51,0.010000000000000009,seed,10004,target_upper_tail_q,2,0.001,0.01,8806,8806,a three-vector reached the caller,1.0,0.9995811824986892,1.0,two_sided_clopper_pearson_0.95,false,664d906899b1726ae6d0bd3856483c4590af875a9dfdc3fee14fdcb79dbc4e34
libcxx,CANDIDATE,double,0.51,0.010000000000000009,seed,10004,target_upper_tail_q,3,0.0001,0.001,893,893,a three-vector reached the caller,1.0,0.9958776363180942,1.0,two_sided_clopper_pearson_0.95,false,664d906899b1726ae6d0bd3856483c4590af875a9dfdc3fee14fdcb79dbc4e34
libcxx,CANDIDATE,double,0.51,0.010000000000000009,seed,10004,target_upper_tail_q,4,1e-05,0.0001,82,82,a three-vector reached the caller,1.0,0.9560105458131576,1.0,two_sided_clopper_pearson_0.95,false,664d906899b1726ae6d0bd3856483c4590af875a9dfdc3fee14fdcb79dbc4e34
libcxx,CANDIDATE,double,0.51,0.010000000000000009,seed,10004,target_upper_tail_q,5,1e-06,1e-05,11,11,a three-vector reached the caller,1.0,0.7150858470818456,1.0,two_sided_clopper_pearson_0.95,false,664d906899b1726ae6d0bd3856483c4590af875a9dfdc3fee14fdcb79dbc4e34
libcxx,QF,double,0.51,0.010000000000000009,seed,10004,target_upper_tail_q,0,0.1,1.0,900121,900121,a three-vector reached the caller,1.0,0.9999959018044293,1.0,two_sided_clopper_pearson_0.95,false,664d906899b1726ae6d0bd3856483c4590af875a9dfdc3fee14fdcb79dbc4e34
libcxx,QF,double,0.51,0.010000000000000009,seed,10004,target_upper_tail_q,1,0.01,0.1,90087,90087,a three-vector reached the caller,1.0,0.9999590528719006,1.0,two_sided_clopper_pearson_0.95,false,664d906899b1726ae6d0bd3856483c4590af875a9dfdc3fee14fdcb79dbc4e34
libcxx,QF,double,0.51,0.010000000000000009,seed,10004,target_upper_tail_q,2,0.001,0.01,8806,8806,a three-vector reached the caller,1.0,0.9995811824986892,1.0,two_sided_clopper_pearson_0.95,false,664d906899b1726ae6d0bd3856483c4590af875a9dfdc3fee14fdcb79dbc4e34
libcxx,QF,double,0.51,0.010000000000000009,seed,10004,target_upper_tail_q,3,0.0001,0.001,893,193,a three-vector reached the caller,0.21612541993281076,0.18954218622374383,0.2445957725934775,two_sided_clopper_pearson_0.95,false,664d906899b1726ae6d0bd3856483c4590af875a9dfdc3fee14fdcb79dbc4e34
libcxx,QF,double,0.51,0.010000000000000009,seed,10004,target_upper_tail_q,4,1e-05,0.0001,82,0,a three-vector reached the caller,0.0,0.0,0.03587403171067116,one_sided_upper_0.95,true,664d906899b1726ae6d0bd3856483c4590af875a9dfdc3fee14fdcb79dbc4e34
libcxx,QF,double,0.51,0.010000000000000009,seed,10004,target_upper_tail_q,5,1e-06,1e-05,11,0,a three-vector reached the caller,0.0,0.0,0.2384041903808526,one_sided_upper_0.95,true,664d906899b1726ae6d0bd3856483c4590af875a9dfdc3fee14fdcb79dbc4e34
libcxx,LEGACY,double,0.51,0.010000000000000009,seed,10005,target_upper_tail_q,0,0.1,1.0,900520,900520,a three-vector reached the caller,1.0,0.9999959036202433,1.0,two_sided_clopper_pearson_0.95,false,664d906899b1726ae6d0bd3856483c4590af875a9dfdc3fee14fdcb79dbc4e34
libcxx,LEGACY,double,0.51,0.010000000000000009,seed,10005,target_upper_tail_q,1,0.01,0.1,89579,89579,a three-vector reached the caller,1.0,0.9999588206666652,1.0,two_sided_clopper_pearson_0.95,false,664d906899b1726ae6d0bd3856483c4590af875a9dfdc3fee14fdcb79dbc4e34
libcxx,LEGACY,double,0.51,0.010000000000000009,seed,10005,target_upper_tail_q,2,0.001,0.01,8914,8914,a three-vector reached the caller,1.0,0.9995862557465625,1.0,two_sided_clopper_pearson_0.95,false,664d906899b1726ae6d0bd3856483c4590af875a9dfdc3fee14fdcb79dbc4e34
libcxx,LEGACY,double,0.51,0.010000000000000009,seed,10005,target_upper_tail_q,3,0.0001,0.001,880,376,a three-vector reached the caller,0.42727272727272725,0.39431121270967157,0.46072276628039777,two_sided_clopper_pearson_0.95,false,664d906899b1726ae6d0bd3856483c4590af875a9dfdc3fee14fdcb79dbc4e34
libcxx,LEGACY,double,0.51,0.010000000000000009,seed,10005,target_upper_tail_q,4,1e-05,0.0001,98,0,a three-vector reached the caller,0.0,0.0,0.030106198694773156,one_sided_upper_0.95,true,664d906899b1726ae6d0bd3856483c4590af875a9dfdc3fee14fdcb79dbc4e34
libcxx,LEGACY,double,0.51,0.010000000000000009,seed,10005,target_upper_tail_q,5,1e-06,1e-05,9,0,a three-vector reached the caller,0.0,0.0,0.2831288355631134,one_sided_upper_0.95,true,664d906899b1726ae6d0bd3856483c4590af875a9dfdc3fee14fdcb79dbc4e34
libcxx,CANDIDATE,double,0.51,0.010000000000000009,seed,10005,target_upper_tail_q,0,0.1,1.0,900520,900520,a three-vector reached the caller,1.0,0.9999959036202433,1.0,two_sided_clopper_pearson_0.95,false,664d906899b1726ae6d0bd3856483c4590af875a9dfdc3fee14fdcb79dbc4e34
libcxx,CANDIDATE,double,0.51,0.010000000000000009,seed,10005,target_upper_tail_q,1,0.01,0.1,89579,89579,a three-vector reached the caller,1.0,0.9999588206666652,1.0,two_sided_clopper_pearson_0.95,false,664d906899b1726ae6d0bd3856483c4590af875a9dfdc3fee14fdcb79dbc4e34
libcxx,CANDIDATE,double,0.51,0.010000000000000009,seed,10005,target_upper_tail_q,2,0.001,0.01,8914,8914,a three-vector reached the caller,1.0,0.9995862557465625,1.0,two_sided_clopper_pearson_0.95,false,664d906899b1726ae6d0bd3856483c4590af875a9dfdc3fee14fdcb79dbc4e34
libcxx,CANDIDATE,double,0.51,0.010000000000000009,seed,10005,target_upper_tail_q,3,0.0001,0.001,880,880,a three-vector reached the caller,1.0,0.9958168653138137,1.0,two_sided_clopper_pearson_0.95,false,664d906899b1726ae6d0bd3856483c4590af875a9dfdc3fee14fdcb79dbc4e34
libcxx,CANDIDATE,double,0.51,0.010000000000000009,seed,10005,target_upper_tail_q,4,1e-05,0.0001,98,98,a three-vector reached the caller,1.0,0.9630580129648071,1.0,two_sided_clopper_pearson_0.95,false,664d906899b1726ae6d0bd3856483c4590af875a9dfdc3fee14fdcb79dbc4e34
libcxx,CANDIDATE,double,0.51,0.010000000000000009,seed,10005,target_upper_tail_q,5,1e-06,1e-05,9,9,a three-vector reached the caller,1.0,0.6637328831200572,1.0,two_sided_clopper_pearson_0.95,false,664d906899b1726ae6d0bd3856483c4590af875a9dfdc3fee14fdcb79dbc4e34
libcxx,QF,double,0.51,0.010000000000000009,seed,10005,target_upper_tail_q,0,0.1,1.0,900520,900520,a three-vector reached the caller,1.0,0.9999959036202433,1.0,two_sided_clopper_pearson_0.95,false,664d906899b1726ae6d0bd3856483c4590af875a9dfdc3fee14fdcb79dbc4e34
libcxx,QF,double,0.51,0.010000000000000009,seed,10005,target_upper_tail_q,1,0.01,0.1,89579,89579,a three-vector reached the caller,1.0,0.9999588206666652,1.0,two_sided_clopper_pearson_0.95,false,664d906899b1726ae6d0bd3856483c4590af875a9dfdc3fee14fdcb79dbc4e34
libcxx,QF,double,0.51,0.010000000000000009,seed,10005,target_upper_tail_q,2,0.001,0.01,8914,8914,a three-vector reached the caller,1.0,0.9995862557465625,1.0,two_sided_clopper_pearson_0.95,false,664d906899b1726ae6d0bd3856483c4590af875a9dfdc3fee14fdcb79dbc4e34
libcxx,QF,double,0.51,0.010000000000000009,seed,10005,target_upper_tail_q,3,0.0001,0.001,880,153,a three-vector reached the caller,0.17386363636363636,0.14938065840373593,0.20055204450321878,two_sided_clopper_pearson_0.95,false,664d906899b1726ae6d0bd3856483c4590af875a9dfdc3fee14fdcb79dbc4e34
libcxx,QF,double,0.51,0.010000000000000009,seed,10005,target_upper_tail_q,4,1e-05,0.0001,98,0,a three-vector reached the caller,0.0,0.0,0.030106198694773156,one_sided_upper_0.95,true,664d906899b1726ae6d0bd3856483c4590af875a9dfdc3fee14fdcb79dbc4e34
libcxx,QF,double,0.51,0.010000000000000009,seed,10005,target_upper_tail_q,5,1e-06,1e-05,9,0,a three-vector reached the caller,0.0,0.0,0.2831288355631134,one_sided_upper_0.95,true,664d906899b1726ae6d0bd3856483c4590af875a9dfdc3fee14fdcb79dbc4e34
libcxx,LEGACY,double,0.75,0.25,seed,10001,target_upper_tail_q,0,0.1,1.0,899710,899710,a three-vector reached the caller,1.0,0.9999958999323206,1.0,two_sided_clopper_pearson_0.95,false,664d906899b1726ae6d0bd3856483c4590af875a9dfdc3fee14fdcb79dbc4e34
libcxx,LEGACY,double,0.75,0.25,seed,10001,target_upper_tail_q,1,0.01,0.1,90399,90399,a three-vector reached the caller,1.0,0.999959194192527,1.0,two_sided_clopper_pearson_0.95,false,664d906899b1726ae6d0bd3856483c4590af875a9dfdc3fee14fdcb79dbc4e34
libcxx,LEGACY,double,0.75,0.25,seed,10001,target_upper_tail_q,2,0.001,0.01,8926,8926,a three-vector reached the caller,1.0,0.9995868118641039,1.0,two_sided_clopper_pearson_0.95,false,664d906899b1726ae6d0bd3856483c4590af875a9dfdc3fee14fdcb79dbc4e34
libcxx,LEGACY,double,0.75,0.25,seed,10001,target_upper_tail_q,3,0.0001,0.001,876,876,a three-vector reached the caller,1.0,0.9957978044316128,1.0,two_sided_clopper_pearson_0.95,false,664d906899b1726ae6d0bd3856483c4590af875a9dfdc3fee14fdcb79dbc4e34
libcxx,LEGACY,double,0.75,0.25,seed,10001,target_upper_tail_q,4,1e-05,0.0001,80,80,a three-vector reached the caller,1.0,0.9549359649323077,1.0,two_sided_clopper_pearson_0.95,false,664d906899b1726ae6d0bd3856483c4590af875a9dfdc3fee14fdcb79dbc4e34
libcxx,LEGACY,double,0.75,0.25,seed,10001,target_upper_tail_q,5,1e-06,1e-05,9,9,a three-vector reached the caller,1.0,0.6637328831200572,1.0,two_sided_clopper_pearson_0.95,false,664d906899b1726ae6d0bd3856483c4590af875a9dfdc3fee14fdcb79dbc4e34
libcxx,CANDIDATE,double,0.75,0.25,seed,10001,target_upper_tail_q,0,0.1,1.0,899710,899710,a three-vector reached the caller,1.0,0.9999958999323206,1.0,two_sided_clopper_pearson_0.95,false,664d906899b1726ae6d0bd3856483c4590af875a9dfdc3fee14fdcb79dbc4e34
libcxx,CANDIDATE,double,0.75,0.25,seed,10001,target_upper_tail_q,1,0.01,0.1,90399,90399,a three-vector reached the caller,1.0,0.999959194192527,1.0,two_sided_clopper_pearson_0.95,false,664d906899b1726ae6d0bd3856483c4590af875a9dfdc3fee14fdcb79dbc4e34
libcxx,CANDIDATE,double,0.75,0.25,seed,10001,target_upper_tail_q,2,0.001,0.01,8926,8926,a three-vector reached the caller,1.0,0.9995868118641039,1.0,two_sided_clopper_pearson_0.95,false,664d906899b1726ae6d0bd3856483c4590af875a9dfdc3fee14fdcb79dbc4e34
libcxx,CANDIDATE,double,0.75,0.25,seed,10001,target_upper_tail_q,3,0.0001,0.001,876,876,a three-vector reached the caller,1.0,0.9957978044316128,1.0,two_sided_clopper_pearson_0.95,false,664d906899b1726ae6d0bd3856483c4590af875a9dfdc3fee14fdcb79dbc4e34
libcxx,CANDIDATE,double,0.75,0.25,seed,10001,target_upper_tail_q,4,1e-05,0.0001,80,80,a three-vector reached the caller,1.0,0.9549359649323077,1.0,two_sided_clopper_pearson_0.95,false,664d906899b1726ae6d0bd3856483c4590af875a9dfdc3fee14fdcb79dbc4e34
libcxx,CANDIDATE,double,0.75,0.25,seed,10001,target_upper_tail_q,5,1e-06,1e-05,9,9,a three-vector reached the caller,1.0,0.6637328831200572,1.0,two_sided_clopper_pearson_0.95,false,664d906899b1726ae6d0bd3856483c4590af875a9dfdc3fee14fdcb79dbc4e34
libcxx,QF,double,0.75,0.25,seed,10001,target_upper_tail_q,0,0.1,1.0,899710,899710,a three-vector reached the caller,1.0,0.9999958999323206,1.0,two_sided_clopper_pearson_0.95,false,664d906899b1726ae6d0bd3856483c4590af875a9dfdc3fee14fdcb79dbc4e34
libcxx,QF,double,0.75,0.25,seed,10001,target_upper_tail_q,1,0.01,0.1,90399,90399,a three-vector reached the caller,1.0,0.999959194192527,1.0,two_sided_clopper_pearson_0.95,false,664d906899b1726ae6d0bd3856483c4590af875a9dfdc3fee14fdcb79dbc4e34
libcxx,QF,double,0.75,0.25,seed,10001,target_upper_tail_q,2,0.001,0.01,8926,8926,a three-vector reached the caller,1.0,0.9995868118641039,1.0,two_sided_clopper_pearson_0.95,false,664d906899b1726ae6d0bd3856483c4590af875a9dfdc3fee14fdcb79dbc4e34
libcxx,QF,double,0.75,0.25,seed,10001,target_upper_tail_q,3,0.0001,0.001,876,876,a three-vector reached the caller,1.0,0.9957978044316128,1.0,two_sided_clopper_pearson_0.95,false,664d906899b1726ae6d0bd3856483c4590af875a9dfdc3fee14fdcb79dbc4e34
libcxx,QF,double,0.75,0.25,seed,10001,target_upper_tail_q,4,1e-05,0.0001,80,80,a three-vector reached the caller,1.0,0.9549359649323077,1.0,two_sided_clopper_pearson_0.95,false,664d906899b1726ae6d0bd3856483c4590af875a9dfdc3fee14fdcb79dbc4e34
libcxx,QF,double,0.75,0.25,seed,10001,target_upper_tail_q,5,1e-06,1e-05,9,9,a three-vector reached the caller,1.0,0.6637328831200572,1.0,two_sided_clopper_pearson_0.95,false,664d906899b1726ae6d0bd3856483c4590af875a9dfdc3fee14fdcb79dbc4e34
libcxx,LEGACY,double,0.75,0.25,seed,10002,target_upper_tail_q,0,0.1,1.0,899886,899886,a three-vector reached the caller,1.0,0.9999959007342116,1.0,two_sided_clopper_pearson_0.95,false,664d906899b1726ae6d0bd3856483c4590af875a9dfdc3fee14fdcb79dbc4e34
libcxx,LEGACY,double,0.75,0.25,seed,10002,target_upper_tail_q,1,0.01,0.1,90142,90142,a three-vector reached the caller,1.0,0.9999590778552154,1.0,two_sided_clopper_pearson_0.95,false,664d906899b1726ae6d0bd3856483c4590af875a9dfdc3fee14fdcb79dbc4e34
libcxx,LEGACY,double,0.75,0.25,seed,10002,target_upper_tail_q,2,0.001,0.01,8999,8999,a three-vector reached the caller,1.0,0.9995901629644672,1.0,two_sided_clopper_pearson_0.95,false,664d906899b1726ae6d0bd3856483c4590af875a9dfdc3fee14fdcb79dbc4e34
libcxx,LEGACY,double,0.75,0.25,seed,10002,target_upper_tail_q,3,0.0001,0.001,878,878,a three-vector reached the caller,1.0,0.9958073565365407,1.0,two_sided_clopper_pearson_0.95,false,664d906899b1726ae6d0bd3856483c4590af875a9dfdc3fee14fdcb79dbc4e34
libcxx,LEGACY,double,0.75,0.25,seed,10002,target_upper_tail_q,4,1e-05,0.0001,86,86,a three-vector reached the caller,1.0,0.9580129846958555,1.0,two_sided_clopper_pearson_0.95,false,664d906899b1726ae6d0bd3856483c4590af875a9dfdc3fee14fdcb79dbc4e34
libcxx,LEGACY,double,0.75,0.25,seed,10002,target_upper_tail_q,5,1e-06,1e-05,8,8,a three-vector reached the caller,1.0,0.6305833524471808,1.0,two_sided_clopper_pearson_0.95,false,664d906899b1726ae6d0bd3856483c4590af875a9dfdc3fee14fdcb79dbc4e34
libcxx,LEGACY,double,0.75,0.25,seed,10002,target_upper_tail_q,6,1e-08,1e-06,1,1,a three-vector reached the caller,1.0,0.025000000000000022,1.0,two_sided_clopper_pearson_0.95,false,664d906899b1726ae6d0bd3856483c4590af875a9dfdc3fee14fdcb79dbc4e34
libcxx,CANDIDATE,double,0.75,0.25,seed,10002,target_upper_tail_q,0,0.1,1.0,899886,899886,a three-vector reached the caller,1.0,0.9999959007342116,1.0,two_sided_clopper_pearson_0.95,false,664d906899b1726ae6d0bd3856483c4590af875a9dfdc3fee14fdcb79dbc4e34
libcxx,CANDIDATE,double,0.75,0.25,seed,10002,target_upper_tail_q,1,0.01,0.1,90142,90142,a three-vector reached the caller,1.0,0.9999590778552154,1.0,two_sided_clopper_pearson_0.95,false,664d906899b1726ae6d0bd3856483c4590af875a9dfdc3fee14fdcb79dbc4e34
libcxx,CANDIDATE,double,0.75,0.25,seed,10002,target_upper_tail_q,2,0.001,0.01,8999,8999,a three-vector reached the caller,1.0,0.9995901629644672,1.0,two_sided_clopper_pearson_0.95,false,664d906899b1726ae6d0bd3856483c4590af875a9dfdc3fee14fdcb79dbc4e34
libcxx,CANDIDATE,double,0.75,0.25,seed,10002,target_upper_tail_q,3,0.0001,0.001,878,878,a three-vector reached the caller,1.0,0.9958073565365407,1.0,two_sided_clopper_pearson_0.95,false,664d906899b1726ae6d0bd3856483c4590af875a9dfdc3fee14fdcb79dbc4e34
libcxx,CANDIDATE,double,0.75,0.25,seed,10002,target_upper_tail_q,4,1e-05,0.0001,86,86,a three-vector reached the caller,1.0,0.9580129846958555,1.0,two_sided_clopper_pearson_0.95,false,664d906899b1726ae6d0bd3856483c4590af875a9dfdc3fee14fdcb79dbc4e34
libcxx,CANDIDATE,double,0.75,0.25,seed,10002,target_upper_tail_q,5,1e-06,1e-05,8,8,a three-vector reached the caller,1.0,0.6305833524471808,1.0,two_sided_clopper_pearson_0.95,false,664d906899b1726ae6d0bd3856483c4590af875a9dfdc3fee14fdcb79dbc4e34
libcxx,CANDIDATE,double,0.75,0.25,seed,10002,target_upper_tail_q,6,1e-08,1e-06,1,1,a three-vector reached the caller,1.0,0.025000000000000022,1.0,two_sided_clopper_pearson_0.95,false,664d906899b1726ae6d0bd3856483c4590af875a9dfdc3fee14fdcb79dbc4e34
libcxx,QF,double,0.75,0.25,seed,10002,target_upper_tail_q,0,0.1,1.0,899886,899886,a three-vector reached the caller,1.0,0.9999959007342116,1.0,two_sided_clopper_pearson_0.95,false,664d906899b1726ae6d0bd3856483c4590af875a9dfdc3fee14fdcb79dbc4e34
libcxx,QF,double,0.75,0.25,seed,10002,target_upper_tail_q,1,0.01,0.1,90142,90142,a three-vector reached the caller,1.0,0.9999590778552154,1.0,two_sided_clopper_pearson_0.95,false,664d906899b1726ae6d0bd3856483c4590af875a9dfdc3fee14fdcb79dbc4e34
libcxx,QF,double,0.75,0.25,seed,10002,target_upper_tail_q,2,0.001,0.01,8999,8999,a three-vector reached the caller,1.0,0.9995901629644672,1.0,two_sided_clopper_pearson_0.95,false,664d906899b1726ae6d0bd3856483c4590af875a9dfdc3fee14fdcb79dbc4e34
libcxx,QF,double,0.75,0.25,seed,10002,target_upper_tail_q,3,0.0001,0.001,878,878,a three-vector reached the caller,1.0,0.9958073565365407,1.0,two_sided_clopper_pearson_0.95,false,664d906899b1726ae6d0bd3856483c4590af875a9dfdc3fee14fdcb79dbc4e34
libcxx,QF,double,0.75,0.25,seed,10002,target_upper_tail_q,4,1e-05,0.0001,86,86,a three-vector reached the caller,1.0,0.9580129846958555,1.0,two_sided_clopper_pearson_0.95,false,664d906899b1726ae6d0bd3856483c4590af875a9dfdc3fee14fdcb79dbc4e34
libcxx,QF,double,0.75,0.25,seed,10002,target_upper_tail_q,5,1e-06,1e-05,8,8,a three-vector reached the caller,1.0,0.6305833524471808,1.0,two_sided_clopper_pearson_0.95,false,664d906899b1726ae6d0bd3856483c4590af875a9dfdc3fee14fdcb79dbc4e34
libcxx,QF,double,0.75,0.25,seed,10002,target_upper_tail_q,6,1e-08,1e-06,1,1,a three-vector reached the caller,1.0,0.025000000000000022,1.0,two_sided_clopper_pearson_0.95,false,664d906899b1726ae6d0bd3856483c4590af875a9dfdc3fee14fdcb79dbc4e34
libcxx,LEGACY,double,0.75,0.25,seed,10003,target_upper_tail_q,0,0.1,1.0,899993,899993,a three-vector reached the caller,1.0,0.9999959012215716,1.0,two_sided_clopper_pearson_0.95,false,664d906899b1726ae6d0bd3856483c4590af875a9dfdc3fee14fdcb79dbc4e34
libcxx,LEGACY,double,0.75,0.25,seed,10003,target_upper_tail_q,1,0.01,0.1,89990,89990,a three-vector reached the caller,1.0,0.9999590087359964,1.0,two_sided_clopper_pearson_0.95,false,664d906899b1726ae6d0bd3856483c4590af875a9dfdc3fee14fdcb79dbc4e34
libcxx,LEGACY,double,0.75,0.25,seed,10003,target_upper_tail_q,2,0.001,0.01,8989,8989,a three-vector reached the caller,1.0,0.9995897071262789,1.0,two_sided_clopper_pearson_0.95,false,664d906899b1726ae6d0bd3856483c4590af875a9dfdc3fee14fdcb79dbc4e34
libcxx,LEGACY,double,0.75,0.25,seed,10003,target_upper_tail_q,3,0.0001,0.001,915,915,a three-vector reached the caller,1.0,0.9959765535919703,1.0,two_sided_clopper_pearson_0.95,false,664d906899b1726ae6d0bd3856483c4590af875a9dfdc3fee14fdcb79dbc4e34
libcxx,LEGACY,double,0.75,0.25,seed,10003,target_upper_tail_q,4,1e-05,0.0001,101,101,a three-vector reached the caller,1.0,0.9641353796099963,1.0,two_sided_clopper_pearson_0.95,false,664d906899b1726ae6d0bd3856483c4590af875a9dfdc3fee14fdcb79dbc4e34
libcxx,LEGACY,double,0.75,0.25,seed,10003,target_upper_tail_q,5,1e-06,1e-05,11,11,a three-vector reached the caller,1.0,0.7150858470818456,1.0,two_sided_clopper_pearson_0.95,false,664d906899b1726ae6d0bd3856483c4590af875a9dfdc3fee14fdcb79dbc4e34
libcxx,LEGACY,double,0.75,0.25,seed,10003,target_upper_tail_q,6,1e-08,1e-06,1,1,a three-vector reached the caller,1.0,0.025000000000000022,1.0,two_sided_clopper_pearson_0.95,false,664d906899b1726ae6d0bd3856483c4590af875a9dfdc3fee14fdcb79dbc4e34
libcxx,CANDIDATE,double,0.75,0.25,seed,10003,target_upper_tail_q,0,0.1,1.0,899993,899993,a three-vector reached the caller,1.0,0.9999959012215716,1.0,two_sided_clopper_pearson_0.95,false,664d906899b1726ae6d0bd3856483c4590af875a9dfdc3fee14fdcb79dbc4e34
libcxx,CANDIDATE,double,0.75,0.25,seed,10003,target_upper_tail_q,1,0.01,0.1,89990,89990,a three-vector reached the caller,1.0,0.9999590087359964,1.0,two_sided_clopper_pearson_0.95,false,664d906899b1726ae6d0bd3856483c4590af875a9dfdc3fee14fdcb79dbc4e34
libcxx,CANDIDATE,double,0.75,0.25,seed,10003,target_upper_tail_q,2,0.001,0.01,8989,8989,a three-vector reached the caller,1.0,0.9995897071262789,1.0,two_sided_clopper_pearson_0.95,false,664d906899b1726ae6d0bd3856483c4590af875a9dfdc3fee14fdcb79dbc4e34
libcxx,CANDIDATE,double,0.75,0.25,seed,10003,target_upper_tail_q,3,0.0001,0.001,915,915,a three-vector reached the caller,1.0,0.9959765535919703,1.0,two_sided_clopper_pearson_0.95,false,664d906899b1726ae6d0bd3856483c4590af875a9dfdc3fee14fdcb79dbc4e34
libcxx,CANDIDATE,double,0.75,0.25,seed,10003,target_upper_tail_q,4,1e-05,0.0001,101,101,a three-vector reached the caller,1.0,0.9641353796099963,1.0,two_sided_clopper_pearson_0.95,false,664d906899b1726ae6d0bd3856483c4590af875a9dfdc3fee14fdcb79dbc4e34
libcxx,CANDIDATE,double,0.75,0.25,seed,10003,target_upper_tail_q,5,1e-06,1e-05,11,11,a three-vector reached the caller,1.0,0.7150858470818456,1.0,two_sided_clopper_pearson_0.95,false,664d906899b1726ae6d0bd3856483c4590af875a9dfdc3fee14fdcb79dbc4e34
libcxx,CANDIDATE,double,0.75,0.25,seed,10003,target_upper_tail_q,6,1e-08,1e-06,1,1,a three-vector reached the caller,1.0,0.025000000000000022,1.0,two_sided_clopper_pearson_0.95,false,664d906899b1726ae6d0bd3856483c4590af875a9dfdc3fee14fdcb79dbc4e34
libcxx,QF,double,0.75,0.25,seed,10003,target_upper_tail_q,0,0.1,1.0,899993,899993,a three-vector reached the caller,1.0,0.9999959012215716,1.0,two_sided_clopper_pearson_0.95,false,664d906899b1726ae6d0bd3856483c4590af875a9dfdc3fee14fdcb79dbc4e34
libcxx,QF,double,0.75,0.25,seed,10003,target_upper_tail_q,1,0.01,0.1,89990,89990,a three-vector reached the caller,1.0,0.9999590087359964,1.0,two_sided_clopper_pearson_0.95,false,664d906899b1726ae6d0bd3856483c4590af875a9dfdc3fee14fdcb79dbc4e34
libcxx,QF,double,0.75,0.25,seed,10003,target_upper_tail_q,2,0.001,0.01,8989,8989,a three-vector reached the caller,1.0,0.9995897071262789,1.0,two_sided_clopper_pearson_0.95,false,664d906899b1726ae6d0bd3856483c4590af875a9dfdc3fee14fdcb79dbc4e34
libcxx,QF,double,0.75,0.25,seed,10003,target_upper_tail_q,3,0.0001,0.001,915,915,a three-vector reached the caller,1.0,0.9959765535919703,1.0,two_sided_clopper_pearson_0.95,false,664d906899b1726ae6d0bd3856483c4590af875a9dfdc3fee14fdcb79dbc4e34
libcxx,QF,double,0.75,0.25,seed,10003,target_upper_tail_q,4,1e-05,0.0001,101,101,a three-vector reached the caller,1.0,0.9641353796099963,1.0,two_sided_clopper_pearson_0.95,false,664d906899b1726ae6d0bd3856483c4590af875a9dfdc3fee14fdcb79dbc4e34
libcxx,QF,double,0.75,0.25,seed,10003,target_upper_tail_q,5,1e-06,1e-05,11,11,a three-vector reached the caller,1.0,0.7150858470818456,1.0,two_sided_clopper_pearson_0.95,false,664d906899b1726ae6d0bd3856483c4590af875a9dfdc3fee14fdcb79dbc4e34
libcxx,QF,double,0.75,0.25,seed,10003,target_upper_tail_q,6,1e-08,1e-06,1,1,a three-vector reached the caller,1.0,0.025000000000000022,1.0,two_sided_clopper_pearson_0.95,false,664d906899b1726ae6d0bd3856483c4590af875a9dfdc3fee14fdcb79dbc4e34
libcxx,LEGACY,double,0.75,0.25,seed,10004,target_upper_tail_q,0,0.1,1.0,899900,899900,a three-vector reached the caller,1.0,0.999995900797985,1.0,two_sided_clopper_pearson_0.95,false,664d906899b1726ae6d0bd3856483c4590af875a9dfdc3fee14fdcb79dbc4e34
libcxx,LEGACY,double,0.75,0.25,seed,10004,target_upper_tail_q,1,0.01,0.1,90202,90202,a three-vector reached the caller,1.0,0.9999591050749942,1.0,two_sided_clopper_pearson_0.95,false,664d906899b1726ae6d0bd3856483c4590af875a9dfdc3fee14fdcb79dbc4e34
libcxx,LEGACY,double,0.75,0.25,seed,10004,target_upper_tail_q,2,0.001,0.01,8935,8935,a three-vector reached the caller,1.0,0.9995872279721768,1.0,two_sided_clopper_pearson_0.95,false,664d906899b1726ae6d0bd3856483c4590af875a9dfdc3fee14fdcb79dbc4e34
libcxx,LEGACY,double,0.75,0.25,seed,10004,target_upper_tail_q,3,0.0001,0.001,863,863,a three-vector reached the caller,1.0,0.9957346388784373,1.0,two_sided_clopper_pearson_0.95,false,664d906899b1726ae6d0bd3856483c4590af875a9dfdc3fee14fdcb79dbc4e34
libcxx,LEGACY,double,0.75,0.25,seed,10004,target_upper_tail_q,4,1e-05,0.0001,87,87,a three-vector reached the caller,1.0,0.9584854340073622,1.0,two_sided_clopper_pearson_0.95,false,664d906899b1726ae6d0bd3856483c4590af875a9dfdc3fee14fdcb79dbc4e34
libcxx,LEGACY,double,0.75,0.25,seed,10004,target_upper_tail_q,5,1e-06,1e-05,12,12,a three-vector reached the caller,1.0,0.7353515306029488,1.0,two_sided_clopper_pearson_0.95,false,664d906899b1726ae6d0bd3856483c4590af875a9dfdc3fee14fdcb79dbc4e34
libcxx,LEGACY,double,0.75,0.25,seed,10004,target_upper_tail_q,6,1e-08,1e-06,1,1,a three-vector reached the caller,1.0,0.025000000000000022,1.0,two_sided_clopper_pearson_0.95,false,664d906899b1726ae6d0bd3856483c4590af875a9dfdc3fee14fdcb79dbc4e34
libcxx,CANDIDATE,double,0.75,0.25,seed,10004,target_upper_tail_q,0,0.1,1.0,899900,899900,a three-vector reached the caller,1.0,0.999995900797985,1.0,two_sided_clopper_pearson_0.95,false,664d906899b1726ae6d0bd3856483c4590af875a9dfdc3fee14fdcb79dbc4e34
libcxx,CANDIDATE,double,0.75,0.25,seed,10004,target_upper_tail_q,1,0.01,0.1,90202,90202,a three-vector reached the caller,1.0,0.9999591050749942,1.0,two_sided_clopper_pearson_0.95,false,664d906899b1726ae6d0bd3856483c4590af875a9dfdc3fee14fdcb79dbc4e34
libcxx,CANDIDATE,double,0.75,0.25,seed,10004,target_upper_tail_q,2,0.001,0.01,8935,8935,a three-vector reached the caller,1.0,0.9995872279721768,1.0,two_sided_clopper_pearson_0.95,false,664d906899b1726ae6d0bd3856483c4590af875a9dfdc3fee14fdcb79dbc4e34
libcxx,CANDIDATE,double,0.75,0.25,seed,10004,target_upper_tail_q,3,0.0001,0.001,863,863,a three-vector reached the caller,1.0,0.9957346388784373,1.0,two_sided_clopper_pearson_0.95,false,664d906899b1726ae6d0bd3856483c4590af875a9dfdc3fee14fdcb79dbc4e34
libcxx,CANDIDATE,double,0.75,0.25,seed,10004,target_upper_tail_q,4,1e-05,0.0001,87,87,a three-vector reached the caller,1.0,0.9584854340073622,1.0,two_sided_clopper_pearson_0.95,false,664d906899b1726ae6d0bd3856483c4590af875a9dfdc3fee14fdcb79dbc4e34
libcxx,CANDIDATE,double,0.75,0.25,seed,10004,target_upper_tail_q,5,1e-06,1e-05,12,12,a three-vector reached the caller,1.0,0.7353515306029488,1.0,two_sided_clopper_pearson_0.95,false,664d906899b1726ae6d0bd3856483c4590af875a9dfdc3fee14fdcb79dbc4e34
libcxx,CANDIDATE,double,0.75,0.25,seed,10004,target_upper_tail_q,6,1e-08,1e-06,1,1,a three-vector reached the caller,1.0,0.025000000000000022,1.0,two_sided_clopper_pearson_0.95,false,664d906899b1726ae6d0bd3856483c4590af875a9dfdc3fee14fdcb79dbc4e34
libcxx,QF,double,0.75,0.25,seed,10004,target_upper_tail_q,0,0.1,1.0,899900,899900,a three-vector reached the caller,1.0,0.999995900797985,1.0,two_sided_clopper_pearson_0.95,false,664d906899b1726ae6d0bd3856483c4590af875a9dfdc3fee14fdcb79dbc4e34
libcxx,QF,double,0.75,0.25,seed,10004,target_upper_tail_q,1,0.01,0.1,90202,90202,a three-vector reached the caller,1.0,0.9999591050749942,1.0,two_sided_clopper_pearson_0.95,false,664d906899b1726ae6d0bd3856483c4590af875a9dfdc3fee14fdcb79dbc4e34
libcxx,QF,double,0.75,0.25,seed,10004,target_upper_tail_q,2,0.001,0.01,8935,8935,a three-vector reached the caller,1.0,0.9995872279721768,1.0,two_sided_clopper_pearson_0.95,false,664d906899b1726ae6d0bd3856483c4590af875a9dfdc3fee14fdcb79dbc4e34
libcxx,QF,double,0.75,0.25,seed,10004,target_upper_tail_q,3,0.0001,0.001,863,863,a three-vector reached the caller,1.0,0.9957346388784373,1.0,two_sided_clopper_pearson_0.95,false,664d906899b1726ae6d0bd3856483c4590af875a9dfdc3fee14fdcb79dbc4e34
libcxx,QF,double,0.75,0.25,seed,10004,target_upper_tail_q,4,1e-05,0.0001,87,87,a three-vector reached the caller,1.0,0.9584854340073622,1.0,two_sided_clopper_pearson_0.95,false,664d906899b1726ae6d0bd3856483c4590af875a9dfdc3fee14fdcb79dbc4e34
libcxx,QF,double,0.75,0.25,seed,10004,target_upper_tail_q,5,1e-06,1e-05,12,12,a three-vector reached the caller,1.0,0.7353515306029488,1.0,two_sided_clopper_pearson_0.95,false,664d906899b1726ae6d0bd3856483c4590af875a9dfdc3fee14fdcb79dbc4e34
libcxx,QF,double,0.75,0.25,seed,10004,target_upper_tail_q,6,1e-08,1e-06,1,1,a three-vector reached the caller,1.0,0.025000000000000022,1.0,two_sided_clopper_pearson_0.95,false,664d906899b1726ae6d0bd3856483c4590af875a9dfdc3fee14fdcb79dbc4e34
libcxx,LEGACY,double,0.75,0.25,seed,10005,target_upper_tail_q,0,0.1,1.0,900021,900021,a three-vector reached the caller,1.0,0.9999959013490859,1.0,two_sided_clopper_pearson_0.95,false,664d906899b1726ae6d0bd3856483c4590af875a9dfdc3fee14fdcb79dbc4e34
libcxx,LEGACY,double,0.75,0.25,seed,10005,target_upper_tail_q,1,0.01,0.1,89970,89970,a three-vector reached the caller,1.0,0.999958999623976,1.0,two_sided_clopper_pearson_0.95,false,664d906899b1726ae6d0bd3856483c4590af875a9dfdc3fee14fdcb79dbc4e34
libcxx,LEGACY,double,0.75,0.25,seed,10005,target_upper_tail_q,2,0.001,0.01,8992,8992,a three-vector reached the caller,1.0,0.9995898439841705,1.0,two_sided_clopper_pearson_0.95,false,664d906899b1726ae6d0bd3856483c4590af875a9dfdc3fee14fdcb79dbc4e34
libcxx,LEGACY,double,0.75,0.25,seed,10005,target_upper_tail_q,3,0.0001,0.001,916,916,a three-vector reached the caller,1.0,0.9959809371621741,1.0,two_sided_clopper_pearson_0.95,false,664d906899b1726ae6d0bd3856483c4590af875a9dfdc3fee14fdcb79dbc4e34
libcxx,LEGACY,double,0.75,0.25,seed,10005,target_upper_tail_q,4,1e-05,0.0001,94,94,a three-vector reached the caller,1.0,0.9615166490024712,1.0,two_sided_clopper_pearson_0.95,false,664d906899b1726ae6d0bd3856483c4590af875a9dfdc3fee14fdcb79dbc4e34
libcxx,LEGACY,double,0.75,0.25,seed,10005,target_upper_tail_q,5,1e-06,1e-05,7,7,a three-vector reached the caller,1.0,0.5903836027749967,1.0,two_sided_clopper_pearson_0.95,false,664d906899b1726ae6d0bd3856483c4590af875a9dfdc3fee14fdcb79dbc4e34
libcxx,CANDIDATE,double,0.75,0.25,seed,10005,target_upper_tail_q,0,0.1,1.0,900021,900021,a three-vector reached the caller,1.0,0.9999959013490859,1.0,two_sided_clopper_pearson_0.95,false,664d906899b1726ae6d0bd3856483c4590af875a9dfdc3fee14fdcb79dbc4e34
libcxx,CANDIDATE,double,0.75,0.25,seed,10005,target_upper_tail_q,1,0.01,0.1,89970,89970,a three-vector reached the caller,1.0,0.999958999623976,1.0,two_sided_clopper_pearson_0.95,false,664d906899b1726ae6d0bd3856483c4590af875a9dfdc3fee14fdcb79dbc4e34
libcxx,CANDIDATE,double,0.75,0.25,seed,10005,target_upper_tail_q,2,0.001,0.01,8992,8992,a three-vector reached the caller,1.0,0.9995898439841705,1.0,two_sided_clopper_pearson_0.95,false,664d906899b1726ae6d0bd3856483c4590af875a9dfdc3fee14fdcb79dbc4e34
libcxx,CANDIDATE,double,0.75,0.25,seed,10005,target_upper_tail_q,3,0.0001,0.001,916,916,a three-vector reached the caller,1.0,0.9959809371621741,1.0,two_sided_clopper_pearson_0.95,false,664d906899b1726ae6d0bd3856483c4590af875a9dfdc3fee14fdcb79dbc4e34
libcxx,CANDIDATE,double,0.75,0.25,seed,10005,target_upper_tail_q,4,1e-05,0.0001,94,94,a three-vector reached the caller,1.0,0.9615166490024712,1.0,two_sided_clopper_pearson_0.95,false,664d906899b1726ae6d0bd3856483c4590af875a9dfdc3fee14fdcb79dbc4e34
libcxx,CANDIDATE,double,0.75,0.25,seed,10005,target_upper_tail_q,5,1e-06,1e-05,7,7,a three-vector reached the caller,1.0,0.5903836027749967,1.0,two_sided_clopper_pearson_0.95,false,664d906899b1726ae6d0bd3856483c4590af875a9dfdc3fee14fdcb79dbc4e34
libcxx,QF,double,0.75,0.25,seed,10005,target_upper_tail_q,0,0.1,1.0,900021,900021,a three-vector reached the caller,1.0,0.9999959013490859,1.0,two_sided_clopper_pearson_0.95,false,664d906899b1726ae6d0bd3856483c4590af875a9dfdc3fee14fdcb79dbc4e34
libcxx,QF,double,0.75,0.25,seed,10005,target_upper_tail_q,1,0.01,0.1,89970,89970,a three-vector reached the caller,1.0,0.999958999623976,1.0,two_sided_clopper_pearson_0.95,false,664d906899b1726ae6d0bd3856483c4590af875a9dfdc3fee14fdcb79dbc4e34
libcxx,QF,double,0.75,0.25,seed,10005,target_upper_tail_q,2,0.001,0.01,8992,8992,a three-vector reached the caller,1.0,0.9995898439841705,1.0,two_sided_clopper_pearson_0.95,false,664d906899b1726ae6d0bd3856483c4590af875a9dfdc3fee14fdcb79dbc4e34
libcxx,QF,double,0.75,0.25,seed,10005,target_upper_tail_q,3,0.0001,0.001,916,916,a three-vector reached the caller,1.0,0.9959809371621741,1.0,two_sided_clopper_pearson_0.95,false,664d906899b1726ae6d0bd3856483c4590af875a9dfdc3fee14fdcb79dbc4e34
libcxx,QF,double,0.75,0.25,seed,10005,target_upper_tail_q,4,1e-05,0.0001,94,94,a three-vector reached the caller,1.0,0.9615166490024712,1.0,two_sided_clopper_pearson_0.95,false,664d906899b1726ae6d0bd3856483c4590af875a9dfdc3fee14fdcb79dbc4e34
libcxx,QF,double,0.75,0.25,seed,10005,target_upper_tail_q,5,1e-06,1e-05,7,7,a three-vector reached the caller,1.0,0.5903836027749967,1.0,two_sided_clopper_pearson_0.95,false,664d906899b1726ae6d0bd3856483c4590af875a9dfdc3fee14fdcb79dbc4e34
libcxx,LEGACY,float,0.55,0.050000011920928955,seed,10001,target_upper_tail_q,0,0.1,1.0,899791,899791,a three-vector reached the caller,1.0,0.9999959003014117,1.0,two_sided_clopper_pearson_0.95,false,664d906899b1726ae6d0bd3856483c4590af875a9dfdc3fee14fdcb79dbc4e34
libcxx,LEGACY,float,0.55,0.050000011920928955,seed,10001,target_upper_tail_q,1,0.01,0.1,90241,90241,a three-vector reached the caller,1.0,0.9999591227484406,1.0,two_sided_clopper_pearson_0.95,false,664d906899b1726ae6d0bd3856483c4590af875a9dfdc3fee14fdcb79dbc4e34
libcxx,LEGACY,float,0.55,0.050000011920928955,seed,10001,target_upper_tail_q,2,0.001,0.01,8956,4261,a three-vector reached the caller,0.47577043322912016,0.4653808082692263,0.48617582803667253,two_sided_clopper_pearson_0.95,false,664d906899b1726ae6d0bd3856483c4590af875a9dfdc3fee14fdcb79dbc4e34
libcxx,LEGACY,float,0.55,0.050000011920928955,seed,10001,target_upper_tail_q,3,0.0001,0.001,919,0,a three-vector reached the caller,0.0,0.0,0.003254466669970424,one_sided_upper_0.95,true,664d906899b1726ae6d0bd3856483c4590af875a9dfdc3fee14fdcb79dbc4e34
libcxx,LEGACY,float,0.55,0.050000011920928955,seed,10001,target_upper_tail_q,4,1e-05,0.0001,81,0,a three-vector reached the caller,0.0,0.0,0.036308782091904246,one_sided_upper_0.95,true,664d906899b1726ae6d0bd3856483c4590af875a9dfdc3fee14fdcb79dbc4e34
libcxx,LEGACY,float,0.55,0.050000011920928955,seed,10001,target_upper_tail_q,5,1e-06,1e-05,11,0,a three-vector reached the caller,0.0,0.0,0.2384041903808526,one_sided_upper_0.95,true,664d906899b1726ae6d0bd3856483c4590af875a9dfdc3fee14fdcb79dbc4e34
libcxx,LEGACY,float,0.55,0.050000011920928955,seed,10001,target_upper_tail_q,6,1e-08,1e-06,1,0,a three-vector reached the caller,0.0,0.0,0.95,one_sided_upper_0.95,true,664d906899b1726ae6d0bd3856483c4590af875a9dfdc3fee14fdcb79dbc4e34
libcxx,CANDIDATE,float,0.55,0.050000011920928955,seed,10001,target_upper_tail_q,0,0.1,1.0,899791,899791,a three-vector reached the caller,1.0,0.9999959003014117,1.0,two_sided_clopper_pearson_0.95,false,664d906899b1726ae6d0bd3856483c4590af875a9dfdc3fee14fdcb79dbc4e34
libcxx,CANDIDATE,float,0.55,0.050000011920928955,seed,10001,target_upper_tail_q,1,0.01,0.1,90241,90241,a three-vector reached the caller,1.0,0.9999591227484406,1.0,two_sided_clopper_pearson_0.95,false,664d906899b1726ae6d0bd3856483c4590af875a9dfdc3fee14fdcb79dbc4e34
libcxx,CANDIDATE,float,0.55,0.050000011920928955,seed,10001,target_upper_tail_q,2,0.001,0.01,8956,8956,a three-vector reached the caller,1.0,0.9995881956393871,1.0,two_sided_clopper_pearson_0.95,false,664d906899b1726ae6d0bd3856483c4590af875a9dfdc3fee14fdcb79dbc4e34
libcxx,CANDIDATE,float,0.55,0.050000011920928955,seed,10001,target_upper_tail_q,3,0.0001,0.001,919,890,a three-vector reached the caller,0.9684439608269858,0.9549930687089438,0.9787666562740215,two_sided_clopper_pearson_0.95,false,664d906899b1726ae6d0bd3856483c4590af875a9dfdc3fee14fdcb79dbc4e34
libcxx,CANDIDATE,float,0.55,0.050000011920928955,seed,10001,target_upper_tail_q,4,1e-05,0.0001,81,0,a three-vector reached the caller,0.0,0.0,0.036308782091904246,one_sided_upper_0.95,true,664d906899b1726ae6d0bd3856483c4590af875a9dfdc3fee14fdcb79dbc4e34
libcxx,CANDIDATE,float,0.55,0.050000011920928955,seed,10001,target_upper_tail_q,5,1e-06,1e-05,11,0,a three-vector reached the caller,0.0,0.0,0.2384041903808526,one_sided_upper_0.95,true,664d906899b1726ae6d0bd3856483c4590af875a9dfdc3fee14fdcb79dbc4e34
libcxx,CANDIDATE,float,0.55,0.050000011920928955,seed,10001,target_upper_tail_q,6,1e-08,1e-06,1,0,a three-vector reached the caller,0.0,0.0,0.95,one_sided_upper_0.95,true,664d906899b1726ae6d0bd3856483c4590af875a9dfdc3fee14fdcb79dbc4e34
libcxx,QF,float,0.55,0.050000011920928955,seed,10001,target_upper_tail_q,0,0.1,1.0,899791,899791,a three-vector reached the caller,1.0,0.9999959003014117,1.0,two_sided_clopper_pearson_0.95,false,664d906899b1726ae6d0bd3856483c4590af875a9dfdc3fee14fdcb79dbc4e34
libcxx,QF,float,0.55,0.050000011920928955,seed,10001,target_upper_tail_q,1,0.01,0.1,90241,88015,a three-vector reached the caller,0.9753327201604592,0.9742997630724455,0.9763349660880527,two_sided_clopper_pearson_0.95,false,664d906899b1726ae6d0bd3856483c4590af875a9dfdc3fee14fdcb79dbc4e34
libcxx,QF,float,0.55,0.050000011920928955,seed,10001,target_upper_tail_q,2,0.001,0.01,8956,0,a three-vector reached the caller,0.0,0.0,0.00033443851066405905,one_sided_upper_0.95,true,664d906899b1726ae6d0bd3856483c4590af875a9dfdc3fee14fdcb79dbc4e34
libcxx,QF,float,0.55,0.050000011920928955,seed,10001,target_upper_tail_q,3,0.0001,0.001,919,0,a three-vector reached the caller,0.0,0.0,0.003254466669970424,one_sided_upper_0.95,true,664d906899b1726ae6d0bd3856483c4590af875a9dfdc3fee14fdcb79dbc4e34
libcxx,QF,float,0.55,0.050000011920928955,seed,10001,target_upper_tail_q,4,1e-05,0.0001,81,0,a three-vector reached the caller,0.0,0.0,0.036308782091904246,one_sided_upper_0.95,true,664d906899b1726ae6d0bd3856483c4590af875a9dfdc3fee14fdcb79dbc4e34
libcxx,QF,float,0.55,0.050000011920928955,seed,10001,target_upper_tail_q,5,1e-06,1e-05,11,0,a three-vector reached the caller,0.0,0.0,0.2384041903808526,one_sided_upper_0.95,true,664d906899b1726ae6d0bd3856483c4590af875a9dfdc3fee14fdcb79dbc4e34
libcxx,QF,float,0.55,0.050000011920928955,seed,10001,target_upper_tail_q,6,1e-08,1e-06,1,0,a three-vector reached the caller,0.0,0.0,0.95,one_sided_upper_0.95,true,664d906899b1726ae6d0bd3856483c4590af875a9dfdc3fee14fdcb79dbc4e34
libcxx,LEGACY,float,0.55,0.050000011920928955,seed,10002,target_upper_tail_q,0,0.1,1.0,899994,899994,a three-vector reached the caller,1.0,0.9999959012261258,1.0,two_sided_clopper_pearson_0.95,false,664d906899b1726ae6d0bd3856483c4590af875a9dfdc3fee14fdcb79dbc4e34
libcxx,LEGACY,float,0.55,0.050000011920928955,seed,10002,target_upper_tail_q,1,0.01,0.1,90103,90103,a three-vector reached the caller,1.0,0.9999590601429198,1.0,two_sided_clopper_pearson_0.95,false,664d906899b1726ae6d0bd3856483c4590af875a9dfdc3fee14fdcb79dbc4e34
libcxx,LEGACY,float,0.55,0.050000011920928955,seed,10002,target_upper_tail_q,2,0.001,0.01,8948,4244,a three-vector reached the caller,0.47429593205185516,0.4639036508413637,0.4847049578162801,two_sided_clopper_pearson_0.95,false,664d906899b1726ae6d0bd3856483c4590af875a9dfdc3fee14fdcb79dbc4e34
libcxx,LEGACY,float,0.55,0.050000011920928955,seed,10002,target_upper_tail_q,3,0.0001,0.001,868,0,a three-vector reached the caller,0.0,0.0,0.00344535555716885,one_sided_upper_0.95,true,664d906899b1726ae6d0bd3856483c4590af875a9dfdc3fee14fdcb79dbc4e34
libcxx,LEGACY,float,0.55,0.050000011920928955,seed,10002,target_upper_tail_q,4,1e-05,0.0001,82,0,a three-vector reached the caller,0.0,0.0,0.03587403171067116,one_sided_upper_0.95,true,664d906899b1726ae6d0bd3856483c4590af875a9dfdc3fee14fdcb79dbc4e34
libcxx,LEGACY,float,0.55,0.050000011920928955,seed,10002,target_upper_tail_q,5,1e-06,1e-05,5,0,a three-vector reached the caller,0.0,0.0,0.4507197283469411,one_sided_upper_0.95,true,664d906899b1726ae6d0bd3856483c4590af875a9dfdc3fee14fdcb79dbc4e34
libcxx,CANDIDATE,float,0.55,0.050000011920928955,seed,10002,target_upper_tail_q,0,0.1,1.0,899994,899994,a three-vector reached the caller,1.0,0.9999959012261258,1.0,two_sided_clopper_pearson_0.95,false,664d906899b1726ae6d0bd3856483c4590af875a9dfdc3fee14fdcb79dbc4e34
libcxx,CANDIDATE,float,0.55,0.050000011920928955,seed,10002,target_upper_tail_q,1,0.01,0.1,90103,90103,a three-vector reached the caller,1.0,0.9999590601429198,1.0,two_sided_clopper_pearson_0.95,false,664d906899b1726ae6d0bd3856483c4590af875a9dfdc3fee14fdcb79dbc4e34
libcxx,CANDIDATE,float,0.55,0.050000011920928955,seed,10002,target_upper_tail_q,2,0.001,0.01,8948,8948,a three-vector reached the caller,1.0,0.9995878275397163,1.0,two_sided_clopper_pearson_0.95,false,664d906899b1726ae6d0bd3856483c4590af875a9dfdc3fee14fdcb79dbc4e34
libcxx,CANDIDATE,float,0.55,0.050000011920928955,seed,10002,target_upper_tail_q,3,0.0001,0.001,868,835,a three-vector reached the caller,0.9619815668202765,0.9470200433108567,0.9736879796469987,two_sided_clopper_pearson_0.95,false,664d906899b1726ae6d0bd3856483c4590af875a9dfdc3fee14fdcb79dbc4e34
libcxx,CANDIDATE,float,0.55,0.050000011920928955,seed,10002,target_upper_tail_q,4,1e-05,0.0001,82,0,a three-vector reached the caller,0.0,0.0,0.03587403171067116,one_sided_upper_0.95,true,664d906899b1726ae6d0bd3856483c4590af875a9dfdc3fee14fdcb79dbc4e34
libcxx,CANDIDATE,float,0.55,0.050000011920928955,seed,10002,target_upper_tail_q,5,1e-06,1e-05,5,0,a three-vector reached the caller,0.0,0.0,0.4507197283469411,one_sided_upper_0.95,true,664d906899b1726ae6d0bd3856483c4590af875a9dfdc3fee14fdcb79dbc4e34
libcxx,QF,float,0.55,0.050000011920928955,seed,10002,target_upper_tail_q,0,0.1,1.0,899994,899994,a three-vector reached the caller,1.0,0.9999959012261258,1.0,two_sided_clopper_pearson_0.95,false,664d906899b1726ae6d0bd3856483c4590af875a9dfdc3fee14fdcb79dbc4e34
libcxx,QF,float,0.55,0.050000011920928955,seed,10002,target_upper_tail_q,1,0.01,0.1,90103,87920,a three-vector reached the caller,0.9757721718477742,0.9747472276942963,0.9767663272555043,two_sided_clopper_pearson_0.95,false,664d906899b1726ae6d0bd3856483c4590af875a9dfdc3fee14fdcb79dbc4e34
libcxx,QF,float,0.55,0.050000011920928955,seed,10002,target_upper_tail_q,2,0.001,0.01,8948,0,a three-vector reached the caller,0.0,0.0,0.0003347374668820624,one_sided_upper_0.95,true,664d906899b1726ae6d0bd3856483c4590af875a9dfdc3fee14fdcb79dbc4e34
libcxx,QF,float,0.55,0.050000011920928955,seed,10002,target_upper_tail_q,3,0.0001,0.001,868,0,a three-vector reached the caller,0.0,0.0,0.00344535555716885,one_sided_upper_0.95,true,664d906899b1726ae6d0bd3856483c4590af875a9dfdc3fee14fdcb79dbc4e34
libcxx,QF,float,0.55,0.050000011920928955,seed,10002,target_upper_tail_q,4,1e-05,0.0001,82,0,a three-vector reached the caller,0.0,0.0,0.03587403171067116,one_sided_upper_0.95,true,664d906899b1726ae6d0bd3856483c4590af875a9dfdc3fee14fdcb79dbc4e34
libcxx,QF,float,0.55,0.050000011920928955,seed,10002,target_upper_tail_q,5,1e-06,1e-05,5,0,a three-vector reached the caller,0.0,0.0,0.4507197283469411,one_sided_upper_0.95,true,664d906899b1726ae6d0bd3856483c4590af875a9dfdc3fee14fdcb79dbc4e34
libcxx,LEGACY,float,0.55,0.050000011920928955,seed,10003,target_upper_tail_q,0,0.1,1.0,900105,900105,a three-vector reached the caller,1.0,0.9999959017315811,1.0,two_sided_clopper_pearson_0.95,false,664d906899b1726ae6d0bd3856483c4590af875a9dfdc3fee14fdcb79dbc4e34
libcxx,LEGACY,float,0.55,0.050000011920928955,seed,10003,target_upper_tail_q,1,0.01,0.1,89879,89879,a three-vector reached the caller,1.0,0.9999589581130819,1.0,two_sided_clopper_pearson_0.95,false,664d906899b1726ae6d0bd3856483c4590af875a9dfdc3fee14fdcb79dbc4e34
libcxx,LEGACY,float,0.55,0.050000011920928955,seed,10003,target_upper_tail_q,2,0.001,0.01,9031,4310,a three-vector reached the caller,0.47724504484553204,0.4668969320075997,0.48760784435734533,two_sided_clopper_pearson_0.95,false,664d906899b1726ae6d0bd3856483c4590af875a9dfdc3fee14fdcb79dbc4e34
libcxx,LEGACY,float,0.55,0.050000011920928955,seed,10003,target_upper_tail_q,3,0.0001,0.001,875,0,a three-vector reached the caller,0.0,0.0,0.0034178398693776035,one_sided_upper_0.95,true,664d906899b1726ae6d0bd3856483c4590af875a9dfdc3fee14fdcb79dbc4e34
libcxx,LEGACY,float,0.55,0.050000011920928955,seed,10003,target_upper_tail_q,4,1e-05,0.0001,91,0,a three-vector reached the caller,0.0,0.0,0.03238416473643446,one_sided_upper_0.95,true,664d906899b1726ae6d0bd3856483c4590af875a9dfdc3fee14fdcb79dbc4e34
libcxx,LEGACY,float,0.55,0.050000011920928955,seed,10003,target_upper_tail_q,5,1e-06,1e-05,18,0,a three-vector reached the caller,0.0,0.0,0.1533175539572782,one_sided_upper_0.95,true,664d906899b1726ae6d0bd3856483c4590af875a9dfdc3fee14fdcb79dbc4e34
libcxx,LEGACY,float,0.55,0.050000011920928955,seed,10003,target_upper_tail_q,6,1e-08,1e-06,1,0,a three-vector reached the caller,0.0,0.0,0.95,one_sided_upper_0.95,true,664d906899b1726ae6d0bd3856483c4590af875a9dfdc3fee14fdcb79dbc4e34
libcxx,CANDIDATE,float,0.55,0.050000011920928955,seed,10003,target_upper_tail_q,0,0.1,1.0,900105,900105,a three-vector reached the caller,1.0,0.9999959017315811,1.0,two_sided_clopper_pearson_0.95,false,664d906899b1726ae6d0bd3856483c4590af875a9dfdc3fee14fdcb79dbc4e34
libcxx,CANDIDATE,float,0.55,0.050000011920928955,seed,10003,target_upper_tail_q,1,0.01,0.1,89879,89879,a three-vector reached the caller,1.0,0.9999589581130819,1.0,two_sided_clopper_pearson_0.95,false,664d906899b1726ae6d0bd3856483c4590af875a9dfdc3fee14fdcb79dbc4e34
libcxx,CANDIDATE,float,0.55,0.050000011920928955,seed,10003,target_upper_tail_q,2,0.001,0.01,9031,9031,a three-vector reached the caller,1.0,0.999591614864238,1.0,two_sided_clopper_pearson_0.95,false,664d906899b1726ae6d0bd3856483c4590af875a9dfdc3fee14fdcb79dbc4e34
libcxx,CANDIDATE,float,0.55,0.050000011920928955,seed,10003,target_upper_tail_q,3,0.0001,0.001,875,832,a three-vector reached the caller,0.9508571428571428,0.9343728039198463,0.964210114291659,two_sided_clopper_pearson_0.95,false,664d906899b1726ae6d0bd3856483c4590af875a9dfdc3fee14fdcb79dbc4e34
libcxx,CANDIDATE,float,0.55,0.050000011920928955,seed,10003,target_upper_tail_q,4,1e-05,0.0001,91,0,a three-vector reached the caller,0.0,0.0,0.03238416473643446,one_sided_upper_0.95,true,664d906899b1726ae6d0bd3856483c4590af875a9dfdc3fee14fdcb79dbc4e34
libcxx,CANDIDATE,float,0.55,0.050000011920928955,seed,10003,target_upper_tail_q,5,1e-06,1e-05,18,0,a three-vector reached the caller,0.0,0.0,0.1533175539572782,one_sided_upper_0.95,true,664d906899b1726ae6d0bd3856483c4590af875a9dfdc3fee14fdcb79dbc4e34
libcxx,CANDIDATE,float,0.55,0.050000011920928955,seed,10003,target_upper_tail_q,6,1e-08,1e-06,1,0,a three-vector reached the caller,0.0,0.0,0.95,one_sided_upper_0.95,true,664d906899b1726ae6d0bd3856483c4590af875a9dfdc3fee14fdcb79dbc4e34
libcxx,QF,float,0.55,0.050000011920928955,seed,10003,target_upper_tail_q,0,0.1,1.0,900105,900105,a three-vector reached the caller,1.0,0.9999959017315811,1.0,two_sided_clopper_pearson_0.95,false,664d906899b1726ae6d0bd3856483c4590af875a9dfdc3fee14fdcb79dbc4e34
libcxx,QF,float,0.55,0.050000011920928955,seed,10003,target_upper_tail_q,1,0.01,0.1,89879,87675,a three-vector reached the caller,0.9754781428364802,0.9744459778918619,0.9764794624112705,two_sided_clopper_pearson_0.95,false,664d906899b1726ae6d0bd3856483c4590af875a9dfdc3fee14fdcb79dbc4e34
libcxx,QF,float,0.55,0.050000011920928955,seed,10003,target_upper_tail_q,2,0.001,0.01,9031,0,a three-vector reached the caller,0.0,0.0,0.0003316615503802245,one_sided_upper_0.95,true,664d906899b1726ae6d0bd3856483c4590af875a9dfdc3fee14fdcb79dbc4e34
libcxx,QF,float,0.55,0.050000011920928955,seed,10003,target_upper_tail_q,3,0.0001,0.001,875,0,a three-vector reached the caller,0.0,0.0,0.0034178398693776035,one_sided_upper_0.95,true,664d906899b1726ae6d0bd3856483c4590af875a9dfdc3fee14fdcb79dbc4e34
libcxx,QF,float,0.55,0.050000011920928955,seed,10003,target_upper_tail_q,4,1e-05,0.0001,91,0,a three-vector reached the caller,0.0,0.0,0.03238416473643446,one_sided_upper_0.95,true,664d906899b1726ae6d0bd3856483c4590af875a9dfdc3fee14fdcb79dbc4e34
libcxx,QF,float,0.55,0.050000011920928955,seed,10003,target_upper_tail_q,5,1e-06,1e-05,18,0,a three-vector reached the caller,0.0,0.0,0.1533175539572782,one_sided_upper_0.95,true,664d906899b1726ae6d0bd3856483c4590af875a9dfdc3fee14fdcb79dbc4e34
libcxx,QF,float,0.55,0.050000011920928955,seed,10003,target_upper_tail_q,6,1e-08,1e-06,1,0,a three-vector reached the caller,0.0,0.0,0.95,one_sided_upper_0.95,true,664d906899b1726ae6d0bd3856483c4590af875a9dfdc3fee14fdcb79dbc4e34
libcxx,LEGACY,float,0.55,0.050000011920928955,seed,10004,target_upper_tail_q,0,0.1,1.0,900065,900065,a three-vector reached the caller,1.0,0.9999959015494495,1.0,two_sided_clopper_pearson_0.95,false,664d906899b1726ae6d0bd3856483c4590af875a9dfdc3fee14fdcb79dbc4e34
libcxx,LEGACY,float,0.55,0.050000011920928955,seed,10004,target_upper_tail_q,1,0.01,0.1,89921,89921,a three-vector reached the caller,1.0,0.999958977282396,1.0,two_sided_clopper_pearson_0.95,false,664d906899b1726ae6d0bd3856483c4590af875a9dfdc3fee14fdcb79dbc4e34
libcxx,LEGACY,float,0.55,0.050000011920928955,seed,10004,target_upper_tail_q,2,0.001,0.01,9010,4297,a three-vector reached the caller,0.4769145394006659,0.46655474150910664,0.48728927213159723,two_sided_clopper_pearson_0.95,false,664d906899b1726ae6d0bd3856483c4590af875a9dfdc3fee14fdcb79dbc4e34
libcxx,LEGACY,float,0.55,0.050000011920928955,seed,10004,target_upper_tail_q,3,0.0001,0.001,904,0,a three-vector reached the caller,0.0,0.0,0.0033083783503061737,one_sided_upper_0.95,true,664d906899b1726ae6d0bd3856483c4590af875a9dfdc3fee14fdcb79dbc4e34
libcxx,LEGACY,float,0.55,0.050000011920928955,seed,10004,target_upper_tail_q,4,1e-05,0.0001,89,0,a three-vector reached the caller,0.0,0.0,0.03309972123627414,one_sided_upper_0.95,true,664d906899b1726ae6d0bd3856483c4590af875a9dfdc3fee14fdcb79dbc4e34
libcxx,LEGACY,float,0.55,0.050000011920928955,seed,10004,target_upper_tail_q,5,1e-06,1e-05,8,0,a three-vector reached the caller,0.0,0.0,0.3123439780663678,one_sided_upper_0.95,true,664d906899b1726ae6d0bd3856483c4590af875a9dfdc3fee14fdcb79dbc4e34
libcxx,LEGACY,float,0.55,0.050000011920928955,seed,10004,target_upper_tail_q,6,1e-08,1e-06,3,0,a three-vector reached the caller,0.0,0.0,0.6315968501359612,one_sided_upper_0.95,true,664d906899b1726ae6d0bd3856483c4590af875a9dfdc3fee14fdcb79dbc4e34
libcxx,CANDIDATE,float,0.55,0.050000011920928955,seed,10004,target_upper_tail_q,0,0.1,1.0,900065,900065,a three-vector reached the caller,1.0,0.9999959015494495,1.0,two_sided_clopper_pearson_0.95,false,664d906899b1726ae6d0bd3856483c4590af875a9dfdc3fee14fdcb79dbc4e34
libcxx,CANDIDATE,float,0.55,0.050000011920928955,seed,10004,target_upper_tail_q,1,0.01,0.1,89921,89921,a three-vector reached the caller,1.0,0.999958977282396,1.0,two_sided_clopper_pearson_0.95,false,664d906899b1726ae6d0bd3856483c4590af875a9dfdc3fee14fdcb79dbc4e34
libcxx,CANDIDATE,float,0.55,0.050000011920928955,seed,10004,target_upper_tail_q,2,0.001,0.01,9010,9010,a three-vector reached the caller,1.0,0.9995906632180274,1.0,two_sided_clopper_pearson_0.95,false,664d906899b1726ae6d0bd3856483c4590af875a9dfdc3fee14fdcb79dbc4e34
libcxx,CANDIDATE,float,0.55,0.050000011920928955,seed,10004,target_upper_tail_q,3,0.0001,0.001,904,874,a three-vector reached the caller,0.9668141592920354,0.9529623296221688,0.9774998701542065,two_sided_clopper_pearson_0.95,false,664d906899b1726ae6d0bd3856483c4590af875a9dfdc3fee14fdcb79dbc4e34
libcxx,CANDIDATE,float,0.55,0.050000011920928955,seed,10004,target_upper_tail_q,4,1e-05,0.0001,89,0,a three-vector reached the caller,0.0,0.0,0.03309972123627414,one_sided_upper_0.95,true,664d906899b1726ae6d0bd3856483c4590af875a9dfdc3fee14fdcb79dbc4e34
libcxx,CANDIDATE,float,0.55,0.050000011920928955,seed,10004,target_upper_tail_q,5,1e-06,1e-05,8,0,a three-vector reached the caller,0.0,0.0,0.3123439780663678,one_sided_upper_0.95,true,664d906899b1726ae6d0bd3856483c4590af875a9dfdc3fee14fdcb79dbc4e34
libcxx,CANDIDATE,float,0.55,0.050000011920928955,seed,10004,target_upper_tail_q,6,1e-08,1e-06,3,0,a three-vector reached the caller,0.0,0.0,0.6315968501359612,one_sided_upper_0.95,true,664d906899b1726ae6d0bd3856483c4590af875a9dfdc3fee14fdcb79dbc4e34
libcxx,QF,float,0.55,0.050000011920928955,seed,10004,target_upper_tail_q,0,0.1,1.0,900065,900065,a three-vector reached the caller,1.0,0.9999959015494495,1.0,two_sided_clopper_pearson_0.95,false,664d906899b1726ae6d0bd3856483c4590af875a9dfdc3fee14fdcb79dbc4e34
libcxx,QF,float,0.55,0.050000011920928955,seed,10004,target_upper_tail_q,1,0.01,0.1,89921,87690,a three-vector reached the caller,0.9751893328588428,0.9741516395106576,0.9761962152858323,two_sided_clopper_pearson_0.95,false,664d906899b1726ae6d0bd3856483c4590af875a9dfdc3fee14fdcb79dbc4e34
libcxx,QF,float,0.55,0.050000011920928955,seed,10004,target_upper_tail_q,2,0.001,0.01,9010,0,a three-vector reached the caller,0.0,0.0,0.0003324344399190382,one_sided_upper_0.95,true,664d906899b1726ae6d0bd3856483c4590af875a9dfdc3fee14fdcb79dbc4e34
libcxx,QF,float,0.55,0.050000011920928955,seed,10004,target_upper_tail_q,3,0.0001,0.001,904,0,a three-vector reached the caller,0.0,0.0,0.0033083783503061737,one_sided_upper_0.95,true,664d906899b1726ae6d0bd3856483c4590af875a9dfdc3fee14fdcb79dbc4e34
libcxx,QF,float,0.55,0.050000011920928955,seed,10004,target_upper_tail_q,4,1e-05,0.0001,89,0,a three-vector reached the caller,0.0,0.0,0.03309972123627414,one_sided_upper_0.95,true,664d906899b1726ae6d0bd3856483c4590af875a9dfdc3fee14fdcb79dbc4e34
libcxx,QF,float,0.55,0.050000011920928955,seed,10004,target_upper_tail_q,5,1e-06,1e-05,8,0,a three-vector reached the caller,0.0,0.0,0.3123439780663678,one_sided_upper_0.95,true,664d906899b1726ae6d0bd3856483c4590af875a9dfdc3fee14fdcb79dbc4e34
libcxx,QF,float,0.55,0.050000011920928955,seed,10004,target_upper_tail_q,6,1e-08,1e-06,3,0,a three-vector reached the caller,0.0,0.0,0.6315968501359612,one_sided_upper_0.95,true,664d906899b1726ae6d0bd3856483c4590af875a9dfdc3fee14fdcb79dbc4e34
libcxx,LEGACY,float,0.55,0.050000011920928955,seed,10005,target_upper_tail_q,0,0.1,1.0,899534,899534,a three-vector reached the caller,1.0,0.9999958991301159,1.0,two_sided_clopper_pearson_0.95,false,664d906899b1726ae6d0bd3856483c4590af875a9dfdc3fee14fdcb79dbc4e34
libcxx,LEGACY,float,0.55,0.050000011920928955,seed,10005,target_upper_tail_q,1,0.01,0.1,90390,90390,a three-vector reached the caller,1.0,0.9999591901296354,1.0,two_sided_clopper_pearson_0.95,false,664d906899b1726ae6d0bd3856483c4590af875a9dfdc3fee14fdcb79dbc4e34
libcxx,LEGACY,float,0.55,0.050000011920928955,seed,10005,target_upper_tail_q,2,0.001,0.01,9030,4250,a three-vector reached the caller,0.4706533776301218,0.4603139081837567,0.4810117903901912,two_sided_clopper_pearson_0.95,false,664d906899b1726ae6d0bd3856483c4590af875a9dfdc3fee14fdcb79dbc4e34
libcxx,LEGACY,float,0.55,0.050000011920928955,seed,10005,target_upper_tail_q,3,0.0001,0.001,945,0,a three-vector reached the caller,0.0,0.0,0.0031650676413726986,one_sided_upper_0.95,true,664d906899b1726ae6d0bd3856483c4590af875a9dfdc3fee14fdcb79dbc4e34
libcxx,LEGACY,float,0.55,0.050000011920928955,seed,10005,target_upper_tail_q,4,1e-05,0.0001,95,0,a three-vector reached the caller,0.0,0.0,0.031042011867954855,one_sided_upper_0.95,true,664d906899b1726ae6d0bd3856483c4590af875a9dfdc3fee14fdcb79dbc4e34
libcxx,LEGACY,float,0.55,0.050000011920928955,seed,10005,target_upper_tail_q,5,1e-06,1e-05,5,0,a three-vector reached the caller,0.0,0.0,0.4507197283469411,one_sided_upper_0.95,true,664d906899b1726ae6d0bd3856483c4590af875a9dfdc3fee14fdcb79dbc4e34
libcxx,LEGACY,float,0.55,0.050000011920928955,seed,10005,target_upper_tail_q,6,1e-08,1e-06,1,0,a three-vector reached the caller,0.0,0.0,0.95,one_sided_upper_0.95,true,664d906899b1726ae6d0bd3856483c4590af875a9dfdc3fee14fdcb79dbc4e34
libcxx,CANDIDATE,float,0.55,0.050000011920928955,seed,10005,target_upper_tail_q,0,0.1,1.0,899534,899534,a three-vector reached the caller,1.0,0.9999958991301159,1.0,two_sided_clopper_pearson_0.95,false,664d906899b1726ae6d0bd3856483c4590af875a9dfdc3fee14fdcb79dbc4e34
libcxx,CANDIDATE,float,0.55,0.050000011920928955,seed,10005,target_upper_tail_q,1,0.01,0.1,90390,90390,a three-vector reached the caller,1.0,0.9999591901296354,1.0,two_sided_clopper_pearson_0.95,false,664d906899b1726ae6d0bd3856483c4590af875a9dfdc3fee14fdcb79dbc4e34
libcxx,CANDIDATE,float,0.55,0.050000011920928955,seed,10005,target_upper_tail_q,2,0.001,0.01,9030,9030,a three-vector reached the caller,1.0,0.9995915696481,1.0,two_sided_clopper_pearson_0.95,false,664d906899b1726ae6d0bd3856483c4590af875a9dfdc3fee14fdcb79dbc4e34
libcxx,CANDIDATE,float,0.55,0.050000011920928955,seed,10005,target_upper_tail_q,3,0.0001,0.001,945,907,a three-vector reached the caller,0.9597883597883597,0.9452217828492643,0.9713894721509883,two_sided_clopper_pearson_0.95,false,664d906899b1726ae6d0bd3856483c4590af875a9dfdc3fee14fdcb79dbc4e34
libcxx,CANDIDATE,float,0.55,0.050000011920928955,seed,10005,target_upper_tail_q,4,1e-05,0.0001,95,0,a three-vector reached the caller,0.0,0.0,0.031042011867954855,one_sided_upper_0.95,true,664d906899b1726ae6d0bd3856483c4590af875a9dfdc3fee14fdcb79dbc4e34
libcxx,CANDIDATE,float,0.55,0.050000011920928955,seed,10005,target_upper_tail_q,5,1e-06,1e-05,5,0,a three-vector reached the caller,0.0,0.0,0.4507197283469411,one_sided_upper_0.95,true,664d906899b1726ae6d0bd3856483c4590af875a9dfdc3fee14fdcb79dbc4e34
libcxx,CANDIDATE,float,0.55,0.050000011920928955,seed,10005,target_upper_tail_q,6,1e-08,1e-06,1,0,a three-vector reached the caller,0.0,0.0,0.95,one_sided_upper_0.95,true,664d906899b1726ae6d0bd3856483c4590af875a9dfdc3fee14fdcb79dbc4e34
libcxx,QF,float,0.55,0.050000011920928955,seed,10005,target_upper_tail_q,0,0.1,1.0,899534,899534,a three-vector reached the caller,1.0,0.9999958991301159,1.0,two_sided_clopper_pearson_0.95,false,664d906899b1726ae6d0bd3856483c4590af875a9dfdc3fee14fdcb79dbc4e34
libcxx,QF,float,0.55,0.050000011920928955,seed,10005,target_upper_tail_q,1,0.01,0.1,90390,88215,a three-vector reached the caller,0.9759376037172254,0.9749176588645349,0.9769268465198553,two_sided_clopper_pearson_0.95,false,664d906899b1726ae6d0bd3856483c4590af875a9dfdc3fee14fdcb79dbc4e34
libcxx,QF,float,0.55,0.050000011920928955,seed,10005,target_upper_tail_q,2,0.001,0.01,9030,0,a three-vector reached the caller,0.0,0.0,0.0003316982731419449,one_sided_upper_0.95,true,664d906899b1726ae6d0bd3856483c4590af875a9dfdc3fee14fdcb79dbc4e34
libcxx,QF,float,0.55,0.050000011920928955,seed,10005,target_upper_tail_q,3,0.0001,0.001,945,0,a three-vector reached the caller,0.0,0.0,0.0031650676413726986,one_sided_upper_0.95,true,664d906899b1726ae6d0bd3856483c4590af875a9dfdc3fee14fdcb79dbc4e34
libcxx,QF,float,0.55,0.050000011920928955,seed,10005,target_upper_tail_q,4,1e-05,0.0001,95,0,a three-vector reached the caller,0.0,0.0,0.031042011867954855,one_sided_upper_0.95,true,664d906899b1726ae6d0bd3856483c4590af875a9dfdc3fee14fdcb79dbc4e34
libcxx,QF,float,0.55,0.050000011920928955,seed,10005,target_upper_tail_q,5,1e-06,1e-05,5,0,a three-vector reached the caller,0.0,0.0,0.4507197283469411,one_sided_upper_0.95,true,664d906899b1726ae6d0bd3856483c4590af875a9dfdc3fee14fdcb79dbc4e34
libcxx,QF,float,0.55,0.050000011920928955,seed,10005,target_upper_tail_q,6,1e-08,1e-06,1,0,a three-vector reached the caller,0.0,0.0,0.95,one_sided_upper_0.95,true,664d906899b1726ae6d0bd3856483c4590af875a9dfdc3fee14fdcb79dbc4e34
libcxx,LEGACY,float,0.6,0.10000002384185791,seed,10001,target_upper_tail_q,0,0.1,1.0,899655,899655,a three-vector reached the caller,1.0,0.9999958996816654,1.0,two_sided_clopper_pearson_0.95,false,664d906899b1726ae6d0bd3856483c4590af875a9dfdc3fee14fdcb79dbc4e34
libcxx,LEGACY,float,0.6,0.10000002384185791,seed,10001,target_upper_tail_q,1,0.01,0.1,90439,90439,a three-vector reached the caller,1.0,0.9999592122400398,1.0,two_sided_clopper_pearson_0.95,false,664d906899b1726ae6d0bd3856483c4590af875a9dfdc3fee14fdcb79dbc4e34
libcxx,LEGACY,float,0.6,0.10000002384185791,seed,10001,target_upper_tail_q,2,0.001,0.01,8904,8904,a three-vector reached the caller,1.0,0.9995857911704693,1.0,two_sided_clopper_pearson_0.95,false,664d906899b1726ae6d0bd3856483c4590af875a9dfdc3fee14fdcb79dbc4e34
libcxx,LEGACY,float,0.6,0.10000002384185791,seed,10001,target_upper_tail_q,3,0.0001,0.001,914,914,a three-vector reached the caller,1.0,0.9959721604490659,1.0,two_sided_clopper_pearson_0.95,false,664d906899b1726ae6d0bd3856483c4590af875a9dfdc3fee14fdcb79dbc4e34
libcxx,LEGACY,float,0.6,0.10000002384185791,seed,10001,target_upper_tail_q,4,1e-05,0.0001,77,51,a three-vector reached the caller,0.6623376623376623,0.5455406373534912,0.766224038020354,two_sided_clopper_pearson_0.95,false,664d906899b1726ae6d0bd3856483c4590af875a9dfdc3fee14fdcb79dbc4e34
libcxx,LEGACY,float,0.6,0.10000002384185791,seed,10001,target_upper_tail_q,5,1e-06,1e-05,10,0,a three-vector reached the caller,0.0,0.0,0.2588655508930522,one_sided_upper_0.95,true,664d906899b1726ae6d0bd3856483c4590af875a9dfdc3fee14fdcb79dbc4e34
libcxx,LEGACY,float,0.6,0.10000002384185791,seed,10001,target_upper_tail_q,6,1e-08,1e-06,1,0,a three-vector reached the caller,0.0,0.0,0.95,one_sided_upper_0.95,true,664d906899b1726ae6d0bd3856483c4590af875a9dfdc3fee14fdcb79dbc4e34
libcxx,CANDIDATE,float,0.6,0.10000002384185791,seed,10001,target_upper_tail_q,0,0.1,1.0,899655,899655,a three-vector reached the caller,1.0,0.9999958996816654,1.0,two_sided_clopper_pearson_0.95,false,664d906899b1726ae6d0bd3856483c4590af875a9dfdc3fee14fdcb79dbc4e34
libcxx,CANDIDATE,float,0.6,0.10000002384185791,seed,10001,target_upper_tail_q,1,0.01,0.1,90439,90439,a three-vector reached the caller,1.0,0.9999592122400398,1.0,two_sided_clopper_pearson_0.95,false,664d906899b1726ae6d0bd3856483c4590af875a9dfdc3fee14fdcb79dbc4e34
libcxx,CANDIDATE,float,0.6,0.10000002384185791,seed,10001,target_upper_tail_q,2,0.001,0.01,8904,8904,a three-vector reached the caller,1.0,0.9995857911704693,1.0,two_sided_clopper_pearson_0.95,false,664d906899b1726ae6d0bd3856483c4590af875a9dfdc3fee14fdcb79dbc4e34
libcxx,CANDIDATE,float,0.6,0.10000002384185791,seed,10001,target_upper_tail_q,3,0.0001,0.001,914,914,a three-vector reached the caller,1.0,0.9959721604490659,1.0,two_sided_clopper_pearson_0.95,false,664d906899b1726ae6d0bd3856483c4590af875a9dfdc3fee14fdcb79dbc4e34
libcxx,CANDIDATE,float,0.6,0.10000002384185791,seed,10001,target_upper_tail_q,4,1e-05,0.0001,77,77,a three-vector reached the caller,1.0,0.9532219318395959,1.0,two_sided_clopper_pearson_0.95,false,664d906899b1726ae6d0bd3856483c4590af875a9dfdc3fee14fdcb79dbc4e34
libcxx,CANDIDATE,float,0.6,0.10000002384185791,seed,10001,target_upper_tail_q,5,1e-06,1e-05,10,10,a three-vector reached the caller,1.0,0.6915028921812392,1.0,two_sided_clopper_pearson_0.95,false,664d906899b1726ae6d0bd3856483c4590af875a9dfdc3fee14fdcb79dbc4e34
libcxx,CANDIDATE,float,0.6,0.10000002384185791,seed,10001,target_upper_tail_q,6,1e-08,1e-06,1,1,a three-vector reached the caller,1.0,0.025000000000000022,1.0,two_sided_clopper_pearson_0.95,false,664d906899b1726ae6d0bd3856483c4590af875a9dfdc3fee14fdcb79dbc4e34
libcxx,QF,float,0.6,0.10000002384185791,seed,10001,target_upper_tail_q,0,0.1,1.0,899655,899655,a three-vector reached the caller,1.0,0.9999958996816654,1.0,two_sided_clopper_pearson_0.95,false,664d906899b1726ae6d0bd3856483c4590af875a9dfdc3fee14fdcb79dbc4e34
libcxx,QF,float,0.6,0.10000002384185791,seed,10001,target_upper_tail_q,1,0.01,0.1,90439,90439,a three-vector reached the caller,1.0,0.9999592122400398,1.0,two_sided_clopper_pearson_0.95,false,664d906899b1726ae6d0bd3856483c4590af875a9dfdc3fee14fdcb79dbc4e34
libcxx,QF,float,0.6,0.10000002384185791,seed,10001,target_upper_tail_q,2,0.001,0.01,8904,8904,a three-vector reached the caller,1.0,0.9995857911704693,1.0,two_sided_clopper_pearson_0.95,false,664d906899b1726ae6d0bd3856483c4590af875a9dfdc3fee14fdcb79dbc4e34
libcxx,QF,float,0.6,0.10000002384185791,seed,10001,target_upper_tail_q,3,0.0001,0.001,914,873,a three-vector reached the caller,0.9551422319474836,0.9396348032616111,0.9676200665539443,two_sided_clopper_pearson_0.95,false,664d906899b1726ae6d0bd3856483c4590af875a9dfdc3fee14fdcb79dbc4e34
libcxx,QF,float,0.6,0.10000002384185791,seed,10001,target_upper_tail_q,4,1e-05,0.0001,77,0,a three-vector reached the caller,0.0,0.0,0.03815851071154541,one_sided_upper_0.95,true,664d906899b1726ae6d0bd3856483c4590af875a9dfdc3fee14fdcb79dbc4e34
libcxx,QF,float,0.6,0.10000002384185791,seed,10001,target_upper_tail_q,5,1e-06,1e-05,10,0,a three-vector reached the caller,0.0,0.0,0.2588655508930522,one_sided_upper_0.95,true,664d906899b1726ae6d0bd3856483c4590af875a9dfdc3fee14fdcb79dbc4e34
libcxx,QF,float,0.6,0.10000002384185791,seed,10001,target_upper_tail_q,6,1e-08,1e-06,1,0,a three-vector reached the caller,0.0,0.0,0.95,one_sided_upper_0.95,true,664d906899b1726ae6d0bd3856483c4590af875a9dfdc3fee14fdcb79dbc4e34
libcxx,LEGACY,float,0.6,0.10000002384185791,seed,10002,target_upper_tail_q,0,0.1,1.0,899782,899782,a three-vector reached the caller,1.0,0.9999959002604049,1.0,two_sided_clopper_pearson_0.95,false,664d906899b1726ae6d0bd3856483c4590af875a9dfdc3fee14fdcb79dbc4e34
libcxx,LEGACY,float,0.6,0.10000002384185791,seed,10002,target_upper_tail_q,1,0.01,0.1,90246,90246,a three-vector reached the caller,1.0,0.9999591250131623,1.0,two_sided_clopper_pearson_0.95,false,664d906899b1726ae6d0bd3856483c4590af875a9dfdc3fee14fdcb79dbc4e34
libcxx,LEGACY,float,0.6,0.10000002384185791,seed,10002,target_upper_tail_q,2,0.001,0.01,9000,9000,a three-vector reached the caller,1.0,0.999590208492584,1.0,two_sided_clopper_pearson_0.95,false,664d906899b1726ae6d0bd3856483c4590af875a9dfdc3fee14fdcb79dbc4e34
libcxx,LEGACY,float,0.6,0.10000002384185791,seed,10002,target_upper_tail_q,3,0.0001,0.001,887,887,a three-vector reached the caller,1.0,0.9958498090515897,1.0,two_sided_clopper_pearson_0.95,false,664d906899b1726ae6d0bd3856483c4590af875a9dfdc3fee14fdcb79dbc4e34
libcxx,LEGACY,float,0.6,0.10000002384185791,seed,10002,target_upper_tail_q,4,1e-05,0.0001,79,59,a three-vector reached the caller,0.7468354430379747,0.6364382777794118,0.837994071016507,two_sided_clopper_pearson_0.95,false,664d906899b1726ae6d0bd3856483c4590af875a9dfdc3fee14fdcb79dbc4e34
libcxx,LEGACY,float,0.6,0.10000002384185791,seed,10002,target_upper_tail_q,5,1e-06,1e-05,6,0,a three-vector reached the caller,0.0,0.0,0.39303776899708265,one_sided_upper_0.95,true,664d906899b1726ae6d0bd3856483c4590af875a9dfdc3fee14fdcb79dbc4e34
libcxx,CANDIDATE,float,0.6,0.10000002384185791,seed,10002,target_upper_tail_q,0,0.1,1.0,899782,899782,a three-vector reached the caller,1.0,0.9999959002604049,1.0,two_sided_clopper_pearson_0.95,false,664d906899b1726ae6d0bd3856483c4590af875a9dfdc3fee14fdcb79dbc4e34
libcxx,CANDIDATE,float,0.6,0.10000002384185791,seed,10002,target_upper_tail_q,1,0.01,0.1,90246,90246,a three-vector reached the caller,1.0,0.9999591250131623,1.0,two_sided_clopper_pearson_0.95,false,664d906899b1726ae6d0bd3856483c4590af875a9dfdc3fee14fdcb79dbc4e34
libcxx,CANDIDATE,float,0.6,0.10000002384185791,seed,10002,target_upper_tail_q,2,0.001,0.01,9000,9000,a three-vector reached the caller,1.0,0.999590208492584,1.0,two_sided_clopper_pearson_0.95,false,664d906899b1726ae6d0bd3856483c4590af875a9dfdc3fee14fdcb79dbc4e34
libcxx,CANDIDATE,float,0.6,0.10000002384185791,seed,10002,target_upper_tail_q,3,0.0001,0.001,887,887,a three-vector reached the caller,1.0,0.9958498090515897,1.0,two_sided_clopper_pearson_0.95,false,664d906899b1726ae6d0bd3856483c4590af875a9dfdc3fee14fdcb79dbc4e34
libcxx,CANDIDATE,float,0.6,0.10000002384185791,seed,10002,target_upper_tail_q,4,1e-05,0.0001,79,79,a three-vector reached the caller,1.0,0.9543787472413889,1.0,two_sided_clopper_pearson_0.95,false,664d906899b1726ae6d0bd3856483c4590af875a9dfdc3fee14fdcb79dbc4e34
libcxx,CANDIDATE,float,0.6,0.10000002384185791,seed,10002,target_upper_tail_q,5,1e-06,1e-05,6,6,a three-vector reached the caller,1.0,0.5407418735600996,1.0,two_sided_clopper_pearson_0.95,false,664d906899b1726ae6d0bd3856483c4590af875a9dfdc3fee14fdcb79dbc4e34
libcxx,QF,float,0.6,0.10000002384185791,seed,10002,target_upper_tail_q,0,0.1,1.0,899782,899782,a three-vector reached the caller,1.0,0.9999959002604049,1.0,two_sided_clopper_pearson_0.95,false,664d906899b1726ae6d0bd3856483c4590af875a9dfdc3fee14fdcb79dbc4e34
libcxx,QF,float,0.6,0.10000002384185791,seed,10002,target_upper_tail_q,1,0.01,0.1,90246,90246,a three-vector reached the caller,1.0,0.9999591250131623,1.0,two_sided_clopper_pearson_0.95,false,664d906899b1726ae6d0bd3856483c4590af875a9dfdc3fee14fdcb79dbc4e34
libcxx,QF,float,0.6,0.10000002384185791,seed,10002,target_upper_tail_q,2,0.001,0.01,9000,9000,a three-vector reached the caller,1.0,0.999590208492584,1.0,two_sided_clopper_pearson_0.95,false,664d906899b1726ae6d0bd3856483c4590af875a9dfdc3fee14fdcb79dbc4e34
libcxx,QF,float,0.6,0.10000002384185791,seed,10002,target_upper_tail_q,3,0.0001,0.001,887,845,a three-vector reached the caller,0.9526493799323562,0.9365318281998346,0.9656639744003354,two_sided_clopper_pearson_0.95,false,664d906899b1726ae6d0bd3856483c4590af875a9dfdc3fee14fdcb79dbc4e34
libcxx,QF,float,0.6,0.10000002384185791,seed,10002,target_upper_tail_q,4,1e-05,0.0001,79,0,a three-vector reached the caller,0.0,0.0,0.03721067606158024,one_sided_upper_0.95,true,664d906899b1726ae6d0bd3856483c4590af875a9dfdc3fee14fdcb79dbc4e34
libcxx,QF,float,0.6,0.10000002384185791,seed,10002,target_upper_tail_q,5,1e-06,1e-05,6,0,a three-vector reached the caller,0.0,0.0,0.39303776899708265,one_sided_upper_0.95,true,664d906899b1726ae6d0bd3856483c4590af875a9dfdc3fee14fdcb79dbc4e34
libcxx,LEGACY,float,0.6,0.10000002384185791,seed,10003,target_upper_tail_q,0,0.1,1.0,899951,899951,a three-vector reached the caller,1.0,0.9999959010302852,1.0,two_sided_clopper_pearson_0.95,false,664d906899b1726ae6d0bd3856483c4590af875a9dfdc3fee14fdcb79dbc4e34
libcxx,LEGACY,float,0.6,0.10000002384185791,seed,10003,target_upper_tail_q,1,0.01,0.1,90002,90002,a three-vector reached the caller,1.0,0.9999590142012649,1.0,two_sided_clopper_pearson_0.95,false,664d906899b1726ae6d0bd3856483c4590af875a9dfdc3fee14fdcb79dbc4e34
libcxx,LEGACY,float,0.6,0.10000002384185791,seed,10003,target_upper_tail_q,2,0.001,0.01,9024,9024,a three-vector reached the caller,1.0,0.9995912981408678,1.0,two_sided_clopper_pearson_0.95,false,664d906899b1726ae6d0bd3856483c4590af875a9dfdc3fee14fdcb79dbc4e34
libcxx,LEGACY,float,0.6,0.10000002384185791,seed,10003,target_upper_tail_q,3,0.0001,0.001,913,913,a three-vector reached the caller,1.0,0.9959677577020697,1.0,two_sided_clopper_pearson_0.95,false,664d906899b1726ae6d0bd3856483c4590af875a9dfdc3fee14fdcb79dbc4e34
libcxx,LEGACY,float,0.6,0.10000002384185791,seed,10003,target_upper_tail_q,4,1e-05,0.0001,95,78,a three-vector reached the caller,0.8210526315789474,0.7290204757730646,0.8921597093358713,two_sided_clopper_pearson_0.95,false,664d906899b1726ae6d0bd3856483c4590af875a9dfdc3fee14fdcb79dbc4e34
libcxx,LEGACY,float,0.6,0.10000002384185791,seed,10003,target_upper_tail_q,5,1e-06,1e-05,14,0,a three-vector reached the caller,0.0,0.0,0.19263617565013524,one_sided_upper_0.95,true,664d906899b1726ae6d0bd3856483c4590af875a9dfdc3fee14fdcb79dbc4e34
libcxx,LEGACY,float,0.6,0.10000002384185791,seed,10003,target_upper_tail_q,6,1e-08,1e-06,1,0,a three-vector reached the caller,0.0,0.0,0.95,one_sided_upper_0.95,true,664d906899b1726ae6d0bd3856483c4590af875a9dfdc3fee14fdcb79dbc4e34
libcxx,CANDIDATE,float,0.6,0.10000002384185791,seed,10003,target_upper_tail_q,0,0.1,1.0,899951,899951,a three-vector reached the caller,1.0,0.9999959010302852,1.0,two_sided_clopper_pearson_0.95,false,664d906899b1726ae6d0bd3856483c4590af875a9dfdc3fee14fdcb79dbc4e34
libcxx,CANDIDATE,float,0.6,0.10000002384185791,seed,10003,target_upper_tail_q,1,0.01,0.1,90002,90002,a three-vector reached the caller,1.0,0.9999590142012649,1.0,two_sided_clopper_pearson_0.95,false,664d906899b1726ae6d0bd3856483c4590af875a9dfdc3fee14fdcb79dbc4e34
libcxx,CANDIDATE,float,0.6,0.10000002384185791,seed,10003,target_upper_tail_q,2,0.001,0.01,9024,9024,a three-vector reached the caller,1.0,0.9995912981408678,1.0,two_sided_clopper_pearson_0.95,false,664d906899b1726ae6d0bd3856483c4590af875a9dfdc3fee14fdcb79dbc4e34
libcxx,CANDIDATE,float,0.6,0.10000002384185791,seed,10003,target_upper_tail_q,3,0.0001,0.001,913,913,a three-vector reached the caller,1.0,0.9959677577020697,1.0,two_sided_clopper_pearson_0.95,false,664d906899b1726ae6d0bd3856483c4590af875a9dfdc3fee14fdcb79dbc4e34
libcxx,CANDIDATE,float,0.6,0.10000002384185791,seed,10003,target_upper_tail_q,4,1e-05,0.0001,95,95,a three-vector reached the caller,1.0,0.9619139224299894,1.0,two_sided_clopper_pearson_0.95,false,664d906899b1726ae6d0bd3856483c4590af875a9dfdc3fee14fdcb79dbc4e34
libcxx,CANDIDATE,float,0.6,0.10000002384185791,seed,10003,target_upper_tail_q,5,1e-06,1e-05,14,14,a three-vector reached the caller,1.0,0.7683642383498835,1.0,two_sided_clopper_pearson_0.95,false,664d906899b1726ae6d0bd3856483c4590af875a9dfdc3fee14fdcb79dbc4e34
libcxx,CANDIDATE,float,0.6,0.10000002384185791,seed,10003,target_upper_tail_q,6,1e-08,1e-06,1,1,a three-vector reached the caller,1.0,0.025000000000000022,1.0,two_sided_clopper_pearson_0.95,false,664d906899b1726ae6d0bd3856483c4590af875a9dfdc3fee14fdcb79dbc4e34
libcxx,QF,float,0.6,0.10000002384185791,seed,10003,target_upper_tail_q,0,0.1,1.0,899951,899951,a three-vector reached the caller,1.0,0.9999959010302852,1.0,two_sided_clopper_pearson_0.95,false,664d906899b1726ae6d0bd3856483c4590af875a9dfdc3fee14fdcb79dbc4e34
libcxx,QF,float,0.6,0.10000002384185791,seed,10003,target_upper_tail_q,1,0.01,0.1,90002,90002,a three-vector reached the caller,1.0,0.9999590142012649,1.0,two_sided_clopper_pearson_0.95,false,664d906899b1726ae6d0bd3856483c4590af875a9dfdc3fee14fdcb79dbc4e34
libcxx,QF,float,0.6,0.10000002384185791,seed,10003,target_upper_tail_q,2,0.001,0.01,9024,9024,a three-vector reached the caller,1.0,0.9995912981408678,1.0,two_sided_clopper_pearson_0.95,false,664d906899b1726ae6d0bd3856483c4590af875a9dfdc3fee14fdcb79dbc4e34
libcxx,QF,float,0.6,0.10000002384185791,seed,10003,target_upper_tail_q,3,0.0001,0.001,913,856,a three-vector reached the caller,0.9375684556407448,0.9198659538832692,0.9523756068947401,two_sided_clopper_pearson_0.95,false,664d906899b1726ae6d0bd3856483c4590af875a9dfdc3fee14fdcb79dbc4e34
libcxx,QF,float,0.6,0.10000002384185791,seed,10003,target_upper_tail_q,4,1e-05,0.0001,95,0,a three-vector reached the caller,0.0,0.0,0.031042011867954855,one_sided_upper_0.95,true,664d906899b1726ae6d0bd3856483c4590af875a9dfdc3fee14fdcb79dbc4e34
libcxx,QF,float,0.6,0.10000002384185791,seed,10003,target_upper_tail_q,5,1e-06,1e-05,14,0,a three-vector reached the caller,0.0,0.0,0.19263617565013524,one_sided_upper_0.95,true,664d906899b1726ae6d0bd3856483c4590af875a9dfdc3fee14fdcb79dbc4e34
libcxx,QF,float,0.6,0.10000002384185791,seed,10003,target_upper_tail_q,6,1e-08,1e-06,1,0,a three-vector reached the caller,0.0,0.0,0.95,one_sided_upper_0.95,true,664d906899b1726ae6d0bd3856483c4590af875a9dfdc3fee14fdcb79dbc4e34
libcxx,LEGACY,float,0.6,0.10000002384185791,seed,10004,target_upper_tail_q,0,0.1,1.0,899636,899636,a three-vector reached the caller,1.0,0.9999958995950683,1.0,two_sided_clopper_pearson_0.95,false,664d906899b1726ae6d0bd3856483c4590af875a9dfdc3fee14fdcb79dbc4e34
libcxx,LEGACY,float,0.6,0.10000002384185791,seed,10004,target_upper_tail_q,1,0.01,0.1,90314,90314,a three-vector reached the caller,1.0,0.9999591557884834,1.0,two_sided_clopper_pearson_0.95,false,664d906899b1726ae6d0bd3856483c4590af875a9dfdc3fee14fdcb79dbc4e34
libcxx,LEGACY,float,0.6,0.10000002384185791,seed,10004,target_upper_tail_q,2,0.001,0.01,9061,9061,a three-vector reached the caller,1.0,0.9995929667084428,1.0,two_sided_clopper_pearson_0.95,false,664d906899b1726ae6d0bd3856483c4590af875a9dfdc3fee14fdcb79dbc4e34
libcxx,LEGACY,float,0.6,0.10000002384185791,seed,10004,target_upper_tail_q,3,0.0001,0.001,894,894,a three-vector reached the caller,1.0,0.9958822379562879,1.0,two_sided_clopper_pearson_0.95,false,664d906899b1726ae6d0bd3856483c4590af875a9dfdc3fee14fdcb79dbc4e34
libcxx,LEGACY,float,0.6,0.10000002384185791,seed,10004,target_upper_tail_q,4,1e-05,0.0001,89,63,a three-vector reached the caller,0.7078651685393258,0.6019310369325552,0.7994924274656486,two_sided_clopper_pearson_0.95,false,664d906899b1726ae6d0bd3856483c4590af875a9dfdc3fee14fdcb79dbc4e34
libcxx,LEGACY,float,0.6,0.10000002384185791,seed,10004,target_upper_tail_q,5,1e-06,1e-05,4,0,a three-vector reached the caller,0.0,0.0,0.527129195498412,one_sided_upper_0.95,true,664d906899b1726ae6d0bd3856483c4590af875a9dfdc3fee14fdcb79dbc4e34
libcxx,LEGACY,float,0.6,0.10000002384185791,seed,10004,target_upper_tail_q,6,1e-08,1e-06,2,0,a three-vector reached the caller,0.0,0.0,0.776393202250021,one_sided_upper_0.95,true,664d906899b1726ae6d0bd3856483c4590af875a9dfdc3fee14fdcb79dbc4e34
libcxx,CANDIDATE,float,0.6,0.10000002384185791,seed,10004,target_upper_tail_q,0,0.1,1.0,899636,899636,a three-vector reached the caller,1.0,0.9999958995950683,1.0,two_sided_clopper_pearson_0.95,false,664d906899b1726ae6d0bd3856483c4590af875a9dfdc3fee14fdcb79dbc4e34
libcxx,CANDIDATE,float,0.6,0.10000002384185791,seed,10004,target_upper_tail_q,1,0.01,0.1,90314,90314,a three-vector reached the caller,1.0,0.9999591557884834,1.0,two_sided_clopper_pearson_0.95,false,664d906899b1726ae6d0bd3856483c4590af875a9dfdc3fee14fdcb79dbc4e34
libcxx,CANDIDATE,float,0.6,0.10000002384185791,seed,10004,target_upper_tail_q,2,0.001,0.01,9061,9061,a three-vector reached the caller,1.0,0.9995929667084428,1.0,two_sided_clopper_pearson_0.95,false,664d906899b1726ae6d0bd3856483c4590af875a9dfdc3fee14fdcb79dbc4e34
libcxx,CANDIDATE,float,0.6,0.10000002384185791,seed,10004,target_upper_tail_q,3,0.0001,0.001,894,894,a three-vector reached the caller,1.0,0.9958822379562879,1.0,two_sided_clopper_pearson_0.95,false,664d906899b1726ae6d0bd3856483c4590af875a9dfdc3fee14fdcb79dbc4e34
libcxx,CANDIDATE,float,0.6,0.10000002384185791,seed,10004,target_upper_tail_q,4,1e-05,0.0001,89,89,a three-vector reached the caller,1.0,0.9593991424503682,1.0,two_sided_clopper_pearson_0.95,false,664d906899b1726ae6d0bd3856483c4590af875a9dfdc3fee14fdcb79dbc4e34
libcxx,CANDIDATE,float,0.6,0.10000002384185791,seed,10004,target_upper_tail_q,5,1e-06,1e-05,4,4,a three-vector reached the caller,1.0,0.3976353643835254,1.0,two_sided_clopper_pearson_0.95,false,664d906899b1726ae6d0bd3856483c4590af875a9dfdc3fee14fdcb79dbc4e34
libcxx,CANDIDATE,float,0.6,0.10000002384185791,seed,10004,target_upper_tail_q,6,1e-08,1e-06,2,2,a three-vector reached the caller,1.0,0.15811388300841903,1.0,two_sided_clopper_pearson_0.95,false,664d906899b1726ae6d0bd3856483c4590af875a9dfdc3fee14fdcb79dbc4e34
libcxx,QF,float,0.6,0.10000002384185791,seed,10004,target_upper_tail_q,0,0.1,1.0,899636,899636,a three-vector reached the caller,1.0,0.9999958995950683,1.0,two_sided_clopper_pearson_0.95,false,664d906899b1726ae6d0bd3856483c4590af875a9dfdc3fee14fdcb79dbc4e34
libcxx,QF,float,0.6,0.10000002384185791,seed,10004,target_upper_tail_q,1,0.01,0.1,90314,90314,a three-vector reached the caller,1.0,0.9999591557884834,1.0,two_sided_clopper_pearson_0.95,false,664d906899b1726ae6d0bd3856483c4590af875a9dfdc3fee14fdcb79dbc4e34
libcxx,QF,float,0.6,0.10000002384185791,seed,10004,target_upper_tail_q,2,0.001,0.01,9061,9061,a three-vector reached the caller,1.0,0.9995929667084428,1.0,two_sided_clopper_pearson_0.95,false,664d906899b1726ae6d0bd3856483c4590af875a9dfdc3fee14fdcb79dbc4e34
libcxx,QF,float,0.6,0.10000002384185791,seed,10004,target_upper_tail_q,3,0.0001,0.001,894,850,a three-vector reached the caller,0.9507829977628636,0.9344887993179191,0.9640144357269167,two_sided_clopper_pearson_0.95,false,664d906899b1726ae6d0bd3856483c4590af875a9dfdc3fee14fdcb79dbc4e34
libcxx,QF,float,0.6,0.10000002384185791,seed,10004,target_upper_tail_q,4,1e-05,0.0001,89,0,a three-vector reached the caller,0.0,0.0,0.03309972123627414,one_sided_upper_0.95,true,664d906899b1726ae6d0bd3856483c4590af875a9dfdc3fee14fdcb79dbc4e34
libcxx,QF,float,0.6,0.10000002384185791,seed,10004,target_upper_tail_q,5,1e-06,1e-05,4,0,a three-vector reached the caller,0.0,0.0,0.527129195498412,one_sided_upper_0.95,true,664d906899b1726ae6d0bd3856483c4590af875a9dfdc3fee14fdcb79dbc4e34
libcxx,QF,float,0.6,0.10000002384185791,seed,10004,target_upper_tail_q,6,1e-08,1e-06,2,0,a three-vector reached the caller,0.0,0.0,0.776393202250021,one_sided_upper_0.95,true,664d906899b1726ae6d0bd3856483c4590af875a9dfdc3fee14fdcb79dbc4e34
libcxx,LEGACY,float,0.6,0.10000002384185791,seed,10005,target_upper_tail_q,0,0.1,1.0,899369,899369,a three-vector reached the caller,1.0,0.9999958983777638,1.0,two_sided_clopper_pearson_0.95,false,664d906899b1726ae6d0bd3856483c4590af875a9dfdc3fee14fdcb79dbc4e34
libcxx,LEGACY,float,0.6,0.10000002384185791,seed,10005,target_upper_tail_q,1,0.01,0.1,90577,90577,a three-vector reached the caller,1.0,0.9999592743816018,1.0,two_sided_clopper_pearson_0.95,false,664d906899b1726ae6d0bd3856483c4590af875a9dfdc3fee14fdcb79dbc4e34
libcxx,LEGACY,float,0.6,0.10000002384185791,seed,10005,target_upper_tail_q,2,0.001,0.01,9023,9023,a three-vector reached the caller,1.0,0.9995912528545638,1.0,two_sided_clopper_pearson_0.95,false,664d906899b1726ae6d0bd3856483c4590af875a9dfdc3fee14fdcb79dbc4e34
libcxx,LEGACY,float,0.6,0.10000002384185791,seed,10005,target_upper_tail_q,3,0.0001,0.001,926,926,a three-vector reached the caller,1.0,0.9960242531749466,1.0,two_sided_clopper_pearson_0.95,false,664d906899b1726ae6d0bd3856483c4590af875a9dfdc3fee14fdcb79dbc4e34
libcxx,LEGACY,float,0.6,0.10000002384185791,seed,10005,target_upper_tail_q,4,1e-05,0.0001,99,74,a three-vector reached the caller,0.7474747474747475,0.6501832738378421,0.8294360960038725,two_sided_clopper_pearson_0.95,false,664d906899b1726ae6d0bd3856483c4590af875a9dfdc3fee14fdcb79dbc4e34
libcxx,LEGACY,float,0.6,0.10000002384185791,seed,10005,target_upper_tail_q,5,1e-06,1e-05,5,0,a three-vector reached the caller,0.0,0.0,0.4507197283469411,one_sided_upper_0.95,true,664d906899b1726ae6d0bd3856483c4590af875a9dfdc3fee14fdcb79dbc4e34
libcxx,LEGACY,float,0.6,0.10000002384185791,seed,10005,target_upper_tail_q,6,1e-08,1e-06,1,0,a three-vector reached the caller,0.0,0.0,0.95,one_sided_upper_0.95,true,664d906899b1726ae6d0bd3856483c4590af875a9dfdc3fee14fdcb79dbc4e34
libcxx,CANDIDATE,float,0.6,0.10000002384185791,seed,10005,target_upper_tail_q,0,0.1,1.0,899369,899369,a three-vector reached the caller,1.0,0.9999958983777638,1.0,two_sided_clopper_pearson_0.95,false,664d906899b1726ae6d0bd3856483c4590af875a9dfdc3fee14fdcb79dbc4e34
libcxx,CANDIDATE,float,0.6,0.10000002384185791,seed,10005,target_upper_tail_q,1,0.01,0.1,90577,90577,a three-vector reached the caller,1.0,0.9999592743816018,1.0,two_sided_clopper_pearson_0.95,false,664d906899b1726ae6d0bd3856483c4590af875a9dfdc3fee14fdcb79dbc4e34
libcxx,CANDIDATE,float,0.6,0.10000002384185791,seed,10005,target_upper_tail_q,2,0.001,0.01,9023,9023,a three-vector reached the caller,1.0,0.9995912528545638,1.0,two_sided_clopper_pearson_0.95,false,664d906899b1726ae6d0bd3856483c4590af875a9dfdc3fee14fdcb79dbc4e34
libcxx,CANDIDATE,float,0.6,0.10000002384185791,seed,10005,target_upper_tail_q,3,0.0001,0.001,926,926,a three-vector reached the caller,1.0,0.9960242531749466,1.0,two_sided_clopper_pearson_0.95,false,664d906899b1726ae6d0bd3856483c4590af875a9dfdc3fee14fdcb79dbc4e34
libcxx,CANDIDATE,float,0.6,0.10000002384185791,seed,10005,target_upper_tail_q,4,1e-05,0.0001,99,99,a three-vector reached the caller,1.0,0.9634242550165211,1.0,two_sided_clopper_pearson_0.95,false,664d906899b1726ae6d0bd3856483c4590af875a9dfdc3fee14fdcb79dbc4e34
libcxx,CANDIDATE,float,0.6,0.10000002384185791,seed,10005,target_upper_tail_q,5,1e-06,1e-05,5,5,a three-vector reached the caller,1.0,0.47817624989501856,1.0,two_sided_clopper_pearson_0.95,false,664d906899b1726ae6d0bd3856483c4590af875a9dfdc3fee14fdcb79dbc4e34
libcxx,CANDIDATE,float,0.6,0.10000002384185791,seed,10005,target_upper_tail_q,6,1e-08,1e-06,1,1,a three-vector reached the caller,1.0,0.025000000000000022,1.0,two_sided_clopper_pearson_0.95,false,664d906899b1726ae6d0bd3856483c4590af875a9dfdc3fee14fdcb79dbc4e34
libcxx,QF,float,0.6,0.10000002384185791,seed,10005,target_upper_tail_q,0,0.1,1.0,899369,899369,a three-vector reached the caller,1.0,0.9999958983777638,1.0,two_sided_clopper_pearson_0.95,false,664d906899b1726ae6d0bd3856483c4590af875a9dfdc3fee14fdcb79dbc4e34
libcxx,QF,float,0.6,0.10000002384185791,seed,10005,target_upper_tail_q,1,0.01,0.1,90577,90577,a three-vector reached the caller,1.0,0.9999592743816018,1.0,two_sided_clopper_pearson_0.95,false,664d906899b1726ae6d0bd3856483c4590af875a9dfdc3fee14fdcb79dbc4e34
libcxx,QF,float,0.6,0.10000002384185791,seed,10005,target_upper_tail_q,2,0.001,0.01,9023,9023,a three-vector reached the caller,1.0,0.9995912528545638,1.0,two_sided_clopper_pearson_0.95,false,664d906899b1726ae6d0bd3856483c4590af875a9dfdc3fee14fdcb79dbc4e34
libcxx,QF,float,0.6,0.10000002384185791,seed,10005,target_upper_tail_q,3,0.0001,0.001,926,877,a three-vector reached the caller,0.9470842332613391,0.9306429477512767,0.9605996874478637,two_sided_clopper_pearson_0.95,false,664d906899b1726ae6d0bd3856483c4590af875a9dfdc3fee14fdcb79dbc4e34
libcxx,QF,float,0.6,0.10000002384185791,seed,10005,target_upper_tail_q,4,1e-05,0.0001,99,0,a three-vector reached the caller,0.0,0.0,0.02980667377335089,one_sided_upper_0.95,true,664d906899b1726ae6d0bd3856483c4590af875a9dfdc3fee14fdcb79dbc4e34
libcxx,QF,float,0.6,0.10000002384185791,seed,10005,target_upper_tail_q,5,1e-06,1e-05,5,0,a three-vector reached the caller,0.0,0.0,0.4507197283469411,one_sided_upper_0.95,true,664d906899b1726ae6d0bd3856483c4590af875a9dfdc3fee14fdcb79dbc4e34
libcxx,QF,float,0.6,0.10000002384185791,seed,10005,target_upper_tail_q,6,1e-08,1e-06,1,0,a three-vector reached the caller,0.0,0.0,0.95,one_sided_upper_0.95,true,664d906899b1726ae6d0bd3856483c4590af875a9dfdc3fee14fdcb79dbc4e34
libcxx,LEGACY,float,0.75,0.25,seed,10001,target_upper_tail_q,0,0.1,1.0,899816,899816,a three-vector reached the caller,1.0,0.9999959004153153,1.0,two_sided_clopper_pearson_0.95,false,664d906899b1726ae6d0bd3856483c4590af875a9dfdc3fee14fdcb79dbc4e34
libcxx,LEGACY,float,0.75,0.25,seed,10001,target_upper_tail_q,1,0.01,0.1,90292,90292,a three-vector reached the caller,1.0,0.9999591458368343,1.0,two_sided_clopper_pearson_0.95,false,664d906899b1726ae6d0bd3856483c4590af875a9dfdc3fee14fdcb79dbc4e34
libcxx,LEGACY,float,0.75,0.25,seed,10001,target_upper_tail_q,2,0.001,0.01,8934,8934,a three-vector reached the caller,1.0,0.9995871817793386,1.0,two_sided_clopper_pearson_0.95,false,664d906899b1726ae6d0bd3856483c4590af875a9dfdc3fee14fdcb79dbc4e34
libcxx,LEGACY,float,0.75,0.25,seed,10001,target_upper_tail_q,3,0.0001,0.001,871,871,a three-vector reached the caller,1.0,0.9957737326562556,1.0,two_sided_clopper_pearson_0.95,false,664d906899b1726ae6d0bd3856483c4590af875a9dfdc3fee14fdcb79dbc4e34
libcxx,LEGACY,float,0.75,0.25,seed,10001,target_upper_tail_q,4,1e-05,0.0001,78,78,a three-vector reached the caller,1.0,0.9538075796719513,1.0,two_sided_clopper_pearson_0.95,false,664d906899b1726ae6d0bd3856483c4590af875a9dfdc3fee14fdcb79dbc4e34
libcxx,LEGACY,float,0.75,0.25,seed,10001,target_upper_tail_q,5,1e-06,1e-05,7,7,a three-vector reached the caller,1.0,0.5903836027749967,1.0,two_sided_clopper_pearson_0.95,false,664d906899b1726ae6d0bd3856483c4590af875a9dfdc3fee14fdcb79dbc4e34
libcxx,LEGACY,float,0.75,0.25,seed,10001,target_upper_tail_q,6,1e-08,1e-06,2,2,a three-vector reached the caller,1.0,0.15811388300841903,1.0,two_sided_clopper_pearson_0.95,false,664d906899b1726ae6d0bd3856483c4590af875a9dfdc3fee14fdcb79dbc4e34
libcxx,CANDIDATE,float,0.75,0.25,seed,10001,target_upper_tail_q,0,0.1,1.0,899816,899816,a three-vector reached the caller,1.0,0.9999959004153153,1.0,two_sided_clopper_pearson_0.95,false,664d906899b1726ae6d0bd3856483c4590af875a9dfdc3fee14fdcb79dbc4e34
libcxx,CANDIDATE,float,0.75,0.25,seed,10001,target_upper_tail_q,1,0.01,0.1,90292,90292,a three-vector reached the caller,1.0,0.9999591458368343,1.0,two_sided_clopper_pearson_0.95,false,664d906899b1726ae6d0bd3856483c4590af875a9dfdc3fee14fdcb79dbc4e34
libcxx,CANDIDATE,float,0.75,0.25,seed,10001,target_upper_tail_q,2,0.001,0.01,8934,8934,a three-vector reached the caller,1.0,0.9995871817793386,1.0,two_sided_clopper_pearson_0.95,false,664d906899b1726ae6d0bd3856483c4590af875a9dfdc3fee14fdcb79dbc4e34
libcxx,CANDIDATE,float,0.75,0.25,seed,10001,target_upper_tail_q,3,0.0001,0.001,871,871,a three-vector reached the caller,1.0,0.9957737326562556,1.0,two_sided_clopper_pearson_0.95,false,664d906899b1726ae6d0bd3856483c4590af875a9dfdc3fee14fdcb79dbc4e34
libcxx,CANDIDATE,float,0.75,0.25,seed,10001,target_upper_tail_q,4,1e-05,0.0001,78,78,a three-vector reached the caller,1.0,0.9538075796719513,1.0,two_sided_clopper_pearson_0.95,false,664d906899b1726ae6d0bd3856483c4590af875a9dfdc3fee14fdcb79dbc4e34
libcxx,CANDIDATE,float,0.75,0.25,seed,10001,target_upper_tail_q,5,1e-06,1e-05,7,7,a three-vector reached the caller,1.0,0.5903836027749967,1.0,two_sided_clopper_pearson_0.95,false,664d906899b1726ae6d0bd3856483c4590af875a9dfdc3fee14fdcb79dbc4e34
libcxx,CANDIDATE,float,0.75,0.25,seed,10001,target_upper_tail_q,6,1e-08,1e-06,2,2,a three-vector reached the caller,1.0,0.15811388300841903,1.0,two_sided_clopper_pearson_0.95,false,664d906899b1726ae6d0bd3856483c4590af875a9dfdc3fee14fdcb79dbc4e34
libcxx,QF,float,0.75,0.25,seed,10001,target_upper_tail_q,0,0.1,1.0,899816,899816,a three-vector reached the caller,1.0,0.9999959004153153,1.0,two_sided_clopper_pearson_0.95,false,664d906899b1726ae6d0bd3856483c4590af875a9dfdc3fee14fdcb79dbc4e34
libcxx,QF,float,0.75,0.25,seed,10001,target_upper_tail_q,1,0.01,0.1,90292,90292,a three-vector reached the caller,1.0,0.9999591458368343,1.0,two_sided_clopper_pearson_0.95,false,664d906899b1726ae6d0bd3856483c4590af875a9dfdc3fee14fdcb79dbc4e34
libcxx,QF,float,0.75,0.25,seed,10001,target_upper_tail_q,2,0.001,0.01,8934,8934,a three-vector reached the caller,1.0,0.9995871817793386,1.0,two_sided_clopper_pearson_0.95,false,664d906899b1726ae6d0bd3856483c4590af875a9dfdc3fee14fdcb79dbc4e34
libcxx,QF,float,0.75,0.25,seed,10001,target_upper_tail_q,3,0.0001,0.001,871,871,a three-vector reached the caller,1.0,0.9957737326562556,1.0,two_sided_clopper_pearson_0.95,false,664d906899b1726ae6d0bd3856483c4590af875a9dfdc3fee14fdcb79dbc4e34
libcxx,QF,float,0.75,0.25,seed,10001,target_upper_tail_q,4,1e-05,0.0001,78,78,a three-vector reached the caller,1.0,0.9538075796719513,1.0,two_sided_clopper_pearson_0.95,false,664d906899b1726ae6d0bd3856483c4590af875a9dfdc3fee14fdcb79dbc4e34
libcxx,QF,float,0.75,0.25,seed,10001,target_upper_tail_q,5,1e-06,1e-05,7,7,a three-vector reached the caller,1.0,0.5903836027749967,1.0,two_sided_clopper_pearson_0.95,false,664d906899b1726ae6d0bd3856483c4590af875a9dfdc3fee14fdcb79dbc4e34
libcxx,QF,float,0.75,0.25,seed,10001,target_upper_tail_q,6,1e-08,1e-06,2,2,a three-vector reached the caller,1.0,0.15811388300841903,1.0,two_sided_clopper_pearson_0.95,false,664d906899b1726ae6d0bd3856483c4590af875a9dfdc3fee14fdcb79dbc4e34
libcxx,LEGACY,float,0.75,0.25,seed,10002,target_upper_tail_q,0,0.1,1.0,900001,900001,a three-vector reached the caller,1.0,0.999995901258005,1.0,two_sided_clopper_pearson_0.95,false,664d906899b1726ae6d0bd3856483c4590af875a9dfdc3fee14fdcb79dbc4e34
libcxx,LEGACY,float,0.75,0.25,seed,10002,target_upper_tail_q,1,0.01,0.1,89983,89983,a three-vector reached the caller,1.0,0.99995900554725,1.0,two_sided_clopper_pearson_0.95,false,664d906899b1726ae6d0bd3856483c4590af875a9dfdc3fee14fdcb79dbc4e34
libcxx,LEGACY,float,0.75,0.25,seed,10002,target_upper_tail_q,2,0.001,0.01,9020,9020,a three-vector reached the caller,1.0,0.9995911169354167,1.0,two_sided_clopper_pearson_0.95,false,664d906899b1726ae6d0bd3856483c4590af875a9dfdc3fee14fdcb79dbc4e34
libcxx,LEGACY,float,0.75,0.25,seed,10002,target_upper_tail_q,3,0.0001,0.001,902,902,a three-vector reached the caller,1.0,0.9959186844981448,1.0,two_sided_clopper_pearson_0.95,false,664d906899b1726ae6d0bd3856483c4590af875a9dfdc3fee14fdcb79dbc4e34
libcxx,LEGACY,float,0.75,0.25,seed,10002,target_upper_tail_q,4,1e-05,0.0001,91,91,a three-vector reached the caller,1.0,0.9602735023081505,1.0,two_sided_clopper_pearson_0.95,false,664d906899b1726ae6d0bd3856483c4590af875a9dfdc3fee14fdcb79dbc4e34
libcxx,LEGACY,float,0.75,0.25,seed,10002,target_upper_tail_q,5,1e-06,1e-05,3,3,a three-vector reached the caller,1.0,0.29240177382128674,1.0,two_sided_clopper_pearson_0.95,false,664d906899b1726ae6d0bd3856483c4590af875a9dfdc3fee14fdcb79dbc4e34
libcxx,CANDIDATE,float,0.75,0.25,seed,10002,target_upper_tail_q,0,0.1,1.0,900001,900001,a three-vector reached the caller,1.0,0.999995901258005,1.0,two_sided_clopper_pearson_0.95,false,664d906899b1726ae6d0bd3856483c4590af875a9dfdc3fee14fdcb79dbc4e34
libcxx,CANDIDATE,float,0.75,0.25,seed,10002,target_upper_tail_q,1,0.01,0.1,89983,89983,a three-vector reached the caller,1.0,0.99995900554725,1.0,two_sided_clopper_pearson_0.95,false,664d906899b1726ae6d0bd3856483c4590af875a9dfdc3fee14fdcb79dbc4e34
libcxx,CANDIDATE,float,0.75,0.25,seed,10002,target_upper_tail_q,2,0.001,0.01,9020,9020,a three-vector reached the caller,1.0,0.9995911169354167,1.0,two_sided_clopper_pearson_0.95,false,664d906899b1726ae6d0bd3856483c4590af875a9dfdc3fee14fdcb79dbc4e34
libcxx,CANDIDATE,float,0.75,0.25,seed,10002,target_upper_tail_q,3,0.0001,0.001,902,902,a three-vector reached the caller,1.0,0.9959186844981448,1.0,two_sided_clopper_pearson_0.95,false,664d906899b1726ae6d0bd3856483c4590af875a9dfdc3fee14fdcb79dbc4e34
libcxx,CANDIDATE,float,0.75,0.25,seed,10002,target_upper_tail_q,4,1e-05,0.0001,91,91,a three-vector reached the caller,1.0,0.9602735023081505,1.0,two_sided_clopper_pearson_0.95,false,664d906899b1726ae6d0bd3856483c4590af875a9dfdc3fee14fdcb79dbc4e34
libcxx,CANDIDATE,float,0.75,0.25,seed,10002,target_upper_tail_q,5,1e-06,1e-05,3,3,a three-vector reached the caller,1.0,0.29240177382128674,1.0,two_sided_clopper_pearson_0.95,false,664d906899b1726ae6d0bd3856483c4590af875a9dfdc3fee14fdcb79dbc4e34
libcxx,QF,float,0.75,0.25,seed,10002,target_upper_tail_q,0,0.1,1.0,900001,900001,a three-vector reached the caller,1.0,0.999995901258005,1.0,two_sided_clopper_pearson_0.95,false,664d906899b1726ae6d0bd3856483c4590af875a9dfdc3fee14fdcb79dbc4e34
libcxx,QF,float,0.75,0.25,seed,10002,target_upper_tail_q,1,0.01,0.1,89983,89983,a three-vector reached the caller,1.0,0.99995900554725,1.0,two_sided_clopper_pearson_0.95,false,664d906899b1726ae6d0bd3856483c4590af875a9dfdc3fee14fdcb79dbc4e34
libcxx,QF,float,0.75,0.25,seed,10002,target_upper_tail_q,2,0.001,0.01,9020,9020,a three-vector reached the caller,1.0,0.9995911169354167,1.0,two_sided_clopper_pearson_0.95,false,664d906899b1726ae6d0bd3856483c4590af875a9dfdc3fee14fdcb79dbc4e34
libcxx,QF,float,0.75,0.25,seed,10002,target_upper_tail_q,3,0.0001,0.001,902,902,a three-vector reached the caller,1.0,0.9959186844981448,1.0,two_sided_clopper_pearson_0.95,false,664d906899b1726ae6d0bd3856483c4590af875a9dfdc3fee14fdcb79dbc4e34
libcxx,QF,float,0.75,0.25,seed,10002,target_upper_tail_q,4,1e-05,0.0001,91,91,a three-vector reached the caller,1.0,0.9602735023081505,1.0,two_sided_clopper_pearson_0.95,false,664d906899b1726ae6d0bd3856483c4590af875a9dfdc3fee14fdcb79dbc4e34
libcxx,QF,float,0.75,0.25,seed,10002,target_upper_tail_q,5,1e-06,1e-05,3,3,a three-vector reached the caller,1.0,0.29240177382128674,1.0,two_sided_clopper_pearson_0.95,false,664d906899b1726ae6d0bd3856483c4590af875a9dfdc3fee14fdcb79dbc4e34
libcxx,LEGACY,float,0.75,0.25,seed,10003,target_upper_tail_q,0,0.1,1.0,900010,900010,a three-vector reached the caller,1.0,0.9999959012989919,1.0,two_sided_clopper_pearson_0.95,false,664d906899b1726ae6d0bd3856483c4590af875a9dfdc3fee14fdcb79dbc4e34
libcxx,LEGACY,float,0.75,0.25,seed,10003,target_upper_tail_q,1,0.01,0.1,89985,89985,a three-vector reached the caller,1.0,0.9999590064583711,1.0,two_sided_clopper_pearson_0.95,false,664d906899b1726ae6d0bd3856483c4590af875a9dfdc3fee14fdcb79dbc4e34
libcxx,LEGACY,float,0.75,0.25,seed,10003,target_upper_tail_q,2,0.001,0.01,8983,8983,a three-vector reached the caller,1.0,0.9995894331363184,1.0,two_sided_clopper_pearson_0.95,false,664d906899b1726ae6d0bd3856483c4590af875a9dfdc3fee14fdcb79dbc4e34
libcxx,LEGACY,float,0.75,0.25,seed,10003,target_upper_tail_q,3,0.0001,0.001,904,904,a three-vector reached the caller,1.0,0.9959276955468309,1.0,two_sided_clopper_pearson_0.95,false,664d906899b1726ae6d0bd3856483c4590af875a9dfdc3fee14fdcb79dbc4e34
libcxx,LEGACY,float,0.75,0.25,seed,10003,target_upper_tail_q,4,1e-05,0.0001,101,101,a three-vector reached the caller,1.0,0.9641353796099963,1.0,two_sided_clopper_pearson_0.95,false,664d906899b1726ae6d0bd3856483c4590af875a9dfdc3fee14fdcb79dbc4e34
libcxx,LEGACY,float,0.75,0.25,seed,10003,target_upper_tail_q,5,1e-06,1e-05,16,16,a three-vector reached the caller,1.0,0.7940927857921773,1.0,two_sided_clopper_pearson_0.95,false,664d906899b1726ae6d0bd3856483c4590af875a9dfdc3fee14fdcb79dbc4e34
libcxx,LEGACY,float,0.75,0.25,seed,10003,target_upper_tail_q,6,1e-08,1e-06,1,1,a three-vector reached the caller,1.0,0.025000000000000022,1.0,two_sided_clopper_pearson_0.95,false,664d906899b1726ae6d0bd3856483c4590af875a9dfdc3fee14fdcb79dbc4e34
libcxx,CANDIDATE,float,0.75,0.25,seed,10003,target_upper_tail_q,0,0.1,1.0,900010,900010,a three-vector reached the caller,1.0,0.9999959012989919,1.0,two_sided_clopper_pearson_0.95,false,664d906899b1726ae6d0bd3856483c4590af875a9dfdc3fee14fdcb79dbc4e34
libcxx,CANDIDATE,float,0.75,0.25,seed,10003,target_upper_tail_q,1,0.01,0.1,89985,89985,a three-vector reached the caller,1.0,0.9999590064583711,1.0,two_sided_clopper_pearson_0.95,false,664d906899b1726ae6d0bd3856483c4590af875a9dfdc3fee14fdcb79dbc4e34
libcxx,CANDIDATE,float,0.75,0.25,seed,10003,target_upper_tail_q,2,0.001,0.01,8983,8983,a three-vector reached the caller,1.0,0.9995894331363184,1.0,two_sided_clopper_pearson_0.95,false,664d906899b1726ae6d0bd3856483c4590af875a9dfdc3fee14fdcb79dbc4e34
libcxx,CANDIDATE,float,0.75,0.25,seed,10003,target_upper_tail_q,3,0.0001,0.001,904,904,a three-vector reached the caller,1.0,0.9959276955468309,1.0,two_sided_clopper_pearson_0.95,false,664d906899b1726ae6d0bd3856483c4590af875a9dfdc3fee14fdcb79dbc4e34
libcxx,CANDIDATE,float,0.75,0.25,seed,10003,target_upper_tail_q,4,1e-05,0.0001,101,101,a three-vector reached the caller,1.0,0.9641353796099963,1.0,two_sided_clopper_pearson_0.95,false,664d906899b1726ae6d0bd3856483c4590af875a9dfdc3fee14fdcb79dbc4e34
libcxx,CANDIDATE,float,0.75,0.25,seed,10003,target_upper_tail_q,5,1e-06,1e-05,16,16,a three-vector reached the caller,1.0,0.7940927857921773,1.0,two_sided_clopper_pearson_0.95,false,664d906899b1726ae6d0bd3856483c4590af875a9dfdc3fee14fdcb79dbc4e34
libcxx,CANDIDATE,float,0.75,0.25,seed,10003,target_upper_tail_q,6,1e-08,1e-06,1,1,a three-vector reached the caller,1.0,0.025000000000000022,1.0,two_sided_clopper_pearson_0.95,false,664d906899b1726ae6d0bd3856483c4590af875a9dfdc3fee14fdcb79dbc4e34
libcxx,QF,float,0.75,0.25,seed,10003,target_upper_tail_q,0,0.1,1.0,900010,900010,a three-vector reached the caller,1.0,0.9999959012989919,1.0,two_sided_clopper_pearson_0.95,false,664d906899b1726ae6d0bd3856483c4590af875a9dfdc3fee14fdcb79dbc4e34
libcxx,QF,float,0.75,0.25,seed,10003,target_upper_tail_q,1,0.01,0.1,89985,89985,a three-vector reached the caller,1.0,0.9999590064583711,1.0,two_sided_clopper_pearson_0.95,false,664d906899b1726ae6d0bd3856483c4590af875a9dfdc3fee14fdcb79dbc4e34
libcxx,QF,float,0.75,0.25,seed,10003,target_upper_tail_q,2,0.001,0.01,8983,8983,a three-vector reached the caller,1.0,0.9995894331363184,1.0,two_sided_clopper_pearson_0.95,false,664d906899b1726ae6d0bd3856483c4590af875a9dfdc3fee14fdcb79dbc4e34
libcxx,QF,float,0.75,0.25,seed,10003,target_upper_tail_q,3,0.0001,0.001,904,904,a three-vector reached the caller,1.0,0.9959276955468309,1.0,two_sided_clopper_pearson_0.95,false,664d906899b1726ae6d0bd3856483c4590af875a9dfdc3fee14fdcb79dbc4e34
libcxx,QF,float,0.75,0.25,seed,10003,target_upper_tail_q,4,1e-05,0.0001,101,101,a three-vector reached the caller,1.0,0.9641353796099963,1.0,two_sided_clopper_pearson_0.95,false,664d906899b1726ae6d0bd3856483c4590af875a9dfdc3fee14fdcb79dbc4e34
libcxx,QF,float,0.75,0.25,seed,10003,target_upper_tail_q,5,1e-06,1e-05,16,16,a three-vector reached the caller,1.0,0.7940927857921773,1.0,two_sided_clopper_pearson_0.95,false,664d906899b1726ae6d0bd3856483c4590af875a9dfdc3fee14fdcb79dbc4e34
libcxx,QF,float,0.75,0.25,seed,10003,target_upper_tail_q,6,1e-08,1e-06,1,1,a three-vector reached the caller,1.0,0.025000000000000022,1.0,two_sided_clopper_pearson_0.95,false,664d906899b1726ae6d0bd3856483c4590af875a9dfdc3fee14fdcb79dbc4e34
libcxx,LEGACY,float,0.75,0.25,seed,10004,target_upper_tail_q,0,0.1,1.0,899817,899817,a three-vector reached the caller,1.0,0.9999959004198713,1.0,two_sided_clopper_pearson_0.95,false,664d906899b1726ae6d0bd3856483c4590af875a9dfdc3fee14fdcb79dbc4e34
libcxx,LEGACY,float,0.75,0.25,seed,10004,target_upper_tail_q,1,0.01,0.1,90157,90157,a three-vector reached the caller,1.0,0.9999590846635567,1.0,two_sided_clopper_pearson_0.95,false,664d906899b1726ae6d0bd3856483c4590af875a9dfdc3fee14fdcb79dbc4e34
libcxx,LEGACY,float,0.75,0.25,seed,10004,target_upper_tail_q,2,0.001,0.01,9044,9044,a three-vector reached the caller,1.0,0.9995922017642951,1.0,two_sided_clopper_pearson_0.95,false,664d906899b1726ae6d0bd3856483c4590af875a9dfdc3fee14fdcb79dbc4e34
libcxx,LEGACY,float,0.75,0.25,seed,10004,target_upper_tail_q,3,0.0001,0.001,887,887,a three-vector reached the caller,1.0,0.9958498090515897,1.0,two_sided_clopper_pearson_0.95,false,664d906899b1726ae6d0bd3856483c4590af875a9dfdc3fee14fdcb79dbc4e34
libcxx,LEGACY,float,0.75,0.25,seed,10004,target_upper_tail_q,4,1e-05,0.0001,89,89,a three-vector reached the caller,1.0,0.9593991424503682,1.0,two_sided_clopper_pearson_0.95,false,664d906899b1726ae6d0bd3856483c4590af875a9dfdc3fee14fdcb79dbc4e34
libcxx,LEGACY,float,0.75,0.25,seed,10004,target_upper_tail_q,5,1e-06,1e-05,4,4,a three-vector reached the caller,1.0,0.3976353643835254,1.0,two_sided_clopper_pearson_0.95,false,664d906899b1726ae6d0bd3856483c4590af875a9dfdc3fee14fdcb79dbc4e34
libcxx,LEGACY,float,0.75,0.25,seed,10004,target_upper_tail_q,6,1e-08,1e-06,2,2,a three-vector reached the caller,1.0,0.15811388300841903,1.0,two_sided_clopper_pearson_0.95,false,664d906899b1726ae6d0bd3856483c4590af875a9dfdc3fee14fdcb79dbc4e34
libcxx,CANDIDATE,float,0.75,0.25,seed,10004,target_upper_tail_q,0,0.1,1.0,899817,899817,a three-vector reached the caller,1.0,0.9999959004198713,1.0,two_sided_clopper_pearson_0.95,false,664d906899b1726ae6d0bd3856483c4590af875a9dfdc3fee14fdcb79dbc4e34
libcxx,CANDIDATE,float,0.75,0.25,seed,10004,target_upper_tail_q,1,0.01,0.1,90157,90157,a three-vector reached the caller,1.0,0.9999590846635567,1.0,two_sided_clopper_pearson_0.95,false,664d906899b1726ae6d0bd3856483c4590af875a9dfdc3fee14fdcb79dbc4e34
libcxx,CANDIDATE,float,0.75,0.25,seed,10004,target_upper_tail_q,2,0.001,0.01,9044,9044,a three-vector reached the caller,1.0,0.9995922017642951,1.0,two_sided_clopper_pearson_0.95,false,664d906899b1726ae6d0bd3856483c4590af875a9dfdc3fee14fdcb79dbc4e34
libcxx,CANDIDATE,float,0.75,0.25,seed,10004,target_upper_tail_q,3,0.0001,0.001,887,887,a three-vector reached the caller,1.0,0.9958498090515897,1.0,two_sided_clopper_pearson_0.95,false,664d906899b1726ae6d0bd3856483c4590af875a9dfdc3fee14fdcb79dbc4e34
libcxx,CANDIDATE,float,0.75,0.25,seed,10004,target_upper_tail_q,4,1e-05,0.0001,89,89,a three-vector reached the caller,1.0,0.9593991424503682,1.0,two_sided_clopper_pearson_0.95,false,664d906899b1726ae6d0bd3856483c4590af875a9dfdc3fee14fdcb79dbc4e34
libcxx,CANDIDATE,float,0.75,0.25,seed,10004,target_upper_tail_q,5,1e-06,1e-05,4,4,a three-vector reached the caller,1.0,0.3976353643835254,1.0,two_sided_clopper_pearson_0.95,false,664d906899b1726ae6d0bd3856483c4590af875a9dfdc3fee14fdcb79dbc4e34
libcxx,CANDIDATE,float,0.75,0.25,seed,10004,target_upper_tail_q,6,1e-08,1e-06,2,2,a three-vector reached the caller,1.0,0.15811388300841903,1.0,two_sided_clopper_pearson_0.95,false,664d906899b1726ae6d0bd3856483c4590af875a9dfdc3fee14fdcb79dbc4e34
libcxx,QF,float,0.75,0.25,seed,10004,target_upper_tail_q,0,0.1,1.0,899817,899817,a three-vector reached the caller,1.0,0.9999959004198713,1.0,two_sided_clopper_pearson_0.95,false,664d906899b1726ae6d0bd3856483c4590af875a9dfdc3fee14fdcb79dbc4e34
libcxx,QF,float,0.75,0.25,seed,10004,target_upper_tail_q,1,0.01,0.1,90157,90157,a three-vector reached the caller,1.0,0.9999590846635567,1.0,two_sided_clopper_pearson_0.95,false,664d906899b1726ae6d0bd3856483c4590af875a9dfdc3fee14fdcb79dbc4e34
libcxx,QF,float,0.75,0.25,seed,10004,target_upper_tail_q,2,0.001,0.01,9044,9044,a three-vector reached the caller,1.0,0.9995922017642951,1.0,two_sided_clopper_pearson_0.95,false,664d906899b1726ae6d0bd3856483c4590af875a9dfdc3fee14fdcb79dbc4e34
libcxx,QF,float,0.75,0.25,seed,10004,target_upper_tail_q,3,0.0001,0.001,887,887,a three-vector reached the caller,1.0,0.9958498090515897,1.0,two_sided_clopper_pearson_0.95,false,664d906899b1726ae6d0bd3856483c4590af875a9dfdc3fee14fdcb79dbc4e34
libcxx,QF,float,0.75,0.25,seed,10004,target_upper_tail_q,4,1e-05,0.0001,89,89,a three-vector reached the caller,1.0,0.9593991424503682,1.0,two_sided_clopper_pearson_0.95,false,664d906899b1726ae6d0bd3856483c4590af875a9dfdc3fee14fdcb79dbc4e34
libcxx,QF,float,0.75,0.25,seed,10004,target_upper_tail_q,5,1e-06,1e-05,4,4,a three-vector reached the caller,1.0,0.3976353643835254,1.0,two_sided_clopper_pearson_0.95,false,664d906899b1726ae6d0bd3856483c4590af875a9dfdc3fee14fdcb79dbc4e34
libcxx,QF,float,0.75,0.25,seed,10004,target_upper_tail_q,6,1e-08,1e-06,2,2,a three-vector reached the caller,1.0,0.15811388300841903,1.0,two_sided_clopper_pearson_0.95,false,664d906899b1726ae6d0bd3856483c4590af875a9dfdc3fee14fdcb79dbc4e34
libcxx,LEGACY,float,0.75,0.25,seed,10005,target_upper_tail_q,0,0.1,1.0,899517,899517,a three-vector reached the caller,1.0,0.9999958990526137,1.0,two_sided_clopper_pearson_0.95,false,664d906899b1726ae6d0bd3856483c4590af875a9dfdc3fee14fdcb79dbc4e34
libcxx,LEGACY,float,0.75,0.25,seed,10005,target_upper_tail_q,1,0.01,0.1,90541,90541,a three-vector reached the caller,1.0,0.9999592581890216,1.0,two_sided_clopper_pearson_0.95,false,664d906899b1726ae6d0bd3856483c4590af875a9dfdc3fee14fdcb79dbc4e34
libcxx,LEGACY,float,0.75,0.25,seed,10005,target_upper_tail_q,2,0.001,0.01,8951,8951,a three-vector reached the caller,1.0,0.9995879656541842,1.0,two_sided_clopper_pearson_0.95,false,664d906899b1726ae6d0bd3856483c4590af875a9dfdc3fee14fdcb79dbc4e34
libcxx,LEGACY,float,0.75,0.25,seed,10005,target_upper_tail_q,3,0.0001,0.001,890,890,a three-vector reached the caller,1.0,0.9958637694875339,1.0,two_sided_clopper_pearson_0.95,false,664d906899b1726ae6d0bd3856483c4590af875a9dfdc3fee14fdcb79dbc4e34
libcxx,LEGACY,float,0.75,0.25,seed,10005,target_upper_tail_q,4,1e-05,0.0001,94,94,a three-vector reached the caller,1.0,0.9615166490024712,1.0,two_sided_clopper_pearson_0.95,false,664d906899b1726ae6d0bd3856483c4590af875a9dfdc3fee14fdcb79dbc4e34
libcxx,LEGACY,float,0.75,0.25,seed,10005,target_upper_tail_q,5,1e-06,1e-05,5,5,a three-vector reached the caller,1.0,0.47817624989501856,1.0,two_sided_clopper_pearson_0.95,false,664d906899b1726ae6d0bd3856483c4590af875a9dfdc3fee14fdcb79dbc4e34
libcxx,LEGACY,float,0.75,0.25,seed,10005,target_upper_tail_q,6,1e-08,1e-06,2,2,a three-vector reached the caller,1.0,0.15811388300841903,1.0,two_sided_clopper_pearson_0.95,false,664d906899b1726ae6d0bd3856483c4590af875a9dfdc3fee14fdcb79dbc4e34
libcxx,CANDIDATE,float,0.75,0.25,seed,10005,target_upper_tail_q,0,0.1,1.0,899517,899517,a three-vector reached the caller,1.0,0.9999958990526137,1.0,two_sided_clopper_pearson_0.95,false,664d906899b1726ae6d0bd3856483c4590af875a9dfdc3fee14fdcb79dbc4e34
libcxx,CANDIDATE,float,0.75,0.25,seed,10005,target_upper_tail_q,1,0.01,0.1,90541,90541,a three-vector reached the caller,1.0,0.9999592581890216,1.0,two_sided_clopper_pearson_0.95,false,664d906899b1726ae6d0bd3856483c4590af875a9dfdc3fee14fdcb79dbc4e34
libcxx,CANDIDATE,float,0.75,0.25,seed,10005,target_upper_tail_q,2,0.001,0.01,8951,8951,a three-vector reached the caller,1.0,0.9995879656541842,1.0,two_sided_clopper_pearson_0.95,false,664d906899b1726ae6d0bd3856483c4590af875a9dfdc3fee14fdcb79dbc4e34
libcxx,CANDIDATE,float,0.75,0.25,seed,10005,target_upper_tail_q,3,0.0001,0.001,890,890,a three-vector reached the caller,1.0,0.9958637694875339,1.0,two_sided_clopper_pearson_0.95,false,664d906899b1726ae6d0bd3856483c4590af875a9dfdc3fee14fdcb79dbc4e34
libcxx,CANDIDATE,float,0.75,0.25,seed,10005,target_upper_tail_q,4,1e-05,0.0001,94,94,a three-vector reached the caller,1.0,0.9615166490024712,1.0,two_sided_clopper_pearson_0.95,false,664d906899b1726ae6d0bd3856483c4590af875a9dfdc3fee14fdcb79dbc4e34
libcxx,CANDIDATE,float,0.75,0.25,seed,10005,target_upper_tail_q,5,1e-06,1e-05,5,5,a three-vector reached the caller,1.0,0.47817624989501856,1.0,two_sided_clopper_pearson_0.95,false,664d906899b1726ae6d0bd3856483c4590af875a9dfdc3fee14fdcb79dbc4e34
libcxx,CANDIDATE,float,0.75,0.25,seed,10005,target_upper_tail_q,6,1e-08,1e-06,2,2,a three-vector reached the caller,1.0,0.15811388300841903,1.0,two_sided_clopper_pearson_0.95,false,664d906899b1726ae6d0bd3856483c4590af875a9dfdc3fee14fdcb79dbc4e34
libcxx,QF,float,0.75,0.25,seed,10005,target_upper_tail_q,0,0.1,1.0,899517,899517,a three-vector reached the caller,1.0,0.9999958990526137,1.0,two_sided_clopper_pearson_0.95,false,664d906899b1726ae6d0bd3856483c4590af875a9dfdc3fee14fdcb79dbc4e34
libcxx,QF,float,0.75,0.25,seed,10005,target_upper_tail_q,1,0.01,0.1,90541,90541,a three-vector reached the caller,1.0,0.9999592581890216,1.0,two_sided_clopper_pearson_0.95,false,664d906899b1726ae6d0bd3856483c4590af875a9dfdc3fee14fdcb79dbc4e34
libcxx,QF,float,0.75,0.25,seed,10005,target_upper_tail_q,2,0.001,0.01,8951,8951,a three-vector reached the caller,1.0,0.9995879656541842,1.0,two_sided_clopper_pearson_0.95,false,664d906899b1726ae6d0bd3856483c4590af875a9dfdc3fee14fdcb79dbc4e34
libcxx,QF,float,0.75,0.25,seed,10005,target_upper_tail_q,3,0.0001,0.001,890,890,a three-vector reached the caller,1.0,0.9958637694875339,1.0,two_sided_clopper_pearson_0.95,false,664d906899b1726ae6d0bd3856483c4590af875a9dfdc3fee14fdcb79dbc4e34
libcxx,QF,float,0.75,0.25,seed,10005,target_upper_tail_q,4,1e-05,0.0001,94,94,a three-vector reached the caller,1.0,0.9615166490024712,1.0,two_sided_clopper_pearson_0.95,false,664d906899b1726ae6d0bd3856483c4590af875a9dfdc3fee14fdcb79dbc4e34
libcxx,QF,float,0.75,0.25,seed,10005,target_upper_tail_q,5,1e-06,1e-05,5,5,a three-vector reached the caller,1.0,0.47817624989501856,1.0,two_sided_clopper_pearson_0.95,false,664d906899b1726ae6d0bd3856483c4590af875a9dfdc3fee14fdcb79dbc4e34
libcxx,QF,float,0.75,0.25,seed,10005,target_upper_tail_q,6,1e-08,1e-06,2,2,a three-vector reached the caller,1.0,0.15811388300841903,1.0,two_sided_clopper_pearson_0.95,false,664d906899b1726ae6d0bd3856483c4590af875a9dfdc3fee14fdcb79dbc4e34
libstdcxx,LEGACY,double,0.501,0.0010000000000000009,seed,10001,target_upper_tail_q,0,0.1,1.0,899711,523948,a three-vector reached the caller,0.5823514439636728,0.5813315764592946,0.5833707812480993,two_sided_clopper_pearson_0.95,false,664d906899b1726ae6d0bd3856483c4590af875a9dfdc3fee14fdcb79dbc4e34
libstdcxx,LEGACY,double,0.501,0.0010000000000000009,seed,10001,target_upper_tail_q,1,0.01,0.1,90408,0,a three-vector reached the caller,0.0,0.0,3.3135150000696e-05,one_sided_upper_0.95,true,664d906899b1726ae6d0bd3856483c4590af875a9dfdc3fee14fdcb79dbc4e34
libstdcxx,LEGACY,double,0.501,0.0010000000000000009,seed,10001,target_upper_tail_q,2,0.001,0.01,8903,0,a three-vector reached the caller,0.0,0.0,0.00033642910474329657,one_sided_upper_0.95,true,664d906899b1726ae6d0bd3856483c4590af875a9dfdc3fee14fdcb79dbc4e34
libstdcxx,LEGACY,double,0.501,0.0010000000000000009,seed,10001,target_upper_tail_q,3,0.0001,0.001,869,0,a three-vector reached the caller,0.0,0.0,0.0034413976511601385,one_sided_upper_0.95,true,664d906899b1726ae6d0bd3856483c4590af875a9dfdc3fee14fdcb79dbc4e34
libstdcxx,LEGACY,double,0.501,0.0010000000000000009,seed,10001,target_upper_tail_q,4,1e-05,0.0001,99,0,a three-vector reached the caller,0.0,0.0,0.02980667377335089,one_sided_upper_0.95,true,664d906899b1726ae6d0bd3856483c4590af875a9dfdc3fee14fdcb79dbc4e34
libstdcxx,LEGACY,double,0.501,0.0010000000000000009,seed,10001,target_upper_tail_q,5,1e-06,1e-05,10,0,a three-vector reached the caller,0.0,0.0,0.2588655508930522,one_sided_upper_0.95,true,664d906899b1726ae6d0bd3856483c4590af875a9dfdc3fee14fdcb79dbc4e34
libstdcxx,CANDIDATE,double,0.501,0.0010000000000000009,seed,10001,target_upper_tail_q,0,0.1,1.0,899711,757223,a three-vector reached the caller,0.8416291453588985,0.8408731024125344,0.8423829881675408,two_sided_clopper_pearson_0.95,false,664d906899b1726ae6d0bd3856483c4590af875a9dfdc3fee14fdcb79dbc4e34
libstdcxx,CANDIDATE,double,0.501,0.0010000000000000009,seed,10001,target_upper_tail_q,1,0.01,0.1,90408,0,a three-vector reached the caller,0.0,0.0,3.3135150000696e-05,one_sided_upper_0.95,true,664d906899b1726ae6d0bd3856483c4590af875a9dfdc3fee14fdcb79dbc4e34
libstdcxx,CANDIDATE,double,0.501,0.0010000000000000009,seed,10001,target_upper_tail_q,2,0.001,0.01,8903,0,a three-vector reached the caller,0.0,0.0,0.00033642910474329657,one_sided_upper_0.95,true,664d906899b1726ae6d0bd3856483c4590af875a9dfdc3fee14fdcb79dbc4e34
libstdcxx,CANDIDATE,double,0.501,0.0010000000000000009,seed,10001,target_upper_tail_q,3,0.0001,0.001,869,0,a three-vector reached the caller,0.0,0.0,0.0034413976511601385,one_sided_upper_0.95,true,664d906899b1726ae6d0bd3856483c4590af875a9dfdc3fee14fdcb79dbc4e34
libstdcxx,CANDIDATE,double,0.501,0.0010000000000000009,seed,10001,target_upper_tail_q,4,1e-05,0.0001,99,0,a three-vector reached the caller,0.0,0.0,0.02980667377335089,one_sided_upper_0.95,true,664d906899b1726ae6d0bd3856483c4590af875a9dfdc3fee14fdcb79dbc4e34
libstdcxx,CANDIDATE,double,0.501,0.0010000000000000009,seed,10001,target_upper_tail_q,5,1e-06,1e-05,10,0,a three-vector reached the caller,0.0,0.0,0.2588655508930522,one_sided_upper_0.95,true,664d906899b1726ae6d0bd3856483c4590af875a9dfdc3fee14fdcb79dbc4e34
libstdcxx,QF,double,0.501,0.0010000000000000009,seed,10001,target_upper_tail_q,0,0.1,1.0,899711,506762,a three-vector reached the caller,0.5632497546434355,0.5622241387450615,0.5642749633097963,two_sided_clopper_pearson_0.95,false,664d906899b1726ae6d0bd3856483c4590af875a9dfdc3fee14fdcb79dbc4e34
libstdcxx,QF,double,0.501,0.0010000000000000009,seed,10001,target_upper_tail_q,1,0.01,0.1,90408,0,a three-vector reached the caller,0.0,0.0,3.3135150000696e-05,one_sided_upper_0.95,true,664d906899b1726ae6d0bd3856483c4590af875a9dfdc3fee14fdcb79dbc4e34
libstdcxx,QF,double,0.501,0.0010000000000000009,seed,10001,target_upper_tail_q,2,0.001,0.01,8903,0,a three-vector reached the caller,0.0,0.0,0.00033642910474329657,one_sided_upper_0.95,true,664d906899b1726ae6d0bd3856483c4590af875a9dfdc3fee14fdcb79dbc4e34
libstdcxx,QF,double,0.501,0.0010000000000000009,seed,10001,target_upper_tail_q,3,0.0001,0.001,869,0,a three-vector reached the caller,0.0,0.0,0.0034413976511601385,one_sided_upper_0.95,true,664d906899b1726ae6d0bd3856483c4590af875a9dfdc3fee14fdcb79dbc4e34
libstdcxx,QF,double,0.501,0.0010000000000000009,seed,10001,target_upper_tail_q,4,1e-05,0.0001,99,0,a three-vector reached the caller,0.0,0.0,0.02980667377335089,one_sided_upper_0.95,true,664d906899b1726ae6d0bd3856483c4590af875a9dfdc3fee14fdcb79dbc4e34
libstdcxx,QF,double,0.501,0.0010000000000000009,seed,10001,target_upper_tail_q,5,1e-06,1e-05,10,0,a three-vector reached the caller,0.0,0.0,0.2588655508930522,one_sided_upper_0.95,true,664d906899b1726ae6d0bd3856483c4590af875a9dfdc3fee14fdcb79dbc4e34
libstdcxx,LEGACY,double,0.501,0.0010000000000000009,seed,10002,target_upper_tail_q,0,0.1,1.0,899847,524440,a three-vector reached the caller,0.5828101888432144,0.5817905557229541,0.5838292888704564,two_sided_clopper_pearson_0.95,false,664d906899b1726ae6d0bd3856483c4590af875a9dfdc3fee14fdcb79dbc4e34
libstdcxx,LEGACY,double,0.501,0.0010000000000000009,seed,10002,target_upper_tail_q,1,0.01,0.1,90108,0,a three-vector reached the caller,0.0,0.0,3.324546628513669e-05,one_sided_upper_0.95,true,664d906899b1726ae6d0bd3856483c4590af875a9dfdc3fee14fdcb79dbc4e34
libstdcxx,LEGACY,double,0.501,0.0010000000000000009,seed,10002,target_upper_tail_q,2,0.001,0.01,9049,0,a three-vector reached the caller,0.0,0.0,0.00033100192834767395,one_sided_upper_0.95,true,664d906899b1726ae6d0bd3856483c4590af875a9dfdc3fee14fdcb79dbc4e34
libstdcxx,LEGACY,double,0.501,0.0010000000000000009,seed,10002,target_upper_tail_q,3,0.0001,0.001,891,0,a three-vector reached the caller,0.0,0.0,0.0033565676399440747,one_sided_upper_0.95,true,664d906899b1726ae6d0bd3856483c4590af875a9dfdc3fee14fdcb79dbc4e34
libstdcxx,LEGACY,double,0.501,0.0010000000000000009,seed,10002,target_upper_tail_q,4,1e-05,0.0001,94,0,a three-vector reached the caller,0.0,0.0,0.03136701207878767,one_sided_upper_0.95,true,664d906899b1726ae6d0bd3856483c4590af875a9dfdc3fee14fdcb79dbc4e34
libstdcxx,LEGACY,double,0.501,0.0010000000000000009,seed,10002,target_upper_tail_q,5,1e-06,1e-05,9,0,a three-vector reached the caller,0.0,0.0,0.2831288355631134,one_sided_upper_0.95,true,664d906899b1726ae6d0bd3856483c4590af875a9dfdc3fee14fdcb79dbc4e34
libstdcxx,LEGACY,double,0.501,0.0010000000000000009,seed,10002,target_upper_tail_q,6,1e-08,1e-06,2,0,a three-vector reached the caller,0.0,0.0,0.776393202250021,one_sided_upper_0.95,true,664d906899b1726ae6d0bd3856483c4590af875a9dfdc3fee14fdcb79dbc4e34
libstdcxx,CANDIDATE,double,0.501,0.0010000000000000009,seed,10002,target_upper_tail_q,0,0.1,1.0,899847,757646,a three-vector reached the caller,0.8419720241329915,0.8412167008844449,0.842725145366757,two_sided_clopper_pearson_0.95,false,664d906899b1726ae6d0bd3856483c4590af875a9dfdc3fee14fdcb79dbc4e34
libstdcxx,CANDIDATE,double,0.501,0.0010000000000000009,seed,10002,target_upper_tail_q,1,0.01,0.1,90108,0,a three-vector reached the caller,0.0,0.0,3.324546628513669e-05,one_sided_upper_0.95,true,664d906899b1726ae6d0bd3856483c4590af875a9dfdc3fee14fdcb79dbc4e34
libstdcxx,CANDIDATE,double,0.501,0.0010000000000000009,seed,10002,target_upper_tail_q,2,0.001,0.01,9049,0,a three-vector reached the caller,0.0,0.0,0.00033100192834767395,one_sided_upper_0.95,true,664d906899b1726ae6d0bd3856483c4590af875a9dfdc3fee14fdcb79dbc4e34
libstdcxx,CANDIDATE,double,0.501,0.0010000000000000009,seed,10002,target_upper_tail_q,3,0.0001,0.001,891,0,a three-vector reached the caller,0.0,0.0,0.0033565676399440747,one_sided_upper_0.95,true,664d906899b1726ae6d0bd3856483c4590af875a9dfdc3fee14fdcb79dbc4e34
libstdcxx,CANDIDATE,double,0.501,0.0010000000000000009,seed,10002,target_upper_tail_q,4,1e-05,0.0001,94,0,a three-vector reached the caller,0.0,0.0,0.03136701207878767,one_sided_upper_0.95,true,664d906899b1726ae6d0bd3856483c4590af875a9dfdc3fee14fdcb79dbc4e34
libstdcxx,CANDIDATE,double,0.501,0.0010000000000000009,seed,10002,target_upper_tail_q,5,1e-06,1e-05,9,0,a three-vector reached the caller,0.0,0.0,0.2831288355631134,one_sided_upper_0.95,true,664d906899b1726ae6d0bd3856483c4590af875a9dfdc3fee14fdcb79dbc4e34
libstdcxx,CANDIDATE,double,0.501,0.0010000000000000009,seed,10002,target_upper_tail_q,6,1e-08,1e-06,2,0,a three-vector reached the caller,0.0,0.0,0.776393202250021,one_sided_upper_0.95,true,664d906899b1726ae6d0bd3856483c4590af875a9dfdc3fee14fdcb79dbc4e34
libstdcxx,QF,double,0.501,0.0010000000000000009,seed,10002,target_upper_tail_q,0,0.1,1.0,899847,507511,a three-vector reached the caller,0.563996990599513,0.5629716479270968,0.5650219212910952,two_sided_clopper_pearson_0.95,false,664d906899b1726ae6d0bd3856483c4590af875a9dfdc3fee14fdcb79dbc4e34
libstdcxx,QF,double,0.501,0.0010000000000000009,seed,10002,target_upper_tail_q,1,0.01,0.1,90108,0,a three-vector reached the caller,0.0,0.0,3.324546628513669e-05,one_sided_upper_0.95,true,664d906899b1726ae6d0bd3856483c4590af875a9dfdc3fee14fdcb79dbc4e34
libstdcxx,QF,double,0.501,0.0010000000000000009,seed,10002,target_upper_tail_q,2,0.001,0.01,9049,0,a three-vector reached the caller,0.0,0.0,0.00033100192834767395,one_sided_upper_0.95,true,664d906899b1726ae6d0bd3856483c4590af875a9dfdc3fee14fdcb79dbc4e34
libstdcxx,QF,double,0.501,0.0010000000000000009,seed,10002,target_upper_tail_q,3,0.0001,0.001,891,0,a three-vector reached the caller,0.0,0.0,0.0033565676399440747,one_sided_upper_0.95,true,664d906899b1726ae6d0bd3856483c4590af875a9dfdc3fee14fdcb79dbc4e34
libstdcxx,QF,double,0.501,0.0010000000000000009,seed,10002,target_upper_tail_q,4,1e-05,0.0001,94,0,a three-vector reached the caller,0.0,0.0,0.03136701207878767,one_sided_upper_0.95,true,664d906899b1726ae6d0bd3856483c4590af875a9dfdc3fee14fdcb79dbc4e34
libstdcxx,QF,double,0.501,0.0010000000000000009,seed,10002,target_upper_tail_q,5,1e-06,1e-05,9,0,a three-vector reached the caller,0.0,0.0,0.2831288355631134,one_sided_upper_0.95,true,664d906899b1726ae6d0bd3856483c4590af875a9dfdc3fee14fdcb79dbc4e34
libstdcxx,QF,double,0.501,0.0010000000000000009,seed,10002,target_upper_tail_q,6,1e-08,1e-06,2,0,a three-vector reached the caller,0.0,0.0,0.776393202250021,one_sided_upper_0.95,true,664d906899b1726ae6d0bd3856483c4590af875a9dfdc3fee14fdcb79dbc4e34
libstdcxx,LEGACY,double,0.501,0.0010000000000000009,seed,10003,target_upper_tail_q,0,0.1,1.0,900192,526185,a three-vector reached the caller,0.5845253012690625,0.5835064595446433,0.5855435990677521,two_sided_clopper_pearson_0.95,false,664d906899b1726ae6d0bd3856483c4590af875a9dfdc3fee14fdcb79dbc4e34
libstdcxx,LEGACY,double,0.501,0.0010000000000000009,seed,10003,target_upper_tail_q,1,0.01,0.1,89725,0,a three-vector reached the caller,0.0,0.0,3.3387375463433955e-05,one_sided_upper_0.95,true,664d906899b1726ae6d0bd3856483c4590af875a9dfdc3fee14fdcb79dbc4e34
libstdcxx,LEGACY,double,0.501,0.0010000000000000009,seed,10003,target_upper_tail_q,2,0.001,0.01,9036,0,a three-vector reached the caller,0.0,0.0,0.00033147805847277834,one_sided_upper_0.95,true,664d906899b1726ae6d0bd3856483c4590af875a9dfdc3fee14fdcb79dbc4e34
libstdcxx,LEGACY,double,0.501,0.0010000000000000009,seed,10003,target_upper_tail_q,3,0.0001,0.001,933,0,a three-vector reached the caller,0.0,0.0,0.0032057105880055614,one_sided_upper_0.95,true,664d906899b1726ae6d0bd3856483c4590af875a9dfdc3fee14fdcb79dbc4e34
libstdcxx,LEGACY,double,0.501,0.0010000000000000009,seed,10003,target_upper_tail_q,4,1e-05,0.0001,99,0,a three-vector reached the caller,0.0,0.0,0.02980667377335089,one_sided_upper_0.95,true,664d906899b1726ae6d0bd3856483c4590af875a9dfdc3fee14fdcb79dbc4e34
libstdcxx,LEGACY,double,0.501,0.0010000000000000009,seed,10003,target_upper_tail_q,5,1e-06,1e-05,13,0,a three-vector reached the caller,0.0,0.0,0.20581666518655062,one_sided_upper_0.95,true,664d906899b1726ae6d0bd3856483c4590af875a9dfdc3fee14fdcb79dbc4e34
libstdcxx,LEGACY,double,0.501,0.0010000000000000009,seed,10003,target_upper_tail_q,6,1e-08,1e-06,2,0,a three-vector reached the caller,0.0,0.0,0.776393202250021,one_sided_upper_0.95,true,664d906899b1726ae6d0bd3856483c4590af875a9dfdc3fee14fdcb79dbc4e34
libstdcxx,CANDIDATE,double,0.501,0.0010000000000000009,seed,10003,target_upper_tail_q,0,0.1,1.0,900192,758802,a three-vector reached the caller,0.8429335075183961,0.8421801932422629,0.8436846144299532,two_sided_clopper_pearson_0.95,false,664d906899b1726ae6d0bd3856483c4590af875a9dfdc3fee14fdcb79dbc4e34
libstdcxx,CANDIDATE,double,0.501,0.0010000000000000009,seed,10003,target_upper_tail_q,1,0.01,0.1,89725,0,a three-vector reached the caller,0.0,0.0,3.3387375463433955e-05,one_sided_upper_0.95,true,664d906899b1726ae6d0bd3856483c4590af875a9dfdc3fee14fdcb79dbc4e34
libstdcxx,CANDIDATE,double,0.501,0.0010000000000000009,seed,10003,target_upper_tail_q,2,0.001,0.01,9036,0,a three-vector reached the caller,0.0,0.0,0.00033147805847277834,one_sided_upper_0.95,true,664d906899b1726ae6d0bd3856483c4590af875a9dfdc3fee14fdcb79dbc4e34
libstdcxx,CANDIDATE,double,0.501,0.0010000000000000009,seed,10003,target_upper_tail_q,3,0.0001,0.001,933,0,a three-vector reached the caller,0.0,0.0,0.0032057105880055614,one_sided_upper_0.95,true,664d906899b1726ae6d0bd3856483c4590af875a9dfdc3fee14fdcb79dbc4e34
libstdcxx,CANDIDATE,double,0.501,0.0010000000000000009,seed,10003,target_upper_tail_q,4,1e-05,0.0001,99,0,a three-vector reached the caller,0.0,0.0,0.02980667377335089,one_sided_upper_0.95,true,664d906899b1726ae6d0bd3856483c4590af875a9dfdc3fee14fdcb79dbc4e34
libstdcxx,CANDIDATE,double,0.501,0.0010000000000000009,seed,10003,target_upper_tail_q,5,1e-06,1e-05,13,0,a three-vector reached the caller,0.0,0.0,0.20581666518655062,one_sided_upper_0.95,true,664d906899b1726ae6d0bd3856483c4590af875a9dfdc3fee14fdcb79dbc4e34
libstdcxx,CANDIDATE,double,0.501,0.0010000000000000009,seed,10003,target_upper_tail_q,6,1e-08,1e-06,2,0,a three-vector reached the caller,0.0,0.0,0.776393202250021,one_sided_upper_0.95,true,664d906899b1726ae6d0bd3856483c4590af875a9dfdc3fee14fdcb79dbc4e34
libstdcxx,QF,double,0.501,0.0010000000000000009,seed,10003,target_upper_tail_q,0,0.1,1.0,900192,509277,a three-vector reached the caller,0.5657426415697985,0.5647179617686668,0.5667668983145832,two_sided_clopper_pearson_0.95,false,664d906899b1726ae6d0bd3856483c4590af875a9dfdc3fee14fdcb79dbc4e34
libstdcxx,QF,double,0.501,0.0010000000000000009,seed,10003,target_upper_tail_q,1,0.01,0.1,89725,0,a three-vector reached the caller,0.0,0.0,3.3387375463433955e-05,one_sided_upper_0.95,true,664d906899b1726ae6d0bd3856483c4590af875a9dfdc3fee14fdcb79dbc4e34
libstdcxx,QF,double,0.501,0.0010000000000000009,seed,10003,target_upper_tail_q,2,0.001,0.01,9036,0,a three-vector reached the caller,0.0,0.0,0.00033147805847277834,one_sided_upper_0.95,true,664d906899b1726ae6d0bd3856483c4590af875a9dfdc3fee14fdcb79dbc4e34
libstdcxx,QF,double,0.501,0.0010000000000000009,seed,10003,target_upper_tail_q,3,0.0001,0.001,933,0,a three-vector reached the caller,0.0,0.0,0.0032057105880055614,one_sided_upper_0.95,true,664d906899b1726ae6d0bd3856483c4590af875a9dfdc3fee14fdcb79dbc4e34
libstdcxx,QF,double,0.501,0.0010000000000000009,seed,10003,target_upper_tail_q,4,1e-05,0.0001,99,0,a three-vector reached the caller,0.0,0.0,0.02980667377335089,one_sided_upper_0.95,true,664d906899b1726ae6d0bd3856483c4590af875a9dfdc3fee14fdcb79dbc4e34
libstdcxx,QF,double,0.501,0.0010000000000000009,seed,10003,target_upper_tail_q,5,1e-06,1e-05,13,0,a three-vector reached the caller,0.0,0.0,0.20581666518655062,one_sided_upper_0.95,true,664d906899b1726ae6d0bd3856483c4590af875a9dfdc3fee14fdcb79dbc4e34
libstdcxx,QF,double,0.501,0.0010000000000000009,seed,10003,target_upper_tail_q,6,1e-08,1e-06,2,0,a three-vector reached the caller,0.0,0.0,0.776393202250021,one_sided_upper_0.95,true,664d906899b1726ae6d0bd3856483c4590af875a9dfdc3fee14fdcb79dbc4e34
libstdcxx,LEGACY,double,0.501,0.0010000000000000009,seed,10004,target_upper_tail_q,0,0.1,1.0,900145,525706,a three-vector reached the caller,0.5840236850729604,0.5830046411496215,0.5850421882703312,two_sided_clopper_pearson_0.95,false,664d906899b1726ae6d0bd3856483c4590af875a9dfdc3fee14fdcb79dbc4e34
libstdcxx,LEGACY,double,0.501,0.0010000000000000009,seed,10004,target_upper_tail_q,1,0.01,0.1,90051,0,a three-vector reached the caller,0.0,0.0,3.3266509472440475e-05,one_sided_upper_0.95,true,664d906899b1726ae6d0bd3856483c4590af875a9dfdc3fee14fdcb79dbc4e34
libstdcxx,LEGACY,double,0.501,0.0010000000000000009,seed,10004,target_upper_tail_q,2,0.001,0.01,8819,0,a three-vector reached the caller,0.0,0.0,0.000339633010541629,one_sided_upper_0.95,true,664d906899b1726ae6d0bd3856483c4590af875a9dfdc3fee14fdcb79dbc4e34
libstdcxx,LEGACY,double,0.501,0.0010000000000000009,seed,10004,target_upper_tail_q,3,0.0001,0.001,893,0,a three-vector reached the caller,0.0,0.0,0.0033490627336285606,one_sided_upper_0.95,true,664d906899b1726ae6d0bd3856483c4590af875a9dfdc3fee14fdcb79dbc4e34
libstdcxx,LEGACY,double,0.501,0.0010000000000000009,seed,10004,target_upper_tail_q,4,1e-05,0.0001,82,0,a three-vector reached the caller,0.0,0.0,0.03587403171067116,one_sided_upper_0.95,true,664d906899b1726ae6d0bd3856483c4590af875a9dfdc3fee14fdcb79dbc4e34
libstdcxx,LEGACY,double,0.501,0.0010000000000000009,seed,10004,target_upper_tail_q,5,1e-06,1e-05,10,0,a three-vector reached the caller,0.0,0.0,0.2588655508930522,one_sided_upper_0.95,true,664d906899b1726ae6d0bd3856483c4590af875a9dfdc3fee14fdcb79dbc4e34
libstdcxx,CANDIDATE,double,0.501,0.0010000000000000009,seed,10004,target_upper_tail_q,0,0.1,1.0,900145,758543,a three-vector reached the caller,0.8426897888673491,0.8419359814690014,0.8434413903560005,two_sided_clopper_pearson_0.95,false,664d906899b1726ae6d0bd3856483c4590af875a9dfdc3fee14fdcb79dbc4e34
libstdcxx,CANDIDATE,double,0.501,0.0010000000000000009,seed,10004,target_upper_tail_q,1,0.01,0.1,90051,0,a three-vector reached the caller,0.0,0.0,3.3266509472440475e-05,one_sided_upper_0.95,true,664d906899b1726ae6d0bd3856483c4590af875a9dfdc3fee14fdcb79dbc4e34
libstdcxx,CANDIDATE,double,0.501,0.0010000000000000009,seed,10004,target_upper_tail_q,2,0.001,0.01,8819,0,a three-vector reached the caller,0.0,0.0,0.000339633010541629,one_sided_upper_0.95,true,664d906899b1726ae6d0bd3856483c4590af875a9dfdc3fee14fdcb79dbc4e34
libstdcxx,CANDIDATE,double,0.501,0.0010000000000000009,seed,10004,target_upper_tail_q,3,0.0001,0.001,893,0,a three-vector reached the caller,0.0,0.0,0.0033490627336285606,one_sided_upper_0.95,true,664d906899b1726ae6d0bd3856483c4590af875a9dfdc3fee14fdcb79dbc4e34
libstdcxx,CANDIDATE,double,0.501,0.0010000000000000009,seed,10004,target_upper_tail_q,4,1e-05,0.0001,82,0,a three-vector reached the caller,0.0,0.0,0.03587403171067116,one_sided_upper_0.95,true,664d906899b1726ae6d0bd3856483c4590af875a9dfdc3fee14fdcb79dbc4e34
libstdcxx,CANDIDATE,double,0.501,0.0010000000000000009,seed,10004,target_upper_tail_q,5,1e-06,1e-05,10,0,a three-vector reached the caller,0.0,0.0,0.2588655508930522,one_sided_upper_0.95,true,664d906899b1726ae6d0bd3856483c4590af875a9dfdc3fee14fdcb79dbc4e34
libstdcxx,QF,double,0.501,0.0010000000000000009,seed,10004,target_upper_tail_q,0,0.1,1.0,900145,508670,a three-vector reached the caller,0.5650978453471385,0.5640729650555981,0.5661223067097898,two_sided_clopper_pearson_0.95,false,664d906899b1726ae6d0bd3856483c4590af875a9dfdc3fee14fdcb79dbc4e34
libstdcxx,QF,double,0.501,0.0010000000000000009,seed,10004,target_upper_tail_q,1,0.01,0.1,90051,0,a three-vector reached the caller,0.0,0.0,3.3266509472440475e-05,one_sided_upper_0.95,true,664d906899b1726ae6d0bd3856483c4590af875a9dfdc3fee14fdcb79dbc4e34
libstdcxx,QF,double,0.501,0.0010000000000000009,seed,10004,target_upper_tail_q,2,0.001,0.01,8819,0,a three-vector reached the caller,0.0,0.0,0.000339633010541629,one_sided_upper_0.95,true,664d906899b1726ae6d0bd3856483c4590af875a9dfdc3fee14fdcb79dbc4e34
libstdcxx,QF,double,0.501,0.0010000000000000009,seed,10004,target_upper_tail_q,3,0.0001,0.001,893,0,a three-vector reached the caller,0.0,0.0,0.0033490627336285606,one_sided_upper_0.95,true,664d906899b1726ae6d0bd3856483c4590af875a9dfdc3fee14fdcb79dbc4e34
libstdcxx,QF,double,0.501,0.0010000000000000009,seed,10004,target_upper_tail_q,4,1e-05,0.0001,82,0,a three-vector reached the caller,0.0,0.0,0.03587403171067116,one_sided_upper_0.95,true,664d906899b1726ae6d0bd3856483c4590af875a9dfdc3fee14fdcb79dbc4e34
libstdcxx,QF,double,0.501,0.0010000000000000009,seed,10004,target_upper_tail_q,5,1e-06,1e-05,10,0,a three-vector reached the caller,0.0,0.0,0.2588655508930522,one_sided_upper_0.95,true,664d906899b1726ae6d0bd3856483c4590af875a9dfdc3fee14fdcb79dbc4e34
libstdcxx,LEGACY,double,0.501,0.0010000000000000009,seed,10005,target_upper_tail_q,0,0.1,1.0,900533,524894,a three-vector reached the caller,0.5828703667716786,0.5818511430884366,0.5838890573810279,two_sided_clopper_pearson_0.95,false,664d906899b1726ae6d0bd3856483c4590af875a9dfdc3fee14fdcb79dbc4e34
libstdcxx,LEGACY,double,0.501,0.0010000000000000009,seed,10005,target_upper_tail_q,1,0.01,0.1,89575,0,a three-vector reached the caller,0.0,0.0,3.344328417209663e-05,one_sided_upper_0.95,true,664d906899b1726ae6d0bd3856483c4590af875a9dfdc3fee14fdcb79dbc4e34
libstdcxx,LEGACY,double,0.501,0.0010000000000000009,seed,10005,target_upper_tail_q,2,0.001,0.01,8898,0,a three-vector reached the caller,0.0,0.0,0.0003366181205189944,one_sided_upper_0.95,true,664d906899b1726ae6d0bd3856483c4590af875a9dfdc3fee14fdcb79dbc4e34
libstdcxx,LEGACY,double,0.501,0.0010000000000000009,seed,10005,target_upper_tail_q,3,0.0001,0.001,891,0,a three-vector reached the caller,0.0,0.0,0.0033565676399440747,one_sided_upper_0.95,true,664d906899b1726ae6d0bd3856483c4590af875a9dfdc3fee14fdcb79dbc4e34
libstdcxx,LEGACY,double,0.501,0.0010000000000000009,seed,10005,target_upper_tail_q,4,1e-05,0.0001,94,0,a three-vector reached the caller,0.0,0.0,0.03136701207878767,one_sided_upper_0.95,true,664d906899b1726ae6d0bd3856483c4590af875a9dfdc3fee14fdcb79dbc4e34
libstdcxx,LEGACY,double,0.501,0.0010000000000000009,seed,10005,target_upper_tail_q,5,1e-06,1e-05,9,0,a three-vector reached the caller,0.0,0.0,0.2831288355631134,one_sided_upper_0.95,true,664d906899b1726ae6d0bd3856483c4590af875a9dfdc3fee14fdcb79dbc4e34
libstdcxx,CANDIDATE,double,0.501,0.0010000000000000009,seed,10005,target_upper_tail_q,0,0.1,1.0,900533,758181,a three-vector reached the caller,0.8419247268006836,0.8411696005121222,0.8426776530572949,two_sided_clopper_pearson_0.95,false,664d906899b1726ae6d0bd3856483c4590af875a9dfdc3fee14fdcb79dbc4e34
libstdcxx,CANDIDATE,double,0.501,0.0010000000000000009,seed,10005,target_upper_tail_q,1,0.01,0.1,89575,0,a three-vector reached the caller,0.0,0.0,3.344328417209663e-05,one_sided_upper_0.95,true,664d906899b1726ae6d0bd3856483c4590af875a9dfdc3fee14fdcb79dbc4e34
libstdcxx,CANDIDATE,double,0.501,0.0010000000000000009,seed,10005,target_upper_tail_q,2,0.001,0.01,8898,0,a three-vector reached the caller,0.0,0.0,0.0003366181205189944,one_sided_upper_0.95,true,664d906899b1726ae6d0bd3856483c4590af875a9dfdc3fee14fdcb79dbc4e34
libstdcxx,CANDIDATE,double,0.501,0.0010000000000000009,seed,10005,target_upper_tail_q,3,0.0001,0.001,891,0,a three-vector reached the caller,0.0,0.0,0.0033565676399440747,one_sided_upper_0.95,true,664d906899b1726ae6d0bd3856483c4590af875a9dfdc3fee14fdcb79dbc4e34
libstdcxx,CANDIDATE,double,0.501,0.0010000000000000009,seed,10005,target_upper_tail_q,4,1e-05,0.0001,94,0,a three-vector reached the caller,0.0,0.0,0.03136701207878767,one_sided_upper_0.95,true,664d906899b1726ae6d0bd3856483c4590af875a9dfdc3fee14fdcb79dbc4e34
libstdcxx,CANDIDATE,double,0.501,0.0010000000000000009,seed,10005,target_upper_tail_q,5,1e-06,1e-05,9,0,a three-vector reached the caller,0.0,0.0,0.2831288355631134,one_sided_upper_0.95,true,664d906899b1726ae6d0bd3856483c4590af875a9dfdc3fee14fdcb79dbc4e34
libstdcxx,QF,double,0.501,0.0010000000000000009,seed,10005,target_upper_tail_q,0,0.1,1.0,900533,507979,a three-vector reached the caller,0.5640870462270677,0.5630621181878759,0.5651115620200795,two_sided_clopper_pearson_0.95,false,664d906899b1726ae6d0bd3856483c4590af875a9dfdc3fee14fdcb79dbc4e34
libstdcxx,QF,double,0.501,0.0010000000000000009,seed,10005,target_upper_tail_q,1,0.01,0.1,89575,0,a three-vector reached the caller,0.0,0.0,3.344328417209663e-05,one_sided_upper_0.95,true,664d906899b1726ae6d0bd3856483c4590af875a9dfdc3fee14fdcb79dbc4e34
libstdcxx,QF,double,0.501,0.0010000000000000009,seed,10005,target_upper_tail_q,2,0.001,0.01,8898,0,a three-vector reached the caller,0.0,0.0,0.0003366181205189944,one_sided_upper_0.95,true,664d906899b1726ae6d0bd3856483c4590af875a9dfdc3fee14fdcb79dbc4e34
libstdcxx,QF,double,0.501,0.0010000000000000009,seed,10005,target_upper_tail_q,3,0.0001,0.001,891,0,a three-vector reached the caller,0.0,0.0,0.0033565676399440747,one_sided_upper_0.95,true,664d906899b1726ae6d0bd3856483c4590af875a9dfdc3fee14fdcb79dbc4e34
libstdcxx,QF,double,0.501,0.0010000000000000009,seed,10005,target_upper_tail_q,4,1e-05,0.0001,94,0,a three-vector reached the caller,0.0,0.0,0.03136701207878767,one_sided_upper_0.95,true,664d906899b1726ae6d0bd3856483c4590af875a9dfdc3fee14fdcb79dbc4e34
libstdcxx,QF,double,0.501,0.0010000000000000009,seed,10005,target_upper_tail_q,5,1e-06,1e-05,9,0,a three-vector reached the caller,0.0,0.0,0.2831288355631134,one_sided_upper_0.95,true,664d906899b1726ae6d0bd3856483c4590af875a9dfdc3fee14fdcb79dbc4e34
libstdcxx,LEGACY,double,0.505,0.0050000000000000044,seed,10001,target_upper_tail_q,0,0.1,1.0,899707,899707,a three-vector reached the caller,1.0,0.9999958999186493,1.0,two_sided_clopper_pearson_0.95,false,664d906899b1726ae6d0bd3856483c4590af875a9dfdc3fee14fdcb79dbc4e34
libstdcxx,LEGACY,double,0.505,0.0050000000000000044,seed,10001,target_upper_tail_q,1,0.01,0.1,90416,76059,a three-vector reached the caller,0.8412117324367369,0.838813013772419,0.8435885391769299,two_sided_clopper_pearson_0.95,false,664d906899b1726ae6d0bd3856483c4590af875a9dfdc3fee14fdcb79dbc4e34
libstdcxx,LEGACY,double,0.505,0.0050000000000000044,seed,10001,target_upper_tail_q,2,0.001,0.01,8905,0,a three-vector reached the caller,0.0,0.0,0.00033635355785532894,one_sided_upper_0.95,true,664d906899b1726ae6d0bd3856483c4590af875a9dfdc3fee14fdcb79dbc4e34
libstdcxx,LEGACY,double,0.505,0.0050000000000000044,seed,10001,target_upper_tail_q,3,0.0001,0.001,864,0,a three-vector reached the caller,0.0,0.0,0.0034612786405662233,one_sided_upper_0.95,true,664d906899b1726ae6d0bd3856483c4590af875a9dfdc3fee14fdcb79dbc4e34
libstdcxx,LEGACY,double,0.505,0.0050000000000000044,seed,10001,target_upper_tail_q,4,1e-05,0.0001,98,0,a three-vector reached the caller,0.0,0.0,0.030106198694773156,one_sided_upper_0.95,true,664d906899b1726ae6d0bd3856483c4590af875a9dfdc3fee14fdcb79dbc4e34
libstdcxx,LEGACY,double,0.505,0.0050000000000000044,seed,10001,target_upper_tail_q,5,1e-06,1e-05,10,0,a three-vector reached the caller,0.0,0.0,0.2588655508930522,one_sided_upper_0.95,true,664d906899b1726ae6d0bd3856483c4590af875a9dfdc3fee14fdcb79dbc4e34
libstdcxx,CANDIDATE,double,0.505,0.0050000000000000044,seed,10001,target_upper_tail_q,0,0.1,1.0,899707,899707,a three-vector reached the caller,1.0,0.9999958999186493,1.0,two_sided_clopper_pearson_0.95,false,664d906899b1726ae6d0bd3856483c4590af875a9dfdc3fee14fdcb79dbc4e34
libstdcxx,CANDIDATE,double,0.505,0.0050000000000000044,seed,10001,target_upper_tail_q,1,0.01,0.1,90416,90416,a three-vector reached the caller,1.0,0.999959201864671,1.0,two_sided_clopper_pearson_0.95,false,664d906899b1726ae6d0bd3856483c4590af875a9dfdc3fee14fdcb79dbc4e34
libstdcxx,CANDIDATE,double,0.505,0.0050000000000000044,seed,10001,target_upper_tail_q,2,0.001,0.01,8905,8905,a three-vector reached the caller,1.0,0.9995858376750222,1.0,two_sided_clopper_pearson_0.95,false,664d906899b1726ae6d0bd3856483c4590af875a9dfdc3fee14fdcb79dbc4e34
libstdcxx,CANDIDATE,double,0.505,0.0050000000000000044,seed,10001,target_upper_tail_q,3,0.0001,0.001,864,170,a three-vector reached the caller,0.19675925925925927,0.1707428881008155,0.22486189575644924,two_sided_clopper_pearson_0.95,false,664d906899b1726ae6d0bd3856483c4590af875a9dfdc3fee14fdcb79dbc4e34
libstdcxx,CANDIDATE,double,0.505,0.0050000000000000044,seed,10001,target_upper_tail_q,4,1e-05,0.0001,98,0,a three-vector reached the caller,0.0,0.0,0.030106198694773156,one_sided_upper_0.95,true,664d906899b1726ae6d0bd3856483c4590af875a9dfdc3fee14fdcb79dbc4e34
libstdcxx,CANDIDATE,double,0.505,0.0050000000000000044,seed,10001,target_upper_tail_q,5,1e-06,1e-05,10,0,a three-vector reached the caller,0.0,0.0,0.2588655508930522,one_sided_upper_0.95,true,664d906899b1726ae6d0bd3856483c4590af875a9dfdc3fee14fdcb79dbc4e34
libstdcxx,QF,double,0.505,0.0050000000000000044,seed,10001,target_upper_tail_q,0,0.1,1.0,899707,899707,a three-vector reached the caller,1.0,0.9999958999186493,1.0,two_sided_clopper_pearson_0.95,false,664d906899b1726ae6d0bd3856483c4590af875a9dfdc3fee14fdcb79dbc4e34
libstdcxx,QF,double,0.505,0.0050000000000000044,seed,10001,target_upper_tail_q,1,0.01,0.1,90416,71292,a three-vector reached the caller,0.7884887630507875,0.7858121103466009,0.7911468955561346,two_sided_clopper_pearson_0.95,false,664d906899b1726ae6d0bd3856483c4590af875a9dfdc3fee14fdcb79dbc4e34
libstdcxx,QF,double,0.505,0.0050000000000000044,seed,10001,target_upper_tail_q,2,0.001,0.01,8905,0,a three-vector reached the caller,0.0,0.0,0.00033635355785532894,one_sided_upper_0.95,true,664d906899b1726ae6d0bd3856483c4590af875a9dfdc3fee14fdcb79dbc4e34
libstdcxx,QF,double,0.505,0.0050000000000000044,seed,10001,target_upper_tail_q,3,0.0001,0.001,864,0,a three-vector reached the caller,0.0,0.0,0.0034612786405662233,one_sided_upper_0.95,true,664d906899b1726ae6d0bd3856483c4590af875a9dfdc3fee14fdcb79dbc4e34
libstdcxx,QF,double,0.505,0.0050000000000000044,seed,10001,target_upper_tail_q,4,1e-05,0.0001,98,0,a three-vector reached the caller,0.0,0.0,0.030106198694773156,one_sided_upper_0.95,true,664d906899b1726ae6d0bd3856483c4590af875a9dfdc3fee14fdcb79dbc4e34
libstdcxx,QF,double,0.505,0.0050000000000000044,seed,10001,target_upper_tail_q,5,1e-06,1e-05,10,0,a three-vector reached the caller,0.0,0.0,0.2588655508930522,one_sided_upper_0.95,true,664d906899b1726ae6d0bd3856483c4590af875a9dfdc3fee14fdcb79dbc4e34
libstdcxx,LEGACY,double,0.505,0.0050000000000000044,seed,10002,target_upper_tail_q,0,0.1,1.0,899782,899782,a three-vector reached the caller,1.0,0.9999959002604049,1.0,two_sided_clopper_pearson_0.95,false,664d906899b1726ae6d0bd3856483c4590af875a9dfdc3fee14fdcb79dbc4e34
libstdcxx,LEGACY,double,0.505,0.0050000000000000044,seed,10002,target_upper_tail_q,1,0.01,0.1,90179,76097,a three-vector reached the caller,0.843843910444782,0.8414580900089356,0.8462075913410351,two_sided_clopper_pearson_0.95,false,664d906899b1726ae6d0bd3856483c4590af875a9dfdc3fee14fdcb79dbc4e34
libstdcxx,LEGACY,double,0.505,0.0050000000000000044,seed,10002,target_upper_tail_q,2,0.001,0.01,9047,0,a three-vector reached the caller,0.0,0.0,0.00033107509008722946,one_sided_upper_0.95,true,664d906899b1726ae6d0bd3856483c4590af875a9dfdc3fee14fdcb79dbc4e34
libstdcxx,LEGACY,double,0.505,0.0050000000000000044,seed,10002,target_upper_tail_q,3,0.0001,0.001,890,0,a three-vector reached the caller,0.0,0.0,0.0033603327205327105,one_sided_upper_0.95,true,664d906899b1726ae6d0bd3856483c4590af875a9dfdc3fee14fdcb79dbc4e34
libstdcxx,LEGACY,double,0.505,0.0050000000000000044,seed,10002,target_upper_tail_q,4,1e-05,0.0001,93,0,a three-vector reached the caller,0.0,0.0,0.03169888899111484,one_sided_upper_0.95,true,664d906899b1726ae6d0bd3856483c4590af875a9dfdc3fee14fdcb79dbc4e34
libstdcxx,LEGACY,double,0.505,0.0050000000000000044,seed,10002,target_upper_tail_q,5,1e-06,1e-05,7,0,a three-vector reached the caller,0.0,0.0,0.34816365513116077,one_sided_upper_0.95,true,664d906899b1726ae6d0bd3856483c4590af875a9dfdc3fee14fdcb79dbc4e34
libstdcxx,LEGACY,double,0.505,0.0050000000000000044,seed,10002,target_upper_tail_q,6,1e-08,1e-06,2,0,a three-vector reached the caller,0.0,0.0,0.776393202250021,one_sided_upper_0.95,true,664d906899b1726ae6d0bd3856483c4590af875a9dfdc3fee14fdcb79dbc4e34
libstdcxx,CANDIDATE,double,0.505,0.0050000000000000044,seed,10002,target_upper_tail_q,0,0.1,1.0,899782,899782,a three-vector reached the caller,1.0,0.9999959002604049,1.0,two_sided_clopper_pearson_0.95,false,664d906899b1726ae6d0bd3856483c4590af875a9dfdc3fee14fdcb79dbc4e34
libstdcxx,CANDIDATE,double,0.505,0.0050000000000000044,seed,10002,target_upper_tail_q,1,0.01,0.1,90179,90179,a three-vector reached the caller,1.0,0.9999590946450267,1.0,two_sided_clopper_pearson_0.95,false,664d906899b1726ae6d0bd3856483c4590af875a9dfdc3fee14fdcb79dbc4e34
libstdcxx,CANDIDATE,double,0.505,0.0050000000000000044,seed,10002,target_upper_tail_q,2,0.001,0.01,9047,9047,a three-vector reached the caller,1.0,0.99959233696329,1.0,two_sided_clopper_pearson_0.95,false,664d906899b1726ae6d0bd3856483c4590af875a9dfdc3fee14fdcb79dbc4e34
libstdcxx,CANDIDATE,double,0.505,0.0050000000000000044,seed,10002,target_upper_tail_q,3,0.0001,0.001,890,188,a three-vector reached the caller,0.21123595505617979,0.18484893319661358,0.23954956566622798,two_sided_clopper_pearson_0.95,false,664d906899b1726ae6d0bd3856483c4590af875a9dfdc3fee14fdcb79dbc4e34
libstdcxx,CANDIDATE,double,0.505,0.0050000000000000044,seed,10002,target_upper_tail_q,4,1e-05,0.0001,93,0,a three-vector reached the caller,0.0,0.0,0.03169888899111484,one_sided_upper_0.95,true,664d906899b1726ae6d0bd3856483c4590af875a9dfdc3fee14fdcb79dbc4e34
libstdcxx,CANDIDATE,double,0.505,0.0050000000000000044,seed,10002,target_upper_tail_q,5,1e-06,1e-05,7,0,a three-vector reached the caller,0.0,0.0,0.34816365513116077,one_sided_upper_0.95,true,664d906899b1726ae6d0bd3856483c4590af875a9dfdc3fee14fdcb79dbc4e34
libstdcxx,CANDIDATE,double,0.505,0.0050000000000000044,seed,10002,target_upper_tail_q,6,1e-08,1e-06,2,0,a three-vector reached the caller,0.0,0.0,0.776393202250021,one_sided_upper_0.95,true,664d906899b1726ae6d0bd3856483c4590af875a9dfdc3fee14fdcb79dbc4e34
libstdcxx,QF,double,0.505,0.0050000000000000044,seed,10002,target_upper_tail_q,0,0.1,1.0,899782,899782,a three-vector reached the caller,1.0,0.9999959002604049,1.0,two_sided_clopper_pearson_0.95,false,664d906899b1726ae6d0bd3856483c4590af875a9dfdc3fee14fdcb79dbc4e34
libstdcxx,QF,double,0.505,0.0050000000000000044,seed,10002,target_upper_tail_q,1,0.01,0.1,90179,71232,a three-vector reached the caller,0.7898956519810599,0.7872219297692818,0.7925507145731593,two_sided_clopper_pearson_0.95,false,664d906899b1726ae6d0bd3856483c4590af875a9dfdc3fee14fdcb79dbc4e34
libstdcxx,QF,double,0.505,0.0050000000000000044,seed,10002,target_upper_tail_q,2,0.001,0.01,9047,0,a three-vector reached the caller,0.0,0.0,0.00033107509008722946,one_sided_upper_0.95,true,664d906899b1726ae6d0bd3856483c4590af875a9dfdc3fee14fdcb79dbc4e34
libstdcxx,QF,double,0.505,0.0050000000000000044,seed,10002,target_upper_tail_q,3,0.0001,0.001,890,0,a three-vector reached the caller,0.0,0.0,0.0033603327205327105,one_sided_upper_0.95,true,664d906899b1726ae6d0bd3856483c4590af875a9dfdc3fee14fdcb79dbc4e34
libstdcxx,QF,double,0.505,0.0050000000000000044,seed,10002,target_upper_tail_q,4,1e-05,0.0001,93,0,a three-vector reached the caller,0.0,0.0,0.03169888899111484,one_sided_upper_0.95,true,664d906899b1726ae6d0bd3856483c4590af875a9dfdc3fee14fdcb79dbc4e34
libstdcxx,QF,double,0.505,0.0050000000000000044,seed,10002,target_upper_tail_q,5,1e-06,1e-05,7,0,a three-vector reached the caller,0.0,0.0,0.34816365513116077,one_sided_upper_0.95,true,664d906899b1726ae6d0bd3856483c4590af875a9dfdc3fee14fdcb79dbc4e34
libstdcxx,QF,double,0.505,0.0050000000000000044,seed,10002,target_upper_tail_q,6,1e-08,1e-06,2,0,a three-vector reached the caller,0.0,0.0,0.776393202250021,one_sided_upper_0.95,true,664d906899b1726ae6d0bd3856483c4590af875a9dfdc3fee14fdcb79dbc4e34
libstdcxx,LEGACY,double,0.505,0.0050000000000000044,seed,10003,target_upper_tail_q,0,0.1,1.0,900201,900201,a three-vector reached the caller,1.0,0.9999959021686313,1.0,two_sided_clopper_pearson_0.95,false,664d906899b1726ae6d0bd3856483c4590af875a9dfdc3fee14fdcb79dbc4e34
libstdcxx,LEGACY,double,0.505,0.0050000000000000044,seed,10003,target_upper_tail_q,1,0.01,0.1,89720,75583,a three-vector reached the caller,0.8424320106999554,0.8400313817334129,0.8448104783156947,two_sided_clopper_pearson_0.95,false,664d906899b1726ae6d0bd3856483c4590af875a9dfdc3fee14fdcb79dbc4e34
libstdcxx,LEGACY,double,0.505,0.0050000000000000044,seed,10003,target_upper_tail_q,2,0.001,0.01,9040,0,a three-vector reached the caller,0.0,0.0,0.00033133141106667097,one_sided_upper_0.95,true,664d906899b1726ae6d0bd3856483c4590af875a9dfdc3fee14fdcb79dbc4e34
libstdcxx,LEGACY,double,0.505,0.0050000000000000044,seed,10003,target_upper_tail_q,3,0.0001,0.001,926,0,a three-vector reached the caller,0.0,0.0,0.003229904643831105,one_sided_upper_0.95,true,664d906899b1726ae6d0bd3856483c4590af875a9dfdc3fee14fdcb79dbc4e34
libstdcxx,LEGACY,double,0.505,0.0050000000000000044,seed,10003,target_upper_tail_q,4,1e-05,0.0001,98,0,a three-vector reached the caller,0.0,0.0,0.030106198694773156,one_sided_upper_0.95,true,664d906899b1726ae6d0bd3856483c4590af875a9dfdc3fee14fdcb79dbc4e34
libstdcxx,LEGACY,double,0.505,0.0050000000000000044,seed,10003,target_upper_tail_q,5,1e-06,1e-05,13,0,a three-vector reached the caller,0.0,0.0,0.20581666518655062,one_sided_upper_0.95,true,664d906899b1726ae6d0bd3856483c4590af875a9dfdc3fee14fdcb79dbc4e34
libstdcxx,LEGACY,double,0.505,0.0050000000000000044,seed,10003,target_upper_tail_q,6,1e-08,1e-06,2,0,a three-vector reached the caller,0.0,0.0,0.776393202250021,one_sided_upper_0.95,true,664d906899b1726ae6d0bd3856483c4590af875a9dfdc3fee14fdcb79dbc4e34
libstdcxx,CANDIDATE,double,0.505,0.0050000000000000044,seed,10003,target_upper_tail_q,0,0.1,1.0,900201,900201,a three-vector reached the caller,1.0,0.9999959021686313,1.0,two_sided_clopper_pearson_0.95,false,664d906899b1726ae6d0bd3856483c4590af875a9dfdc3fee14fdcb79dbc4e34
libstdcxx,CANDIDATE,double,0.505,0.0050000000000000044,seed,10003,target_upper_tail_q,1,0.01,0.1,89720,89720,a three-vector reached the caller,1.0,0.9999588853809612,1.0,two_sided_clopper_pearson_0.95,false,664d906899b1726ae6d0bd3856483c4590af875a9dfdc3fee14fdcb79dbc4e34
libstdcxx,CANDIDATE,double,0.505,0.0050000000000000044,seed,10003,target_upper_tail_q,2,0.001,0.01,9040,9040,a three-vector reached the caller,1.0,0.999592021359411,1.0,two_sided_clopper_pearson_0.95,false,664d906899b1726ae6d0bd3856483c4590af875a9dfdc3fee14fdcb79dbc4e34
libstdcxx,CANDIDATE,double,0.505,0.0050000000000000044,seed,10003,target_upper_tail_q,3,0.0001,0.001,926,180,a three-vector reached the caller,0.19438444924406048,0.16936097775305825,0.22136837254514236,two_sided_clopper_pearson_0.95,false,664d906899b1726ae6d0bd3856483c4590af875a9dfdc3fee14fdcb79dbc4e34
libstdcxx,CANDIDATE,double,0.505,0.0050000000000000044,seed,10003,target_upper_tail_q,4,1e-05,0.0001,98,0,a three-vector reached the caller,0.0,0.0,0.030106198694773156,one_sided_upper_0.95,true,664d906899b1726ae6d0bd3856483c4590af875a9dfdc3fee14fdcb79dbc4e34
libstdcxx,CANDIDATE,double,0.505,0.0050000000000000044,seed,10003,target_upper_tail_q,5,1e-06,1e-05,13,0,a three-vector reached the caller,0.0,0.0,0.20581666518655062,one_sided_upper_0.95,true,664d906899b1726ae6d0bd3856483c4590af875a9dfdc3fee14fdcb79dbc4e34
libstdcxx,CANDIDATE,double,0.505,0.0050000000000000044,seed,10003,target_upper_tail_q,6,1e-08,1e-06,2,0,a three-vector reached the caller,0.0,0.0,0.776393202250021,one_sided_upper_0.95,true,664d906899b1726ae6d0bd3856483c4590af875a9dfdc3fee14fdcb79dbc4e34
libstdcxx,QF,double,0.505,0.0050000000000000044,seed,10003,target_upper_tail_q,0,0.1,1.0,900201,900201,a three-vector reached the caller,1.0,0.9999959021686313,1.0,two_sided_clopper_pearson_0.95,false,664d906899b1726ae6d0bd3856483c4590af875a9dfdc3fee14fdcb79dbc4e34
libstdcxx,QF,double,0.505,0.0050000000000000044,seed,10003,target_upper_tail_q,1,0.01,0.1,89720,70891,a three-vector reached the caller,0.7901359786000892,0.7874564997330717,0.7927966866859096,two_sided_clopper_pearson_0.95,false,664d906899b1726ae6d0bd3856483c4590af875a9dfdc3fee14fdcb79dbc4e34
libstdcxx,QF,double,0.505,0.0050000000000000044,seed,10003,target_upper_tail_q,2,0.001,0.01,9040,0,a three-vector reached the caller,0.0,0.0,0.00033133141106667097,one_sided_upper_0.95,true,664d906899b1726ae6d0bd3856483c4590af875a9dfdc3fee14fdcb79dbc4e34
libstdcxx,QF,double,0.505,0.0050000000000000044,seed,10003,target_upper_tail_q,3,0.0001,0.001,926,0,a three-vector reached the caller,0.0,0.0,0.003229904643831105,one_sided_upper_0.95,true,664d906899b1726ae6d0bd3856483c4590af875a9dfdc3fee14fdcb79dbc4e34
libstdcxx,QF,double,0.505,0.0050000000000000044,seed,10003,target_upper_tail_q,4,1e-05,0.0001,98,0,a three-vector reached the caller,0.0,0.0,0.030106198694773156,one_sided_upper_0.95,true,664d906899b1726ae6d0bd3856483c4590af875a9dfdc3fee14fdcb79dbc4e34
libstdcxx,QF,double,0.505,0.0050000000000000044,seed,10003,target_upper_tail_q,5,1e-06,1e-05,13,0,a three-vector reached the caller,0.0,0.0,0.20581666518655062,one_sided_upper_0.95,true,664d906899b1726ae6d0bd3856483c4590af875a9dfdc3fee14fdcb79dbc4e34
libstdcxx,QF,double,0.505,0.0050000000000000044,seed,10003,target_upper_tail_q,6,1e-08,1e-06,2,0,a three-vector reached the caller,0.0,0.0,0.776393202250021,one_sided_upper_0.95,true,664d906899b1726ae6d0bd3856483c4590af875a9dfdc3fee14fdcb79dbc4e34
libstdcxx,LEGACY,double,0.505,0.0050000000000000044,seed,10004,target_upper_tail_q,0,0.1,1.0,900114,900114,a three-vector reached the caller,1.0,0.9999959017725586,1.0,two_sided_clopper_pearson_0.95,false,664d906899b1726ae6d0bd3856483c4590af875a9dfdc3fee14fdcb79dbc4e34
libstdcxx,LEGACY,double,0.505,0.0050000000000000044,seed,10004,target_upper_tail_q,1,0.01,0.1,90089,75794,a three-vector reached the caller,0.8413235800153182,0.8389211604231148,0.8437040007997851,two_sided_clopper_pearson_0.95,false,664d906899b1726ae6d0bd3856483c4590af875a9dfdc3fee14fdcb79dbc4e34
libstdcxx,LEGACY,double,0.505,0.0050000000000000044,seed,10004,target_upper_tail_q,2,0.001,0.01,8813,0,a three-vector reached the caller,0.0,0.0,0.00033986419762177533,one_sided_upper_0.95,true,664d906899b1726ae6d0bd3856483c4590af875a9dfdc3fee14fdcb79dbc4e34
libstdcxx,LEGACY,double,0.505,0.0050000000000000044,seed,10004,target_upper_tail_q,3,0.0001,0.001,892,0,a three-vector reached the caller,0.0,0.0,0.003352810987064414,one_sided_upper_0.95,true,664d906899b1726ae6d0bd3856483c4590af875a9dfdc3fee14fdcb79dbc4e34
libstdcxx,LEGACY,double,0.505,0.0050000000000000044,seed,10004,target_upper_tail_q,4,1e-05,0.0001,82,0,a three-vector reached the caller,0.0,0.0,0.03587403171067116,one_sided_upper_0.95,true,664d906899b1726ae6d0bd3856483c4590af875a9dfdc3fee14fdcb79dbc4e34
libstdcxx,LEGACY,double,0.505,0.0050000000000000044,seed,10004,target_upper_tail_q,5,1e-06,1e-05,10,0,a three-vector reached the caller,0.0,0.0,0.2588655508930522,one_sided_upper_0.95,true,664d906899b1726ae6d0bd3856483c4590af875a9dfdc3fee14fdcb79dbc4e34
libstdcxx,CANDIDATE,double,0.505,0.0050000000000000044,seed,10004,target_upper_tail_q,0,0.1,1.0,900114,900114,a three-vector reached the caller,1.0,0.9999959017725586,1.0,two_sided_clopper_pearson_0.95,false,664d906899b1726ae6d0bd3856483c4590af875a9dfdc3fee14fdcb79dbc4e34
libstdcxx,CANDIDATE,double,0.505,0.0050000000000000044,seed,10004,target_upper_tail_q,1,0.01,0.1,90089,90089,a three-vector reached the caller,1.0,0.9999590537809192,1.0,two_sided_clopper_pearson_0.95,false,664d906899b1726ae6d0bd3856483c4590af875a9dfdc3fee14fdcb79dbc4e34
libstdcxx,CANDIDATE,double,0.505,0.0050000000000000044,seed,10004,target_upper_tail_q,2,0.001,0.01,8813,8813,a three-vector reached the caller,1.0,0.9995815150879304,1.0,two_sided_clopper_pearson_0.95,false,664d906899b1726ae6d0bd3856483c4590af875a9dfdc3fee14fdcb79dbc4e34
libstdcxx,CANDIDATE,double,0.505,0.0050000000000000044,seed,10004,target_upper_tail_q,3,0.0001,0.001,892,204,a three-vector reached the caller,0.22869955156950672,0.20151020753758336,0.25769352776281645,two_sided_clopper_pearson_0.95,false,664d906899b1726ae6d0bd3856483c4590af875a9dfdc3fee14fdcb79dbc4e34
libstdcxx,CANDIDATE,double,0.505,0.0050000000000000044,seed,10004,target_upper_tail_q,4,1e-05,0.0001,82,0,a three-vector reached the caller,0.0,0.0,0.03587403171067116,one_sided_upper_0.95,true,664d906899b1726ae6d0bd3856483c4590af875a9dfdc3fee14fdcb79dbc4e34
libstdcxx,CANDIDATE,double,0.505,0.0050000000000000044,seed,10004,target_upper_tail_q,5,1e-06,1e-05,10,0,a three-vector reached the caller,0.0,0.0,0.2588655508930522,one_sided_upper_0.95,true,664d906899b1726ae6d0bd3856483c4590af875a9dfdc3fee14fdcb79dbc4e34
libstdcxx,QF,double,0.505,0.0050000000000000044,seed,10004,target_upper_tail_q,0,0.1,1.0,900114,900114,a three-vector reached the caller,1.0,0.9999959017725586,1.0,two_sided_clopper_pearson_0.95,false,664d906899b1726ae6d0bd3856483c4590af875a9dfdc3fee14fdcb79dbc4e34
libstdcxx,QF,double,0.505,0.0050000000000000044,seed,10004,target_upper_tail_q,1,0.01,0.1,90089,71162,a three-vector reached the caller,0.7899077578838704,0.787232748909802,0.7925640877906002,two_sided_clopper_pearson_0.95,false,664d906899b1726ae6d0bd3856483c4590af875a9dfdc3fee14fdcb79dbc4e34
libstdcxx,QF,double,0.505,0.0050000000000000044,seed,10004,target_upper_tail_q,2,0.001,0.01,8813,0,a three-vector reached the caller,0.0,0.0,0.00033986419762177533,one_sided_upper_0.95,true,664d906899b1726ae6d0bd3856483c4590af875a9dfdc3fee14fdcb79dbc4e34
libstdcxx,QF,double,0.505,0.0050000000000000044,seed,10004,target_upper_tail_q,3,0.0001,0.001,892,0,a three-vector reached the caller,0.0,0.0,0.003352810987064414,one_sided_upper_0.95,true,664d906899b1726ae6d0bd3856483c4590af875a9dfdc3fee14fdcb79dbc4e34
libstdcxx,QF,double,0.505,0.0050000000000000044,seed,10004,target_upper_tail_q,4,1e-05,0.0001,82,0,a three-vector reached the caller,0.0,0.0,0.03587403171067116,one_sided_upper_0.95,true,664d906899b1726ae6d0bd3856483c4590af875a9dfdc3fee14fdcb79dbc4e34
libstdcxx,QF,double,0.505,0.0050000000000000044,seed,10004,target_upper_tail_q,5,1e-06,1e-05,10,0,a three-vector reached the caller,0.0,0.0,0.2588655508930522,one_sided_upper_0.95,true,664d906899b1726ae6d0bd3856483c4590af875a9dfdc3fee14fdcb79dbc4e34
libstdcxx,LEGACY,double,0.505,0.0050000000000000044,seed,10005,target_upper_tail_q,0,0.1,1.0,900566,900566,a three-vector reached the caller,1.0,0.9999959038294817,1.0,two_sided_clopper_pearson_0.95,false,664d906899b1726ae6d0bd3856483c4590af875a9dfdc3fee14fdcb79dbc4e34
libstdcxx,LEGACY,double,0.505,0.0050000000000000044,seed,10005,target_upper_tail_q,1,0.01,0.1,89562,75244,a three-vector reached the caller,0.8401330921596213,0.8377163451906133,0.8425277880644125,two_sided_clopper_pearson_0.95,false,664d906899b1726ae6d0bd3856483c4590af875a9dfdc3fee14fdcb79dbc4e34
libstdcxx,LEGACY,double,0.505,0.0050000000000000044,seed,10005,target_upper_tail_q,2,0.001,0.01,8888,0,a three-vector reached the caller,0.0,0.0,0.0003369967899548021,one_sided_upper_0.95,true,664d906899b1726ae6d0bd3856483c4590af875a9dfdc3fee14fdcb79dbc4e34
libstdcxx,LEGACY,double,0.505,0.0050000000000000044,seed,10005,target_upper_tail_q,3,0.0001,0.001,879,0,a three-vector reached the caller,0.0,0.0,0.003402313048133321,one_sided_upper_0.95,true,664d906899b1726ae6d0bd3856483c4590af875a9dfdc3fee14fdcb79dbc4e34
libstdcxx,LEGACY,double,0.505,0.0050000000000000044,seed,10005,target_upper_tail_q,4,1e-05,0.0001,96,0,a three-vector reached the caller,0.0,0.0,0.03072367683353283,one_sided_upper_0.95,true,664d906899b1726ae6d0bd3856483c4590af875a9dfdc3fee14fdcb79dbc4e34
libstdcxx,LEGACY,double,0.505,0.0050000000000000044,seed,10005,target_upper_tail_q,5,1e-06,1e-05,9,0,a three-vector reached the caller,0.0,0.0,0.2831288355631134,one_sided_upper_0.95,true,664d906899b1726ae6d0bd3856483c4590af875a9dfdc3fee14fdcb79dbc4e34
libstdcxx,CANDIDATE,double,0.505,0.0050000000000000044,seed,10005,target_upper_tail_q,0,0.1,1.0,900566,900566,a three-vector reached the caller,1.0,0.9999959038294817,1.0,two_sided_clopper_pearson_0.95,false,664d906899b1726ae6d0bd3856483c4590af875a9dfdc3fee14fdcb79dbc4e34
libstdcxx,CANDIDATE,double,0.505,0.0050000000000000044,seed,10005,target_upper_tail_q,1,0.01,0.1,89562,89562,a three-vector reached the caller,1.0,0.9999588128504681,1.0,two_sided_clopper_pearson_0.95,false,664d906899b1726ae6d0bd3856483c4590af875a9dfdc3fee14fdcb79dbc4e34
libstdcxx,CANDIDATE,double,0.505,0.0050000000000000044,seed,10005,target_upper_tail_q,2,0.001,0.01,8888,8888,a three-vector reached the caller,1.0,0.9995850456747379,1.0,two_sided_clopper_pearson_0.95,false,664d906899b1726ae6d0bd3856483c4590af875a9dfdc3fee14fdcb79dbc4e34
libstdcxx,CANDIDATE,double,0.505,0.0050000000000000044,seed,10005,target_upper_tail_q,3,0.0001,0.001,879,156,a three-vector reached the caller,0.17747440273037543,0.15276261723072482,0.2043692139789907,two_sided_clopper_pearson_0.95,false,664d906899b1726ae6d0bd3856483c4590af875a9dfdc3fee14fdcb79dbc4e34
libstdcxx,CANDIDATE,double,0.505,0.0050000000000000044,seed,10005,target_upper_tail_q,4,1e-05,0.0001,96,0,a three-vector reached the caller,0.0,0.0,0.03072367683353283,one_sided_upper_0.95,true,664d906899b1726ae6d0bd3856483c4590af875a9dfdc3fee14fdcb79dbc4e34
libstdcxx,CANDIDATE,double,0.505,0.0050000000000000044,seed,10005,target_upper_tail_q,5,1e-06,1e-05,9,0,a three-vector reached the caller,0.0,0.0,0.2831288355631134,one_sided_upper_0.95,true,664d906899b1726ae6d0bd3856483c4590af875a9dfdc3fee14fdcb79dbc4e34
libstdcxx,QF,double,0.505,0.0050000000000000044,seed,10005,target_upper_tail_q,0,0.1,1.0,900566,900566,a three-vector reached the caller,1.0,0.9999959038294817,1.0,two_sided_clopper_pearson_0.95,false,664d906899b1726ae6d0bd3856483c4590af875a9dfdc3fee14fdcb79dbc4e34
libstdcxx,QF,double,0.505,0.0050000000000000044,seed,10005,target_upper_tail_q,1,0.01,0.1,89562,70578,a three-vector reached the caller,0.7880351041736451,0.7853435682773453,0.7907079724764737,two_sided_clopper_pearson_0.95,false,664d906899b1726ae6d0bd3856483c4590af875a9dfdc3fee14fdcb79dbc4e34
libstdcxx,QF,double,0.505,0.0050000000000000044,seed,10005,target_upper_tail_q,2,0.001,0.01,8888,0,a three-vector reached the caller,0.0,0.0,0.0003369967899548021,one_sided_upper_0.95,true,664d906899b1726ae6d0bd3856483c4590af875a9dfdc3fee14fdcb79dbc4e34
libstdcxx,QF,double,0.505,0.0050000000000000044,seed,10005,target_upper_tail_q,3,0.0001,0.001,879,0,a three-vector reached the caller,0.0,0.0,0.003402313048133321,one_sided_upper_0.95,true,664d906899b1726ae6d0bd3856483c4590af875a9dfdc3fee14fdcb79dbc4e34
libstdcxx,QF,double,0.505,0.0050000000000000044,seed,10005,target_upper_tail_q,4,1e-05,0.0001,96,0,a three-vector reached the caller,0.0,0.0,0.03072367683353283,one_sided_upper_0.95,true,664d906899b1726ae6d0bd3856483c4590af875a9dfdc3fee14fdcb79dbc4e34
libstdcxx,QF,double,0.505,0.0050000000000000044,seed,10005,target_upper_tail_q,5,1e-06,1e-05,9,0,a three-vector reached the caller,0.0,0.0,0.2831288355631134,one_sided_upper_0.95,true,664d906899b1726ae6d0bd3856483c4590af875a9dfdc3fee14fdcb79dbc4e34
libstdcxx,LEGACY,double,0.51,0.010000000000000009,seed,10001,target_upper_tail_q,0,0.1,1.0,899700,899700,a three-vector reached the caller,1.0,0.9999958998867493,1.0,two_sided_clopper_pearson_0.95,false,664d906899b1726ae6d0bd3856483c4590af875a9dfdc3fee14fdcb79dbc4e34
libstdcxx,LEGACY,double,0.51,0.010000000000000009,seed,10001,target_upper_tail_q,1,0.01,0.1,90409,90409,a three-vector reached the caller,1.0,0.9999591987059023,1.0,two_sided_clopper_pearson_0.95,false,664d906899b1726ae6d0bd3856483c4590af875a9dfdc3fee14fdcb79dbc4e34
libstdcxx,LEGACY,double,0.51,0.010000000000000009,seed,10001,target_upper_tail_q,2,0.001,0.01,8910,8910,a three-vector reached the caller,1.0,0.9995860700412377,1.0,two_sided_clopper_pearson_0.95,false,664d906899b1726ae6d0bd3856483c4590af875a9dfdc3fee14fdcb79dbc4e34
libstdcxx,LEGACY,double,0.51,0.010000000000000009,seed,10001,target_upper_tail_q,3,0.0001,0.001,871,430,a three-vector reached the caller,0.4936854190585534,0.4599780141425678,0.5274356727495753,two_sided_clopper_pearson_0.95,false,664d906899b1726ae6d0bd3856483c4590af875a9dfdc3fee14fdcb79dbc4e34
libstdcxx,LEGACY,double,0.51,0.010000000000000009,seed,10001,target_upper_tail_q,4,1e-05,0.0001,99,0,a three-vector reached the caller,0.0,0.0,0.02980667377335089,one_sided_upper_0.95,true,664d906899b1726ae6d0bd3856483c4590af875a9dfdc3fee14fdcb79dbc4e34
libstdcxx,LEGACY,double,0.51,0.010000000000000009,seed,10001,target_upper_tail_q,5,1e-06,1e-05,11,0,a three-vector reached the caller,0.0,0.0,0.2384041903808526,one_sided_upper_0.95,true,664d906899b1726ae6d0bd3856483c4590af875a9dfdc3fee14fdcb79dbc4e34
libstdcxx,CANDIDATE,double,0.51,0.010000000000000009,seed,10001,target_upper_tail_q,0,0.1,1.0,899700,899700,a three-vector reached the caller,1.0,0.9999958998867493,1.0,two_sided_clopper_pearson_0.95,false,664d906899b1726ae6d0bd3856483c4590af875a9dfdc3fee14fdcb79dbc4e34
libstdcxx,CANDIDATE,double,0.51,0.010000000000000009,seed,10001,target_upper_tail_q,1,0.01,0.1,90409,90409,a three-vector reached the caller,1.0,0.9999591987059023,1.0,two_sided_clopper_pearson_0.95,false,664d906899b1726ae6d0bd3856483c4590af875a9dfdc3fee14fdcb79dbc4e34
libstdcxx,CANDIDATE,double,0.51,0.010000000000000009,seed,10001,target_upper_tail_q,2,0.001,0.01,8910,8910,a three-vector reached the caller,1.0,0.9995860700412377,1.0,two_sided_clopper_pearson_0.95,false,664d906899b1726ae6d0bd3856483c4590af875a9dfdc3fee14fdcb79dbc4e34
libstdcxx,CANDIDATE,double,0.51,0.010000000000000009,seed,10001,target_upper_tail_q,3,0.0001,0.001,871,871,a three-vector reached the caller,1.0,0.9957737326562556,1.0,two_sided_clopper_pearson_0.95,false,664d906899b1726ae6d0bd3856483c4590af875a9dfdc3fee14fdcb79dbc4e34
libstdcxx,CANDIDATE,double,0.51,0.010000000000000009,seed,10001,target_upper_tail_q,4,1e-05,0.0001,99,99,a three-vector reached the caller,1.0,0.9634242550165211,1.0,two_sided_clopper_pearson_0.95,false,664d906899b1726ae6d0bd3856483c4590af875a9dfdc3fee14fdcb79dbc4e34
libstdcxx,CANDIDATE,double,0.51,0.010000000000000009,seed,10001,target_upper_tail_q,5,1e-06,1e-05,11,11,a three-vector reached the caller,1.0,0.7150858470818456,1.0,two_sided_clopper_pearson_0.95,false,664d906899b1726ae6d0bd3856483c4590af875a9dfdc3fee14fdcb79dbc4e34
libstdcxx,QF,double,0.51,0.010000000000000009,seed,10001,target_upper_tail_q,0,0.1,1.0,899700,899700,a three-vector reached the caller,1.0,0.9999958998867493,1.0,two_sided_clopper_pearson_0.95,false,664d906899b1726ae6d0bd3856483c4590af875a9dfdc3fee14fdcb79dbc4e34
libstdcxx,QF,double,0.51,0.010000000000000009,seed,10001,target_upper_tail_q,1,0.01,0.1,90409,90409,a three-vector reached the caller,1.0,0.9999591987059023,1.0,two_sided_clopper_pearson_0.95,false,664d906899b1726ae6d0bd3856483c4590af875a9dfdc3fee14fdcb79dbc4e34
libstdcxx,QF,double,0.51,0.010000000000000009,seed,10001,target_upper_tail_q,2,0.001,0.01,8910,8910,a three-vector reached the caller,1.0,0.9995860700412377,1.0,two_sided_clopper_pearson_0.95,false,664d906899b1726ae6d0bd3856483c4590af875a9dfdc3fee14fdcb79dbc4e34
libstdcxx,QF,double,0.51,0.010000000000000009,seed,10001,target_upper_tail_q,3,0.0001,0.001,871,166,a three-vector reached the caller,0.19058553386911595,0.1650099236087581,0.21827327313946668,two_sided_clopper_pearson_0.95,false,664d906899b1726ae6d0bd3856483c4590af875a9dfdc3fee14fdcb79dbc4e34
libstdcxx,QF,double,0.51,0.010000000000000009,seed,10001,target_upper_tail_q,4,1e-05,0.0001,99,0,a three-vector reached the caller,0.0,0.0,0.02980667377335089,one_sided_upper_0.95,true,664d906899b1726ae6d0bd3856483c4590af875a9dfdc3fee14fdcb79dbc4e34
libstdcxx,QF,double,0.51,0.010000000000000009,seed,10001,target_upper_tail_q,5,1e-06,1e-05,11,0,a three-vector reached the caller,0.0,0.0,0.2384041903808526,one_sided_upper_0.95,true,664d906899b1726ae6d0bd3856483c4590af875a9dfdc3fee14fdcb79dbc4e34
libstdcxx,LEGACY,double,0.51,0.010000000000000009,seed,10002,target_upper_tail_q,0,0.1,1.0,899842,899842,a three-vector reached the caller,1.0,0.9999959005337683,1.0,two_sided_clopper_pearson_0.95,false,664d906899b1726ae6d0bd3856483c4590af875a9dfdc3fee14fdcb79dbc4e34
libstdcxx,LEGACY,double,0.51,0.010000000000000009,seed,10002,target_upper_tail_q,1,0.01,0.1,90108,90108,a three-vector reached the caller,1.0,0.9999590624145838,1.0,two_sided_clopper_pearson_0.95,false,664d906899b1726ae6d0bd3856483c4590af875a9dfdc3fee14fdcb79dbc4e34
libstdcxx,LEGACY,double,0.51,0.010000000000000009,seed,10002,target_upper_tail_q,2,0.001,0.01,9046,9046,a three-vector reached the caller,1.0,0.9995922919069201,1.0,two_sided_clopper_pearson_0.95,false,664d906899b1726ae6d0bd3856483c4590af875a9dfdc3fee14fdcb79dbc4e34
libstdcxx,LEGACY,double,0.51,0.010000000000000009,seed,10002,target_upper_tail_q,3,0.0001,0.001,905,413,a three-vector reached the caller,0.456353591160221,0.4235371850584898,0.4894549633021347,two_sided_clopper_pearson_0.95,false,664d906899b1726ae6d0bd3856483c4590af875a9dfdc3fee14fdcb79dbc4e34
libstdcxx,LEGACY,double,0.51,0.010000000000000009,seed,10002,target_upper_tail_q,4,1e-05,0.0001,90,0,a three-vector reached the caller,0.0,0.0,0.032738033833534574,one_sided_upper_0.95,true,664d906899b1726ae6d0bd3856483c4590af875a9dfdc3fee14fdcb79dbc4e34
libstdcxx,LEGACY,double,0.51,0.010000000000000009,seed,10002,target_upper_tail_q,5,1e-06,1e-05,7,0,a three-vector reached the caller,0.0,0.0,0.34816365513116077,one_sided_upper_0.95,true,664d906899b1726ae6d0bd3856483c4590af875a9dfdc3fee14fdcb79dbc4e34
libstdcxx,LEGACY,double,0.51,0.010000000000000009,seed,10002,target_upper_tail_q,6,1e-08,1e-06,2,0,a three-vector reached the caller,0.0,0.0,0.776393202250021,one_sided_upper_0.95,true,664d906899b1726ae6d0bd3856483c4590af875a9dfdc3fee14fdcb79dbc4e34
libstdcxx,CANDIDATE,double,0.51,0.010000000000000009,seed,10002,target_upper_tail_q,0,0.1,1.0,899842,899842,a three-vector reached the caller,1.0,0.9999959005337683,1.0,two_sided_clopper_pearson_0.95,false,664d906899b1726ae6d0bd3856483c4590af875a9dfdc3fee14fdcb79dbc4e34
libstdcxx,CANDIDATE,double,0.51,0.010000000000000009,seed,10002,target_upper_tail_q,1,0.01,0.1,90108,90108,a three-vector reached the caller,1.0,0.9999590624145838,1.0,two_sided_clopper_pearson_0.95,false,664d906899b1726ae6d0bd3856483c4590af875a9dfdc3fee14fdcb79dbc4e34
libstdcxx,CANDIDATE,double,0.51,0.010000000000000009,seed,10002,target_upper_tail_q,2,0.001,0.01,9046,9046,a three-vector reached the caller,1.0,0.9995922919069201,1.0,two_sided_clopper_pearson_0.95,false,664d906899b1726ae6d0bd3856483c4590af875a9dfdc3fee14fdcb79dbc4e34
libstdcxx,CANDIDATE,double,0.51,0.010000000000000009,seed,10002,target_upper_tail_q,3,0.0001,0.001,905,905,a three-vector reached the caller,1.0,0.9959321861661735,1.0,two_sided_clopper_pearson_0.95,false,664d906899b1726ae6d0bd3856483c4590af875a9dfdc3fee14fdcb79dbc4e34
libstdcxx,CANDIDATE,double,0.51,0.010000000000000009,seed,10002,target_upper_tail_q,4,1e-05,0.0001,90,90,a three-vector reached the caller,1.0,0.9598410803842253,1.0,two_sided_clopper_pearson_0.95,false,664d906899b1726ae6d0bd3856483c4590af875a9dfdc3fee14fdcb79dbc4e34
libstdcxx,CANDIDATE,double,0.51,0.010000000000000009,seed,10002,target_upper_tail_q,5,1e-06,1e-05,7,7,a three-vector reached the caller,1.0,0.5903836027749967,1.0,two_sided_clopper_pearson_0.95,false,664d906899b1726ae6d0bd3856483c4590af875a9dfdc3fee14fdcb79dbc4e34
libstdcxx,CANDIDATE,double,0.51,0.010000000000000009,seed,10002,target_upper_tail_q,6,1e-08,1e-06,2,0,a three-vector reached the caller,0.0,0.0,0.776393202250021,one_sided_upper_0.95,true,664d906899b1726ae6d0bd3856483c4590af875a9dfdc3fee14fdcb79dbc4e34
libstdcxx,QF,double,0.51,0.010000000000000009,seed,10002,target_upper_tail_q,0,0.1,1.0,899842,899842,a three-vector reached the caller,1.0,0.9999959005337683,1.0,two_sided_clopper_pearson_0.95,false,664d906899b1726ae6d0bd3856483c4590af875a9dfdc3fee14fdcb79dbc4e34
libstdcxx,QF,double,0.51,0.010000000000000009,seed,10002,target_upper_tail_q,1,0.01,0.1,90108,90108,a three-vector reached the caller,1.0,0.9999590624145838,1.0,two_sided_clopper_pearson_0.95,false,664d906899b1726ae6d0bd3856483c4590af875a9dfdc3fee14fdcb79dbc4e34
libstdcxx,QF,double,0.51,0.010000000000000009,seed,10002,target_upper_tail_q,2,0.001,0.01,9046,9046,a three-vector reached the caller,1.0,0.9995922919069201,1.0,two_sided_clopper_pearson_0.95,false,664d906899b1726ae6d0bd3856483c4590af875a9dfdc3fee14fdcb79dbc4e34
libstdcxx,QF,double,0.51,0.010000000000000009,seed,10002,target_upper_tail_q,3,0.0001,0.001,905,180,a three-vector reached the caller,0.19889502762430938,0.1733502688323216,0.2264162003093942,two_sided_clopper_pearson_0.95,false,664d906899b1726ae6d0bd3856483c4590af875a9dfdc3fee14fdcb79dbc4e34
libstdcxx,QF,double,0.51,0.010000000000000009,seed,10002,target_upper_tail_q,4,1e-05,0.0001,90,0,a three-vector reached the caller,0.0,0.0,0.032738033833534574,one_sided_upper_0.95,true,664d906899b1726ae6d0bd3856483c4590af875a9dfdc3fee14fdcb79dbc4e34
libstdcxx,QF,double,0.51,0.010000000000000009,seed,10002,target_upper_tail_q,5,1e-06,1e-05,7,0,a three-vector reached the caller,0.0,0.0,0.34816365513116077,one_sided_upper_0.95,true,664d906899b1726ae6d0bd3856483c4590af875a9dfdc3fee14fdcb79dbc4e34
libstdcxx,QF,double,0.51,0.010000000000000009,seed,10002,target_upper_tail_q,6,1e-08,1e-06,2,0,a three-vector reached the caller,0.0,0.0,0.776393202250021,one_sided_upper_0.95,true,664d906899b1726ae6d0bd3856483c4590af875a9dfdc3fee14fdcb79dbc4e34
libstdcxx,LEGACY,double,0.51,0.010000000000000009,seed,10003,target_upper_tail_q,0,0.1,1.0,900192,900192,a three-vector reached the caller,1.0,0.9999959021276619,1.0,two_sided_clopper_pearson_0.95,false,664d906899b1726ae6d0bd3856483c4590af875a9dfdc3fee14fdcb79dbc4e34
libstdcxx,LEGACY,double,0.51,0.010000000000000009,seed,10003,target_upper_tail_q,1,0.01,0.1,89717,89717,a three-vector reached the caller,1.0,0.9999588840061792,1.0,two_sided_clopper_pearson_0.95,false,664d906899b1726ae6d0bd3856483c4590af875a9dfdc3fee14fdcb79dbc4e34
libstdcxx,LEGACY,double,0.51,0.010000000000000009,seed,10003,target_upper_tail_q,2,0.001,0.01,9051,9051,a three-vector reached the caller,1.0,0.9995925170892286,1.0,two_sided_clopper_pearson_0.95,false,664d906899b1726ae6d0bd3856483c4590af875a9dfdc3fee14fdcb79dbc4e34
libstdcxx,LEGACY,double,0.51,0.010000000000000009,seed,10003,target_upper_tail_q,3,0.0001,0.001,930,430,a three-vector reached the caller,0.46236559139784944,0.4299469733676633,0.4950232532622771,two_sided_clopper_pearson_0.95,false,664d906899b1726ae6d0bd3856483c4590af875a9dfdc3fee14fdcb79dbc4e34
libstdcxx,LEGACY,double,0.51,0.010000000000000009,seed,10003,target_upper_tail_q,4,1e-05,0.0001,94,0,a three-vector reached the caller,0.0,0.0,0.03136701207878767,one_sided_upper_0.95,true,664d906899b1726ae6d0bd3856483c4590af875a9dfdc3fee14fdcb79dbc4e34
libstdcxx,LEGACY,double,0.51,0.010000000000000009,seed,10003,target_upper_tail_q,5,1e-06,1e-05,14,0,a three-vector reached the caller,0.0,0.0,0.19263617565013524,one_sided_upper_0.95,true,664d906899b1726ae6d0bd3856483c4590af875a9dfdc3fee14fdcb79dbc4e34
libstdcxx,LEGACY,double,0.51,0.010000000000000009,seed,10003,target_upper_tail_q,6,1e-08,1e-06,2,0,a three-vector reached the caller,0.0,0.0,0.776393202250021,one_sided_upper_0.95,true,664d906899b1726ae6d0bd3856483c4590af875a9dfdc3fee14fdcb79dbc4e34
libstdcxx,CANDIDATE,double,0.51,0.010000000000000009,seed,10003,target_upper_tail_q,0,0.1,1.0,900192,900192,a three-vector reached the caller,1.0,0.9999959021276619,1.0,two_sided_clopper_pearson_0.95,false,664d906899b1726ae6d0bd3856483c4590af875a9dfdc3fee14fdcb79dbc4e34
libstdcxx,CANDIDATE,double,0.51,0.010000000000000009,seed,10003,target_upper_tail_q,1,0.01,0.1,89717,89717,a three-vector reached the caller,1.0,0.9999588840061792,1.0,two_sided_clopper_pearson_0.95,false,664d906899b1726ae6d0bd3856483c4590af875a9dfdc3fee14fdcb79dbc4e34
libstdcxx,CANDIDATE,double,0.51,0.010000000000000009,seed,10003,target_upper_tail_q,2,0.001,0.01,9051,9051,a three-vector reached the caller,1.0,0.9995925170892286,1.0,two_sided_clopper_pearson_0.95,false,664d906899b1726ae6d0bd3856483c4590af875a9dfdc3fee14fdcb79dbc4e34
libstdcxx,CANDIDATE,double,0.51,0.010000000000000009,seed,10003,target_upper_tail_q,3,0.0001,0.001,930,930,a three-vector reached the caller,1.0,0.9960413192697497,1.0,two_sided_clopper_pearson_0.95,false,664d906899b1726ae6d0bd3856483c4590af875a9dfdc3fee14fdcb79dbc4e34
libstdcxx,CANDIDATE,double,0.51,0.010000000000000009,seed,10003,target_upper_tail_q,4,1e-05,0.0001,94,94,a three-vector reached the caller,1.0,0.9615166490024712,1.0,two_sided_clopper_pearson_0.95,false,664d906899b1726ae6d0bd3856483c4590af875a9dfdc3fee14fdcb79dbc4e34
libstdcxx,CANDIDATE,double,0.51,0.010000000000000009,seed,10003,target_upper_tail_q,5,1e-06,1e-05,14,14,a three-vector reached the caller,1.0,0.7683642383498835,1.0,two_sided_clopper_pearson_0.95,false,664d906899b1726ae6d0bd3856483c4590af875a9dfdc3fee14fdcb79dbc4e34
libstdcxx,CANDIDATE,double,0.51,0.010000000000000009,seed,10003,target_upper_tail_q,6,1e-08,1e-06,2,0,a three-vector reached the caller,0.0,0.0,0.776393202250021,one_sided_upper_0.95,true,664d906899b1726ae6d0bd3856483c4590af875a9dfdc3fee14fdcb79dbc4e34
libstdcxx,QF,double,0.51,0.010000000000000009,seed,10003,target_upper_tail_q,0,0.1,1.0,900192,900192,a three-vector reached the caller,1.0,0.9999959021276619,1.0,two_sided_clopper_pearson_0.95,false,664d906899b1726ae6d0bd3856483c4590af875a9dfdc3fee14fdcb79dbc4e34
libstdcxx,QF,double,0.51,0.010000000000000009,seed,10003,target_upper_tail_q,1,0.01,0.1,89717,89717,a three-vector reached the caller,1.0,0.9999588840061792,1.0,two_sided_clopper_pearson_0.95,false,664d906899b1726ae6d0bd3856483c4590af875a9dfdc3fee14fdcb79dbc4e34
libstdcxx,QF,double,0.51,0.010000000000000009,seed,10003,target_upper_tail_q,2,0.001,0.01,9051,9051,a three-vector reached the caller,1.0,0.9995925170892286,1.0,two_sided_clopper_pearson_0.95,false,664d906899b1726ae6d0bd3856483c4590af875a9dfdc3fee14fdcb79dbc4e34
libstdcxx,QF,double,0.51,0.010000000000000009,seed,10003,target_upper_tail_q,3,0.0001,0.001,930,178,a three-vector reached the caller,0.1913978494623656,0.1665857764865902,0.21818122773624088,two_sided_clopper_pearson_0.95,false,664d906899b1726ae6d0bd3856483c4590af875a9dfdc3fee14fdcb79dbc4e34
libstdcxx,QF,double,0.51,0.010000000000000009,seed,10003,target_upper_tail_q,4,1e-05,0.0001,94,0,a three-vector reached the caller,0.0,0.0,0.03136701207878767,one_sided_upper_0.95,true,664d906899b1726ae6d0bd3856483c4590af875a9dfdc3fee14fdcb79dbc4e34
libstdcxx,QF,double,0.51,0.010000000000000009,seed,10003,target_upper_tail_q,5,1e-06,1e-05,14,0,a three-vector reached the caller,0.0,0.0,0.19263617565013524,one_sided_upper_0.95,true,664d906899b1726ae6d0bd3856483c4590af875a9dfdc3fee14fdcb79dbc4e34
libstdcxx,QF,double,0.51,0.010000000000000009,seed,10003,target_upper_tail_q,6,1e-08,1e-06,2,0,a three-vector reached the caller,0.0,0.0,0.776393202250021,one_sided_upper_0.95,true,664d906899b1726ae6d0bd3856483c4590af875a9dfdc3fee14fdcb79dbc4e34
libstdcxx,LEGACY,double,0.51,0.010000000000000009,seed,10004,target_upper_tail_q,0,0.1,1.0,900121,900121,a three-vector reached the caller,1.0,0.9999959018044293,1.0,two_sided_clopper_pearson_0.95,false,664d906899b1726ae6d0bd3856483c4590af875a9dfdc3fee14fdcb79dbc4e34
libstdcxx,LEGACY,double,0.51,0.010000000000000009,seed,10004,target_upper_tail_q,1,0.01,0.1,90087,90087,a three-vector reached the caller,1.0,0.9999590528719006,1.0,two_sided_clopper_pearson_0.95,false,664d906899b1726ae6d0bd3856483c4590af875a9dfdc3fee14fdcb79dbc4e34
libstdcxx,LEGACY,double,0.51,0.010000000000000009,seed,10004,target_upper_tail_q,2,0.001,0.01,8806,8806,a three-vector reached the caller,1.0,0.9995811824986892,1.0,two_sided_clopper_pearson_0.95,false,664d906899b1726ae6d0bd3856483c4590af875a9dfdc3fee14fdcb79dbc4e34
libstdcxx,LEGACY,double,0.51,0.010000000000000009,seed,10004,target_upper_tail_q,3,0.0001,0.001,893,442,a three-vector reached the caller,0.49496080627099664,0.4616716031593051,0.5282833536201627,two_sided_clopper_pearson_0.95,false,664d906899b1726ae6d0bd3856483c4590af875a9dfdc3fee14fdcb79dbc4e34
libstdcxx,LEGACY,double,0.51,0.010000000000000009,seed,10004,target_upper_tail_q,4,1e-05,0.0001,82,0,a three-vector reached the caller,0.0,0.0,0.03587403171067116,one_sided_upper_0.95,true,664d906899b1726ae6d0bd3856483c4590af875a9dfdc3fee14fdcb79dbc4e34
libstdcxx,LEGACY,double,0.51,0.010000000000000009,seed,10004,target_upper_tail_q,5,1e-06,1e-05,11,0,a three-vector reached the caller,0.0,0.0,0.2384041903808526,one_sided_upper_0.95,true,664d906899b1726ae6d0bd3856483c4590af875a9dfdc3fee14fdcb79dbc4e34
libstdcxx,CANDIDATE,double,0.51,0.010000000000000009,seed,10004,target_upper_tail_q,0,0.1,1.0,900121,900121,a three-vector reached the caller,1.0,0.9999959018044293,1.0,two_sided_clopper_pearson_0.95,false,664d906899b1726ae6d0bd3856483c4590af875a9dfdc3fee14fdcb79dbc4e34
libstdcxx,CANDIDATE,double,0.51,0.010000000000000009,seed,10004,target_upper_tail_q,1,0.01,0.1,90087,90087,a three-vector reached the caller,1.0,0.9999590528719006,1.0,two_sided_clopper_pearson_0.95,false,664d906899b1726ae6d0bd3856483c4590af875a9dfdc3fee14fdcb79dbc4e34
libstdcxx,CANDIDATE,double,0.51,0.010000000000000009,seed,10004,target_upper_tail_q,2,0.001,0.01,8806,8806,a three-vector reached the caller,1.0,0.9995811824986892,1.0,two_sided_clopper_pearson_0.95,false,664d906899b1726ae6d0bd3856483c4590af875a9dfdc3fee14fdcb79dbc4e34
libstdcxx,CANDIDATE,double,0.51,0.010000000000000009,seed,10004,target_upper_tail_q,3,0.0001,0.001,893,893,a three-vector reached the caller,1.0,0.9958776363180942,1.0,two_sided_clopper_pearson_0.95,false,664d906899b1726ae6d0bd3856483c4590af875a9dfdc3fee14fdcb79dbc4e34
libstdcxx,CANDIDATE,double,0.51,0.010000000000000009,seed,10004,target_upper_tail_q,4,1e-05,0.0001,82,82,a three-vector reached the caller,1.0,0.9560105458131576,1.0,two_sided_clopper_pearson_0.95,false,664d906899b1726ae6d0bd3856483c4590af875a9dfdc3fee14fdcb79dbc4e34
libstdcxx,CANDIDATE,double,0.51,0.010000000000000009,seed,10004,target_upper_tail_q,5,1e-06,1e-05,11,11,a three-vector reached the caller,1.0,0.7150858470818456,1.0,two_sided_clopper_pearson_0.95,false,664d906899b1726ae6d0bd3856483c4590af875a9dfdc3fee14fdcb79dbc4e34
libstdcxx,QF,double,0.51,0.010000000000000009,seed,10004,target_upper_tail_q,0,0.1,1.0,900121,900121,a three-vector reached the caller,1.0,0.9999959018044293,1.0,two_sided_clopper_pearson_0.95,false,664d906899b1726ae6d0bd3856483c4590af875a9dfdc3fee14fdcb79dbc4e34
libstdcxx,QF,double,0.51,0.010000000000000009,seed,10004,target_upper_tail_q,1,0.01,0.1,90087,90087,a three-vector reached the caller,1.0,0.9999590528719006,1.0,two_sided_clopper_pearson_0.95,false,664d906899b1726ae6d0bd3856483c4590af875a9dfdc3fee14fdcb79dbc4e34
libstdcxx,QF,double,0.51,0.010000000000000009,seed,10004,target_upper_tail_q,2,0.001,0.01,8806,8806,a three-vector reached the caller,1.0,0.9995811824986892,1.0,two_sided_clopper_pearson_0.95,false,664d906899b1726ae6d0bd3856483c4590af875a9dfdc3fee14fdcb79dbc4e34
libstdcxx,QF,double,0.51,0.010000000000000009,seed,10004,target_upper_tail_q,3,0.0001,0.001,893,193,a three-vector reached the caller,0.21612541993281076,0.18954218622374383,0.2445957725934775,two_sided_clopper_pearson_0.95,false,664d906899b1726ae6d0bd3856483c4590af875a9dfdc3fee14fdcb79dbc4e34
libstdcxx,QF,double,0.51,0.010000000000000009,seed,10004,target_upper_tail_q,4,1e-05,0.0001,82,0,a three-vector reached the caller,0.0,0.0,0.03587403171067116,one_sided_upper_0.95,true,664d906899b1726ae6d0bd3856483c4590af875a9dfdc3fee14fdcb79dbc4e34
libstdcxx,QF,double,0.51,0.010000000000000009,seed,10004,target_upper_tail_q,5,1e-06,1e-05,11,0,a three-vector reached the caller,0.0,0.0,0.2384041903808526,one_sided_upper_0.95,true,664d906899b1726ae6d0bd3856483c4590af875a9dfdc3fee14fdcb79dbc4e34
libstdcxx,LEGACY,double,0.51,0.010000000000000009,seed,10005,target_upper_tail_q,0,0.1,1.0,900520,900520,a three-vector reached the caller,1.0,0.9999959036202433,1.0,two_sided_clopper_pearson_0.95,false,664d906899b1726ae6d0bd3856483c4590af875a9dfdc3fee14fdcb79dbc4e34
libstdcxx,LEGACY,double,0.51,0.010000000000000009,seed,10005,target_upper_tail_q,1,0.01,0.1,89579,89579,a three-vector reached the caller,1.0,0.9999588206666652,1.0,two_sided_clopper_pearson_0.95,false,664d906899b1726ae6d0bd3856483c4590af875a9dfdc3fee14fdcb79dbc4e34
libstdcxx,LEGACY,double,0.51,0.010000000000000009,seed,10005,target_upper_tail_q,2,0.001,0.01,8914,8914,a three-vector reached the caller,1.0,0.9995862557465625,1.0,two_sided_clopper_pearson_0.95,false,664d906899b1726ae6d0bd3856483c4590af875a9dfdc3fee14fdcb79dbc4e34
libstdcxx,LEGACY,double,0.51,0.010000000000000009,seed,10005,target_upper_tail_q,3,0.0001,0.001,880,376,a three-vector reached the caller,0.42727272727272725,0.39431121270967157,0.46072276628039777,two_sided_clopper_pearson_0.95,false,664d906899b1726ae6d0bd3856483c4590af875a9dfdc3fee14fdcb79dbc4e34
libstdcxx,LEGACY,double,0.51,0.010000000000000009,seed,10005,target_upper_tail_q,4,1e-05,0.0001,98,0,a three-vector reached the caller,0.0,0.0,0.030106198694773156,one_sided_upper_0.95,true,664d906899b1726ae6d0bd3856483c4590af875a9dfdc3fee14fdcb79dbc4e34
libstdcxx,LEGACY,double,0.51,0.010000000000000009,seed,10005,target_upper_tail_q,5,1e-06,1e-05,9,0,a three-vector reached the caller,0.0,0.0,0.2831288355631134,one_sided_upper_0.95,true,664d906899b1726ae6d0bd3856483c4590af875a9dfdc3fee14fdcb79dbc4e34
libstdcxx,CANDIDATE,double,0.51,0.010000000000000009,seed,10005,target_upper_tail_q,0,0.1,1.0,900520,900520,a three-vector reached the caller,1.0,0.9999959036202433,1.0,two_sided_clopper_pearson_0.95,false,664d906899b1726ae6d0bd3856483c4590af875a9dfdc3fee14fdcb79dbc4e34
libstdcxx,CANDIDATE,double,0.51,0.010000000000000009,seed,10005,target_upper_tail_q,1,0.01,0.1,89579,89579,a three-vector reached the caller,1.0,0.9999588206666652,1.0,two_sided_clopper_pearson_0.95,false,664d906899b1726ae6d0bd3856483c4590af875a9dfdc3fee14fdcb79dbc4e34
libstdcxx,CANDIDATE,double,0.51,0.010000000000000009,seed,10005,target_upper_tail_q,2,0.001,0.01,8914,8914,a three-vector reached the caller,1.0,0.9995862557465625,1.0,two_sided_clopper_pearson_0.95,false,664d906899b1726ae6d0bd3856483c4590af875a9dfdc3fee14fdcb79dbc4e34
libstdcxx,CANDIDATE,double,0.51,0.010000000000000009,seed,10005,target_upper_tail_q,3,0.0001,0.001,880,880,a three-vector reached the caller,1.0,0.9958168653138137,1.0,two_sided_clopper_pearson_0.95,false,664d906899b1726ae6d0bd3856483c4590af875a9dfdc3fee14fdcb79dbc4e34
libstdcxx,CANDIDATE,double,0.51,0.010000000000000009,seed,10005,target_upper_tail_q,4,1e-05,0.0001,98,98,a three-vector reached the caller,1.0,0.9630580129648071,1.0,two_sided_clopper_pearson_0.95,false,664d906899b1726ae6d0bd3856483c4590af875a9dfdc3fee14fdcb79dbc4e34
libstdcxx,CANDIDATE,double,0.51,0.010000000000000009,seed,10005,target_upper_tail_q,5,1e-06,1e-05,9,9,a three-vector reached the caller,1.0,0.6637328831200572,1.0,two_sided_clopper_pearson_0.95,false,664d906899b1726ae6d0bd3856483c4590af875a9dfdc3fee14fdcb79dbc4e34
libstdcxx,QF,double,0.51,0.010000000000000009,seed,10005,target_upper_tail_q,0,0.1,1.0,900520,900520,a three-vector reached the caller,1.0,0.9999959036202433,1.0,two_sided_clopper_pearson_0.95,false,664d906899b1726ae6d0bd3856483c4590af875a9dfdc3fee14fdcb79dbc4e34
libstdcxx,QF,double,0.51,0.010000000000000009,seed,10005,target_upper_tail_q,1,0.01,0.1,89579,89579,a three-vector reached the caller,1.0,0.9999588206666652,1.0,two_sided_clopper_pearson_0.95,false,664d906899b1726ae6d0bd3856483c4590af875a9dfdc3fee14fdcb79dbc4e34
libstdcxx,QF,double,0.51,0.010000000000000009,seed,10005,target_upper_tail_q,2,0.001,0.01,8914,8914,a three-vector reached the caller,1.0,0.9995862557465625,1.0,two_sided_clopper_pearson_0.95,false,664d906899b1726ae6d0bd3856483c4590af875a9dfdc3fee14fdcb79dbc4e34
libstdcxx,QF,double,0.51,0.010000000000000009,seed,10005,target_upper_tail_q,3,0.0001,0.001,880,153,a three-vector reached the caller,0.17386363636363636,0.14938065840373593,0.20055204450321878,two_sided_clopper_pearson_0.95,false,664d906899b1726ae6d0bd3856483c4590af875a9dfdc3fee14fdcb79dbc4e34
libstdcxx,QF,double,0.51,0.010000000000000009,seed,10005,target_upper_tail_q,4,1e-05,0.0001,98,0,a three-vector reached the caller,0.0,0.0,0.030106198694773156,one_sided_upper_0.95,true,664d906899b1726ae6d0bd3856483c4590af875a9dfdc3fee14fdcb79dbc4e34
libstdcxx,QF,double,0.51,0.010000000000000009,seed,10005,target_upper_tail_q,5,1e-06,1e-05,9,0,a three-vector reached the caller,0.0,0.0,0.2831288355631134,one_sided_upper_0.95,true,664d906899b1726ae6d0bd3856483c4590af875a9dfdc3fee14fdcb79dbc4e34
libstdcxx,LEGACY,double,0.75,0.25,seed,10001,target_upper_tail_q,0,0.1,1.0,899710,899710,a three-vector reached the caller,1.0,0.9999958999323206,1.0,two_sided_clopper_pearson_0.95,false,664d906899b1726ae6d0bd3856483c4590af875a9dfdc3fee14fdcb79dbc4e34
libstdcxx,LEGACY,double,0.75,0.25,seed,10001,target_upper_tail_q,1,0.01,0.1,90399,90399,a three-vector reached the caller,1.0,0.999959194192527,1.0,two_sided_clopper_pearson_0.95,false,664d906899b1726ae6d0bd3856483c4590af875a9dfdc3fee14fdcb79dbc4e34
libstdcxx,LEGACY,double,0.75,0.25,seed,10001,target_upper_tail_q,2,0.001,0.01,8926,8926,a three-vector reached the caller,1.0,0.9995868118641039,1.0,two_sided_clopper_pearson_0.95,false,664d906899b1726ae6d0bd3856483c4590af875a9dfdc3fee14fdcb79dbc4e34
libstdcxx,LEGACY,double,0.75,0.25,seed,10001,target_upper_tail_q,3,0.0001,0.001,876,876,a three-vector reached the caller,1.0,0.9957978044316128,1.0,two_sided_clopper_pearson_0.95,false,664d906899b1726ae6d0bd3856483c4590af875a9dfdc3fee14fdcb79dbc4e34
libstdcxx,LEGACY,double,0.75,0.25,seed,10001,target_upper_tail_q,4,1e-05,0.0001,80,80,a three-vector reached the caller,1.0,0.9549359649323077,1.0,two_sided_clopper_pearson_0.95,false,664d906899b1726ae6d0bd3856483c4590af875a9dfdc3fee14fdcb79dbc4e34
libstdcxx,LEGACY,double,0.75,0.25,seed,10001,target_upper_tail_q,5,1e-06,1e-05,9,9,a three-vector reached the caller,1.0,0.6637328831200572,1.0,two_sided_clopper_pearson_0.95,false,664d906899b1726ae6d0bd3856483c4590af875a9dfdc3fee14fdcb79dbc4e34
libstdcxx,CANDIDATE,double,0.75,0.25,seed,10001,target_upper_tail_q,0,0.1,1.0,899710,899710,a three-vector reached the caller,1.0,0.9999958999323206,1.0,two_sided_clopper_pearson_0.95,false,664d906899b1726ae6d0bd3856483c4590af875a9dfdc3fee14fdcb79dbc4e34
libstdcxx,CANDIDATE,double,0.75,0.25,seed,10001,target_upper_tail_q,1,0.01,0.1,90399,90399,a three-vector reached the caller,1.0,0.999959194192527,1.0,two_sided_clopper_pearson_0.95,false,664d906899b1726ae6d0bd3856483c4590af875a9dfdc3fee14fdcb79dbc4e34
libstdcxx,CANDIDATE,double,0.75,0.25,seed,10001,target_upper_tail_q,2,0.001,0.01,8926,8926,a three-vector reached the caller,1.0,0.9995868118641039,1.0,two_sided_clopper_pearson_0.95,false,664d906899b1726ae6d0bd3856483c4590af875a9dfdc3fee14fdcb79dbc4e34
libstdcxx,CANDIDATE,double,0.75,0.25,seed,10001,target_upper_tail_q,3,0.0001,0.001,876,876,a three-vector reached the caller,1.0,0.9957978044316128,1.0,two_sided_clopper_pearson_0.95,false,664d906899b1726ae6d0bd3856483c4590af875a9dfdc3fee14fdcb79dbc4e34
libstdcxx,CANDIDATE,double,0.75,0.25,seed,10001,target_upper_tail_q,4,1e-05,0.0001,80,80,a three-vector reached the caller,1.0,0.9549359649323077,1.0,two_sided_clopper_pearson_0.95,false,664d906899b1726ae6d0bd3856483c4590af875a9dfdc3fee14fdcb79dbc4e34
libstdcxx,CANDIDATE,double,0.75,0.25,seed,10001,target_upper_tail_q,5,1e-06,1e-05,9,9,a three-vector reached the caller,1.0,0.6637328831200572,1.0,two_sided_clopper_pearson_0.95,false,664d906899b1726ae6d0bd3856483c4590af875a9dfdc3fee14fdcb79dbc4e34
libstdcxx,QF,double,0.75,0.25,seed,10001,target_upper_tail_q,0,0.1,1.0,899710,899710,a three-vector reached the caller,1.0,0.9999958999323206,1.0,two_sided_clopper_pearson_0.95,false,664d906899b1726ae6d0bd3856483c4590af875a9dfdc3fee14fdcb79dbc4e34
libstdcxx,QF,double,0.75,0.25,seed,10001,target_upper_tail_q,1,0.01,0.1,90399,90399,a three-vector reached the caller,1.0,0.999959194192527,1.0,two_sided_clopper_pearson_0.95,false,664d906899b1726ae6d0bd3856483c4590af875a9dfdc3fee14fdcb79dbc4e34
libstdcxx,QF,double,0.75,0.25,seed,10001,target_upper_tail_q,2,0.001,0.01,8926,8926,a three-vector reached the caller,1.0,0.9995868118641039,1.0,two_sided_clopper_pearson_0.95,false,664d906899b1726ae6d0bd3856483c4590af875a9dfdc3fee14fdcb79dbc4e34
libstdcxx,QF,double,0.75,0.25,seed,10001,target_upper_tail_q,3,0.0001,0.001,876,876,a three-vector reached the caller,1.0,0.9957978044316128,1.0,two_sided_clopper_pearson_0.95,false,664d906899b1726ae6d0bd3856483c4590af875a9dfdc3fee14fdcb79dbc4e34
libstdcxx,QF,double,0.75,0.25,seed,10001,target_upper_tail_q,4,1e-05,0.0001,80,80,a three-vector reached the caller,1.0,0.9549359649323077,1.0,two_sided_clopper_pearson_0.95,false,664d906899b1726ae6d0bd3856483c4590af875a9dfdc3fee14fdcb79dbc4e34
libstdcxx,QF,double,0.75,0.25,seed,10001,target_upper_tail_q,5,1e-06,1e-05,9,9,a three-vector reached the caller,1.0,0.6637328831200572,1.0,two_sided_clopper_pearson_0.95,false,664d906899b1726ae6d0bd3856483c4590af875a9dfdc3fee14fdcb79dbc4e34
libstdcxx,LEGACY,double,0.75,0.25,seed,10002,target_upper_tail_q,0,0.1,1.0,899886,899886,a three-vector reached the caller,1.0,0.9999959007342116,1.0,two_sided_clopper_pearson_0.95,false,664d906899b1726ae6d0bd3856483c4590af875a9dfdc3fee14fdcb79dbc4e34
libstdcxx,LEGACY,double,0.75,0.25,seed,10002,target_upper_tail_q,1,0.01,0.1,90142,90142,a three-vector reached the caller,1.0,0.9999590778552154,1.0,two_sided_clopper_pearson_0.95,false,664d906899b1726ae6d0bd3856483c4590af875a9dfdc3fee14fdcb79dbc4e34
libstdcxx,LEGACY,double,0.75,0.25,seed,10002,target_upper_tail_q,2,0.001,0.01,8999,8999,a three-vector reached the caller,1.0,0.9995901629644672,1.0,two_sided_clopper_pearson_0.95,false,664d906899b1726ae6d0bd3856483c4590af875a9dfdc3fee14fdcb79dbc4e34
libstdcxx,LEGACY,double,0.75,0.25,seed,10002,target_upper_tail_q,3,0.0001,0.001,878,878,a three-vector reached the caller,1.0,0.9958073565365407,1.0,two_sided_clopper_pearson_0.95,false,664d906899b1726ae6d0bd3856483c4590af875a9dfdc3fee14fdcb79dbc4e34
libstdcxx,LEGACY,double,0.75,0.25,seed,10002,target_upper_tail_q,4,1e-05,0.0001,86,86,a three-vector reached the caller,1.0,0.9580129846958555,1.0,two_sided_clopper_pearson_0.95,false,664d906899b1726ae6d0bd3856483c4590af875a9dfdc3fee14fdcb79dbc4e34
libstdcxx,LEGACY,double,0.75,0.25,seed,10002,target_upper_tail_q,5,1e-06,1e-05,8,8,a three-vector reached the caller,1.0,0.6305833524471808,1.0,two_sided_clopper_pearson_0.95,false,664d906899b1726ae6d0bd3856483c4590af875a9dfdc3fee14fdcb79dbc4e34
libstdcxx,LEGACY,double,0.75,0.25,seed,10002,target_upper_tail_q,6,1e-08,1e-06,1,1,a three-vector reached the caller,1.0,0.025000000000000022,1.0,two_sided_clopper_pearson_0.95,false,664d906899b1726ae6d0bd3856483c4590af875a9dfdc3fee14fdcb79dbc4e34
libstdcxx,CANDIDATE,double,0.75,0.25,seed,10002,target_upper_tail_q,0,0.1,1.0,899886,899886,a three-vector reached the caller,1.0,0.9999959007342116,1.0,two_sided_clopper_pearson_0.95,false,664d906899b1726ae6d0bd3856483c4590af875a9dfdc3fee14fdcb79dbc4e34
libstdcxx,CANDIDATE,double,0.75,0.25,seed,10002,target_upper_tail_q,1,0.01,0.1,90142,90142,a three-vector reached the caller,1.0,0.9999590778552154,1.0,two_sided_clopper_pearson_0.95,false,664d906899b1726ae6d0bd3856483c4590af875a9dfdc3fee14fdcb79dbc4e34
libstdcxx,CANDIDATE,double,0.75,0.25,seed,10002,target_upper_tail_q,2,0.001,0.01,8999,8999,a three-vector reached the caller,1.0,0.9995901629644672,1.0,two_sided_clopper_pearson_0.95,false,664d906899b1726ae6d0bd3856483c4590af875a9dfdc3fee14fdcb79dbc4e34
libstdcxx,CANDIDATE,double,0.75,0.25,seed,10002,target_upper_tail_q,3,0.0001,0.001,878,878,a three-vector reached the caller,1.0,0.9958073565365407,1.0,two_sided_clopper_pearson_0.95,false,664d906899b1726ae6d0bd3856483c4590af875a9dfdc3fee14fdcb79dbc4e34
libstdcxx,CANDIDATE,double,0.75,0.25,seed,10002,target_upper_tail_q,4,1e-05,0.0001,86,86,a three-vector reached the caller,1.0,0.9580129846958555,1.0,two_sided_clopper_pearson_0.95,false,664d906899b1726ae6d0bd3856483c4590af875a9dfdc3fee14fdcb79dbc4e34
libstdcxx,CANDIDATE,double,0.75,0.25,seed,10002,target_upper_tail_q,5,1e-06,1e-05,8,8,a three-vector reached the caller,1.0,0.6305833524471808,1.0,two_sided_clopper_pearson_0.95,false,664d906899b1726ae6d0bd3856483c4590af875a9dfdc3fee14fdcb79dbc4e34
libstdcxx,CANDIDATE,double,0.75,0.25,seed,10002,target_upper_tail_q,6,1e-08,1e-06,1,1,a three-vector reached the caller,1.0,0.025000000000000022,1.0,two_sided_clopper_pearson_0.95,false,664d906899b1726ae6d0bd3856483c4590af875a9dfdc3fee14fdcb79dbc4e34
libstdcxx,QF,double,0.75,0.25,seed,10002,target_upper_tail_q,0,0.1,1.0,899886,899886,a three-vector reached the caller,1.0,0.9999959007342116,1.0,two_sided_clopper_pearson_0.95,false,664d906899b1726ae6d0bd3856483c4590af875a9dfdc3fee14fdcb79dbc4e34
libstdcxx,QF,double,0.75,0.25,seed,10002,target_upper_tail_q,1,0.01,0.1,90142,90142,a three-vector reached the caller,1.0,0.9999590778552154,1.0,two_sided_clopper_pearson_0.95,false,664d906899b1726ae6d0bd3856483c4590af875a9dfdc3fee14fdcb79dbc4e34
libstdcxx,QF,double,0.75,0.25,seed,10002,target_upper_tail_q,2,0.001,0.01,8999,8999,a three-vector reached the caller,1.0,0.9995901629644672,1.0,two_sided_clopper_pearson_0.95,false,664d906899b1726ae6d0bd3856483c4590af875a9dfdc3fee14fdcb79dbc4e34
libstdcxx,QF,double,0.75,0.25,seed,10002,target_upper_tail_q,3,0.0001,0.001,878,878,a three-vector reached the caller,1.0,0.9958073565365407,1.0,two_sided_clopper_pearson_0.95,false,664d906899b1726ae6d0bd3856483c4590af875a9dfdc3fee14fdcb79dbc4e34
libstdcxx,QF,double,0.75,0.25,seed,10002,target_upper_tail_q,4,1e-05,0.0001,86,86,a three-vector reached the caller,1.0,0.9580129846958555,1.0,two_sided_clopper_pearson_0.95,false,664d906899b1726ae6d0bd3856483c4590af875a9dfdc3fee14fdcb79dbc4e34
libstdcxx,QF,double,0.75,0.25,seed,10002,target_upper_tail_q,5,1e-06,1e-05,8,8,a three-vector reached the caller,1.0,0.6305833524471808,1.0,two_sided_clopper_pearson_0.95,false,664d906899b1726ae6d0bd3856483c4590af875a9dfdc3fee14fdcb79dbc4e34
libstdcxx,QF,double,0.75,0.25,seed,10002,target_upper_tail_q,6,1e-08,1e-06,1,1,a three-vector reached the caller,1.0,0.025000000000000022,1.0,two_sided_clopper_pearson_0.95,false,664d906899b1726ae6d0bd3856483c4590af875a9dfdc3fee14fdcb79dbc4e34
libstdcxx,LEGACY,double,0.75,0.25,seed,10003,target_upper_tail_q,0,0.1,1.0,899993,899993,a three-vector reached the caller,1.0,0.9999959012215716,1.0,two_sided_clopper_pearson_0.95,false,664d906899b1726ae6d0bd3856483c4590af875a9dfdc3fee14fdcb79dbc4e34
libstdcxx,LEGACY,double,0.75,0.25,seed,10003,target_upper_tail_q,1,0.01,0.1,89990,89990,a three-vector reached the caller,1.0,0.9999590087359964,1.0,two_sided_clopper_pearson_0.95,false,664d906899b1726ae6d0bd3856483c4590af875a9dfdc3fee14fdcb79dbc4e34
libstdcxx,LEGACY,double,0.75,0.25,seed,10003,target_upper_tail_q,2,0.001,0.01,8989,8989,a three-vector reached the caller,1.0,0.9995897071262789,1.0,two_sided_clopper_pearson_0.95,false,664d906899b1726ae6d0bd3856483c4590af875a9dfdc3fee14fdcb79dbc4e34
libstdcxx,LEGACY,double,0.75,0.25,seed,10003,target_upper_tail_q,3,0.0001,0.001,915,915,a three-vector reached the caller,1.0,0.9959765535919703,1.0,two_sided_clopper_pearson_0.95,false,664d906899b1726ae6d0bd3856483c4590af875a9dfdc3fee14fdcb79dbc4e34
libstdcxx,LEGACY,double,0.75,0.25,seed,10003,target_upper_tail_q,4,1e-05,0.0001,101,101,a three-vector reached the caller,1.0,0.9641353796099963,1.0,two_sided_clopper_pearson_0.95,false,664d906899b1726ae6d0bd3856483c4590af875a9dfdc3fee14fdcb79dbc4e34
libstdcxx,LEGACY,double,0.75,0.25,seed,10003,target_upper_tail_q,5,1e-06,1e-05,11,11,a three-vector reached the caller,1.0,0.7150858470818456,1.0,two_sided_clopper_pearson_0.95,false,664d906899b1726ae6d0bd3856483c4590af875a9dfdc3fee14fdcb79dbc4e34
libstdcxx,LEGACY,double,0.75,0.25,seed,10003,target_upper_tail_q,6,1e-08,1e-06,1,1,a three-vector reached the caller,1.0,0.025000000000000022,1.0,two_sided_clopper_pearson_0.95,false,664d906899b1726ae6d0bd3856483c4590af875a9dfdc3fee14fdcb79dbc4e34
libstdcxx,CANDIDATE,double,0.75,0.25,seed,10003,target_upper_tail_q,0,0.1,1.0,899993,899993,a three-vector reached the caller,1.0,0.9999959012215716,1.0,two_sided_clopper_pearson_0.95,false,664d906899b1726ae6d0bd3856483c4590af875a9dfdc3fee14fdcb79dbc4e34
libstdcxx,CANDIDATE,double,0.75,0.25,seed,10003,target_upper_tail_q,1,0.01,0.1,89990,89990,a three-vector reached the caller,1.0,0.9999590087359964,1.0,two_sided_clopper_pearson_0.95,false,664d906899b1726ae6d0bd3856483c4590af875a9dfdc3fee14fdcb79dbc4e34
libstdcxx,CANDIDATE,double,0.75,0.25,seed,10003,target_upper_tail_q,2,0.001,0.01,8989,8989,a three-vector reached the caller,1.0,0.9995897071262789,1.0,two_sided_clopper_pearson_0.95,false,664d906899b1726ae6d0bd3856483c4590af875a9dfdc3fee14fdcb79dbc4e34
libstdcxx,CANDIDATE,double,0.75,0.25,seed,10003,target_upper_tail_q,3,0.0001,0.001,915,915,a three-vector reached the caller,1.0,0.9959765535919703,1.0,two_sided_clopper_pearson_0.95,false,664d906899b1726ae6d0bd3856483c4590af875a9dfdc3fee14fdcb79dbc4e34
libstdcxx,CANDIDATE,double,0.75,0.25,seed,10003,target_upper_tail_q,4,1e-05,0.0001,101,101,a three-vector reached the caller,1.0,0.9641353796099963,1.0,two_sided_clopper_pearson_0.95,false,664d906899b1726ae6d0bd3856483c4590af875a9dfdc3fee14fdcb79dbc4e34
libstdcxx,CANDIDATE,double,0.75,0.25,seed,10003,target_upper_tail_q,5,1e-06,1e-05,11,11,a three-vector reached the caller,1.0,0.7150858470818456,1.0,two_sided_clopper_pearson_0.95,false,664d906899b1726ae6d0bd3856483c4590af875a9dfdc3fee14fdcb79dbc4e34
libstdcxx,CANDIDATE,double,0.75,0.25,seed,10003,target_upper_tail_q,6,1e-08,1e-06,1,1,a three-vector reached the caller,1.0,0.025000000000000022,1.0,two_sided_clopper_pearson_0.95,false,664d906899b1726ae6d0bd3856483c4590af875a9dfdc3fee14fdcb79dbc4e34
libstdcxx,QF,double,0.75,0.25,seed,10003,target_upper_tail_q,0,0.1,1.0,899993,899993,a three-vector reached the caller,1.0,0.9999959012215716,1.0,two_sided_clopper_pearson_0.95,false,664d906899b1726ae6d0bd3856483c4590af875a9dfdc3fee14fdcb79dbc4e34
libstdcxx,QF,double,0.75,0.25,seed,10003,target_upper_tail_q,1,0.01,0.1,89990,89990,a three-vector reached the caller,1.0,0.9999590087359964,1.0,two_sided_clopper_pearson_0.95,false,664d906899b1726ae6d0bd3856483c4590af875a9dfdc3fee14fdcb79dbc4e34
libstdcxx,QF,double,0.75,0.25,seed,10003,target_upper_tail_q,2,0.001,0.01,8989,8989,a three-vector reached the caller,1.0,0.9995897071262789,1.0,two_sided_clopper_pearson_0.95,false,664d906899b1726ae6d0bd3856483c4590af875a9dfdc3fee14fdcb79dbc4e34
libstdcxx,QF,double,0.75,0.25,seed,10003,target_upper_tail_q,3,0.0001,0.001,915,915,a three-vector reached the caller,1.0,0.9959765535919703,1.0,two_sided_clopper_pearson_0.95,false,664d906899b1726ae6d0bd3856483c4590af875a9dfdc3fee14fdcb79dbc4e34
libstdcxx,QF,double,0.75,0.25,seed,10003,target_upper_tail_q,4,1e-05,0.0001,101,101,a three-vector reached the caller,1.0,0.9641353796099963,1.0,two_sided_clopper_pearson_0.95,false,664d906899b1726ae6d0bd3856483c4590af875a9dfdc3fee14fdcb79dbc4e34
libstdcxx,QF,double,0.75,0.25,seed,10003,target_upper_tail_q,5,1e-06,1e-05,11,11,a three-vector reached the caller,1.0,0.7150858470818456,1.0,two_sided_clopper_pearson_0.95,false,664d906899b1726ae6d0bd3856483c4590af875a9dfdc3fee14fdcb79dbc4e34
libstdcxx,QF,double,0.75,0.25,seed,10003,target_upper_tail_q,6,1e-08,1e-06,1,1,a three-vector reached the caller,1.0,0.025000000000000022,1.0,two_sided_clopper_pearson_0.95,false,664d906899b1726ae6d0bd3856483c4590af875a9dfdc3fee14fdcb79dbc4e34
libstdcxx,LEGACY,double,0.75,0.25,seed,10004,target_upper_tail_q,0,0.1,1.0,899900,899900,a three-vector reached the caller,1.0,0.999995900797985,1.0,two_sided_clopper_pearson_0.95,false,664d906899b1726ae6d0bd3856483c4590af875a9dfdc3fee14fdcb79dbc4e34
libstdcxx,LEGACY,double,0.75,0.25,seed,10004,target_upper_tail_q,1,0.01,0.1,90202,90202,a three-vector reached the caller,1.0,0.9999591050749942,1.0,two_sided_clopper_pearson_0.95,false,664d906899b1726ae6d0bd3856483c4590af875a9dfdc3fee14fdcb79dbc4e34
libstdcxx,LEGACY,double,0.75,0.25,seed,10004,target_upper_tail_q,2,0.001,0.01,8935,8935,a three-vector reached the caller,1.0,0.9995872279721768,1.0,two_sided_clopper_pearson_0.95,false,664d906899b1726ae6d0bd3856483c4590af875a9dfdc3fee14fdcb79dbc4e34
libstdcxx,LEGACY,double,0.75,0.25,seed,10004,target_upper_tail_q,3,0.0001,0.001,863,863,a three-vector reached the caller,1.0,0.9957346388784373,1.0,two_sided_clopper_pearson_0.95,false,664d906899b1726ae6d0bd3856483c4590af875a9dfdc3fee14fdcb79dbc4e34
libstdcxx,LEGACY,double,0.75,0.25,seed,10004,target_upper_tail_q,4,1e-05,0.0001,87,87,a three-vector reached the caller,1.0,0.9584854340073622,1.0,two_sided_clopper_pearson_0.95,false,664d906899b1726ae6d0bd3856483c4590af875a9dfdc3fee14fdcb79dbc4e34
libstdcxx,LEGACY,double,0.75,0.25,seed,10004,target_upper_tail_q,5,1e-06,1e-05,12,12,a three-vector reached the caller,1.0,0.7353515306029488,1.0,two_sided_clopper_pearson_0.95,false,664d906899b1726ae6d0bd3856483c4590af875a9dfdc3fee14fdcb79dbc4e34
libstdcxx,LEGACY,double,0.75,0.25,seed,10004,target_upper_tail_q,6,1e-08,1e-06,1,1,a three-vector reached the caller,1.0,0.025000000000000022,1.0,two_sided_clopper_pearson_0.95,false,664d906899b1726ae6d0bd3856483c4590af875a9dfdc3fee14fdcb79dbc4e34
libstdcxx,CANDIDATE,double,0.75,0.25,seed,10004,target_upper_tail_q,0,0.1,1.0,899900,899900,a three-vector reached the caller,1.0,0.999995900797985,1.0,two_sided_clopper_pearson_0.95,false,664d906899b1726ae6d0bd3856483c4590af875a9dfdc3fee14fdcb79dbc4e34
libstdcxx,CANDIDATE,double,0.75,0.25,seed,10004,target_upper_tail_q,1,0.01,0.1,90202,90202,a three-vector reached the caller,1.0,0.9999591050749942,1.0,two_sided_clopper_pearson_0.95,false,664d906899b1726ae6d0bd3856483c4590af875a9dfdc3fee14fdcb79dbc4e34
libstdcxx,CANDIDATE,double,0.75,0.25,seed,10004,target_upper_tail_q,2,0.001,0.01,8935,8935,a three-vector reached the caller,1.0,0.9995872279721768,1.0,two_sided_clopper_pearson_0.95,false,664d906899b1726ae6d0bd3856483c4590af875a9dfdc3fee14fdcb79dbc4e34
libstdcxx,CANDIDATE,double,0.75,0.25,seed,10004,target_upper_tail_q,3,0.0001,0.001,863,863,a three-vector reached the caller,1.0,0.9957346388784373,1.0,two_sided_clopper_pearson_0.95,false,664d906899b1726ae6d0bd3856483c4590af875a9dfdc3fee14fdcb79dbc4e34
libstdcxx,CANDIDATE,double,0.75,0.25,seed,10004,target_upper_tail_q,4,1e-05,0.0001,87,87,a three-vector reached the caller,1.0,0.9584854340073622,1.0,two_sided_clopper_pearson_0.95,false,664d906899b1726ae6d0bd3856483c4590af875a9dfdc3fee14fdcb79dbc4e34
libstdcxx,CANDIDATE,double,0.75,0.25,seed,10004,target_upper_tail_q,5,1e-06,1e-05,12,12,a three-vector reached the caller,1.0,0.7353515306029488,1.0,two_sided_clopper_pearson_0.95,false,664d906899b1726ae6d0bd3856483c4590af875a9dfdc3fee14fdcb79dbc4e34
libstdcxx,CANDIDATE,double,0.75,0.25,seed,10004,target_upper_tail_q,6,1e-08,1e-06,1,1,a three-vector reached the caller,1.0,0.025000000000000022,1.0,two_sided_clopper_pearson_0.95,false,664d906899b1726ae6d0bd3856483c4590af875a9dfdc3fee14fdcb79dbc4e34
libstdcxx,QF,double,0.75,0.25,seed,10004,target_upper_tail_q,0,0.1,1.0,899900,899900,a three-vector reached the caller,1.0,0.999995900797985,1.0,two_sided_clopper_pearson_0.95,false,664d906899b1726ae6d0bd3856483c4590af875a9dfdc3fee14fdcb79dbc4e34
libstdcxx,QF,double,0.75,0.25,seed,10004,target_upper_tail_q,1,0.01,0.1,90202,90202,a three-vector reached the caller,1.0,0.9999591050749942,1.0,two_sided_clopper_pearson_0.95,false,664d906899b1726ae6d0bd3856483c4590af875a9dfdc3fee14fdcb79dbc4e34
libstdcxx,QF,double,0.75,0.25,seed,10004,target_upper_tail_q,2,0.001,0.01,8935,8935,a three-vector reached the caller,1.0,0.9995872279721768,1.0,two_sided_clopper_pearson_0.95,false,664d906899b1726ae6d0bd3856483c4590af875a9dfdc3fee14fdcb79dbc4e34
libstdcxx,QF,double,0.75,0.25,seed,10004,target_upper_tail_q,3,0.0001,0.001,863,863,a three-vector reached the caller,1.0,0.9957346388784373,1.0,two_sided_clopper_pearson_0.95,false,664d906899b1726ae6d0bd3856483c4590af875a9dfdc3fee14fdcb79dbc4e34
libstdcxx,QF,double,0.75,0.25,seed,10004,target_upper_tail_q,4,1e-05,0.0001,87,87,a three-vector reached the caller,1.0,0.9584854340073622,1.0,two_sided_clopper_pearson_0.95,false,664d906899b1726ae6d0bd3856483c4590af875a9dfdc3fee14fdcb79dbc4e34
libstdcxx,QF,double,0.75,0.25,seed,10004,target_upper_tail_q,5,1e-06,1e-05,12,12,a three-vector reached the caller,1.0,0.7353515306029488,1.0,two_sided_clopper_pearson_0.95,false,664d906899b1726ae6d0bd3856483c4590af875a9dfdc3fee14fdcb79dbc4e34
libstdcxx,QF,double,0.75,0.25,seed,10004,target_upper_tail_q,6,1e-08,1e-06,1,1,a three-vector reached the caller,1.0,0.025000000000000022,1.0,two_sided_clopper_pearson_0.95,false,664d906899b1726ae6d0bd3856483c4590af875a9dfdc3fee14fdcb79dbc4e34
libstdcxx,LEGACY,double,0.75,0.25,seed,10005,target_upper_tail_q,0,0.1,1.0,900021,900021,a three-vector reached the caller,1.0,0.9999959013490859,1.0,two_sided_clopper_pearson_0.95,false,664d906899b1726ae6d0bd3856483c4590af875a9dfdc3fee14fdcb79dbc4e34
libstdcxx,LEGACY,double,0.75,0.25,seed,10005,target_upper_tail_q,1,0.01,0.1,89970,89970,a three-vector reached the caller,1.0,0.999958999623976,1.0,two_sided_clopper_pearson_0.95,false,664d906899b1726ae6d0bd3856483c4590af875a9dfdc3fee14fdcb79dbc4e34
libstdcxx,LEGACY,double,0.75,0.25,seed,10005,target_upper_tail_q,2,0.001,0.01,8992,8992,a three-vector reached the caller,1.0,0.9995898439841705,1.0,two_sided_clopper_pearson_0.95,false,664d906899b1726ae6d0bd3856483c4590af875a9dfdc3fee14fdcb79dbc4e34
libstdcxx,LEGACY,double,0.75,0.25,seed,10005,target_upper_tail_q,3,0.0001,0.001,916,916,a three-vector reached the caller,1.0,0.9959809371621741,1.0,two_sided_clopper_pearson_0.95,false,664d906899b1726ae6d0bd3856483c4590af875a9dfdc3fee14fdcb79dbc4e34
libstdcxx,LEGACY,double,0.75,0.25,seed,10005,target_upper_tail_q,4,1e-05,0.0001,94,94,a three-vector reached the caller,1.0,0.9615166490024712,1.0,two_sided_clopper_pearson_0.95,false,664d906899b1726ae6d0bd3856483c4590af875a9dfdc3fee14fdcb79dbc4e34
libstdcxx,LEGACY,double,0.75,0.25,seed,10005,target_upper_tail_q,5,1e-06,1e-05,7,7,a three-vector reached the caller,1.0,0.5903836027749967,1.0,two_sided_clopper_pearson_0.95,false,664d906899b1726ae6d0bd3856483c4590af875a9dfdc3fee14fdcb79dbc4e34
libstdcxx,CANDIDATE,double,0.75,0.25,seed,10005,target_upper_tail_q,0,0.1,1.0,900021,900021,a three-vector reached the caller,1.0,0.9999959013490859,1.0,two_sided_clopper_pearson_0.95,false,664d906899b1726ae6d0bd3856483c4590af875a9dfdc3fee14fdcb79dbc4e34
libstdcxx,CANDIDATE,double,0.75,0.25,seed,10005,target_upper_tail_q,1,0.01,0.1,89970,89970,a three-vector reached the caller,1.0,0.999958999623976,1.0,two_sided_clopper_pearson_0.95,false,664d906899b1726ae6d0bd3856483c4590af875a9dfdc3fee14fdcb79dbc4e34
libstdcxx,CANDIDATE,double,0.75,0.25,seed,10005,target_upper_tail_q,2,0.001,0.01,8992,8992,a three-vector reached the caller,1.0,0.9995898439841705,1.0,two_sided_clopper_pearson_0.95,false,664d906899b1726ae6d0bd3856483c4590af875a9dfdc3fee14fdcb79dbc4e34
libstdcxx,CANDIDATE,double,0.75,0.25,seed,10005,target_upper_tail_q,3,0.0001,0.001,916,916,a three-vector reached the caller,1.0,0.9959809371621741,1.0,two_sided_clopper_pearson_0.95,false,664d906899b1726ae6d0bd3856483c4590af875a9dfdc3fee14fdcb79dbc4e34
libstdcxx,CANDIDATE,double,0.75,0.25,seed,10005,target_upper_tail_q,4,1e-05,0.0001,94,94,a three-vector reached the caller,1.0,0.9615166490024712,1.0,two_sided_clopper_pearson_0.95,false,664d906899b1726ae6d0bd3856483c4590af875a9dfdc3fee14fdcb79dbc4e34
libstdcxx,CANDIDATE,double,0.75,0.25,seed,10005,target_upper_tail_q,5,1e-06,1e-05,7,7,a three-vector reached the caller,1.0,0.5903836027749967,1.0,two_sided_clopper_pearson_0.95,false,664d906899b1726ae6d0bd3856483c4590af875a9dfdc3fee14fdcb79dbc4e34
libstdcxx,QF,double,0.75,0.25,seed,10005,target_upper_tail_q,0,0.1,1.0,900021,900021,a three-vector reached the caller,1.0,0.9999959013490859,1.0,two_sided_clopper_pearson_0.95,false,664d906899b1726ae6d0bd3856483c4590af875a9dfdc3fee14fdcb79dbc4e34
libstdcxx,QF,double,0.75,0.25,seed,10005,target_upper_tail_q,1,0.01,0.1,89970,89970,a three-vector reached the caller,1.0,0.999958999623976,1.0,two_sided_clopper_pearson_0.95,false,664d906899b1726ae6d0bd3856483c4590af875a9dfdc3fee14fdcb79dbc4e34
libstdcxx,QF,double,0.75,0.25,seed,10005,target_upper_tail_q,2,0.001,0.01,8992,8992,a three-vector reached the caller,1.0,0.9995898439841705,1.0,two_sided_clopper_pearson_0.95,false,664d906899b1726ae6d0bd3856483c4590af875a9dfdc3fee14fdcb79dbc4e34
libstdcxx,QF,double,0.75,0.25,seed,10005,target_upper_tail_q,3,0.0001,0.001,916,916,a three-vector reached the caller,1.0,0.9959809371621741,1.0,two_sided_clopper_pearson_0.95,false,664d906899b1726ae6d0bd3856483c4590af875a9dfdc3fee14fdcb79dbc4e34
libstdcxx,QF,double,0.75,0.25,seed,10005,target_upper_tail_q,4,1e-05,0.0001,94,94,a three-vector reached the caller,1.0,0.9615166490024712,1.0,two_sided_clopper_pearson_0.95,false,664d906899b1726ae6d0bd3856483c4590af875a9dfdc3fee14fdcb79dbc4e34
libstdcxx,QF,double,0.75,0.25,seed,10005,target_upper_tail_q,5,1e-06,1e-05,7,7,a three-vector reached the caller,1.0,0.5903836027749967,1.0,two_sided_clopper_pearson_0.95,false,664d906899b1726ae6d0bd3856483c4590af875a9dfdc3fee14fdcb79dbc4e34
libstdcxx,LEGACY,float,0.55,0.050000011920928955,seed,10001,target_upper_tail_q,0,0.1,1.0,899791,899791,a three-vector reached the caller,1.0,0.9999959003014117,1.0,two_sided_clopper_pearson_0.95,false,664d906899b1726ae6d0bd3856483c4590af875a9dfdc3fee14fdcb79dbc4e34
libstdcxx,LEGACY,float,0.55,0.050000011920928955,seed,10001,target_upper_tail_q,1,0.01,0.1,90241,90241,a three-vector reached the caller,1.0,0.9999591227484406,1.0,two_sided_clopper_pearson_0.95,false,664d906899b1726ae6d0bd3856483c4590af875a9dfdc3fee14fdcb79dbc4e34
libstdcxx,LEGACY,float,0.55,0.050000011920928955,seed,10001,target_upper_tail_q,2,0.001,0.01,8956,4261,a three-vector reached the caller,0.47577043322912016,0.4653808082692263,0.48617582803667253,two_sided_clopper_pearson_0.95,false,664d906899b1726ae6d0bd3856483c4590af875a9dfdc3fee14fdcb79dbc4e34
libstdcxx,LEGACY,float,0.55,0.050000011920928955,seed,10001,target_upper_tail_q,3,0.0001,0.001,919,0,a three-vector reached the caller,0.0,0.0,0.003254466669970424,one_sided_upper_0.95,true,664d906899b1726ae6d0bd3856483c4590af875a9dfdc3fee14fdcb79dbc4e34
libstdcxx,LEGACY,float,0.55,0.050000011920928955,seed,10001,target_upper_tail_q,4,1e-05,0.0001,81,0,a three-vector reached the caller,0.0,0.0,0.036308782091904246,one_sided_upper_0.95,true,664d906899b1726ae6d0bd3856483c4590af875a9dfdc3fee14fdcb79dbc4e34
libstdcxx,LEGACY,float,0.55,0.050000011920928955,seed,10001,target_upper_tail_q,5,1e-06,1e-05,11,0,a three-vector reached the caller,0.0,0.0,0.2384041903808526,one_sided_upper_0.95,true,664d906899b1726ae6d0bd3856483c4590af875a9dfdc3fee14fdcb79dbc4e34
libstdcxx,LEGACY,float,0.55,0.050000011920928955,seed,10001,target_upper_tail_q,6,1e-08,1e-06,1,0,a three-vector reached the caller,0.0,0.0,0.95,one_sided_upper_0.95,true,664d906899b1726ae6d0bd3856483c4590af875a9dfdc3fee14fdcb79dbc4e34
libstdcxx,CANDIDATE,float,0.55,0.050000011920928955,seed,10001,target_upper_tail_q,0,0.1,1.0,899791,899791,a three-vector reached the caller,1.0,0.9999959003014117,1.0,two_sided_clopper_pearson_0.95,false,664d906899b1726ae6d0bd3856483c4590af875a9dfdc3fee14fdcb79dbc4e34
libstdcxx,CANDIDATE,float,0.55,0.050000011920928955,seed,10001,target_upper_tail_q,1,0.01,0.1,90241,90241,a three-vector reached the caller,1.0,0.9999591227484406,1.0,two_sided_clopper_pearson_0.95,false,664d906899b1726ae6d0bd3856483c4590af875a9dfdc3fee14fdcb79dbc4e34
libstdcxx,CANDIDATE,float,0.55,0.050000011920928955,seed,10001,target_upper_tail_q,2,0.001,0.01,8956,8956,a three-vector reached the caller,1.0,0.9995881956393871,1.0,two_sided_clopper_pearson_0.95,false,664d906899b1726ae6d0bd3856483c4590af875a9dfdc3fee14fdcb79dbc4e34
libstdcxx,CANDIDATE,float,0.55,0.050000011920928955,seed,10001,target_upper_tail_q,3,0.0001,0.001,919,890,a three-vector reached the caller,0.9684439608269858,0.9549930687089438,0.9787666562740215,two_sided_clopper_pearson_0.95,false,664d906899b1726ae6d0bd3856483c4590af875a9dfdc3fee14fdcb79dbc4e34
libstdcxx,CANDIDATE,float,0.55,0.050000011920928955,seed,10001,target_upper_tail_q,4,1e-05,0.0001,81,0,a three-vector reached the caller,0.0,0.0,0.036308782091904246,one_sided_upper_0.95,true,664d906899b1726ae6d0bd3856483c4590af875a9dfdc3fee14fdcb79dbc4e34
libstdcxx,CANDIDATE,float,0.55,0.050000011920928955,seed,10001,target_upper_tail_q,5,1e-06,1e-05,11,0,a three-vector reached the caller,0.0,0.0,0.2384041903808526,one_sided_upper_0.95,true,664d906899b1726ae6d0bd3856483c4590af875a9dfdc3fee14fdcb79dbc4e34
libstdcxx,CANDIDATE,float,0.55,0.050000011920928955,seed,10001,target_upper_tail_q,6,1e-08,1e-06,1,0,a three-vector reached the caller,0.0,0.0,0.95,one_sided_upper_0.95,true,664d906899b1726ae6d0bd3856483c4590af875a9dfdc3fee14fdcb79dbc4e34
libstdcxx,QF,float,0.55,0.050000011920928955,seed,10001,target_upper_tail_q,0,0.1,1.0,899791,899791,a three-vector reached the caller,1.0,0.9999959003014117,1.0,two_sided_clopper_pearson_0.95,false,664d906899b1726ae6d0bd3856483c4590af875a9dfdc3fee14fdcb79dbc4e34
libstdcxx,QF,float,0.55,0.050000011920928955,seed,10001,target_upper_tail_q,1,0.01,0.1,90241,88015,a three-vector reached the caller,0.9753327201604592,0.9742997630724455,0.9763349660880527,two_sided_clopper_pearson_0.95,false,664d906899b1726ae6d0bd3856483c4590af875a9dfdc3fee14fdcb79dbc4e34
libstdcxx,QF,float,0.55,0.050000011920928955,seed,10001,target_upper_tail_q,2,0.001,0.01,8956,0,a three-vector reached the caller,0.0,0.0,0.00033443851066405905,one_sided_upper_0.95,true,664d906899b1726ae6d0bd3856483c4590af875a9dfdc3fee14fdcb79dbc4e34
libstdcxx,QF,float,0.55,0.050000011920928955,seed,10001,target_upper_tail_q,3,0.0001,0.001,919,0,a three-vector reached the caller,0.0,0.0,0.003254466669970424,one_sided_upper_0.95,true,664d906899b1726ae6d0bd3856483c4590af875a9dfdc3fee14fdcb79dbc4e34
libstdcxx,QF,float,0.55,0.050000011920928955,seed,10001,target_upper_tail_q,4,1e-05,0.0001,81,0,a three-vector reached the caller,0.0,0.0,0.036308782091904246,one_sided_upper_0.95,true,664d906899b1726ae6d0bd3856483c4590af875a9dfdc3fee14fdcb79dbc4e34
libstdcxx,QF,float,0.55,0.050000011920928955,seed,10001,target_upper_tail_q,5,1e-06,1e-05,11,0,a three-vector reached the caller,0.0,0.0,0.2384041903808526,one_sided_upper_0.95,true,664d906899b1726ae6d0bd3856483c4590af875a9dfdc3fee14fdcb79dbc4e34
libstdcxx,QF,float,0.55,0.050000011920928955,seed,10001,target_upper_tail_q,6,1e-08,1e-06,1,0,a three-vector reached the caller,0.0,0.0,0.95,one_sided_upper_0.95,true,664d906899b1726ae6d0bd3856483c4590af875a9dfdc3fee14fdcb79dbc4e34
libstdcxx,LEGACY,float,0.55,0.050000011920928955,seed,10002,target_upper_tail_q,0,0.1,1.0,899994,899994,a three-vector reached the caller,1.0,0.9999959012261258,1.0,two_sided_clopper_pearson_0.95,false,664d906899b1726ae6d0bd3856483c4590af875a9dfdc3fee14fdcb79dbc4e34
libstdcxx,LEGACY,float,0.55,0.050000011920928955,seed,10002,target_upper_tail_q,1,0.01,0.1,90103,90103,a three-vector reached the caller,1.0,0.9999590601429198,1.0,two_sided_clopper_pearson_0.95,false,664d906899b1726ae6d0bd3856483c4590af875a9dfdc3fee14fdcb79dbc4e34
libstdcxx,LEGACY,float,0.55,0.050000011920928955,seed,10002,target_upper_tail_q,2,0.001,0.01,8948,4244,a three-vector reached the caller,0.47429593205185516,0.4639036508413637,0.4847049578162801,two_sided_clopper_pearson_0.95,false,664d906899b1726ae6d0bd3856483c4590af875a9dfdc3fee14fdcb79dbc4e34
libstdcxx,LEGACY,float,0.55,0.050000011920928955,seed,10002,target_upper_tail_q,3,0.0001,0.001,868,0,a three-vector reached the caller,0.0,0.0,0.00344535555716885,one_sided_upper_0.95,true,664d906899b1726ae6d0bd3856483c4590af875a9dfdc3fee14fdcb79dbc4e34
libstdcxx,LEGACY,float,0.55,0.050000011920928955,seed,10002,target_upper_tail_q,4,1e-05,0.0001,82,0,a three-vector reached the caller,0.0,0.0,0.03587403171067116,one_sided_upper_0.95,true,664d906899b1726ae6d0bd3856483c4590af875a9dfdc3fee14fdcb79dbc4e34
libstdcxx,LEGACY,float,0.55,0.050000011920928955,seed,10002,target_upper_tail_q,5,1e-06,1e-05,5,0,a three-vector reached the caller,0.0,0.0,0.4507197283469411,one_sided_upper_0.95,true,664d906899b1726ae6d0bd3856483c4590af875a9dfdc3fee14fdcb79dbc4e34
libstdcxx,CANDIDATE,float,0.55,0.050000011920928955,seed,10002,target_upper_tail_q,0,0.1,1.0,899994,899994,a three-vector reached the caller,1.0,0.9999959012261258,1.0,two_sided_clopper_pearson_0.95,false,664d906899b1726ae6d0bd3856483c4590af875a9dfdc3fee14fdcb79dbc4e34
libstdcxx,CANDIDATE,float,0.55,0.050000011920928955,seed,10002,target_upper_tail_q,1,0.01,0.1,90103,90103,a three-vector reached the caller,1.0,0.9999590601429198,1.0,two_sided_clopper_pearson_0.95,false,664d906899b1726ae6d0bd3856483c4590af875a9dfdc3fee14fdcb79dbc4e34
libstdcxx,CANDIDATE,float,0.55,0.050000011920928955,seed,10002,target_upper_tail_q,2,0.001,0.01,8948,8948,a three-vector reached the caller,1.0,0.9995878275397163,1.0,two_sided_clopper_pearson_0.95,false,664d906899b1726ae6d0bd3856483c4590af875a9dfdc3fee14fdcb79dbc4e34
libstdcxx,CANDIDATE,float,0.55,0.050000011920928955,seed,10002,target_upper_tail_q,3,0.0001,0.001,868,835,a three-vector reached the caller,0.9619815668202765,0.9470200433108567,0.9736879796469987,two_sided_clopper_pearson_0.95,false,664d906899b1726ae6d0bd3856483c4590af875a9dfdc3fee14fdcb79dbc4e34
libstdcxx,CANDIDATE,float,0.55,0.050000011920928955,seed,10002,target_upper_tail_q,4,1e-05,0.0001,82,0,a three-vector reached the caller,0.0,0.0,0.03587403171067116,one_sided_upper_0.95,true,664d906899b1726ae6d0bd3856483c4590af875a9dfdc3fee14fdcb79dbc4e34
libstdcxx,CANDIDATE,float,0.55,0.050000011920928955,seed,10002,target_upper_tail_q,5,1e-06,1e-05,5,0,a three-vector reached the caller,0.0,0.0,0.4507197283469411,one_sided_upper_0.95,true,664d906899b1726ae6d0bd3856483c4590af875a9dfdc3fee14fdcb79dbc4e34
libstdcxx,QF,float,0.55,0.050000011920928955,seed,10002,target_upper_tail_q,0,0.1,1.0,899994,899994,a three-vector reached the caller,1.0,0.9999959012261258,1.0,two_sided_clopper_pearson_0.95,false,664d906899b1726ae6d0bd3856483c4590af875a9dfdc3fee14fdcb79dbc4e34
libstdcxx,QF,float,0.55,0.050000011920928955,seed,10002,target_upper_tail_q,1,0.01,0.1,90103,87920,a three-vector reached the caller,0.9757721718477742,0.9747472276942963,0.9767663272555043,two_sided_clopper_pearson_0.95,false,664d906899b1726ae6d0bd3856483c4590af875a9dfdc3fee14fdcb79dbc4e34
libstdcxx,QF,float,0.55,0.050000011920928955,seed,10002,target_upper_tail_q,2,0.001,0.01,8948,0,a three-vector reached the caller,0.0,0.0,0.0003347374668820624,one_sided_upper_0.95,true,664d906899b1726ae6d0bd3856483c4590af875a9dfdc3fee14fdcb79dbc4e34
libstdcxx,QF,float,0.55,0.050000011920928955,seed,10002,target_upper_tail_q,3,0.0001,0.001,868,0,a three-vector reached the caller,0.0,0.0,0.00344535555716885,one_sided_upper_0.95,true,664d906899b1726ae6d0bd3856483c4590af875a9dfdc3fee14fdcb79dbc4e34
libstdcxx,QF,float,0.55,0.050000011920928955,seed,10002,target_upper_tail_q,4,1e-05,0.0001,82,0,a three-vector reached the caller,0.0,0.0,0.03587403171067116,one_sided_upper_0.95,true,664d906899b1726ae6d0bd3856483c4590af875a9dfdc3fee14fdcb79dbc4e34
libstdcxx,QF,float,0.55,0.050000011920928955,seed,10002,target_upper_tail_q,5,1e-06,1e-05,5,0,a three-vector reached the caller,0.0,0.0,0.4507197283469411,one_sided_upper_0.95,true,664d906899b1726ae6d0bd3856483c4590af875a9dfdc3fee14fdcb79dbc4e34
libstdcxx,LEGACY,float,0.55,0.050000011920928955,seed,10003,target_upper_tail_q,0,0.1,1.0,900105,900105,a three-vector reached the caller,1.0,0.9999959017315811,1.0,two_sided_clopper_pearson_0.95,false,664d906899b1726ae6d0bd3856483c4590af875a9dfdc3fee14fdcb79dbc4e34
libstdcxx,LEGACY,float,0.55,0.050000011920928955,seed,10003,target_upper_tail_q,1,0.01,0.1,89879,89879,a three-vector reached the caller,1.0,0.9999589581130819,1.0,two_sided_clopper_pearson_0.95,false,664d906899b1726ae6d0bd3856483c4590af875a9dfdc3fee14fdcb79dbc4e34
libstdcxx,LEGACY,float,0.55,0.050000011920928955,seed,10003,target_upper_tail_q,2,0.001,0.01,9031,4310,a three-vector reached the caller,0.47724504484553204,0.4668969320075997,0.48760784435734533,two_sided_clopper_pearson_0.95,false,664d906899b1726ae6d0bd3856483c4590af875a9dfdc3fee14fdcb79dbc4e34
libstdcxx,LEGACY,float,0.55,0.050000011920928955,seed,10003,target_upper_tail_q,3,0.0001,0.001,875,0,a three-vector reached the caller,0.0,0.0,0.0034178398693776035,one_sided_upper_0.95,true,664d906899b1726ae6d0bd3856483c4590af875a9dfdc3fee14fdcb79dbc4e34
libstdcxx,LEGACY,float,0.55,0.050000011920928955,seed,10003,target_upper_tail_q,4,1e-05,0.0001,91,0,a three-vector reached the caller,0.0,0.0,0.03238416473643446,one_sided_upper_0.95,true,664d906899b1726ae6d0bd3856483c4590af875a9dfdc3fee14fdcb79dbc4e34
libstdcxx,LEGACY,float,0.55,0.050000011920928955,seed,10003,target_upper_tail_q,5,1e-06,1e-05,18,0,a three-vector reached the caller,0.0,0.0,0.1533175539572782,one_sided_upper_0.95,true,664d906899b1726ae6d0bd3856483c4590af875a9dfdc3fee14fdcb79dbc4e34
libstdcxx,LEGACY,float,0.55,0.050000011920928955,seed,10003,target_upper_tail_q,6,1e-08,1e-06,1,0,a three-vector reached the caller,0.0,0.0,0.95,one_sided_upper_0.95,true,664d906899b1726ae6d0bd3856483c4590af875a9dfdc3fee14fdcb79dbc4e34
libstdcxx,CANDIDATE,float,0.55,0.050000011920928955,seed,10003,target_upper_tail_q,0,0.1,1.0,900105,900105,a three-vector reached the caller,1.0,0.9999959017315811,1.0,two_sided_clopper_pearson_0.95,false,664d906899b1726ae6d0bd3856483c4590af875a9dfdc3fee14fdcb79dbc4e34
libstdcxx,CANDIDATE,float,0.55,0.050000011920928955,seed,10003,target_upper_tail_q,1,0.01,0.1,89879,89879,a three-vector reached the caller,1.0,0.9999589581130819,1.0,two_sided_clopper_pearson_0.95,false,664d906899b1726ae6d0bd3856483c4590af875a9dfdc3fee14fdcb79dbc4e34
libstdcxx,CANDIDATE,float,0.55,0.050000011920928955,seed,10003,target_upper_tail_q,2,0.001,0.01,9031,9031,a three-vector reached the caller,1.0,0.999591614864238,1.0,two_sided_clopper_pearson_0.95,false,664d906899b1726ae6d0bd3856483c4590af875a9dfdc3fee14fdcb79dbc4e34
libstdcxx,CANDIDATE,float,0.55,0.050000011920928955,seed,10003,target_upper_tail_q,3,0.0001,0.001,875,832,a three-vector reached the caller,0.9508571428571428,0.9343728039198463,0.964210114291659,two_sided_clopper_pearson_0.95,false,664d906899b1726ae6d0bd3856483c4590af875a9dfdc3fee14fdcb79dbc4e34
libstdcxx,CANDIDATE,float,0.55,0.050000011920928955,seed,10003,target_upper_tail_q,4,1e-05,0.0001,91,0,a three-vector reached the caller,0.0,0.0,0.03238416473643446,one_sided_upper_0.95,true,664d906899b1726ae6d0bd3856483c4590af875a9dfdc3fee14fdcb79dbc4e34
libstdcxx,CANDIDATE,float,0.55,0.050000011920928955,seed,10003,target_upper_tail_q,5,1e-06,1e-05,18,0,a three-vector reached the caller,0.0,0.0,0.1533175539572782,one_sided_upper_0.95,true,664d906899b1726ae6d0bd3856483c4590af875a9dfdc3fee14fdcb79dbc4e34
libstdcxx,CANDIDATE,float,0.55,0.050000011920928955,seed,10003,target_upper_tail_q,6,1e-08,1e-06,1,0,a three-vector reached the caller,0.0,0.0,0.95,one_sided_upper_0.95,true,664d906899b1726ae6d0bd3856483c4590af875a9dfdc3fee14fdcb79dbc4e34
libstdcxx,QF,float,0.55,0.050000011920928955,seed,10003,target_upper_tail_q,0,0.1,1.0,900105,900105,a three-vector reached the caller,1.0,0.9999959017315811,1.0,two_sided_clopper_pearson_0.95,false,664d906899b1726ae6d0bd3856483c4590af875a9dfdc3fee14fdcb79dbc4e34
libstdcxx,QF,float,0.55,0.050000011920928955,seed,10003,target_upper_tail_q,1,0.01,0.1,89879,87675,a three-vector reached the caller,0.9754781428364802,0.9744459778918619,0.9764794624112705,two_sided_clopper_pearson_0.95,false,664d906899b1726ae6d0bd3856483c4590af875a9dfdc3fee14fdcb79dbc4e34
libstdcxx,QF,float,0.55,0.050000011920928955,seed,10003,target_upper_tail_q,2,0.001,0.01,9031,0,a three-vector reached the caller,0.0,0.0,0.0003316615503802245,one_sided_upper_0.95,true,664d906899b1726ae6d0bd3856483c4590af875a9dfdc3fee14fdcb79dbc4e34
libstdcxx,QF,float,0.55,0.050000011920928955,seed,10003,target_upper_tail_q,3,0.0001,0.001,875,0,a three-vector reached the caller,0.0,0.0,0.0034178398693776035,one_sided_upper_0.95,true,664d906899b1726ae6d0bd3856483c4590af875a9dfdc3fee14fdcb79dbc4e34
libstdcxx,QF,float,0.55,0.050000011920928955,seed,10003,target_upper_tail_q,4,1e-05,0.0001,91,0,a three-vector reached the caller,0.0,0.0,0.03238416473643446,one_sided_upper_0.95,true,664d906899b1726ae6d0bd3856483c4590af875a9dfdc3fee14fdcb79dbc4e34
libstdcxx,QF,float,0.55,0.050000011920928955,seed,10003,target_upper_tail_q,5,1e-06,1e-05,18,0,a three-vector reached the caller,0.0,0.0,0.1533175539572782,one_sided_upper_0.95,true,664d906899b1726ae6d0bd3856483c4590af875a9dfdc3fee14fdcb79dbc4e34
libstdcxx,QF,float,0.55,0.050000011920928955,seed,10003,target_upper_tail_q,6,1e-08,1e-06,1,0,a three-vector reached the caller,0.0,0.0,0.95,one_sided_upper_0.95,true,664d906899b1726ae6d0bd3856483c4590af875a9dfdc3fee14fdcb79dbc4e34
libstdcxx,LEGACY,float,0.55,0.050000011920928955,seed,10004,target_upper_tail_q,0,0.1,1.0,900065,900065,a three-vector reached the caller,1.0,0.9999959015494495,1.0,two_sided_clopper_pearson_0.95,false,664d906899b1726ae6d0bd3856483c4590af875a9dfdc3fee14fdcb79dbc4e34
libstdcxx,LEGACY,float,0.55,0.050000011920928955,seed,10004,target_upper_tail_q,1,0.01,0.1,89921,89921,a three-vector reached the caller,1.0,0.999958977282396,1.0,two_sided_clopper_pearson_0.95,false,664d906899b1726ae6d0bd3856483c4590af875a9dfdc3fee14fdcb79dbc4e34
libstdcxx,LEGACY,float,0.55,0.050000011920928955,seed,10004,target_upper_tail_q,2,0.001,0.01,9010,4297,a three-vector reached the caller,0.4769145394006659,0.46655474150910664,0.48728927213159723,two_sided_clopper_pearson_0.95,false,664d906899b1726ae6d0bd3856483c4590af875a9dfdc3fee14fdcb79dbc4e34
libstdcxx,LEGACY,float,0.55,0.050000011920928955,seed,10004,target_upper_tail_q,3,0.0001,0.001,904,0,a three-vector reached the caller,0.0,0.0,0.0033083783503061737,one_sided_upper_0.95,true,664d906899b1726ae6d0bd3856483c4590af875a9dfdc3fee14fdcb79dbc4e34
libstdcxx,LEGACY,float,0.55,0.050000011920928955,seed,10004,target_upper_tail_q,4,1e-05,0.0001,89,0,a three-vector reached the caller,0.0,0.0,0.03309972123627414,one_sided_upper_0.95,true,664d906899b1726ae6d0bd3856483c4590af875a9dfdc3fee14fdcb79dbc4e34
libstdcxx,LEGACY,float,0.55,0.050000011920928955,seed,10004,target_upper_tail_q,5,1e-06,1e-05,8,0,a three-vector reached the caller,0.0,0.0,0.3123439780663678,one_sided_upper_0.95,true,664d906899b1726ae6d0bd3856483c4590af875a9dfdc3fee14fdcb79dbc4e34
libstdcxx,LEGACY,float,0.55,0.050000011920928955,seed,10004,target_upper_tail_q,6,1e-08,1e-06,3,0,a three-vector reached the caller,0.0,0.0,0.6315968501359612,one_sided_upper_0.95,true,664d906899b1726ae6d0bd3856483c4590af875a9dfdc3fee14fdcb79dbc4e34
libstdcxx,CANDIDATE,float,0.55,0.050000011920928955,seed,10004,target_upper_tail_q,0,0.1,1.0,900065,900065,a three-vector reached the caller,1.0,0.9999959015494495,1.0,two_sided_clopper_pearson_0.95,false,664d906899b1726ae6d0bd3856483c4590af875a9dfdc3fee14fdcb79dbc4e34
libstdcxx,CANDIDATE,float,0.55,0.050000011920928955,seed,10004,target_upper_tail_q,1,0.01,0.1,89921,89921,a three-vector reached the caller,1.0,0.999958977282396,1.0,two_sided_clopper_pearson_0.95,false,664d906899b1726ae6d0bd3856483c4590af875a9dfdc3fee14fdcb79dbc4e34
libstdcxx,CANDIDATE,float,0.55,0.050000011920928955,seed,10004,target_upper_tail_q,2,0.001,0.01,9010,9010,a three-vector reached the caller,1.0,0.9995906632180274,1.0,two_sided_clopper_pearson_0.95,false,664d906899b1726ae6d0bd3856483c4590af875a9dfdc3fee14fdcb79dbc4e34
libstdcxx,CANDIDATE,float,0.55,0.050000011920928955,seed,10004,target_upper_tail_q,3,0.0001,0.001,904,874,a three-vector reached the caller,0.9668141592920354,0.9529623296221688,0.9774998701542065,two_sided_clopper_pearson_0.95,false,664d906899b1726ae6d0bd3856483c4590af875a9dfdc3fee14fdcb79dbc4e34
libstdcxx,CANDIDATE,float,0.55,0.050000011920928955,seed,10004,target_upper_tail_q,4,1e-05,0.0001,89,0,a three-vector reached the caller,0.0,0.0,0.03309972123627414,one_sided_upper_0.95,true,664d906899b1726ae6d0bd3856483c4590af875a9dfdc3fee14fdcb79dbc4e34
libstdcxx,CANDIDATE,float,0.55,0.050000011920928955,seed,10004,target_upper_tail_q,5,1e-06,1e-05,8,0,a three-vector reached the caller,0.0,0.0,0.3123439780663678,one_sided_upper_0.95,true,664d906899b1726ae6d0bd3856483c4590af875a9dfdc3fee14fdcb79dbc4e34
libstdcxx,CANDIDATE,float,0.55,0.050000011920928955,seed,10004,target_upper_tail_q,6,1e-08,1e-06,3,0,a three-vector reached the caller,0.0,0.0,0.6315968501359612,one_sided_upper_0.95,true,664d906899b1726ae6d0bd3856483c4590af875a9dfdc3fee14fdcb79dbc4e34
libstdcxx,QF,float,0.55,0.050000011920928955,seed,10004,target_upper_tail_q,0,0.1,1.0,900065,900065,a three-vector reached the caller,1.0,0.9999959015494495,1.0,two_sided_clopper_pearson_0.95,false,664d906899b1726ae6d0bd3856483c4590af875a9dfdc3fee14fdcb79dbc4e34
libstdcxx,QF,float,0.55,0.050000011920928955,seed,10004,target_upper_tail_q,1,0.01,0.1,89921,87690,a three-vector reached the caller,0.9751893328588428,0.9741516395106576,0.9761962152858323,two_sided_clopper_pearson_0.95,false,664d906899b1726ae6d0bd3856483c4590af875a9dfdc3fee14fdcb79dbc4e34
libstdcxx,QF,float,0.55,0.050000011920928955,seed,10004,target_upper_tail_q,2,0.001,0.01,9010,0,a three-vector reached the caller,0.0,0.0,0.0003324344399190382,one_sided_upper_0.95,true,664d906899b1726ae6d0bd3856483c4590af875a9dfdc3fee14fdcb79dbc4e34
libstdcxx,QF,float,0.55,0.050000011920928955,seed,10004,target_upper_tail_q,3,0.0001,0.001,904,0,a three-vector reached the caller,0.0,0.0,0.0033083783503061737,one_sided_upper_0.95,true,664d906899b1726ae6d0bd3856483c4590af875a9dfdc3fee14fdcb79dbc4e34
libstdcxx,QF,float,0.55,0.050000011920928955,seed,10004,target_upper_tail_q,4,1e-05,0.0001,89,0,a three-vector reached the caller,0.0,0.0,0.03309972123627414,one_sided_upper_0.95,true,664d906899b1726ae6d0bd3856483c4590af875a9dfdc3fee14fdcb79dbc4e34
libstdcxx,QF,float,0.55,0.050000011920928955,seed,10004,target_upper_tail_q,5,1e-06,1e-05,8,0,a three-vector reached the caller,0.0,0.0,0.3123439780663678,one_sided_upper_0.95,true,664d906899b1726ae6d0bd3856483c4590af875a9dfdc3fee14fdcb79dbc4e34
libstdcxx,QF,float,0.55,0.050000011920928955,seed,10004,target_upper_tail_q,6,1e-08,1e-06,3,0,a three-vector reached the caller,0.0,0.0,0.6315968501359612,one_sided_upper_0.95,true,664d906899b1726ae6d0bd3856483c4590af875a9dfdc3fee14fdcb79dbc4e34
libstdcxx,LEGACY,float,0.55,0.050000011920928955,seed,10005,target_upper_tail_q,0,0.1,1.0,899534,899534,a three-vector reached the caller,1.0,0.9999958991301159,1.0,two_sided_clopper_pearson_0.95,false,664d906899b1726ae6d0bd3856483c4590af875a9dfdc3fee14fdcb79dbc4e34
libstdcxx,LEGACY,float,0.55,0.050000011920928955,seed,10005,target_upper_tail_q,1,0.01,0.1,90390,90390,a three-vector reached the caller,1.0,0.9999591901296354,1.0,two_sided_clopper_pearson_0.95,false,664d906899b1726ae6d0bd3856483c4590af875a9dfdc3fee14fdcb79dbc4e34
libstdcxx,LEGACY,float,0.55,0.050000011920928955,seed,10005,target_upper_tail_q,2,0.001,0.01,9030,4250,a three-vector reached the caller,0.4706533776301218,0.4603139081837567,0.4810117903901912,two_sided_clopper_pearson_0.95,false,664d906899b1726ae6d0bd3856483c4590af875a9dfdc3fee14fdcb79dbc4e34
libstdcxx,LEGACY,float,0.55,0.050000011920928955,seed,10005,target_upper_tail_q,3,0.0001,0.001,945,0,a three-vector reached the caller,0.0,0.0,0.0031650676413726986,one_sided_upper_0.95,true,664d906899b1726ae6d0bd3856483c4590af875a9dfdc3fee14fdcb79dbc4e34
libstdcxx,LEGACY,float,0.55,0.050000011920928955,seed,10005,target_upper_tail_q,4,1e-05,0.0001,95,0,a three-vector reached the caller,0.0,0.0,0.031042011867954855,one_sided_upper_0.95,true,664d906899b1726ae6d0bd3856483c4590af875a9dfdc3fee14fdcb79dbc4e34
libstdcxx,LEGACY,float,0.55,0.050000011920928955,seed,10005,target_upper_tail_q,5,1e-06,1e-05,5,0,a three-vector reached the caller,0.0,0.0,0.4507197283469411,one_sided_upper_0.95,true,664d906899b1726ae6d0bd3856483c4590af875a9dfdc3fee14fdcb79dbc4e34
libstdcxx,LEGACY,float,0.55,0.050000011920928955,seed,10005,target_upper_tail_q,6,1e-08,1e-06,1,0,a three-vector reached the caller,0.0,0.0,0.95,one_sided_upper_0.95,true,664d906899b1726ae6d0bd3856483c4590af875a9dfdc3fee14fdcb79dbc4e34
libstdcxx,CANDIDATE,float,0.55,0.050000011920928955,seed,10005,target_upper_tail_q,0,0.1,1.0,899534,899534,a three-vector reached the caller,1.0,0.9999958991301159,1.0,two_sided_clopper_pearson_0.95,false,664d906899b1726ae6d0bd3856483c4590af875a9dfdc3fee14fdcb79dbc4e34
libstdcxx,CANDIDATE,float,0.55,0.050000011920928955,seed,10005,target_upper_tail_q,1,0.01,0.1,90390,90390,a three-vector reached the caller,1.0,0.9999591901296354,1.0,two_sided_clopper_pearson_0.95,false,664d906899b1726ae6d0bd3856483c4590af875a9dfdc3fee14fdcb79dbc4e34
libstdcxx,CANDIDATE,float,0.55,0.050000011920928955,seed,10005,target_upper_tail_q,2,0.001,0.01,9030,9030,a three-vector reached the caller,1.0,0.9995915696481,1.0,two_sided_clopper_pearson_0.95,false,664d906899b1726ae6d0bd3856483c4590af875a9dfdc3fee14fdcb79dbc4e34
libstdcxx,CANDIDATE,float,0.55,0.050000011920928955,seed,10005,target_upper_tail_q,3,0.0001,0.001,945,907,a three-vector reached the caller,0.9597883597883597,0.9452217828492643,0.9713894721509883,two_sided_clopper_pearson_0.95,false,664d906899b1726ae6d0bd3856483c4590af875a9dfdc3fee14fdcb79dbc4e34
libstdcxx,CANDIDATE,float,0.55,0.050000011920928955,seed,10005,target_upper_tail_q,4,1e-05,0.0001,95,0,a three-vector reached the caller,0.0,0.0,0.031042011867954855,one_sided_upper_0.95,true,664d906899b1726ae6d0bd3856483c4590af875a9dfdc3fee14fdcb79dbc4e34
libstdcxx,CANDIDATE,float,0.55,0.050000011920928955,seed,10005,target_upper_tail_q,5,1e-06,1e-05,5,0,a three-vector reached the caller,0.0,0.0,0.4507197283469411,one_sided_upper_0.95,true,664d906899b1726ae6d0bd3856483c4590af875a9dfdc3fee14fdcb79dbc4e34
libstdcxx,CANDIDATE,float,0.55,0.050000011920928955,seed,10005,target_upper_tail_q,6,1e-08,1e-06,1,0,a three-vector reached the caller,0.0,0.0,0.95,one_sided_upper_0.95,true,664d906899b1726ae6d0bd3856483c4590af875a9dfdc3fee14fdcb79dbc4e34
libstdcxx,QF,float,0.55,0.050000011920928955,seed,10005,target_upper_tail_q,0,0.1,1.0,899534,899534,a three-vector reached the caller,1.0,0.9999958991301159,1.0,two_sided_clopper_pearson_0.95,false,664d906899b1726ae6d0bd3856483c4590af875a9dfdc3fee14fdcb79dbc4e34
libstdcxx,QF,float,0.55,0.050000011920928955,seed,10005,target_upper_tail_q,1,0.01,0.1,90390,88215,a three-vector reached the caller,0.9759376037172254,0.9749176588645349,0.9769268465198553,two_sided_clopper_pearson_0.95,false,664d906899b1726ae6d0bd3856483c4590af875a9dfdc3fee14fdcb79dbc4e34
libstdcxx,QF,float,0.55,0.050000011920928955,seed,10005,target_upper_tail_q,2,0.001,0.01,9030,0,a three-vector reached the caller,0.0,0.0,0.0003316982731419449,one_sided_upper_0.95,true,664d906899b1726ae6d0bd3856483c4590af875a9dfdc3fee14fdcb79dbc4e34
libstdcxx,QF,float,0.55,0.050000011920928955,seed,10005,target_upper_tail_q,3,0.0001,0.001,945,0,a three-vector reached the caller,0.0,0.0,0.0031650676413726986,one_sided_upper_0.95,true,664d906899b1726ae6d0bd3856483c4590af875a9dfdc3fee14fdcb79dbc4e34
libstdcxx,QF,float,0.55,0.050000011920928955,seed,10005,target_upper_tail_q,4,1e-05,0.0001,95,0,a three-vector reached the caller,0.0,0.0,0.031042011867954855,one_sided_upper_0.95,true,664d906899b1726ae6d0bd3856483c4590af875a9dfdc3fee14fdcb79dbc4e34
libstdcxx,QF,float,0.55,0.050000011920928955,seed,10005,target_upper_tail_q,5,1e-06,1e-05,5,0,a three-vector reached the caller,0.0,0.0,0.4507197283469411,one_sided_upper_0.95,true,664d906899b1726ae6d0bd3856483c4590af875a9dfdc3fee14fdcb79dbc4e34
libstdcxx,QF,float,0.55,0.050000011920928955,seed,10005,target_upper_tail_q,6,1e-08,1e-06,1,0,a three-vector reached the caller,0.0,0.0,0.95,one_sided_upper_0.95,true,664d906899b1726ae6d0bd3856483c4590af875a9dfdc3fee14fdcb79dbc4e34
libstdcxx,LEGACY,float,0.6,0.10000002384185791,seed,10001,target_upper_tail_q,0,0.1,1.0,899655,899655,a three-vector reached the caller,1.0,0.9999958996816654,1.0,two_sided_clopper_pearson_0.95,false,664d906899b1726ae6d0bd3856483c4590af875a9dfdc3fee14fdcb79dbc4e34
libstdcxx,LEGACY,float,0.6,0.10000002384185791,seed,10001,target_upper_tail_q,1,0.01,0.1,90439,90439,a three-vector reached the caller,1.0,0.9999592122400398,1.0,two_sided_clopper_pearson_0.95,false,664d906899b1726ae6d0bd3856483c4590af875a9dfdc3fee14fdcb79dbc4e34
libstdcxx,LEGACY,float,0.6,0.10000002384185791,seed,10001,target_upper_tail_q,2,0.001,0.01,8904,8904,a three-vector reached the caller,1.0,0.9995857911704693,1.0,two_sided_clopper_pearson_0.95,false,664d906899b1726ae6d0bd3856483c4590af875a9dfdc3fee14fdcb79dbc4e34
libstdcxx,LEGACY,float,0.6,0.10000002384185791,seed,10001,target_upper_tail_q,3,0.0001,0.001,914,914,a three-vector reached the caller,1.0,0.9959721604490659,1.0,two_sided_clopper_pearson_0.95,false,664d906899b1726ae6d0bd3856483c4590af875a9dfdc3fee14fdcb79dbc4e34
libstdcxx,LEGACY,float,0.6,0.10000002384185791,seed,10001,target_upper_tail_q,4,1e-05,0.0001,77,51,a three-vector reached the caller,0.6623376623376623,0.5455406373534912,0.766224038020354,two_sided_clopper_pearson_0.95,false,664d906899b1726ae6d0bd3856483c4590af875a9dfdc3fee14fdcb79dbc4e34
libstdcxx,LEGACY,float,0.6,0.10000002384185791,seed,10001,target_upper_tail_q,5,1e-06,1e-05,10,0,a three-vector reached the caller,0.0,0.0,0.2588655508930522,one_sided_upper_0.95,true,664d906899b1726ae6d0bd3856483c4590af875a9dfdc3fee14fdcb79dbc4e34
libstdcxx,LEGACY,float,0.6,0.10000002384185791,seed,10001,target_upper_tail_q,6,1e-08,1e-06,1,0,a three-vector reached the caller,0.0,0.0,0.95,one_sided_upper_0.95,true,664d906899b1726ae6d0bd3856483c4590af875a9dfdc3fee14fdcb79dbc4e34
libstdcxx,CANDIDATE,float,0.6,0.10000002384185791,seed,10001,target_upper_tail_q,0,0.1,1.0,899655,899655,a three-vector reached the caller,1.0,0.9999958996816654,1.0,two_sided_clopper_pearson_0.95,false,664d906899b1726ae6d0bd3856483c4590af875a9dfdc3fee14fdcb79dbc4e34
libstdcxx,CANDIDATE,float,0.6,0.10000002384185791,seed,10001,target_upper_tail_q,1,0.01,0.1,90439,90439,a three-vector reached the caller,1.0,0.9999592122400398,1.0,two_sided_clopper_pearson_0.95,false,664d906899b1726ae6d0bd3856483c4590af875a9dfdc3fee14fdcb79dbc4e34
libstdcxx,CANDIDATE,float,0.6,0.10000002384185791,seed,10001,target_upper_tail_q,2,0.001,0.01,8904,8904,a three-vector reached the caller,1.0,0.9995857911704693,1.0,two_sided_clopper_pearson_0.95,false,664d906899b1726ae6d0bd3856483c4590af875a9dfdc3fee14fdcb79dbc4e34
libstdcxx,CANDIDATE,float,0.6,0.10000002384185791,seed,10001,target_upper_tail_q,3,0.0001,0.001,914,914,a three-vector reached the caller,1.0,0.9959721604490659,1.0,two_sided_clopper_pearson_0.95,false,664d906899b1726ae6d0bd3856483c4590af875a9dfdc3fee14fdcb79dbc4e34
libstdcxx,CANDIDATE,float,0.6,0.10000002384185791,seed,10001,target_upper_tail_q,4,1e-05,0.0001,77,77,a three-vector reached the caller,1.0,0.9532219318395959,1.0,two_sided_clopper_pearson_0.95,false,664d906899b1726ae6d0bd3856483c4590af875a9dfdc3fee14fdcb79dbc4e34
libstdcxx,CANDIDATE,float,0.6,0.10000002384185791,seed,10001,target_upper_tail_q,5,1e-06,1e-05,10,10,a three-vector reached the caller,1.0,0.6915028921812392,1.0,two_sided_clopper_pearson_0.95,false,664d906899b1726ae6d0bd3856483c4590af875a9dfdc3fee14fdcb79dbc4e34
libstdcxx,CANDIDATE,float,0.6,0.10000002384185791,seed,10001,target_upper_tail_q,6,1e-08,1e-06,1,1,a three-vector reached the caller,1.0,0.025000000000000022,1.0,two_sided_clopper_pearson_0.95,false,664d906899b1726ae6d0bd3856483c4590af875a9dfdc3fee14fdcb79dbc4e34
libstdcxx,QF,float,0.6,0.10000002384185791,seed,10001,target_upper_tail_q,0,0.1,1.0,899655,899655,a three-vector reached the caller,1.0,0.9999958996816654,1.0,two_sided_clopper_pearson_0.95,false,664d906899b1726ae6d0bd3856483c4590af875a9dfdc3fee14fdcb79dbc4e34
libstdcxx,QF,float,0.6,0.10000002384185791,seed,10001,target_upper_tail_q,1,0.01,0.1,90439,90439,a three-vector reached the caller,1.0,0.9999592122400398,1.0,two_sided_clopper_pearson_0.95,false,664d906899b1726ae6d0bd3856483c4590af875a9dfdc3fee14fdcb79dbc4e34
libstdcxx,QF,float,0.6,0.10000002384185791,seed,10001,target_upper_tail_q,2,0.001,0.01,8904,8904,a three-vector reached the caller,1.0,0.9995857911704693,1.0,two_sided_clopper_pearson_0.95,false,664d906899b1726ae6d0bd3856483c4590af875a9dfdc3fee14fdcb79dbc4e34
libstdcxx,QF,float,0.6,0.10000002384185791,seed,10001,target_upper_tail_q,3,0.0001,0.001,914,873,a three-vector reached the caller,0.9551422319474836,0.9396348032616111,0.9676200665539443,two_sided_clopper_pearson_0.95,false,664d906899b1726ae6d0bd3856483c4590af875a9dfdc3fee14fdcb79dbc4e34
libstdcxx,QF,float,0.6,0.10000002384185791,seed,10001,target_upper_tail_q,4,1e-05,0.0001,77,0,a three-vector reached the caller,0.0,0.0,0.03815851071154541,one_sided_upper_0.95,true,664d906899b1726ae6d0bd3856483c4590af875a9dfdc3fee14fdcb79dbc4e34
libstdcxx,QF,float,0.6,0.10000002384185791,seed,10001,target_upper_tail_q,5,1e-06,1e-05,10,0,a three-vector reached the caller,0.0,0.0,0.2588655508930522,one_sided_upper_0.95,true,664d906899b1726ae6d0bd3856483c4590af875a9dfdc3fee14fdcb79dbc4e34
libstdcxx,QF,float,0.6,0.10000002384185791,seed,10001,target_upper_tail_q,6,1e-08,1e-06,1,0,a three-vector reached the caller,0.0,0.0,0.95,one_sided_upper_0.95,true,664d906899b1726ae6d0bd3856483c4590af875a9dfdc3fee14fdcb79dbc4e34
libstdcxx,LEGACY,float,0.6,0.10000002384185791,seed,10002,target_upper_tail_q,0,0.1,1.0,899782,899782,a three-vector reached the caller,1.0,0.9999959002604049,1.0,two_sided_clopper_pearson_0.95,false,664d906899b1726ae6d0bd3856483c4590af875a9dfdc3fee14fdcb79dbc4e34
libstdcxx,LEGACY,float,0.6,0.10000002384185791,seed,10002,target_upper_tail_q,1,0.01,0.1,90246,90246,a three-vector reached the caller,1.0,0.9999591250131623,1.0,two_sided_clopper_pearson_0.95,false,664d906899b1726ae6d0bd3856483c4590af875a9dfdc3fee14fdcb79dbc4e34
libstdcxx,LEGACY,float,0.6,0.10000002384185791,seed,10002,target_upper_tail_q,2,0.001,0.01,9000,9000,a three-vector reached the caller,1.0,0.999590208492584,1.0,two_sided_clopper_pearson_0.95,false,664d906899b1726ae6d0bd3856483c4590af875a9dfdc3fee14fdcb79dbc4e34
libstdcxx,LEGACY,float,0.6,0.10000002384185791,seed,10002,target_upper_tail_q,3,0.0001,0.001,887,887,a three-vector reached the caller,1.0,0.9958498090515897,1.0,two_sided_clopper_pearson_0.95,false,664d906899b1726ae6d0bd3856483c4590af875a9dfdc3fee14fdcb79dbc4e34
libstdcxx,LEGACY,float,0.6,0.10000002384185791,seed,10002,target_upper_tail_q,4,1e-05,0.0001,79,59,a three-vector reached the caller,0.7468354430379747,0.6364382777794118,0.837994071016507,two_sided_clopper_pearson_0.95,false,664d906899b1726ae6d0bd3856483c4590af875a9dfdc3fee14fdcb79dbc4e34
libstdcxx,LEGACY,float,0.6,0.10000002384185791,seed,10002,target_upper_tail_q,5,1e-06,1e-05,6,0,a three-vector reached the caller,0.0,0.0,0.39303776899708265,one_sided_upper_0.95,true,664d906899b1726ae6d0bd3856483c4590af875a9dfdc3fee14fdcb79dbc4e34
libstdcxx,CANDIDATE,float,0.6,0.10000002384185791,seed,10002,target_upper_tail_q,0,0.1,1.0,899782,899782,a three-vector reached the caller,1.0,0.9999959002604049,1.0,two_sided_clopper_pearson_0.95,false,664d906899b1726ae6d0bd3856483c4590af875a9dfdc3fee14fdcb79dbc4e34
libstdcxx,CANDIDATE,float,0.6,0.10000002384185791,seed,10002,target_upper_tail_q,1,0.01,0.1,90246,90246,a three-vector reached the caller,1.0,0.9999591250131623,1.0,two_sided_clopper_pearson_0.95,false,664d906899b1726ae6d0bd3856483c4590af875a9dfdc3fee14fdcb79dbc4e34
libstdcxx,CANDIDATE,float,0.6,0.10000002384185791,seed,10002,target_upper_tail_q,2,0.001,0.01,9000,9000,a three-vector reached the caller,1.0,0.999590208492584,1.0,two_sided_clopper_pearson_0.95,false,664d906899b1726ae6d0bd3856483c4590af875a9dfdc3fee14fdcb79dbc4e34
libstdcxx,CANDIDATE,float,0.6,0.10000002384185791,seed,10002,target_upper_tail_q,3,0.0001,0.001,887,887,a three-vector reached the caller,1.0,0.9958498090515897,1.0,two_sided_clopper_pearson_0.95,false,664d906899b1726ae6d0bd3856483c4590af875a9dfdc3fee14fdcb79dbc4e34
libstdcxx,CANDIDATE,float,0.6,0.10000002384185791,seed,10002,target_upper_tail_q,4,1e-05,0.0001,79,79,a three-vector reached the caller,1.0,0.9543787472413889,1.0,two_sided_clopper_pearson_0.95,false,664d906899b1726ae6d0bd3856483c4590af875a9dfdc3fee14fdcb79dbc4e34
libstdcxx,CANDIDATE,float,0.6,0.10000002384185791,seed,10002,target_upper_tail_q,5,1e-06,1e-05,6,6,a three-vector reached the caller,1.0,0.5407418735600996,1.0,two_sided_clopper_pearson_0.95,false,664d906899b1726ae6d0bd3856483c4590af875a9dfdc3fee14fdcb79dbc4e34
libstdcxx,QF,float,0.6,0.10000002384185791,seed,10002,target_upper_tail_q,0,0.1,1.0,899782,899782,a three-vector reached the caller,1.0,0.9999959002604049,1.0,two_sided_clopper_pearson_0.95,false,664d906899b1726ae6d0bd3856483c4590af875a9dfdc3fee14fdcb79dbc4e34
libstdcxx,QF,float,0.6,0.10000002384185791,seed,10002,target_upper_tail_q,1,0.01,0.1,90246,90246,a three-vector reached the caller,1.0,0.9999591250131623,1.0,two_sided_clopper_pearson_0.95,false,664d906899b1726ae6d0bd3856483c4590af875a9dfdc3fee14fdcb79dbc4e34
libstdcxx,QF,float,0.6,0.10000002384185791,seed,10002,target_upper_tail_q,2,0.001,0.01,9000,9000,a three-vector reached the caller,1.0,0.999590208492584,1.0,two_sided_clopper_pearson_0.95,false,664d906899b1726ae6d0bd3856483c4590af875a9dfdc3fee14fdcb79dbc4e34
libstdcxx,QF,float,0.6,0.10000002384185791,seed,10002,target_upper_tail_q,3,0.0001,0.001,887,845,a three-vector reached the caller,0.9526493799323562,0.9365318281998346,0.9656639744003354,two_sided_clopper_pearson_0.95,false,664d906899b1726ae6d0bd3856483c4590af875a9dfdc3fee14fdcb79dbc4e34
libstdcxx,QF,float,0.6,0.10000002384185791,seed,10002,target_upper_tail_q,4,1e-05,0.0001,79,0,a three-vector reached the caller,0.0,0.0,0.03721067606158024,one_sided_upper_0.95,true,664d906899b1726ae6d0bd3856483c4590af875a9dfdc3fee14fdcb79dbc4e34
libstdcxx,QF,float,0.6,0.10000002384185791,seed,10002,target_upper_tail_q,5,1e-06,1e-05,6,0,a three-vector reached the caller,0.0,0.0,0.39303776899708265,one_sided_upper_0.95,true,664d906899b1726ae6d0bd3856483c4590af875a9dfdc3fee14fdcb79dbc4e34
libstdcxx,LEGACY,float,0.6,0.10000002384185791,seed,10003,target_upper_tail_q,0,0.1,1.0,899951,899951,a three-vector reached the caller,1.0,0.9999959010302852,1.0,two_sided_clopper_pearson_0.95,false,664d906899b1726ae6d0bd3856483c4590af875a9dfdc3fee14fdcb79dbc4e34
libstdcxx,LEGACY,float,0.6,0.10000002384185791,seed,10003,target_upper_tail_q,1,0.01,0.1,90002,90002,a three-vector reached the caller,1.0,0.9999590142012649,1.0,two_sided_clopper_pearson_0.95,false,664d906899b1726ae6d0bd3856483c4590af875a9dfdc3fee14fdcb79dbc4e34
libstdcxx,LEGACY,float,0.6,0.10000002384185791,seed,10003,target_upper_tail_q,2,0.001,0.01,9024,9024,a three-vector reached the caller,1.0,0.9995912981408678,1.0,two_sided_clopper_pearson_0.95,false,664d906899b1726ae6d0bd3856483c4590af875a9dfdc3fee14fdcb79dbc4e34
libstdcxx,LEGACY,float,0.6,0.10000002384185791,seed,10003,target_upper_tail_q,3,0.0001,0.001,913,913,a three-vector reached the caller,1.0,0.9959677577020697,1.0,two_sided_clopper_pearson_0.95,false,664d906899b1726ae6d0bd3856483c4590af875a9dfdc3fee14fdcb79dbc4e34
libstdcxx,LEGACY,float,0.6,0.10000002384185791,seed,10003,target_upper_tail_q,4,1e-05,0.0001,95,78,a three-vector reached the caller,0.8210526315789474,0.7290204757730646,0.8921597093358713,two_sided_clopper_pearson_0.95,false,664d906899b1726ae6d0bd3856483c4590af875a9dfdc3fee14fdcb79dbc4e34
libstdcxx,LEGACY,float,0.6,0.10000002384185791,seed,10003,target_upper_tail_q,5,1e-06,1e-05,14,0,a three-vector reached the caller,0.0,0.0,0.19263617565013524,one_sided_upper_0.95,true,664d906899b1726ae6d0bd3856483c4590af875a9dfdc3fee14fdcb79dbc4e34
libstdcxx,LEGACY,float,0.6,0.10000002384185791,seed,10003,target_upper_tail_q,6,1e-08,1e-06,1,0,a three-vector reached the caller,0.0,0.0,0.95,one_sided_upper_0.95,true,664d906899b1726ae6d0bd3856483c4590af875a9dfdc3fee14fdcb79dbc4e34
libstdcxx,CANDIDATE,float,0.6,0.10000002384185791,seed,10003,target_upper_tail_q,0,0.1,1.0,899951,899951,a three-vector reached the caller,1.0,0.9999959010302852,1.0,two_sided_clopper_pearson_0.95,false,664d906899b1726ae6d0bd3856483c4590af875a9dfdc3fee14fdcb79dbc4e34
libstdcxx,CANDIDATE,float,0.6,0.10000002384185791,seed,10003,target_upper_tail_q,1,0.01,0.1,90002,90002,a three-vector reached the caller,1.0,0.9999590142012649,1.0,two_sided_clopper_pearson_0.95,false,664d906899b1726ae6d0bd3856483c4590af875a9dfdc3fee14fdcb79dbc4e34
libstdcxx,CANDIDATE,float,0.6,0.10000002384185791,seed,10003,target_upper_tail_q,2,0.001,0.01,9024,9024,a three-vector reached the caller,1.0,0.9995912981408678,1.0,two_sided_clopper_pearson_0.95,false,664d906899b1726ae6d0bd3856483c4590af875a9dfdc3fee14fdcb79dbc4e34
libstdcxx,CANDIDATE,float,0.6,0.10000002384185791,seed,10003,target_upper_tail_q,3,0.0001,0.001,913,913,a three-vector reached the caller,1.0,0.9959677577020697,1.0,two_sided_clopper_pearson_0.95,false,664d906899b1726ae6d0bd3856483c4590af875a9dfdc3fee14fdcb79dbc4e34
libstdcxx,CANDIDATE,float,0.6,0.10000002384185791,seed,10003,target_upper_tail_q,4,1e-05,0.0001,95,95,a three-vector reached the caller,1.0,0.9619139224299894,1.0,two_sided_clopper_pearson_0.95,false,664d906899b1726ae6d0bd3856483c4590af875a9dfdc3fee14fdcb79dbc4e34
libstdcxx,CANDIDATE,float,0.6,0.10000002384185791,seed,10003,target_upper_tail_q,5,1e-06,1e-05,14,14,a three-vector reached the caller,1.0,0.7683642383498835,1.0,two_sided_clopper_pearson_0.95,false,664d906899b1726ae6d0bd3856483c4590af875a9dfdc3fee14fdcb79dbc4e34
libstdcxx,CANDIDATE,float,0.6,0.10000002384185791,seed,10003,target_upper_tail_q,6,1e-08,1e-06,1,1,a three-vector reached the caller,1.0,0.025000000000000022,1.0,two_sided_clopper_pearson_0.95,false,664d906899b1726ae6d0bd3856483c4590af875a9dfdc3fee14fdcb79dbc4e34
libstdcxx,QF,float,0.6,0.10000002384185791,seed,10003,target_upper_tail_q,0,0.1,1.0,899951,899951,a three-vector reached the caller,1.0,0.9999959010302852,1.0,two_sided_clopper_pearson_0.95,false,664d906899b1726ae6d0bd3856483c4590af875a9dfdc3fee14fdcb79dbc4e34
libstdcxx,QF,float,0.6,0.10000002384185791,seed,10003,target_upper_tail_q,1,0.01,0.1,90002,90002,a three-vector reached the caller,1.0,0.9999590142012649,1.0,two_sided_clopper_pearson_0.95,false,664d906899b1726ae6d0bd3856483c4590af875a9dfdc3fee14fdcb79dbc4e34
libstdcxx,QF,float,0.6,0.10000002384185791,seed,10003,target_upper_tail_q,2,0.001,0.01,9024,9024,a three-vector reached the caller,1.0,0.9995912981408678,1.0,two_sided_clopper_pearson_0.95,false,664d906899b1726ae6d0bd3856483c4590af875a9dfdc3fee14fdcb79dbc4e34
libstdcxx,QF,float,0.6,0.10000002384185791,seed,10003,target_upper_tail_q,3,0.0001,0.001,913,856,a three-vector reached the caller,0.9375684556407448,0.9198659538832692,0.9523756068947401,two_sided_clopper_pearson_0.95,false,664d906899b1726ae6d0bd3856483c4590af875a9dfdc3fee14fdcb79dbc4e34
libstdcxx,QF,float,0.6,0.10000002384185791,seed,10003,target_upper_tail_q,4,1e-05,0.0001,95,0,a three-vector reached the caller,0.0,0.0,0.031042011867954855,one_sided_upper_0.95,true,664d906899b1726ae6d0bd3856483c4590af875a9dfdc3fee14fdcb79dbc4e34
libstdcxx,QF,float,0.6,0.10000002384185791,seed,10003,target_upper_tail_q,5,1e-06,1e-05,14,0,a three-vector reached the caller,0.0,0.0,0.19263617565013524,one_sided_upper_0.95,true,664d906899b1726ae6d0bd3856483c4590af875a9dfdc3fee14fdcb79dbc4e34
libstdcxx,QF,float,0.6,0.10000002384185791,seed,10003,target_upper_tail_q,6,1e-08,1e-06,1,0,a three-vector reached the caller,0.0,0.0,0.95,one_sided_upper_0.95,true,664d906899b1726ae6d0bd3856483c4590af875a9dfdc3fee14fdcb79dbc4e34
libstdcxx,LEGACY,float,0.6,0.10000002384185791,seed,10004,target_upper_tail_q,0,0.1,1.0,899636,899636,a three-vector reached the caller,1.0,0.9999958995950683,1.0,two_sided_clopper_pearson_0.95,false,664d906899b1726ae6d0bd3856483c4590af875a9dfdc3fee14fdcb79dbc4e34
libstdcxx,LEGACY,float,0.6,0.10000002384185791,seed,10004,target_upper_tail_q,1,0.01,0.1,90314,90314,a three-vector reached the caller,1.0,0.9999591557884834,1.0,two_sided_clopper_pearson_0.95,false,664d906899b1726ae6d0bd3856483c4590af875a9dfdc3fee14fdcb79dbc4e34
libstdcxx,LEGACY,float,0.6,0.10000002384185791,seed,10004,target_upper_tail_q,2,0.001,0.01,9061,9061,a three-vector reached the caller,1.0,0.9995929667084428,1.0,two_sided_clopper_pearson_0.95,false,664d906899b1726ae6d0bd3856483c4590af875a9dfdc3fee14fdcb79dbc4e34
libstdcxx,LEGACY,float,0.6,0.10000002384185791,seed,10004,target_upper_tail_q,3,0.0001,0.001,894,894,a three-vector reached the caller,1.0,0.9958822379562879,1.0,two_sided_clopper_pearson_0.95,false,664d906899b1726ae6d0bd3856483c4590af875a9dfdc3fee14fdcb79dbc4e34
libstdcxx,LEGACY,float,0.6,0.10000002384185791,seed,10004,target_upper_tail_q,4,1e-05,0.0001,89,63,a three-vector reached the caller,0.7078651685393258,0.6019310369325552,0.7994924274656486,two_sided_clopper_pearson_0.95,false,664d906899b1726ae6d0bd3856483c4590af875a9dfdc3fee14fdcb79dbc4e34
libstdcxx,LEGACY,float,0.6,0.10000002384185791,seed,10004,target_upper_tail_q,5,1e-06,1e-05,4,0,a three-vector reached the caller,0.0,0.0,0.527129195498412,one_sided_upper_0.95,true,664d906899b1726ae6d0bd3856483c4590af875a9dfdc3fee14fdcb79dbc4e34
libstdcxx,LEGACY,float,0.6,0.10000002384185791,seed,10004,target_upper_tail_q,6,1e-08,1e-06,2,0,a three-vector reached the caller,0.0,0.0,0.776393202250021,one_sided_upper_0.95,true,664d906899b1726ae6d0bd3856483c4590af875a9dfdc3fee14fdcb79dbc4e34
libstdcxx,CANDIDATE,float,0.6,0.10000002384185791,seed,10004,target_upper_tail_q,0,0.1,1.0,899636,899636,a three-vector reached the caller,1.0,0.9999958995950683,1.0,two_sided_clopper_pearson_0.95,false,664d906899b1726ae6d0bd3856483c4590af875a9dfdc3fee14fdcb79dbc4e34
libstdcxx,CANDIDATE,float,0.6,0.10000002384185791,seed,10004,target_upper_tail_q,1,0.01,0.1,90314,90314,a three-vector reached the caller,1.0,0.9999591557884834,1.0,two_sided_clopper_pearson_0.95,false,664d906899b1726ae6d0bd3856483c4590af875a9dfdc3fee14fdcb79dbc4e34
libstdcxx,CANDIDATE,float,0.6,0.10000002384185791,seed,10004,target_upper_tail_q,2,0.001,0.01,9061,9061,a three-vector reached the caller,1.0,0.9995929667084428,1.0,two_sided_clopper_pearson_0.95,false,664d906899b1726ae6d0bd3856483c4590af875a9dfdc3fee14fdcb79dbc4e34
libstdcxx,CANDIDATE,float,0.6,0.10000002384185791,seed,10004,target_upper_tail_q,3,0.0001,0.001,894,894,a three-vector reached the caller,1.0,0.9958822379562879,1.0,two_sided_clopper_pearson_0.95,false,664d906899b1726ae6d0bd3856483c4590af875a9dfdc3fee14fdcb79dbc4e34
libstdcxx,CANDIDATE,float,0.6,0.10000002384185791,seed,10004,target_upper_tail_q,4,1e-05,0.0001,89,89,a three-vector reached the caller,1.0,0.9593991424503682,1.0,two_sided_clopper_pearson_0.95,false,664d906899b1726ae6d0bd3856483c4590af875a9dfdc3fee14fdcb79dbc4e34
libstdcxx,CANDIDATE,float,0.6,0.10000002384185791,seed,10004,target_upper_tail_q,5,1e-06,1e-05,4,4,a three-vector reached the caller,1.0,0.3976353643835254,1.0,two_sided_clopper_pearson_0.95,false,664d906899b1726ae6d0bd3856483c4590af875a9dfdc3fee14fdcb79dbc4e34
libstdcxx,CANDIDATE,float,0.6,0.10000002384185791,seed,10004,target_upper_tail_q,6,1e-08,1e-06,2,2,a three-vector reached the caller,1.0,0.15811388300841903,1.0,two_sided_clopper_pearson_0.95,false,664d906899b1726ae6d0bd3856483c4590af875a9dfdc3fee14fdcb79dbc4e34
libstdcxx,QF,float,0.6,0.10000002384185791,seed,10004,target_upper_tail_q,0,0.1,1.0,899636,899636,a three-vector reached the caller,1.0,0.9999958995950683,1.0,two_sided_clopper_pearson_0.95,false,664d906899b1726ae6d0bd3856483c4590af875a9dfdc3fee14fdcb79dbc4e34
libstdcxx,QF,float,0.6,0.10000002384185791,seed,10004,target_upper_tail_q,1,0.01,0.1,90314,90314,a three-vector reached the caller,1.0,0.9999591557884834,1.0,two_sided_clopper_pearson_0.95,false,664d906899b1726ae6d0bd3856483c4590af875a9dfdc3fee14fdcb79dbc4e34
libstdcxx,QF,float,0.6,0.10000002384185791,seed,10004,target_upper_tail_q,2,0.001,0.01,9061,9061,a three-vector reached the caller,1.0,0.9995929667084428,1.0,two_sided_clopper_pearson_0.95,false,664d906899b1726ae6d0bd3856483c4590af875a9dfdc3fee14fdcb79dbc4e34
libstdcxx,QF,float,0.6,0.10000002384185791,seed,10004,target_upper_tail_q,3,0.0001,0.001,894,850,a three-vector reached the caller,0.9507829977628636,0.9344887993179191,0.9640144357269167,two_sided_clopper_pearson_0.95,false,664d906899b1726ae6d0bd3856483c4590af875a9dfdc3fee14fdcb79dbc4e34
libstdcxx,QF,float,0.6,0.10000002384185791,seed,10004,target_upper_tail_q,4,1e-05,0.0001,89,0,a three-vector reached the caller,0.0,0.0,0.03309972123627414,one_sided_upper_0.95,true,664d906899b1726ae6d0bd3856483c4590af875a9dfdc3fee14fdcb79dbc4e34
libstdcxx,QF,float,0.6,0.10000002384185791,seed,10004,target_upper_tail_q,5,1e-06,1e-05,4,0,a three-vector reached the caller,0.0,0.0,0.527129195498412,one_sided_upper_0.95,true,664d906899b1726ae6d0bd3856483c4590af875a9dfdc3fee14fdcb79dbc4e34
libstdcxx,QF,float,0.6,0.10000002384185791,seed,10004,target_upper_tail_q,6,1e-08,1e-06,2,0,a three-vector reached the caller,0.0,0.0,0.776393202250021,one_sided_upper_0.95,true,664d906899b1726ae6d0bd3856483c4590af875a9dfdc3fee14fdcb79dbc4e34
libstdcxx,LEGACY,float,0.6,0.10000002384185791,seed,10005,target_upper_tail_q,0,0.1,1.0,899369,899369,a three-vector reached the caller,1.0,0.9999958983777638,1.0,two_sided_clopper_pearson_0.95,false,664d906899b1726ae6d0bd3856483c4590af875a9dfdc3fee14fdcb79dbc4e34
libstdcxx,LEGACY,float,0.6,0.10000002384185791,seed,10005,target_upper_tail_q,1,0.01,0.1,90577,90577,a three-vector reached the caller,1.0,0.9999592743816018,1.0,two_sided_clopper_pearson_0.95,false,664d906899b1726ae6d0bd3856483c4590af875a9dfdc3fee14fdcb79dbc4e34
libstdcxx,LEGACY,float,0.6,0.10000002384185791,seed,10005,target_upper_tail_q,2,0.001,0.01,9023,9023,a three-vector reached the caller,1.0,0.9995912528545638,1.0,two_sided_clopper_pearson_0.95,false,664d906899b1726ae6d0bd3856483c4590af875a9dfdc3fee14fdcb79dbc4e34
libstdcxx,LEGACY,float,0.6,0.10000002384185791,seed,10005,target_upper_tail_q,3,0.0001,0.001,926,926,a three-vector reached the caller,1.0,0.9960242531749466,1.0,two_sided_clopper_pearson_0.95,false,664d906899b1726ae6d0bd3856483c4590af875a9dfdc3fee14fdcb79dbc4e34
libstdcxx,LEGACY,float,0.6,0.10000002384185791,seed,10005,target_upper_tail_q,4,1e-05,0.0001,99,74,a three-vector reached the caller,0.7474747474747475,0.6501832738378421,0.8294360960038725,two_sided_clopper_pearson_0.95,false,664d906899b1726ae6d0bd3856483c4590af875a9dfdc3fee14fdcb79dbc4e34
libstdcxx,LEGACY,float,0.6,0.10000002384185791,seed,10005,target_upper_tail_q,5,1e-06,1e-05,5,0,a three-vector reached the caller,0.0,0.0,0.4507197283469411,one_sided_upper_0.95,true,664d906899b1726ae6d0bd3856483c4590af875a9dfdc3fee14fdcb79dbc4e34
libstdcxx,LEGACY,float,0.6,0.10000002384185791,seed,10005,target_upper_tail_q,6,1e-08,1e-06,1,0,a three-vector reached the caller,0.0,0.0,0.95,one_sided_upper_0.95,true,664d906899b1726ae6d0bd3856483c4590af875a9dfdc3fee14fdcb79dbc4e34
libstdcxx,CANDIDATE,float,0.6,0.10000002384185791,seed,10005,target_upper_tail_q,0,0.1,1.0,899369,899369,a three-vector reached the caller,1.0,0.9999958983777638,1.0,two_sided_clopper_pearson_0.95,false,664d906899b1726ae6d0bd3856483c4590af875a9dfdc3fee14fdcb79dbc4e34
libstdcxx,CANDIDATE,float,0.6,0.10000002384185791,seed,10005,target_upper_tail_q,1,0.01,0.1,90577,90577,a three-vector reached the caller,1.0,0.9999592743816018,1.0,two_sided_clopper_pearson_0.95,false,664d906899b1726ae6d0bd3856483c4590af875a9dfdc3fee14fdcb79dbc4e34
libstdcxx,CANDIDATE,float,0.6,0.10000002384185791,seed,10005,target_upper_tail_q,2,0.001,0.01,9023,9023,a three-vector reached the caller,1.0,0.9995912528545638,1.0,two_sided_clopper_pearson_0.95,false,664d906899b1726ae6d0bd3856483c4590af875a9dfdc3fee14fdcb79dbc4e34
libstdcxx,CANDIDATE,float,0.6,0.10000002384185791,seed,10005,target_upper_tail_q,3,0.0001,0.001,926,926,a three-vector reached the caller,1.0,0.9960242531749466,1.0,two_sided_clopper_pearson_0.95,false,664d906899b1726ae6d0bd3856483c4590af875a9dfdc3fee14fdcb79dbc4e34
libstdcxx,CANDIDATE,float,0.6,0.10000002384185791,seed,10005,target_upper_tail_q,4,1e-05,0.0001,99,99,a three-vector reached the caller,1.0,0.9634242550165211,1.0,two_sided_clopper_pearson_0.95,false,664d906899b1726ae6d0bd3856483c4590af875a9dfdc3fee14fdcb79dbc4e34
libstdcxx,CANDIDATE,float,0.6,0.10000002384185791,seed,10005,target_upper_tail_q,5,1e-06,1e-05,5,5,a three-vector reached the caller,1.0,0.47817624989501856,1.0,two_sided_clopper_pearson_0.95,false,664d906899b1726ae6d0bd3856483c4590af875a9dfdc3fee14fdcb79dbc4e34
libstdcxx,CANDIDATE,float,0.6,0.10000002384185791,seed,10005,target_upper_tail_q,6,1e-08,1e-06,1,1,a three-vector reached the caller,1.0,0.025000000000000022,1.0,two_sided_clopper_pearson_0.95,false,664d906899b1726ae6d0bd3856483c4590af875a9dfdc3fee14fdcb79dbc4e34
libstdcxx,QF,float,0.6,0.10000002384185791,seed,10005,target_upper_tail_q,0,0.1,1.0,899369,899369,a three-vector reached the caller,1.0,0.9999958983777638,1.0,two_sided_clopper_pearson_0.95,false,664d906899b1726ae6d0bd3856483c4590af875a9dfdc3fee14fdcb79dbc4e34
libstdcxx,QF,float,0.6,0.10000002384185791,seed,10005,target_upper_tail_q,1,0.01,0.1,90577,90577,a three-vector reached the caller,1.0,0.9999592743816018,1.0,two_sided_clopper_pearson_0.95,false,664d906899b1726ae6d0bd3856483c4590af875a9dfdc3fee14fdcb79dbc4e34
libstdcxx,QF,float,0.6,0.10000002384185791,seed,10005,target_upper_tail_q,2,0.001,0.01,9023,9023,a three-vector reached the caller,1.0,0.9995912528545638,1.0,two_sided_clopper_pearson_0.95,false,664d906899b1726ae6d0bd3856483c4590af875a9dfdc3fee14fdcb79dbc4e34
libstdcxx,QF,float,0.6,0.10000002384185791,seed,10005,target_upper_tail_q,3,0.0001,0.001,926,877,a three-vector reached the caller,0.9470842332613391,0.9306429477512767,0.9605996874478637,two_sided_clopper_pearson_0.95,false,664d906899b1726ae6d0bd3856483c4590af875a9dfdc3fee14fdcb79dbc4e34
libstdcxx,QF,float,0.6,0.10000002384185791,seed,10005,target_upper_tail_q,4,1e-05,0.0001,99,0,a three-vector reached the caller,0.0,0.0,0.02980667377335089,one_sided_upper_0.95,true,664d906899b1726ae6d0bd3856483c4590af875a9dfdc3fee14fdcb79dbc4e34
libstdcxx,QF,float,0.6,0.10000002384185791,seed,10005,target_upper_tail_q,5,1e-06,1e-05,5,0,a three-vector reached the caller,0.0,0.0,0.4507197283469411,one_sided_upper_0.95,true,664d906899b1726ae6d0bd3856483c4590af875a9dfdc3fee14fdcb79dbc4e34
libstdcxx,QF,float,0.6,0.10000002384185791,seed,10005,target_upper_tail_q,6,1e-08,1e-06,1,0,a three-vector reached the caller,0.0,0.0,0.95,one_sided_upper_0.95,true,664d906899b1726ae6d0bd3856483c4590af875a9dfdc3fee14fdcb79dbc4e34
libstdcxx,LEGACY,float,0.75,0.25,seed,10001,target_upper_tail_q,0,0.1,1.0,899816,899816,a three-vector reached the caller,1.0,0.9999959004153153,1.0,two_sided_clopper_pearson_0.95,false,664d906899b1726ae6d0bd3856483c4590af875a9dfdc3fee14fdcb79dbc4e34
libstdcxx,LEGACY,float,0.75,0.25,seed,10001,target_upper_tail_q,1,0.01,0.1,90292,90292,a three-vector reached the caller,1.0,0.9999591458368343,1.0,two_sided_clopper_pearson_0.95,false,664d906899b1726ae6d0bd3856483c4590af875a9dfdc3fee14fdcb79dbc4e34
libstdcxx,LEGACY,float,0.75,0.25,seed,10001,target_upper_tail_q,2,0.001,0.01,8934,8934,a three-vector reached the caller,1.0,0.9995871817793386,1.0,two_sided_clopper_pearson_0.95,false,664d906899b1726ae6d0bd3856483c4590af875a9dfdc3fee14fdcb79dbc4e34
libstdcxx,LEGACY,float,0.75,0.25,seed,10001,target_upper_tail_q,3,0.0001,0.001,871,871,a three-vector reached the caller,1.0,0.9957737326562556,1.0,two_sided_clopper_pearson_0.95,false,664d906899b1726ae6d0bd3856483c4590af875a9dfdc3fee14fdcb79dbc4e34
libstdcxx,LEGACY,float,0.75,0.25,seed,10001,target_upper_tail_q,4,1e-05,0.0001,78,78,a three-vector reached the caller,1.0,0.9538075796719513,1.0,two_sided_clopper_pearson_0.95,false,664d906899b1726ae6d0bd3856483c4590af875a9dfdc3fee14fdcb79dbc4e34
libstdcxx,LEGACY,float,0.75,0.25,seed,10001,target_upper_tail_q,5,1e-06,1e-05,7,7,a three-vector reached the caller,1.0,0.5903836027749967,1.0,two_sided_clopper_pearson_0.95,false,664d906899b1726ae6d0bd3856483c4590af875a9dfdc3fee14fdcb79dbc4e34
libstdcxx,LEGACY,float,0.75,0.25,seed,10001,target_upper_tail_q,6,1e-08,1e-06,2,2,a three-vector reached the caller,1.0,0.15811388300841903,1.0,two_sided_clopper_pearson_0.95,false,664d906899b1726ae6d0bd3856483c4590af875a9dfdc3fee14fdcb79dbc4e34
libstdcxx,CANDIDATE,float,0.75,0.25,seed,10001,target_upper_tail_q,0,0.1,1.0,899816,899816,a three-vector reached the caller,1.0,0.9999959004153153,1.0,two_sided_clopper_pearson_0.95,false,664d906899b1726ae6d0bd3856483c4590af875a9dfdc3fee14fdcb79dbc4e34
libstdcxx,CANDIDATE,float,0.75,0.25,seed,10001,target_upper_tail_q,1,0.01,0.1,90292,90292,a three-vector reached the caller,1.0,0.9999591458368343,1.0,two_sided_clopper_pearson_0.95,false,664d906899b1726ae6d0bd3856483c4590af875a9dfdc3fee14fdcb79dbc4e34
libstdcxx,CANDIDATE,float,0.75,0.25,seed,10001,target_upper_tail_q,2,0.001,0.01,8934,8934,a three-vector reached the caller,1.0,0.9995871817793386,1.0,two_sided_clopper_pearson_0.95,false,664d906899b1726ae6d0bd3856483c4590af875a9dfdc3fee14fdcb79dbc4e34
libstdcxx,CANDIDATE,float,0.75,0.25,seed,10001,target_upper_tail_q,3,0.0001,0.001,871,871,a three-vector reached the caller,1.0,0.9957737326562556,1.0,two_sided_clopper_pearson_0.95,false,664d906899b1726ae6d0bd3856483c4590af875a9dfdc3fee14fdcb79dbc4e34
libstdcxx,CANDIDATE,float,0.75,0.25,seed,10001,target_upper_tail_q,4,1e-05,0.0001,78,78,a three-vector reached the caller,1.0,0.9538075796719513,1.0,two_sided_clopper_pearson_0.95,false,664d906899b1726ae6d0bd3856483c4590af875a9dfdc3fee14fdcb79dbc4e34
libstdcxx,CANDIDATE,float,0.75,0.25,seed,10001,target_upper_tail_q,5,1e-06,1e-05,7,7,a three-vector reached the caller,1.0,0.5903836027749967,1.0,two_sided_clopper_pearson_0.95,false,664d906899b1726ae6d0bd3856483c4590af875a9dfdc3fee14fdcb79dbc4e34
libstdcxx,CANDIDATE,float,0.75,0.25,seed,10001,target_upper_tail_q,6,1e-08,1e-06,2,2,a three-vector reached the caller,1.0,0.15811388300841903,1.0,two_sided_clopper_pearson_0.95,false,664d906899b1726ae6d0bd3856483c4590af875a9dfdc3fee14fdcb79dbc4e34
libstdcxx,QF,float,0.75,0.25,seed,10001,target_upper_tail_q,0,0.1,1.0,899816,899816,a three-vector reached the caller,1.0,0.9999959004153153,1.0,two_sided_clopper_pearson_0.95,false,664d906899b1726ae6d0bd3856483c4590af875a9dfdc3fee14fdcb79dbc4e34
libstdcxx,QF,float,0.75,0.25,seed,10001,target_upper_tail_q,1,0.01,0.1,90292,90292,a three-vector reached the caller,1.0,0.9999591458368343,1.0,two_sided_clopper_pearson_0.95,false,664d906899b1726ae6d0bd3856483c4590af875a9dfdc3fee14fdcb79dbc4e34
libstdcxx,QF,float,0.75,0.25,seed,10001,target_upper_tail_q,2,0.001,0.01,8934,8934,a three-vector reached the caller,1.0,0.9995871817793386,1.0,two_sided_clopper_pearson_0.95,false,664d906899b1726ae6d0bd3856483c4590af875a9dfdc3fee14fdcb79dbc4e34
libstdcxx,QF,float,0.75,0.25,seed,10001,target_upper_tail_q,3,0.0001,0.001,871,871,a three-vector reached the caller,1.0,0.9957737326562556,1.0,two_sided_clopper_pearson_0.95,false,664d906899b1726ae6d0bd3856483c4590af875a9dfdc3fee14fdcb79dbc4e34
libstdcxx,QF,float,0.75,0.25,seed,10001,target_upper_tail_q,4,1e-05,0.0001,78,78,a three-vector reached the caller,1.0,0.9538075796719513,1.0,two_sided_clopper_pearson_0.95,false,664d906899b1726ae6d0bd3856483c4590af875a9dfdc3fee14fdcb79dbc4e34
libstdcxx,QF,float,0.75,0.25,seed,10001,target_upper_tail_q,5,1e-06,1e-05,7,7,a three-vector reached the caller,1.0,0.5903836027749967,1.0,two_sided_clopper_pearson_0.95,false,664d906899b1726ae6d0bd3856483c4590af875a9dfdc3fee14fdcb79dbc4e34
libstdcxx,QF,float,0.75,0.25,seed,10001,target_upper_tail_q,6,1e-08,1e-06,2,2,a three-vector reached the caller,1.0,0.15811388300841903,1.0,two_sided_clopper_pearson_0.95,false,664d906899b1726ae6d0bd3856483c4590af875a9dfdc3fee14fdcb79dbc4e34
libstdcxx,LEGACY,float,0.75,0.25,seed,10002,target_upper_tail_q,0,0.1,1.0,900001,900001,a three-vector reached the caller,1.0,0.999995901258005,1.0,two_sided_clopper_pearson_0.95,false,664d906899b1726ae6d0bd3856483c4590af875a9dfdc3fee14fdcb79dbc4e34
libstdcxx,LEGACY,float,0.75,0.25,seed,10002,target_upper_tail_q,1,0.01,0.1,89983,89983,a three-vector reached the caller,1.0,0.99995900554725,1.0,two_sided_clopper_pearson_0.95,false,664d906899b1726ae6d0bd3856483c4590af875a9dfdc3fee14fdcb79dbc4e34
libstdcxx,LEGACY,float,0.75,0.25,seed,10002,target_upper_tail_q,2,0.001,0.01,9020,9020,a three-vector reached the caller,1.0,0.9995911169354167,1.0,two_sided_clopper_pearson_0.95,false,664d906899b1726ae6d0bd3856483c4590af875a9dfdc3fee14fdcb79dbc4e34
libstdcxx,LEGACY,float,0.75,0.25,seed,10002,target_upper_tail_q,3,0.0001,0.001,902,902,a three-vector reached the caller,1.0,0.9959186844981448,1.0,two_sided_clopper_pearson_0.95,false,664d906899b1726ae6d0bd3856483c4590af875a9dfdc3fee14fdcb79dbc4e34
libstdcxx,LEGACY,float,0.75,0.25,seed,10002,target_upper_tail_q,4,1e-05,0.0001,91,91,a three-vector reached the caller,1.0,0.9602735023081505,1.0,two_sided_clopper_pearson_0.95,false,664d906899b1726ae6d0bd3856483c4590af875a9dfdc3fee14fdcb79dbc4e34
libstdcxx,LEGACY,float,0.75,0.25,seed,10002,target_upper_tail_q,5,1e-06,1e-05,3,3,a three-vector reached the caller,1.0,0.29240177382128674,1.0,two_sided_clopper_pearson_0.95,false,664d906899b1726ae6d0bd3856483c4590af875a9dfdc3fee14fdcb79dbc4e34
libstdcxx,CANDIDATE,float,0.75,0.25,seed,10002,target_upper_tail_q,0,0.1,1.0,900001,900001,a three-vector reached the caller,1.0,0.999995901258005,1.0,two_sided_clopper_pearson_0.95,false,664d906899b1726ae6d0bd3856483c4590af875a9dfdc3fee14fdcb79dbc4e34
libstdcxx,CANDIDATE,float,0.75,0.25,seed,10002,target_upper_tail_q,1,0.01,0.1,89983,89983,a three-vector reached the caller,1.0,0.99995900554725,1.0,two_sided_clopper_pearson_0.95,false,664d906899b1726ae6d0bd3856483c4590af875a9dfdc3fee14fdcb79dbc4e34
libstdcxx,CANDIDATE,float,0.75,0.25,seed,10002,target_upper_tail_q,2,0.001,0.01,9020,9020,a three-vector reached the caller,1.0,0.9995911169354167,1.0,two_sided_clopper_pearson_0.95,false,664d906899b1726ae6d0bd3856483c4590af875a9dfdc3fee14fdcb79dbc4e34
libstdcxx,CANDIDATE,float,0.75,0.25,seed,10002,target_upper_tail_q,3,0.0001,0.001,902,902,a three-vector reached the caller,1.0,0.9959186844981448,1.0,two_sided_clopper_pearson_0.95,false,664d906899b1726ae6d0bd3856483c4590af875a9dfdc3fee14fdcb79dbc4e34
libstdcxx,CANDIDATE,float,0.75,0.25,seed,10002,target_upper_tail_q,4,1e-05,0.0001,91,91,a three-vector reached the caller,1.0,0.9602735023081505,1.0,two_sided_clopper_pearson_0.95,false,664d906899b1726ae6d0bd3856483c4590af875a9dfdc3fee14fdcb79dbc4e34
libstdcxx,CANDIDATE,float,0.75,0.25,seed,10002,target_upper_tail_q,5,1e-06,1e-05,3,3,a three-vector reached the caller,1.0,0.29240177382128674,1.0,two_sided_clopper_pearson_0.95,false,664d906899b1726ae6d0bd3856483c4590af875a9dfdc3fee14fdcb79dbc4e34
libstdcxx,QF,float,0.75,0.25,seed,10002,target_upper_tail_q,0,0.1,1.0,900001,900001,a three-vector reached the caller,1.0,0.999995901258005,1.0,two_sided_clopper_pearson_0.95,false,664d906899b1726ae6d0bd3856483c4590af875a9dfdc3fee14fdcb79dbc4e34
libstdcxx,QF,float,0.75,0.25,seed,10002,target_upper_tail_q,1,0.01,0.1,89983,89983,a three-vector reached the caller,1.0,0.99995900554725,1.0,two_sided_clopper_pearson_0.95,false,664d906899b1726ae6d0bd3856483c4590af875a9dfdc3fee14fdcb79dbc4e34
libstdcxx,QF,float,0.75,0.25,seed,10002,target_upper_tail_q,2,0.001,0.01,9020,9020,a three-vector reached the caller,1.0,0.9995911169354167,1.0,two_sided_clopper_pearson_0.95,false,664d906899b1726ae6d0bd3856483c4590af875a9dfdc3fee14fdcb79dbc4e34
libstdcxx,QF,float,0.75,0.25,seed,10002,target_upper_tail_q,3,0.0001,0.001,902,902,a three-vector reached the caller,1.0,0.9959186844981448,1.0,two_sided_clopper_pearson_0.95,false,664d906899b1726ae6d0bd3856483c4590af875a9dfdc3fee14fdcb79dbc4e34
libstdcxx,QF,float,0.75,0.25,seed,10002,target_upper_tail_q,4,1e-05,0.0001,91,91,a three-vector reached the caller,1.0,0.9602735023081505,1.0,two_sided_clopper_pearson_0.95,false,664d906899b1726ae6d0bd3856483c4590af875a9dfdc3fee14fdcb79dbc4e34
libstdcxx,QF,float,0.75,0.25,seed,10002,target_upper_tail_q,5,1e-06,1e-05,3,3,a three-vector reached the caller,1.0,0.29240177382128674,1.0,two_sided_clopper_pearson_0.95,false,664d906899b1726ae6d0bd3856483c4590af875a9dfdc3fee14fdcb79dbc4e34
libstdcxx,LEGACY,float,0.75,0.25,seed,10003,target_upper_tail_q,0,0.1,1.0,900010,900010,a three-vector reached the caller,1.0,0.9999959012989919,1.0,two_sided_clopper_pearson_0.95,false,664d906899b1726ae6d0bd3856483c4590af875a9dfdc3fee14fdcb79dbc4e34
libstdcxx,LEGACY,float,0.75,0.25,seed,10003,target_upper_tail_q,1,0.01,0.1,89985,89985,a three-vector reached the caller,1.0,0.9999590064583711,1.0,two_sided_clopper_pearson_0.95,false,664d906899b1726ae6d0bd3856483c4590af875a9dfdc3fee14fdcb79dbc4e34
libstdcxx,LEGACY,float,0.75,0.25,seed,10003,target_upper_tail_q,2,0.001,0.01,8983,8983,a three-vector reached the caller,1.0,0.9995894331363184,1.0,two_sided_clopper_pearson_0.95,false,664d906899b1726ae6d0bd3856483c4590af875a9dfdc3fee14fdcb79dbc4e34
libstdcxx,LEGACY,float,0.75,0.25,seed,10003,target_upper_tail_q,3,0.0001,0.001,904,904,a three-vector reached the caller,1.0,0.9959276955468309,1.0,two_sided_clopper_pearson_0.95,false,664d906899b1726ae6d0bd3856483c4590af875a9dfdc3fee14fdcb79dbc4e34
libstdcxx,LEGACY,float,0.75,0.25,seed,10003,target_upper_tail_q,4,1e-05,0.0001,101,101,a three-vector reached the caller,1.0,0.9641353796099963,1.0,two_sided_clopper_pearson_0.95,false,664d906899b1726ae6d0bd3856483c4590af875a9dfdc3fee14fdcb79dbc4e34
libstdcxx,LEGACY,float,0.75,0.25,seed,10003,target_upper_tail_q,5,1e-06,1e-05,16,16,a three-vector reached the caller,1.0,0.7940927857921773,1.0,two_sided_clopper_pearson_0.95,false,664d906899b1726ae6d0bd3856483c4590af875a9dfdc3fee14fdcb79dbc4e34
libstdcxx,LEGACY,float,0.75,0.25,seed,10003,target_upper_tail_q,6,1e-08,1e-06,1,1,a three-vector reached the caller,1.0,0.025000000000000022,1.0,two_sided_clopper_pearson_0.95,false,664d906899b1726ae6d0bd3856483c4590af875a9dfdc3fee14fdcb79dbc4e34
libstdcxx,CANDIDATE,float,0.75,0.25,seed,10003,target_upper_tail_q,0,0.1,1.0,900010,900010,a three-vector reached the caller,1.0,0.9999959012989919,1.0,two_sided_clopper_pearson_0.95,false,664d906899b1726ae6d0bd3856483c4590af875a9dfdc3fee14fdcb79dbc4e34
libstdcxx,CANDIDATE,float,0.75,0.25,seed,10003,target_upper_tail_q,1,0.01,0.1,89985,89985,a three-vector reached the caller,1.0,0.9999590064583711,1.0,two_sided_clopper_pearson_0.95,false,664d906899b1726ae6d0bd3856483c4590af875a9dfdc3fee14fdcb79dbc4e34
libstdcxx,CANDIDATE,float,0.75,0.25,seed,10003,target_upper_tail_q,2,0.001,0.01,8983,8983,a three-vector reached the caller,1.0,0.9995894331363184,1.0,two_sided_clopper_pearson_0.95,false,664d906899b1726ae6d0bd3856483c4590af875a9dfdc3fee14fdcb79dbc4e34
libstdcxx,CANDIDATE,float,0.75,0.25,seed,10003,target_upper_tail_q,3,0.0001,0.001,904,904,a three-vector reached the caller,1.0,0.9959276955468309,1.0,two_sided_clopper_pearson_0.95,false,664d906899b1726ae6d0bd3856483c4590af875a9dfdc3fee14fdcb79dbc4e34
libstdcxx,CANDIDATE,float,0.75,0.25,seed,10003,target_upper_tail_q,4,1e-05,0.0001,101,101,a three-vector reached the caller,1.0,0.9641353796099963,1.0,two_sided_clopper_pearson_0.95,false,664d906899b1726ae6d0bd3856483c4590af875a9dfdc3fee14fdcb79dbc4e34
libstdcxx,CANDIDATE,float,0.75,0.25,seed,10003,target_upper_tail_q,5,1e-06,1e-05,16,16,a three-vector reached the caller,1.0,0.7940927857921773,1.0,two_sided_clopper_pearson_0.95,false,664d906899b1726ae6d0bd3856483c4590af875a9dfdc3fee14fdcb79dbc4e34
libstdcxx,CANDIDATE,float,0.75,0.25,seed,10003,target_upper_tail_q,6,1e-08,1e-06,1,1,a three-vector reached the caller,1.0,0.025000000000000022,1.0,two_sided_clopper_pearson_0.95,false,664d906899b1726ae6d0bd3856483c4590af875a9dfdc3fee14fdcb79dbc4e34
libstdcxx,QF,float,0.75,0.25,seed,10003,target_upper_tail_q,0,0.1,1.0,900010,900010,a three-vector reached the caller,1.0,0.9999959012989919,1.0,two_sided_clopper_pearson_0.95,false,664d906899b1726ae6d0bd3856483c4590af875a9dfdc3fee14fdcb79dbc4e34
libstdcxx,QF,float,0.75,0.25,seed,10003,target_upper_tail_q,1,0.01,0.1,89985,89985,a three-vector reached the caller,1.0,0.9999590064583711,1.0,two_sided_clopper_pearson_0.95,false,664d906899b1726ae6d0bd3856483c4590af875a9dfdc3fee14fdcb79dbc4e34
libstdcxx,QF,float,0.75,0.25,seed,10003,target_upper_tail_q,2,0.001,0.01,8983,8983,a three-vector reached the caller,1.0,0.9995894331363184,1.0,two_sided_clopper_pearson_0.95,false,664d906899b1726ae6d0bd3856483c4590af875a9dfdc3fee14fdcb79dbc4e34
libstdcxx,QF,float,0.75,0.25,seed,10003,target_upper_tail_q,3,0.0001,0.001,904,904,a three-vector reached the caller,1.0,0.9959276955468309,1.0,two_sided_clopper_pearson_0.95,false,664d906899b1726ae6d0bd3856483c4590af875a9dfdc3fee14fdcb79dbc4e34
libstdcxx,QF,float,0.75,0.25,seed,10003,target_upper_tail_q,4,1e-05,0.0001,101,101,a three-vector reached the caller,1.0,0.9641353796099963,1.0,two_sided_clopper_pearson_0.95,false,664d906899b1726ae6d0bd3856483c4590af875a9dfdc3fee14fdcb79dbc4e34
libstdcxx,QF,float,0.75,0.25,seed,10003,target_upper_tail_q,5,1e-06,1e-05,16,16,a three-vector reached the caller,1.0,0.7940927857921773,1.0,two_sided_clopper_pearson_0.95,false,664d906899b1726ae6d0bd3856483c4590af875a9dfdc3fee14fdcb79dbc4e34
libstdcxx,QF,float,0.75,0.25,seed,10003,target_upper_tail_q,6,1e-08,1e-06,1,1,a three-vector reached the caller,1.0,0.025000000000000022,1.0,two_sided_clopper_pearson_0.95,false,664d906899b1726ae6d0bd3856483c4590af875a9dfdc3fee14fdcb79dbc4e34
libstdcxx,LEGACY,float,0.75,0.25,seed,10004,target_upper_tail_q,0,0.1,1.0,899817,899817,a three-vector reached the caller,1.0,0.9999959004198713,1.0,two_sided_clopper_pearson_0.95,false,664d906899b1726ae6d0bd3856483c4590af875a9dfdc3fee14fdcb79dbc4e34
libstdcxx,LEGACY,float,0.75,0.25,seed,10004,target_upper_tail_q,1,0.01,0.1,90157,90157,a three-vector reached the caller,1.0,0.9999590846635567,1.0,two_sided_clopper_pearson_0.95,false,664d906899b1726ae6d0bd3856483c4590af875a9dfdc3fee14fdcb79dbc4e34
libstdcxx,LEGACY,float,0.75,0.25,seed,10004,target_upper_tail_q,2,0.001,0.01,9044,9044,a three-vector reached the caller,1.0,0.9995922017642951,1.0,two_sided_clopper_pearson_0.95,false,664d906899b1726ae6d0bd3856483c4590af875a9dfdc3fee14fdcb79dbc4e34
libstdcxx,LEGACY,float,0.75,0.25,seed,10004,target_upper_tail_q,3,0.0001,0.001,887,887,a three-vector reached the caller,1.0,0.9958498090515897,1.0,two_sided_clopper_pearson_0.95,false,664d906899b1726ae6d0bd3856483c4590af875a9dfdc3fee14fdcb79dbc4e34
libstdcxx,LEGACY,float,0.75,0.25,seed,10004,target_upper_tail_q,4,1e-05,0.0001,89,89,a three-vector reached the caller,1.0,0.9593991424503682,1.0,two_sided_clopper_pearson_0.95,false,664d906899b1726ae6d0bd3856483c4590af875a9dfdc3fee14fdcb79dbc4e34
libstdcxx,LEGACY,float,0.75,0.25,seed,10004,target_upper_tail_q,5,1e-06,1e-05,4,4,a three-vector reached the caller,1.0,0.3976353643835254,1.0,two_sided_clopper_pearson_0.95,false,664d906899b1726ae6d0bd3856483c4590af875a9dfdc3fee14fdcb79dbc4e34
libstdcxx,LEGACY,float,0.75,0.25,seed,10004,target_upper_tail_q,6,1e-08,1e-06,2,2,a three-vector reached the caller,1.0,0.15811388300841903,1.0,two_sided_clopper_pearson_0.95,false,664d906899b1726ae6d0bd3856483c4590af875a9dfdc3fee14fdcb79dbc4e34
libstdcxx,CANDIDATE,float,0.75,0.25,seed,10004,target_upper_tail_q,0,0.1,1.0,899817,899817,a three-vector reached the caller,1.0,0.9999959004198713,1.0,two_sided_clopper_pearson_0.95,false,664d906899b1726ae6d0bd3856483c4590af875a9dfdc3fee14fdcb79dbc4e34
libstdcxx,CANDIDATE,float,0.75,0.25,seed,10004,target_upper_tail_q,1,0.01,0.1,90157,90157,a three-vector reached the caller,1.0,0.9999590846635567,1.0,two_sided_clopper_pearson_0.95,false,664d906899b1726ae6d0bd3856483c4590af875a9dfdc3fee14fdcb79dbc4e34
libstdcxx,CANDIDATE,float,0.75,0.25,seed,10004,target_upper_tail_q,2,0.001,0.01,9044,9044,a three-vector reached the caller,1.0,0.9995922017642951,1.0,two_sided_clopper_pearson_0.95,false,664d906899b1726ae6d0bd3856483c4590af875a9dfdc3fee14fdcb79dbc4e34
libstdcxx,CANDIDATE,float,0.75,0.25,seed,10004,target_upper_tail_q,3,0.0001,0.001,887,887,a three-vector reached the caller,1.0,0.9958498090515897,1.0,two_sided_clopper_pearson_0.95,false,664d906899b1726ae6d0bd3856483c4590af875a9dfdc3fee14fdcb79dbc4e34
libstdcxx,CANDIDATE,float,0.75,0.25,seed,10004,target_upper_tail_q,4,1e-05,0.0001,89,89,a three-vector reached the caller,1.0,0.9593991424503682,1.0,two_sided_clopper_pearson_0.95,false,664d906899b1726ae6d0bd3856483c4590af875a9dfdc3fee14fdcb79dbc4e34
libstdcxx,CANDIDATE,float,0.75,0.25,seed,10004,target_upper_tail_q,5,1e-06,1e-05,4,4,a three-vector reached the caller,1.0,0.3976353643835254,1.0,two_sided_clopper_pearson_0.95,false,664d906899b1726ae6d0bd3856483c4590af875a9dfdc3fee14fdcb79dbc4e34
libstdcxx,CANDIDATE,float,0.75,0.25,seed,10004,target_upper_tail_q,6,1e-08,1e-06,2,2,a three-vector reached the caller,1.0,0.15811388300841903,1.0,two_sided_clopper_pearson_0.95,false,664d906899b1726ae6d0bd3856483c4590af875a9dfdc3fee14fdcb79dbc4e34
libstdcxx,QF,float,0.75,0.25,seed,10004,target_upper_tail_q,0,0.1,1.0,899817,899817,a three-vector reached the caller,1.0,0.9999959004198713,1.0,two_sided_clopper_pearson_0.95,false,664d906899b1726ae6d0bd3856483c4590af875a9dfdc3fee14fdcb79dbc4e34
libstdcxx,QF,float,0.75,0.25,seed,10004,target_upper_tail_q,1,0.01,0.1,90157,90157,a three-vector reached the caller,1.0,0.9999590846635567,1.0,two_sided_clopper_pearson_0.95,false,664d906899b1726ae6d0bd3856483c4590af875a9dfdc3fee14fdcb79dbc4e34
libstdcxx,QF,float,0.75,0.25,seed,10004,target_upper_tail_q,2,0.001,0.01,9044,9044,a three-vector reached the caller,1.0,0.9995922017642951,1.0,two_sided_clopper_pearson_0.95,false,664d906899b1726ae6d0bd3856483c4590af875a9dfdc3fee14fdcb79dbc4e34
libstdcxx,QF,float,0.75,0.25,seed,10004,target_upper_tail_q,3,0.0001,0.001,887,887,a three-vector reached the caller,1.0,0.9958498090515897,1.0,two_sided_clopper_pearson_0.95,false,664d906899b1726ae6d0bd3856483c4590af875a9dfdc3fee14fdcb79dbc4e34
libstdcxx,QF,float,0.75,0.25,seed,10004,target_upper_tail_q,4,1e-05,0.0001,89,89,a three-vector reached the caller,1.0,0.9593991424503682,1.0,two_sided_clopper_pearson_0.95,false,664d906899b1726ae6d0bd3856483c4590af875a9dfdc3fee14fdcb79dbc4e34
libstdcxx,QF,float,0.75,0.25,seed,10004,target_upper_tail_q,5,1e-06,1e-05,4,4,a three-vector reached the caller,1.0,0.3976353643835254,1.0,two_sided_clopper_pearson_0.95,false,664d906899b1726ae6d0bd3856483c4590af875a9dfdc3fee14fdcb79dbc4e34
libstdcxx,QF,float,0.75,0.25,seed,10004,target_upper_tail_q,6,1e-08,1e-06,2,2,a three-vector reached the caller,1.0,0.15811388300841903,1.0,two_sided_clopper_pearson_0.95,false,664d906899b1726ae6d0bd3856483c4590af875a9dfdc3fee14fdcb79dbc4e34
libstdcxx,LEGACY,float,0.75,0.25,seed,10005,target_upper_tail_q,0,0.1,1.0,899517,899517,a three-vector reached the caller,1.0,0.9999958990526137,1.0,two_sided_clopper_pearson_0.95,false,664d906899b1726ae6d0bd3856483c4590af875a9dfdc3fee14fdcb79dbc4e34
libstdcxx,LEGACY,float,0.75,0.25,seed,10005,target_upper_tail_q,1,0.01,0.1,90541,90541,a three-vector reached the caller,1.0,0.9999592581890216,1.0,two_sided_clopper_pearson_0.95,false,664d906899b1726ae6d0bd3856483c4590af875a9dfdc3fee14fdcb79dbc4e34
libstdcxx,LEGACY,float,0.75,0.25,seed,10005,target_upper_tail_q,2,0.001,0.01,8951,8951,a three-vector reached the caller,1.0,0.9995879656541842,1.0,two_sided_clopper_pearson_0.95,false,664d906899b1726ae6d0bd3856483c4590af875a9dfdc3fee14fdcb79dbc4e34
libstdcxx,LEGACY,float,0.75,0.25,seed,10005,target_upper_tail_q,3,0.0001,0.001,890,890,a three-vector reached the caller,1.0,0.9958637694875339,1.0,two_sided_clopper_pearson_0.95,false,664d906899b1726ae6d0bd3856483c4590af875a9dfdc3fee14fdcb79dbc4e34
libstdcxx,LEGACY,float,0.75,0.25,seed,10005,target_upper_tail_q,4,1e-05,0.0001,94,94,a three-vector reached the caller,1.0,0.9615166490024712,1.0,two_sided_clopper_pearson_0.95,false,664d906899b1726ae6d0bd3856483c4590af875a9dfdc3fee14fdcb79dbc4e34
libstdcxx,LEGACY,float,0.75,0.25,seed,10005,target_upper_tail_q,5,1e-06,1e-05,5,5,a three-vector reached the caller,1.0,0.47817624989501856,1.0,two_sided_clopper_pearson_0.95,false,664d906899b1726ae6d0bd3856483c4590af875a9dfdc3fee14fdcb79dbc4e34
libstdcxx,LEGACY,float,0.75,0.25,seed,10005,target_upper_tail_q,6,1e-08,1e-06,2,2,a three-vector reached the caller,1.0,0.15811388300841903,1.0,two_sided_clopper_pearson_0.95,false,664d906899b1726ae6d0bd3856483c4590af875a9dfdc3fee14fdcb79dbc4e34
libstdcxx,CANDIDATE,float,0.75,0.25,seed,10005,target_upper_tail_q,0,0.1,1.0,899517,899517,a three-vector reached the caller,1.0,0.9999958990526137,1.0,two_sided_clopper_pearson_0.95,false,664d906899b1726ae6d0bd3856483c4590af875a9dfdc3fee14fdcb79dbc4e34
libstdcxx,CANDIDATE,float,0.75,0.25,seed,10005,target_upper_tail_q,1,0.01,0.1,90541,90541,a three-vector reached the caller,1.0,0.9999592581890216,1.0,two_sided_clopper_pearson_0.95,false,664d906899b1726ae6d0bd3856483c4590af875a9dfdc3fee14fdcb79dbc4e34
libstdcxx,CANDIDATE,float,0.75,0.25,seed,10005,target_upper_tail_q,2,0.001,0.01,8951,8951,a three-vector reached the caller,1.0,0.9995879656541842,1.0,two_sided_clopper_pearson_0.95,false,664d906899b1726ae6d0bd3856483c4590af875a9dfdc3fee14fdcb79dbc4e34
libstdcxx,CANDIDATE,float,0.75,0.25,seed,10005,target_upper_tail_q,3,0.0001,0.001,890,890,a three-vector reached the caller,1.0,0.9958637694875339,1.0,two_sided_clopper_pearson_0.95,false,664d906899b1726ae6d0bd3856483c4590af875a9dfdc3fee14fdcb79dbc4e34
libstdcxx,CANDIDATE,float,0.75,0.25,seed,10005,target_upper_tail_q,4,1e-05,0.0001,94,94,a three-vector reached the caller,1.0,0.9615166490024712,1.0,two_sided_clopper_pearson_0.95,false,664d906899b1726ae6d0bd3856483c4590af875a9dfdc3fee14fdcb79dbc4e34
libstdcxx,CANDIDATE,float,0.75,0.25,seed,10005,target_upper_tail_q,5,1e-06,1e-05,5,5,a three-vector reached the caller,1.0,0.47817624989501856,1.0,two_sided_clopper_pearson_0.95,false,664d906899b1726ae6d0bd3856483c4590af875a9dfdc3fee14fdcb79dbc4e34
libstdcxx,CANDIDATE,float,0.75,0.25,seed,10005,target_upper_tail_q,6,1e-08,1e-06,2,2,a three-vector reached the caller,1.0,0.15811388300841903,1.0,two_sided_clopper_pearson_0.95,false,664d906899b1726ae6d0bd3856483c4590af875a9dfdc3fee14fdcb79dbc4e34
libstdcxx,QF,float,0.75,0.25,seed,10005,target_upper_tail_q,0,0.1,1.0,899517,899517,a three-vector reached the caller,1.0,0.9999958990526137,1.0,two_sided_clopper_pearson_0.95,false,664d906899b1726ae6d0bd3856483c4590af875a9dfdc3fee14fdcb79dbc4e34
libstdcxx,QF,float,0.75,0.25,seed,10005,target_upper_tail_q,1,0.01,0.1,90541,90541,a three-vector reached the caller,1.0,0.9999592581890216,1.0,two_sided_clopper_pearson_0.95,false,664d906899b1726ae6d0bd3856483c4590af875a9dfdc3fee14fdcb79dbc4e34
libstdcxx,QF,float,0.75,0.25,seed,10005,target_upper_tail_q,2,0.001,0.01,8951,8951,a three-vector reached the caller,1.0,0.9995879656541842,1.0,two_sided_clopper_pearson_0.95,false,664d906899b1726ae6d0bd3856483c4590af875a9dfdc3fee14fdcb79dbc4e34
libstdcxx,QF,float,0.75,0.25,seed,10005,target_upper_tail_q,3,0.0001,0.001,890,890,a three-vector reached the caller,1.0,0.9958637694875339,1.0,two_sided_clopper_pearson_0.95,false,664d906899b1726ae6d0bd3856483c4590af875a9dfdc3fee14fdcb79dbc4e34
libstdcxx,QF,float,0.75,0.25,seed,10005,target_upper_tail_q,4,1e-05,0.0001,94,94,a three-vector reached the caller,1.0,0.9615166490024712,1.0,two_sided_clopper_pearson_0.95,false,664d906899b1726ae6d0bd3856483c4590af875a9dfdc3fee14fdcb79dbc4e34
libstdcxx,QF,float,0.75,0.25,seed,10005,target_upper_tail_q,5,1e-06,1e-05,5,5,a three-vector reached the caller,1.0,0.47817624989501856,1.0,two_sided_clopper_pearson_0.95,false,664d906899b1726ae6d0bd3856483c4590af875a9dfdc3fee14fdcb79dbc4e34
libstdcxx,QF,float,0.75,0.25,seed,10005,target_upper_tail_q,6,1e-08,1e-06,2,2,a three-vector reached the caller,1.0,0.15811388300841903,1.0,two_sided_clopper_pearson_0.95,false,664d906899b1726ae6d0bd3856483c4590af875a9dfdc3fee14fdcb79dbc4e34
libcxx,CANDIDATE,double,0.501,0.0010000000000000009,pooled,NA,target_upper_tail_q,0,0.1,1.0,4500428,3790395,a three-vector reached the caller,0.8422298945789156,0.8418927813400925,0.84256656743675,two_sided_clopper_pearson_0.95,false,664d906899b1726ae6d0bd3856483c4590af875a9dfdc3fee14fdcb79dbc4e34
libcxx,CANDIDATE,double,0.501,0.0010000000000000009,pooled,NA,target_upper_tail_q,1,0.01,0.1,449867,0,a three-vector reached the caller,0.0,0.0,6.65912880704056e-06,one_sided_upper_0.95,true,664d906899b1726ae6d0bd3856483c4590af875a9dfdc3fee14fdcb79dbc4e34
libcxx,CANDIDATE,double,0.501,0.0010000000000000009,pooled,NA,target_upper_tail_q,2,0.001,0.01,44705,0,a three-vector reached the caller,0.0,0.0,6.700887824862001e-05,one_sided_upper_0.95,true,664d906899b1726ae6d0bd3856483c4590af875a9dfdc3fee14fdcb79dbc4e34
libcxx,CANDIDATE,double,0.501,0.0010000000000000009,pooled,NA,target_upper_tail_q,3,0.0001,0.001,4477,0,a three-vector reached the caller,0.0,0.0,0.0006689145002090058,one_sided_upper_0.95,true,664d906899b1726ae6d0bd3856483c4590af875a9dfdc3fee14fdcb79dbc4e34
libcxx,CANDIDATE,double,0.501,0.0010000000000000009,pooled,NA,target_upper_tail_q,4,1e-05,0.0001,468,0,a three-vector reached the caller,0.0,0.0,0.006380693701150575,one_sided_upper_0.95,true,664d906899b1726ae6d0bd3856483c4590af875a9dfdc3fee14fdcb79dbc4e34
libcxx,CANDIDATE,double,0.501,0.0010000000000000009,pooled,NA,target_upper_tail_q,5,1e-06,1e-05,51,0,a three-vector reached the caller,0.0,0.0,0.0570479523604428,one_sided_upper_0.95,true,664d906899b1726ae6d0bd3856483c4590af875a9dfdc3fee14fdcb79dbc4e34
libcxx,CANDIDATE,double,0.501,0.0010000000000000009,pooled,NA,target_upper_tail_q,6,1e-08,1e-06,4,0,a three-vector reached the caller,0.0,0.0,0.527129195498412,one_sided_upper_0.95,true,664d906899b1726ae6d0bd3856483c4590af875a9dfdc3fee14fdcb79dbc4e34
libcxx,CANDIDATE,double,0.505,0.0050000000000000044,pooled,NA,target_upper_tail_q,0,0.1,1.0,4500370,4500370,a three-vector reached the caller,1.0,0.9999991803167424,1.0,two_sided_clopper_pearson_0.95,false,664d906899b1726ae6d0bd3856483c4590af875a9dfdc3fee14fdcb79dbc4e34
libcxx,CANDIDATE,double,0.505,0.0050000000000000044,pooled,NA,target_upper_tail_q,1,0.01,0.1,449966,449966,a three-vector reached the caller,1.0,0.9999918019042924,1.0,two_sided_clopper_pearson_0.95,false,664d906899b1726ae6d0bd3856483c4590af875a9dfdc3fee14fdcb79dbc4e34
libcxx,CANDIDATE,double,0.505,0.0050000000000000044,pooled,NA,target_upper_tail_q,2,0.001,0.01,44693,44693,a three-vector reached the caller,1.0,0.999917465213309,1.0,two_sided_clopper_pearson_0.95,false,664d906899b1726ae6d0bd3856483c4590af875a9dfdc3fee14fdcb79dbc4e34
libcxx,CANDIDATE,double,0.505,0.0050000000000000044,pooled,NA,target_upper_tail_q,3,0.0001,0.001,4451,898,a three-vector reached the caller,0.2017524151875983,0.19004916823567616,0.21384829113366782,two_sided_clopper_pearson_0.95,false,664d906899b1726ae6d0bd3856483c4590af875a9dfdc3fee14fdcb79dbc4e34
libcxx,CANDIDATE,double,0.505,0.0050000000000000044,pooled,NA,target_upper_tail_q,4,1e-05,0.0001,467,0,a three-vector reached the caller,0.0,0.0,0.00639431308027294,one_sided_upper_0.95,true,664d906899b1726ae6d0bd3856483c4590af875a9dfdc3fee14fdcb79dbc4e34
libcxx,CANDIDATE,double,0.505,0.0050000000000000044,pooled,NA,target_upper_tail_q,5,1e-06,1e-05,49,0,a three-vector reached the caller,0.0,0.0,0.059306014189697054,one_sided_upper_0.95,true,664d906899b1726ae6d0bd3856483c4590af875a9dfdc3fee14fdcb79dbc4e34
libcxx,CANDIDATE,double,0.505,0.0050000000000000044,pooled,NA,target_upper_tail_q,6,1e-08,1e-06,4,0,a three-vector reached the caller,0.0,0.0,0.527129195498412,one_sided_upper_0.95,true,664d906899b1726ae6d0bd3856483c4590af875a9dfdc3fee14fdcb79dbc4e34
libcxx,CANDIDATE,double,0.51,0.010000000000000009,pooled,NA,target_upper_tail_q,0,0.1,1.0,4500375,4500375,a three-vector reached the caller,1.0,0.999999180317653,1.0,two_sided_clopper_pearson_0.95,false,664d906899b1726ae6d0bd3856483c4590af875a9dfdc3fee14fdcb79dbc4e34
libcxx,CANDIDATE,double,0.51,0.010000000000000009,pooled,NA,target_upper_tail_q,1,0.01,0.1,449900,449900,a three-vector reached the caller,1.0,0.9999918007016426,1.0,two_sided_clopper_pearson_0.95,false,664d906899b1726ae6d0bd3856483c4590af875a9dfdc3fee14fdcb79dbc4e34
libcxx,CANDIDATE,double,0.51,0.010000000000000009,pooled,NA,target_upper_tail_q,2,0.001,0.01,44727,44727,a three-vector reached the caller,1.0,0.9999175279509626,1.0,two_sided_clopper_pearson_0.95,false,664d906899b1726ae6d0bd3856483c4590af875a9dfdc3fee14fdcb79dbc4e34
libcxx,CANDIDATE,double,0.51,0.010000000000000009,pooled,NA,target_upper_tail_q,3,0.0001,0.001,4479,4479,a three-vector reached the caller,1.0,0.999176744630325,1.0,two_sided_clopper_pearson_0.95,false,664d906899b1726ae6d0bd3856483c4590af875a9dfdc3fee14fdcb79dbc4e34
libcxx,CANDIDATE,double,0.51,0.010000000000000009,pooled,NA,target_upper_tail_q,4,1e-05,0.0001,463,463,a three-vector reached the caller,1.0,0.9920643129127101,1.0,two_sided_clopper_pearson_0.95,false,664d906899b1726ae6d0bd3856483c4590af875a9dfdc3fee14fdcb79dbc4e34
libcxx,CANDIDATE,double,0.51,0.010000000000000009,pooled,NA,target_upper_tail_q,5,1e-06,1e-05,52,52,a three-vector reached the caller,1.0,0.9315177912966804,1.0,two_sided_clopper_pearson_0.95,false,664d906899b1726ae6d0bd3856483c4590af875a9dfdc3fee14fdcb79dbc4e34
libcxx,CANDIDATE,double,0.51,0.010000000000000009,pooled,NA,target_upper_tail_q,6,1e-08,1e-06,4,0,a three-vector reached the caller,0.0,0.0,0.527129195498412,one_sided_upper_0.95,true,664d906899b1726ae6d0bd3856483c4590af875a9dfdc3fee14fdcb79dbc4e34
libcxx,CANDIDATE,double,0.75,0.25,pooled,NA,target_upper_tail_q,0,0.1,1.0,4499510,4499510,a three-vector reached the caller,1.0,0.9999991801600747,1.0,two_sided_clopper_pearson_0.95,false,664d906899b1726ae6d0bd3856483c4590af875a9dfdc3fee14fdcb79dbc4e34
libcxx,CANDIDATE,double,0.75,0.25,pooled,NA,target_upper_tail_q,1,0.01,0.1,450703,450703,a three-vector reached the caller,1.0,0.9999918153099537,1.0,two_sided_clopper_pearson_0.95,false,664d906899b1726ae6d0bd3856483c4590af875a9dfdc3fee14fdcb79dbc4e34
libcxx,CANDIDATE,double,0.75,0.25,pooled,NA,target_upper_tail_q,2,0.001,0.01,44841,44841,a three-vector reached the caller,1.0,0.9999177376123632,1.0,two_sided_clopper_pearson_0.95,false,664d906899b1726ae6d0bd3856483c4590af875a9dfdc3fee14fdcb79dbc4e34
libcxx,CANDIDATE,double,0.75,0.25,pooled,NA,target_upper_tail_q,3,0.0001,0.001,4448,4448,a three-vector reached the caller,1.0,0.9991710093930846,1.0,two_sided_clopper_pearson_0.95,false,664d906899b1726ae6d0bd3856483c4590af875a9dfdc3fee14fdcb79dbc4e34
libcxx,CANDIDATE,double,0.75,0.25,pooled,NA,target_upper_tail_q,4,1e-05,0.0001,448,448,a three-vector reached the caller,1.0,0.9917997014709645,1.0,two_sided_clopper_pearson_0.95,false,664d906899b1726ae6d0bd3856483c4590af875a9dfdc3fee14fdcb79dbc4e34
libcxx,CANDIDATE,double,0.75,0.25,pooled,NA,target_upper_tail_q,5,1e-06,1e-05,47,47,a three-vector reached the caller,1.0,0.9245142663089414,1.0,two_sided_clopper_pearson_0.95,false,664d906899b1726ae6d0bd3856483c4590af875a9dfdc3fee14fdcb79dbc4e34
libcxx,CANDIDATE,double,0.75,0.25,pooled,NA,target_upper_tail_q,6,1e-08,1e-06,3,3,a three-vector reached the caller,1.0,0.29240177382128674,1.0,two_sided_clopper_pearson_0.95,false,664d906899b1726ae6d0bd3856483c4590af875a9dfdc3fee14fdcb79dbc4e34
libcxx,CANDIDATE,float,0.55,0.050000000000000044,pooled,NA,target_upper_tail_q,0,0.1,1.0,4499489,4499489,a three-vector reached the caller,1.0,0.9999991801562484,1.0,two_sided_clopper_pearson_0.95,false,664d906899b1726ae6d0bd3856483c4590af875a9dfdc3fee14fdcb79dbc4e34
libcxx,CANDIDATE,float,0.55,0.050000000000000044,pooled,NA,target_upper_tail_q,1,0.01,0.1,450534,450534,a three-vector reached the caller,1.0,0.9999918122398037,1.0,two_sided_clopper_pearson_0.95,false,664d906899b1726ae6d0bd3856483c4590af875a9dfdc3fee14fdcb79dbc4e34
libcxx,CANDIDATE,float,0.55,0.050000000000000044,pooled,NA,target_upper_tail_q,2,0.001,0.01,44975,44975,a three-vector reached the caller,1.0,0.9999179826975859,1.0,two_sided_clopper_pearson_0.95,false,664d906899b1726ae6d0bd3856483c4590af875a9dfdc3fee14fdcb79dbc4e34
libcxx,CANDIDATE,float,0.55,0.050000000000000044,pooled,NA,target_upper_tail_q,3,0.0001,0.001,4511,4338,a three-vector reached the caller,0.9616493017069386,0.955627485477038,0.9670635451918566,two_sided_clopper_pearson_0.95,false,664d906899b1726ae6d0bd3856483c4590af875a9dfdc3fee14fdcb79dbc4e34
libcxx,CANDIDATE,float,0.55,0.050000000000000044,pooled,NA,target_upper_tail_q,4,1e-05,0.0001,438,0,a three-vector reached the caller,0.0,0.0,0.006816234766836904,one_sided_upper_0.95,true,664d906899b1726ae6d0bd3856483c4590af875a9dfdc3fee14fdcb79dbc4e34
libcxx,CANDIDATE,float,0.55,0.050000000000000044,pooled,NA,target_upper_tail_q,5,1e-06,1e-05,47,0,a three-vector reached the caller,0.0,0.0,0.06175013471082447,one_sided_upper_0.95,true,664d906899b1726ae6d0bd3856483c4590af875a9dfdc3fee14fdcb79dbc4e34
libcxx,CANDIDATE,float,0.55,0.050000000000000044,pooled,NA,target_upper_tail_q,6,1e-08,1e-06,6,0,a three-vector reached the caller,0.0,0.0,0.39303776899708265,one_sided_upper_0.95,true,664d906899b1726ae6d0bd3856483c4590af875a9dfdc3fee14fdcb79dbc4e34
libcxx,CANDIDATE,float,0.6,0.09999999999999998,pooled,NA,target_upper_tail_q,0,0.1,1.0,4498393,4498393,a three-vector reached the caller,1.0,0.9999991799564997,1.0,two_sided_clopper_pearson_0.95,false,664d906899b1726ae6d0bd3856483c4590af875a9dfdc3fee14fdcb79dbc4e34
libcxx,CANDIDATE,float,0.6,0.09999999999999998,pooled,NA,target_upper_tail_q,1,0.01,0.1,451578,451578,a three-vector reached the caller,1.0,0.9999918311689516,1.0,two_sided_clopper_pearson_0.95,false,664d906899b1726ae6d0bd3856483c4590af875a9dfdc3fee14fdcb79dbc4e34
libcxx,CANDIDATE,float,0.6,0.09999999999999998,pooled,NA,target_upper_tail_q,2,0.001,0.01,45012,45012,a three-vector reached the caller,1.0,0.9999180501132937,1.0,two_sided_clopper_pearson_0.95,false,664d906899b1726ae6d0bd3856483c4590af875a9dfdc3fee14fdcb79dbc4e34
libcxx,CANDIDATE,float,0.6,0.09999999999999998,pooled,NA,target_upper_tail_q,3,0.0001,0.001,4534,4534,a three-vector reached the caller,1.0,0.9991867271244138,1.0,two_sided_clopper_pearson_0.95,false,664d906899b1726ae6d0bd3856483c4590af875a9dfdc3fee14fdcb79dbc4e34
libcxx,CANDIDATE,float,0.6,0.09999999999999998,pooled,NA,target_upper_tail_q,4,1e-05,0.0001,439,439,a three-vector reached the caller,1.0,0.9916322913322931,1.0,two_sided_clopper_pearson_0.95,false,664d906899b1726ae6d0bd3856483c4590af875a9dfdc3fee14fdcb79dbc4e34
libcxx,CANDIDATE,float,0.6,0.09999999999999998,pooled,NA,target_upper_tail_q,5,1e-06,1e-05,39,39,a three-vector reached the caller,1.0,0.9097488990396657,1.0,two_sided_clopper_pearson_0.95,false,664d906899b1726ae6d0bd3856483c4590af875a9dfdc3fee14fdcb79dbc4e34
libcxx,CANDIDATE,float,0.6,0.09999999999999998,pooled,NA,target_upper_tail_q,6,1e-08,1e-06,5,5,a three-vector reached the caller,1.0,0.47817624989501856,1.0,two_sided_clopper_pearson_0.95,false,664d906899b1726ae6d0bd3856483c4590af875a9dfdc3fee14fdcb79dbc4e34
libcxx,CANDIDATE,float,0.75,0.25,pooled,NA,target_upper_tail_q,0,0.1,1.0,4499161,4499161,a three-vector reached the caller,1.0,0.9999991800964798,1.0,two_sided_clopper_pearson_0.95,false,664d906899b1726ae6d0bd3856483c4590af875a9dfdc3fee14fdcb79dbc4e34
libcxx,CANDIDATE,float,0.75,0.25,pooled,NA,target_upper_tail_q,1,0.01,0.1,450958,450958,a three-vector reached the caller,1.0,0.9999918199380731,1.0,two_sided_clopper_pearson_0.95,false,664d906899b1726ae6d0bd3856483c4590af875a9dfdc3fee14fdcb79dbc4e34
libcxx,CANDIDATE,float,0.75,0.25,pooled,NA,target_upper_tail_q,2,0.001,0.01,44932,44932,a three-vector reached the caller,1.0,0.9999179042101107,1.0,two_sided_clopper_pearson_0.95,false,664d906899b1726ae6d0bd3856483c4590af875a9dfdc3fee14fdcb79dbc4e34
libcxx,CANDIDATE,float,0.75,0.25,pooled,NA,target_upper_tail_q,3,0.0001,0.001,4454,4454,a three-vector reached the caller,1.0,0.9991721256670344,1.0,two_sided_clopper_pearson_0.95,false,664d906899b1726ae6d0bd3856483c4590af875a9dfdc3fee14fdcb79dbc4e34
libcxx,CANDIDATE,float,0.75,0.25,pooled,NA,target_upper_tail_q,4,1e-05,0.0001,453,453,a three-vector reached the caller,1.0,0.9918898444612019,1.0,two_sided_clopper_pearson_0.95,false,664d906899b1726ae6d0bd3856483c4590af875a9dfdc3fee14fdcb79dbc4e34
libcxx,CANDIDATE,float,0.75,0.25,pooled,NA,target_upper_tail_q,5,1e-06,1e-05,35,35,a three-vector reached the caller,1.0,0.8999675644278949,1.0,two_sided_clopper_pearson_0.95,false,664d906899b1726ae6d0bd3856483c4590af875a9dfdc3fee14fdcb79dbc4e34
libcxx,CANDIDATE,float,0.75,0.25,pooled,NA,target_upper_tail_q,6,1e-08,1e-06,7,7,a three-vector reached the caller,1.0,0.5903836027749967,1.0,two_sided_clopper_pearson_0.95,false,664d906899b1726ae6d0bd3856483c4590af875a9dfdc3fee14fdcb79dbc4e34
libcxx,LEGACY,double,0.501,0.0010000000000000009,pooled,NA,target_upper_tail_q,0,0.1,1.0,4500428,2625173,a three-vector reached the caller,0.5833162979165537,0.5828606458042712,0.5837718428297636,two_sided_clopper_pearson_0.95,false,664d906899b1726ae6d0bd3856483c4590af875a9dfdc3fee14fdcb79dbc4e34
libcxx,LEGACY,double,0.501,0.0010000000000000009,pooled,NA,target_upper_tail_q,1,0.01,0.1,449867,0,a three-vector reached the caller,0.0,0.0,6.65912880704056e-06,one_sided_upper_0.95,true,664d906899b1726ae6d0bd3856483c4590af875a9dfdc3fee14fdcb79dbc4e34
libcxx,LEGACY,double,0.501,0.0010000000000000009,pooled,NA,target_upper_tail_q,2,0.001,0.01,44705,0,a three-vector reached the caller,0.0,0.0,6.700887824862001e-05,one_sided_upper_0.95,true,664d906899b1726ae6d0bd3856483c4590af875a9dfdc3fee14fdcb79dbc4e34
libcxx,LEGACY,double,0.501,0.0010000000000000009,pooled,NA,target_upper_tail_q,3,0.0001,0.001,4477,0,a three-vector reached the caller,0.0,0.0,0.0006689145002090058,one_sided_upper_0.95,true,664d906899b1726ae6d0bd3856483c4590af875a9dfdc3fee14fdcb79dbc4e34
libcxx,LEGACY,double,0.501,0.0010000000000000009,pooled,NA,target_upper_tail_q,4,1e-05,0.0001,468,0,a three-vector reached the caller,0.0,0.0,0.006380693701150575,one_sided_upper_0.95,true,664d906899b1726ae6d0bd3856483c4590af875a9dfdc3fee14fdcb79dbc4e34
libcxx,LEGACY,double,0.501,0.0010000000000000009,pooled,NA,target_upper_tail_q,5,1e-06,1e-05,51,0,a three-vector reached the caller,0.0,0.0,0.0570479523604428,one_sided_upper_0.95,true,664d906899b1726ae6d0bd3856483c4590af875a9dfdc3fee14fdcb79dbc4e34
libcxx,LEGACY,double,0.501,0.0010000000000000009,pooled,NA,target_upper_tail_q,6,1e-08,1e-06,4,0,a three-vector reached the caller,0.0,0.0,0.527129195498412,one_sided_upper_0.95,true,664d906899b1726ae6d0bd3856483c4590af875a9dfdc3fee14fdcb79dbc4e34
libcxx,LEGACY,double,0.505,0.0050000000000000044,pooled,NA,target_upper_tail_q,0,0.1,1.0,4500370,4500370,a three-vector reached the caller,1.0,0.9999991803167424,1.0,two_sided_clopper_pearson_0.95,false,664d906899b1726ae6d0bd3856483c4590af875a9dfdc3fee14fdcb79dbc4e34
libcxx,LEGACY,double,0.505,0.0050000000000000044,pooled,NA,target_upper_tail_q,1,0.01,0.1,449966,378777,a three-vector reached the caller,0.8417902685980718,0.8407206638420734,0.8428554703106337,two_sided_clopper_pearson_0.95,false,664d906899b1726ae6d0bd3856483c4590af875a9dfdc3fee14fdcb79dbc4e34
libcxx,LEGACY,double,0.505,0.0050000000000000044,pooled,NA,target_upper_tail_q,2,0.001,0.01,44693,0,a three-vector reached the caller,0.0,0.0,6.702686942372527e-05,one_sided_upper_0.95,true,664d906899b1726ae6d0bd3856483c4590af875a9dfdc3fee14fdcb79dbc4e34
libcxx,LEGACY,double,0.505,0.0050000000000000044,pooled,NA,target_upper_tail_q,3,0.0001,0.001,4451,0,a three-vector reached the caller,0.0,0.0,0.0006728205718612434,one_sided_upper_0.95,true,664d906899b1726ae6d0bd3856483c4590af875a9dfdc3fee14fdcb79dbc4e34
libcxx,LEGACY,double,0.505,0.0050000000000000044,pooled,NA,target_upper_tail_q,4,1e-05,0.0001,467,0,a three-vector reached the caller,0.0,0.0,0.00639431308027294,one_sided_upper_0.95,true,664d906899b1726ae6d0bd3856483c4590af875a9dfdc3fee14fdcb79dbc4e34
libcxx,LEGACY,double,0.505,0.0050000000000000044,pooled,NA,target_upper_tail_q,5,1e-06,1e-05,49,0,a three-vector reached the caller,0.0,0.0,0.059306014189697054,one_sided_upper_0.95,true,664d906899b1726ae6d0bd3856483c4590af875a9dfdc3fee14fdcb79dbc4e34
libcxx,LEGACY,double,0.505,0.0050000000000000044,pooled,NA,target_upper_tail_q,6,1e-08,1e-06,4,0,a three-vector reached the caller,0.0,0.0,0.527129195498412,one_sided_upper_0.95,true,664d906899b1726ae6d0bd3856483c4590af875a9dfdc3fee14fdcb79dbc4e34
libcxx,LEGACY,double,0.51,0.010000000000000009,pooled,NA,target_upper_tail_q,0,0.1,1.0,4500375,4500375,a three-vector reached the caller,1.0,0.999999180317653,1.0,two_sided_clopper_pearson_0.95,false,664d906899b1726ae6d0bd3856483c4590af875a9dfdc3fee14fdcb79dbc4e34
libcxx,LEGACY,double,0.51,0.010000000000000009,pooled,NA,target_upper_tail_q,1,0.01,0.1,449900,449900,a three-vector reached the caller,1.0,0.9999918007016426,1.0,two_sided_clopper_pearson_0.95,false,664d906899b1726ae6d0bd3856483c4590af875a9dfdc3fee14fdcb79dbc4e34
libcxx,LEGACY,double,0.51,0.010000000000000009,pooled,NA,target_upper_tail_q,2,0.001,0.01,44727,44727,a three-vector reached the caller,1.0,0.9999175279509626,1.0,two_sided_clopper_pearson_0.95,false,664d906899b1726ae6d0bd3856483c4590af875a9dfdc3fee14fdcb79dbc4e34
libcxx,LEGACY,double,0.51,0.010000000000000009,pooled,NA,target_upper_tail_q,3,0.0001,0.001,4479,2091,a three-vector reached the caller,0.46684527796383124,0.4521486017794395,0.4815852217676457,two_sided_clopper_pearson_0.95,false,664d906899b1726ae6d0bd3856483c4590af875a9dfdc3fee14fdcb79dbc4e34
libcxx,LEGACY,double,0.51,0.010000000000000009,pooled,NA,target_upper_tail_q,4,1e-05,0.0001,463,0,a three-vector reached the caller,0.0,0.0,0.006449377003654,one_sided_upper_0.95,true,664d906899b1726ae6d0bd3856483c4590af875a9dfdc3fee14fdcb79dbc4e34
libcxx,LEGACY,double,0.51,0.010000000000000009,pooled,NA,target_upper_tail_q,5,1e-06,1e-05,52,0,a three-vector reached the caller,0.0,0.0,0.05598218012623557,one_sided_upper_0.95,true,664d906899b1726ae6d0bd3856483c4590af875a9dfdc3fee14fdcb79dbc4e34
libcxx,LEGACY,double,0.51,0.010000000000000009,pooled,NA,target_upper_tail_q,6,1e-08,1e-06,4,0,a three-vector reached the caller,0.0,0.0,0.527129195498412,one_sided_upper_0.95,true,664d906899b1726ae6d0bd3856483c4590af875a9dfdc3fee14fdcb79dbc4e34
libcxx,LEGACY,double,0.75,0.25,pooled,NA,target_upper_tail_q,0,0.1,1.0,4499510,4499510,a three-vector reached the caller,1.0,0.9999991801600747,1.0,two_sided_clopper_pearson_0.95,false,664d906899b1726ae6d0bd3856483c4590af875a9dfdc3fee14fdcb79dbc4e34
libcxx,LEGACY,double,0.75,0.25,pooled,NA,target_upper_tail_q,1,0.01,0.1,450703,450703,a three-vector reached the caller,1.0,0.9999918153099537,1.0,two_sided_clopper_pearson_0.95,false,664d906899b1726ae6d0bd3856483c4590af875a9dfdc3fee14fdcb79dbc4e34
libcxx,LEGACY,double,0.75,0.25,pooled,NA,target_upper_tail_q,2,0.001,0.01,44841,44841,a three-vector reached the caller,1.0,0.9999177376123632,1.0,two_sided_clopper_pearson_0.95,false,664d906899b1726ae6d0bd3856483c4590af875a9dfdc3fee14fdcb79dbc4e34
libcxx,LEGACY,double,0.75,0.25,pooled,NA,target_upper_tail_q,3,0.0001,0.001,4448,4448,a three-vector reached the caller,1.0,0.9991710093930846,1.0,two_sided_clopper_pearson_0.95,false,664d906899b1726ae6d0bd3856483c4590af875a9dfdc3fee14fdcb79dbc4e34
libcxx,LEGACY,double,0.75,0.25,pooled,NA,target_upper_tail_q,4,1e-05,0.0001,448,448,a three-vector reached the caller,1.0,0.9917997014709645,1.0,two_sided_clopper_pearson_0.95,false,664d906899b1726ae6d0bd3856483c4590af875a9dfdc3fee14fdcb79dbc4e34
libcxx,LEGACY,double,0.75,0.25,pooled,NA,target_upper_tail_q,5,1e-06,1e-05,47,47,a three-vector reached the caller,1.0,0.9245142663089414,1.0,two_sided_clopper_pearson_0.95,false,664d906899b1726ae6d0bd3856483c4590af875a9dfdc3fee14fdcb79dbc4e34
libcxx,LEGACY,double,0.75,0.25,pooled,NA,target_upper_tail_q,6,1e-08,1e-06,3,3,a three-vector reached the caller,1.0,0.29240177382128674,1.0,two_sided_clopper_pearson_0.95,false,664d906899b1726ae6d0bd3856483c4590af875a9dfdc3fee14fdcb79dbc4e34
libcxx,LEGACY,float,0.55,0.050000000000000044,pooled,NA,target_upper_tail_q,0,0.1,1.0,4499489,4499489,a three-vector reached the caller,1.0,0.9999991801562484,1.0,two_sided_clopper_pearson_0.95,false,664d906899b1726ae6d0bd3856483c4590af875a9dfdc3fee14fdcb79dbc4e34
libcxx,LEGACY,float,0.55,0.050000000000000044,pooled,NA,target_upper_tail_q,1,0.01,0.1,450534,450534,a three-vector reached the caller,1.0,0.9999918122398037,1.0,two_sided_clopper_pearson_0.95,false,664d906899b1726ae6d0bd3856483c4590af875a9dfdc3fee14fdcb79dbc4e34
libcxx,LEGACY,float,0.55,0.050000000000000044,pooled,NA,target_upper_tail_q,2,0.001,0.01,44975,21362,a three-vector reached the caller,0.4749749861033908,0.4703504373112355,0.4796027659794023,two_sided_clopper_pearson_0.95,false,664d906899b1726ae6d0bd3856483c4590af875a9dfdc3fee14fdcb79dbc4e34
libcxx,LEGACY,float,0.55,0.050000000000000044,pooled,NA,target_upper_tail_q,3,0.0001,0.001,4511,0,a three-vector reached the caller,0.0,0.0,0.0006638744775865346,one_sided_upper_0.95,true,664d906899b1726ae6d0bd3856483c4590af875a9dfdc3fee14fdcb79dbc4e34
libcxx,LEGACY,float,0.55,0.050000000000000044,pooled,NA,target_upper_tail_q,4,1e-05,0.0001,438,0,a three-vector reached the caller,0.0,0.0,0.006816234766836904,one_sided_upper_0.95,true,664d906899b1726ae6d0bd3856483c4590af875a9dfdc3fee14fdcb79dbc4e34
libcxx,LEGACY,float,0.55,0.050000000000000044,pooled,NA,target_upper_tail_q,5,1e-06,1e-05,47,0,a three-vector reached the caller,0.0,0.0,0.06175013471082447,one_sided_upper_0.95,true,664d906899b1726ae6d0bd3856483c4590af875a9dfdc3fee14fdcb79dbc4e34
libcxx,LEGACY,float,0.55,0.050000000000000044,pooled,NA,target_upper_tail_q,6,1e-08,1e-06,6,0,a three-vector reached the caller,0.0,0.0,0.39303776899708265,one_sided_upper_0.95,true,664d906899b1726ae6d0bd3856483c4590af875a9dfdc3fee14fdcb79dbc4e34
libcxx,LEGACY,float,0.6,0.09999999999999998,pooled,NA,target_upper_tail_q,0,0.1,1.0,4498393,4498393,a three-vector reached the caller,1.0,0.9999991799564997,1.0,two_sided_clopper_pearson_0.95,false,664d906899b1726ae6d0bd3856483c4590af875a9dfdc3fee14fdcb79dbc4e34
libcxx,LEGACY,float,0.6,0.09999999999999998,pooled,NA,target_upper_tail_q,1,0.01,0.1,451578,451578,a three-vector reached the caller,1.0,0.9999918311689516,1.0,two_sided_clopper_pearson_0.95,false,664d906899b1726ae6d0bd3856483c4590af875a9dfdc3fee14fdcb79dbc4e34
libcxx,LEGACY,float,0.6,0.09999999999999998,pooled,NA,target_upper_tail_q,2,0.001,0.01,45012,45012,a three-vector reached the caller,1.0,0.9999180501132937,1.0,two_sided_clopper_pearson_0.95,false,664d906899b1726ae6d0bd3856483c4590af875a9dfdc3fee14fdcb79dbc4e34
libcxx,LEGACY,float,0.6,0.09999999999999998,pooled,NA,target_upper_tail_q,3,0.0001,0.001,4534,4534,a three-vector reached the caller,1.0,0.9991867271244138,1.0,two_sided_clopper_pearson_0.95,false,664d906899b1726ae6d0bd3856483c4590af875a9dfdc3fee14fdcb79dbc4e34
libcxx,LEGACY,float,0.6,0.09999999999999998,pooled,NA,target_upper_tail_q,4,1e-05,0.0001,439,325,a three-vector reached the caller,0.7403189066059226,0.6966305284729404,0.7807344336081774,two_sided_clopper_pearson_0.95,false,664d906899b1726ae6d0bd3856483c4590af875a9dfdc3fee14fdcb79dbc4e34
libcxx,LEGACY,float,0.6,0.09999999999999998,pooled,NA,target_upper_tail_q,5,1e-06,1e-05,39,0,a three-vector reached the caller,0.0,0.0,0.07393758892668656,one_sided_upper_0.95,true,664d906899b1726ae6d0bd3856483c4590af875a9dfdc3fee14fdcb79dbc4e34
libcxx,LEGACY,float,0.6,0.09999999999999998,pooled,NA,target_upper_tail_q,6,1e-08,1e-06,5,0,a three-vector reached the caller,0.0,0.0,0.4507197283469411,one_sided_upper_0.95,true,664d906899b1726ae6d0bd3856483c4590af875a9dfdc3fee14fdcb79dbc4e34
libcxx,LEGACY,float,0.75,0.25,pooled,NA,target_upper_tail_q,0,0.1,1.0,4499161,4499161,a three-vector reached the caller,1.0,0.9999991800964798,1.0,two_sided_clopper_pearson_0.95,false,664d906899b1726ae6d0bd3856483c4590af875a9dfdc3fee14fdcb79dbc4e34
libcxx,LEGACY,float,0.75,0.25,pooled,NA,target_upper_tail_q,1,0.01,0.1,450958,450958,a three-vector reached the caller,1.0,0.9999918199380731,1.0,two_sided_clopper_pearson_0.95,false,664d906899b1726ae6d0bd3856483c4590af875a9dfdc3fee14fdcb79dbc4e34
libcxx,LEGACY,float,0.75,0.25,pooled,NA,target_upper_tail_q,2,0.001,0.01,44932,44932,a three-vector reached the caller,1.0,0.9999179042101107,1.0,two_sided_clopper_pearson_0.95,false,664d906899b1726ae6d0bd3856483c4590af875a9dfdc3fee14fdcb79dbc4e34
libcxx,LEGACY,float,0.75,0.25,pooled,NA,target_upper_tail_q,3,0.0001,0.001,4454,4454,a three-vector reached the caller,1.0,0.9991721256670344,1.0,two_sided_clopper_pearson_0.95,false,664d906899b1726ae6d0bd3856483c4590af875a9dfdc3fee14fdcb79dbc4e34
libcxx,LEGACY,float,0.75,0.25,pooled,NA,target_upper_tail_q,4,1e-05,0.0001,453,453,a three-vector reached the caller,1.0,0.9918898444612019,1.0,two_sided_clopper_pearson_0.95,false,664d906899b1726ae6d0bd3856483c4590af875a9dfdc3fee14fdcb79dbc4e34
libcxx,LEGACY,float,0.75,0.25,pooled,NA,target_upper_tail_q,5,1e-06,1e-05,35,35,a three-vector reached the caller,1.0,0.8999675644278949,1.0,two_sided_clopper_pearson_0.95,false,664d906899b1726ae6d0bd3856483c4590af875a9dfdc3fee14fdcb79dbc4e34
libcxx,LEGACY,float,0.75,0.25,pooled,NA,target_upper_tail_q,6,1e-08,1e-06,7,7,a three-vector reached the caller,1.0,0.5903836027749967,1.0,two_sided_clopper_pearson_0.95,false,664d906899b1726ae6d0bd3856483c4590af875a9dfdc3fee14fdcb79dbc4e34
libcxx,QF,double,0.501,0.0010000000000000009,pooled,NA,target_upper_tail_q,0,0.1,1.0,4500428,2540199,a three-vector reached the caller,0.5644349826283189,0.5639767361596032,0.5648931461918135,two_sided_clopper_pearson_0.95,false,664d906899b1726ae6d0bd3856483c4590af875a9dfdc3fee14fdcb79dbc4e34
libcxx,QF,double,0.501,0.0010000000000000009,pooled,NA,target_upper_tail_q,1,0.01,0.1,449867,0,a three-vector reached the caller,0.0,0.0,6.65912880704056e-06,one_sided_upper_0.95,true,664d906899b1726ae6d0bd3856483c4590af875a9dfdc3fee14fdcb79dbc4e34
libcxx,QF,double,0.501,0.0010000000000000009,pooled,NA,target_upper_tail_q,2,0.001,0.01,44705,0,a three-vector reached the caller,0.0,0.0,6.700887824862001e-05,one_sided_upper_0.95,true,664d906899b1726ae6d0bd3856483c4590af875a9dfdc3fee14fdcb79dbc4e34
libcxx,QF,double,0.501,0.0010000000000000009,pooled,NA,target_upper_tail_q,3,0.0001,0.001,4477,0,a three-vector reached the caller,0.0,0.0,0.0006689145002090058,one_sided_upper_0.95,true,664d906899b1726ae6d0bd3856483c4590af875a9dfdc3fee14fdcb79dbc4e34
libcxx,QF,double,0.501,0.0010000000000000009,pooled,NA,target_upper_tail_q,4,1e-05,0.0001,468,0,a three-vector reached the caller,0.0,0.0,0.006380693701150575,one_sided_upper_0.95,true,664d906899b1726ae6d0bd3856483c4590af875a9dfdc3fee14fdcb79dbc4e34
libcxx,QF,double,0.501,0.0010000000000000009,pooled,NA,target_upper_tail_q,5,1e-06,1e-05,51,0,a three-vector reached the caller,0.0,0.0,0.0570479523604428,one_sided_upper_0.95,true,664d906899b1726ae6d0bd3856483c4590af875a9dfdc3fee14fdcb79dbc4e34
libcxx,QF,double,0.501,0.0010000000000000009,pooled,NA,target_upper_tail_q,6,1e-08,1e-06,4,0,a three-vector reached the caller,0.0,0.0,0.527129195498412,one_sided_upper_0.95,true,664d906899b1726ae6d0bd3856483c4590af875a9dfdc3fee14fdcb79dbc4e34
libcxx,QF,double,0.505,0.0050000000000000044,pooled,NA,target_upper_tail_q,0,0.1,1.0,4500370,4500370,a three-vector reached the caller,1.0,0.9999991803167424,1.0,two_sided_clopper_pearson_0.95,false,664d906899b1726ae6d0bd3856483c4590af875a9dfdc3fee14fdcb79dbc4e34
libcxx,QF,double,0.505,0.0050000000000000044,pooled,NA,target_upper_tail_q,1,0.01,0.1,449966,355155,a three-vector reached the caller,0.7892929688020872,0.7880984342209817,0.7904837771660864,two_sided_clopper_pearson_0.95,false,664d906899b1726ae6d0bd3856483c4590af875a9dfdc3fee14fdcb79dbc4e34
libcxx,QF,double,0.505,0.0050000000000000044,pooled,NA,target_upper_tail_q,2,0.001,0.01,44693,0,a three-vector reached the caller,0.0,0.0,6.702686942372527e-05,one_sided_upper_0.95,true,664d906899b1726ae6d0bd3856483c4590af875a9dfdc3fee14fdcb79dbc4e34
libcxx,QF,double,0.505,0.0050000000000000044,pooled,NA,target_upper_tail_q,3,0.0001,0.001,4451,0,a three-vector reached the caller,0.0,0.0,0.0006728205718612434,one_sided_upper_0.95,true,664d906899b1726ae6d0bd3856483c4590af875a9dfdc3fee14fdcb79dbc4e34
libcxx,QF,double,0.505,0.0050000000000000044,pooled,NA,target_upper_tail_q,4,1e-05,0.0001,467,0,a three-vector reached the caller,0.0,0.0,0.00639431308027294,one_sided_upper_0.95,true,664d906899b1726ae6d0bd3856483c4590af875a9dfdc3fee14fdcb79dbc4e34
libcxx,QF,double,0.505,0.0050000000000000044,pooled,NA,target_upper_tail_q,5,1e-06,1e-05,49,0,a three-vector reached the caller,0.0,0.0,0.059306014189697054,one_sided_upper_0.95,true,664d906899b1726ae6d0bd3856483c4590af875a9dfdc3fee14fdcb79dbc4e34
libcxx,QF,double,0.505,0.0050000000000000044,pooled,NA,target_upper_tail_q,6,1e-08,1e-06,4,0,a three-vector reached the caller,0.0,0.0,0.527129195498412,one_sided_upper_0.95,true,664d906899b1726ae6d0bd3856483c4590af875a9dfdc3fee14fdcb79dbc4e34
libcxx,QF,double,0.51,0.010000000000000009,pooled,NA,target_upper_tail_q,0,0.1,1.0,4500375,4500375,a three-vector reached the caller,1.0,0.999999180317653,1.0,two_sided_clopper_pearson_0.95,false,664d906899b1726ae6d0bd3856483c4590af875a9dfdc3fee14fdcb79dbc4e34
libcxx,QF,double,0.51,0.010000000000000009,pooled,NA,target_upper_tail_q,1,0.01,0.1,449900,449900,a three-vector reached the caller,1.0,0.9999918007016426,1.0,two_sided_clopper_pearson_0.95,false,664d906899b1726ae6d0bd3856483c4590af875a9dfdc3fee14fdcb79dbc4e34
libcxx,QF,double,0.51,0.010000000000000009,pooled,NA,target_upper_tail_q,2,0.001,0.01,44727,44727,a three-vector reached the caller,1.0,0.9999175279509626,1.0,two_sided_clopper_pearson_0.95,false,664d906899b1726ae6d0bd3856483c4590af875a9dfdc3fee14fdcb79dbc4e34
libcxx,QF,double,0.51,0.010000000000000009,pooled,NA,target_upper_tail_q,3,0.0001,0.001,4479,870,a three-vector reached the caller,0.1942397856664434,0.1827444888935023,0.20613514136807443,two_sided_clopper_pearson_0.95,false,664d906899b1726ae6d0bd3856483c4590af875a9dfdc3fee14fdcb79dbc4e34
libcxx,QF,double,0.51,0.010000000000000009,pooled,NA,target_upper_tail_q,4,1e-05,0.0001,463,0,a three-vector reached the caller,0.0,0.0,0.006449377003654,one_sided_upper_0.95,true,664d906899b1726ae6d0bd3856483c4590af875a9dfdc3fee14fdcb79dbc4e34
libcxx,QF,double,0.51,0.010000000000000009,pooled,NA,target_upper_tail_q,5,1e-06,1e-05,52,0,a three-vector reached the caller,0.0,0.0,0.05598218012623557,one_sided_upper_0.95,true,664d906899b1726ae6d0bd3856483c4590af875a9dfdc3fee14fdcb79dbc4e34
libcxx,QF,double,0.51,0.010000000000000009,pooled,NA,target_upper_tail_q,6,1e-08,1e-06,4,0,a three-vector reached the caller,0.0,0.0,0.527129195498412,one_sided_upper_0.95,true,664d906899b1726ae6d0bd3856483c4590af875a9dfdc3fee14fdcb79dbc4e34
libcxx,QF,double,0.75,0.25,pooled,NA,target_upper_tail_q,0,0.1,1.0,4499510,4499510,a three-vector reached the caller,1.0,0.9999991801600747,1.0,two_sided_clopper_pearson_0.95,false,664d906899b1726ae6d0bd3856483c4590af875a9dfdc3fee14fdcb79dbc4e34
libcxx,QF,double,0.75,0.25,pooled,NA,target_upper_tail_q,1,0.01,0.1,450703,450703,a three-vector reached the caller,1.0,0.9999918153099537,1.0,two_sided_clopper_pearson_0.95,false,664d906899b1726ae6d0bd3856483c4590af875a9dfdc3fee14fdcb79dbc4e34
libcxx,QF,double,0.75,0.25,pooled,NA,target_upper_tail_q,2,0.001,0.01,44841,44841,a three-vector reached the caller,1.0,0.9999177376123632,1.0,two_sided_clopper_pearson_0.95,false,664d906899b1726ae6d0bd3856483c4590af875a9dfdc3fee14fdcb79dbc4e34
libcxx,QF,double,0.75,0.25,pooled,NA,target_upper_tail_q,3,0.0001,0.001,4448,4448,a three-vector reached the caller,1.0,0.9991710093930846,1.0,two_sided_clopper_pearson_0.95,false,664d906899b1726ae6d0bd3856483c4590af875a9dfdc3fee14fdcb79dbc4e34
libcxx,QF,double,0.75,0.25,pooled,NA,target_upper_tail_q,4,1e-05,0.0001,448,448,a three-vector reached the caller,1.0,0.9917997014709645,1.0,two_sided_clopper_pearson_0.95,false,664d906899b1726ae6d0bd3856483c4590af875a9dfdc3fee14fdcb79dbc4e34
libcxx,QF,double,0.75,0.25,pooled,NA,target_upper_tail_q,5,1e-06,1e-05,47,47,a three-vector reached the caller,1.0,0.9245142663089414,1.0,two_sided_clopper_pearson_0.95,false,664d906899b1726ae6d0bd3856483c4590af875a9dfdc3fee14fdcb79dbc4e34
libcxx,QF,double,0.75,0.25,pooled,NA,target_upper_tail_q,6,1e-08,1e-06,3,3,a three-vector reached the caller,1.0,0.29240177382128674,1.0,two_sided_clopper_pearson_0.95,false,664d906899b1726ae6d0bd3856483c4590af875a9dfdc3fee14fdcb79dbc4e34
libcxx,QF,float,0.55,0.050000000000000044,pooled,NA,target_upper_tail_q,0,0.1,1.0,4499489,4499489,a three-vector reached the caller,1.0,0.9999991801562484,1.0,two_sided_clopper_pearson_0.95,false,664d906899b1726ae6d0bd3856483c4590af875a9dfdc3fee14fdcb79dbc4e34
libcxx,QF,float,0.55,0.050000000000000044,pooled,NA,target_upper_tail_q,1,0.01,0.1,450534,439515,a three-vector reached the caller,0.9755423564037342,0.9750871371492187,0.9759914458239034,two_sided_clopper_pearson_0.95,false,664d906899b1726ae6d0bd3856483c4590af875a9dfdc3fee14fdcb79dbc4e34
libcxx,QF,float,0.55,0.050000000000000044,pooled,NA,target_upper_tail_q,2,0.001,0.01,44975,0,a three-vector reached the caller,0.0,0.0,6.660661488944175e-05,one_sided_upper_0.95,true,664d906899b1726ae6d0bd3856483c4590af875a9dfdc3fee14fdcb79dbc4e34
libcxx,QF,float,0.55,0.050000000000000044,pooled,NA,target_upper_tail_q,3,0.0001,0.001,4511,0,a three-vector reached the caller,0.0,0.0,0.0006638744775865346,one_sided_upper_0.95,true,664d906899b1726ae6d0bd3856483c4590af875a9dfdc3fee14fdcb79dbc4e34
libcxx,QF,float,0.55,0.050000000000000044,pooled,NA,target_upper_tail_q,4,1e-05,0.0001,438,0,a three-vector reached the caller,0.0,0.0,0.006816234766836904,one_sided_upper_0.95,true,664d906899b1726ae6d0bd3856483c4590af875a9dfdc3fee14fdcb79dbc4e34
libcxx,QF,float,0.55,0.050000000000000044,pooled,NA,target_upper_tail_q,5,1e-06,1e-05,47,0,a three-vector reached the caller,0.0,0.0,0.06175013471082447,one_sided_upper_0.95,true,664d906899b1726ae6d0bd3856483c4590af875a9dfdc3fee14fdcb79dbc4e34
libcxx,QF,float,0.55,0.050000000000000044,pooled,NA,target_upper_tail_q,6,1e-08,1e-06,6,0,a three-vector reached the caller,0.0,0.0,0.39303776899708265,one_sided_upper_0.95,true,664d906899b1726ae6d0bd3856483c4590af875a9dfdc3fee14fdcb79dbc4e34
libcxx,QF,float,0.6,0.09999999999999998,pooled,NA,target_upper_tail_q,0,0.1,1.0,4498393,4498393,a three-vector reached the caller,1.0,0.9999991799564997,1.0,two_sided_clopper_pearson_0.95,false,664d906899b1726ae6d0bd3856483c4590af875a9dfdc3fee14fdcb79dbc4e34
libcxx,QF,float,0.6,0.09999999999999998,pooled,NA,target_upper_tail_q,1,0.01,0.1,451578,451578,a three-vector reached the caller,1.0,0.9999918311689516,1.0,two_sided_clopper_pearson_0.95,false,664d906899b1726ae6d0bd3856483c4590af875a9dfdc3fee14fdcb79dbc4e34
libcxx,QF,float,0.6,0.09999999999999998,pooled,NA,target_upper_tail_q,2,0.001,0.01,45012,45012,a three-vector reached the caller,1.0,0.9999180501132937,1.0,two_sided_clopper_pearson_0.95,false,664d906899b1726ae6d0bd3856483c4590af875a9dfdc3fee14fdcb79dbc4e34
libcxx,QF,float,0.6,0.09999999999999998,pooled,NA,target_upper_tail_q,3,0.0001,0.001,4534,4301,a three-vector reached the caller,0.9486104984561093,0.9417787684581931,0.9548567550903726,two_sided_clopper_pearson_0.95,false,664d906899b1726ae6d0bd3856483c4590af875a9dfdc3fee14fdcb79dbc4e34
libcxx,QF,float,0.6,0.09999999999999998,pooled,NA,target_upper_tail_q,4,1e-05,0.0001,439,0,a three-vector reached the caller,0.0,0.0,0.006800760953184493,one_sided_upper_0.95,true,664d906899b1726ae6d0bd3856483c4590af875a9dfdc3fee14fdcb79dbc4e34
libcxx,QF,float,0.6,0.09999999999999998,pooled,NA,target_upper_tail_q,5,1e-06,1e-05,39,0,a three-vector reached the caller,0.0,0.0,0.07393758892668656,one_sided_upper_0.95,true,664d906899b1726ae6d0bd3856483c4590af875a9dfdc3fee14fdcb79dbc4e34
libcxx,QF,float,0.6,0.09999999999999998,pooled,NA,target_upper_tail_q,6,1e-08,1e-06,5,0,a three-vector reached the caller,0.0,0.0,0.4507197283469411,one_sided_upper_0.95,true,664d906899b1726ae6d0bd3856483c4590af875a9dfdc3fee14fdcb79dbc4e34
libcxx,QF,float,0.75,0.25,pooled,NA,target_upper_tail_q,0,0.1,1.0,4499161,4499161,a three-vector reached the caller,1.0,0.9999991800964798,1.0,two_sided_clopper_pearson_0.95,false,664d906899b1726ae6d0bd3856483c4590af875a9dfdc3fee14fdcb79dbc4e34
libcxx,QF,float,0.75,0.25,pooled,NA,target_upper_tail_q,1,0.01,0.1,450958,450958,a three-vector reached the caller,1.0,0.9999918199380731,1.0,two_sided_clopper_pearson_0.95,false,664d906899b1726ae6d0bd3856483c4590af875a9dfdc3fee14fdcb79dbc4e34
libcxx,QF,float,0.75,0.25,pooled,NA,target_upper_tail_q,2,0.001,0.01,44932,44932,a three-vector reached the caller,1.0,0.9999179042101107,1.0,two_sided_clopper_pearson_0.95,false,664d906899b1726ae6d0bd3856483c4590af875a9dfdc3fee14fdcb79dbc4e34
libcxx,QF,float,0.75,0.25,pooled,NA,target_upper_tail_q,3,0.0001,0.001,4454,4454,a three-vector reached the caller,1.0,0.9991721256670344,1.0,two_sided_clopper_pearson_0.95,false,664d906899b1726ae6d0bd3856483c4590af875a9dfdc3fee14fdcb79dbc4e34
libcxx,QF,float,0.75,0.25,pooled,NA,target_upper_tail_q,4,1e-05,0.0001,453,453,a three-vector reached the caller,1.0,0.9918898444612019,1.0,two_sided_clopper_pearson_0.95,false,664d906899b1726ae6d0bd3856483c4590af875a9dfdc3fee14fdcb79dbc4e34
libcxx,QF,float,0.75,0.25,pooled,NA,target_upper_tail_q,5,1e-06,1e-05,35,35,a three-vector reached the caller,1.0,0.8999675644278949,1.0,two_sided_clopper_pearson_0.95,false,664d906899b1726ae6d0bd3856483c4590af875a9dfdc3fee14fdcb79dbc4e34
libcxx,QF,float,0.75,0.25,pooled,NA,target_upper_tail_q,6,1e-08,1e-06,7,7,a three-vector reached the caller,1.0,0.5903836027749967,1.0,two_sided_clopper_pearson_0.95,false,664d906899b1726ae6d0bd3856483c4590af875a9dfdc3fee14fdcb79dbc4e34
libstdcxx,CANDIDATE,double,0.501,0.0010000000000000009,pooled,NA,target_upper_tail_q,0,0.1,1.0,4500428,3790395,a three-vector reached the caller,0.8422298945789156,0.8418927813400925,0.84256656743675,two_sided_clopper_pearson_0.95,false,664d906899b1726ae6d0bd3856483c4590af875a9dfdc3fee14fdcb79dbc4e34
libstdcxx,CANDIDATE,double,0.501,0.0010000000000000009,pooled,NA,target_upper_tail_q,1,0.01,0.1,449867,0,a three-vector reached the caller,0.0,0.0,6.65912880704056e-06,one_sided_upper_0.95,true,664d906899b1726ae6d0bd3856483c4590af875a9dfdc3fee14fdcb79dbc4e34
libstdcxx,CANDIDATE,double,0.501,0.0010000000000000009,pooled,NA,target_upper_tail_q,2,0.001,0.01,44705,0,a three-vector reached the caller,0.0,0.0,6.700887824862001e-05,one_sided_upper_0.95,true,664d906899b1726ae6d0bd3856483c4590af875a9dfdc3fee14fdcb79dbc4e34
libstdcxx,CANDIDATE,double,0.501,0.0010000000000000009,pooled,NA,target_upper_tail_q,3,0.0001,0.001,4477,0,a three-vector reached the caller,0.0,0.0,0.0006689145002090058,one_sided_upper_0.95,true,664d906899b1726ae6d0bd3856483c4590af875a9dfdc3fee14fdcb79dbc4e34
libstdcxx,CANDIDATE,double,0.501,0.0010000000000000009,pooled,NA,target_upper_tail_q,4,1e-05,0.0001,468,0,a three-vector reached the caller,0.0,0.0,0.006380693701150575,one_sided_upper_0.95,true,664d906899b1726ae6d0bd3856483c4590af875a9dfdc3fee14fdcb79dbc4e34
libstdcxx,CANDIDATE,double,0.501,0.0010000000000000009,pooled,NA,target_upper_tail_q,5,1e-06,1e-05,51,0,a three-vector reached the caller,0.0,0.0,0.0570479523604428,one_sided_upper_0.95,true,664d906899b1726ae6d0bd3856483c4590af875a9dfdc3fee14fdcb79dbc4e34
libstdcxx,CANDIDATE,double,0.501,0.0010000000000000009,pooled,NA,target_upper_tail_q,6,1e-08,1e-06,4,0,a three-vector reached the caller,0.0,0.0,0.527129195498412,one_sided_upper_0.95,true,664d906899b1726ae6d0bd3856483c4590af875a9dfdc3fee14fdcb79dbc4e34
libstdcxx,CANDIDATE,double,0.505,0.0050000000000000044,pooled,NA,target_upper_tail_q,0,0.1,1.0,4500370,4500370,a three-vector reached the caller,1.0,0.9999991803167424,1.0,two_sided_clopper_pearson_0.95,false,664d906899b1726ae6d0bd3856483c4590af875a9dfdc3fee14fdcb79dbc4e34
libstdcxx,CANDIDATE,double,0.505,0.0050000000000000044,pooled,NA,target_upper_tail_q,1,0.01,0.1,449966,449966,a three-vector reached the caller,1.0,0.9999918019042924,1.0,two_sided_clopper_pearson_0.95,false,664d906899b1726ae6d0bd3856483c4590af875a9dfdc3fee14fdcb79dbc4e34
libstdcxx,CANDIDATE,double,0.505,0.0050000000000000044,pooled,NA,target_upper_tail_q,2,0.001,0.01,44693,44693,a three-vector reached the caller,1.0,0.999917465213309,1.0,two_sided_clopper_pearson_0.95,false,664d906899b1726ae6d0bd3856483c4590af875a9dfdc3fee14fdcb79dbc4e34
libstdcxx,CANDIDATE,double,0.505,0.0050000000000000044,pooled,NA,target_upper_tail_q,3,0.0001,0.001,4451,898,a three-vector reached the caller,0.2017524151875983,0.19004916823567616,0.21384829113366782,two_sided_clopper_pearson_0.95,false,664d906899b1726ae6d0bd3856483c4590af875a9dfdc3fee14fdcb79dbc4e34
libstdcxx,CANDIDATE,double,0.505,0.0050000000000000044,pooled,NA,target_upper_tail_q,4,1e-05,0.0001,467,0,a three-vector reached the caller,0.0,0.0,0.00639431308027294,one_sided_upper_0.95,true,664d906899b1726ae6d0bd3856483c4590af875a9dfdc3fee14fdcb79dbc4e34
libstdcxx,CANDIDATE,double,0.505,0.0050000000000000044,pooled,NA,target_upper_tail_q,5,1e-06,1e-05,49,0,a three-vector reached the caller,0.0,0.0,0.059306014189697054,one_sided_upper_0.95,true,664d906899b1726ae6d0bd3856483c4590af875a9dfdc3fee14fdcb79dbc4e34
libstdcxx,CANDIDATE,double,0.505,0.0050000000000000044,pooled,NA,target_upper_tail_q,6,1e-08,1e-06,4,0,a three-vector reached the caller,0.0,0.0,0.527129195498412,one_sided_upper_0.95,true,664d906899b1726ae6d0bd3856483c4590af875a9dfdc3fee14fdcb79dbc4e34
libstdcxx,CANDIDATE,double,0.51,0.010000000000000009,pooled,NA,target_upper_tail_q,0,0.1,1.0,4500375,4500375,a three-vector reached the caller,1.0,0.999999180317653,1.0,two_sided_clopper_pearson_0.95,false,664d906899b1726ae6d0bd3856483c4590af875a9dfdc3fee14fdcb79dbc4e34
libstdcxx,CANDIDATE,double,0.51,0.010000000000000009,pooled,NA,target_upper_tail_q,1,0.01,0.1,449900,449900,a three-vector reached the caller,1.0,0.9999918007016426,1.0,two_sided_clopper_pearson_0.95,false,664d906899b1726ae6d0bd3856483c4590af875a9dfdc3fee14fdcb79dbc4e34
libstdcxx,CANDIDATE,double,0.51,0.010000000000000009,pooled,NA,target_upper_tail_q,2,0.001,0.01,44727,44727,a three-vector reached the caller,1.0,0.9999175279509626,1.0,two_sided_clopper_pearson_0.95,false,664d906899b1726ae6d0bd3856483c4590af875a9dfdc3fee14fdcb79dbc4e34
libstdcxx,CANDIDATE,double,0.51,0.010000000000000009,pooled,NA,target_upper_tail_q,3,0.0001,0.001,4479,4479,a three-vector reached the caller,1.0,0.999176744630325,1.0,two_sided_clopper_pearson_0.95,false,664d906899b1726ae6d0bd3856483c4590af875a9dfdc3fee14fdcb79dbc4e34
libstdcxx,CANDIDATE,double,0.51,0.010000000000000009,pooled,NA,target_upper_tail_q,4,1e-05,0.0001,463,463,a three-vector reached the caller,1.0,0.9920643129127101,1.0,two_sided_clopper_pearson_0.95,false,664d906899b1726ae6d0bd3856483c4590af875a9dfdc3fee14fdcb79dbc4e34
libstdcxx,CANDIDATE,double,0.51,0.010000000000000009,pooled,NA,target_upper_tail_q,5,1e-06,1e-05,52,52,a three-vector reached the caller,1.0,0.9315177912966804,1.0,two_sided_clopper_pearson_0.95,false,664d906899b1726ae6d0bd3856483c4590af875a9dfdc3fee14fdcb79dbc4e34
libstdcxx,CANDIDATE,double,0.51,0.010000000000000009,pooled,NA,target_upper_tail_q,6,1e-08,1e-06,4,0,a three-vector reached the caller,0.0,0.0,0.527129195498412,one_sided_upper_0.95,true,664d906899b1726ae6d0bd3856483c4590af875a9dfdc3fee14fdcb79dbc4e34
libstdcxx,CANDIDATE,double,0.75,0.25,pooled,NA,target_upper_tail_q,0,0.1,1.0,4499510,4499510,a three-vector reached the caller,1.0,0.9999991801600747,1.0,two_sided_clopper_pearson_0.95,false,664d906899b1726ae6d0bd3856483c4590af875a9dfdc3fee14fdcb79dbc4e34
libstdcxx,CANDIDATE,double,0.75,0.25,pooled,NA,target_upper_tail_q,1,0.01,0.1,450703,450703,a three-vector reached the caller,1.0,0.9999918153099537,1.0,two_sided_clopper_pearson_0.95,false,664d906899b1726ae6d0bd3856483c4590af875a9dfdc3fee14fdcb79dbc4e34
libstdcxx,CANDIDATE,double,0.75,0.25,pooled,NA,target_upper_tail_q,2,0.001,0.01,44841,44841,a three-vector reached the caller,1.0,0.9999177376123632,1.0,two_sided_clopper_pearson_0.95,false,664d906899b1726ae6d0bd3856483c4590af875a9dfdc3fee14fdcb79dbc4e34
libstdcxx,CANDIDATE,double,0.75,0.25,pooled,NA,target_upper_tail_q,3,0.0001,0.001,4448,4448,a three-vector reached the caller,1.0,0.9991710093930846,1.0,two_sided_clopper_pearson_0.95,false,664d906899b1726ae6d0bd3856483c4590af875a9dfdc3fee14fdcb79dbc4e34
libstdcxx,CANDIDATE,double,0.75,0.25,pooled,NA,target_upper_tail_q,4,1e-05,0.0001,448,448,a three-vector reached the caller,1.0,0.9917997014709645,1.0,two_sided_clopper_pearson_0.95,false,664d906899b1726ae6d0bd3856483c4590af875a9dfdc3fee14fdcb79dbc4e34
libstdcxx,CANDIDATE,double,0.75,0.25,pooled,NA,target_upper_tail_q,5,1e-06,1e-05,47,47,a three-vector reached the caller,1.0,0.9245142663089414,1.0,two_sided_clopper_pearson_0.95,false,664d906899b1726ae6d0bd3856483c4590af875a9dfdc3fee14fdcb79dbc4e34
libstdcxx,CANDIDATE,double,0.75,0.25,pooled,NA,target_upper_tail_q,6,1e-08,1e-06,3,3,a three-vector reached the caller,1.0,0.29240177382128674,1.0,two_sided_clopper_pearson_0.95,false,664d906899b1726ae6d0bd3856483c4590af875a9dfdc3fee14fdcb79dbc4e34
libstdcxx,CANDIDATE,float,0.55,0.050000000000000044,pooled,NA,target_upper_tail_q,0,0.1,1.0,4499489,4499489,a three-vector reached the caller,1.0,0.9999991801562484,1.0,two_sided_clopper_pearson_0.95,false,664d906899b1726ae6d0bd3856483c4590af875a9dfdc3fee14fdcb79dbc4e34
libstdcxx,CANDIDATE,float,0.55,0.050000000000000044,pooled,NA,target_upper_tail_q,1,0.01,0.1,450534,450534,a three-vector reached the caller,1.0,0.9999918122398037,1.0,two_sided_clopper_pearson_0.95,false,664d906899b1726ae6d0bd3856483c4590af875a9dfdc3fee14fdcb79dbc4e34
libstdcxx,CANDIDATE,float,0.55,0.050000000000000044,pooled,NA,target_upper_tail_q,2,0.001,0.01,44975,44975,a three-vector reached the caller,1.0,0.9999179826975859,1.0,two_sided_clopper_pearson_0.95,false,664d906899b1726ae6d0bd3856483c4590af875a9dfdc3fee14fdcb79dbc4e34
libstdcxx,CANDIDATE,float,0.55,0.050000000000000044,pooled,NA,target_upper_tail_q,3,0.0001,0.001,4511,4338,a three-vector reached the caller,0.9616493017069386,0.955627485477038,0.9670635451918566,two_sided_clopper_pearson_0.95,false,664d906899b1726ae6d0bd3856483c4590af875a9dfdc3fee14fdcb79dbc4e34
libstdcxx,CANDIDATE,float,0.55,0.050000000000000044,pooled,NA,target_upper_tail_q,4,1e-05,0.0001,438,0,a three-vector reached the caller,0.0,0.0,0.006816234766836904,one_sided_upper_0.95,true,664d906899b1726ae6d0bd3856483c4590af875a9dfdc3fee14fdcb79dbc4e34
libstdcxx,CANDIDATE,float,0.55,0.050000000000000044,pooled,NA,target_upper_tail_q,5,1e-06,1e-05,47,0,a three-vector reached the caller,0.0,0.0,0.06175013471082447,one_sided_upper_0.95,true,664d906899b1726ae6d0bd3856483c4590af875a9dfdc3fee14fdcb79dbc4e34
libstdcxx,CANDIDATE,float,0.55,0.050000000000000044,pooled,NA,target_upper_tail_q,6,1e-08,1e-06,6,0,a three-vector reached the caller,0.0,0.0,0.39303776899708265,one_sided_upper_0.95,true,664d906899b1726ae6d0bd3856483c4590af875a9dfdc3fee14fdcb79dbc4e34
libstdcxx,CANDIDATE,float,0.6,0.09999999999999998,pooled,NA,target_upper_tail_q,0,0.1,1.0,4498393,4498393,a three-vector reached the caller,1.0,0.9999991799564997,1.0,two_sided_clopper_pearson_0.95,false,664d906899b1726ae6d0bd3856483c4590af875a9dfdc3fee14fdcb79dbc4e34
libstdcxx,CANDIDATE,float,0.6,0.09999999999999998,pooled,NA,target_upper_tail_q,1,0.01,0.1,451578,451578,a three-vector reached the caller,1.0,0.9999918311689516,1.0,two_sided_clopper_pearson_0.95,false,664d906899b1726ae6d0bd3856483c4590af875a9dfdc3fee14fdcb79dbc4e34
libstdcxx,CANDIDATE,float,0.6,0.09999999999999998,pooled,NA,target_upper_tail_q,2,0.001,0.01,45012,45012,a three-vector reached the caller,1.0,0.9999180501132937,1.0,two_sided_clopper_pearson_0.95,false,664d906899b1726ae6d0bd3856483c4590af875a9dfdc3fee14fdcb79dbc4e34
libstdcxx,CANDIDATE,float,0.6,0.09999999999999998,pooled,NA,target_upper_tail_q,3,0.0001,0.001,4534,4534,a three-vector reached the caller,1.0,0.9991867271244138,1.0,two_sided_clopper_pearson_0.95,false,664d906899b1726ae6d0bd3856483c4590af875a9dfdc3fee14fdcb79dbc4e34
libstdcxx,CANDIDATE,float,0.6,0.09999999999999998,pooled,NA,target_upper_tail_q,4,1e-05,0.0001,439,439,a three-vector reached the caller,1.0,0.9916322913322931,1.0,two_sided_clopper_pearson_0.95,false,664d906899b1726ae6d0bd3856483c4590af875a9dfdc3fee14fdcb79dbc4e34
libstdcxx,CANDIDATE,float,0.6,0.09999999999999998,pooled,NA,target_upper_tail_q,5,1e-06,1e-05,39,39,a three-vector reached the caller,1.0,0.9097488990396657,1.0,two_sided_clopper_pearson_0.95,false,664d906899b1726ae6d0bd3856483c4590af875a9dfdc3fee14fdcb79dbc4e34
libstdcxx,CANDIDATE,float,0.6,0.09999999999999998,pooled,NA,target_upper_tail_q,6,1e-08,1e-06,5,5,a three-vector reached the caller,1.0,0.47817624989501856,1.0,two_sided_clopper_pearson_0.95,false,664d906899b1726ae6d0bd3856483c4590af875a9dfdc3fee14fdcb79dbc4e34
libstdcxx,CANDIDATE,float,0.75,0.25,pooled,NA,target_upper_tail_q,0,0.1,1.0,4499161,4499161,a three-vector reached the caller,1.0,0.9999991800964798,1.0,two_sided_clopper_pearson_0.95,false,664d906899b1726ae6d0bd3856483c4590af875a9dfdc3fee14fdcb79dbc4e34
libstdcxx,CANDIDATE,float,0.75,0.25,pooled,NA,target_upper_tail_q,1,0.01,0.1,450958,450958,a three-vector reached the caller,1.0,0.9999918199380731,1.0,two_sided_clopper_pearson_0.95,false,664d906899b1726ae6d0bd3856483c4590af875a9dfdc3fee14fdcb79dbc4e34
libstdcxx,CANDIDATE,float,0.75,0.25,pooled,NA,target_upper_tail_q,2,0.001,0.01,44932,44932,a three-vector reached the caller,1.0,0.9999179042101107,1.0,two_sided_clopper_pearson_0.95,false,664d906899b1726ae6d0bd3856483c4590af875a9dfdc3fee14fdcb79dbc4e34
libstdcxx,CANDIDATE,float,0.75,0.25,pooled,NA,target_upper_tail_q,3,0.0001,0.001,4454,4454,a three-vector reached the caller,1.0,0.9991721256670344,1.0,two_sided_clopper_pearson_0.95,false,664d906899b1726ae6d0bd3856483c4590af875a9dfdc3fee14fdcb79dbc4e34
libstdcxx,CANDIDATE,float,0.75,0.25,pooled,NA,target_upper_tail_q,4,1e-05,0.0001,453,453,a three-vector reached the caller,1.0,0.9918898444612019,1.0,two_sided_clopper_pearson_0.95,false,664d906899b1726ae6d0bd3856483c4590af875a9dfdc3fee14fdcb79dbc4e34
libstdcxx,CANDIDATE,float,0.75,0.25,pooled,NA,target_upper_tail_q,5,1e-06,1e-05,35,35,a three-vector reached the caller,1.0,0.8999675644278949,1.0,two_sided_clopper_pearson_0.95,false,664d906899b1726ae6d0bd3856483c4590af875a9dfdc3fee14fdcb79dbc4e34
libstdcxx,CANDIDATE,float,0.75,0.25,pooled,NA,target_upper_tail_q,6,1e-08,1e-06,7,7,a three-vector reached the caller,1.0,0.5903836027749967,1.0,two_sided_clopper_pearson_0.95,false,664d906899b1726ae6d0bd3856483c4590af875a9dfdc3fee14fdcb79dbc4e34
libstdcxx,LEGACY,double,0.501,0.0010000000000000009,pooled,NA,target_upper_tail_q,0,0.1,1.0,4500428,2625173,a three-vector reached the caller,0.5833162979165537,0.5828606458042712,0.5837718428297636,two_sided_clopper_pearson_0.95,false,664d906899b1726ae6d0bd3856483c4590af875a9dfdc3fee14fdcb79dbc4e34
libstdcxx,LEGACY,double,0.501,0.0010000000000000009,pooled,NA,target_upper_tail_q,1,0.01,0.1,449867,0,a three-vector reached the caller,0.0,0.0,6.65912880704056e-06,one_sided_upper_0.95,true,664d906899b1726ae6d0bd3856483c4590af875a9dfdc3fee14fdcb79dbc4e34
libstdcxx,LEGACY,double,0.501,0.0010000000000000009,pooled,NA,target_upper_tail_q,2,0.001,0.01,44705,0,a three-vector reached the caller,0.0,0.0,6.700887824862001e-05,one_sided_upper_0.95,true,664d906899b1726ae6d0bd3856483c4590af875a9dfdc3fee14fdcb79dbc4e34
libstdcxx,LEGACY,double,0.501,0.0010000000000000009,pooled,NA,target_upper_tail_q,3,0.0001,0.001,4477,0,a three-vector reached the caller,0.0,0.0,0.0006689145002090058,one_sided_upper_0.95,true,664d906899b1726ae6d0bd3856483c4590af875a9dfdc3fee14fdcb79dbc4e34
libstdcxx,LEGACY,double,0.501,0.0010000000000000009,pooled,NA,target_upper_tail_q,4,1e-05,0.0001,468,0,a three-vector reached the caller,0.0,0.0,0.006380693701150575,one_sided_upper_0.95,true,664d906899b1726ae6d0bd3856483c4590af875a9dfdc3fee14fdcb79dbc4e34
libstdcxx,LEGACY,double,0.501,0.0010000000000000009,pooled,NA,target_upper_tail_q,5,1e-06,1e-05,51,0,a three-vector reached the caller,0.0,0.0,0.0570479523604428,one_sided_upper_0.95,true,664d906899b1726ae6d0bd3856483c4590af875a9dfdc3fee14fdcb79dbc4e34
libstdcxx,LEGACY,double,0.501,0.0010000000000000009,pooled,NA,target_upper_tail_q,6,1e-08,1e-06,4,0,a three-vector reached the caller,0.0,0.0,0.527129195498412,one_sided_upper_0.95,true,664d906899b1726ae6d0bd3856483c4590af875a9dfdc3fee14fdcb79dbc4e34
libstdcxx,LEGACY,double,0.505,0.0050000000000000044,pooled,NA,target_upper_tail_q,0,0.1,1.0,4500370,4500370,a three-vector reached the caller,1.0,0.9999991803167424,1.0,two_sided_clopper_pearson_0.95,false,664d906899b1726ae6d0bd3856483c4590af875a9dfdc3fee14fdcb79dbc4e34
libstdcxx,LEGACY,double,0.505,0.0050000000000000044,pooled,NA,target_upper_tail_q,1,0.01,0.1,449966,378777,a three-vector reached the caller,0.8417902685980718,0.8407206638420734,0.8428554703106337,two_sided_clopper_pearson_0.95,false,664d906899b1726ae6d0bd3856483c4590af875a9dfdc3fee14fdcb79dbc4e34
libstdcxx,LEGACY,double,0.505,0.0050000000000000044,pooled,NA,target_upper_tail_q,2,0.001,0.01,44693,0,a three-vector reached the caller,0.0,0.0,6.702686942372527e-05,one_sided_upper_0.95,true,664d906899b1726ae6d0bd3856483c4590af875a9dfdc3fee14fdcb79dbc4e34
libstdcxx,LEGACY,double,0.505,0.0050000000000000044,pooled,NA,target_upper_tail_q,3,0.0001,0.001,4451,0,a three-vector reached the caller,0.0,0.0,0.0006728205718612434,one_sided_upper_0.95,true,664d906899b1726ae6d0bd3856483c4590af875a9dfdc3fee14fdcb79dbc4e34
libstdcxx,LEGACY,double,0.505,0.0050000000000000044,pooled,NA,target_upper_tail_q,4,1e-05,0.0001,467,0,a three-vector reached the caller,0.0,0.0,0.00639431308027294,one_sided_upper_0.95,true,664d906899b1726ae6d0bd3856483c4590af875a9dfdc3fee14fdcb79dbc4e34
libstdcxx,LEGACY,double,0.505,0.0050000000000000044,pooled,NA,target_upper_tail_q,5,1e-06,1e-05,49,0,a three-vector reached the caller,0.0,0.0,0.059306014189697054,one_sided_upper_0.95,true,664d906899b1726ae6d0bd3856483c4590af875a9dfdc3fee14fdcb79dbc4e34
libstdcxx,LEGACY,double,0.505,0.0050000000000000044,pooled,NA,target_upper_tail_q,6,1e-08,1e-06,4,0,a three-vector reached the caller,0.0,0.0,0.527129195498412,one_sided_upper_0.95,true,664d906899b1726ae6d0bd3856483c4590af875a9dfdc3fee14fdcb79dbc4e34
libstdcxx,LEGACY,double,0.51,0.010000000000000009,pooled,NA,target_upper_tail_q,0,0.1,1.0,4500375,4500375,a three-vector reached the caller,1.0,0.999999180317653,1.0,two_sided_clopper_pearson_0.95,false,664d906899b1726ae6d0bd3856483c4590af875a9dfdc3fee14fdcb79dbc4e34
libstdcxx,LEGACY,double,0.51,0.010000000000000009,pooled,NA,target_upper_tail_q,1,0.01,0.1,449900,449900,a three-vector reached the caller,1.0,0.9999918007016426,1.0,two_sided_clopper_pearson_0.95,false,664d906899b1726ae6d0bd3856483c4590af875a9dfdc3fee14fdcb79dbc4e34
libstdcxx,LEGACY,double,0.51,0.010000000000000009,pooled,NA,target_upper_tail_q,2,0.001,0.01,44727,44727,a three-vector reached the caller,1.0,0.9999175279509626,1.0,two_sided_clopper_pearson_0.95,false,664d906899b1726ae6d0bd3856483c4590af875a9dfdc3fee14fdcb79dbc4e34
libstdcxx,LEGACY,double,0.51,0.010000000000000009,pooled,NA,target_upper_tail_q,3,0.0001,0.001,4479,2091,a three-vector reached the caller,0.46684527796383124,0.4521486017794395,0.4815852217676457,two_sided_clopper_pearson_0.95,false,664d906899b1726ae6d0bd3856483c4590af875a9dfdc3fee14fdcb79dbc4e34
libstdcxx,LEGACY,double,0.51,0.010000000000000009,pooled,NA,target_upper_tail_q,4,1e-05,0.0001,463,0,a three-vector reached the caller,0.0,0.0,0.006449377003654,one_sided_upper_0.95,true,664d906899b1726ae6d0bd3856483c4590af875a9dfdc3fee14fdcb79dbc4e34
libstdcxx,LEGACY,double,0.51,0.010000000000000009,pooled,NA,target_upper_tail_q,5,1e-06,1e-05,52,0,a three-vector reached the caller,0.0,0.0,0.05598218012623557,one_sided_upper_0.95,true,664d906899b1726ae6d0bd3856483c4590af875a9dfdc3fee14fdcb79dbc4e34
libstdcxx,LEGACY,double,0.51,0.010000000000000009,pooled,NA,target_upper_tail_q,6,1e-08,1e-06,4,0,a three-vector reached the caller,0.0,0.0,0.527129195498412,one_sided_upper_0.95,true,664d906899b1726ae6d0bd3856483c4590af875a9dfdc3fee14fdcb79dbc4e34
libstdcxx,LEGACY,double,0.75,0.25,pooled,NA,target_upper_tail_q,0,0.1,1.0,4499510,4499510,a three-vector reached the caller,1.0,0.9999991801600747,1.0,two_sided_clopper_pearson_0.95,false,664d906899b1726ae6d0bd3856483c4590af875a9dfdc3fee14fdcb79dbc4e34
libstdcxx,LEGACY,double,0.75,0.25,pooled,NA,target_upper_tail_q,1,0.01,0.1,450703,450703,a three-vector reached the caller,1.0,0.9999918153099537,1.0,two_sided_clopper_pearson_0.95,false,664d906899b1726ae6d0bd3856483c4590af875a9dfdc3fee14fdcb79dbc4e34
libstdcxx,LEGACY,double,0.75,0.25,pooled,NA,target_upper_tail_q,2,0.001,0.01,44841,44841,a three-vector reached the caller,1.0,0.9999177376123632,1.0,two_sided_clopper_pearson_0.95,false,664d906899b1726ae6d0bd3856483c4590af875a9dfdc3fee14fdcb79dbc4e34
libstdcxx,LEGACY,double,0.75,0.25,pooled,NA,target_upper_tail_q,3,0.0001,0.001,4448,4448,a three-vector reached the caller,1.0,0.9991710093930846,1.0,two_sided_clopper_pearson_0.95,false,664d906899b1726ae6d0bd3856483c4590af875a9dfdc3fee14fdcb79dbc4e34
libstdcxx,LEGACY,double,0.75,0.25,pooled,NA,target_upper_tail_q,4,1e-05,0.0001,448,448,a three-vector reached the caller,1.0,0.9917997014709645,1.0,two_sided_clopper_pearson_0.95,false,664d906899b1726ae6d0bd3856483c4590af875a9dfdc3fee14fdcb79dbc4e34
libstdcxx,LEGACY,double,0.75,0.25,pooled,NA,target_upper_tail_q,5,1e-06,1e-05,47,47,a three-vector reached the caller,1.0,0.9245142663089414,1.0,two_sided_clopper_pearson_0.95,false,664d906899b1726ae6d0bd3856483c4590af875a9dfdc3fee14fdcb79dbc4e34
libstdcxx,LEGACY,double,0.75,0.25,pooled,NA,target_upper_tail_q,6,1e-08,1e-06,3,3,a three-vector reached the caller,1.0,0.29240177382128674,1.0,two_sided_clopper_pearson_0.95,false,664d906899b1726ae6d0bd3856483c4590af875a9dfdc3fee14fdcb79dbc4e34
libstdcxx,LEGACY,float,0.55,0.050000000000000044,pooled,NA,target_upper_tail_q,0,0.1,1.0,4499489,4499489,a three-vector reached the caller,1.0,0.9999991801562484,1.0,two_sided_clopper_pearson_0.95,false,664d906899b1726ae6d0bd3856483c4590af875a9dfdc3fee14fdcb79dbc4e34
libstdcxx,LEGACY,float,0.55,0.050000000000000044,pooled,NA,target_upper_tail_q,1,0.01,0.1,450534,450534,a three-vector reached the caller,1.0,0.9999918122398037,1.0,two_sided_clopper_pearson_0.95,false,664d906899b1726ae6d0bd3856483c4590af875a9dfdc3fee14fdcb79dbc4e34
libstdcxx,LEGACY,float,0.55,0.050000000000000044,pooled,NA,target_upper_tail_q,2,0.001,0.01,44975,21362,a three-vector reached the caller,0.4749749861033908,0.4703504373112355,0.4796027659794023,two_sided_clopper_pearson_0.95,false,664d906899b1726ae6d0bd3856483c4590af875a9dfdc3fee14fdcb79dbc4e34
libstdcxx,LEGACY,float,0.55,0.050000000000000044,pooled,NA,target_upper_tail_q,3,0.0001,0.001,4511,0,a three-vector reached the caller,0.0,0.0,0.0006638744775865346,one_sided_upper_0.95,true,664d906899b1726ae6d0bd3856483c4590af875a9dfdc3fee14fdcb79dbc4e34
libstdcxx,LEGACY,float,0.55,0.050000000000000044,pooled,NA,target_upper_tail_q,4,1e-05,0.0001,438,0,a three-vector reached the caller,0.0,0.0,0.006816234766836904,one_sided_upper_0.95,true,664d906899b1726ae6d0bd3856483c4590af875a9dfdc3fee14fdcb79dbc4e34
libstdcxx,LEGACY,float,0.55,0.050000000000000044,pooled,NA,target_upper_tail_q,5,1e-06,1e-05,47,0,a three-vector reached the caller,0.0,0.0,0.06175013471082447,one_sided_upper_0.95,true,664d906899b1726ae6d0bd3856483c4590af875a9dfdc3fee14fdcb79dbc4e34
libstdcxx,LEGACY,float,0.55,0.050000000000000044,pooled,NA,target_upper_tail_q,6,1e-08,1e-06,6,0,a three-vector reached the caller,0.0,0.0,0.39303776899708265,one_sided_upper_0.95,true,664d906899b1726ae6d0bd3856483c4590af875a9dfdc3fee14fdcb79dbc4e34
libstdcxx,LEGACY,float,0.6,0.09999999999999998,pooled,NA,target_upper_tail_q,0,0.1,1.0,4498393,4498393,a three-vector reached the caller,1.0,0.9999991799564997,1.0,two_sided_clopper_pearson_0.95,false,664d906899b1726ae6d0bd3856483c4590af875a9dfdc3fee14fdcb79dbc4e34
libstdcxx,LEGACY,float,0.6,0.09999999999999998,pooled,NA,target_upper_tail_q,1,0.01,0.1,451578,451578,a three-vector reached the caller,1.0,0.9999918311689516,1.0,two_sided_clopper_pearson_0.95,false,664d906899b1726ae6d0bd3856483c4590af875a9dfdc3fee14fdcb79dbc4e34
libstdcxx,LEGACY,float,0.6,0.09999999999999998,pooled,NA,target_upper_tail_q,2,0.001,0.01,45012,45012,a three-vector reached the caller,1.0,0.9999180501132937,1.0,two_sided_clopper_pearson_0.95,false,664d906899b1726ae6d0bd3856483c4590af875a9dfdc3fee14fdcb79dbc4e34
libstdcxx,LEGACY,float,0.6,0.09999999999999998,pooled,NA,target_upper_tail_q,3,0.0001,0.001,4534,4534,a three-vector reached the caller,1.0,0.9991867271244138,1.0,two_sided_clopper_pearson_0.95,false,664d906899b1726ae6d0bd3856483c4590af875a9dfdc3fee14fdcb79dbc4e34
libstdcxx,LEGACY,float,0.6,0.09999999999999998,pooled,NA,target_upper_tail_q,4,1e-05,0.0001,439,325,a three-vector reached the caller,0.7403189066059226,0.6966305284729404,0.7807344336081774,two_sided_clopper_pearson_0.95,false,664d906899b1726ae6d0bd3856483c4590af875a9dfdc3fee14fdcb79dbc4e34
libstdcxx,LEGACY,float,0.6,0.09999999999999998,pooled,NA,target_upper_tail_q,5,1e-06,1e-05,39,0,a three-vector reached the caller,0.0,0.0,0.07393758892668656,one_sided_upper_0.95,true,664d906899b1726ae6d0bd3856483c4590af875a9dfdc3fee14fdcb79dbc4e34
libstdcxx,LEGACY,float,0.6,0.09999999999999998,pooled,NA,target_upper_tail_q,6,1e-08,1e-06,5,0,a three-vector reached the caller,0.0,0.0,0.4507197283469411,one_sided_upper_0.95,true,664d906899b1726ae6d0bd3856483c4590af875a9dfdc3fee14fdcb79dbc4e34
libstdcxx,LEGACY,float,0.75,0.25,pooled,NA,target_upper_tail_q,0,0.1,1.0,4499161,4499161,a three-vector reached the caller,1.0,0.9999991800964798,1.0,two_sided_clopper_pearson_0.95,false,664d906899b1726ae6d0bd3856483c4590af875a9dfdc3fee14fdcb79dbc4e34
libstdcxx,LEGACY,float,0.75,0.25,pooled,NA,target_upper_tail_q,1,0.01,0.1,450958,450958,a three-vector reached the caller,1.0,0.9999918199380731,1.0,two_sided_clopper_pearson_0.95,false,664d906899b1726ae6d0bd3856483c4590af875a9dfdc3fee14fdcb79dbc4e34
libstdcxx,LEGACY,float,0.75,0.25,pooled,NA,target_upper_tail_q,2,0.001,0.01,44932,44932,a three-vector reached the caller,1.0,0.9999179042101107,1.0,two_sided_clopper_pearson_0.95,false,664d906899b1726ae6d0bd3856483c4590af875a9dfdc3fee14fdcb79dbc4e34
libstdcxx,LEGACY,float,0.75,0.25,pooled,NA,target_upper_tail_q,3,0.0001,0.001,4454,4454,a three-vector reached the caller,1.0,0.9991721256670344,1.0,two_sided_clopper_pearson_0.95,false,664d906899b1726ae6d0bd3856483c4590af875a9dfdc3fee14fdcb79dbc4e34
libstdcxx,LEGACY,float,0.75,0.25,pooled,NA,target_upper_tail_q,4,1e-05,0.0001,453,453,a three-vector reached the caller,1.0,0.9918898444612019,1.0,two_sided_clopper_pearson_0.95,false,664d906899b1726ae6d0bd3856483c4590af875a9dfdc3fee14fdcb79dbc4e34
libstdcxx,LEGACY,float,0.75,0.25,pooled,NA,target_upper_tail_q,5,1e-06,1e-05,35,35,a three-vector reached the caller,1.0,0.8999675644278949,1.0,two_sided_clopper_pearson_0.95,false,664d906899b1726ae6d0bd3856483c4590af875a9dfdc3fee14fdcb79dbc4e34
libstdcxx,LEGACY,float,0.75,0.25,pooled,NA,target_upper_tail_q,6,1e-08,1e-06,7,7,a three-vector reached the caller,1.0,0.5903836027749967,1.0,two_sided_clopper_pearson_0.95,false,664d906899b1726ae6d0bd3856483c4590af875a9dfdc3fee14fdcb79dbc4e34
libstdcxx,QF,double,0.501,0.0010000000000000009,pooled,NA,target_upper_tail_q,0,0.1,1.0,4500428,2540199,a three-vector reached the caller,0.5644349826283189,0.5639767361596032,0.5648931461918135,two_sided_clopper_pearson_0.95,false,664d906899b1726ae6d0bd3856483c4590af875a9dfdc3fee14fdcb79dbc4e34
libstdcxx,QF,double,0.501,0.0010000000000000009,pooled,NA,target_upper_tail_q,1,0.01,0.1,449867,0,a three-vector reached the caller,0.0,0.0,6.65912880704056e-06,one_sided_upper_0.95,true,664d906899b1726ae6d0bd3856483c4590af875a9dfdc3fee14fdcb79dbc4e34
libstdcxx,QF,double,0.501,0.0010000000000000009,pooled,NA,target_upper_tail_q,2,0.001,0.01,44705,0,a three-vector reached the caller,0.0,0.0,6.700887824862001e-05,one_sided_upper_0.95,true,664d906899b1726ae6d0bd3856483c4590af875a9dfdc3fee14fdcb79dbc4e34
libstdcxx,QF,double,0.501,0.0010000000000000009,pooled,NA,target_upper_tail_q,3,0.0001,0.001,4477,0,a three-vector reached the caller,0.0,0.0,0.0006689145002090058,one_sided_upper_0.95,true,664d906899b1726ae6d0bd3856483c4590af875a9dfdc3fee14fdcb79dbc4e34
libstdcxx,QF,double,0.501,0.0010000000000000009,pooled,NA,target_upper_tail_q,4,1e-05,0.0001,468,0,a three-vector reached the caller,0.0,0.0,0.006380693701150575,one_sided_upper_0.95,true,664d906899b1726ae6d0bd3856483c4590af875a9dfdc3fee14fdcb79dbc4e34
libstdcxx,QF,double,0.501,0.0010000000000000009,pooled,NA,target_upper_tail_q,5,1e-06,1e-05,51,0,a three-vector reached the caller,0.0,0.0,0.0570479523604428,one_sided_upper_0.95,true,664d906899b1726ae6d0bd3856483c4590af875a9dfdc3fee14fdcb79dbc4e34
libstdcxx,QF,double,0.501,0.0010000000000000009,pooled,NA,target_upper_tail_q,6,1e-08,1e-06,4,0,a three-vector reached the caller,0.0,0.0,0.527129195498412,one_sided_upper_0.95,true,664d906899b1726ae6d0bd3856483c4590af875a9dfdc3fee14fdcb79dbc4e34
libstdcxx,QF,double,0.505,0.0050000000000000044,pooled,NA,target_upper_tail_q,0,0.1,1.0,4500370,4500370,a three-vector reached the caller,1.0,0.9999991803167424,1.0,two_sided_clopper_pearson_0.95,false,664d906899b1726ae6d0bd3856483c4590af875a9dfdc3fee14fdcb79dbc4e34
libstdcxx,QF,double,0.505,0.0050000000000000044,pooled,NA,target_upper_tail_q,1,0.01,0.1,449966,355155,a three-vector reached the caller,0.7892929688020872,0.7880984342209817,0.7904837771660864,two_sided_clopper_pearson_0.95,false,664d906899b1726ae6d0bd3856483c4590af875a9dfdc3fee14fdcb79dbc4e34
libstdcxx,QF,double,0.505,0.0050000000000000044,pooled,NA,target_upper_tail_q,2,0.001,0.01,44693,0,a three-vector reached the caller,0.0,0.0,6.702686942372527e-05,one_sided_upper_0.95,true,664d906899b1726ae6d0bd3856483c4590af875a9dfdc3fee14fdcb79dbc4e34
libstdcxx,QF,double,0.505,0.0050000000000000044,pooled,NA,target_upper_tail_q,3,0.0001,0.001,4451,0,a three-vector reached the caller,0.0,0.0,0.0006728205718612434,one_sided_upper_0.95,true,664d906899b1726ae6d0bd3856483c4590af875a9dfdc3fee14fdcb79dbc4e34
libstdcxx,QF,double,0.505,0.0050000000000000044,pooled,NA,target_upper_tail_q,4,1e-05,0.0001,467,0,a three-vector reached the caller,0.0,0.0,0.00639431308027294,one_sided_upper_0.95,true,664d906899b1726ae6d0bd3856483c4590af875a9dfdc3fee14fdcb79dbc4e34
libstdcxx,QF,double,0.505,0.0050000000000000044,pooled,NA,target_upper_tail_q,5,1e-06,1e-05,49,0,a three-vector reached the caller,0.0,0.0,0.059306014189697054,one_sided_upper_0.95,true,664d906899b1726ae6d0bd3856483c4590af875a9dfdc3fee14fdcb79dbc4e34
libstdcxx,QF,double,0.505,0.0050000000000000044,pooled,NA,target_upper_tail_q,6,1e-08,1e-06,4,0,a three-vector reached the caller,0.0,0.0,0.527129195498412,one_sided_upper_0.95,true,664d906899b1726ae6d0bd3856483c4590af875a9dfdc3fee14fdcb79dbc4e34
libstdcxx,QF,double,0.51,0.010000000000000009,pooled,NA,target_upper_tail_q,0,0.1,1.0,4500375,4500375,a three-vector reached the caller,1.0,0.999999180317653,1.0,two_sided_clopper_pearson_0.95,false,664d906899b1726ae6d0bd3856483c4590af875a9dfdc3fee14fdcb79dbc4e34
libstdcxx,QF,double,0.51,0.010000000000000009,pooled,NA,target_upper_tail_q,1,0.01,0.1,449900,449900,a three-vector reached the caller,1.0,0.9999918007016426,1.0,two_sided_clopper_pearson_0.95,false,664d906899b1726ae6d0bd3856483c4590af875a9dfdc3fee14fdcb79dbc4e34
libstdcxx,QF,double,0.51,0.010000000000000009,pooled,NA,target_upper_tail_q,2,0.001,0.01,44727,44727,a three-vector reached the caller,1.0,0.9999175279509626,1.0,two_sided_clopper_pearson_0.95,false,664d906899b1726ae6d0bd3856483c4590af875a9dfdc3fee14fdcb79dbc4e34
libstdcxx,QF,double,0.51,0.010000000000000009,pooled,NA,target_upper_tail_q,3,0.0001,0.001,4479,870,a three-vector reached the caller,0.1942397856664434,0.1827444888935023,0.20613514136807443,two_sided_clopper_pearson_0.95,false,664d906899b1726ae6d0bd3856483c4590af875a9dfdc3fee14fdcb79dbc4e34
libstdcxx,QF,double,0.51,0.010000000000000009,pooled,NA,target_upper_tail_q,4,1e-05,0.0001,463,0,a three-vector reached the caller,0.0,0.0,0.006449377003654,one_sided_upper_0.95,true,664d906899b1726ae6d0bd3856483c4590af875a9dfdc3fee14fdcb79dbc4e34
libstdcxx,QF,double,0.51,0.010000000000000009,pooled,NA,target_upper_tail_q,5,1e-06,1e-05,52,0,a three-vector reached the caller,0.0,0.0,0.05598218012623557,one_sided_upper_0.95,true,664d906899b1726ae6d0bd3856483c4590af875a9dfdc3fee14fdcb79dbc4e34
libstdcxx,QF,double,0.51,0.010000000000000009,pooled,NA,target_upper_tail_q,6,1e-08,1e-06,4,0,a three-vector reached the caller,0.0,0.0,0.527129195498412,one_sided_upper_0.95,true,664d906899b1726ae6d0bd3856483c4590af875a9dfdc3fee14fdcb79dbc4e34
libstdcxx,QF,double,0.75,0.25,pooled,NA,target_upper_tail_q,0,0.1,1.0,4499510,4499510,a three-vector reached the caller,1.0,0.9999991801600747,1.0,two_sided_clopper_pearson_0.95,false,664d906899b1726ae6d0bd3856483c4590af875a9dfdc3fee14fdcb79dbc4e34
libstdcxx,QF,double,0.75,0.25,pooled,NA,target_upper_tail_q,1,0.01,0.1,450703,450703,a three-vector reached the caller,1.0,0.9999918153099537,1.0,two_sided_clopper_pearson_0.95,false,664d906899b1726ae6d0bd3856483c4590af875a9dfdc3fee14fdcb79dbc4e34
libstdcxx,QF,double,0.75,0.25,pooled,NA,target_upper_tail_q,2,0.001,0.01,44841,44841,a three-vector reached the caller,1.0,0.9999177376123632,1.0,two_sided_clopper_pearson_0.95,false,664d906899b1726ae6d0bd3856483c4590af875a9dfdc3fee14fdcb79dbc4e34
libstdcxx,QF,double,0.75,0.25,pooled,NA,target_upper_tail_q,3,0.0001,0.001,4448,4448,a three-vector reached the caller,1.0,0.9991710093930846,1.0,two_sided_clopper_pearson_0.95,false,664d906899b1726ae6d0bd3856483c4590af875a9dfdc3fee14fdcb79dbc4e34
libstdcxx,QF,double,0.75,0.25,pooled,NA,target_upper_tail_q,4,1e-05,0.0001,448,448,a three-vector reached the caller,1.0,0.9917997014709645,1.0,two_sided_clopper_pearson_0.95,false,664d906899b1726ae6d0bd3856483c4590af875a9dfdc3fee14fdcb79dbc4e34
libstdcxx,QF,double,0.75,0.25,pooled,NA,target_upper_tail_q,5,1e-06,1e-05,47,47,a three-vector reached the caller,1.0,0.9245142663089414,1.0,two_sided_clopper_pearson_0.95,false,664d906899b1726ae6d0bd3856483c4590af875a9dfdc3fee14fdcb79dbc4e34
libstdcxx,QF,double,0.75,0.25,pooled,NA,target_upper_tail_q,6,1e-08,1e-06,3,3,a three-vector reached the caller,1.0,0.29240177382128674,1.0,two_sided_clopper_pearson_0.95,false,664d906899b1726ae6d0bd3856483c4590af875a9dfdc3fee14fdcb79dbc4e34
libstdcxx,QF,float,0.55,0.050000000000000044,pooled,NA,target_upper_tail_q,0,0.1,1.0,4499489,4499489,a three-vector reached the caller,1.0,0.9999991801562484,1.0,two_sided_clopper_pearson_0.95,false,664d906899b1726ae6d0bd3856483c4590af875a9dfdc3fee14fdcb79dbc4e34
libstdcxx,QF,float,0.55,0.050000000000000044,pooled,NA,target_upper_tail_q,1,0.01,0.1,450534,439515,a three-vector reached the caller,0.9755423564037342,0.9750871371492187,0.9759914458239034,two_sided_clopper_pearson_0.95,false,664d906899b1726ae6d0bd3856483c4590af875a9dfdc3fee14fdcb79dbc4e34
libstdcxx,QF,float,0.55,0.050000000000000044,pooled,NA,target_upper_tail_q,2,0.001,0.01,44975,0,a three-vector reached the caller,0.0,0.0,6.660661488944175e-05,one_sided_upper_0.95,true,664d906899b1726ae6d0bd3856483c4590af875a9dfdc3fee14fdcb79dbc4e34
libstdcxx,QF,float,0.55,0.050000000000000044,pooled,NA,target_upper_tail_q,3,0.0001,0.001,4511,0,a three-vector reached the caller,0.0,0.0,0.0006638744775865346,one_sided_upper_0.95,true,664d906899b1726ae6d0bd3856483c4590af875a9dfdc3fee14fdcb79dbc4e34
libstdcxx,QF,float,0.55,0.050000000000000044,pooled,NA,target_upper_tail_q,4,1e-05,0.0001,438,0,a three-vector reached the caller,0.0,0.0,0.006816234766836904,one_sided_upper_0.95,true,664d906899b1726ae6d0bd3856483c4590af875a9dfdc3fee14fdcb79dbc4e34
libstdcxx,QF,float,0.55,0.050000000000000044,pooled,NA,target_upper_tail_q,5,1e-06,1e-05,47,0,a three-vector reached the caller,0.0,0.0,0.06175013471082447,one_sided_upper_0.95,true,664d906899b1726ae6d0bd3856483c4590af875a9dfdc3fee14fdcb79dbc4e34
libstdcxx,QF,float,0.55,0.050000000000000044,pooled,NA,target_upper_tail_q,6,1e-08,1e-06,6,0,a three-vector reached the caller,0.0,0.0,0.39303776899708265,one_sided_upper_0.95,true,664d906899b1726ae6d0bd3856483c4590af875a9dfdc3fee14fdcb79dbc4e34
libstdcxx,QF,float,0.6,0.09999999999999998,pooled,NA,target_upper_tail_q,0,0.1,1.0,4498393,4498393,a three-vector reached the caller,1.0,0.9999991799564997,1.0,two_sided_clopper_pearson_0.95,false,664d906899b1726ae6d0bd3856483c4590af875a9dfdc3fee14fdcb79dbc4e34
libstdcxx,QF,float,0.6,0.09999999999999998,pooled,NA,target_upper_tail_q,1,0.01,0.1,451578,451578,a three-vector reached the caller,1.0,0.9999918311689516,1.0,two_sided_clopper_pearson_0.95,false,664d906899b1726ae6d0bd3856483c4590af875a9dfdc3fee14fdcb79dbc4e34
libstdcxx,QF,float,0.6,0.09999999999999998,pooled,NA,target_upper_tail_q,2,0.001,0.01,45012,45012,a three-vector reached the caller,1.0,0.9999180501132937,1.0,two_sided_clopper_pearson_0.95,false,664d906899b1726ae6d0bd3856483c4590af875a9dfdc3fee14fdcb79dbc4e34
libstdcxx,QF,float,0.6,0.09999999999999998,pooled,NA,target_upper_tail_q,3,0.0001,0.001,4534,4301,a three-vector reached the caller,0.9486104984561093,0.9417787684581931,0.9548567550903726,two_sided_clopper_pearson_0.95,false,664d906899b1726ae6d0bd3856483c4590af875a9dfdc3fee14fdcb79dbc4e34
libstdcxx,QF,float,0.6,0.09999999999999998,pooled,NA,target_upper_tail_q,4,1e-05,0.0001,439,0,a three-vector reached the caller,0.0,0.0,0.006800760953184493,one_sided_upper_0.95,true,664d906899b1726ae6d0bd3856483c4590af875a9dfdc3fee14fdcb79dbc4e34
libstdcxx,QF,float,0.6,0.09999999999999998,pooled,NA,target_upper_tail_q,5,1e-06,1e-05,39,0,a three-vector reached the caller,0.0,0.0,0.07393758892668656,one_sided_upper_0.95,true,664d906899b1726ae6d0bd3856483c4590af875a9dfdc3fee14fdcb79dbc4e34
libstdcxx,QF,float,0.6,0.09999999999999998,pooled,NA,target_upper_tail_q,6,1e-08,1e-06,5,0,a three-vector reached the caller,0.0,0.0,0.4507197283469411,one_sided_upper_0.95,true,664d906899b1726ae6d0bd3856483c4590af875a9dfdc3fee14fdcb79dbc4e34
libstdcxx,QF,float,0.75,0.25,pooled,NA,target_upper_tail_q,0,0.1,1.0,4499161,4499161,a three-vector reached the caller,1.0,0.9999991800964798,1.0,two_sided_clopper_pearson_0.95,false,664d906899b1726ae6d0bd3856483c4590af875a9dfdc3fee14fdcb79dbc4e34
libstdcxx,QF,float,0.75,0.25,pooled,NA,target_upper_tail_q,1,0.01,0.1,450958,450958,a three-vector reached the caller,1.0,0.9999918199380731,1.0,two_sided_clopper_pearson_0.95,false,664d906899b1726ae6d0bd3856483c4590af875a9dfdc3fee14fdcb79dbc4e34
libstdcxx,QF,float,0.75,0.25,pooled,NA,target_upper_tail_q,2,0.001,0.01,44932,44932,a three-vector reached the caller,1.0,0.9999179042101107,1.0,two_sided_clopper_pearson_0.95,false,664d906899b1726ae6d0bd3856483c4590af875a9dfdc3fee14fdcb79dbc4e34
libstdcxx,QF,float,0.75,0.25,pooled,NA,target_upper_tail_q,3,0.0001,0.001,4454,4454,a three-vector reached the caller,1.0,0.9991721256670344,1.0,two_sided_clopper_pearson_0.95,false,664d906899b1726ae6d0bd3856483c4590af875a9dfdc3fee14fdcb79dbc4e34
libstdcxx,QF,float,0.75,0.25,pooled,NA,target_upper_tail_q,4,1e-05,0.0001,453,453,a three-vector reached the caller,1.0,0.9918898444612019,1.0,two_sided_clopper_pearson_0.95,false,664d906899b1726ae6d0bd3856483c4590af875a9dfdc3fee14fdcb79dbc4e34
libstdcxx,QF,float,0.75,0.25,pooled,NA,target_upper_tail_q,5,1e-06,1e-05,35,35,a three-vector reached the caller,1.0,0.8999675644278949,1.0,two_sided_clopper_pearson_0.95,false,664d906899b1726ae6d0bd3856483c4590af875a9dfdc3fee14fdcb79dbc4e34
libstdcxx,QF,float,0.75,0.25,pooled,NA,target_upper_tail_q,6,1e-08,1e-06,7,7,a three-vector reached the caller,1.0,0.5903836027749967,1.0,two_sided_clopper_pearson_0.95,false,664d906899b1726ae6d0bd3856483c4590af875a9dfdc3fee14fdcb79dbc4e34
