phase,scope,layer,method,precision,stdlib,kappa,shape_a,n_seeds,n_attempted,n_finite,n_failed,n_avoidable,n_honest_overflow,cat_finite,cat_denominator_zero,cat_quotient_first_loss,cat_split_form_loss,cat_log_primitive_failure,cat_honest_overflow,cat_cap_reject,cat_cap_exhausted,failure_rate,failure_ci_lo,failure_ci_hi,failure_is_upper_bound,avoidable_rate,avoidable_ci_lo,avoidable_ci_hi,avoidable_is_upper_bound,honest_rate,honest_ci_lo,honest_ci_hi,honest_is_upper_bound,accounting_ok,honest_floor_count,honest_floor_rate,honest_floor_ci_lo,honest_floor_ci_hi,honest_floor_is_upper_bound,near_limit_band_count,honest_minus_floor,within_boundary_band,x2_zero,x2_subnormal,rotation_recoverable,mean_abs_rel_err_log_vs_split,seconds,audit_near_limit_total,audit_near_limit_audited,audit_method_disagreement_total,audit_method_disagreement_audited,audit_subnormal_denominator_total,audit_subnormal_denominator_audited,audit_bulk_failure_total,audit_bulk_failure_audited,audit_uniform_sample_total,audit_uniform_sample_audited,seed
E2,pooled,native,LOG,double,libc++,0.5001,9.999999999998899e-05,5,5000000,661661,4338339,0,4338339,661661,0,0,0,0,4338339,0,0,0.8676678,0.8673704760608677,0.8679646980917886,false,0.0,0.0,5.991462752596988e-07,true,0.8676678,0.8673704760608677,0.8679646980917886,false,true,0,0.0,0.0,5.991462752596988e-07,true,0,4338339,false,4641525,0,0,NA,0.569443,0,0,0,0,0,0,0,0,0,0,NA
E2,pooled,native,LOG,double,libstdc++,0.5001,9.999999999998899e-05,5,5000000,662762,4337238,0,4337238,662762,0,0,0,0,4337238,0,0,0.8674476,0.867150066901021,0.8677447075068134,false,0.0,0.0,5.991462752596988e-07,true,0.8674476,0.867150066901021,0.8677447075068134,false,true,0,0.0,0.0,5.991462752596988e-07,true,0,4337238,false,4640986,0,0,NA,0.403122,0,0,0,0,0,0,0,0,0,0,NA
E2,pooled,native,QF,double,libc++,0.5001,9.999999999998899e-05,5,5000000,341952,4658048,4658048,0,341952,4641522,16526,0,0,0,0,0,0.9316096,0.9313880028516104,0.9318306971647269,false,0.9316096,0.9313880028516104,0.9318306971647269,false,0.0,0.0,5.991462752596988e-07,true,true,0,0.0,0.0,5.991462752596988e-07,true,0,0,true,4641522,17179,0,NA,0.4664487,0,0,0,0,0,0,0,0,0,0,NA
E2,pooled,native,QF,double,libstdc++,0.5001,9.999999999998899e-05,5,5000000,342431,4657569,4657569,0,342431,4640915,16654,0,0,0,0,0,0.9315138,0.931292059386106,0.9317350407413998,false,0.9315138,0.931292059386106,0.9317350407413998,false,0.0,0.0,5.991462752596988e-07,true,true,0,0.0,0.0,5.991462752596988e-07,true,0,0,true,4640915,17324,0,NA,0.365032,0,0,0,0,0,0,0,0,0,0,NA
E2,pooled,native,SPLIT,double,libc++,0.5001,9.999999999998899e-05,5,5000000,358478,4641522,4641522,0,358478,4641522,0,0,0,0,0,0,0.9283044,0.9280779237937282,0.9285303800578198,false,0.9283044,0.9280779237937282,0.9285303800578198,false,0.0,0.0,5.991462752596988e-07,true,true,0,0.0,0.0,5.991462752596988e-07,true,0,0,true,4641522,17179,0,NA,0.46508550000000004,0,0,0,0,0,0,0,0,0,0,NA
E2,pooled,native,SPLIT,double,libstdc++,0.5001,9.999999999998899e-05,5,5000000,359085,4640915,4640915,0,359085,4640915,0,0,0,0,0,0,0.928183,0.9279563472963979,0.9284091566960098,false,0.928183,0.9279563472963979,0.9284091566960098,false,0.0,0.0,5.991462752596988e-07,true,true,0,0.0,0.0,5.991462752596988e-07,true,0,0,true,4640915,17324,0,NA,0.36448400000000003,0,0,0,0,0,0,0,0,0,0,NA
E2,pooled,native,LOG,double,libc++,0.501,0.0010000000000000009,5,5000000,3791251,1208749,0,1208749,3791251,0,0,0,0,1208749,0,0,0.2417498,0.2413745722115809,0.24212532687609153,false,0.0,0.0,5.991462752596988e-07,true,0.2417498,0.2413745722115809,0.24212532687609153,false,true,0,0.0,0.0,5.991462752596988e-07,true,0,1208749,false,2375540,0,0,NA,0.650908,0,0,0,0,0,0,0,0,0,0,NA
E2,pooled,native,LOG,double,libstdc++,0.501,0.0010000000000000009,5,5000000,3793553,1206447,0,1206447,3793553,0,0,0,0,1206447,0,0,0.2412894,0.24091441619054887,0.24166468343039,false,0.0,0.0,5.991462752596988e-07,true,0.2412894,0.24091441619054887,0.24166468343039,false,true,0,0.0,0.0,5.991462752596988e-07,true,0,1206447,false,2371610,0,0,NA,0.48226199999999997,0,0,0,0,0,0,0,0,0,0,NA
E2,pooled,native,QF,double,libc++,0.501,0.0010000000000000009,5,5000000,2538674,2461326,2461326,0,2538674,2375531,85795,0,0,0,0,0,0.4922652,0.4918268957575251,0.4927035131999306,false,0.4922652,0.4918268957575251,0.4927035131999306,false,0.0,0.0,5.991462752596988e-07,true,true,0,0.0,0.0,5.991462752596988e-07,true,0,0,true,2375531,89107,0,NA,0.538903,0,0,0,0,0,0,0,0,0,0,NA
E2,pooled,native,QF,double,libstdc++,0.501,0.0010000000000000009,5,5000000,2540387,2459613,2459613,0,2540387,2374666,84947,0,0,0,0,0,0.4919226,0.49148430070486415,0.492360908649381,false,0.4919226,0.49148430070486415,0.492360908649381,false,0.0,0.0,5.991462752596988e-07,true,true,0,0.0,0.0,5.991462752596988e-07,true,0,0,true,2374666,88311,0,NA,0.44155,0,0,0,0,0,0,0,0,0,0,NA
E2,pooled,native,SPLIT,double,libc++,0.501,0.0010000000000000009,5,5000000,2624469,2375531,2375531,0,2624469,2375531,0,0,0,0,0,0,0.4751062,0.4746683967691715,0.4755440320596814,false,0.4751062,0.4746683967691715,0.4755440320596814,false,0.0,0.0,5.991462752596988e-07,true,true,0,0.0,0.0,5.991462752596988e-07,true,0,0,true,2375531,89107,0,NA,0.536184,0,0,0,0,0,0,0,0,0,0,NA
E2,pooled,native,SPLIT,double,libstdc++,0.501,0.0010000000000000009,5,5000000,2625334,2374666,2374666,0,2625334,2374666,0,0,0,0,0,0,0.4749332,0.4744954044547727,0.4753710245744077,false,0.4749332,0.4744954044547727,0.4753710245744077,false,0.0,0.0,5.991462752596988e-07,true,true,0,0.0,0.0,5.991462752596988e-07,true,0,0,true,2374666,88311,0,NA,0.440747,0,0,0,0,0,0,0,0,0,0,NA
E2,pooled,native,LOG,double,libc++,0.505,0.0050000000000000044,5,5000000,4995896,4104,0,4104,4995896,0,0,0,0,4104,0,0,0.0008208,0.000795887777481859,0.0008462931822062846,false,0.0,0.0,5.991462752596988e-07,true,0.0008208,0.000795887777481859,0.0008462931822062846,false,true,0,0.0,0.0,5.991462752596988e-07,true,0,4104,false,121058,0,0,NA,0.619128,0,0,0,0,0,0,0,0,0,0,NA
E2,pooled,native,LOG,double,libstdc++,0.505,0.0050000000000000044,5,5000000,4995998,4002,0,4002,4995998,0,0,0,0,4002,0,0,0.0008004,0.0007758014421027084,0.0008255795798195712,false,0.0,0.0,5.991462752596988e-07,true,0.0008004,0.0007758014421027084,0.0008255795798195712,false,true,0,0.0,0.0,5.991462752596988e-07,true,0,4002,false,120328,0,0,NA,0.455016,0,0,0,0,0,0,0,0,0,0,NA
E2,pooled,native,QF,double,libc++,0.505,0.0050000000000000044,5,5000000,4855626,144374,144374,0,4855626,121098,23276,0,0,0,0,0,0.0288748,0.028728195108378284,0.02902195081666804,false,0.0288748,0.028728195108378284,0.02902195081666804,false,0.0,0.0,5.991462752596988e-07,true,true,0,0.0,0.0,5.991462752596988e-07,true,0,0,true,121098,24288,0,NA,0.510883,0,0,0,0,0,0,0,0,0,0,NA
E2,pooled,native,QF,double,libstdc++,0.505,0.0050000000000000044,5,5000000,4855368,144632,144632,0,4855368,121373,23259,0,0,0,0,0,0.0289264,0.02877966789222652,0.029073677972600537,false,0.0289264,0.02877966789222652,0.029073677972600537,false,0.0,0.0,5.991462752596988e-07,true,true,0,0.0,0.0,5.991462752596988e-07,true,0,0,true,121373,24287,0,NA,0.404597,0,0,0,0,0,0,0,0,0,0,NA
E2,pooled,native,SPLIT,double,libc++,0.505,0.0050000000000000044,5,5000000,4878902,121098,121098,0,4878902,121098,0,0,0,0,0,0,0.0242196,0.02408502745726065,0.024354723906515992,false,0.0242196,0.02408502745726065,0.024354723906515992,false,0.0,0.0,5.991462752596988e-07,true,true,0,0.0,0.0,5.991462752596988e-07,true,0,0,true,121098,24288,0,NA,0.507903,0,0,0,0,0,0,0,0,0,0,NA
E2,pooled,native,SPLIT,double,libstdc++,0.505,0.0050000000000000044,5,5000000,4878627,121373,121373,0,4878627,121373,0,0,0,0,0,0,0.0242746,0.02413987831511247,0.02440987298432759,false,0.0242746,0.02413987831511247,0.02440987298432759,false,0.0,0.0,5.991462752596988e-07,true,true,0,0.0,0.0,5.991462752596988e-07,true,0,0,true,121373,24287,0,NA,0.40358700000000003,0,0,0,0,0,0,0,0,0,0,NA
E2,pooled,native,LOG,double,libc++,0.51,0.010000000000000009,5,5000000,4999994,6,0,6,4999994,0,0,0,0,6,0,0,1.2e-06,4.4037897392089116e-07,2.6118929606437516e-06,false,0.0,0.0,5.991462752596988e-07,true,1.2e-06,4.4037897392089116e-07,2.6118929606437516e-06,false,true,0,0.0,0.0,5.991462752596988e-07,true,0,6,false,2922,0,0,NA,0.618823,0,0,0,0,0,0,0,0,0,0,NA
E2,pooled,native,LOG,double,libstdc++,0.51,0.010000000000000009,5,5000000,5000000,0,0,0,5000000,0,0,0,0,0,0,0,0.0,0.0,5.991462752596988e-07,true,0.0,0.0,5.991462752596988e-07,true,0.0,0.0,5.991462752596988e-07,true,true,0,0.0,0.0,5.991462752596988e-07,true,0,0,true,2808,0,0,NA,0.45779600000000004,0,0,0,0,0,0,0,0,0,0,NA
E2,pooled,native,QF,double,libc++,0.51,0.010000000000000009,5,5000000,4995859,4141,4141,0,4995859,2932,1209,0,0,0,0,0,0.0008282,0.0008031749646620459,0.0008538059728040642,false,0.0008282,0.0008031749646620459,0.0008538059728040642,false,0.0,0.0,5.991462752596988e-07,true,true,0,0.0,0.0,5.991462752596988e-07,true,0,0,true,2932,1258,0,NA,0.509381,0,0,0,0,0,0,0,0,0,0,NA
E2,pooled,native,QF,double,libstdc++,0.51,0.010000000000000009,5,5000000,4995967,4033,4033,0,4995967,2811,1222,0,0,0,0,0,0.0008066,0.0007819056930998896,0.0008318753097536218,false,0.0008066,0.0007819056930998896,0.0008318753097536218,false,0.0,0.0,5.991462752596988e-07,true,true,0,0.0,0.0,5.991462752596988e-07,true,0,0,true,2811,1278,0,NA,0.40490000000000004,0,0,0,0,0,0,0,0,0,0,NA
E2,pooled,native,SPLIT,double,libc++,0.51,0.010000000000000009,5,5000000,4997068,2932,2932,0,4997068,2932,0,0,0,0,0,0,0.0005864,0.0005653703472055741,0.0006080114418922518,false,0.0005864,0.0005653703472055741,0.0006080114418922518,false,0.0,0.0,5.991462752596988e-07,true,true,0,0.0,0.0,5.991462752596988e-07,true,0,0,true,2932,1258,0,NA,0.5106729999999999,0,0,0,0,0,0,0,0,0,0,NA
E2,pooled,native,SPLIT,double,libstdc++,0.51,0.010000000000000009,5,5000000,4997189,2811,2811,0,4997189,2811,0,0,0,0,0,0,0.0005622,0.0005416125846657065,0.0005833693091858412,false,0.0005622,0.0005416125846657065,0.0005833693091858412,false,0.0,0.0,5.991462752596988e-07,true,true,0,0.0,0.0,5.991462752596988e-07,true,0,0,true,2811,1278,0,NA,0.406594,0,0,0,0,0,0,0,0,0,0,NA
E2,pooled,native,LOG,double,libc++,0.55,0.050000000000000044,5,5000000,5000000,0,0,0,5000000,0,0,0,0,0,0,0,0.0,0.0,5.991462752596988e-07,true,0.0,0.0,5.991462752596988e-07,true,0.0,0.0,5.991462752596988e-07,true,true,0,0.0,0.0,5.991462752596988e-07,true,0,0,true,0,0,0,NA,0.633644,0,0,0,0,0,0,0,0,0,0,NA
E2,pooled,native,LOG,double,libstdc++,0.55,0.050000000000000044,5,5000000,5000000,0,0,0,5000000,0,0,0,0,0,0,0,0.0,0.0,5.991462752596988e-07,true,0.0,0.0,5.991462752596988e-07,true,0.0,0.0,5.991462752596988e-07,true,true,0,0.0,0.0,5.991462752596988e-07,true,0,0,true,0,0,0,NA,0.47392500000000004,0,0,0,0,0,0,0,0,0,0,NA
E2,pooled,native,QF,double,libc++,0.55,0.050000000000000044,5,5000000,5000000,0,0,0,5000000,0,0,0,0,0,0,0,0.0,0.0,5.991462752596988e-07,true,0.0,0.0,5.991462752596988e-07,true,0.0,0.0,5.991462752596988e-07,true,true,0,0.0,0.0,5.991462752596988e-07,true,0,0,true,0,0,0,NA,0.526329,0,0,0,0,0,0,0,0,0,0,NA
E2,pooled,native,QF,double,libstdc++,0.55,0.050000000000000044,5,5000000,5000000,0,0,0,5000000,0,0,0,0,0,0,0,0.0,0.0,5.991462752596988e-07,true,0.0,0.0,5.991462752596988e-07,true,0.0,0.0,5.991462752596988e-07,true,true,0,0.0,0.0,5.991462752596988e-07,true,0,0,true,0,0,0,NA,0.416801,0,0,0,0,0,0,0,0,0,0,NA
E2,pooled,native,SPLIT,double,libc++,0.55,0.050000000000000044,5,5000000,5000000,0,0,0,5000000,0,0,0,0,0,0,0,0.0,0.0,5.991462752596988e-07,true,0.0,0.0,5.991462752596988e-07,true,0.0,0.0,5.991462752596988e-07,true,true,0,0.0,0.0,5.991462752596988e-07,true,0,0,true,0,0,0,NA,0.52634,0,0,0,0,0,0,0,0,0,0,NA
E2,pooled,native,SPLIT,double,libstdc++,0.55,0.050000000000000044,5,5000000,5000000,0,0,0,5000000,0,0,0,0,0,0,0,0.0,0.0,5.991462752596988e-07,true,0.0,0.0,5.991462752596988e-07,true,0.0,0.0,5.991462752596988e-07,true,true,0,0.0,0.0,5.991462752596988e-07,true,0,0,true,0,0,0,NA,0.416883,0,0,0,0,0,0,0,0,0,0,NA
E2,pooled,native,LOG,double,libc++,0.6,0.09999999999999998,5,5000000,5000000,0,0,0,5000000,0,0,0,0,0,0,0,0.0,0.0,5.991462752596988e-07,true,0.0,0.0,5.991462752596988e-07,true,0.0,0.0,5.991462752596988e-07,true,true,0,0.0,0.0,5.991462752596988e-07,true,0,0,true,0,0,0,NA,0.651865,0,0,0,0,0,0,0,0,0,0,NA
E2,pooled,native,LOG,double,libstdc++,0.6,0.09999999999999998,5,5000000,5000000,0,0,0,5000000,0,0,0,0,0,0,0,0.0,0.0,5.991462752596988e-07,true,0.0,0.0,5.991462752596988e-07,true,0.0,0.0,5.991462752596988e-07,true,true,0,0.0,0.0,5.991462752596988e-07,true,0,0,true,0,0,0,NA,0.501139,0,0,0,0,0,0,0,0,0,0,NA
E2,pooled,native,QF,double,libc++,0.6,0.09999999999999998,5,5000000,5000000,0,0,0,5000000,0,0,0,0,0,0,0,0.0,0.0,5.991462752596988e-07,true,0.0,0.0,5.991462752596988e-07,true,0.0,0.0,5.991462752596988e-07,true,true,0,0.0,0.0,5.991462752596988e-07,true,0,0,true,0,0,0,NA,0.545171,0,0,0,0,0,0,0,0,0,0,NA
E2,pooled,native,QF,double,libstdc++,0.6,0.09999999999999998,5,5000000,5000000,0,0,0,5000000,0,0,0,0,0,0,0,0.0,0.0,5.991462752596988e-07,true,0.0,0.0,5.991462752596988e-07,true,0.0,0.0,5.991462752596988e-07,true,true,0,0.0,0.0,5.991462752596988e-07,true,0,0,true,0,0,0,NA,0.431275,0,0,0,0,0,0,0,0,0,0,NA
E2,pooled,native,SPLIT,double,libc++,0.6,0.09999999999999998,5,5000000,5000000,0,0,0,5000000,0,0,0,0,0,0,0,0.0,0.0,5.991462752596988e-07,true,0.0,0.0,5.991462752596988e-07,true,0.0,0.0,5.991462752596988e-07,true,true,0,0.0,0.0,5.991462752596988e-07,true,0,0,true,0,0,0,NA,0.544402,0,0,0,0,0,0,0,0,0,0,NA
E2,pooled,native,SPLIT,double,libstdc++,0.6,0.09999999999999998,5,5000000,5000000,0,0,0,5000000,0,0,0,0,0,0,0,0.0,0.0,5.991462752596988e-07,true,0.0,0.0,5.991462752596988e-07,true,0.0,0.0,5.991462752596988e-07,true,true,0,0.0,0.0,5.991462752596988e-07,true,0,0,true,0,0,0,NA,0.431195,0,0,0,0,0,0,0,0,0,0,NA
E2,pooled,native,LOG,double,libc++,0.75,0.25,5,5000000,5000000,0,0,0,5000000,0,0,0,0,0,0,0,0.0,0.0,5.991462752596988e-07,true,0.0,0.0,5.991462752596988e-07,true,0.0,0.0,5.991462752596988e-07,true,true,0,0.0,0.0,5.991462752596988e-07,true,0,0,true,0,0,0,NA,0.712089,0,0,0,0,0,0,0,0,0,0,NA
E2,pooled,native,LOG,double,libstdc++,0.75,0.25,5,5000000,5000000,0,0,0,5000000,0,0,0,0,0,0,0,0.0,0.0,5.991462752596988e-07,true,0.0,0.0,5.991462752596988e-07,true,0.0,0.0,5.991462752596988e-07,true,true,0,0.0,0.0,5.991462752596988e-07,true,0,0,true,0,0,0,NA,0.576381,0,0,0,0,0,0,0,0,0,0,NA
E2,pooled,native,QF,double,libc++,0.75,0.25,5,5000000,5000000,0,0,0,5000000,0,0,0,0,0,0,0,0.0,0.0,5.991462752596988e-07,true,0.0,0.0,5.991462752596988e-07,true,0.0,0.0,5.991462752596988e-07,true,true,0,0.0,0.0,5.991462752596988e-07,true,0,0,true,0,0,0,NA,0.59303,0,0,0,0,0,0,0,0,0,0,NA
E2,pooled,native,QF,double,libstdc++,0.75,0.25,5,5000000,5000000,0,0,0,5000000,0,0,0,0,0,0,0,0.0,0.0,5.991462752596988e-07,true,0.0,0.0,5.991462752596988e-07,true,0.0,0.0,5.991462752596988e-07,true,true,0,0.0,0.0,5.991462752596988e-07,true,0,0,true,0,0,0,NA,0.457464,0,0,0,0,0,0,0,0,0,0,NA
E2,pooled,native,SPLIT,double,libc++,0.75,0.25,5,5000000,5000000,0,0,0,5000000,0,0,0,0,0,0,0,0.0,0.0,5.991462752596988e-07,true,0.0,0.0,5.991462752596988e-07,true,0.0,0.0,5.991462752596988e-07,true,true,0,0.0,0.0,5.991462752596988e-07,true,0,0,true,0,0,0,NA,0.591015,0,0,0,0,0,0,0,0,0,0,NA
E2,pooled,native,SPLIT,double,libstdc++,0.75,0.25,5,5000000,5000000,0,0,0,5000000,0,0,0,0,0,0,0,0.0,0.0,5.991462752596988e-07,true,0.0,0.0,5.991462752596988e-07,true,0.0,0.0,5.991462752596988e-07,true,true,0,0.0,0.0,5.991462752596988e-07,true,0,0,true,0,0,0,NA,0.456127,0,0,0,0,0,0,0,0,0,0,NA
E2,pooled,native,LOG,double,libc++,1,0.5,5,5000000,5000000,0,0,0,5000000,0,0,0,0,0,0,0,0.0,0.0,5.991462752596988e-07,true,0.0,0.0,5.991462752596988e-07,true,0.0,0.0,5.991462752596988e-07,true,true,0,0.0,0.0,5.991462752596988e-07,true,0,0,true,0,0,0,NA,0.803963,0,0,0,0,0,0,0,0,0,0,NA
E2,pooled,native,LOG,double,libstdc++,1,0.5,5,5000000,5000000,0,0,0,5000000,0,0,0,0,0,0,0,0.0,0.0,5.991462752596988e-07,true,0.0,0.0,5.991462752596988e-07,true,0.0,0.0,5.991462752596988e-07,true,true,0,0.0,0.0,5.991462752596988e-07,true,0,0,true,0,0,0,NA,0.68294,0,0,0,0,0,0,0,0,0,0,NA
E2,pooled,native,QF,double,libc++,1,0.5,5,5000000,5000000,0,0,0,5000000,0,0,0,0,0,0,0,0.0,0.0,5.991462752596988e-07,true,0.0,0.0,5.991462752596988e-07,true,0.0,0.0,5.991462752596988e-07,true,true,0,0.0,0.0,5.991462752596988e-07,true,0,0,true,0,0,0,NA,0.6384920000000001,0,0,0,0,0,0,0,0,0,0,NA
E2,pooled,native,QF,double,libstdc++,1,0.5,5,5000000,5000000,0,0,0,5000000,0,0,0,0,0,0,0,0.0,0.0,5.991462752596988e-07,true,0.0,0.0,5.991462752596988e-07,true,0.0,0.0,5.991462752596988e-07,true,true,0,0.0,0.0,5.991462752596988e-07,true,0,0,true,0,0,0,NA,0.475956,0,0,0,0,0,0,0,0,0,0,NA
E2,pooled,native,SPLIT,double,libc++,1,0.5,5,5000000,5000000,0,0,0,5000000,0,0,0,0,0,0,0,0.0,0.0,5.991462752596988e-07,true,0.0,0.0,5.991462752596988e-07,true,0.0,0.0,5.991462752596988e-07,true,true,0,0.0,0.0,5.991462752596988e-07,true,0,0,true,0,0,0,NA,0.638951,0,0,0,0,0,0,0,0,0,0,NA
E2,pooled,native,SPLIT,double,libstdc++,1,0.5,5,5000000,5000000,0,0,0,5000000,0,0,0,0,0,0,0,0.0,0.0,5.991462752596988e-07,true,0.0,0.0,5.991462752596988e-07,true,0.0,0.0,5.991462752596988e-07,true,true,0,0.0,0.0,5.991462752596988e-07,true,0,0,true,0,0,0,NA,0.475775,0,0,0,0,0,0,0,0,0,0,NA
E2,pooled,native,LOG,double,libc++,1.5,1.0,5,5000000,5000000,0,0,0,5000000,0,0,0,0,0,0,0,0.0,0.0,5.991462752596988e-07,true,0.0,0.0,5.991462752596988e-07,true,0.0,0.0,5.991462752596988e-07,true,true,0,0.0,0.0,5.991462752596988e-07,true,0,0,true,0,0,0,NA,0.659461,0,0,0,0,0,0,0,0,0,0,NA
E2,pooled,native,LOG,double,libstdc++,1.5,1.0,5,5000000,5000000,0,0,0,5000000,0,0,0,0,0,0,0,0.0,0.0,5.991462752596988e-07,true,0.0,0.0,5.991462752596988e-07,true,0.0,0.0,5.991462752596988e-07,true,true,0,0.0,0.0,5.991462752596988e-07,true,0,0,true,0,0,0,NA,0.5689,0,0,0,0,0,0,0,0,0,0,NA
E2,pooled,native,QF,double,libc++,1.5,1.0,5,5000000,5000000,0,0,0,5000000,0,0,0,0,0,0,0,0.0,0.0,5.991462752596988e-07,true,0.0,0.0,5.991462752596988e-07,true,0.0,0.0,5.991462752596988e-07,true,true,0,0.0,0.0,5.991462752596988e-07,true,0,0,true,0,0,0,NA,0.533261,0,0,0,0,0,0,0,0,0,0,NA
E2,pooled,native,QF,double,libstdc++,1.5,1.0,5,5000000,5000000,0,0,0,5000000,0,0,0,0,0,0,0,0.0,0.0,5.991462752596988e-07,true,0.0,0.0,5.991462752596988e-07,true,0.0,0.0,5.991462752596988e-07,true,true,0,0.0,0.0,5.991462752596988e-07,true,0,0,true,0,0,0,NA,0.45838500000000004,0,0,0,0,0,0,0,0,0,0,NA
E2,pooled,native,SPLIT,double,libc++,1.5,1.0,5,5000000,5000000,0,0,0,5000000,0,0,0,0,0,0,0,0.0,0.0,5.991462752596988e-07,true,0.0,0.0,5.991462752596988e-07,true,0.0,0.0,5.991462752596988e-07,true,true,0,0.0,0.0,5.991462752596988e-07,true,0,0,true,0,0,0,NA,0.533472,0,0,0,0,0,0,0,0,0,0,NA
E2,pooled,native,SPLIT,double,libstdc++,1.5,1.0,5,5000000,5000000,0,0,0,5000000,0,0,0,0,0,0,0,0.0,0.0,5.991462752596988e-07,true,0.0,0.0,5.991462752596988e-07,true,0.0,0.0,5.991462752596988e-07,true,true,0,0.0,0.0,5.991462752596988e-07,true,0,0,true,0,0,0,NA,0.459012,0,0,0,0,0,0,0,0,0,0,NA
E2,pooled,native,LOG,double,libc++,2,1.5,5,5000000,5000000,0,0,0,5000000,0,0,0,0,0,0,0,0.0,0.0,5.991462752596988e-07,true,0.0,0.0,5.991462752596988e-07,true,0.0,0.0,5.991462752596988e-07,true,true,0,0.0,0.0,5.991462752596988e-07,true,0,0,true,0,0,0,NA,0.852634,0,0,0,0,0,0,0,0,0,0,NA
E2,pooled,native,LOG,double,libstdc++,2,1.5,5,5000000,5000000,0,0,0,5000000,0,0,0,0,0,0,0,0.0,0.0,5.991462752596988e-07,true,0.0,0.0,5.991462752596988e-07,true,0.0,0.0,5.991462752596988e-07,true,true,0,0.0,0.0,5.991462752596988e-07,true,0,0,true,0,0,0,NA,0.569438,0,0,0,0,0,0,0,0,0,0,NA
E2,pooled,native,QF,double,libc++,2,1.5,5,5000000,5000000,0,0,0,5000000,0,0,0,0,0,0,0,0.0,0.0,5.991462752596988e-07,true,0.0,0.0,5.991462752596988e-07,true,0.0,0.0,5.991462752596988e-07,true,true,0,0.0,0.0,5.991462752596988e-07,true,0,0,true,0,0,0,NA,0.757904,0,0,0,0,0,0,0,0,0,0,NA
E2,pooled,native,QF,double,libstdc++,2,1.5,5,5000000,5000000,0,0,0,5000000,0,0,0,0,0,0,0,0.0,0.0,5.991462752596988e-07,true,0.0,0.0,5.991462752596988e-07,true,0.0,0.0,5.991462752596988e-07,true,true,0,0.0,0.0,5.991462752596988e-07,true,0,0,true,0,0,0,NA,0.460625,0,0,0,0,0,0,0,0,0,0,NA
E2,pooled,native,SPLIT,double,libc++,2,1.5,5,5000000,5000000,0,0,0,5000000,0,0,0,0,0,0,0,0.0,0.0,5.991462752596988e-07,true,0.0,0.0,5.991462752596988e-07,true,0.0,0.0,5.991462752596988e-07,true,true,0,0.0,0.0,5.991462752596988e-07,true,0,0,true,0,0,0,NA,0.75837,0,0,0,0,0,0,0,0,0,0,NA
E2,pooled,native,SPLIT,double,libstdc++,2,1.5,5,5000000,5000000,0,0,0,5000000,0,0,0,0,0,0,0,0.0,0.0,5.991462752596988e-07,true,0.0,0.0,5.991462752596988e-07,true,0.0,0.0,5.991462752596988e-07,true,true,0,0.0,0.0,5.991462752596988e-07,true,0,0,true,0,0,0,NA,0.464612,0,0,0,0,0,0,0,0,0,0,NA
E2,pooled,native,LOG,double,libc++,5,4.5,5,5000000,5000000,0,0,0,5000000,0,0,0,0,0,0,0,0.0,0.0,5.991462752596988e-07,true,0.0,0.0,5.991462752596988e-07,true,0.0,0.0,5.991462752596988e-07,true,true,0,0.0,0.0,5.991462752596988e-07,true,0,0,true,0,0,0,NA,0.810878,0,0,0,0,0,0,0,0,0,0,NA
E2,pooled,native,LOG,double,libstdc++,5,4.5,5,5000000,5000000,0,0,0,5000000,0,0,0,0,0,0,0,0.0,0.0,5.991462752596988e-07,true,0.0,0.0,5.991462752596988e-07,true,0.0,0.0,5.991462752596988e-07,true,true,0,0.0,0.0,5.991462752596988e-07,true,0,0,true,0,0,0,NA,0.560337,0,0,0,0,0,0,0,0,0,0,NA
E2,pooled,native,QF,double,libc++,5,4.5,5,5000000,5000000,0,0,0,5000000,0,0,0,0,0,0,0,0.0,0.0,5.991462752596988e-07,true,0.0,0.0,5.991462752596988e-07,true,0.0,0.0,5.991462752596988e-07,true,true,0,0.0,0.0,5.991462752596988e-07,true,0,0,true,0,0,0,NA,0.7166,0,0,0,0,0,0,0,0,0,0,NA
E2,pooled,native,QF,double,libstdc++,5,4.5,5,5000000,5000000,0,0,0,5000000,0,0,0,0,0,0,0,0.0,0.0,5.991462752596988e-07,true,0.0,0.0,5.991462752596988e-07,true,0.0,0.0,5.991462752596988e-07,true,true,0,0.0,0.0,5.991462752596988e-07,true,0,0,true,0,0,0,NA,0.45598,0,0,0,0,0,0,0,0,0,0,NA
E2,pooled,native,SPLIT,double,libc++,5,4.5,5,5000000,5000000,0,0,0,5000000,0,0,0,0,0,0,0,0.0,0.0,5.991462752596988e-07,true,0.0,0.0,5.991462752596988e-07,true,0.0,0.0,5.991462752596988e-07,true,true,0,0.0,0.0,5.991462752596988e-07,true,0,0,true,0,0,0,NA,0.713431,0,0,0,0,0,0,0,0,0,0,NA
E2,pooled,native,SPLIT,double,libstdc++,5,4.5,5,5000000,5000000,0,0,0,5000000,0,0,0,0,0,0,0,0.0,0.0,5.991462752596988e-07,true,0.0,0.0,5.991462752596988e-07,true,0.0,0.0,5.991462752596988e-07,true,true,0,0.0,0.0,5.991462752596988e-07,true,0,0,true,0,0,0,NA,0.459353,0,0,0,0,0,0,0,0,0,0,NA
E2,pooled,native,LOG,float,libc++,0.5001,0.00010001659393310547,5,5000000,88260,4911740,0,4911740,88260,0,0,0,0,4911740,0,0,0.982348,0.9822321971945072,0.9824632437387643,false,0.0,0.0,5.991462752596988e-07,true,0.982348,0.9822321971945072,0.9824632437387643,false,true,0,0.0,0.0,5.991462752596988e-07,true,0,4911740,false,4948297,0,0,NA,0.43048190000000003,0,0,0,0,0,0,0,0,0,0,NA
E2,pooled,native,LOG,float,libstdc++,0.5001,0.00010001659393310547,5,5000000,88308,4911692,0,4911692,88308,0,0,0,0,4911692,0,0,0.9823384,0.982222566382338,0.9824536745622313,false,0.0,0.0,5.991462752596988e-07,true,0.9823384,0.982222566382338,0.9824536745622313,false,true,0,0.0,0.0,5.991462752596988e-07,true,0,4911692,false,4948562,0,0,NA,0.260904,0,0,0,0,0,0,0,0,0,0,NA
E2,pooled,native,QF,float,libc++,0.5001,0.00010001659393310547,5,5000000,43873,4956127,4956127,0,43873,4948283,7844,0,0,0,0,0,0.9912254,0.9911432695804958,0.9913069607942939,false,0.9912254,0.9911432695804958,0.9913069607942939,false,0.0,0.0,5.991462752596988e-07,true,true,0,0.0,0.0,5.991462752596988e-07,true,0,0,true,4948283,8492,0,NA,0.3638287,0,0,0,0,0,0,0,0,0,0,NA
E2,pooled,native,QF,float,libstdc++,0.5001,0.00010001659393310547,5,5000000,44027,4955973,4955973,0,44027,4948353,7620,0,0,0,0,0,0.9911946,0.9911123275292386,0.9912763028828665,false,0.9911946,0.9911123275292386,0.9912763028828665,false,0.0,0.0,5.991462752596988e-07,true,true,0,0.0,0.0,5.991462752596988e-07,true,0,0,true,4948353,8289,0,NA,0.24555300000000002,0,0,0,0,0,0,0,0,0,0,NA
E2,pooled,native,SPLIT,float,libc++,0.5001,0.00010001659393310547,5,5000000,51717,4948283,4948283,0,51717,4948283,0,0,0,0,0,0,0.9896566,0.9895675335718813,0.9897450986939944,false,0.9896566,0.9895675335718813,0.9897450986939944,false,0.0,0.0,5.991462752596988e-07,true,true,0,0.0,0.0,5.991462752596988e-07,true,0,0,true,4948283,8492,0,NA,0.36347490000000005,0,0,0,0,0,0,0,0,0,0,NA
E2,pooled,native,SPLIT,float,libstdc++,0.5001,0.00010001659393310547,5,5000000,51647,4948353,4948353,0,51647,4948353,0,0,0,0,0,0,0.9896706,0.9895815929734026,0.9897590392756725,false,0.9896706,0.9895815929734026,0.9897590392756725,false,0.0,0.0,5.991462752596988e-07,true,true,0,0.0,0.0,5.991462752596988e-07,true,0,0,true,4948353,8289,0,NA,0.24479,0,0,0,0,0,0,0,0,0,0,NA
E2,pooled,native,LOG,float,libc++,0.501,0.0009999871253967285,5,5000000,815208,4184792,0,4184792,815208,0,0,0,0,4184792,0,0,0.8369584,0.8366343143093329,0.8372820954265581,false,0.0,0.0,5.991462752596988e-07,true,0.8369584,0.8366343143093329,0.8372820954265581,false,true,0,0.0,0.0,5.991462752596988e-07,true,0,4184792,false,4508945,0,0,NA,0.45968169999999997,0,0,0,0,0,0,0,0,0,0,NA
E2,pooled,native,LOG,float,libstdc++,0.501,0.0009999871253967285,5,5000000,814845,4185155,0,4185155,814845,0,0,0,0,4185155,0,0,0.837031,0.8367069723250486,0.8373546373267364,false,0.0,0.0,5.991462752596988e-07,true,0.837031,0.8367069723250486,0.8373546373267364,false,true,0,0.0,0.0,5.991462752596988e-07,true,0,4185155,false,4508957,0,0,NA,0.285376,0,0,0,0,0,0,0,0,0,0,NA
E2,pooled,native,QF,float,libc++,0.501,0.0009999871253967285,5,5000000,421818,4578182,4578182,0,421818,4508852,69330,0,0,0,0,0,0.9156364,0.9153924453049214,0.91587987324152,false,0.9156364,0.9153924453049214,0.91587987324152,false,0.0,0.0,5.991462752596988e-07,true,true,0,0.0,0.0,5.991462752596988e-07,true,0,0,true,4508852,75562,0,NA,0.3775381,0,0,0,0,0,0,0,0,0,0,NA
E2,pooled,native,QF,float,libstdc++,0.501,0.0009999871253967285,5,5000000,421856,4578144,4578144,0,421856,4509010,69134,0,0,0,0,0,0.9156288,0.9153848353475238,0.915872283207729,false,0.9156288,0.9153848353475238,0.915872283207729,false,0.0,0.0,5.991462752596988e-07,true,true,0,0.0,0.0,5.991462752596988e-07,true,0,0,true,4509010,75349,0,NA,0.260016,0,0,0,0,0,0,0,0,0,0,NA
E2,pooled,native,SPLIT,float,libc++,0.501,0.0009999871253967285,5,5000000,491148,4508852,4508852,0,491148,4508852,0,0,0,0,0,0,0.9017704,0.9015091924326459,0.9020311421922659,false,0.9017704,0.9015091924326459,0.9020311421922659,false,0.0,0.0,5.991462752596988e-07,true,true,0,0.0,0.0,5.991462752596988e-07,true,0,0,true,4508852,75562,0,NA,0.3770378,0,0,0,0,0,0,0,0,0,0,NA
E2,pooled,native,SPLIT,float,libstdc++,0.501,0.0009999871253967285,5,5000000,490990,4509010,4509010,0,490990,4509010,0,0,0,0,0,0,0.901802,0.9015408298087494,0.9020627047795262,false,0.901802,0.9015408298087494,0.9020627047795262,false,0.0,0.0,5.991462752596988e-07,true,true,0,0.0,0.0,5.991462752596988e-07,true,0,0,true,4509010,75349,0,NA,0.259194,0,0,0,0,0,0,0,0,0,0,NA
E2,pooled,native,LOG,float,libc++,0.505,0.004999995231628418,5,5000000,2946969,2053031,0,2053031,2946969,0,0,0,0,2053031,0,0,0.4106062,0.4101749519945751,0.4110375515304417,false,0.0,0.0,5.991462752596988e-07,true,0.4106062,0.4101749519945751,0.4110375515304417,false,true,0,0.0,0.0,5.991462752596988e-07,true,0,2053031,false,2981896,0,0,NA,0.548646,0,0,0,0,0,0,0,0,0,0,NA
E2,pooled,native,LOG,float,libstdc++,0.505,0.004999995231628418,5,5000000,2945119,2054881,0,2054881,2945119,0,0,0,0,2054881,0,0,0.4109762,0.4105448929736021,0.4114076101229499,false,0.0,0.0,5.991462752596988e-07,true,0.4109762,0.4105448929736021,0.4114076101229499,false,true,0,0.0,0.0,5.991462752596988e-07,true,0,2054881,false,2982758,0,0,NA,0.361182,0,0,0,0,0,0,0,0,0,0,NA
E2,pooled,native,QF,float,libc++,0.505,0.004999995231628418,5,5000000,1781403,3218597,3218597,0,1781403,2981852,236745,0,0,0,0,0,0.6437194,0.6432994506677752,0.6441391828925161,false,0.6437194,0.6432994506677752,0.6441391828925161,false,0.0,0.0,5.991462752596988e-07,true,true,0,0.0,0.0,5.991462752596988e-07,true,0,0,true,2981852,258656,0,NA,0.4337506,0,0,0,0,0,0,0,0,0,0,NA
E2,pooled,native,QF,float,libstdc++,0.505,0.004999995231628418,5,5000000,1780731,3219269,3219269,0,1780731,2984063,235206,0,0,0,0,0,0.6438538,0.6434338859615365,0.6442735474431003,false,0.6438538,0.6434338859615365,0.6442735474431003,false,0.0,0.0,5.991462752596988e-07,true,true,0,0.0,0.0,5.991462752596988e-07,true,0,0,true,2984063,257092,0,NA,0.314323,0,0,0,0,0,0,0,0,0,0,NA
E2,pooled,native,SPLIT,float,libc++,0.505,0.004999995231628418,5,5000000,2018148,2981852,2981852,0,2018148,2981852,0,0,0,0,0,0,0.5963704,0.595940200557439,0.5968004878379849,false,0.5963704,0.595940200557439,0.5968004878379849,false,0.0,0.0,5.991462752596988e-07,true,true,0,0.0,0.0,5.991462752596988e-07,true,0,0,true,2981852,258656,0,NA,0.4274231,0,0,0,0,0,0,0,0,0,0,NA
E2,pooled,native,SPLIT,float,libstdc++,0.505,0.004999995231628418,5,5000000,2015937,2984063,2984063,0,2015937,2984063,0,0,0,0,0,0,0.5968126,0.5963824766163116,0.5972426112670228,false,0.5968126,0.5963824766163116,0.5972426112670228,false,0.0,0.0,5.991462752596988e-07,true,true,0,0.0,0.0,5.991462752596988e-07,true,0,0,true,2984063,257092,0,NA,0.31204,0,0,0,0,0,0,0,0,0,0,NA
E2,pooled,native,LOG,float,libc++,0.51,0.009999990463256836,5,5000000,4156617,843383,0,843383,4156617,0,0,0,0,843383,0,0,0.1686766,0.1683484640015097,0.16900511973403884,false,0.0,0.0,5.991462752596988e-07,true,0.1686766,0.1683484640015097,0.16900511973403884,false,true,0,0.0,0.0,5.991462752596988e-07,true,0,843383,false,1777038,0,0,NA,0.521613,0,0,0,0,0,0,0,0,0,0,NA
E2,pooled,native,LOG,float,libstdc++,0.51,0.009999990463256836,5,5000000,4156459,843541,0,843541,4156459,0,0,0,0,843541,0,0,0.1687082,0.16838003947832314,0.16903674422061743,false,0.0,0.0,5.991462752596988e-07,true,0.1687082,0.16838003947832314,0.16903674422061743,false,true,0,0.0,0.0,5.991462752596988e-07,true,0,843541,false,1777648,0,0,NA,0.357136,0,0,0,0,0,0,0,0,0,0,NA
E2,pooled,native,QF,float,libc++,0.51,0.009999990463256836,5,5000000,2929723,2070277,2070277,0,2929723,1776854,293423,0,0,0,0,0,0.4140554,0.4136236115519178,0.4144872879786277,false,0.4140554,0.4136236115519178,0.4144872879786277,false,0.0,0.0,5.991462752596988e-07,true,true,0,0.0,0.0,5.991462752596988e-07,true,0,0,true,1776854,321500,0,NA,0.4420431,0,0,0,0,0,0,0,0,0,0,NA
E2,pooled,native,QF,float,libstdc++,0.51,0.009999990463256836,5,5000000,2927361,2072639,2072639,0,2927361,1778809,293830,0,0,0,0,0,0.4145278,0.4140959392336078,0.4149597597498473,false,0.4145278,0.4140959392336078,0.4149597597498473,false,0.0,0.0,5.991462752596988e-07,true,true,0,0.0,0.0,5.991462752596988e-07,true,0,0,true,1778809,321744,0,NA,0.325912,0,0,0,0,0,0,0,0,0,0,NA
E2,pooled,native,SPLIT,float,libc++,0.51,0.009999990463256836,5,5000000,3223146,1776854,1776854,0,3223146,1776854,0,0,0,0,0,0,0.3553708,0.3549512577809665,0.35579050971241594,false,0.3553708,0.3549512577809665,0.35579050971241594,false,0.0,0.0,5.991462752596988e-07,true,true,0,0.0,0.0,5.991462752596988e-07,true,0,0,true,1776854,321500,0,NA,0.44197190000000003,0,0,0,0,0,0,0,0,0,0,NA
E2,pooled,native,SPLIT,float,libstdc++,0.51,0.009999990463256836,5,5000000,3221191,1778809,1778809,0,3221191,1778809,0,0,0,0,0,0,0.3557618,0.35534215414544296,0.3561816128951167,false,0.3557618,0.35534215414544296,0.3561816128951167,false,0.0,0.0,5.991462752596988e-07,true,true,0,0.0,0.0,5.991462752596988e-07,true,0,0,true,1778809,321744,0,NA,0.323208,0,0,0,0,0,0,0,0,0,0,NA
E2,pooled,native,LOG,float,libc++,0.55,0.050000011920928955,5,5000000,4999367,633,0,633,4999367,0,0,0,0,633,0,0,0.0001266,0.00011692899002353798,0.00013685746808029248,false,0.0,0.0,5.991462752596988e-07,true,0.0001266,0.00011692899002353798,0.00013685746808029248,false,true,0,0.0,0.0,5.991462752596988e-07,true,0,633,false,28262,0,0,NA,0.4805113,0,0,0,0,0,0,0,0,0,0,NA
E2,pooled,native,LOG,float,libstdc++,0.55,0.050000011920928955,5,5000000,4999330,670,0,670,4999330,0,0,0,0,670,0,0,0.000134,0.00012404486166787092,0.0001445413722087828,false,0.0,0.0,5.991462752596988e-07,true,0.000134,0.00012404486166787092,0.0001445413722087828,false,true,0,0.0,0.0,5.991462752596988e-07,true,0,670,false,28488,0,0,NA,0.34654,0,0,0,0,0,0,0,0,0,0,NA
E2,pooled,native,QF,float,libc++,0.55,0.050000011920928955,5,5000000,4939140,60860,60860,0,4939140,28179,32681,0,0,0,0,0,0.012172,0.012076068976754464,0.012268496571917949,false,0.012172,0.012076068976754464,0.012268496571917949,false,0.0,0.0,5.991462752596988e-07,true,true,0,0.0,0.0,5.991462752596988e-07,true,0,0,true,28179,36784,0,NA,0.4262685,0,0,0,0,0,0,0,0,0,0,NA
E2,pooled,native,QF,float,libstdc++,0.55,0.050000011920928955,5,5000000,4938750,61250,61250,0,4938750,28673,32577,0,0,0,0,0,0.01225,0.012153765274764515,0.012346800181027906,false,0.01225,0.012153765274764515,0.012346800181027906,false,0.0,0.0,5.991462752596988e-07,true,true,0,0.0,0.0,5.991462752596988e-07,true,0,0,true,28673,36606,0,NA,0.299968,0,0,0,0,0,0,0,0,0,0,NA
E2,pooled,native,SPLIT,float,libc++,0.55,0.050000011920928955,5,5000000,4971821,28179,28179,0,4971821,28179,0,0,0,0,0,0,0.0056358,0.005570369807304753,0.0057018036857307206,false,0.0056358,0.005570369807304753,0.0057018036857307206,false,0.0,0.0,5.991462752596988e-07,true,true,0,0.0,0.0,5.991462752596988e-07,true,0,0,true,28179,36784,0,NA,0.4245502,0,0,0,0,0,0,0,0,0,0,NA
E2,pooled,native,SPLIT,float,libstdc++,0.55,0.050000011920928955,5,5000000,4971327,28673,28673,0,4971327,28673,0,0,0,0,0,0,0.0057346,0.005668600380622819,0.0058011729878581055,false,0.0057346,0.005668600380622819,0.0058011729878581055,false,0.0,0.0,5.991462752596988e-07,true,true,0,0.0,0.0,5.991462752596988e-07,true,0,0,true,28673,36606,0,NA,0.300082,0,0,0,0,0,0,0,0,0,0,NA
E2,pooled,native,LOG,float,libc++,0.6,0.10000002384185791,5,5000000,5000000,0,0,0,5000000,0,0,0,0,0,0,0,0.0,0.0,5.991462752596988e-07,true,0.0,0.0,5.991462752596988e-07,true,0.0,0.0,5.991462752596988e-07,true,true,0,0.0,0.0,5.991462752596988e-07,true,0,0,true,154,0,0,NA,0.4962217,0,0,0,0,0,0,0,0,0,0,NA
E2,pooled,native,LOG,float,libstdc++,0.6,0.10000002384185791,5,5000000,5000000,0,0,0,5000000,0,0,0,0,0,0,0,0.0,0.0,5.991462752596988e-07,true,0.0,0.0,5.991462752596988e-07,true,0.0,0.0,5.991462752596988e-07,true,true,0,0.0,0.0,5.991462752596988e-07,true,0,0,true,137,0,0,NA,0.364397,0,0,0,0,0,0,0,0,0,0,NA
E2,pooled,native,QF,float,libc++,0.6,0.10000002384185791,5,5000000,4999321,679,679,0,4999321,163,516,0,0,0,0,0,0.0001358,0.00012577694514959124,0.0001464092368579607,false,0.0001358,0.00012577694514959124,0.0001464092368579607,false,0.0,0.0,5.991462752596988e-07,true,true,0,0.0,0.0,5.991462752596988e-07,true,0,0,true,163,624,0,NA,0.4421793,0,0,0,0,0,0,0,0,0,0,NA
E2,pooled,native,QF,float,libstdc++,0.6,0.10000002384185791,5,5000000,4999272,728,728,0,4999272,165,563,0,0,0,0,0,0.0001456,0.00013521483094956923,0.00015657108499395265,false,0.0001456,0.00013521483094956923,0.00015657108499395265,false,0.0,0.0,5.991462752596988e-07,true,true,0,0.0,0.0,5.991462752596988e-07,true,0,0,true,165,669,0,NA,0.314088,0,0,0,0,0,0,0,0,0,0,NA
E2,pooled,native,SPLIT,float,libc++,0.6,0.10000002384185791,5,5000000,4999837,163,163,0,4999837,163,0,0,0,0,0,0,3.26e-05,2.7787472424424216e-05,3.8006519466950834e-05,false,3.26e-05,2.7787472424424216e-05,3.8006519466950834e-05,false,0.0,0.0,5.991462752596988e-07,true,true,0,0.0,0.0,5.991462752596988e-07,true,0,0,true,163,624,0,NA,0.4404703,0,0,0,0,0,0,0,0,0,0,NA
E2,pooled,native,SPLIT,float,libstdc++,0.6,0.10000002384185791,5,5000000,4999835,165,165,0,4999835,165,0,0,0,0,0,0,3.3e-05,2.815684877192659e-05,3.843705162708496e-05,false,3.3e-05,2.815684877192659e-05,3.843705162708496e-05,false,0.0,0.0,5.991462752596988e-07,true,true,0,0.0,0.0,5.991462752596988e-07,true,0,0,true,165,669,0,NA,0.313794,0,0,0,0,0,0,0,0,0,0,NA
E2,pooled,native,LOG,float,libc++,0.75,0.25,5,5000000,5000000,0,0,0,5000000,0,0,0,0,0,0,0,0.0,0.0,5.991462752596988e-07,true,0.0,0.0,5.991462752596988e-07,true,0.0,0.0,5.991462752596988e-07,true,true,0,0.0,0.0,5.991462752596988e-07,true,0,0,true,0,0,0,NA,0.544611,0,0,0,0,0,0,0,0,0,0,NA
E2,pooled,native,LOG,float,libstdc++,0.75,0.25,5,5000000,5000000,0,0,0,5000000,0,0,0,0,0,0,0,0.0,0.0,5.991462752596988e-07,true,0.0,0.0,5.991462752596988e-07,true,0.0,0.0,5.991462752596988e-07,true,true,0,0.0,0.0,5.991462752596988e-07,true,0,0,true,0,0,0,NA,0.414995,0,0,0,0,0,0,0,0,0,0,NA
E2,pooled,native,QF,float,libc++,0.75,0.25,5,5000000,5000000,0,0,0,5000000,0,0,0,0,0,0,0,0.0,0.0,5.991462752596988e-07,true,0.0,0.0,5.991462752596988e-07,true,0.0,0.0,5.991462752596988e-07,true,true,0,0.0,0.0,5.991462752596988e-07,true,0,0,true,0,0,0,NA,0.4793544,0,0,0,0,0,0,0,0,0,0,NA
E2,pooled,native,QF,float,libstdc++,0.75,0.25,5,5000000,5000000,0,0,0,5000000,0,0,0,0,0,0,0,0.0,0.0,5.991462752596988e-07,true,0.0,0.0,5.991462752596988e-07,true,0.0,0.0,5.991462752596988e-07,true,true,0,0.0,0.0,5.991462752596988e-07,true,0,0,true,0,0,0,NA,0.33892,0,0,0,0,0,0,0,0,0,0,NA
E2,pooled,native,SPLIT,float,libc++,0.75,0.25,5,5000000,5000000,0,0,0,5000000,0,0,0,0,0,0,0,0.0,0.0,5.991462752596988e-07,true,0.0,0.0,5.991462752596988e-07,true,0.0,0.0,5.991462752596988e-07,true,true,0,0.0,0.0,5.991462752596988e-07,true,0,0,true,0,0,0,NA,0.4761908,0,0,0,0,0,0,0,0,0,0,NA
E2,pooled,native,SPLIT,float,libstdc++,0.75,0.25,5,5000000,5000000,0,0,0,5000000,0,0,0,0,0,0,0,0.0,0.0,5.991462752596988e-07,true,0.0,0.0,5.991462752596988e-07,true,0.0,0.0,5.991462752596988e-07,true,true,0,0.0,0.0,5.991462752596988e-07,true,0,0,true,0,0,0,NA,0.337179,0,0,0,0,0,0,0,0,0,0,NA
E2,pooled,native,LOG,float,libc++,1,0.5,5,5000000,5000000,0,0,0,5000000,0,0,0,0,0,0,0,0.0,0.0,5.991462752596988e-07,true,0.0,0.0,5.991462752596988e-07,true,0.0,0.0,5.991462752596988e-07,true,true,0,0.0,0.0,5.991462752596988e-07,true,0,0,true,0,0,0,NA,0.61461,0,0,0,0,0,0,0,0,0,0,NA
E2,pooled,native,LOG,float,libstdc++,1,0.5,5,5000000,5000000,0,0,0,5000000,0,0,0,0,0,0,0,0.0,0.0,5.991462752596988e-07,true,0.0,0.0,5.991462752596988e-07,true,0.0,0.0,5.991462752596988e-07,true,true,0,0.0,0.0,5.991462752596988e-07,true,0,0,true,0,0,0,NA,0.489312,0,0,0,0,0,0,0,0,0,0,NA
E2,pooled,native,QF,float,libc++,1,0.5,5,5000000,5000000,0,0,0,5000000,0,0,0,0,0,0,0,0.0,0.0,5.991462752596988e-07,true,0.0,0.0,5.991462752596988e-07,true,0.0,0.0,5.991462752596988e-07,true,true,0,0.0,0.0,5.991462752596988e-07,true,0,0,true,0,0,0,NA,0.514717,0,0,0,0,0,0,0,0,0,0,NA
E2,pooled,native,QF,float,libstdc++,1,0.5,5,5000000,5000000,0,0,0,5000000,0,0,0,0,0,0,0,0.0,0.0,5.991462752596988e-07,true,0.0,0.0,5.991462752596988e-07,true,0.0,0.0,5.991462752596988e-07,true,true,0,0.0,0.0,5.991462752596988e-07,true,0,0,true,0,0,0,NA,0.35567000000000004,0,0,0,0,0,0,0,0,0,0,NA
E2,pooled,native,SPLIT,float,libc++,1,0.5,5,5000000,5000000,0,0,0,5000000,0,0,0,0,0,0,0,0.0,0.0,5.991462752596988e-07,true,0.0,0.0,5.991462752596988e-07,true,0.0,0.0,5.991462752596988e-07,true,true,0,0.0,0.0,5.991462752596988e-07,true,0,0,true,0,0,0,NA,0.514596,0,0,0,0,0,0,0,0,0,0,NA
E2,pooled,native,SPLIT,float,libstdc++,1,0.5,5,5000000,5000000,0,0,0,5000000,0,0,0,0,0,0,0,0.0,0.0,5.991462752596988e-07,true,0.0,0.0,5.991462752596988e-07,true,0.0,0.0,5.991462752596988e-07,true,true,0,0.0,0.0,5.991462752596988e-07,true,0,0,true,0,0,0,NA,0.356439,0,0,0,0,0,0,0,0,0,0,NA
E2,pooled,native,LOG,float,libc++,1.5,1.0,5,5000000,5000000,0,0,0,5000000,0,0,0,0,0,0,0,0.0,0.0,5.991462752596988e-07,true,0.0,0.0,5.991462752596988e-07,true,0.0,0.0,5.991462752596988e-07,true,true,0,0.0,0.0,5.991462752596988e-07,true,0,0,true,0,0,0,NA,0.4790125,0,0,0,0,0,0,0,0,0,0,NA
E2,pooled,native,LOG,float,libstdc++,1.5,1.0,5,5000000,5000000,0,0,0,5000000,0,0,0,0,0,0,0,0.0,0.0,5.991462752596988e-07,true,0.0,0.0,5.991462752596988e-07,true,0.0,0.0,5.991462752596988e-07,true,true,0,0.0,0.0,5.991462752596988e-07,true,0,0,true,0,0,0,NA,0.410757,0,0,0,0,0,0,0,0,0,0,NA
E2,pooled,native,QF,float,libc++,1.5,1.0,5,5000000,5000000,0,0,0,5000000,0,0,0,0,0,0,0,0.0,0.0,5.991462752596988e-07,true,0.0,0.0,5.991462752596988e-07,true,0.0,0.0,5.991462752596988e-07,true,true,0,0.0,0.0,5.991462752596988e-07,true,0,0,true,0,0,0,NA,0.42334289999999997,0,0,0,0,0,0,0,0,0,0,NA
E2,pooled,native,QF,float,libstdc++,1.5,1.0,5,5000000,5000000,0,0,0,5000000,0,0,0,0,0,0,0,0.0,0.0,5.991462752596988e-07,true,0.0,0.0,5.991462752596988e-07,true,0.0,0.0,5.991462752596988e-07,true,true,0,0.0,0.0,5.991462752596988e-07,true,0,0,true,0,0,0,NA,0.354419,0,0,0,0,0,0,0,0,0,0,NA
E2,pooled,native,SPLIT,float,libc++,1.5,1.0,5,5000000,5000000,0,0,0,5000000,0,0,0,0,0,0,0,0.0,0.0,5.991462752596988e-07,true,0.0,0.0,5.991462752596988e-07,true,0.0,0.0,5.991462752596988e-07,true,true,0,0.0,0.0,5.991462752596988e-07,true,0,0,true,0,0,0,NA,0.42295910000000003,0,0,0,0,0,0,0,0,0,0,NA
E2,pooled,native,SPLIT,float,libstdc++,1.5,1.0,5,5000000,5000000,0,0,0,5000000,0,0,0,0,0,0,0,0.0,0.0,5.991462752596988e-07,true,0.0,0.0,5.991462752596988e-07,true,0.0,0.0,5.991462752596988e-07,true,true,0,0.0,0.0,5.991462752596988e-07,true,0,0,true,0,0,0,NA,0.35157099999999997,0,0,0,0,0,0,0,0,0,0,NA
E2,pooled,native,LOG,float,libc++,2,1.5,5,5000000,5000000,0,0,0,5000000,0,0,0,0,0,0,0,0.0,0.0,5.991462752596988e-07,true,0.0,0.0,5.991462752596988e-07,true,0.0,0.0,5.991462752596988e-07,true,true,0,0.0,0.0,5.991462752596988e-07,true,0,0,true,0,0,0,NA,0.67793,0,0,0,0,0,0,0,0,0,0,NA
E2,pooled,native,LOG,float,libstdc++,2,1.5,5,5000000,5000000,0,0,0,5000000,0,0,0,0,0,0,0,0.0,0.0,5.991462752596988e-07,true,0.0,0.0,5.991462752596988e-07,true,0.0,0.0,5.991462752596988e-07,true,true,0,0.0,0.0,5.991462752596988e-07,true,0,0,true,0,0,0,NA,0.412807,0,0,0,0,0,0,0,0,0,0,NA
E2,pooled,native,QF,float,libc++,2,1.5,5,5000000,5000000,0,0,0,5000000,0,0,0,0,0,0,0,0.0,0.0,5.991462752596988e-07,true,0.0,0.0,5.991462752596988e-07,true,0.0,0.0,5.991462752596988e-07,true,true,0,0.0,0.0,5.991462752596988e-07,true,0,0,true,0,0,0,NA,0.620208,0,0,0,0,0,0,0,0,0,0,NA
E2,pooled,native,QF,float,libstdc++,2,1.5,5,5000000,5000000,0,0,0,5000000,0,0,0,0,0,0,0,0.0,0.0,5.991462752596988e-07,true,0.0,0.0,5.991462752596988e-07,true,0.0,0.0,5.991462752596988e-07,true,true,0,0.0,0.0,5.991462752596988e-07,true,0,0,true,0,0,0,NA,0.357206,0,0,0,0,0,0,0,0,0,0,NA
E2,pooled,native,SPLIT,float,libc++,2,1.5,5,5000000,5000000,0,0,0,5000000,0,0,0,0,0,0,0,0.0,0.0,5.991462752596988e-07,true,0.0,0.0,5.991462752596988e-07,true,0.0,0.0,5.991462752596988e-07,true,true,0,0.0,0.0,5.991462752596988e-07,true,0,0,true,0,0,0,NA,0.619615,0,0,0,0,0,0,0,0,0,0,NA
E2,pooled,native,SPLIT,float,libstdc++,2,1.5,5,5000000,5000000,0,0,0,5000000,0,0,0,0,0,0,0,0.0,0.0,5.991462752596988e-07,true,0.0,0.0,5.991462752596988e-07,true,0.0,0.0,5.991462752596988e-07,true,true,0,0.0,0.0,5.991462752596988e-07,true,0,0,true,0,0,0,NA,0.354553,0,0,0,0,0,0,0,0,0,0,NA
E2,pooled,native,LOG,float,libc++,5,4.5,5,5000000,5000000,0,0,0,5000000,0,0,0,0,0,0,0,0.0,0.0,5.991462752596988e-07,true,0.0,0.0,5.991462752596988e-07,true,0.0,0.0,5.991462752596988e-07,true,true,0,0.0,0.0,5.991462752596988e-07,true,0,0,true,0,0,0,NA,0.633968,0,0,0,0,0,0,0,0,0,0,NA
E2,pooled,native,LOG,float,libstdc++,5,4.5,5,5000000,5000000,0,0,0,5000000,0,0,0,0,0,0,0,0.0,0.0,5.991462752596988e-07,true,0.0,0.0,5.991462752596988e-07,true,0.0,0.0,5.991462752596988e-07,true,true,0,0.0,0.0,5.991462752596988e-07,true,0,0,true,0,0,0,NA,0.411112,0,0,0,0,0,0,0,0,0,0,NA
E2,pooled,native,QF,float,libc++,5,4.5,5,5000000,5000000,0,0,0,5000000,0,0,0,0,0,0,0,0.0,0.0,5.991462752596988e-07,true,0.0,0.0,5.991462752596988e-07,true,0.0,0.0,5.991462752596988e-07,true,true,0,0.0,0.0,5.991462752596988e-07,true,0,0,true,0,0,0,NA,0.577269,0,0,0,0,0,0,0,0,0,0,NA
E2,pooled,native,QF,float,libstdc++,5,4.5,5,5000000,5000000,0,0,0,5000000,0,0,0,0,0,0,0,0.0,0.0,5.991462752596988e-07,true,0.0,0.0,5.991462752596988e-07,true,0.0,0.0,5.991462752596988e-07,true,true,0,0.0,0.0,5.991462752596988e-07,true,0,0,true,0,0,0,NA,0.35127200000000003,0,0,0,0,0,0,0,0,0,0,NA
E2,pooled,native,SPLIT,float,libc++,5,4.5,5,5000000,5000000,0,0,0,5000000,0,0,0,0,0,0,0,0.0,0.0,5.991462752596988e-07,true,0.0,0.0,5.991462752596988e-07,true,0.0,0.0,5.991462752596988e-07,true,true,0,0.0,0.0,5.991462752596988e-07,true,0,0,true,0,0,0,NA,0.580203,0,0,0,0,0,0,0,0,0,0,NA
E2,pooled,native,SPLIT,float,libstdc++,5,4.5,5,5000000,5000000,0,0,0,5000000,0,0,0,0,0,0,0,0.0,0.0,5.991462752596988e-07,true,0.0,0.0,5.991462752596988e-07,true,0.0,0.0,5.991462752596988e-07,true,true,0,0.0,0.0,5.991462752596988e-07,true,0,0,true,0,0,0,NA,0.352054,0,0,0,0,0,0,0,0,0,0,NA
E2,pooled,paired,LOG,double,libc++,0.5001,9.999999999998899e-05,5,5000000,661633,4338367,0,4338367,661633,0,0,0,0,4338367,0,0,0.8676734,0.8673760813836622,0.8679702927625117,false,0.0,0.0,5.991462752596988e-07,true,0.8676734,0.8673760813836622,0.8679702927625117,false,true,4338367,0.8676734,0.8673760813836622,0.8679702927625117,false,3527,0,true,4641456,17009,0,0.00040980113229987147,0,3527,3527,317764,3208,615,65,4336563,870,341531,35,NA
E2,pooled,paired,LOG,double,libstdc++,0.5001,9.999999999998899e-05,5,5000000,663228,4336772,0,4336772,663228,0,0,0,0,4336772,0,0,0.8673544,0.867056778455896,0.8676515960599425,false,0.0,0.0,5.991462752596988e-07,true,0.8673544,0.867056778455896,0.8676515960599425,false,true,4336772,0.8673544,0.867056778455896,0.8676515960599425,false,3475,0,true,4640976,17263,0,0.0004136992420879817,0,3475,3475,319051,3232,672,69,4335043,861,341759,35,NA
E2,pooled,paired,QF,double,libc++,0.5001,9.999999999998899e-05,5,5000000,342146,4657854,319487,4338367,342146,303089,16398,0,0,4338367,0,0,0.9315708,0.9313491447315301,0.9317919553298302,false,0.0638974,0.06368318137784004,0.0641121238202979,false,0.8676734,0.8673760813836622,0.8679702927625117,false,true,4338367,0.8676734,0.8673760813836622,0.8679702927625117,false,3527,0,true,4641456,17009,0,0.00040980113229987147,0,3527,3527,317764,3208,615,65,4336563,870,341531,35,NA
E2,pooled,paired,QF,double,libstdc++,0.5001,9.999999999998899e-05,5,5000000,342431,4657569,320797,4336772,342431,304204,16593,0,0,4336772,0,0,0.9315138,0.931292059386106,0.9317350407413998,false,0.0641594,0.06394477224323422,0.0643745326507988,false,0.8673544,0.867056778455896,0.8676515960599425,false,true,4336772,0.8673544,0.867056778455896,0.8676515960599425,false,3475,0,true,4640976,17263,0,0.0004136992420879817,0,3475,3475,319051,3232,672,69,4335043,861,341759,35,NA
E2,pooled,paired,SPLIT,double,libc++,0.5001,9.999999999998899e-05,5,5000000,358544,4641456,303089,4338367,358544,303089,0,0,0,4338367,0,0,0.9282912,0.9280647045938111,0.9285171992730538,false,0.0606178,0.06040879171401521,0.06082731729117501,false,0.8676734,0.8673760813836622,0.8679702927625117,false,true,4338367,0.8676734,0.8673760813836622,0.8679702927625117,false,3527,0,true,4641456,17009,0,0.00040980113229987147,0,3527,3527,317764,3208,615,65,4336563,870,341531,35,NA
E2,pooled,paired,SPLIT,double,libstdc++,0.5001,9.999999999998899e-05,5,5000000,359024,4640976,304204,4336772,359024,304204,0,0,0,4336772,0,0,0.9281952,0.9279685650248755,0.9284213389533789,false,0.0608408,0.060631432079134996,0.06105067666716699,false,0.8673544,0.867056778455896,0.8676515960599425,false,true,4336772,0.8673544,0.867056778455896,0.8676515960599425,false,3475,0,true,4640976,17263,0,0.0004136992420879817,0,3475,3475,319051,3232,672,69,4335043,861,341759,35,NA
E2,pooled,paired,LOG,double,libc++,0.501,0.0010000000000000009,5,5000000,3792359,1207641,0,1207641,3792359,0,0,0,0,1207641,0,0,0.2415282,0.2411530895697333,0.24190360977461667,false,0.0,0.0,5.991462752596988e-07,true,0.2415282,0.2411530895697333,0.24190360977461667,false,true,1207641,0.2415282,0.2411530895697333,0.24190360977461667,false,9705,0,true,2375957,88463,0,0.00027524833194147525,0,9705,9705,1248488,12606,3414,343,1202828,254,2535565,255,NA
E2,pooled,paired,LOG,double,libstdc++,0.501,0.0010000000000000009,5,5000000,3791426,1208574,0,1208574,3791426,0,0,0,0,1208574,0,0,0.2417148,0.24133959073827654,0.24209030838994078,false,0.0,0.0,5.991462752596988e-07,true,0.2417148,0.24133959073827654,0.24209030838994078,false,true,1208574,0.2417148,0.24133959073827654,0.24209030838994078,false,9555,0,true,2374881,88096,0,0.00028165779988434516,0,9555,9555,1246308,12570,3385,340,1203750,251,2537002,255,NA
E2,pooled,paired,QF,double,libc++,0.501,0.0010000000000000009,5,5000000,2538979,2461021,1253380,1207641,2538979,1168316,85064,0,0,1207641,0,0,0.4922042,0.49176589662333764,0.4926425124047684,false,0.250676,0.2502961575757075,0.2510561311730055,false,0.2415282,0.2411530895697333,0.24190360977461667,false,true,1207641,0.2415282,0.2411530895697333,0.24190360977461667,false,9705,0,true,2375957,88463,0,0.00027524833194147525,0,9705,9705,1248488,12606,3414,343,1202828,254,2535565,255,NA
E2,pooled,paired,QF,double,libstdc++,0.501,0.0010000000000000009,5,5000000,2540387,2459613,1251039,1208574,2540387,1166307,84732,0,0,1208574,0,0,0.4919226,0.49148430070486415,0.492360908649381,false,0.2502078,0.24982819422639452,0.2505876950646196,false,0.2417148,0.24133959073827654,0.24209030838994078,false,true,1208574,0.2417148,0.24133959073827654,0.24209030838994078,false,9555,0,true,2374881,88096,0,0.00028165779988434516,0,9555,9555,1246308,12570,3385,340,1203750,251,2537002,255,NA
E2,pooled,paired,SPLIT,double,libc++,0.501,0.0010000000000000009,5,5000000,2624043,2375957,1168316,1207641,2624043,1168316,0,0,0,1207641,0,0,0.4751914,0.474753593003498,0.4756292357266683,false,0.2336632,0.23329234468474327,0.2340343637695534,false,0.2415282,0.2411530895697333,0.24190360977461667,false,true,1207641,0.2415282,0.2411530895697333,0.24190360977461667,false,9705,0,true,2375957,88463,0,0.00027524833194147525,0,9705,9705,1248488,12606,3414,343,1202828,254,2535565,255,NA
E2,pooled,paired,SPLIT,double,libstdc++,0.501,0.0010000000000000009,5,5000000,2625119,2374881,1166307,1208574,2625119,1166307,0,0,0,1208574,0,0,0.4749762,0.47453840253955093,0.47541402643984115,false,0.2332614,0.23289076681696425,0.23363234210273956,false,0.2417148,0.24133959073827654,0.24209030838994078,false,true,1208574,0.2417148,0.24133959073827654,0.24209030838994078,false,9555,0,true,2374881,88096,0,0.00028165779988434516,0,9555,9555,1246308,12570,3385,340,1203750,251,2537002,255,NA
E2,pooled,paired,LOG,double,libc++,0.505,0.0050000000000000044,5,5000000,4995933,4067,0,4067,4995933,0,0,0,0,4067,0,0,0.0008134,0.0007886011012578936,0.0008387798808377632,false,0.0,0.0,5.991462752596988e-07,true,0.0008134,0.0007886011012578936,0.0008387798808377632,false,true,4067,0.0008134,0.0007886011012578936,0.0008387798808377632,false,165,0,true,120495,24240,0,3.9458174376739435e-05,0,165,165,139613,1409,985,101,3983,5,4855254,490,NA
E2,pooled,paired,LOG,double,libstdc++,0.505,0.0050000000000000044,5,5000000,4995983,4017,0,4017,4995983,0,0,0,0,4017,0,0,0.0008034,0.0007787550656970521,0.0008286259469812543,false,0.0,0.0,5.991462752596988e-07,true,0.0008034,0.0007787550656970521,0.0008286259469812543,false,true,4017,0.0008034,0.0007787550656970521,0.0008286259469812543,false,181,0,true,121409,24251,0,3.924827591292911e-05,0,181,181,140532,1419,1034,105,3919,5,4854334,490,NA
E2,pooled,paired,QF,double,libc++,0.505,0.0050000000000000044,5,5000000,4856239,143761,139694,4067,4856239,116428,23266,0,0,4067,0,0,0.0287522,0.028605897868939842,0.02889904819919005,false,0.0279388,0.027794524646786625,0.028083622370828003,false,0.0008134,0.0007886011012578936,0.0008387798808377632,false,true,4067,0.0008134,0.0007886011012578936,0.0008387798808377632,false,165,0,true,120495,24240,0,3.9458174376739435e-05,0,165,165,139613,1409,985,101,3983,5,4855254,490,NA
E2,pooled,paired,QF,double,libstdc++,0.505,0.0050000000000000044,5,5000000,4855368,144632,140615,4017,4855368,117392,23223,0,0,4017,0,0,0.0289264,0.02877966789222652,0.029073677972600537,false,0.028123,0.02797826288008726,0.028268283922481218,false,0.0008034,0.0007787550656970521,0.0008286259469812543,false,true,4017,0.0008034,0.0007787550656970521,0.0008286259469812543,false,181,0,true,121409,24251,0,3.924827591292911e-05,0,181,181,140532,1419,1034,105,3919,5,4854334,490,NA
E2,pooled,paired,SPLIT,double,libc++,0.505,0.0050000000000000044,5,5000000,4879505,120495,116428,4067,4879505,116428,0,0,0,4067,0,0,0.024099,0.02396475512481927,0.024233796380037434,false,0.0232856,0.023153588524533805,0.02341816393214084,false,0.0008134,0.0007886011012578936,0.0008387798808377632,false,true,4067,0.0008134,0.0007886011012578936,0.0008387798808377632,false,165,0,true,120495,24240,0,3.9458174376739435e-05,0,165,165,139613,1409,985,101,3983,5,4855254,490,NA
E2,pooled,paired,SPLIT,double,libstdc++,0.505,0.0050000000000000044,5,5000000,4878591,121409,117392,4017,4878591,117392,0,0,0,4017,0,0,0.0242818,0.024147058804523287,0.02441709248649487,false,0.0234784,0.0233458553990063,0.023611496832012954,false,0.0008034,0.0007787550656970521,0.0008286259469812543,false,true,4017,0.0008034,0.0007787550656970521,0.0008286259469812543,false,181,0,true,121409,24251,0,3.924827591292911e-05,0,181,181,140532,1419,1034,105,3919,5,4854334,490,NA
E2,pooled,paired,LOG,double,libc++,0.51,0.010000000000000009,5,5000000,4999995,5,0,5,4999995,0,0,0,0,5,0,0,1e-06,3.246973551884662e-07,2.3336648596986128e-06,false,0.0,0.0,5.991462752596988e-07,true,1e-06,3.246973551884662e-07,2.3336648596986128e-06,false,true,5,1e-06,3.246973551884662e-07,2.3336648596986128e-06,false,0,0,true,2837,1308,0,1.9391363600411416e-06,0,0,0,4088,44,52,7,5,4,4995855,500,NA
E2,pooled,paired,LOG,double,libstdc++,0.51,0.010000000000000009,5,5000000,4999995,5,0,5,4999995,0,0,0,0,5,0,0,1e-06,3.246973551884662e-07,2.3336648596986128e-06,false,0.0,0.0,5.991462752596988e-07,true,1e-06,3.246973551884662e-07,2.3336648596986128e-06,false,true,5,1e-06,3.246973551884662e-07,2.3336648596986128e-06,false,0,0,true,2814,1275,0,1.3396150030747627e-06,0,0,0,4028,43,57,9,5,3,4995910,500,NA
E2,pooled,paired,QF,double,libc++,0.51,0.010000000000000009,5,5000000,4995907,4093,4088,5,4995907,2832,1256,0,0,5,0,0,0.0008186,0.0007937214146494472,0.0008440595516808256,false,0.0008176,0.0007927367192492472,0.0008430442501056234,false,1e-06,3.246973551884662e-07,2.3336648596986128e-06,false,true,5,1e-06,3.246973551884662e-07,2.3336648596986128e-06,false,0,0,true,2837,1308,0,1.9391363600411416e-06,0,0,0,4088,44,52,7,5,4,4995855,500,NA
E2,pooled,paired,QF,double,libstdc++,0.51,0.010000000000000009,5,5000000,4995967,4033,4028,5,4995967,2809,1219,0,0,5,0,0,0.0008066,0.0007819056930998896,0.0008318753097536218,false,0.0008056,0.0007809211114733593,0.0008308598944464889,false,1e-06,3.246973551884662e-07,2.3336648596986128e-06,false,true,5,1e-06,3.246973551884662e-07,2.3336648596986128e-06,false,0,0,true,2814,1275,0,1.3396150030747627e-06,0,0,0,4028,43,57,9,5,3,4995910,500,NA
E2,pooled,paired,SPLIT,double,libc++,0.51,0.010000000000000009,5,5000000,4997163,2837,2832,5,4997163,2832,0,0,0,5,0,0,0.0005674,0.0005467167662713344,0.0005886651046588643,false,0.0005664,0.0005457351586185964,0.0005876467167015129,false,1e-06,3.246973551884662e-07,2.3336648596986128e-06,false,true,5,1e-06,3.246973551884662e-07,2.3336648596986128e-06,false,0,0,true,2837,1308,0,1.9391363600411416e-06,0,0,0,4088,44,52,7,5,4,4995855,500,NA
E2,pooled,paired,SPLIT,double,libstdc++,0.51,0.010000000000000009,5,5000000,4997186,2814,2809,5,4997186,2809,0,0,0,5,0,0,0.0005628,0.0005422015061069221,0.0005839803850879355,false,0.0005618,0.0005412199736617896,0.000582961921962624,false,1e-06,3.246973551884662e-07,2.3336648596986128e-06,false,true,5,1e-06,3.246973551884662e-07,2.3336648596986128e-06,false,0,0,true,2814,1275,0,1.3396150030747627e-06,0,0,0,4028,43,57,9,5,3,4995910,500,NA
E2,pooled,paired,LOG,double,libc++,0.55,0.050000000000000044,5,5000000,5000000,0,0,0,5000000,0,0,0,0,0,0,0,0.0,0.0,5.991462752596988e-07,true,0.0,0.0,5.991462752596988e-07,true,0.0,0.0,5.991462752596988e-07,true,true,0,0.0,0.0,5.991462752596988e-07,true,0,0,true,0,0,0,6.80462983612003e-16,0,0,0,0,0,0,0,0,0,5000000,500,NA
E2,pooled,paired,LOG,double,libstdc++,0.55,0.050000000000000044,5,5000000,5000000,0,0,0,5000000,0,0,0,0,0,0,0,0.0,0.0,5.991462752596988e-07,true,0.0,0.0,5.991462752596988e-07,true,0.0,0.0,5.991462752596988e-07,true,true,0,0.0,0.0,5.991462752596988e-07,true,0,0,true,0,0,0,6.80419231905597e-16,0,0,0,0,0,0,0,0,0,5000000,500,NA
E2,pooled,paired,QF,double,libc++,0.55,0.050000000000000044,5,5000000,5000000,0,0,0,5000000,0,0,0,0,0,0,0,0.0,0.0,5.991462752596988e-07,true,0.0,0.0,5.991462752596988e-07,true,0.0,0.0,5.991462752596988e-07,true,true,0,0.0,0.0,5.991462752596988e-07,true,0,0,true,0,0,0,6.80462983612003e-16,0,0,0,0,0,0,0,0,0,5000000,500,NA
E2,pooled,paired,QF,double,libstdc++,0.55,0.050000000000000044,5,5000000,5000000,0,0,0,5000000,0,0,0,0,0,0,0,0.0,0.0,5.991462752596988e-07,true,0.0,0.0,5.991462752596988e-07,true,0.0,0.0,5.991462752596988e-07,true,true,0,0.0,0.0,5.991462752596988e-07,true,0,0,true,0,0,0,6.80419231905597e-16,0,0,0,0,0,0,0,0,0,5000000,500,NA
E2,pooled,paired,SPLIT,double,libc++,0.55,0.050000000000000044,5,5000000,5000000,0,0,0,5000000,0,0,0,0,0,0,0,0.0,0.0,5.991462752596988e-07,true,0.0,0.0,5.991462752596988e-07,true,0.0,0.0,5.991462752596988e-07,true,true,0,0.0,0.0,5.991462752596988e-07,true,0,0,true,0,0,0,6.80462983612003e-16,0,0,0,0,0,0,0,0,0,5000000,500,NA
E2,pooled,paired,SPLIT,double,libstdc++,0.55,0.050000000000000044,5,5000000,5000000,0,0,0,5000000,0,0,0,0,0,0,0,0.0,0.0,5.991462752596988e-07,true,0.0,0.0,5.991462752596988e-07,true,0.0,0.0,5.991462752596988e-07,true,true,0,0.0,0.0,5.991462752596988e-07,true,0,0,true,0,0,0,6.80419231905597e-16,0,0,0,0,0,0,0,0,0,5000000,500,NA
E2,pooled,paired,LOG,double,libc++,0.6,0.09999999999999998,5,5000000,5000000,0,0,0,5000000,0,0,0,0,0,0,0,0.0,0.0,5.991462752596988e-07,true,0.0,0.0,5.991462752596988e-07,true,0.0,0.0,5.991462752596988e-07,true,true,0,0.0,0.0,5.991462752596988e-07,true,0,0,true,0,0,0,4.0040326897951485e-16,0,0,0,0,0,0,0,0,0,5000000,500,NA
E2,pooled,paired,LOG,double,libstdc++,0.6,0.09999999999999998,5,5000000,5000000,0,0,0,5000000,0,0,0,0,0,0,0,0.0,0.0,5.991462752596988e-07,true,0.0,0.0,5.991462752596988e-07,true,0.0,0.0,5.991462752596988e-07,true,true,0,0.0,0.0,5.991462752596988e-07,true,0,0,true,0,0,0,4.01388898652219e-16,0,0,0,0,0,0,0,0,0,5000000,500,NA
E2,pooled,paired,QF,double,libc++,0.6,0.09999999999999998,5,5000000,5000000,0,0,0,5000000,0,0,0,0,0,0,0,0.0,0.0,5.991462752596988e-07,true,0.0,0.0,5.991462752596988e-07,true,0.0,0.0,5.991462752596988e-07,true,true,0,0.0,0.0,5.991462752596988e-07,true,0,0,true,0,0,0,4.0040326897951485e-16,0,0,0,0,0,0,0,0,0,5000000,500,NA
E2,pooled,paired,QF,double,libstdc++,0.6,0.09999999999999998,5,5000000,5000000,0,0,0,5000000,0,0,0,0,0,0,0,0.0,0.0,5.991462752596988e-07,true,0.0,0.0,5.991462752596988e-07,true,0.0,0.0,5.991462752596988e-07,true,true,0,0.0,0.0,5.991462752596988e-07,true,0,0,true,0,0,0,4.01388898652219e-16,0,0,0,0,0,0,0,0,0,5000000,500,NA
E2,pooled,paired,SPLIT,double,libc++,0.6,0.09999999999999998,5,5000000,5000000,0,0,0,5000000,0,0,0,0,0,0,0,0.0,0.0,5.991462752596988e-07,true,0.0,0.0,5.991462752596988e-07,true,0.0,0.0,5.991462752596988e-07,true,true,0,0.0,0.0,5.991462752596988e-07,true,0,0,true,0,0,0,4.0040326897951485e-16,0,0,0,0,0,0,0,0,0,5000000,500,NA
E2,pooled,paired,SPLIT,double,libstdc++,0.6,0.09999999999999998,5,5000000,5000000,0,0,0,5000000,0,0,0,0,0,0,0,0.0,0.0,5.991462752596988e-07,true,0.0,0.0,5.991462752596988e-07,true,0.0,0.0,5.991462752596988e-07,true,true,0,0.0,0.0,5.991462752596988e-07,true,0,0,true,0,0,0,4.01388898652219e-16,0,0,0,0,0,0,0,0,0,5000000,500,NA
E2,pooled,paired,LOG,double,libc++,0.75,0.25,5,5000000,5000000,0,0,0,5000000,0,0,0,0,0,0,0,0.0,0.0,5.991462752596988e-07,true,0.0,0.0,5.991462752596988e-07,true,0.0,0.0,5.991462752596988e-07,true,true,0,0.0,0.0,5.991462752596988e-07,true,0,0,true,0,0,0,1.4888434958431154e-16,0,0,0,0,0,0,0,0,0,5000000,500,NA
E2,pooled,paired,LOG,double,libstdc++,0.75,0.25,5,5000000,5000000,0,0,0,5000000,0,0,0,0,0,0,0,0.0,0.0,5.991462752596988e-07,true,0.0,0.0,5.991462752596988e-07,true,0.0,0.0,5.991462752596988e-07,true,true,0,0.0,0.0,5.991462752596988e-07,true,0,0,true,0,0,0,1.4878550690240763e-16,0,0,0,0,0,0,0,0,0,5000000,500,NA
E2,pooled,paired,QF,double,libc++,0.75,0.25,5,5000000,5000000,0,0,0,5000000,0,0,0,0,0,0,0,0.0,0.0,5.991462752596988e-07,true,0.0,0.0,5.991462752596988e-07,true,0.0,0.0,5.991462752596988e-07,true,true,0,0.0,0.0,5.991462752596988e-07,true,0,0,true,0,0,0,1.4888434958431154e-16,0,0,0,0,0,0,0,0,0,5000000,500,NA
E2,pooled,paired,QF,double,libstdc++,0.75,0.25,5,5000000,5000000,0,0,0,5000000,0,0,0,0,0,0,0,0.0,0.0,5.991462752596988e-07,true,0.0,0.0,5.991462752596988e-07,true,0.0,0.0,5.991462752596988e-07,true,true,0,0.0,0.0,5.991462752596988e-07,true,0,0,true,0,0,0,1.4878550690240763e-16,0,0,0,0,0,0,0,0,0,5000000,500,NA
E2,pooled,paired,SPLIT,double,libc++,0.75,0.25,5,5000000,5000000,0,0,0,5000000,0,0,0,0,0,0,0,0.0,0.0,5.991462752596988e-07,true,0.0,0.0,5.991462752596988e-07,true,0.0,0.0,5.991462752596988e-07,true,true,0,0.0,0.0,5.991462752596988e-07,true,0,0,true,0,0,0,1.4888434958431154e-16,0,0,0,0,0,0,0,0,0,5000000,500,NA
E2,pooled,paired,SPLIT,double,libstdc++,0.75,0.25,5,5000000,5000000,0,0,0,5000000,0,0,0,0,0,0,0,0.0,0.0,5.991462752596988e-07,true,0.0,0.0,5.991462752596988e-07,true,0.0,0.0,5.991462752596988e-07,true,true,0,0.0,0.0,5.991462752596988e-07,true,0,0,true,0,0,0,1.4878550690240763e-16,0,0,0,0,0,0,0,0,0,5000000,500,NA
E2,pooled,paired,LOG,double,libc++,1,0.5,5,5000000,5000000,0,0,0,5000000,0,0,0,0,0,0,0,0.0,0.0,5.991462752596988e-07,true,0.0,0.0,5.991462752596988e-07,true,0.0,0.0,5.991462752596988e-07,true,true,0,0.0,0.0,5.991462752596988e-07,true,0,0,true,0,0,0,1.0288207512950476e-16,0,0,0,0,0,0,0,0,0,5000000,500,NA
E2,pooled,paired,LOG,double,libstdc++,1,0.5,5,5000000,5000000,0,0,0,5000000,0,0,0,0,0,0,0,0.0,0.0,5.991462752596988e-07,true,0.0,0.0,5.991462752596988e-07,true,0.0,0.0,5.991462752596988e-07,true,true,0,0.0,0.0,5.991462752596988e-07,true,0,0,true,0,0,0,1.0283642966366537e-16,0,0,0,0,0,0,0,0,0,5000000,500,NA
E2,pooled,paired,QF,double,libc++,1,0.5,5,5000000,5000000,0,0,0,5000000,0,0,0,0,0,0,0,0.0,0.0,5.991462752596988e-07,true,0.0,0.0,5.991462752596988e-07,true,0.0,0.0,5.991462752596988e-07,true,true,0,0.0,0.0,5.991462752596988e-07,true,0,0,true,0,0,0,1.0288207512950476e-16,0,0,0,0,0,0,0,0,0,5000000,500,NA
E2,pooled,paired,QF,double,libstdc++,1,0.5,5,5000000,5000000,0,0,0,5000000,0,0,0,0,0,0,0,0.0,0.0,5.991462752596988e-07,true,0.0,0.0,5.991462752596988e-07,true,0.0,0.0,5.991462752596988e-07,true,true,0,0.0,0.0,5.991462752596988e-07,true,0,0,true,0,0,0,1.0283642966366537e-16,0,0,0,0,0,0,0,0,0,5000000,500,NA
E2,pooled,paired,SPLIT,double,libc++,1,0.5,5,5000000,5000000,0,0,0,5000000,0,0,0,0,0,0,0,0.0,0.0,5.991462752596988e-07,true,0.0,0.0,5.991462752596988e-07,true,0.0,0.0,5.991462752596988e-07,true,true,0,0.0,0.0,5.991462752596988e-07,true,0,0,true,0,0,0,1.0288207512950476e-16,0,0,0,0,0,0,0,0,0,5000000,500,NA
E2,pooled,paired,SPLIT,double,libstdc++,1,0.5,5,5000000,5000000,0,0,0,5000000,0,0,0,0,0,0,0,0.0,0.0,5.991462752596988e-07,true,0.0,0.0,5.991462752596988e-07,true,0.0,0.0,5.991462752596988e-07,true,true,0,0.0,0.0,5.991462752596988e-07,true,0,0,true,0,0,0,1.0283642966366537e-16,0,0,0,0,0,0,0,0,0,5000000,500,NA
E2,pooled,paired,LOG,double,libc++,1.5,1.0,5,5000000,5000000,0,0,0,5000000,0,0,0,0,0,0,0,0.0,0.0,5.991462752596988e-07,true,0.0,0.0,5.991462752596988e-07,true,0.0,0.0,5.991462752596988e-07,true,true,0,0.0,0.0,5.991462752596988e-07,true,0,0,true,0,0,0,8.17902209174201e-17,0,0,0,0,0,0,0,0,0,5000000,500,NA
E2,pooled,paired,LOG,double,libstdc++,1.5,1.0,5,5000000,5000000,0,0,0,5000000,0,0,0,0,0,0,0,0.0,0.0,5.991462752596988e-07,true,0.0,0.0,5.991462752596988e-07,true,0.0,0.0,5.991462752596988e-07,true,true,0,0.0,0.0,5.991462752596988e-07,true,0,0,true,0,0,0,8.177663547788361e-17,0,0,0,0,0,0,0,0,0,5000000,500,NA
E2,pooled,paired,QF,double,libc++,1.5,1.0,5,5000000,5000000,0,0,0,5000000,0,0,0,0,0,0,0,0.0,0.0,5.991462752596988e-07,true,0.0,0.0,5.991462752596988e-07,true,0.0,0.0,5.991462752596988e-07,true,true,0,0.0,0.0,5.991462752596988e-07,true,0,0,true,0,0,0,8.17902209174201e-17,0,0,0,0,0,0,0,0,0,5000000,500,NA
E2,pooled,paired,QF,double,libstdc++,1.5,1.0,5,5000000,5000000,0,0,0,5000000,0,0,0,0,0,0,0,0.0,0.0,5.991462752596988e-07,true,0.0,0.0,5.991462752596988e-07,true,0.0,0.0,5.991462752596988e-07,true,true,0,0.0,0.0,5.991462752596988e-07,true,0,0,true,0,0,0,8.177663547788361e-17,0,0,0,0,0,0,0,0,0,5000000,500,NA
E2,pooled,paired,SPLIT,double,libc++,1.5,1.0,5,5000000,5000000,0,0,0,5000000,0,0,0,0,0,0,0,0.0,0.0,5.991462752596988e-07,true,0.0,0.0,5.991462752596988e-07,true,0.0,0.0,5.991462752596988e-07,true,true,0,0.0,0.0,5.991462752596988e-07,true,0,0,true,0,0,0,8.17902209174201e-17,0,0,0,0,0,0,0,0,0,5000000,500,NA
E2,pooled,paired,SPLIT,double,libstdc++,1.5,1.0,5,5000000,5000000,0,0,0,5000000,0,0,0,0,0,0,0,0.0,0.0,5.991462752596988e-07,true,0.0,0.0,5.991462752596988e-07,true,0.0,0.0,5.991462752596988e-07,true,true,0,0.0,0.0,5.991462752596988e-07,true,0,0,true,0,0,0,8.177663547788361e-17,0,0,0,0,0,0,0,0,0,5000000,500,NA
E2,pooled,paired,LOG,double,libc++,2,1.5,5,5000000,5000000,0,0,0,5000000,0,0,0,0,0,0,0,0.0,0.0,5.991462752596988e-07,true,0.0,0.0,5.991462752596988e-07,true,0.0,0.0,5.991462752596988e-07,true,true,0,0.0,0.0,5.991462752596988e-07,true,0,0,true,0,0,0,8.361346291643783e-17,0,0,0,0,0,0,0,0,0,5000000,500,NA
E2,pooled,paired,LOG,double,libstdc++,2,1.5,5,5000000,5000000,0,0,0,5000000,0,0,0,0,0,0,0,0.0,0.0,5.991462752596988e-07,true,0.0,0.0,5.991462752596988e-07,true,0.0,0.0,5.991462752596988e-07,true,true,0,0.0,0.0,5.991462752596988e-07,true,0,0,true,0,0,0,8.360660572780912e-17,0,0,0,0,0,0,0,0,0,5000000,500,NA
E2,pooled,paired,QF,double,libc++,2,1.5,5,5000000,5000000,0,0,0,5000000,0,0,0,0,0,0,0,0.0,0.0,5.991462752596988e-07,true,0.0,0.0,5.991462752596988e-07,true,0.0,0.0,5.991462752596988e-07,true,true,0,0.0,0.0,5.991462752596988e-07,true,0,0,true,0,0,0,8.361346291643783e-17,0,0,0,0,0,0,0,0,0,5000000,500,NA
E2,pooled,paired,QF,double,libstdc++,2,1.5,5,5000000,5000000,0,0,0,5000000,0,0,0,0,0,0,0,0.0,0.0,5.991462752596988e-07,true,0.0,0.0,5.991462752596988e-07,true,0.0,0.0,5.991462752596988e-07,true,true,0,0.0,0.0,5.991462752596988e-07,true,0,0,true,0,0,0,8.360660572780912e-17,0,0,0,0,0,0,0,0,0,5000000,500,NA
E2,pooled,paired,SPLIT,double,libc++,2,1.5,5,5000000,5000000,0,0,0,5000000,0,0,0,0,0,0,0,0.0,0.0,5.991462752596988e-07,true,0.0,0.0,5.991462752596988e-07,true,0.0,0.0,5.991462752596988e-07,true,true,0,0.0,0.0,5.991462752596988e-07,true,0,0,true,0,0,0,8.361346291643783e-17,0,0,0,0,0,0,0,0,0,5000000,500,NA
E2,pooled,paired,SPLIT,double,libstdc++,2,1.5,5,5000000,5000000,0,0,0,5000000,0,0,0,0,0,0,0,0.0,0.0,5.991462752596988e-07,true,0.0,0.0,5.991462752596988e-07,true,0.0,0.0,5.991462752596988e-07,true,true,0,0.0,0.0,5.991462752596988e-07,true,0,0,true,0,0,0,8.360660572780912e-17,0,0,0,0,0,0,0,0,0,5000000,500,NA
E2,pooled,paired,LOG,double,libc++,5,4.5,5,5000000,5000000,0,0,0,5000000,0,0,0,0,0,0,0,0.0,0.0,5.991462752596988e-07,true,0.0,0.0,5.991462752596988e-07,true,0.0,0.0,5.991462752596988e-07,true,true,0,0.0,0.0,5.991462752596988e-07,true,0,0,true,0,0,0,8.57236471298776e-17,0,0,0,0,0,0,0,0,0,5000000,500,NA
E2,pooled,paired,LOG,double,libstdc++,5,4.5,5,5000000,5000000,0,0,0,5000000,0,0,0,0,0,0,0,0.0,0.0,5.991462752596988e-07,true,0.0,0.0,5.991462752596988e-07,true,0.0,0.0,5.991462752596988e-07,true,true,0,0.0,0.0,5.991462752596988e-07,true,0,0,true,0,0,0,8.559866812106506e-17,0,0,0,0,0,0,0,0,0,5000000,500,NA
E2,pooled,paired,QF,double,libc++,5,4.5,5,5000000,5000000,0,0,0,5000000,0,0,0,0,0,0,0,0.0,0.0,5.991462752596988e-07,true,0.0,0.0,5.991462752596988e-07,true,0.0,0.0,5.991462752596988e-07,true,true,0,0.0,0.0,5.991462752596988e-07,true,0,0,true,0,0,0,8.57236471298776e-17,0,0,0,0,0,0,0,0,0,5000000,500,NA
E2,pooled,paired,QF,double,libstdc++,5,4.5,5,5000000,5000000,0,0,0,5000000,0,0,0,0,0,0,0,0.0,0.0,5.991462752596988e-07,true,0.0,0.0,5.991462752596988e-07,true,0.0,0.0,5.991462752596988e-07,true,true,0,0.0,0.0,5.991462752596988e-07,true,0,0,true,0,0,0,8.559866812106506e-17,0,0,0,0,0,0,0,0,0,5000000,500,NA
E2,pooled,paired,SPLIT,double,libc++,5,4.5,5,5000000,5000000,0,0,0,5000000,0,0,0,0,0,0,0,0.0,0.0,5.991462752596988e-07,true,0.0,0.0,5.991462752596988e-07,true,0.0,0.0,5.991462752596988e-07,true,true,0,0.0,0.0,5.991462752596988e-07,true,0,0,true,0,0,0,8.57236471298776e-17,0,0,0,0,0,0,0,0,0,5000000,500,NA
E2,pooled,paired,SPLIT,double,libstdc++,5,4.5,5,5000000,5000000,0,0,0,5000000,0,0,0,0,0,0,0,0.0,0.0,5.991462752596988e-07,true,0.0,0.0,5.991462752596988e-07,true,0.0,0.0,5.991462752596988e-07,true,true,0,0.0,0.0,5.991462752596988e-07,true,0,0,true,0,0,0,8.559866812106506e-17,0,0,0,0,0,0,0,0,0,5000000,500,NA
E2,pooled,paired,LOG,float,libc++,0.5001,0.00010001659393310547,5,5000000,87895,4912105,0,4912105,87895,0,0,0,0,4912105,0,0,0.982421,0.9823054317852116,0.9825360090621421,false,0.0,0.0,5.991462752596988e-07,true,0.982421,0.9823054317852116,0.9825360090621421,false,true,4912105,0.982421,0.9823054317852116,0.9825360090621421,false,3975,0,true,4948938,8042,0,0.002981780550002274,0,3975,3975,42233,427,618,64,4910156,978,43018,5,NA
E2,pooled,paired,LOG,float,libstdc++,0.5001,0.00010001659393310547,5,5000000,88366,4911634,0,4911634,88366,0,0,0,0,4911634,0,0,0.9823268,0.9822109291627564,0.982442111795465,false,0.0,0.0,5.991462752596988e-07,true,0.9823268,0.9822109291627564,0.982442111795465,false,true,4911634,0.9823268,0.9822109291627564,0.982442111795465,false,3875,0,true,4948399,8243,0,0.0030227723063016043,0,3875,3875,42406,429,676,70,4909692,984,43351,5,NA
E2,pooled,paired,QF,float,libc++,0.5001,0.00010001659393310547,5,5000000,43636,4956364,44259,4912105,43636,36833,7426,0,0,4912105,0,0,0.9912728,0.991190888692983,0.9913541416243628,false,0.0088518,0.008769883542538544,0.008934285989157112,false,0.982421,0.9823054317852116,0.9825360090621421,false,true,4912105,0.982421,0.9823054317852116,0.9825360090621421,false,3975,0,true,4948938,8042,0,0.002981780550002274,0,3975,3975,42233,427,618,64,4910156,978,43018,5,NA
E2,pooled,paired,QF,float,libstdc++,0.5001,0.00010001659393310547,5,5000000,44027,4955973,44339,4911634,44027,36765,7574,0,0,4911634,0,0,0.9911946,0.9911123275292386,0.9912763028828665,false,0.0088678,0.008785810029468143,0.00895035948285277,false,0.9823268,0.9822109291627564,0.982442111795465,false,true,4911634,0.9823268,0.9822109291627564,0.982442111795465,false,3875,0,true,4948399,8243,0,0.0030227723063016043,0,3875,3875,42406,429,676,70,4909692,984,43351,5,NA
E2,pooled,paired,SPLIT,float,libc++,0.5001,0.00010001659393310547,5,5000000,51062,4948938,36833,4912105,51062,36833,0,0,0,4912105,0,0,0.9897876,0.9896990910331696,0.9898755410754552,false,0.0073666,0.007291832011467817,0.007441939330253692,false,0.982421,0.9823054317852116,0.9825360090621421,false,true,4912105,0.982421,0.9823054317852116,0.9825360090621421,false,3975,0,true,4948938,8042,0,0.002981780550002274,0,3975,3975,42233,427,618,64,4910156,978,43018,5,NA
E2,pooled,paired,SPLIT,float,libstdc++,0.5001,0.00010001659393310547,5,5000000,51601,4948399,36765,4911634,51601,36765,0,0,0,4911634,0,0,0.9896798,0.9895908320313082,0.9897682002067262,false,0.007353,0.007278300726797773,0.007428270631621874,false,0.9823268,0.9822109291627564,0.982442111795465,false,true,4911634,0.9823268,0.9822109291627564,0.982442111795465,false,3875,0,true,4948399,8243,0,0.0030227723063016043,0,3875,3875,42406,429,676,70,4909692,984,43351,5,NA
E2,pooled,paired,LOG,float,libc++,0.501,0.0009999871253967285,5,5000000,814432,4185568,0,4185568,814432,0,0,0,0,4185568,0,0,0.8371136,0.8367896383597719,0.8374371711963104,false,0.0,0.0,5.991462752596988e-07,true,0.8371136,0.8367896383597719,0.8374371711963104,false,true,4185568,0.8371136,0.8367896383597719,0.8374371711963104,false,33758,0,true,4509624,74809,0,0.002902119497776376,0,33758,33758,375860,3790,6067,611,4168799,835,415516,45,NA
E2,pooled,paired,LOG,float,libstdc++,0.501,0.0009999871253967285,5,5000000,815446,4184554,0,4184554,815446,0,0,0,0,4184554,0,0,0.8369108,0.8365866762839251,0.8372345335071115,false,0.0,0.0,5.991462752596988e-07,true,0.8369108,0.8365866762839251,0.8372345335071115,false,true,4184554,0.8369108,0.8365866762839251,0.8372345335071115,false,33673,0,true,4509462,74897,0,0.002835487997628893,0,33673,33673,376586,3799,6257,631,4167885,837,415599,45,NA
E2,pooled,paired,QF,float,libc++,0.501,0.0009999871253967285,5,5000000,421583,4578417,392849,4185568,421583,324056,68793,0,0,4185568,0,0,0.9156834,0.9154395068966571,0.9159268115952727,false,0.0785698,0.07833410153414114,0.07880598663943743,false,0.8371136,0.8367896383597719,0.8374371711963104,false,true,4185568,0.8371136,0.8367896383597719,0.8374371711963104,false,33758,0,true,4509624,74809,0,0.002902119497776376,0,33758,33758,375860,3790,6067,611,4168799,835,415516,45,NA
E2,pooled,paired,QF,float,libstdc++,0.501,0.0009999871253967285,5,5000000,421856,4578144,393590,4184554,421856,324908,68682,0,0,4184554,0,0,0.9156288,0.9153848353475238,0.915872283207729,false,0.078718,0.07848209811231753,0.07895438988935606,false,0.8369108,0.8365866762839251,0.8372345335071115,false,true,4184554,0.8369108,0.8365866762839251,0.8372345335071115,false,33673,0,true,4509462,74897,0,0.002835487997628893,0,33673,33673,376586,3799,6257,631,4167885,837,415599,45,NA
E2,pooled,paired,SPLIT,float,libc++,0.501,0.0009999871253967285,5,5000000,490376,4509624,324056,4185568,490376,324056,0,0,0,4185568,0,0,0.9019248,0.9016637751339835,0.9021853593119165,false,0.0648112,0.06459555882686108,0.06502734531063929,false,0.8371136,0.8367896383597719,0.8374371711963104,false,true,4185568,0.8371136,0.8367896383597719,0.8374371711963104,false,33758,0,true,4509624,74809,0,0.002902119497776376,0,33758,33758,375860,3790,6067,611,4168799,835,415516,45,NA
E2,pooled,paired,SPLIT,float,libstdc++,0.501,0.0009999871253967285,5,5000000,490538,4509462,324908,4184554,490538,324908,0,0,0,4184554,0,0,0.9018924,0.9016313367786575,0.9021529977048091,false,0.0649816,0.06476569492183347,0.06519800901789241,false,0.8369108,0.8365866762839251,0.8372345335071115,false,true,4184554,0.8369108,0.8365866762839251,0.8372345335071115,false,33673,0,true,4509462,74897,0,0.002835487997628893,0,33673,33673,376586,3799,6257,631,4167885,837,415599,45,NA
E2,pooled,paired,LOG,float,libc++,0.505,0.004999995231628418,5,5000000,2944713,2055287,2,2055285,2944713,0,0,0,2,2055285,0,0,0.4110574,0.4106260800545755,0.4114888229479089,false,4e-07,4.844185937967241e-08,1.444936778675406e-06,false,0.411057,0.41062568011818257,0.41148842288477006,false,true,2055285,0.411057,0.41062568011818257,0.41148842288477006,false,82508,0,true,2985691,254603,0,0.0023068986936223804,0,82508,82508,1121890,11329,21832,2191,2014244,409,1759526,180,NA
E2,pooled,paired,LOG,float,libstdc++,0.505,0.004999995231628418,5,5000000,2944732,2055268,0,2055268,2944732,0,0,0,0,2055268,0,0,0.4110536,0.41062228065887707,0.411485022348006,false,0.0,0.0,5.991462752596988e-07,true,0.4110536,0.41062228065887707,0.411485022348006,false,true,2055268,0.4110536,0.41062228065887707,0.411485022348006,false,82456,0,true,2985358,255797,0,0.0022536995222855244,0,82456,82456,1122573,11337,22054,2209,2014240,413,1758677,180,NA
E2,pooled,paired,QF,float,libc++,0.505,0.004999995231628418,5,5000000,1781358,3218642,1163357,2055285,1781358,930406,232951,0,0,2055285,0,0,0.6437284,0.6433084530300723,0.6441481805197875,false,0.2326714,0.2323010938420761,0.23304201576103062,false,0.411057,0.41062568011818257,0.41148842288477006,false,true,2055285,0.411057,0.41062568011818257,0.41148842288477006,false,82508,0,true,2985691,254603,0,0.0023068986936223804,0,82508,82508,1121890,11329,21832,2191,2014244,409,1759526,180,NA
E2,pooled,paired,QF,float,libstdc++,0.505,0.004999995231628418,5,5000000,1780731,3219269,1164001,2055268,1780731,930090,233911,0,0,2055268,0,0,0.6438538,0.6434338859615365,0.6442735474431003,false,0.2328002,0.232429822364653,0.2331708870892638,false,0.4110536,0.41062228065887707,0.411485022348006,false,true,2055268,0.4110536,0.41062228065887707,0.411485022348006,false,82456,0,true,2985358,255797,0,0.0022536995222855244,0,82456,82456,1122573,11337,22054,2209,2014240,413,1758677,180,NA
E2,pooled,paired,SPLIT,float,libc++,0.505,0.004999995231628418,5,5000000,2014309,2985691,930406,2055285,2014309,930406,0,0,0,2055285,0,0,0.5971382,0.5967081328519123,0.5975681546543472,false,0.1860812,0.18574016365051368,0.18642259992164248,false,0.411057,0.41062568011818257,0.41148842288477006,false,true,2055285,0.411057,0.41062568011818257,0.41148842288477006,false,82508,0,true,2985691,254603,0,0.0023068986936223804,0,82508,82508,1121890,11329,21832,2191,2014244,409,1759526,180,NA
E2,pooled,paired,SPLIT,float,libstdc++,0.505,0.004999995231628418,5,5000000,2014642,2985358,930090,2055268,2014642,930090,0,0,0,2055268,0,0,0.5970716,0.5966415213331581,0.5975015662502152,false,0.186018,0.18567700837890247,0.18635935526647393,false,0.4110536,0.41062228065887707,0.411485022348006,false,true,2055268,0.4110536,0.41062228065887707,0.411485022348006,false,82456,0,true,2985358,255797,0,0.0022536995222855244,0,82456,82456,1122573,11337,22054,2209,2014240,413,1758677,180,NA
E2,pooled,paired,LOG,float,libc++,0.51,0.009999990463256836,5,5000000,4156235,843765,0,843765,4156235,0,0,0,0,843765,0,0,0.168753,0.1684248047184032,0.16908157892862943,false,0.0,0.0,5.991462752596988e-07,true,0.168753,0.1684248047184032,0.16908157892862943,false,true,843765,0.168753,0.1684248047184032,0.16908157892862943,false,67709,0,true,1780388,320272,0,0.00177483217692078,0,67709,67709,1194620,12063,28150,2820,810390,166,2899131,293,NA
E2,pooled,paired,LOG,float,libstdc++,0.51,0.009999990463256836,5,5000000,4156349,843651,0,843651,4156349,0,0,0,0,843651,0,0,0.1687302,0.1684020224076706,0.1690587612657696,false,0.0,0.0,5.991462752596988e-07,true,0.1687302,0.1684020224076706,0.1690587612657696,false,true,843651,0.1687302,0.1684020224076706,0.1690587612657696,false,67606,0,true,1780292,320261,0,0.001766013042544832,0,67606,67606,1194718,12051,28120,2817,810315,153,2899241,291,NA
E2,pooled,paired,QF,float,libc++,0.51,0.009999990463256836,5,5000000,2927281,2072719,1228954,843765,2927281,936623,292331,0,0,843765,0,0,0.4145438,0.4141119367913973,0.4149757621735581,false,0.2457908,0.24541345603946726,0.24616843836760488,false,0.168753,0.1684248047184032,0.16908157892862943,false,true,843765,0.168753,0.1684248047184032,0.16908157892862943,false,67709,0,true,1780388,320272,0,0.00177483217692078,0,67709,67709,1194620,12063,28150,2820,810390,166,2899131,293,NA
E2,pooled,paired,QF,float,libstdc++,0.51,0.009999990463256836,5,5000000,2927361,2072639,1228988,843651,2927361,936641,292347,0,0,843651,0,0,0.4145278,0.4140959392336078,0.4149597597498473,false,0.2457976,0.24542025251647823,0.24617524188273154,false,0.1687302,0.1684020224076706,0.1690587612657696,false,true,843651,0.1687302,0.1684020224076706,0.1690587612657696,false,67606,0,true,1780292,320261,0,0.001766013042544832,0,67606,67606,1194718,12051,28120,2817,810315,153,2899241,291,NA
E2,pooled,paired,SPLIT,float,libc++,0.51,0.009999990463256836,5,5000000,3219612,1780388,936623,843765,3219612,936623,0,0,0,843765,0,0,0.3560776,0.3556578706647566,0.35649749601004044,false,0.1873246,0.18698268667463286,0.1876668754570996,false,0.168753,0.1684248047184032,0.16908157892862943,false,true,843765,0.168753,0.1684248047184032,0.16908157892862943,false,67709,0,true,1780388,320272,0,0.00177483217692078,0,67709,67709,1194620,12063,28150,2820,810390,166,2899131,293,NA
E2,pooled,paired,SPLIT,float,libstdc++,0.51,0.009999990463256836,5,5000000,3219708,1780292,936641,843651,3219708,936641,0,0,0,843651,0,0,0.3560584,0.3556386757345355,0.3564782909625264,false,0.1873282,0.18698628414383847,0.18767047798372133,false,0.1687302,0.1684020224076706,0.1690587612657696,false,true,843651,0.1687302,0.1684020224076706,0.1690587612657696,false,67606,0,true,1780292,320261,0,0.001766013042544832,0,67606,67606,1194718,12051,28120,2817,810315,153,2899241,291,NA
E2,pooled,paired,LOG,float,libc++,0.55,0.050000011920928955,5,5000000,4999327,673,0,673,4999327,0,0,0,0,673,0,0,0.0001346,0.00012462217239401564,0.00014516404408248493,false,0.0,0.0,5.991462752596988e-07,true,0.0001346,0.00012462217239401564,0.00014516404408248493,false,true,673,0.0001346,0.00012462217239401564,0.00014516404408248493,false,266,0,true,28577,36453,0,9.232666130734354e-05,0,266,266,60083,611,4153,418,551,6,4934947,495,NA
E2,pooled,paired,LOG,float,libstdc++,0.55,0.050000011920928955,5,5000000,4999317,683,0,683,4999317,0,0,0,0,683,0,0,0.0001366,0.00012654690465777543,0.00014723925461204,false,0.0,0.0,5.991462752596988e-07,true,0.0001366,0.00012654690465777543,0.00014723925461204,false,true,683,0.0001366,0.00012654690465777543,0.00014723925461204,false,300,0,true,28759,36520,0,9.34715556608906e-05,0,300,300,60401,620,4068,410,549,5,4934682,495,NA
E2,pooled,paired,QF,float,libc++,0.55,0.050000011920928955,5,5000000,4939100,60900,60227,673,4939100,27904,32323,0,0,673,0,0,0.01218,0.012084037781457216,0.012276527757687929,false,0.0120454,0.011949964065275267,0.01214140163420108,false,0.0001346,0.00012462217239401564,0.00014516404408248493,false,true,673,0.0001346,0.00012462217239401564,0.00014516404408248493,false,266,0,true,28577,36453,0,9.232666130734354e-05,0,266,266,60083,611,4153,418,551,6,4934947,495,NA
E2,pooled,paired,QF,float,libstdc++,0.55,0.050000011920928955,5,5000000,4938750,61250,60567,683,4938750,28076,32491,0,0,683,0,0,0.01225,0.012153765274764515,0.012346800181027906,false,0.0121134,0.012017697807300965,0.012209667811166834,false,0.0001366,0.00012654690465777543,0.00014723925461204,false,true,683,0.0001366,0.00012654690465777543,0.00014723925461204,false,300,0,true,28759,36520,0,9.34715556608906e-05,0,300,300,60401,620,4068,410,549,5,4934682,495,NA
E2,pooled,paired,SPLIT,float,libc++,0.55,0.050000011920928955,5,5000000,4971423,28577,27904,673,4971423,27904,0,0,0,673,0,0,0.0057154,0.005649510645476014,0.0057818627471894,false,0.0055808,0.005515688996711057,0.005646484565777407,false,0.0001346,0.00012462217239401564,0.00014516404408248493,false,true,673,0.0001346,0.00012462217239401564,0.00014516404408248493,false,266,0,true,28577,36453,0,9.232666130734354e-05,0,266,266,60083,611,4153,418,551,6,4934947,495,NA
E2,pooled,paired,SPLIT,float,libstdc++,0.55,0.050000011920928955,5,5000000,4971241,28759,28076,683,4971241,28076,0,0,0,683,0,0,0.0057518,0.00568570176105036,0.005818471585773705,false,0.0056152,0.005549889171926957,0.005681084347111891,false,0.0001366,0.00012654690465777543,0.00014723925461204,false,true,683,0.0001366,0.00012654690465777543,0.00014723925461204,false,300,0,true,28759,36520,0,9.34715556608906e-05,0,300,300,60401,620,4068,410,549,5,4934682,495,NA
E2,pooled,paired,LOG,float,libc++,0.6,0.10000002384185791,5,5000000,5000000,0,0,0,5000000,0,0,0,0,0,0,0,0.0,0.0,5.991462752596988e-07,true,0.0,0.0,5.991462752596988e-07,true,0.0,0.0,5.991462752596988e-07,true,true,0,0.0,0.0,5.991462752596988e-07,true,0,0,true,166,683,0,1.8238677649631067e-06,0,0,0,753,10,97,12,0,0,4999150,500,NA
E2,pooled,paired,LOG,float,libstdc++,0.6,0.10000002384185791,5,5000000,5000000,0,0,0,5000000,0,0,0,0,0,0,0,0.0,0.0,5.991462752596988e-07,true,0.0,0.0,5.991462752596988e-07,true,0.0,0.0,5.991462752596988e-07,true,true,0,0.0,0.0,5.991462752596988e-07,true,0,0,true,167,667,0,1.186031409053893e-06,0,0,0,728,10,109,13,0,0,4999163,500,NA
E2,pooled,paired,QF,float,libc++,0.6,0.10000002384185791,5,5000000,4999247,753,753,0,4999247,166,587,0,0,0,0,0,0.0001506,0.00014003477754454913,0.0001617510123011413,false,0.0001506,0.00014003477754454913,0.0001617510123011413,false,0.0,0.0,5.991462752596988e-07,true,true,0,0.0,0.0,5.991462752596988e-07,true,0,0,true,166,683,0,1.8238677649631067e-06,0,0,0,753,10,97,12,0,0,4999150,500,NA
E2,pooled,paired,QF,float,libstdc++,0.6,0.10000002384185791,5,5000000,4999272,728,728,0,4999272,167,561,0,0,0,0,0,0.0001456,0.00013521483094956923,0.00015657108499395265,false,0.0001456,0.00013521483094956923,0.00015657108499395265,false,0.0,0.0,5.991462752596988e-07,true,true,0,0.0,0.0,5.991462752596988e-07,true,0,0,true,167,667,0,1.186031409053893e-06,0,0,0,728,10,109,13,0,0,4999163,500,NA
E2,pooled,paired,SPLIT,float,libc++,0.6,0.10000002384185791,5,5000000,4999834,166,166,0,4999834,166,0,0,0,0,0,0,3.32e-05,2.8341606618887448e-05,3.8652248646318015e-05,false,3.32e-05,2.8341606618887448e-05,3.8652248646318015e-05,false,0.0,0.0,5.991462752596988e-07,true,true,0,0.0,0.0,5.991462752596988e-07,true,0,0,true,166,683,0,1.8238677649631067e-06,0,0,0,753,10,97,12,0,0,4999150,500,NA
E2,pooled,paired,SPLIT,float,libstdc++,0.6,0.10000002384185791,5,5000000,4999833,167,167,0,4999833,167,0,0,0,0,0,0,3.34e-05,2.8526410354949732e-05,3.886740017660143e-05,false,3.34e-05,2.8526410354949732e-05,3.886740017660143e-05,false,0.0,0.0,5.991462752596988e-07,true,true,0,0.0,0.0,5.991462752596988e-07,true,0,0,true,167,667,0,1.186031409053893e-06,0,0,0,728,10,109,13,0,0,4999163,500,NA
E2,pooled,paired,LOG,float,libc++,0.75,0.25,5,5000000,5000000,0,0,0,5000000,0,0,0,0,0,0,0,0.0,0.0,5.991462752596988e-07,true,0.0,0.0,5.991462752596988e-07,true,0.0,0.0,5.991462752596988e-07,true,true,0,0.0,0.0,5.991462752596988e-07,true,0,0,true,0,0,0,9.255629014438244e-08,0,0,0,0,0,0,0,0,0,5000000,500,NA
E2,pooled,paired,LOG,float,libstdc++,0.75,0.25,5,5000000,5000000,0,0,0,5000000,0,0,0,0,0,0,0,0.0,0.0,5.991462752596988e-07,true,0.0,0.0,5.991462752596988e-07,true,0.0,0.0,5.991462752596988e-07,true,true,0,0.0,0.0,5.991462752596988e-07,true,0,0,true,0,0,0,9.260806090824974e-08,0,0,0,0,0,0,0,0,0,5000000,500,NA
E2,pooled,paired,QF,float,libc++,0.75,0.25,5,5000000,5000000,0,0,0,5000000,0,0,0,0,0,0,0,0.0,0.0,5.991462752596988e-07,true,0.0,0.0,5.991462752596988e-07,true,0.0,0.0,5.991462752596988e-07,true,true,0,0.0,0.0,5.991462752596988e-07,true,0,0,true,0,0,0,9.255629014438244e-08,0,0,0,0,0,0,0,0,0,5000000,500,NA
E2,pooled,paired,QF,float,libstdc++,0.75,0.25,5,5000000,5000000,0,0,0,5000000,0,0,0,0,0,0,0,0.0,0.0,5.991462752596988e-07,true,0.0,0.0,5.991462752596988e-07,true,0.0,0.0,5.991462752596988e-07,true,true,0,0.0,0.0,5.991462752596988e-07,true,0,0,true,0,0,0,9.260806090824974e-08,0,0,0,0,0,0,0,0,0,5000000,500,NA
E2,pooled,paired,SPLIT,float,libc++,0.75,0.25,5,5000000,5000000,0,0,0,5000000,0,0,0,0,0,0,0,0.0,0.0,5.991462752596988e-07,true,0.0,0.0,5.991462752596988e-07,true,0.0,0.0,5.991462752596988e-07,true,true,0,0.0,0.0,5.991462752596988e-07,true,0,0,true,0,0,0,9.255629014438244e-08,0,0,0,0,0,0,0,0,0,5000000,500,NA
E2,pooled,paired,SPLIT,float,libstdc++,0.75,0.25,5,5000000,5000000,0,0,0,5000000,0,0,0,0,0,0,0,0.0,0.0,5.991462752596988e-07,true,0.0,0.0,5.991462752596988e-07,true,0.0,0.0,5.991462752596988e-07,true,true,0,0.0,0.0,5.991462752596988e-07,true,0,0,true,0,0,0,9.260806090824974e-08,0,0,0,0,0,0,0,0,0,5000000,500,NA
E2,pooled,paired,LOG,float,libc++,1,0.5,5,5000000,5000000,0,0,0,5000000,0,0,0,0,0,0,0,0.0,0.0,5.991462752596988e-07,true,0.0,0.0,5.991462752596988e-07,true,0.0,0.0,5.991462752596988e-07,true,true,0,0.0,0.0,5.991462752596988e-07,true,0,0,true,0,0,0,6.111125538624372e-08,0,0,0,0,0,0,0,0,0,5000000,500,NA
E2,pooled,paired,LOG,float,libstdc++,1,0.5,5,5000000,5000000,0,0,0,5000000,0,0,0,0,0,0,0,0.0,0.0,5.991462752596988e-07,true,0.0,0.0,5.991462752596988e-07,true,0.0,0.0,5.991462752596988e-07,true,true,0,0.0,0.0,5.991462752596988e-07,true,0,0,true,0,0,0,6.106922019720623e-08,0,0,0,0,0,0,0,0,0,5000000,500,NA
E2,pooled,paired,QF,float,libc++,1,0.5,5,5000000,5000000,0,0,0,5000000,0,0,0,0,0,0,0,0.0,0.0,5.991462752596988e-07,true,0.0,0.0,5.991462752596988e-07,true,0.0,0.0,5.991462752596988e-07,true,true,0,0.0,0.0,5.991462752596988e-07,true,0,0,true,0,0,0,6.111125538624372e-08,0,0,0,0,0,0,0,0,0,5000000,500,NA
E2,pooled,paired,QF,float,libstdc++,1,0.5,5,5000000,5000000,0,0,0,5000000,0,0,0,0,0,0,0,0.0,0.0,5.991462752596988e-07,true,0.0,0.0,5.991462752596988e-07,true,0.0,0.0,5.991462752596988e-07,true,true,0,0.0,0.0,5.991462752596988e-07,true,0,0,true,0,0,0,6.106922019720623e-08,0,0,0,0,0,0,0,0,0,5000000,500,NA
E2,pooled,paired,SPLIT,float,libc++,1,0.5,5,5000000,5000000,0,0,0,5000000,0,0,0,0,0,0,0,0.0,0.0,5.991462752596988e-07,true,0.0,0.0,5.991462752596988e-07,true,0.0,0.0,5.991462752596988e-07,true,true,0,0.0,0.0,5.991462752596988e-07,true,0,0,true,0,0,0,6.111125538624372e-08,0,0,0,0,0,0,0,0,0,5000000,500,NA
E2,pooled,paired,SPLIT,float,libstdc++,1,0.5,5,5000000,5000000,0,0,0,5000000,0,0,0,0,0,0,0,0.0,0.0,5.991462752596988e-07,true,0.0,0.0,5.991462752596988e-07,true,0.0,0.0,5.991462752596988e-07,true,true,0,0.0,0.0,5.991462752596988e-07,true,0,0,true,0,0,0,6.106922019720623e-08,0,0,0,0,0,0,0,0,0,5000000,500,NA
E2,pooled,paired,LOG,float,libc++,1.5,1.0,5,5000000,5000000,0,0,0,5000000,0,0,0,0,0,0,0,0.0,0.0,5.991462752596988e-07,true,0.0,0.0,5.991462752596988e-07,true,0.0,0.0,5.991462752596988e-07,true,true,0,0.0,0.0,5.991462752596988e-07,true,0,0,true,0,0,0,4.663212662259067e-08,0,0,0,0,0,0,0,0,0,5000000,500,NA
E2,pooled,paired,LOG,float,libstdc++,1.5,1.0,5,5000000,5000000,0,0,0,5000000,0,0,0,0,0,0,0,0.0,0.0,5.991462752596988e-07,true,0.0,0.0,5.991462752596988e-07,true,0.0,0.0,5.991462752596988e-07,true,true,0,0.0,0.0,5.991462752596988e-07,true,0,0,true,0,0,0,4.661727372235768e-08,0,0,0,0,0,0,0,0,0,5000000,500,NA
E2,pooled,paired,QF,float,libc++,1.5,1.0,5,5000000,5000000,0,0,0,5000000,0,0,0,0,0,0,0,0.0,0.0,5.991462752596988e-07,true,0.0,0.0,5.991462752596988e-07,true,0.0,0.0,5.991462752596988e-07,true,true,0,0.0,0.0,5.991462752596988e-07,true,0,0,true,0,0,0,4.663212662259067e-08,0,0,0,0,0,0,0,0,0,5000000,500,NA
E2,pooled,paired,QF,float,libstdc++,1.5,1.0,5,5000000,5000000,0,0,0,5000000,0,0,0,0,0,0,0,0.0,0.0,5.991462752596988e-07,true,0.0,0.0,5.991462752596988e-07,true,0.0,0.0,5.991462752596988e-07,true,true,0,0.0,0.0,5.991462752596988e-07,true,0,0,true,0,0,0,4.661727372235768e-08,0,0,0,0,0,0,0,0,0,5000000,500,NA
E2,pooled,paired,SPLIT,float,libc++,1.5,1.0,5,5000000,5000000,0,0,0,5000000,0,0,0,0,0,0,0,0.0,0.0,5.991462752596988e-07,true,0.0,0.0,5.991462752596988e-07,true,0.0,0.0,5.991462752596988e-07,true,true,0,0.0,0.0,5.991462752596988e-07,true,0,0,true,0,0,0,4.663212662259067e-08,0,0,0,0,0,0,0,0,0,5000000,500,NA
E2,pooled,paired,SPLIT,float,libstdc++,1.5,1.0,5,5000000,5000000,0,0,0,5000000,0,0,0,0,0,0,0,0.0,0.0,5.991462752596988e-07,true,0.0,0.0,5.991462752596988e-07,true,0.0,0.0,5.991462752596988e-07,true,true,0,0.0,0.0,5.991462752596988e-07,true,0,0,true,0,0,0,4.661727372235768e-08,0,0,0,0,0,0,0,0,0,5000000,500,NA
E2,pooled,paired,LOG,float,libc++,2,1.5,5,5000000,5000000,0,0,0,5000000,0,0,0,0,0,0,0,0.0,0.0,5.991462752596988e-07,true,0.0,0.0,5.991462752596988e-07,true,0.0,0.0,5.991462752596988e-07,true,true,0,0.0,0.0,5.991462752596988e-07,true,0,0,true,0,0,0,4.671795704143023e-08,0,0,0,0,0,0,0,0,0,5000000,500,NA
E2,pooled,paired,LOG,float,libstdc++,2,1.5,5,5000000,5000000,0,0,0,5000000,0,0,0,0,0,0,0,0.0,0.0,5.991462752596988e-07,true,0.0,0.0,5.991462752596988e-07,true,0.0,0.0,5.991462752596988e-07,true,true,0,0.0,0.0,5.991462752596988e-07,true,0,0,true,0,0,0,4.669827604381439e-08,0,0,0,0,0,0,0,0,0,5000000,500,NA
E2,pooled,paired,QF,float,libc++,2,1.5,5,5000000,5000000,0,0,0,5000000,0,0,0,0,0,0,0,0.0,0.0,5.991462752596988e-07,true,0.0,0.0,5.991462752596988e-07,true,0.0,0.0,5.991462752596988e-07,true,true,0,0.0,0.0,5.991462752596988e-07,true,0,0,true,0,0,0,4.671795704143023e-08,0,0,0,0,0,0,0,0,0,5000000,500,NA
E2,pooled,paired,QF,float,libstdc++,2,1.5,5,5000000,5000000,0,0,0,5000000,0,0,0,0,0,0,0,0.0,0.0,5.991462752596988e-07,true,0.0,0.0,5.991462752596988e-07,true,0.0,0.0,5.991462752596988e-07,true,true,0,0.0,0.0,5.991462752596988e-07,true,0,0,true,0,0,0,4.669827604381439e-08,0,0,0,0,0,0,0,0,0,5000000,500,NA
E2,pooled,paired,SPLIT,float,libc++,2,1.5,5,5000000,5000000,0,0,0,5000000,0,0,0,0,0,0,0,0.0,0.0,5.991462752596988e-07,true,0.0,0.0,5.991462752596988e-07,true,0.0,0.0,5.991462752596988e-07,true,true,0,0.0,0.0,5.991462752596988e-07,true,0,0,true,0,0,0,4.671795704143023e-08,0,0,0,0,0,0,0,0,0,5000000,500,NA
E2,pooled,paired,SPLIT,float,libstdc++,2,1.5,5,5000000,5000000,0,0,0,5000000,0,0,0,0,0,0,0,0.0,0.0,5.991462752596988e-07,true,0.0,0.0,5.991462752596988e-07,true,0.0,0.0,5.991462752596988e-07,true,true,0,0.0,0.0,5.991462752596988e-07,true,0,0,true,0,0,0,4.669827604381439e-08,0,0,0,0,0,0,0,0,0,5000000,500,NA
E2,pooled,paired,LOG,float,libc++,5,4.5,5,5000000,5000000,0,0,0,5000000,0,0,0,0,0,0,0,0.0,0.0,5.991462752596988e-07,true,0.0,0.0,5.991462752596988e-07,true,0.0,0.0,5.991462752596988e-07,true,true,0,0.0,0.0,5.991462752596988e-07,true,0,0,true,0,0,0,4.8752650375970556e-08,0,0,0,0,0,0,0,0,0,5000000,500,NA
E2,pooled,paired,LOG,float,libstdc++,5,4.5,5,5000000,5000000,0,0,0,5000000,0,0,0,0,0,0,0,0.0,0.0,5.991462752596988e-07,true,0.0,0.0,5.991462752596988e-07,true,0.0,0.0,5.991462752596988e-07,true,true,0,0.0,0.0,5.991462752596988e-07,true,0,0,true,0,0,0,4.8738191193547876e-08,0,0,0,0,0,0,0,0,0,5000000,500,NA
E2,pooled,paired,QF,float,libc++,5,4.5,5,5000000,5000000,0,0,0,5000000,0,0,0,0,0,0,0,0.0,0.0,5.991462752596988e-07,true,0.0,0.0,5.991462752596988e-07,true,0.0,0.0,5.991462752596988e-07,true,true,0,0.0,0.0,5.991462752596988e-07,true,0,0,true,0,0,0,4.8752650375970556e-08,0,0,0,0,0,0,0,0,0,5000000,500,NA
E2,pooled,paired,QF,float,libstdc++,5,4.5,5,5000000,5000000,0,0,0,5000000,0,0,0,0,0,0,0,0.0,0.0,5.991462752596988e-07,true,0.0,0.0,5.991462752596988e-07,true,0.0,0.0,5.991462752596988e-07,true,true,0,0.0,0.0,5.991462752596988e-07,true,0,0,true,0,0,0,4.8738191193547876e-08,0,0,0,0,0,0,0,0,0,5000000,500,NA
E2,pooled,paired,SPLIT,float,libc++,5,4.5,5,5000000,5000000,0,0,0,5000000,0,0,0,0,0,0,0,0.0,0.0,5.991462752596988e-07,true,0.0,0.0,5.991462752596988e-07,true,0.0,0.0,5.991462752596988e-07,true,true,0,0.0,0.0,5.991462752596988e-07,true,0,0,true,0,0,0,4.8752650375970556e-08,0,0,0,0,0,0,0,0,0,5000000,500,NA
E2,pooled,paired,SPLIT,float,libstdc++,5,4.5,5,5000000,5000000,0,0,0,5000000,0,0,0,0,0,0,0,0.0,0.0,5.991462752596988e-07,true,0.0,0.0,5.991462752596988e-07,true,0.0,0.0,5.991462752596988e-07,true,true,0,0.0,0.0,5.991462752596988e-07,true,0,0,true,0,0,0,4.8738191193547876e-08,0,0,0,0,0,0,0,0,0,5000000,500,NA
E2,seed,native,LOG,double,libc++,0.5001,9.999999999998899e-05,1,1000000,132155,867845,0,867845,132155,0,0,0,0,867845,0,0,0.867845,0.8671796747366598,0.8685081938264935,false,0.0,0.0,2.9957277863923437e-06,true,0.867845,0.8671796747366598,0.8685081938264935,false,true,0,0.0,0.0,2.9957277863923437e-06,true,0,867845,false,928493,0,0,NA,0.114516,0,0,0,0,0,0,0,0,0,0,4001
E2,seed,native,LOG,double,libstdc++,0.5001,9.999999999998899e-05,1,1000000,132439,867561,0,867561,132439,0,0,0,0,867561,0,0,0.867561,0.8668950714703307,0.8682247987403624,false,0.0,0.0,2.9957277863923437e-06,true,0.867561,0.8668950714703307,0.8682247987403624,false,true,0,0.0,0.0,2.9957277863923437e-06,true,0,867561,false,928236,0,0,NA,0.079923,0,0,0,0,0,0,0,0,0,0,4001
E2,seed,native,LOG,double,libc++,0.5001,9.999999999998899e-05,1,1000000,132997,867003,0,867003,132997,0,0,0,0,867003,0,0,0.867003,0.8663358891323286,0.8676679843153996,false,0.0,0.0,2.9957277863923437e-06,true,0.867003,0.8663358891323286,0.8676679843153996,false,true,0,0.0,0.0,2.9957277863923437e-06,true,0,867003,false,927901,0,0,NA,0.113594,0,0,0,0,0,0,0,0,0,0,4002
E2,seed,native,LOG,double,libstdc++,0.5001,9.999999999998899e-05,1,1000000,132946,867054,0,867054,132946,0,0,0,0,867054,0,0,0.867054,0.8663869970333813,0.8677188761184943,false,0.0,0.0,2.9957277863923437e-06,true,0.867054,0.8663869970333813,0.8677188761184943,false,true,0,0.0,0.0,2.9957277863923437e-06,true,0,867054,false,928021,0,0,NA,0.080452,0,0,0,0,0,0,0,0,0,0,4002
E2,seed,native,LOG,double,libc++,0.5001,9.999999999998899e-05,1,1000000,131950,868050,0,868050,131950,0,0,0,0,868050,0,0,0.86805,0.8673851108251371,0.8687127565487651,false,0.0,0.0,2.9957277863923437e-06,true,0.86805,0.8673851108251371,0.8687127565487651,false,true,0,0.0,0.0,2.9957277863923437e-06,true,0,868050,false,928896,0,0,NA,0.113598,0,0,0,0,0,0,0,0,0,0,4003
E2,seed,native,LOG,double,libstdc++,0.5001,9.999999999998899e-05,1,1000000,132264,867736,0,867736,132264,0,0,0,0,867736,0,0,0.867736,0.8670704430811766,0.8683994261143073,false,0.0,0.0,2.9957277863923437e-06,true,0.867736,0.8670704430811766,0.8683994261143073,false,true,0,0.0,0.0,2.9957277863923437e-06,true,0,867736,false,928609,0,0,NA,0.07998,0,0,0,0,0,0,0,0,0,0,4003
E2,seed,native,LOG,double,libc++,0.5001,9.999999999998899e-05,1,1000000,132219,867781,0,867781,132219,0,0,0,0,867781,0,0,0.867781,0.867115538700607,0.8684443302338256,false,0.0,0.0,2.9957277863923437e-06,true,0.867781,0.867115538700607,0.8684443302338256,false,true,0,0.0,0.0,2.9957277863923437e-06,true,0,867781,false,928092,0,0,NA,0.113668,0,0,0,0,0,0,0,0,0,0,4004
E2,seed,native,LOG,double,libstdc++,0.5001,9.999999999998899e-05,1,1000000,132403,867597,0,867597,132403,0,0,0,0,867597,0,0,0.867597,0.8669311478844922,0.8682607221173584,false,0.0,0.0,2.9957277863923437e-06,true,0.867597,0.8669311478844922,0.8682607221173584,false,true,0,0.0,0.0,2.9957277863923437e-06,true,0,867597,false,928267,0,0,NA,0.082484,0,0,0,0,0,0,0,0,0,0,4004
E2,seed,native,LOG,double,libc++,0.5001,9.999999999998899e-05,1,1000000,132340,867660,0,867660,132340,0,0,0,0,867660,0,0,0.86766,0.8669942816485228,0.8683235879878515,false,0.0,0.0,2.9957277863923437e-06,true,0.86766,0.8669942816485228,0.8683235879878515,false,true,0,0.0,0.0,2.9957277863923437e-06,true,0,867660,false,928143,0,0,NA,0.114067,0,0,0,0,0,0,0,0,0,0,4005
E2,seed,native,LOG,double,libstdc++,0.5001,9.999999999998899e-05,1,1000000,132710,867290,0,867290,132710,0,0,0,0,867290,0,0,0.86729,0.8666234967644552,0.8679543750183532,false,0.0,0.0,2.9957277863923437e-06,true,0.86729,0.8666234967644552,0.8679543750183532,false,true,0,0.0,0.0,2.9957277863923437e-06,true,0,867290,false,927853,0,0,NA,0.080283,0,0,0,0,0,0,0,0,0,0,4005
E2,seed,native,QF,double,libc++,0.5001,9.999999999998899e-05,1,1000000,68305,931695,931695,0,68305,928458,3237,0,0,0,0,0,0.931695,0.9311988112340767,0.9321886865026079,false,0.931695,0.9311988112340767,0.9321886865026079,false,0.0,0.0,2.9957277863923437e-06,true,true,0,0.0,0.0,2.9957277863923437e-06,true,0,0,true,928458,3369,0,NA,0.0925776,0,0,0,0,0,0,0,0,0,0,4001
E2,seed,native,QF,double,libstdc++,0.5001,9.999999999998899e-05,1,1000000,68270,931730,931730,0,68270,928425,3305,0,0,0,0,0,0.93173,0.9312339285401319,0.9322235689928848,false,0.93173,0.9312339285401319,0.9322235689928848,false,0.0,0.0,2.9957277863923437e-06,true,true,0,0.0,0.0,2.9957277863923437e-06,true,0,0,true,928425,3442,0,NA,0.072938,0,0,0,0,0,0,0,0,0,0,4001
E2,seed,native,QF,double,libc++,0.5001,9.999999999998899e-05,1,1000000,68805,931195,931195,0,68805,927921,3274,0,0,0,0,0,0.931195,0.9306971395025847,0.9316903611435712,false,0.931195,0.9306971395025847,0.9316903611435712,false,0.0,0.0,2.9957277863923437e-06,true,true,0,0.0,0.0,2.9957277863923437e-06,true,0,0,true,927921,3394,0,NA,0.0946131,0,0,0,0,0,0,0,0,0,0,4002
E2,seed,native,QF,double,libstdc++,0.5001,9.999999999998899e-05,1,1000000,68105,931895,931895,0,68105,928624,3271,0,0,0,0,0,0.931895,0.9313994820587821,0.9323880145140714,false,0.931895,0.9313994820587821,0.9323880145140714,false,0.0,0.0,2.9957277863923437e-06,true,true,0,0.0,0.0,2.9957277863923437e-06,true,0,0,true,928624,3410,0,NA,0.073373,0,0,0,0,0,0,0,0,0,0,4002
E2,seed,native,QF,double,libc++,0.5001,9.999999999998899e-05,1,1000000,67799,932201,932201,0,67799,928895,3306,0,0,0,0,0,0.932201,0.9317065107947853,0.9326929839973574,false,0.932201,0.9317065107947853,0.9326929839973574,false,0.0,0.0,2.9957277863923437e-06,true,true,0,0.0,0.0,2.9957277863923437e-06,true,0,0,true,928895,3437,0,NA,0.0929454,0,0,0,0,0,0,0,0,0,0,4003
E2,seed,native,QF,double,libstdc++,0.5001,9.999999999998899e-05,1,1000000,68563,931437,931437,0,68563,928119,3318,0,0,0,0,0,0.931437,0.9309399476727127,0.9319315515652777,false,0.931437,0.9309399476727127,0.9319315515652777,false,0.0,0.0,2.9957277863923437e-06,true,true,0,0.0,0.0,2.9957277863923437e-06,true,0,0,true,928119,3441,0,NA,0.073128,0,0,0,0,0,0,0,0,0,0,4003
E2,seed,native,QF,double,libc++,0.5001,9.999999999998899e-05,1,1000000,68556,931444,931444,0,68556,928085,3359,0,0,0,0,0,0.931444,0.930946971075953,0.9319385281213061,false,0.931444,0.930946971075953,0.9319385281213061,false,0.0,0.0,2.9957277863923437e-06,true,true,0,0.0,0.0,2.9957277863923437e-06,true,0,0,true,928085,3490,0,NA,0.0931168,0,0,0,0,0,0,0,0,0,0,4004
E2,seed,native,QF,double,libstdc++,0.5001,9.999999999998899e-05,1,1000000,68394,931606,931606,0,68394,928302,3304,0,0,0,0,0,0.931606,0.9311095131098877,0.9320999851446943,false,0.931606,0.9311095131098877,0.9320999851446943,false,0.0,0.0,2.9957277863923437e-06,true,true,0,0.0,0.0,2.9957277863923437e-06,true,0,0,true,928302,3437,0,NA,0.072567,0,0,0,0,0,0,0,0,0,0,4004
E2,seed,native,QF,double,libc++,0.5001,9.999999999998899e-05,1,1000000,68487,931513,931513,0,68487,928163,3350,0,0,0,0,0,0.931513,0.9310162018446784,0.9320072969510712,false,0.931513,0.9310162018446784,0.9320072969510712,false,0.0,0.0,2.9957277863923437e-06,true,true,0,0.0,0.0,2.9957277863923437e-06,true,0,0,true,928163,3489,0,NA,0.0931958,0,0,0,0,0,0,0,0,0,0,4005
E2,seed,native,QF,double,libstdc++,0.5001,9.999999999998899e-05,1,1000000,69099,930901,930901,0,69099,927445,3456,0,0,0,0,0,0.930901,0.9304021600557597,0.9313973423010934,false,0.930901,0.9304021600557597,0.9313973423010934,false,0.0,0.0,2.9957277863923437e-06,true,true,0,0.0,0.0,2.9957277863923437e-06,true,0,0,true,927445,3594,0,NA,0.073026,0,0,0,0,0,0,0,0,0,0,4005
E2,seed,native,SPLIT,double,libc++,0.5001,9.999999999998899e-05,1,1000000,71542,928458,928458,0,71542,928458,0,0,0,0,0,0,0.928458,0.9279511203169094,0.9289623962530587,false,0.928458,0.9279511203169094,0.9289623962530587,false,0.0,0.0,2.9957277863923437e-06,true,true,0,0.0,0.0,2.9957277863923437e-06,true,0,0,true,928458,3369,0,NA,0.0929269,0,0,0,0,0,0,0,0,0,0,4001
E2,seed,native,SPLIT,double,libstdc++,0.5001,9.999999999998899e-05,1,1000000,71575,928425,928425,0,71575,928425,0,0,0,0,0,0,0.928425,0.9279180129041436,0.9289295038577903,false,0.928425,0.9279180129041436,0.9289295038577903,false,0.0,0.0,2.9957277863923437e-06,true,true,0,0.0,0.0,2.9957277863923437e-06,true,0,0,true,928425,3442,0,NA,0.073246,0,0,0,0,0,0,0,0,0,0,4001
E2,seed,native,SPLIT,double,libc++,0.5001,9.999999999998899e-05,1,1000000,72079,927921,927921,0,72079,927921,0,0,0,0,0,0,0.927921,0.9274123762772918,0.9284271434164313,false,0.927921,0.9274123762772918,0.9284271434164313,false,0.0,0.0,2.9957277863923437e-06,true,true,0,0.0,0.0,2.9957277863923437e-06,true,0,0,true,927921,3394,0,NA,0.0933542,0,0,0,0,0,0,0,0,0,0,4002
E2,seed,native,SPLIT,double,libstdc++,0.5001,9.999999999998899e-05,1,1000000,71376,928624,928624,0,71376,928624,0,0,0,0,0,0,0.928624,0.9281176611088211,0.9291278544954823,false,0.928624,0.9281176611088211,0.9291278544954823,false,0.0,0.0,2.9957277863923437e-06,true,true,0,0.0,0.0,2.9957277863923437e-06,true,0,0,true,928624,3410,0,NA,0.072764,0,0,0,0,0,0,0,0,0,0,4002
E2,seed,native,SPLIT,double,libc++,0.5001,9.999999999998899e-05,1,1000000,71105,928895,928895,0,71105,928895,0,0,0,0,0,0,0.928895,0.9283895456693207,0.9293979683584782,false,0.928895,0.9283895456693207,0.9293979683584782,false,0.0,0.0,2.9957277863923437e-06,true,true,0,0.0,0.0,2.9957277863923437e-06,true,0,0,true,928895,3437,0,NA,0.0930117,0,0,0,0,0,0,0,0,0,0,4003
E2,seed,native,SPLIT,double,libstdc++,0.5001,9.999999999998899e-05,1,1000000,71881,928119,928119,0,71881,928119,0,0,0,0,0,0,0.928119,0.9276110183758288,0.928624500166136,false,0.928119,0.9276110183758288,0.928624500166136,false,0.0,0.0,2.9957277863923437e-06,true,true,0,0.0,0.0,2.9957277863923437e-06,true,0,0,true,928119,3441,0,NA,0.072828,0,0,0,0,0,0,0,0,0,0,4003
E2,seed,native,SPLIT,double,libc++,0.5001,9.999999999998899e-05,1,1000000,71915,928085,928085,0,71915,928085,0,0,0,0,0,0,0.928085,0.9275769080373262,0.9285906107024183,false,0.928085,0.9275769080373262,0.9285906107024183,false,0.0,0.0,2.9957277863923437e-06,true,true,0,0.0,0.0,2.9957277863923437e-06,true,0,0,true,928085,3490,0,NA,0.0929539,0,0,0,0,0,0,0,0,0,0,4004
E2,seed,native,SPLIT,double,libstdc++,0.5001,9.999999999998899e-05,1,1000000,71698,928302,928302,0,71698,928302,0,0,0,0,0,0,0.928302,0.9277946128217331,0.9288069046557099,false,0.928302,0.9277946128217331,0.9288069046557099,false,0.0,0.0,2.9957277863923437e-06,true,true,0,0.0,0.0,2.9957277863923437e-06,true,0,0,true,928302,3437,0,NA,0.072621,0,0,0,0,0,0,0,0,0,0,4004
E2,seed,native,SPLIT,double,libc++,0.5001,9.999999999998899e-05,1,1000000,71837,928163,928163,0,71837,928163,0,0,0,0,0,0,0.928163,0.9276551612156316,0.9286683570703858,false,0.928163,0.9276551612156316,0.9286683570703858,false,0.0,0.0,2.9957277863923437e-06,true,true,0,0.0,0.0,2.9957277863923437e-06,true,0,0,true,928163,3489,0,NA,0.0928388,0,0,0,0,0,0,0,0,0,0,4005
E2,seed,native,SPLIT,double,libstdc++,0.5001,9.999999999998899e-05,1,1000000,72555,927445,927445,0,72555,927445,0,0,0,0,0,0,0.927445,0.9269348371824208,0.9279526852800888,false,0.927445,0.9269348371824208,0.9279526852800888,false,0.0,0.0,2.9957277863923437e-06,true,true,0,0.0,0.0,2.9957277863923437e-06,true,0,0,true,927445,3594,0,NA,0.073025,0,0,0,0,0,0,0,0,0,0,4005
E2,seed,native,LOG,double,libc++,0.501,0.0010000000000000009,1,1000000,758382,241618,0,241618,758382,0,0,0,0,241618,0,0,0.241618,0.2407792593276118,0.2424582375259964,false,0.0,0.0,2.9957277863923437e-06,true,0.241618,0.2407792593276118,0.2424582375259964,false,true,0,0.0,0.0,2.9957277863923437e-06,true,0,241618,false,475448,0,0,NA,0.13047,0,0,0,0,0,0,0,0,0,0,4001
E2,seed,native,LOG,double,libstdc++,0.501,0.0010000000000000009,1,1000000,758172,241828,0,241828,758172,0,0,0,0,241828,0,0,0.241828,0.24098901041783988,0.24266848521885215,false,0.0,0.0,2.9957277863923437e-06,true,0.241828,0.24098901041783988,0.24266848521885215,false,true,0,0.0,0.0,2.9957277863923437e-06,true,0,241828,false,475067,0,0,NA,0.095845,0,0,0,0,0,0,0,0,0,0,4001
E2,seed,native,LOG,double,libc++,0.501,0.0010000000000000009,1,1000000,758313,241687,0,241687,758313,0,0,0,0,241687,0,0,0.241687,0.24084817751259485,0.24252731894116583,false,0.0,0.0,2.9957277863923437e-06,true,0.241687,0.24084817751259485,0.24252731894116583,false,true,0,0.0,0.0,2.9957277863923437e-06,true,0,241687,false,475168,0,0,NA,0.130253,0,0,0,0,0,0,0,0,0,0,4002
E2,seed,native,LOG,double,libstdc++,0.501,0.0010000000000000009,1,1000000,759292,240708,0,240708,759292,0,0,0,0,240708,0,0,0.240708,0.23987034112316585,0.2415471610037589,false,0.0,0.0,2.9957277863923437e-06,true,0.240708,0.23987034112316585,0.2415471610037589,false,true,0,0.0,0.0,2.9957277863923437e-06,true,0,240708,false,473401,0,0,NA,0.096154,0,0,0,0,0,0,0,0,0,0,4002
E2,seed,native,LOG,double,libc++,0.501,0.0010000000000000009,1,1000000,758318,241682,0,241682,758318,0,0,0,0,241682,0,0,0.241682,0.24084318344022082,0.24252231304251828,false,0.0,0.0,2.9957277863923437e-06,true,0.241682,0.24084318344022082,0.24252231304251828,false,true,0,0.0,0.0,2.9957277863923437e-06,true,0,241682,false,475225,0,0,NA,0.130011,0,0,0,0,0,0,0,0,0,0,4003
E2,seed,native,LOG,double,libstdc++,0.501,0.0010000000000000009,1,1000000,759330,240670,0,240670,759330,0,0,0,0,240670,0,0,0.24067,0.23983238640986118,0.24150911593726873,false,0.0,0.0,2.9957277863923437e-06,true,0.24067,0.23983238640986118,0.24150911593726873,false,true,0,0.0,0.0,2.9957277863923437e-06,true,0,240670,false,474310,0,0,NA,0.096027,0,0,0,0,0,0,0,0,0,0,4003
E2,seed,native,LOG,double,libc++,0.501,0.0010000000000000009,1,1000000,758159,241841,0,241841,758159,0,0,0,0,241841,0,0,0.241841,0.2410019950181896,0.24268150054316562,false,0.0,0.0,2.9957277863923437e-06,true,0.241841,0.2410019950181896,0.24268150054316562,false,true,0,0.0,0.0,2.9957277863923437e-06,true,0,241841,false,475232,0,0,NA,0.129957,0,0,0,0,0,0,0,0,0,0,4004
E2,seed,native,LOG,double,libstdc++,0.501,0.0010000000000000009,1,1000000,758280,241720,0,241720,758280,0,0,0,0,241720,0,0,0.24172,0.24088113839418532,0.2425603578683457,false,0.0,0.0,2.9957277863923437e-06,true,0.24172,0.24088113839418532,0.2425603578683457,false,true,0,0.0,0.0,2.9957277863923437e-06,true,0,241720,false,474555,0,0,NA,0.09551,0,0,0,0,0,0,0,0,0,0,4004
E2,seed,native,LOG,double,libc++,0.501,0.0010000000000000009,1,1000000,758079,241921,0,241921,758079,0,0,0,0,241921,0,0,0.241921,0.24108190027432475,0.24276159482344647,false,0.0,0.0,2.9957277863923437e-06,true,0.241921,0.24108190027432475,0.24276159482344647,false,true,0,0.0,0.0,2.9957277863923437e-06,true,0,241921,false,474467,0,0,NA,0.130217,0,0,0,0,0,0,0,0,0,0,4005
E2,seed,native,LOG,double,libstdc++,0.501,0.0010000000000000009,1,1000000,758479,241521,0,241521,758479,0,0,0,0,241521,0,0,0.241521,0.24068237439321863,0.2423611230224906,false,0.0,0.0,2.9957277863923437e-06,true,0.241521,0.24068237439321863,0.2423611230224906,false,true,0,0.0,0.0,2.9957277863923437e-06,true,0,241521,false,474277,0,0,NA,0.098726,0,0,0,0,0,0,0,0,0,0,4005
E2,seed,native,QF,double,libc++,0.501,0.0010000000000000009,1,1000000,507256,492744,492744,0,507256,475469,17275,0,0,0,0,0,0.492744,0.4917636434069512,0.4937243986235925,false,0.492744,0.4917636434069512,0.4937243986235925,false,0.0,0.0,2.9957277863923437e-06,true,true,0,0.0,0.0,2.9957277863923437e-06,true,0,0,true,475469,17951,0,NA,0.107444,0,0,0,0,0,0,0,0,0,0,4001
E2,seed,native,QF,double,libstdc++,0.501,0.0010000000000000009,1,1000000,507712,492288,492288,0,507712,475206,17082,0,0,0,0,0,0.492288,0.49130765810667143,0.49326838656526417,false,0.492288,0.49130765810667143,0.49326838656526417,false,0.0,0.0,2.9957277863923437e-06,true,true,0,0.0,0.0,2.9957277863923437e-06,true,0,0,true,475206,17755,0,NA,0.08771,0,0,0,0,0,0,0,0,0,0,4001
E2,seed,native,QF,double,libc++,0.501,0.0010000000000000009,1,1000000,507827,492173,492173,0,507827,475197,16976,0,0,0,0,0,0.492173,0.4911926619425823,0.49315338339549386,false,0.492173,0.4911926619425823,0.49315338339549386,false,0.0,0.0,2.9957277863923437e-06,true,true,0,0.0,0.0,2.9957277863923437e-06,true,0,0,true,475197,17648,0,NA,0.10908,0,0,0,0,0,0,0,0,0,0,4002
E2,seed,native,QF,double,libstdc++,0.501,0.0010000000000000009,1,1000000,508404,491596,491596,0,508404,474797,16799,0,0,0,0,0,0.491596,0.4906156819717228,0.49257636670863847,false,0.491596,0.4906156819717228,0.49257636670863847,false,0.0,0.0,2.9957277863923437e-06,true,true,0,0.0,0.0,2.9957277863923437e-06,true,0,0,true,474797,17474,0,NA,0.08913,0,0,0,0,0,0,0,0,0,0,4002
E2,seed,native,QF,double,libc++,0.501,0.0010000000000000009,1,1000000,507534,492466,492466,0,507534,475232,17234,0,0,0,0,0,0.492466,0.49148565227160446,0.4934463913692617,false,0.492466,0.49148565227160446,0.4934463913692617,false,0.0,0.0,2.9957277863923437e-06,true,true,0,0.0,0.0,2.9957277863923437e-06,true,0,0,true,475232,17888,0,NA,0.107465,0,0,0,0,0,0,0,0,0,0,4003
E2,seed,native,QF,double,libstdc++,0.501,0.0010000000000000009,1,1000000,508300,491700,491700,0,508300,474553,17147,0,0,0,0,0,0.4917,0.4907196782651643,0.4926803698127765,false,0.4917,0.4907196782651643,0.4926803698127765,false,0.0,0.0,2.9957277863923437e-06,true,true,0,0.0,0.0,2.9957277863923437e-06,true,0,0,true,474553,17840,0,NA,0.08819,0,0,0,0,0,0,0,0,0,0,4003
E2,seed,native,QF,double,libc++,0.501,0.0010000000000000009,1,1000000,507574,492426,492426,0,507574,475225,17201,0,0,0,0,0,0.492426,0.4914456535720313,0.49340639030053796,false,0.492426,0.4914456535720313,0.49340639030053796,false,0.0,0.0,2.9957277863923437e-06,true,true,0,0.0,0.0,2.9957277863923437e-06,true,0,0,true,475225,17867,0,NA,0.107787,0,0,0,0,0,0,0,0,0,0,4004
E2,seed,native,QF,double,libstdc++,0.501,0.0010000000000000009,1,1000000,507570,492430,492430,0,507570,475645,16785,0,0,0,0,0,0.49243,0.49144965344170416,0.49341039040769313,false,0.49243,0.49144965344170416,0.49341039040769313,false,0.0,0.0,2.9957277863923437e-06,true,true,0,0.0,0.0,2.9957277863923437e-06,true,0,0,true,475645,17466,0,NA,0.087876,0,0,0,0,0,0,0,0,0,0,4004
E2,seed,native,QF,double,libc++,0.501,0.0010000000000000009,1,1000000,508483,491517,491517,0,508483,474408,17109,0,0,0,0,0,0.491517,0.49053668481562696,0.4924973643223472,false,0.491517,0.49053668481562696,0.4924973643223472,false,0.0,0.0,2.9957277863923437e-06,true,true,0,0.0,0.0,2.9957277863923437e-06,true,0,0,true,474408,17753,0,NA,0.107127,0,0,0,0,0,0,0,0,0,0,4005
E2,seed,native,QF,double,libstdc++,0.501,0.0010000000000000009,1,1000000,508401,491599,491599,0,508401,474465,17134,0,0,0,0,0,0.491599,0.4906186818642109,0.4925793667987724,false,0.491599,0.4906186818642109,0.4925793667987724,false,0.0,0.0,2.9957277863923437e-06,true,true,0,0.0,0.0,2.9957277863923437e-06,true,0,0,true,474465,17776,0,NA,0.088644,0,0,0,0,0,0,0,0,0,0,4005
E2,seed,native,SPLIT,double,libc++,0.501,0.0010000000000000009,1,1000000,524531,475469,475469,0,524531,475469,0,0,0,0,0,0,0.475469,0.4744897703986484,0.47644837169782855,false,0.475469,0.4744897703986484,0.47644837169782855,false,0.0,0.0,2.9957277863923437e-06,true,true,0,0.0,0.0,2.9957277863923437e-06,true,0,0,true,475469,17951,0,NA,0.107318,0,0,0,0,0,0,0,0,0,0,4001
E2,seed,native,SPLIT,double,libstdc++,0.501,0.0010000000000000009,1,1000000,524794,475206,475206,0,524794,475206,0,0,0,0,0,0,0.475206,0.4742267966168776,0.47618534700303816,false,0.475206,0.4742267966168776,0.47618534700303816,false,0.0,0.0,2.9957277863923437e-06,true,true,0,0.0,0.0,2.9957277863923437e-06,true,0,0,true,475206,17755,0,NA,0.088084,0,0,0,0,0,0,0,0,0,0,4001
E2,seed,native,SPLIT,double,libc++,0.501,0.0010000000000000009,1,1000000,524803,475197,475197,0,524803,475197,0,0,0,0,0,0,0.475197,0.4742177975188987,0.4761763461531567,false,0.475197,0.4742177975188987,0.4761763461531567,false,0.0,0.0,2.9957277863923437e-06,true,true,0,0.0,0.0,2.9957277863923437e-06,true,0,0,true,475197,17648,0,NA,0.107406,0,0,0,0,0,0,0,0,0,0,4002
E2,seed,native,SPLIT,double,libstdc++,0.501,0.0010000000000000009,1,1000000,525203,474797,474797,0,525203,474797,0,0,0,0,0,0,0.474797,0.4738178379304007,0.4757763080586637,false,0.474797,0.4738178379304007,0.4757763080586637,false,0.0,0.0,2.9957277863923437e-06,true,true,0,0.0,0.0,2.9957277863923437e-06,true,0,0,true,474797,17474,0,NA,0.088062,0,0,0,0,0,0,0,0,0,0,4002
E2,seed,native,SPLIT,double,libc++,0.501,0.0010000000000000009,1,1000000,524768,475232,475232,0,524768,475232,0,0,0,0,0,0,0.475232,0.4742527940128464,0.4762113494564712,false,0.475232,0.4742527940128464,0.4762113494564712,false,0.0,0.0,2.9957277863923437e-06,true,true,0,0.0,0.0,2.9957277863923437e-06,true,0,0,true,475232,17888,0,NA,0.107638,0,0,0,0,0,0,0,0,0,0,4003
E2,seed,native,SPLIT,double,libstdc++,0.501,0.0010000000000000009,1,1000000,525447,474553,474553,0,525447,474553,0,0,0,0,0,0,0.474553,0.47357386289057013,0.4755322845118743,false,0.474553,0.47357386289057013,0.4755322845118743,false,0.0,0.0,2.9957277863923437e-06,true,true,0,0.0,0.0,2.9957277863923437e-06,true,0,0,true,474553,17840,0,NA,0.087875,0,0,0,0,0,0,0,0,0,0,4003
E2,seed,native,SPLIT,double,libc++,0.501,0.0010000000000000009,1,1000000,524775,475225,475225,0,524775,475225,0,0,0,0,0,0,0.475225,0.4742457947136684,0.47620434879619356,false,0.475225,0.4742457947136684,0.47620434879619356,false,0.0,0.0,2.9957277863923437e-06,true,true,0,0.0,0.0,2.9957277863923437e-06,true,0,0,true,475225,17867,0,NA,0.106953,0,0,0,0,0,0,0,0,0,0,4004
E2,seed,native,SPLIT,double,libstdc++,0.501,0.0010000000000000009,1,1000000,524355,475645,475645,0,524355,475645,0,0,0,0,0,0,0.475645,0.47466575300535857,0.47662438807163116,false,0.475645,0.47466575300535857,0.47662438807163116,false,0.0,0.0,2.9957277863923437e-06,true,true,0,0.0,0.0,2.9957277863923437e-06,true,0,0,true,475645,17466,0,NA,0.088,0,0,0,0,0,0,0,0,0,0,4004
E2,seed,native,SPLIT,double,libc++,0.501,0.0010000000000000009,1,1000000,525592,474408,474408,0,525592,474408,0,0,0,0,0,0,0.474408,0.4734288778344371,0.4753872704079196,false,0.474408,0.4734288778344371,0.4753872704079196,false,0.0,0.0,2.9957277863923437e-06,true,true,0,0.0,0.0,2.9957277863923437e-06,true,0,0,true,474408,17753,0,NA,0.106869,0,0,0,0,0,0,0,0,0,0,4005
E2,seed,native,SPLIT,double,libstdc++,0.501,0.0010000000000000009,1,1000000,525535,474465,474465,0,525535,474465,0,0,0,0,0,0,0.474465,0.47348587195008707,0.4754442759621052,false,0.474465,0.47348587195008707,0.4754442759621052,false,0.0,0.0,2.9957277863923437e-06,true,true,0,0.0,0.0,2.9957277863923437e-06,true,0,0,true,474465,17776,0,NA,0.088726,0,0,0,0,0,0,0,0,0,0,4005
E2,seed,native,LOG,double,libc++,0.505,0.0050000000000000044,1,1000000,999244,756,0,756,999244,0,0,0,0,756,0,0,0.000756,0.0007030814766712467,0.0008118438623623829,false,0.0,0.0,2.9957277863923437e-06,true,0.000756,0.0007030814766712467,0.0008118438623623829,false,true,0,0.0,0.0,2.9957277863923437e-06,true,0,756,false,24015,0,0,NA,0.123823,0,0,0,0,0,0,0,0,0,0,4001
E2,seed,native,LOG,double,libstdc++,0.505,0.0050000000000000044,1,1000000,999234,766,0,766,999234,0,0,0,0,766,0,0,0.000766,0.0007127265690039083,0.0008221984809659499,false,0.0,0.0,2.9957277863923437e-06,true,0.000766,0.0007127265690039083,0.0008221984809659499,false,true,0,0.0,0.0,2.9957277863923437e-06,true,0,766,false,24470,0,0,NA,0.090924,0,0,0,0,0,0,0,0,0,0,4001
E2,seed,native,LOG,double,libc++,0.505,0.0050000000000000044,1,1000000,999163,837,0,837,999163,0,0,0,0,837,0,0,0.000837,0.000781270781336398,0.0008956523367551565,false,0.0,0.0,2.9957277863923437e-06,true,0.000837,0.000781270781336398,0.0008956523367551565,false,true,0,0.0,0.0,2.9957277863923437e-06,true,0,837,false,24431,0,0,NA,0.123722,0,0,0,0,0,0,0,0,0,0,4002
E2,seed,native,LOG,double,libstdc++,0.505,0.0050000000000000044,1,1000000,999195,805,0,805,999195,0,0,0,0,805,0,0,0.000805,0.0007503641412318194,0.0008625598227477837,false,0.0,0.0,2.9957277863923437e-06,true,0.000805,0.0007503641412318194,0.0008625598227477837,false,true,0,0.0,0.0,2.9957277863923437e-06,true,0,805,false,24062,0,0,NA,0.091324,0,0,0,0,0,0,0,0,0,0,4002
E2,seed,native,LOG,double,libc++,0.505,0.0050000000000000044,1,1000000,999147,853,0,853,999147,0,0,0,0,853,0,0,0.000853,0.0007967319607365544,0.0009121907483794516,false,0.0,0.0,2.9957277863923437e-06,true,0.000853,0.0007967319607365544,0.0009121907483794516,false,true,0,0.0,0.0,2.9957277863923437e-06,true,0,853,false,24180,0,0,NA,0.123736,0,0,0,0,0,0,0,0,0,0,4003
E2,seed,native,LOG,double,libstdc++,0.505,0.0050000000000000044,1,1000000,999191,809,0,809,999191,0,0,0,0,809,0,0,0.000809,0.0007542262942604809,0.0008666975618543339,false,0.0,0.0,2.9957277863923437e-06,true,0.000809,0.0007542262942604809,0.0008666975618543339,false,true,0,0.0,0.0,2.9957277863923437e-06,true,0,809,false,23960,0,0,NA,0.090935,0,0,0,0,0,0,0,0,0,0,4003
E2,seed,native,LOG,double,libc++,0.505,0.0050000000000000044,1,1000000,999178,822,0,822,999178,0,0,0,0,822,0,0,0.000822,0.0007667806352728621,0.0008801428745456576,false,0.0,0.0,2.9957277863923437e-06,true,0.000822,0.0007667806352728621,0.0008801428745456576,false,true,0,0.0,0.0,2.9957277863923437e-06,true,0,822,false,24133,0,0,NA,0.12416,0,0,0,0,0,0,0,0,0,0,4004
E2,seed,native,LOG,double,libstdc++,0.505,0.0050000000000000044,1,1000000,999178,822,0,822,999178,0,0,0,0,822,0,0,0.000822,0.0007667806352728621,0.0008801428745456576,false,0.0,0.0,2.9957277863923437e-06,true,0.000822,0.0007667806352728621,0.0008801428745456576,false,true,0,0.0,0.0,2.9957277863923437e-06,true,0,822,false,23913,0,0,NA,0.090792,0,0,0,0,0,0,0,0,0,0,4004
E2,seed,native,LOG,double,libc++,0.505,0.0050000000000000044,1,1000000,999164,836,0,836,999164,0,0,0,0,836,0,0,0.000836,0.0007803046283637208,0.0008946185155884718,false,0.0,0.0,2.9957277863923437e-06,true,0.000836,0.0007803046283637208,0.0008946185155884718,false,true,0,0.0,0.0,2.9957277863923437e-06,true,0,836,false,24299,0,0,NA,0.123687,0,0,0,0,0,0,0,0,0,0,4005
E2,seed,native,LOG,double,libstdc++,0.505,0.0050000000000000044,1,1000000,999200,800,0,800,999200,0,0,0,0,800,0,0,0.0008,0.0007455369336849423,0.0008573871660137346,false,0.0,0.0,2.9957277863923437e-06,true,0.0008,0.0007455369336849423,0.0008573871660137346,false,true,0,0.0,0.0,2.9957277863923437e-06,true,0,800,false,23923,0,0,NA,0.091041,0,0,0,0,0,0,0,0,0,0,4005
E2,seed,native,QF,double,libc++,0.505,0.0050000000000000044,1,1000000,971393,28607,28607,0,971393,24010,4597,0,0,0,0,0,0.028607,0.028281141299722777,0.028935592945177682,false,0.028607,0.028281141299722777,0.028935592945177682,false,0.0,0.0,2.9957277863923437e-06,true,true,0,0.0,0.0,2.9957277863923437e-06,true,0,0,true,24010,4783,0,NA,0.102268,0,0,0,0,0,0,0,0,0,0,4001
E2,seed,native,QF,double,libstdc++,0.505,0.0050000000000000044,1,1000000,970928,29072,29072,0,970928,24347,4725,0,0,0,0,0,0.029072,0.028743574081359524,0.02940315742330572,false,0.029072,0.028743574081359524,0.02940315742330572,false,0.0,0.0,2.9957277863923437e-06,true,true,0,0.0,0.0,2.9957277863923437e-06,true,0,0,true,24347,4933,0,NA,0.081197,0,0,0,0,0,0,0,0,0,0,4001
E2,seed,native,QF,double,libc++,0.505,0.0050000000000000044,1,1000000,970932,29068,29068,0,970932,24453,4615,0,0,0,0,0,0.029068,0.02873959606894115,0.029399135459291056,false,0.029068,0.02873959606894115,0.029399135459291056,false,0.0,0.0,2.9957277863923437e-06,true,true,0,0.0,0.0,2.9957277863923437e-06,true,0,0,true,24453,4817,0,NA,0.101896,0,0,0,0,0,0,0,0,0,0,4002
E2,seed,native,QF,double,libstdc++,0.505,0.0050000000000000044,1,1000000,971286,28714,28714,0,971286,24082,4632,0,0,0,0,0,0.028714,0.028387548556964987,0.029043185057285772,false,0.028714,0.028387548556964987,0.029043185057285772,false,0.0,0.0,2.9957277863923437e-06,true,true,0,0.0,0.0,2.9957277863923437e-06,true,0,0,true,24082,4834,0,NA,0.081298,0,0,0,0,0,0,0,0,0,0,4002
E2,seed,native,QF,double,libc++,0.505,0.0050000000000000044,1,1000000,971141,28859,28859,0,971141,24188,4671,0,0,0,0,0,0.028859,0.028531747228277848,0.029188985531450815,false,0.028859,0.028531747228277848,0.029188985531450815,false,0.0,0.0,2.9957277863923437e-06,true,true,0,0.0,0.0,2.9957277863923437e-06,true,0,0,true,24188,4857,0,NA,0.102783,0,0,0,0,0,0,0,0,0,0,4003
E2,seed,native,QF,double,libstdc++,0.505,0.0050000000000000044,1,1000000,971204,28796,28796,0,971204,24195,4601,0,0,0,0,0,0.028796,0.02846909512107422,0.02912563800991576,false,0.028796,0.02846909512107422,0.02912563800991576,false,0.0,0.0,2.9957277863923437e-06,true,true,0,0.0,0.0,2.9957277863923437e-06,true,0,0,true,24195,4790,0,NA,0.080602,0,0,0,0,0,0,0,0,0,0,4003
E2,seed,native,QF,double,libc++,0.505,0.0050000000000000044,1,1000000,971093,28907,28907,0,971093,24154,4753,0,0,0,0,0,0.028907,0.028579482445384986,0.029237250031492003,false,0.028907,0.028579482445384986,0.029237250031492003,false,0.0,0.0,2.9957277863923437e-06,true,true,0,0.0,0.0,2.9957277863923437e-06,true,0,0,true,24154,5000,0,NA,0.102406,0,0,0,0,0,0,0,0,0,0,4004
E2,seed,native,QF,double,libstdc++,0.505,0.0050000000000000044,1,1000000,971181,28819,28819,0,971181,24211,4608,0,0,0,0,0,0.028819,0.028491968064469658,0.029148764930978312,false,0.028819,0.028491968064469658,0.029148764930978312,false,0.0,0.0,2.9957277863923437e-06,true,true,0,0.0,0.0,2.9957277863923437e-06,true,0,0,true,24211,4834,0,NA,0.080595,0,0,0,0,0,0,0,0,0,0,4004
E2,seed,native,QF,double,libc++,0.505,0.0050000000000000044,1,1000000,971067,28933,28933,0,971067,24293,4640,0,0,0,0,0,0.028933,0.02860533912157846,0.029263393202091852,false,0.028933,0.02860533912157846,0.029263393202091852,false,0.0,0.0,2.9957277863923437e-06,true,true,0,0.0,0.0,2.9957277863923437e-06,true,0,0,true,24293,4831,0,NA,0.10153,0,0,0,0,0,0,0,0,0,0,4005
E2,seed,native,QF,double,libstdc++,0.505,0.0050000000000000044,1,1000000,970769,29231,29231,0,970769,24538,4693,0,0,0,0,0,0.029231,0.028901701410446325,0.029563029157493762,false,0.029231,0.028901701410446325,0.029563029157493762,false,0.0,0.0,2.9957277863923437e-06,true,true,0,0.0,0.0,2.9957277863923437e-06,true,0,0,true,24538,4896,0,NA,0.080905,0,0,0,0,0,0,0,0,0,0,4005
E2,seed,native,SPLIT,double,libc++,0.505,0.0050000000000000044,1,1000000,975990,24010,24010,0,975990,24010,0,0,0,0,0,0,0.02401,0.02371084768366772,0.024311913722470213,false,0.02401,0.02371084768366772,0.024311913722470213,false,0.0,0.0,2.9957277863923437e-06,true,true,0,0.0,0.0,2.9957277863923437e-06,true,0,0,true,24010,4783,0,NA,0.101194,0,0,0,0,0,0,0,0,0,0,4001
E2,seed,native,SPLIT,double,libstdc++,0.505,0.0050000000000000044,1,1000000,975653,24347,24347,0,975653,24347,0,0,0,0,0,0,0.024347,0.02404580061237946,0.024650958797513892,false,0.024347,0.02404580061237946,0.024650958797513892,false,0.0,0.0,2.9957277863923437e-06,true,true,0,0.0,0.0,2.9957277863923437e-06,true,0,0,true,24347,4933,0,NA,0.081252,0,0,0,0,0,0,0,0,0,0,4001
E2,seed,native,SPLIT,double,libc++,0.505,0.0050000000000000044,1,1000000,975547,24453,24453,0,975547,24453,0,0,0,0,0,0,0.024453,0.024151159883526188,0.024757598898657827,false,0.024453,0.024151159883526188,0.024757598898657827,false,0.0,0.0,2.9957277863923437e-06,true,true,0,0.0,0.0,2.9957277863923437e-06,true,0,0,true,24453,4817,0,NA,0.101391,0,0,0,0,0,0,0,0,0,0,4002
E2,seed,native,SPLIT,double,libstdc++,0.505,0.0050000000000000044,1,1000000,975918,24082,24082,0,975918,24082,0,0,0,0,0,0,0.024082,0.023782409034800306,0.02438435194476225,false,0.024082,0.023782409034800306,0.02438435194476225,false,0.0,0.0,2.9957277863923437e-06,true,true,0,0.0,0.0,2.9957277863923437e-06,true,0,0,true,24082,4834,0,NA,0.081312,0,0,0,0,0,0,0,0,0,0,4002
E2,seed,native,SPLIT,double,libc++,0.505,0.0050000000000000044,1,1000000,975812,24188,24188,0,975812,24188,0,0,0,0,0,0,0.024188,0.023887764528320168,0.024490995823306123,false,0.024188,0.023887764528320168,0.024490995823306123,false,0.0,0.0,2.9957277863923437e-06,true,true,0,0.0,0.0,2.9957277863923437e-06,true,0,0,true,24188,4857,0,NA,0.10194,0,0,0,0,0,0,0,0,0,0,4003
E2,seed,native,SPLIT,double,libstdc++,0.505,0.0050000000000000044,1,1000000,975805,24195,24195,0,975805,24195,0,0,0,0,0,0,0.024195,0.023894722020120975,0.02449803829004088,false,0.024195,0.023894722020120975,0.02449803829004088,false,0.0,0.0,2.9957277863923437e-06,true,true,0,0.0,0.0,2.9957277863923437e-06,true,0,0,true,24195,4790,0,NA,0.080319,0,0,0,0,0,0,0,0,0,0,4003
E2,seed,native,SPLIT,double,libc++,0.505,0.0050000000000000044,1,1000000,975846,24154,24154,0,975846,24154,0,0,0,0,0,0,0.024154,0.023853971090950065,0.02445678946208009,false,0.024154,0.023853971090950065,0.02445678946208009,false,0.0,0.0,2.9957277863923437e-06,true,true,0,0.0,0.0,2.9957277863923437e-06,true,0,0,true,24154,5000,0,NA,0.102233,0,0,0,0,0,0,0,0,0,0,4004
E2,seed,native,SPLIT,double,libstdc++,0.505,0.0050000000000000044,1,1000000,975789,24211,24211,0,975789,24211,0,0,0,0,0,0,0.024211,0.023910624883371943,0.02451413533201608,false,0.024211,0.023910624883371943,0.02451413533201608,false,0.0,0.0,2.9957277863923437e-06,true,true,0,0.0,0.0,2.9957277863923437e-06,true,0,0,true,24211,4834,0,NA,0.0802,0,0,0,0,0,0,0,0,0,0,4004
E2,seed,native,SPLIT,double,libc++,0.505,0.0050000000000000044,1,1000000,975707,24293,24293,0,975707,24293,0,0,0,0,0,0,0.024293,0.02399212759899995,0.024596632130704333,false,0.024293,0.02399212759899995,0.024596632130704333,false,0.0,0.0,2.9957277863923437e-06,true,true,0,0.0,0.0,2.9957277863923437e-06,true,0,0,true,24293,4831,0,NA,0.101145,0,0,0,0,0,0,0,0,0,0,4005
E2,seed,native,SPLIT,double,libstdc++,0.505,0.0050000000000000044,1,1000000,975462,24538,24538,0,975462,24538,0,0,0,0,0,0,0.024538,0.0242356471715311,0.02484311110736604,false,0.024538,0.0242356471715311,0.02484311110736604,false,0.0,0.0,2.9957277863923437e-06,true,true,0,0.0,0.0,2.9957277863923437e-06,true,0,0,true,24538,4896,0,NA,0.080504,0,0,0,0,0,0,0,0,0,0,4005
E2,seed,native,LOG,double,libc++,0.51,0.010000000000000009,1,1000000,999998,2,0,2,999998,0,0,0,0,2,0,0,2e-06,2.4220937031600326e-07,7.2246687944522814e-06,false,0.0,0.0,2.9957277863923437e-06,true,2e-06,2.4220937031600326e-07,7.2246687944522814e-06,false,true,0,0.0,0.0,2.9957277863923437e-06,true,0,2,false,533,0,0,NA,0.122916,0,0,0,0,0,0,0,0,0,0,4001
E2,seed,native,LOG,double,libstdc++,0.51,0.010000000000000009,1,1000000,1000000,0,0,0,1000000,0,0,0,0,0,0,0,0.0,0.0,2.9957277863923437e-06,true,0.0,0.0,2.9957277863923437e-06,true,0.0,0.0,2.9957277863923437e-06,true,true,0,0.0,0.0,2.9957277863923437e-06,true,0,0,true,544,0,0,NA,0.091118,0,0,0,0,0,0,0,0,0,0,4001
E2,seed,native,LOG,double,libc++,0.51,0.010000000000000009,1,1000000,1000000,0,0,0,1000000,0,0,0,0,0,0,0,0.0,0.0,2.9957277863923437e-06,true,0.0,0.0,2.9957277863923437e-06,true,0.0,0.0,2.9957277863923437e-06,true,true,0,0.0,0.0,2.9957277863923437e-06,true,0,0,true,598,0,0,NA,0.123904,0,0,0,0,0,0,0,0,0,0,4002
E2,seed,native,LOG,double,libstdc++,0.51,0.010000000000000009,1,1000000,1000000,0,0,0,1000000,0,0,0,0,0,0,0,0.0,0.0,2.9957277863923437e-06,true,0.0,0.0,2.9957277863923437e-06,true,0.0,0.0,2.9957277863923437e-06,true,true,0,0.0,0.0,2.9957277863923437e-06,true,0,0,true,572,0,0,NA,0.090979,0,0,0,0,0,0,0,0,0,0,4002
E2,seed,native,LOG,double,libc++,0.51,0.010000000000000009,1,1000000,999998,2,0,2,999998,0,0,0,0,2,0,0,2e-06,2.4220937031600326e-07,7.2246687944522814e-06,false,0.0,0.0,2.9957277863923437e-06,true,2e-06,2.4220937031600326e-07,7.2246687944522814e-06,false,true,0,0.0,0.0,2.9957277863923437e-06,true,0,2,false,607,0,0,NA,0.124124,0,0,0,0,0,0,0,0,0,0,4003
E2,seed,native,LOG,double,libstdc++,0.51,0.010000000000000009,1,1000000,1000000,0,0,0,1000000,0,0,0,0,0,0,0,0.0,0.0,2.9957277863923437e-06,true,0.0,0.0,2.9957277863923437e-06,true,0.0,0.0,2.9957277863923437e-06,true,true,0,0.0,0.0,2.9957277863923437e-06,true,0,0,true,569,0,0,NA,0.093005,0,0,0,0,0,0,0,0,0,0,4003
E2,seed,native,LOG,double,libc++,0.51,0.010000000000000009,1,1000000,999999,1,0,1,999999,0,0,0,0,1,0,0,1e-06,2.53178076637942e-08,5.571630655166939e-06,false,0.0,0.0,2.9957277863923437e-06,true,1e-06,2.53178076637942e-08,5.571630655166939e-06,false,true,0,0.0,0.0,2.9957277863923437e-06,true,0,1,false,572,0,0,NA,0.124042,0,0,0,0,0,0,0,0,0,0,4004
E2,seed,native,LOG,double,libstdc++,0.51,0.010000000000000009,1,1000000,1000000,0,0,0,1000000,0,0,0,0,0,0,0,0.0,0.0,2.9957277863923437e-06,true,0.0,0.0,2.9957277863923437e-06,true,0.0,0.0,2.9957277863923437e-06,true,true,0,0.0,0.0,2.9957277863923437e-06,true,0,0,true,558,0,0,NA,0.091215,0,0,0,0,0,0,0,0,0,0,4004
E2,seed,native,LOG,double,libc++,0.51,0.010000000000000009,1,1000000,999999,1,0,1,999999,0,0,0,0,1,0,0,1e-06,2.53178076637942e-08,5.571630655166939e-06,false,0.0,0.0,2.9957277863923437e-06,true,1e-06,2.53178076637942e-08,5.571630655166939e-06,false,true,0,0.0,0.0,2.9957277863923437e-06,true,0,1,false,612,0,0,NA,0.123837,0,0,0,0,0,0,0,0,0,0,4005
E2,seed,native,LOG,double,libstdc++,0.51,0.010000000000000009,1,1000000,1000000,0,0,0,1000000,0,0,0,0,0,0,0,0.0,0.0,2.9957277863923437e-06,true,0.0,0.0,2.9957277863923437e-06,true,0.0,0.0,2.9957277863923437e-06,true,true,0,0.0,0.0,2.9957277863923437e-06,true,0,0,true,565,0,0,NA,0.091479,0,0,0,0,0,0,0,0,0,0,4005
E2,seed,native,QF,double,libc++,0.51,0.010000000000000009,1,1000000,999229,771,771,0,999229,529,242,0,0,0,0,0,0.000771,0.0007175499860329269,0.0008273749210876331,false,0.000771,0.0007175499860329269,0.0008273749210876331,false,0.0,0.0,2.9957277863923437e-06,true,true,0,0.0,0.0,2.9957277863923437e-06,true,0,0,true,529,248,0,NA,0.101198,0,0,0,0,0,0,0,0,0,0,4001
E2,seed,native,QF,double,libstdc++,0.51,0.010000000000000009,1,1000000,999225,775,775,0,999225,525,250,0,0,0,0,0,0.000775,0.0007214091325223238,0.0008315156611099634,false,0.000775,0.0007214091325223238,0.0008315156611099634,false,0.0,0.0,2.9957277863923437e-06,true,true,0,0.0,0.0,2.9957277863923437e-06,true,0,0,true,525,253,0,NA,0.080487,0,0,0,0,0,0,0,0,0,0,4001
E2,seed,native,QF,double,libc++,0.51,0.010000000000000009,1,1000000,999154,846,846,0,999154,609,237,0,0,0,0,0,0.000846,0.0007899670657511499,0.0009049558211920404,false,0.000846,0.0007899670657511499,0.0009049558211920404,false,0.0,0.0,2.9957277863923437e-06,true,true,0,0.0,0.0,2.9957277863923437e-06,true,0,0,true,609,248,0,NA,0.101726,0,0,0,0,0,0,0,0,0,0,4002
E2,seed,native,QF,double,libstdc++,0.51,0.010000000000000009,1,1000000,999166,834,834,0,999166,597,237,0,0,0,0,0,0.000834,0.0007783723833630208,0.0008925508124182144,false,0.000834,0.0007783723833630208,0.0008925508124182144,false,0.0,0.0,2.9957277863923437e-06,true,true,0,0.0,0.0,2.9957277863923437e-06,true,0,0,true,597,248,0,NA,0.080822,0,0,0,0,0,0,0,0,0,0,4002
E2,seed,native,QF,double,libc++,0.51,0.010000000000000009,1,1000000,999139,861,861,0,999139,612,249,0,0,0,0,0,0.000861,0.000804464450580049,0.0009204580573507893,false,0.000861,0.000804464450580049,0.0009204580573507893,false,0.0,0.0,2.9957277863923437e-06,true,true,0,0.0,0.0,2.9957277863923437e-06,true,0,0,true,612,262,0,NA,0.101947,0,0,0,0,0,0,0,0,0,0,4003
E2,seed,native,QF,double,libstdc++,0.51,0.010000000000000009,1,1000000,999181,819,819,0,999181,561,258,0,0,0,0,0,0.000819,0.0007638831642357954,0.0008770404249266203,false,0.000819,0.0007638831642357954,0.0008770404249266203,false,0.0,0.0,2.9957277863923437e-06,true,true,0,0.0,0.0,2.9957277863923437e-06,true,0,0,true,561,273,0,NA,0.08238,0,0,0,0,0,0,0,0,0,0,4003
E2,seed,native,QF,double,libc++,0.51,0.010000000000000009,1,1000000,999180,820,820,0,999180,572,248,0,0,0,0,0,0.00082,0.000764848967028068,0.0008780745956487663,false,0.00082,0.000764848967028068,0.0008780745956487663,false,0.0,0.0,2.9957277863923437e-06,true,true,0,0.0,0.0,2.9957277863923437e-06,true,0,0,true,572,261,0,NA,0.102514,0,0,0,0,0,0,0,0,0,0,4004
E2,seed,native,QF,double,libstdc++,0.51,0.010000000000000009,1,1000000,999199,801,801,0,999199,575,226,0,0,0,0,0,0.000801,0.0007465023319810692,0.0008584217404941983,false,0.000801,0.0007465023319810692,0.0008584217404941983,false,0.0,0.0,2.9957277863923437e-06,true,true,0,0.0,0.0,2.9957277863923437e-06,true,0,0,true,575,240,0,NA,0.080237,0,0,0,0,0,0,0,0,0,0,4004
E2,seed,native,QF,double,libc++,0.51,0.010000000000000009,1,1000000,999157,843,843,0,999157,610,233,0,0,0,0,0,0.000843,0.0007870681235017665,0.0009018548401736061,false,0.000843,0.0007870681235017665,0.0009018548401736061,false,0.0,0.0,2.9957277863923437e-06,true,true,0,0.0,0.0,2.9957277863923437e-06,true,0,0,true,610,239,0,NA,0.101996,0,0,0,0,0,0,0,0,0,0,4005
E2,seed,native,QF,double,libstdc++,0.51,0.010000000000000009,1,1000000,999196,804,804,0,999196,553,251,0,0,0,0,0,0.000804,0.0007493986565898436,0.0008615253344542267,false,0.000804,0.0007493986565898436,0.0008615253344542267,false,0.0,0.0,2.9957277863923437e-06,true,true,0,0.0,0.0,2.9957277863923437e-06,true,0,0,true,553,264,0,NA,0.080974,0,0,0,0,0,0,0,0,0,0,4005
E2,seed,native,SPLIT,double,libc++,0.51,0.010000000000000009,1,1000000,999471,529,529,0,999471,529,0,0,0,0,0,0,0.000529,0.0004848857828427724,0.0005760477604257332,false,0.000529,0.0004848857828427724,0.0005760477604257332,false,0.0,0.0,2.9957277863923437e-06,true,true,0,0.0,0.0,2.9957277863923437e-06,true,0,0,true,529,248,0,NA,0.101294,0,0,0,0,0,0,0,0,0,0,4001
E2,seed,native,SPLIT,double,libstdc++,0.51,0.010000000000000009,1,1000000,999475,525,525,0,999475,525,0,0,0,0,0,0,0.000525,0.00048105644163476505,0.0005718772848136576,false,0.000525,0.00048105644163476505,0.0005718772848136576,false,0.0,0.0,2.9957277863923437e-06,true,true,0,0.0,0.0,2.9957277863923437e-06,true,0,0,true,525,253,0,NA,0.082671,0,0,0,0,0,0,0,0,0,0,4001
E2,seed,native,SPLIT,double,libc++,0.51,0.010000000000000009,1,1000000,999391,609,609,0,999391,609,0,0,0,0,0,0,0.000609,0.0005615991969858373,0.0006593310199858026,false,0.000609,0.0005615991969858373,0.0006593310199858026,false,0.0,0.0,2.9957277863923437e-06,true,true,0,0.0,0.0,2.9957277863923437e-06,true,0,0,true,609,248,0,NA,0.103735,0,0,0,0,0,0,0,0,0,0,4002
E2,seed,native,SPLIT,double,libstdc++,0.51,0.010000000000000009,1,1000000,999403,597,597,0,999403,597,0,0,0,0,0,0,0.000597,0.0005500777664915238,0.0006468529126068999,false,0.000597,0.0005500777664915238,0.0006468529126068999,false,0.0,0.0,2.9957277863923437e-06,true,true,0,0.0,0.0,2.9957277863923437e-06,true,0,0,true,597,248,0,NA,0.080319,0,0,0,0,0,0,0,0,0,0,4002
E2,seed,native,SPLIT,double,libc++,0.51,0.010000000000000009,1,1000000,999388,612,612,0,999388,612,0,0,0,0,0,0,0.000612,0.0005644802946564575,0.0006624498085835744,false,0.000612,0.0005644802946564575,0.0006624498085835744,false,0.0,0.0,2.9957277863923437e-06,true,true,0,0.0,0.0,2.9957277863923437e-06,true,0,0,true,612,262,0,NA,0.101934,0,0,0,0,0,0,0,0,0,0,4003
E2,seed,native,SPLIT,double,libstdc++,0.51,0.010000000000000009,1,1000000,999439,561,561,0,999439,561,0,0,0,0,0,0,0.000561,0.0005155431467822112,0.0006093889929847955,false,0.000561,0.0005155431467822112,0.0006093889929847955,false,0.0,0.0,2.9957277863923437e-06,true,true,0,0.0,0.0,2.9957277863923437e-06,true,0,0,true,561,273,0,NA,0.082119,0,0,0,0,0,0,0,0,0,0,4003
E2,seed,native,SPLIT,double,libc++,0.51,0.010000000000000009,1,1000000,999428,572,572,0,999428,572,0,0,0,0,0,0,0.000572,0.0005260905185877506,0.0006208411624088099,false,0.000572,0.0005260905185877506,0.0006208411624088099,false,0.0,0.0,2.9957277863923437e-06,true,true,0,0.0,0.0,2.9957277863923437e-06,true,0,0,true,572,261,0,NA,0.101878,0,0,0,0,0,0,0,0,0,0,4004
E2,seed,native,SPLIT,double,libstdc++,0.51,0.010000000000000009,1,1000000,999425,575,575,0,999425,575,0,0,0,0,0,0,0.000575,0.000528967833010975,0.0006239637248289983,false,0.000575,0.000528967833010975,0.0006239637248289983,false,0.0,0.0,2.9957277863923437e-06,true,true,0,0.0,0.0,2.9957277863923437e-06,true,0,0,true,575,240,0,NA,0.080512,0,0,0,0,0,0,0,0,0,0,4004
E2,seed,native,SPLIT,double,libc++,0.51,0.010000000000000009,1,1000000,999390,610,610,0,999390,610,0,0,0,0,0,0,0.00061,0.0005625595303362963,0.0006603706486462212,false,0.00061,0.0005625595303362963,0.0006603706486462212,false,0.0,0.0,2.9957277863923437e-06,true,true,0,0.0,0.0,2.9957277863923437e-06,true,0,0,true,610,239,0,NA,0.101832,0,0,0,0,0,0,0,0,0,0,4005
E2,seed,native,SPLIT,double,libstdc++,0.51,0.010000000000000009,1,1000000,999447,553,553,0,999447,553,0,0,0,0,0,0,0.000553,0.0005078751298767888,0.0006010573508779793,false,0.000553,0.0005078751298767888,0.0006010573508779793,false,0.0,0.0,2.9957277863923437e-06,true,true,0,0.0,0.0,2.9957277863923437e-06,true,0,0,true,553,264,0,NA,0.080973,0,0,0,0,0,0,0,0,0,0,4005
E2,seed,native,LOG,double,libc++,0.55,0.050000000000000044,1,1000000,1000000,0,0,0,1000000,0,0,0,0,0,0,0,0.0,0.0,2.9957277863923437e-06,true,0.0,0.0,2.9957277863923437e-06,true,0.0,0.0,2.9957277863923437e-06,true,true,0,0.0,0.0,2.9957277863923437e-06,true,0,0,true,0,0,0,NA,0.126106,0,0,0,0,0,0,0,0,0,0,4001
E2,seed,native,LOG,double,libstdc++,0.55,0.050000000000000044,1,1000000,1000000,0,0,0,1000000,0,0,0,0,0,0,0,0.0,0.0,2.9957277863923437e-06,true,0.0,0.0,2.9957277863923437e-06,true,0.0,0.0,2.9957277863923437e-06,true,true,0,0.0,0.0,2.9957277863923437e-06,true,0,0,true,0,0,0,NA,0.095128,0,0,0,0,0,0,0,0,0,0,4001
E2,seed,native,LOG,double,libc++,0.55,0.050000000000000044,1,1000000,1000000,0,0,0,1000000,0,0,0,0,0,0,0,0.0,0.0,2.9957277863923437e-06,true,0.0,0.0,2.9957277863923437e-06,true,0.0,0.0,2.9957277863923437e-06,true,true,0,0.0,0.0,2.9957277863923437e-06,true,0,0,true,0,0,0,NA,0.126679,0,0,0,0,0,0,0,0,0,0,4002
E2,seed,native,LOG,double,libstdc++,0.55,0.050000000000000044,1,1000000,1000000,0,0,0,1000000,0,0,0,0,0,0,0,0.0,0.0,2.9957277863923437e-06,true,0.0,0.0,2.9957277863923437e-06,true,0.0,0.0,2.9957277863923437e-06,true,true,0,0.0,0.0,2.9957277863923437e-06,true,0,0,true,0,0,0,NA,0.094728,0,0,0,0,0,0,0,0,0,0,4002
E2,seed,native,LOG,double,libc++,0.55,0.050000000000000044,1,1000000,1000000,0,0,0,1000000,0,0,0,0,0,0,0,0.0,0.0,2.9957277863923437e-06,true,0.0,0.0,2.9957277863923437e-06,true,0.0,0.0,2.9957277863923437e-06,true,true,0,0.0,0.0,2.9957277863923437e-06,true,0,0,true,0,0,0,NA,0.128415,0,0,0,0,0,0,0,0,0,0,4003
E2,seed,native,LOG,double,libstdc++,0.55,0.050000000000000044,1,1000000,1000000,0,0,0,1000000,0,0,0,0,0,0,0,0.0,0.0,2.9957277863923437e-06,true,0.0,0.0,2.9957277863923437e-06,true,0.0,0.0,2.9957277863923437e-06,true,true,0,0.0,0.0,2.9957277863923437e-06,true,0,0,true,0,0,0,NA,0.094867,0,0,0,0,0,0,0,0,0,0,4003
E2,seed,native,LOG,double,libc++,0.55,0.050000000000000044,1,1000000,1000000,0,0,0,1000000,0,0,0,0,0,0,0,0.0,0.0,2.9957277863923437e-06,true,0.0,0.0,2.9957277863923437e-06,true,0.0,0.0,2.9957277863923437e-06,true,true,0,0.0,0.0,2.9957277863923437e-06,true,0,0,true,0,0,0,NA,0.12696,0,0,0,0,0,0,0,0,0,0,4004
E2,seed,native,LOG,double,libstdc++,0.55,0.050000000000000044,1,1000000,1000000,0,0,0,1000000,0,0,0,0,0,0,0,0.0,0.0,2.9957277863923437e-06,true,0.0,0.0,2.9957277863923437e-06,true,0.0,0.0,2.9957277863923437e-06,true,true,0,0.0,0.0,2.9957277863923437e-06,true,0,0,true,0,0,0,NA,0.094592,0,0,0,0,0,0,0,0,0,0,4004
E2,seed,native,LOG,double,libc++,0.55,0.050000000000000044,1,1000000,1000000,0,0,0,1000000,0,0,0,0,0,0,0,0.0,0.0,2.9957277863923437e-06,true,0.0,0.0,2.9957277863923437e-06,true,0.0,0.0,2.9957277863923437e-06,true,true,0,0.0,0.0,2.9957277863923437e-06,true,0,0,true,0,0,0,NA,0.125484,0,0,0,0,0,0,0,0,0,0,4005
E2,seed,native,LOG,double,libstdc++,0.55,0.050000000000000044,1,1000000,1000000,0,0,0,1000000,0,0,0,0,0,0,0,0.0,0.0,2.9957277863923437e-06,true,0.0,0.0,2.9957277863923437e-06,true,0.0,0.0,2.9957277863923437e-06,true,true,0,0.0,0.0,2.9957277863923437e-06,true,0,0,true,0,0,0,NA,0.09461,0,0,0,0,0,0,0,0,0,0,4005
E2,seed,native,QF,double,libc++,0.55,0.050000000000000044,1,1000000,1000000,0,0,0,1000000,0,0,0,0,0,0,0,0.0,0.0,2.9957277863923437e-06,true,0.0,0.0,2.9957277863923437e-06,true,0.0,0.0,2.9957277863923437e-06,true,true,0,0.0,0.0,2.9957277863923437e-06,true,0,0,true,0,0,0,NA,0.105173,0,0,0,0,0,0,0,0,0,0,4001
E2,seed,native,QF,double,libstdc++,0.55,0.050000000000000044,1,1000000,1000000,0,0,0,1000000,0,0,0,0,0,0,0,0.0,0.0,2.9957277863923437e-06,true,0.0,0.0,2.9957277863923437e-06,true,0.0,0.0,2.9957277863923437e-06,true,true,0,0.0,0.0,2.9957277863923437e-06,true,0,0,true,0,0,0,NA,0.083912,0,0,0,0,0,0,0,0,0,0,4001
E2,seed,native,QF,double,libc++,0.55,0.050000000000000044,1,1000000,1000000,0,0,0,1000000,0,0,0,0,0,0,0,0.0,0.0,2.9957277863923437e-06,true,0.0,0.0,2.9957277863923437e-06,true,0.0,0.0,2.9957277863923437e-06,true,true,0,0.0,0.0,2.9957277863923437e-06,true,0,0,true,0,0,0,NA,0.105057,0,0,0,0,0,0,0,0,0,0,4002
E2,seed,native,QF,double,libstdc++,0.55,0.050000000000000044,1,1000000,1000000,0,0,0,1000000,0,0,0,0,0,0,0,0.0,0.0,2.9957277863923437e-06,true,0.0,0.0,2.9957277863923437e-06,true,0.0,0.0,2.9957277863923437e-06,true,true,0,0.0,0.0,2.9957277863923437e-06,true,0,0,true,0,0,0,NA,0.083,0,0,0,0,0,0,0,0,0,0,4002
E2,seed,native,QF,double,libc++,0.55,0.050000000000000044,1,1000000,1000000,0,0,0,1000000,0,0,0,0,0,0,0,0.0,0.0,2.9957277863923437e-06,true,0.0,0.0,2.9957277863923437e-06,true,0.0,0.0,2.9957277863923437e-06,true,true,0,0.0,0.0,2.9957277863923437e-06,true,0,0,true,0,0,0,NA,0.105363,0,0,0,0,0,0,0,0,0,0,4003
E2,seed,native,QF,double,libstdc++,0.55,0.050000000000000044,1,1000000,1000000,0,0,0,1000000,0,0,0,0,0,0,0,0.0,0.0,2.9957277863923437e-06,true,0.0,0.0,2.9957277863923437e-06,true,0.0,0.0,2.9957277863923437e-06,true,true,0,0.0,0.0,2.9957277863923437e-06,true,0,0,true,0,0,0,NA,0.083198,0,0,0,0,0,0,0,0,0,0,4003
E2,seed,native,QF,double,libc++,0.55,0.050000000000000044,1,1000000,1000000,0,0,0,1000000,0,0,0,0,0,0,0,0.0,0.0,2.9957277863923437e-06,true,0.0,0.0,2.9957277863923437e-06,true,0.0,0.0,2.9957277863923437e-06,true,true,0,0.0,0.0,2.9957277863923437e-06,true,0,0,true,0,0,0,NA,0.105484,0,0,0,0,0,0,0,0,0,0,4004
E2,seed,native,QF,double,libstdc++,0.55,0.050000000000000044,1,1000000,1000000,0,0,0,1000000,0,0,0,0,0,0,0,0.0,0.0,2.9957277863923437e-06,true,0.0,0.0,2.9957277863923437e-06,true,0.0,0.0,2.9957277863923437e-06,true,true,0,0.0,0.0,2.9957277863923437e-06,true,0,0,true,0,0,0,NA,0.083421,0,0,0,0,0,0,0,0,0,0,4004
E2,seed,native,QF,double,libc++,0.55,0.050000000000000044,1,1000000,1000000,0,0,0,1000000,0,0,0,0,0,0,0,0.0,0.0,2.9957277863923437e-06,true,0.0,0.0,2.9957277863923437e-06,true,0.0,0.0,2.9957277863923437e-06,true,true,0,0.0,0.0,2.9957277863923437e-06,true,0,0,true,0,0,0,NA,0.105252,0,0,0,0,0,0,0,0,0,0,4005
E2,seed,native,QF,double,libstdc++,0.55,0.050000000000000044,1,1000000,1000000,0,0,0,1000000,0,0,0,0,0,0,0,0.0,0.0,2.9957277863923437e-06,true,0.0,0.0,2.9957277863923437e-06,true,0.0,0.0,2.9957277863923437e-06,true,true,0,0.0,0.0,2.9957277863923437e-06,true,0,0,true,0,0,0,NA,0.08327,0,0,0,0,0,0,0,0,0,0,4005
E2,seed,native,SPLIT,double,libc++,0.55,0.050000000000000044,1,1000000,1000000,0,0,0,1000000,0,0,0,0,0,0,0,0.0,0.0,2.9957277863923437e-06,true,0.0,0.0,2.9957277863923437e-06,true,0.0,0.0,2.9957277863923437e-06,true,true,0,0.0,0.0,2.9957277863923437e-06,true,0,0,true,0,0,0,NA,0.105264,0,0,0,0,0,0,0,0,0,0,4001
E2,seed,native,SPLIT,double,libstdc++,0.55,0.050000000000000044,1,1000000,1000000,0,0,0,1000000,0,0,0,0,0,0,0,0.0,0.0,2.9957277863923437e-06,true,0.0,0.0,2.9957277863923437e-06,true,0.0,0.0,2.9957277863923437e-06,true,true,0,0.0,0.0,2.9957277863923437e-06,true,0,0,true,0,0,0,NA,0.083614,0,0,0,0,0,0,0,0,0,0,4001
E2,seed,native,SPLIT,double,libc++,0.55,0.050000000000000044,1,1000000,1000000,0,0,0,1000000,0,0,0,0,0,0,0,0.0,0.0,2.9957277863923437e-06,true,0.0,0.0,2.9957277863923437e-06,true,0.0,0.0,2.9957277863923437e-06,true,true,0,0.0,0.0,2.9957277863923437e-06,true,0,0,true,0,0,0,NA,0.105495,0,0,0,0,0,0,0,0,0,0,4002
E2,seed,native,SPLIT,double,libstdc++,0.55,0.050000000000000044,1,1000000,1000000,0,0,0,1000000,0,0,0,0,0,0,0,0.0,0.0,2.9957277863923437e-06,true,0.0,0.0,2.9957277863923437e-06,true,0.0,0.0,2.9957277863923437e-06,true,true,0,0.0,0.0,2.9957277863923437e-06,true,0,0,true,0,0,0,NA,0.083846,0,0,0,0,0,0,0,0,0,0,4002
E2,seed,native,SPLIT,double,libc++,0.55,0.050000000000000044,1,1000000,1000000,0,0,0,1000000,0,0,0,0,0,0,0,0.0,0.0,2.9957277863923437e-06,true,0.0,0.0,2.9957277863923437e-06,true,0.0,0.0,2.9957277863923437e-06,true,true,0,0.0,0.0,2.9957277863923437e-06,true,0,0,true,0,0,0,NA,0.105423,0,0,0,0,0,0,0,0,0,0,4003
E2,seed,native,SPLIT,double,libstdc++,0.55,0.050000000000000044,1,1000000,1000000,0,0,0,1000000,0,0,0,0,0,0,0,0.0,0.0,2.9957277863923437e-06,true,0.0,0.0,2.9957277863923437e-06,true,0.0,0.0,2.9957277863923437e-06,true,true,0,0.0,0.0,2.9957277863923437e-06,true,0,0,true,0,0,0,NA,0.083295,0,0,0,0,0,0,0,0,0,0,4003
E2,seed,native,SPLIT,double,libc++,0.55,0.050000000000000044,1,1000000,1000000,0,0,0,1000000,0,0,0,0,0,0,0,0.0,0.0,2.9957277863923437e-06,true,0.0,0.0,2.9957277863923437e-06,true,0.0,0.0,2.9957277863923437e-06,true,true,0,0.0,0.0,2.9957277863923437e-06,true,0,0,true,0,0,0,NA,0.105462,0,0,0,0,0,0,0,0,0,0,4004
E2,seed,native,SPLIT,double,libstdc++,0.55,0.050000000000000044,1,1000000,1000000,0,0,0,1000000,0,0,0,0,0,0,0,0.0,0.0,2.9957277863923437e-06,true,0.0,0.0,2.9957277863923437e-06,true,0.0,0.0,2.9957277863923437e-06,true,true,0,0.0,0.0,2.9957277863923437e-06,true,0,0,true,0,0,0,NA,0.082927,0,0,0,0,0,0,0,0,0,0,4004
E2,seed,native,SPLIT,double,libc++,0.55,0.050000000000000044,1,1000000,1000000,0,0,0,1000000,0,0,0,0,0,0,0,0.0,0.0,2.9957277863923437e-06,true,0.0,0.0,2.9957277863923437e-06,true,0.0,0.0,2.9957277863923437e-06,true,true,0,0.0,0.0,2.9957277863923437e-06,true,0,0,true,0,0,0,NA,0.104696,0,0,0,0,0,0,0,0,0,0,4005
E2,seed,native,SPLIT,double,libstdc++,0.55,0.050000000000000044,1,1000000,1000000,0,0,0,1000000,0,0,0,0,0,0,0,0.0,0.0,2.9957277863923437e-06,true,0.0,0.0,2.9957277863923437e-06,true,0.0,0.0,2.9957277863923437e-06,true,true,0,0.0,0.0,2.9957277863923437e-06,true,0,0,true,0,0,0,NA,0.083201,0,0,0,0,0,0,0,0,0,0,4005
E2,seed,native,LOG,double,libc++,0.6,0.09999999999999998,1,1000000,1000000,0,0,0,1000000,0,0,0,0,0,0,0,0.0,0.0,2.9957277863923437e-06,true,0.0,0.0,2.9957277863923437e-06,true,0.0,0.0,2.9957277863923437e-06,true,true,0,0.0,0.0,2.9957277863923437e-06,true,0,0,true,0,0,0,NA,0.130637,0,0,0,0,0,0,0,0,0,0,4001
E2,seed,native,LOG,double,libstdc++,0.6,0.09999999999999998,1,1000000,1000000,0,0,0,1000000,0,0,0,0,0,0,0,0.0,0.0,2.9957277863923437e-06,true,0.0,0.0,2.9957277863923437e-06,true,0.0,0.0,2.9957277863923437e-06,true,true,0,0.0,0.0,2.9957277863923437e-06,true,0,0,true,0,0,0,NA,0.099948,0,0,0,0,0,0,0,0,0,0,4001
E2,seed,native,LOG,double,libc++,0.6,0.09999999999999998,1,1000000,1000000,0,0,0,1000000,0,0,0,0,0,0,0,0.0,0.0,2.9957277863923437e-06,true,0.0,0.0,2.9957277863923437e-06,true,0.0,0.0,2.9957277863923437e-06,true,true,0,0.0,0.0,2.9957277863923437e-06,true,0,0,true,0,0,0,NA,0.130824,0,0,0,0,0,0,0,0,0,0,4002
E2,seed,native,LOG,double,libstdc++,0.6,0.09999999999999998,1,1000000,1000000,0,0,0,1000000,0,0,0,0,0,0,0,0.0,0.0,2.9957277863923437e-06,true,0.0,0.0,2.9957277863923437e-06,true,0.0,0.0,2.9957277863923437e-06,true,true,0,0.0,0.0,2.9957277863923437e-06,true,0,0,true,0,0,0,NA,0.100492,0,0,0,0,0,0,0,0,0,0,4002
E2,seed,native,LOG,double,libc++,0.6,0.09999999999999998,1,1000000,1000000,0,0,0,1000000,0,0,0,0,0,0,0,0.0,0.0,2.9957277863923437e-06,true,0.0,0.0,2.9957277863923437e-06,true,0.0,0.0,2.9957277863923437e-06,true,true,0,0.0,0.0,2.9957277863923437e-06,true,0,0,true,0,0,0,NA,0.130012,0,0,0,0,0,0,0,0,0,0,4003
E2,seed,native,LOG,double,libstdc++,0.6,0.09999999999999998,1,1000000,1000000,0,0,0,1000000,0,0,0,0,0,0,0,0.0,0.0,2.9957277863923437e-06,true,0.0,0.0,2.9957277863923437e-06,true,0.0,0.0,2.9957277863923437e-06,true,true,0,0.0,0.0,2.9957277863923437e-06,true,0,0,true,0,0,0,NA,0.099522,0,0,0,0,0,0,0,0,0,0,4003
E2,seed,native,LOG,double,libc++,0.6,0.09999999999999998,1,1000000,1000000,0,0,0,1000000,0,0,0,0,0,0,0,0.0,0.0,2.9957277863923437e-06,true,0.0,0.0,2.9957277863923437e-06,true,0.0,0.0,2.9957277863923437e-06,true,true,0,0.0,0.0,2.9957277863923437e-06,true,0,0,true,0,0,0,NA,0.130724,0,0,0,0,0,0,0,0,0,0,4004
E2,seed,native,LOG,double,libstdc++,0.6,0.09999999999999998,1,1000000,1000000,0,0,0,1000000,0,0,0,0,0,0,0,0.0,0.0,2.9957277863923437e-06,true,0.0,0.0,2.9957277863923437e-06,true,0.0,0.0,2.9957277863923437e-06,true,true,0,0.0,0.0,2.9957277863923437e-06,true,0,0,true,0,0,0,NA,0.100317,0,0,0,0,0,0,0,0,0,0,4004
E2,seed,native,LOG,double,libc++,0.6,0.09999999999999998,1,1000000,1000000,0,0,0,1000000,0,0,0,0,0,0,0,0.0,0.0,2.9957277863923437e-06,true,0.0,0.0,2.9957277863923437e-06,true,0.0,0.0,2.9957277863923437e-06,true,true,0,0.0,0.0,2.9957277863923437e-06,true,0,0,true,0,0,0,NA,0.129668,0,0,0,0,0,0,0,0,0,0,4005
E2,seed,native,LOG,double,libstdc++,0.6,0.09999999999999998,1,1000000,1000000,0,0,0,1000000,0,0,0,0,0,0,0,0.0,0.0,2.9957277863923437e-06,true,0.0,0.0,2.9957277863923437e-06,true,0.0,0.0,2.9957277863923437e-06,true,true,0,0.0,0.0,2.9957277863923437e-06,true,0,0,true,0,0,0,NA,0.10086,0,0,0,0,0,0,0,0,0,0,4005
E2,seed,native,QF,double,libc++,0.6,0.09999999999999998,1,1000000,1000000,0,0,0,1000000,0,0,0,0,0,0,0,0.0,0.0,2.9957277863923437e-06,true,0.0,0.0,2.9957277863923437e-06,true,0.0,0.0,2.9957277863923437e-06,true,true,0,0.0,0.0,2.9957277863923437e-06,true,0,0,true,0,0,0,NA,0.108427,0,0,0,0,0,0,0,0,0,0,4001
E2,seed,native,QF,double,libstdc++,0.6,0.09999999999999998,1,1000000,1000000,0,0,0,1000000,0,0,0,0,0,0,0,0.0,0.0,2.9957277863923437e-06,true,0.0,0.0,2.9957277863923437e-06,true,0.0,0.0,2.9957277863923437e-06,true,true,0,0.0,0.0,2.9957277863923437e-06,true,0,0,true,0,0,0,NA,0.08618,0,0,0,0,0,0,0,0,0,0,4001
E2,seed,native,QF,double,libc++,0.6,0.09999999999999998,1,1000000,1000000,0,0,0,1000000,0,0,0,0,0,0,0,0.0,0.0,2.9957277863923437e-06,true,0.0,0.0,2.9957277863923437e-06,true,0.0,0.0,2.9957277863923437e-06,true,true,0,0.0,0.0,2.9957277863923437e-06,true,0,0,true,0,0,0,NA,0.108835,0,0,0,0,0,0,0,0,0,0,4002
E2,seed,native,QF,double,libstdc++,0.6,0.09999999999999998,1,1000000,1000000,0,0,0,1000000,0,0,0,0,0,0,0,0.0,0.0,2.9957277863923437e-06,true,0.0,0.0,2.9957277863923437e-06,true,0.0,0.0,2.9957277863923437e-06,true,true,0,0.0,0.0,2.9957277863923437e-06,true,0,0,true,0,0,0,NA,0.085981,0,0,0,0,0,0,0,0,0,0,4002
E2,seed,native,QF,double,libc++,0.6,0.09999999999999998,1,1000000,1000000,0,0,0,1000000,0,0,0,0,0,0,0,0.0,0.0,2.9957277863923437e-06,true,0.0,0.0,2.9957277863923437e-06,true,0.0,0.0,2.9957277863923437e-06,true,true,0,0.0,0.0,2.9957277863923437e-06,true,0,0,true,0,0,0,NA,0.109455,0,0,0,0,0,0,0,0,0,0,4003
E2,seed,native,QF,double,libstdc++,0.6,0.09999999999999998,1,1000000,1000000,0,0,0,1000000,0,0,0,0,0,0,0,0.0,0.0,2.9957277863923437e-06,true,0.0,0.0,2.9957277863923437e-06,true,0.0,0.0,2.9957277863923437e-06,true,true,0,0.0,0.0,2.9957277863923437e-06,true,0,0,true,0,0,0,NA,0.086596,0,0,0,0,0,0,0,0,0,0,4003
E2,seed,native,QF,double,libc++,0.6,0.09999999999999998,1,1000000,1000000,0,0,0,1000000,0,0,0,0,0,0,0,0.0,0.0,2.9957277863923437e-06,true,0.0,0.0,2.9957277863923437e-06,true,0.0,0.0,2.9957277863923437e-06,true,true,0,0.0,0.0,2.9957277863923437e-06,true,0,0,true,0,0,0,NA,0.109549,0,0,0,0,0,0,0,0,0,0,4004
E2,seed,native,QF,double,libstdc++,0.6,0.09999999999999998,1,1000000,1000000,0,0,0,1000000,0,0,0,0,0,0,0,0.0,0.0,2.9957277863923437e-06,true,0.0,0.0,2.9957277863923437e-06,true,0.0,0.0,2.9957277863923437e-06,true,true,0,0.0,0.0,2.9957277863923437e-06,true,0,0,true,0,0,0,NA,0.086489,0,0,0,0,0,0,0,0,0,0,4004
E2,seed,native,QF,double,libc++,0.6,0.09999999999999998,1,1000000,1000000,0,0,0,1000000,0,0,0,0,0,0,0,0.0,0.0,2.9957277863923437e-06,true,0.0,0.0,2.9957277863923437e-06,true,0.0,0.0,2.9957277863923437e-06,true,true,0,0.0,0.0,2.9957277863923437e-06,true,0,0,true,0,0,0,NA,0.108905,0,0,0,0,0,0,0,0,0,0,4005
E2,seed,native,QF,double,libstdc++,0.6,0.09999999999999998,1,1000000,1000000,0,0,0,1000000,0,0,0,0,0,0,0,0.0,0.0,2.9957277863923437e-06,true,0.0,0.0,2.9957277863923437e-06,true,0.0,0.0,2.9957277863923437e-06,true,true,0,0.0,0.0,2.9957277863923437e-06,true,0,0,true,0,0,0,NA,0.086029,0,0,0,0,0,0,0,0,0,0,4005
E2,seed,native,SPLIT,double,libc++,0.6,0.09999999999999998,1,1000000,1000000,0,0,0,1000000,0,0,0,0,0,0,0,0.0,0.0,2.9957277863923437e-06,true,0.0,0.0,2.9957277863923437e-06,true,0.0,0.0,2.9957277863923437e-06,true,true,0,0.0,0.0,2.9957277863923437e-06,true,0,0,true,0,0,0,NA,0.109436,0,0,0,0,0,0,0,0,0,0,4001
E2,seed,native,SPLIT,double,libstdc++,0.6,0.09999999999999998,1,1000000,1000000,0,0,0,1000000,0,0,0,0,0,0,0,0.0,0.0,2.9957277863923437e-06,true,0.0,0.0,2.9957277863923437e-06,true,0.0,0.0,2.9957277863923437e-06,true,true,0,0.0,0.0,2.9957277863923437e-06,true,0,0,true,0,0,0,NA,0.086208,0,0,0,0,0,0,0,0,0,0,4001
E2,seed,native,SPLIT,double,libc++,0.6,0.09999999999999998,1,1000000,1000000,0,0,0,1000000,0,0,0,0,0,0,0,0.0,0.0,2.9957277863923437e-06,true,0.0,0.0,2.9957277863923437e-06,true,0.0,0.0,2.9957277863923437e-06,true,true,0,0.0,0.0,2.9957277863923437e-06,true,0,0,true,0,0,0,NA,0.108622,0,0,0,0,0,0,0,0,0,0,4002
E2,seed,native,SPLIT,double,libstdc++,0.6,0.09999999999999998,1,1000000,1000000,0,0,0,1000000,0,0,0,0,0,0,0,0.0,0.0,2.9957277863923437e-06,true,0.0,0.0,2.9957277863923437e-06,true,0.0,0.0,2.9957277863923437e-06,true,true,0,0.0,0.0,2.9957277863923437e-06,true,0,0,true,0,0,0,NA,0.086413,0,0,0,0,0,0,0,0,0,0,4002
E2,seed,native,SPLIT,double,libc++,0.6,0.09999999999999998,1,1000000,1000000,0,0,0,1000000,0,0,0,0,0,0,0,0.0,0.0,2.9957277863923437e-06,true,0.0,0.0,2.9957277863923437e-06,true,0.0,0.0,2.9957277863923437e-06,true,true,0,0.0,0.0,2.9957277863923437e-06,true,0,0,true,0,0,0,NA,0.108533,0,0,0,0,0,0,0,0,0,0,4003
E2,seed,native,SPLIT,double,libstdc++,0.6,0.09999999999999998,1,1000000,1000000,0,0,0,1000000,0,0,0,0,0,0,0,0.0,0.0,2.9957277863923437e-06,true,0.0,0.0,2.9957277863923437e-06,true,0.0,0.0,2.9957277863923437e-06,true,true,0,0.0,0.0,2.9957277863923437e-06,true,0,0,true,0,0,0,NA,0.086343,0,0,0,0,0,0,0,0,0,0,4003
E2,seed,native,SPLIT,double,libc++,0.6,0.09999999999999998,1,1000000,1000000,0,0,0,1000000,0,0,0,0,0,0,0,0.0,0.0,2.9957277863923437e-06,true,0.0,0.0,2.9957277863923437e-06,true,0.0,0.0,2.9957277863923437e-06,true,true,0,0.0,0.0,2.9957277863923437e-06,true,0,0,true,0,0,0,NA,0.109198,0,0,0,0,0,0,0,0,0,0,4004
E2,seed,native,SPLIT,double,libstdc++,0.6,0.09999999999999998,1,1000000,1000000,0,0,0,1000000,0,0,0,0,0,0,0,0.0,0.0,2.9957277863923437e-06,true,0.0,0.0,2.9957277863923437e-06,true,0.0,0.0,2.9957277863923437e-06,true,true,0,0.0,0.0,2.9957277863923437e-06,true,0,0,true,0,0,0,NA,0.086207,0,0,0,0,0,0,0,0,0,0,4004
E2,seed,native,SPLIT,double,libc++,0.6,0.09999999999999998,1,1000000,1000000,0,0,0,1000000,0,0,0,0,0,0,0,0.0,0.0,2.9957277863923437e-06,true,0.0,0.0,2.9957277863923437e-06,true,0.0,0.0,2.9957277863923437e-06,true,true,0,0.0,0.0,2.9957277863923437e-06,true,0,0,true,0,0,0,NA,0.108613,0,0,0,0,0,0,0,0,0,0,4005
E2,seed,native,SPLIT,double,libstdc++,0.6,0.09999999999999998,1,1000000,1000000,0,0,0,1000000,0,0,0,0,0,0,0,0.0,0.0,2.9957277863923437e-06,true,0.0,0.0,2.9957277863923437e-06,true,0.0,0.0,2.9957277863923437e-06,true,true,0,0.0,0.0,2.9957277863923437e-06,true,0,0,true,0,0,0,NA,0.086024,0,0,0,0,0,0,0,0,0,0,4005
E2,seed,native,LOG,double,libc++,0.75,0.25,1,1000000,1000000,0,0,0,1000000,0,0,0,0,0,0,0,0.0,0.0,2.9957277863923437e-06,true,0.0,0.0,2.9957277863923437e-06,true,0.0,0.0,2.9957277863923437e-06,true,true,0,0.0,0.0,2.9957277863923437e-06,true,0,0,true,0,0,0,NA,0.14167,0,0,0,0,0,0,0,0,0,0,4001
E2,seed,native,LOG,double,libstdc++,0.75,0.25,1,1000000,1000000,0,0,0,1000000,0,0,0,0,0,0,0,0.0,0.0,2.9957277863923437e-06,true,0.0,0.0,2.9957277863923437e-06,true,0.0,0.0,2.9957277863923437e-06,true,true,0,0.0,0.0,2.9957277863923437e-06,true,0,0,true,0,0,0,NA,0.114989,0,0,0,0,0,0,0,0,0,0,4001
E2,seed,native,LOG,double,libc++,0.75,0.25,1,1000000,1000000,0,0,0,1000000,0,0,0,0,0,0,0,0.0,0.0,2.9957277863923437e-06,true,0.0,0.0,2.9957277863923437e-06,true,0.0,0.0,2.9957277863923437e-06,true,true,0,0.0,0.0,2.9957277863923437e-06,true,0,0,true,0,0,0,NA,0.142764,0,0,0,0,0,0,0,0,0,0,4002
E2,seed,native,LOG,double,libstdc++,0.75,0.25,1,1000000,1000000,0,0,0,1000000,0,0,0,0,0,0,0,0.0,0.0,2.9957277863923437e-06,true,0.0,0.0,2.9957277863923437e-06,true,0.0,0.0,2.9957277863923437e-06,true,true,0,0.0,0.0,2.9957277863923437e-06,true,0,0,true,0,0,0,NA,0.116374,0,0,0,0,0,0,0,0,0,0,4002
E2,seed,native,LOG,double,libc++,0.75,0.25,1,1000000,1000000,0,0,0,1000000,0,0,0,0,0,0,0,0.0,0.0,2.9957277863923437e-06,true,0.0,0.0,2.9957277863923437e-06,true,0.0,0.0,2.9957277863923437e-06,true,true,0,0.0,0.0,2.9957277863923437e-06,true,0,0,true,0,0,0,NA,0.142754,0,0,0,0,0,0,0,0,0,0,4003
E2,seed,native,LOG,double,libstdc++,0.75,0.25,1,1000000,1000000,0,0,0,1000000,0,0,0,0,0,0,0,0.0,0.0,2.9957277863923437e-06,true,0.0,0.0,2.9957277863923437e-06,true,0.0,0.0,2.9957277863923437e-06,true,true,0,0.0,0.0,2.9957277863923437e-06,true,0,0,true,0,0,0,NA,0.115612,0,0,0,0,0,0,0,0,0,0,4003
E2,seed,native,LOG,double,libc++,0.75,0.25,1,1000000,1000000,0,0,0,1000000,0,0,0,0,0,0,0,0.0,0.0,2.9957277863923437e-06,true,0.0,0.0,2.9957277863923437e-06,true,0.0,0.0,2.9957277863923437e-06,true,true,0,0.0,0.0,2.9957277863923437e-06,true,0,0,true,0,0,0,NA,0.142859,0,0,0,0,0,0,0,0,0,0,4004
E2,seed,native,LOG,double,libstdc++,0.75,0.25,1,1000000,1000000,0,0,0,1000000,0,0,0,0,0,0,0,0.0,0.0,2.9957277863923437e-06,true,0.0,0.0,2.9957277863923437e-06,true,0.0,0.0,2.9957277863923437e-06,true,true,0,0.0,0.0,2.9957277863923437e-06,true,0,0,true,0,0,0,NA,0.114275,0,0,0,0,0,0,0,0,0,0,4004
E2,seed,native,LOG,double,libc++,0.75,0.25,1,1000000,1000000,0,0,0,1000000,0,0,0,0,0,0,0,0.0,0.0,2.9957277863923437e-06,true,0.0,0.0,2.9957277863923437e-06,true,0.0,0.0,2.9957277863923437e-06,true,true,0,0.0,0.0,2.9957277863923437e-06,true,0,0,true,0,0,0,NA,0.142042,0,0,0,0,0,0,0,0,0,0,4005
E2,seed,native,LOG,double,libstdc++,0.75,0.25,1,1000000,1000000,0,0,0,1000000,0,0,0,0,0,0,0,0.0,0.0,2.9957277863923437e-06,true,0.0,0.0,2.9957277863923437e-06,true,0.0,0.0,2.9957277863923437e-06,true,true,0,0.0,0.0,2.9957277863923437e-06,true,0,0,true,0,0,0,NA,0.115131,0,0,0,0,0,0,0,0,0,0,4005
E2,seed,native,QF,double,libc++,0.75,0.25,1,1000000,1000000,0,0,0,1000000,0,0,0,0,0,0,0,0.0,0.0,2.9957277863923437e-06,true,0.0,0.0,2.9957277863923437e-06,true,0.0,0.0,2.9957277863923437e-06,true,true,0,0.0,0.0,2.9957277863923437e-06,true,0,0,true,0,0,0,NA,0.119108,0,0,0,0,0,0,0,0,0,0,4001
E2,seed,native,QF,double,libstdc++,0.75,0.25,1,1000000,1000000,0,0,0,1000000,0,0,0,0,0,0,0,0.0,0.0,2.9957277863923437e-06,true,0.0,0.0,2.9957277863923437e-06,true,0.0,0.0,2.9957277863923437e-06,true,true,0,0.0,0.0,2.9957277863923437e-06,true,0,0,true,0,0,0,NA,0.090963,0,0,0,0,0,0,0,0,0,0,4001
E2,seed,native,QF,double,libc++,0.75,0.25,1,1000000,1000000,0,0,0,1000000,0,0,0,0,0,0,0,0.0,0.0,2.9957277863923437e-06,true,0.0,0.0,2.9957277863923437e-06,true,0.0,0.0,2.9957277863923437e-06,true,true,0,0.0,0.0,2.9957277863923437e-06,true,0,0,true,0,0,0,NA,0.118153,0,0,0,0,0,0,0,0,0,0,4002
E2,seed,native,QF,double,libstdc++,0.75,0.25,1,1000000,1000000,0,0,0,1000000,0,0,0,0,0,0,0,0.0,0.0,2.9957277863923437e-06,true,0.0,0.0,2.9957277863923437e-06,true,0.0,0.0,2.9957277863923437e-06,true,true,0,0.0,0.0,2.9957277863923437e-06,true,0,0,true,0,0,0,NA,0.09151,0,0,0,0,0,0,0,0,0,0,4002
E2,seed,native,QF,double,libc++,0.75,0.25,1,1000000,1000000,0,0,0,1000000,0,0,0,0,0,0,0,0.0,0.0,2.9957277863923437e-06,true,0.0,0.0,2.9957277863923437e-06,true,0.0,0.0,2.9957277863923437e-06,true,true,0,0.0,0.0,2.9957277863923437e-06,true,0,0,true,0,0,0,NA,0.118369,0,0,0,0,0,0,0,0,0,0,4003
E2,seed,native,QF,double,libstdc++,0.75,0.25,1,1000000,1000000,0,0,0,1000000,0,0,0,0,0,0,0,0.0,0.0,2.9957277863923437e-06,true,0.0,0.0,2.9957277863923437e-06,true,0.0,0.0,2.9957277863923437e-06,true,true,0,0.0,0.0,2.9957277863923437e-06,true,0,0,true,0,0,0,NA,0.091688,0,0,0,0,0,0,0,0,0,0,4003
E2,seed,native,QF,double,libc++,0.75,0.25,1,1000000,1000000,0,0,0,1000000,0,0,0,0,0,0,0,0.0,0.0,2.9957277863923437e-06,true,0.0,0.0,2.9957277863923437e-06,true,0.0,0.0,2.9957277863923437e-06,true,true,0,0.0,0.0,2.9957277863923437e-06,true,0,0,true,0,0,0,NA,0.11914,0,0,0,0,0,0,0,0,0,0,4004
E2,seed,native,QF,double,libstdc++,0.75,0.25,1,1000000,1000000,0,0,0,1000000,0,0,0,0,0,0,0,0.0,0.0,2.9957277863923437e-06,true,0.0,0.0,2.9957277863923437e-06,true,0.0,0.0,2.9957277863923437e-06,true,true,0,0.0,0.0,2.9957277863923437e-06,true,0,0,true,0,0,0,NA,0.091692,0,0,0,0,0,0,0,0,0,0,4004
E2,seed,native,QF,double,libc++,0.75,0.25,1,1000000,1000000,0,0,0,1000000,0,0,0,0,0,0,0,0.0,0.0,2.9957277863923437e-06,true,0.0,0.0,2.9957277863923437e-06,true,0.0,0.0,2.9957277863923437e-06,true,true,0,0.0,0.0,2.9957277863923437e-06,true,0,0,true,0,0,0,NA,0.11826,0,0,0,0,0,0,0,0,0,0,4005
E2,seed,native,QF,double,libstdc++,0.75,0.25,1,1000000,1000000,0,0,0,1000000,0,0,0,0,0,0,0,0.0,0.0,2.9957277863923437e-06,true,0.0,0.0,2.9957277863923437e-06,true,0.0,0.0,2.9957277863923437e-06,true,true,0,0.0,0.0,2.9957277863923437e-06,true,0,0,true,0,0,0,NA,0.091611,0,0,0,0,0,0,0,0,0,0,4005
E2,seed,native,SPLIT,double,libc++,0.75,0.25,1,1000000,1000000,0,0,0,1000000,0,0,0,0,0,0,0,0.0,0.0,2.9957277863923437e-06,true,0.0,0.0,2.9957277863923437e-06,true,0.0,0.0,2.9957277863923437e-06,true,true,0,0.0,0.0,2.9957277863923437e-06,true,0,0,true,0,0,0,NA,0.117639,0,0,0,0,0,0,0,0,0,0,4001
E2,seed,native,SPLIT,double,libstdc++,0.75,0.25,1,1000000,1000000,0,0,0,1000000,0,0,0,0,0,0,0,0.0,0.0,2.9957277863923437e-06,true,0.0,0.0,2.9957277863923437e-06,true,0.0,0.0,2.9957277863923437e-06,true,true,0,0.0,0.0,2.9957277863923437e-06,true,0,0,true,0,0,0,NA,0.091475,0,0,0,0,0,0,0,0,0,0,4001
E2,seed,native,SPLIT,double,libc++,0.75,0.25,1,1000000,1000000,0,0,0,1000000,0,0,0,0,0,0,0,0.0,0.0,2.9957277863923437e-06,true,0.0,0.0,2.9957277863923437e-06,true,0.0,0.0,2.9957277863923437e-06,true,true,0,0.0,0.0,2.9957277863923437e-06,true,0,0,true,0,0,0,NA,0.11846,0,0,0,0,0,0,0,0,0,0,4002
E2,seed,native,SPLIT,double,libstdc++,0.75,0.25,1,1000000,1000000,0,0,0,1000000,0,0,0,0,0,0,0,0.0,0.0,2.9957277863923437e-06,true,0.0,0.0,2.9957277863923437e-06,true,0.0,0.0,2.9957277863923437e-06,true,true,0,0.0,0.0,2.9957277863923437e-06,true,0,0,true,0,0,0,NA,0.091075,0,0,0,0,0,0,0,0,0,0,4002
E2,seed,native,SPLIT,double,libc++,0.75,0.25,1,1000000,1000000,0,0,0,1000000,0,0,0,0,0,0,0,0.0,0.0,2.9957277863923437e-06,true,0.0,0.0,2.9957277863923437e-06,true,0.0,0.0,2.9957277863923437e-06,true,true,0,0.0,0.0,2.9957277863923437e-06,true,0,0,true,0,0,0,NA,0.118068,0,0,0,0,0,0,0,0,0,0,4003
E2,seed,native,SPLIT,double,libstdc++,0.75,0.25,1,1000000,1000000,0,0,0,1000000,0,0,0,0,0,0,0,0.0,0.0,2.9957277863923437e-06,true,0.0,0.0,2.9957277863923437e-06,true,0.0,0.0,2.9957277863923437e-06,true,true,0,0.0,0.0,2.9957277863923437e-06,true,0,0,true,0,0,0,NA,0.090898,0,0,0,0,0,0,0,0,0,0,4003
E2,seed,native,SPLIT,double,libc++,0.75,0.25,1,1000000,1000000,0,0,0,1000000,0,0,0,0,0,0,0,0.0,0.0,2.9957277863923437e-06,true,0.0,0.0,2.9957277863923437e-06,true,0.0,0.0,2.9957277863923437e-06,true,true,0,0.0,0.0,2.9957277863923437e-06,true,0,0,true,0,0,0,NA,0.118444,0,0,0,0,0,0,0,0,0,0,4004
E2,seed,native,SPLIT,double,libstdc++,0.75,0.25,1,1000000,1000000,0,0,0,1000000,0,0,0,0,0,0,0,0.0,0.0,2.9957277863923437e-06,true,0.0,0.0,2.9957277863923437e-06,true,0.0,0.0,2.9957277863923437e-06,true,true,0,0.0,0.0,2.9957277863923437e-06,true,0,0,true,0,0,0,NA,0.091595,0,0,0,0,0,0,0,0,0,0,4004
E2,seed,native,SPLIT,double,libc++,0.75,0.25,1,1000000,1000000,0,0,0,1000000,0,0,0,0,0,0,0,0.0,0.0,2.9957277863923437e-06,true,0.0,0.0,2.9957277863923437e-06,true,0.0,0.0,2.9957277863923437e-06,true,true,0,0.0,0.0,2.9957277863923437e-06,true,0,0,true,0,0,0,NA,0.118404,0,0,0,0,0,0,0,0,0,0,4005
E2,seed,native,SPLIT,double,libstdc++,0.75,0.25,1,1000000,1000000,0,0,0,1000000,0,0,0,0,0,0,0,0.0,0.0,2.9957277863923437e-06,true,0.0,0.0,2.9957277863923437e-06,true,0.0,0.0,2.9957277863923437e-06,true,true,0,0.0,0.0,2.9957277863923437e-06,true,0,0,true,0,0,0,NA,0.091084,0,0,0,0,0,0,0,0,0,0,4005
E2,seed,native,LOG,double,libc++,1,0.5,1,1000000,1000000,0,0,0,1000000,0,0,0,0,0,0,0,0.0,0.0,2.9957277863923437e-06,true,0.0,0.0,2.9957277863923437e-06,true,0.0,0.0,2.9957277863923437e-06,true,true,0,0.0,0.0,2.9957277863923437e-06,true,0,0,true,0,0,0,NA,0.160402,0,0,0,0,0,0,0,0,0,0,4001
E2,seed,native,LOG,double,libstdc++,1,0.5,1,1000000,1000000,0,0,0,1000000,0,0,0,0,0,0,0,0.0,0.0,2.9957277863923437e-06,true,0.0,0.0,2.9957277863923437e-06,true,0.0,0.0,2.9957277863923437e-06,true,true,0,0.0,0.0,2.9957277863923437e-06,true,0,0,true,0,0,0,NA,0.136324,0,0,0,0,0,0,0,0,0,0,4001
E2,seed,native,LOG,double,libc++,1,0.5,1,1000000,1000000,0,0,0,1000000,0,0,0,0,0,0,0,0.0,0.0,2.9957277863923437e-06,true,0.0,0.0,2.9957277863923437e-06,true,0.0,0.0,2.9957277863923437e-06,true,true,0,0.0,0.0,2.9957277863923437e-06,true,0,0,true,0,0,0,NA,0.160057,0,0,0,0,0,0,0,0,0,0,4002
E2,seed,native,LOG,double,libstdc++,1,0.5,1,1000000,1000000,0,0,0,1000000,0,0,0,0,0,0,0,0.0,0.0,2.9957277863923437e-06,true,0.0,0.0,2.9957277863923437e-06,true,0.0,0.0,2.9957277863923437e-06,true,true,0,0.0,0.0,2.9957277863923437e-06,true,0,0,true,0,0,0,NA,0.138401,0,0,0,0,0,0,0,0,0,0,4002
E2,seed,native,LOG,double,libc++,1,0.5,1,1000000,1000000,0,0,0,1000000,0,0,0,0,0,0,0,0.0,0.0,2.9957277863923437e-06,true,0.0,0.0,2.9957277863923437e-06,true,0.0,0.0,2.9957277863923437e-06,true,true,0,0.0,0.0,2.9957277863923437e-06,true,0,0,true,0,0,0,NA,0.161371,0,0,0,0,0,0,0,0,0,0,4003
E2,seed,native,LOG,double,libstdc++,1,0.5,1,1000000,1000000,0,0,0,1000000,0,0,0,0,0,0,0,0.0,0.0,2.9957277863923437e-06,true,0.0,0.0,2.9957277863923437e-06,true,0.0,0.0,2.9957277863923437e-06,true,true,0,0.0,0.0,2.9957277863923437e-06,true,0,0,true,0,0,0,NA,0.135807,0,0,0,0,0,0,0,0,0,0,4003
E2,seed,native,LOG,double,libc++,1,0.5,1,1000000,1000000,0,0,0,1000000,0,0,0,0,0,0,0,0.0,0.0,2.9957277863923437e-06,true,0.0,0.0,2.9957277863923437e-06,true,0.0,0.0,2.9957277863923437e-06,true,true,0,0.0,0.0,2.9957277863923437e-06,true,0,0,true,0,0,0,NA,0.161413,0,0,0,0,0,0,0,0,0,0,4004
E2,seed,native,LOG,double,libstdc++,1,0.5,1,1000000,1000000,0,0,0,1000000,0,0,0,0,0,0,0,0.0,0.0,2.9957277863923437e-06,true,0.0,0.0,2.9957277863923437e-06,true,0.0,0.0,2.9957277863923437e-06,true,true,0,0.0,0.0,2.9957277863923437e-06,true,0,0,true,0,0,0,NA,0.13627,0,0,0,0,0,0,0,0,0,0,4004
E2,seed,native,LOG,double,libc++,1,0.5,1,1000000,1000000,0,0,0,1000000,0,0,0,0,0,0,0,0.0,0.0,2.9957277863923437e-06,true,0.0,0.0,2.9957277863923437e-06,true,0.0,0.0,2.9957277863923437e-06,true,true,0,0.0,0.0,2.9957277863923437e-06,true,0,0,true,0,0,0,NA,0.16072,0,0,0,0,0,0,0,0,0,0,4005
E2,seed,native,LOG,double,libstdc++,1,0.5,1,1000000,1000000,0,0,0,1000000,0,0,0,0,0,0,0,0.0,0.0,2.9957277863923437e-06,true,0.0,0.0,2.9957277863923437e-06,true,0.0,0.0,2.9957277863923437e-06,true,true,0,0.0,0.0,2.9957277863923437e-06,true,0,0,true,0,0,0,NA,0.136138,0,0,0,0,0,0,0,0,0,0,4005
E2,seed,native,QF,double,libc++,1,0.5,1,1000000,1000000,0,0,0,1000000,0,0,0,0,0,0,0,0.0,0.0,2.9957277863923437e-06,true,0.0,0.0,2.9957277863923437e-06,true,0.0,0.0,2.9957277863923437e-06,true,true,0,0.0,0.0,2.9957277863923437e-06,true,0,0,true,0,0,0,NA,0.128135,0,0,0,0,0,0,0,0,0,0,4001
E2,seed,native,QF,double,libstdc++,1,0.5,1,1000000,1000000,0,0,0,1000000,0,0,0,0,0,0,0,0.0,0.0,2.9957277863923437e-06,true,0.0,0.0,2.9957277863923437e-06,true,0.0,0.0,2.9957277863923437e-06,true,true,0,0.0,0.0,2.9957277863923437e-06,true,0,0,true,0,0,0,NA,0.095344,0,0,0,0,0,0,0,0,0,0,4001
E2,seed,native,QF,double,libc++,1,0.5,1,1000000,1000000,0,0,0,1000000,0,0,0,0,0,0,0,0.0,0.0,2.9957277863923437e-06,true,0.0,0.0,2.9957277863923437e-06,true,0.0,0.0,2.9957277863923437e-06,true,true,0,0.0,0.0,2.9957277863923437e-06,true,0,0,true,0,0,0,NA,0.127451,0,0,0,0,0,0,0,0,0,0,4002
E2,seed,native,QF,double,libstdc++,1,0.5,1,1000000,1000000,0,0,0,1000000,0,0,0,0,0,0,0,0.0,0.0,2.9957277863923437e-06,true,0.0,0.0,2.9957277863923437e-06,true,0.0,0.0,2.9957277863923437e-06,true,true,0,0.0,0.0,2.9957277863923437e-06,true,0,0,true,0,0,0,NA,0.095204,0,0,0,0,0,0,0,0,0,0,4002
E2,seed,native,QF,double,libc++,1,0.5,1,1000000,1000000,0,0,0,1000000,0,0,0,0,0,0,0,0.0,0.0,2.9957277863923437e-06,true,0.0,0.0,2.9957277863923437e-06,true,0.0,0.0,2.9957277863923437e-06,true,true,0,0.0,0.0,2.9957277863923437e-06,true,0,0,true,0,0,0,NA,0.127219,0,0,0,0,0,0,0,0,0,0,4003
E2,seed,native,QF,double,libstdc++,1,0.5,1,1000000,1000000,0,0,0,1000000,0,0,0,0,0,0,0,0.0,0.0,2.9957277863923437e-06,true,0.0,0.0,2.9957277863923437e-06,true,0.0,0.0,2.9957277863923437e-06,true,true,0,0.0,0.0,2.9957277863923437e-06,true,0,0,true,0,0,0,NA,0.094708,0,0,0,0,0,0,0,0,0,0,4003
E2,seed,native,QF,double,libc++,1,0.5,1,1000000,1000000,0,0,0,1000000,0,0,0,0,0,0,0,0.0,0.0,2.9957277863923437e-06,true,0.0,0.0,2.9957277863923437e-06,true,0.0,0.0,2.9957277863923437e-06,true,true,0,0.0,0.0,2.9957277863923437e-06,true,0,0,true,0,0,0,NA,0.127324,0,0,0,0,0,0,0,0,0,0,4004
E2,seed,native,QF,double,libstdc++,1,0.5,1,1000000,1000000,0,0,0,1000000,0,0,0,0,0,0,0,0.0,0.0,2.9957277863923437e-06,true,0.0,0.0,2.9957277863923437e-06,true,0.0,0.0,2.9957277863923437e-06,true,true,0,0.0,0.0,2.9957277863923437e-06,true,0,0,true,0,0,0,NA,0.095366,0,0,0,0,0,0,0,0,0,0,4004
E2,seed,native,QF,double,libc++,1,0.5,1,1000000,1000000,0,0,0,1000000,0,0,0,0,0,0,0,0.0,0.0,2.9957277863923437e-06,true,0.0,0.0,2.9957277863923437e-06,true,0.0,0.0,2.9957277863923437e-06,true,true,0,0.0,0.0,2.9957277863923437e-06,true,0,0,true,0,0,0,NA,0.128363,0,0,0,0,0,0,0,0,0,0,4005
E2,seed,native,QF,double,libstdc++,1,0.5,1,1000000,1000000,0,0,0,1000000,0,0,0,0,0,0,0,0.0,0.0,2.9957277863923437e-06,true,0.0,0.0,2.9957277863923437e-06,true,0.0,0.0,2.9957277863923437e-06,true,true,0,0.0,0.0,2.9957277863923437e-06,true,0,0,true,0,0,0,NA,0.095334,0,0,0,0,0,0,0,0,0,0,4005
E2,seed,native,SPLIT,double,libc++,1,0.5,1,1000000,1000000,0,0,0,1000000,0,0,0,0,0,0,0,0.0,0.0,2.9957277863923437e-06,true,0.0,0.0,2.9957277863923437e-06,true,0.0,0.0,2.9957277863923437e-06,true,true,0,0.0,0.0,2.9957277863923437e-06,true,0,0,true,0,0,0,NA,0.127561,0,0,0,0,0,0,0,0,0,0,4001
E2,seed,native,SPLIT,double,libstdc++,1,0.5,1,1000000,1000000,0,0,0,1000000,0,0,0,0,0,0,0,0.0,0.0,2.9957277863923437e-06,true,0.0,0.0,2.9957277863923437e-06,true,0.0,0.0,2.9957277863923437e-06,true,true,0,0.0,0.0,2.9957277863923437e-06,true,0,0,true,0,0,0,NA,0.095874,0,0,0,0,0,0,0,0,0,0,4001
E2,seed,native,SPLIT,double,libc++,1,0.5,1,1000000,1000000,0,0,0,1000000,0,0,0,0,0,0,0,0.0,0.0,2.9957277863923437e-06,true,0.0,0.0,2.9957277863923437e-06,true,0.0,0.0,2.9957277863923437e-06,true,true,0,0.0,0.0,2.9957277863923437e-06,true,0,0,true,0,0,0,NA,0.12754,0,0,0,0,0,0,0,0,0,0,4002
E2,seed,native,SPLIT,double,libstdc++,1,0.5,1,1000000,1000000,0,0,0,1000000,0,0,0,0,0,0,0,0.0,0.0,2.9957277863923437e-06,true,0.0,0.0,2.9957277863923437e-06,true,0.0,0.0,2.9957277863923437e-06,true,true,0,0.0,0.0,2.9957277863923437e-06,true,0,0,true,0,0,0,NA,0.095248,0,0,0,0,0,0,0,0,0,0,4002
E2,seed,native,SPLIT,double,libc++,1,0.5,1,1000000,1000000,0,0,0,1000000,0,0,0,0,0,0,0,0.0,0.0,2.9957277863923437e-06,true,0.0,0.0,2.9957277863923437e-06,true,0.0,0.0,2.9957277863923437e-06,true,true,0,0.0,0.0,2.9957277863923437e-06,true,0,0,true,0,0,0,NA,0.128352,0,0,0,0,0,0,0,0,0,0,4003
E2,seed,native,SPLIT,double,libstdc++,1,0.5,1,1000000,1000000,0,0,0,1000000,0,0,0,0,0,0,0,0.0,0.0,2.9957277863923437e-06,true,0.0,0.0,2.9957277863923437e-06,true,0.0,0.0,2.9957277863923437e-06,true,true,0,0.0,0.0,2.9957277863923437e-06,true,0,0,true,0,0,0,NA,0.094583,0,0,0,0,0,0,0,0,0,0,4003
E2,seed,native,SPLIT,double,libc++,1,0.5,1,1000000,1000000,0,0,0,1000000,0,0,0,0,0,0,0,0.0,0.0,2.9957277863923437e-06,true,0.0,0.0,2.9957277863923437e-06,true,0.0,0.0,2.9957277863923437e-06,true,true,0,0.0,0.0,2.9957277863923437e-06,true,0,0,true,0,0,0,NA,0.12791,0,0,0,0,0,0,0,0,0,0,4004
E2,seed,native,SPLIT,double,libstdc++,1,0.5,1,1000000,1000000,0,0,0,1000000,0,0,0,0,0,0,0,0.0,0.0,2.9957277863923437e-06,true,0.0,0.0,2.9957277863923437e-06,true,0.0,0.0,2.9957277863923437e-06,true,true,0,0.0,0.0,2.9957277863923437e-06,true,0,0,true,0,0,0,NA,0.094804,0,0,0,0,0,0,0,0,0,0,4004
E2,seed,native,SPLIT,double,libc++,1,0.5,1,1000000,1000000,0,0,0,1000000,0,0,0,0,0,0,0,0.0,0.0,2.9957277863923437e-06,true,0.0,0.0,2.9957277863923437e-06,true,0.0,0.0,2.9957277863923437e-06,true,true,0,0.0,0.0,2.9957277863923437e-06,true,0,0,true,0,0,0,NA,0.127588,0,0,0,0,0,0,0,0,0,0,4005
E2,seed,native,SPLIT,double,libstdc++,1,0.5,1,1000000,1000000,0,0,0,1000000,0,0,0,0,0,0,0,0.0,0.0,2.9957277863923437e-06,true,0.0,0.0,2.9957277863923437e-06,true,0.0,0.0,2.9957277863923437e-06,true,true,0,0.0,0.0,2.9957277863923437e-06,true,0,0,true,0,0,0,NA,0.095266,0,0,0,0,0,0,0,0,0,0,4005
E2,seed,native,LOG,double,libc++,1.5,1.0,1,1000000,1000000,0,0,0,1000000,0,0,0,0,0,0,0,0.0,0.0,2.9957277863923437e-06,true,0.0,0.0,2.9957277863923437e-06,true,0.0,0.0,2.9957277863923437e-06,true,true,0,0.0,0.0,2.9957277863923437e-06,true,0,0,true,0,0,0,NA,0.131765,0,0,0,0,0,0,0,0,0,0,4001
E2,seed,native,LOG,double,libstdc++,1.5,1.0,1,1000000,1000000,0,0,0,1000000,0,0,0,0,0,0,0,0.0,0.0,2.9957277863923437e-06,true,0.0,0.0,2.9957277863923437e-06,true,0.0,0.0,2.9957277863923437e-06,true,true,0,0.0,0.0,2.9957277863923437e-06,true,0,0,true,0,0,0,NA,0.114064,0,0,0,0,0,0,0,0,0,0,4001
E2,seed,native,LOG,double,libc++,1.5,1.0,1,1000000,1000000,0,0,0,1000000,0,0,0,0,0,0,0,0.0,0.0,2.9957277863923437e-06,true,0.0,0.0,2.9957277863923437e-06,true,0.0,0.0,2.9957277863923437e-06,true,true,0,0.0,0.0,2.9957277863923437e-06,true,0,0,true,0,0,0,NA,0.131343,0,0,0,0,0,0,0,0,0,0,4002
E2,seed,native,LOG,double,libstdc++,1.5,1.0,1,1000000,1000000,0,0,0,1000000,0,0,0,0,0,0,0,0.0,0.0,2.9957277863923437e-06,true,0.0,0.0,2.9957277863923437e-06,true,0.0,0.0,2.9957277863923437e-06,true,true,0,0.0,0.0,2.9957277863923437e-06,true,0,0,true,0,0,0,NA,0.113957,0,0,0,0,0,0,0,0,0,0,4002
E2,seed,native,LOG,double,libc++,1.5,1.0,1,1000000,1000000,0,0,0,1000000,0,0,0,0,0,0,0,0.0,0.0,2.9957277863923437e-06,true,0.0,0.0,2.9957277863923437e-06,true,0.0,0.0,2.9957277863923437e-06,true,true,0,0.0,0.0,2.9957277863923437e-06,true,0,0,true,0,0,0,NA,0.131714,0,0,0,0,0,0,0,0,0,0,4003
E2,seed,native,LOG,double,libstdc++,1.5,1.0,1,1000000,1000000,0,0,0,1000000,0,0,0,0,0,0,0,0.0,0.0,2.9957277863923437e-06,true,0.0,0.0,2.9957277863923437e-06,true,0.0,0.0,2.9957277863923437e-06,true,true,0,0.0,0.0,2.9957277863923437e-06,true,0,0,true,0,0,0,NA,0.113594,0,0,0,0,0,0,0,0,0,0,4003
E2,seed,native,LOG,double,libc++,1.5,1.0,1,1000000,1000000,0,0,0,1000000,0,0,0,0,0,0,0,0.0,0.0,2.9957277863923437e-06,true,0.0,0.0,2.9957277863923437e-06,true,0.0,0.0,2.9957277863923437e-06,true,true,0,0.0,0.0,2.9957277863923437e-06,true,0,0,true,0,0,0,NA,0.132841,0,0,0,0,0,0,0,0,0,0,4004
E2,seed,native,LOG,double,libstdc++,1.5,1.0,1,1000000,1000000,0,0,0,1000000,0,0,0,0,0,0,0,0.0,0.0,2.9957277863923437e-06,true,0.0,0.0,2.9957277863923437e-06,true,0.0,0.0,2.9957277863923437e-06,true,true,0,0.0,0.0,2.9957277863923437e-06,true,0,0,true,0,0,0,NA,0.113563,0,0,0,0,0,0,0,0,0,0,4004
E2,seed,native,LOG,double,libc++,1.5,1.0,1,1000000,1000000,0,0,0,1000000,0,0,0,0,0,0,0,0.0,0.0,2.9957277863923437e-06,true,0.0,0.0,2.9957277863923437e-06,true,0.0,0.0,2.9957277863923437e-06,true,true,0,0.0,0.0,2.9957277863923437e-06,true,0,0,true,0,0,0,NA,0.131798,0,0,0,0,0,0,0,0,0,0,4005
E2,seed,native,LOG,double,libstdc++,1.5,1.0,1,1000000,1000000,0,0,0,1000000,0,0,0,0,0,0,0,0.0,0.0,2.9957277863923437e-06,true,0.0,0.0,2.9957277863923437e-06,true,0.0,0.0,2.9957277863923437e-06,true,true,0,0.0,0.0,2.9957277863923437e-06,true,0,0,true,0,0,0,NA,0.113722,0,0,0,0,0,0,0,0,0,0,4005
E2,seed,native,QF,double,libc++,1.5,1.0,1,1000000,1000000,0,0,0,1000000,0,0,0,0,0,0,0,0.0,0.0,2.9957277863923437e-06,true,0.0,0.0,2.9957277863923437e-06,true,0.0,0.0,2.9957277863923437e-06,true,true,0,0.0,0.0,2.9957277863923437e-06,true,0,0,true,0,0,0,NA,0.106431,0,0,0,0,0,0,0,0,0,0,4001
E2,seed,native,QF,double,libstdc++,1.5,1.0,1,1000000,1000000,0,0,0,1000000,0,0,0,0,0,0,0,0.0,0.0,2.9957277863923437e-06,true,0.0,0.0,2.9957277863923437e-06,true,0.0,0.0,2.9957277863923437e-06,true,true,0,0.0,0.0,2.9957277863923437e-06,true,0,0,true,0,0,0,NA,0.091866,0,0,0,0,0,0,0,0,0,0,4001
E2,seed,native,QF,double,libc++,1.5,1.0,1,1000000,1000000,0,0,0,1000000,0,0,0,0,0,0,0,0.0,0.0,2.9957277863923437e-06,true,0.0,0.0,2.9957277863923437e-06,true,0.0,0.0,2.9957277863923437e-06,true,true,0,0.0,0.0,2.9957277863923437e-06,true,0,0,true,0,0,0,NA,0.106913,0,0,0,0,0,0,0,0,0,0,4002
E2,seed,native,QF,double,libstdc++,1.5,1.0,1,1000000,1000000,0,0,0,1000000,0,0,0,0,0,0,0,0.0,0.0,2.9957277863923437e-06,true,0.0,0.0,2.9957277863923437e-06,true,0.0,0.0,2.9957277863923437e-06,true,true,0,0.0,0.0,2.9957277863923437e-06,true,0,0,true,0,0,0,NA,0.091353,0,0,0,0,0,0,0,0,0,0,4002
E2,seed,native,QF,double,libc++,1.5,1.0,1,1000000,1000000,0,0,0,1000000,0,0,0,0,0,0,0,0.0,0.0,2.9957277863923437e-06,true,0.0,0.0,2.9957277863923437e-06,true,0.0,0.0,2.9957277863923437e-06,true,true,0,0.0,0.0,2.9957277863923437e-06,true,0,0,true,0,0,0,NA,0.107041,0,0,0,0,0,0,0,0,0,0,4003
E2,seed,native,QF,double,libstdc++,1.5,1.0,1,1000000,1000000,0,0,0,1000000,0,0,0,0,0,0,0,0.0,0.0,2.9957277863923437e-06,true,0.0,0.0,2.9957277863923437e-06,true,0.0,0.0,2.9957277863923437e-06,true,true,0,0.0,0.0,2.9957277863923437e-06,true,0,0,true,0,0,0,NA,0.091435,0,0,0,0,0,0,0,0,0,0,4003
E2,seed,native,QF,double,libc++,1.5,1.0,1,1000000,1000000,0,0,0,1000000,0,0,0,0,0,0,0,0.0,0.0,2.9957277863923437e-06,true,0.0,0.0,2.9957277863923437e-06,true,0.0,0.0,2.9957277863923437e-06,true,true,0,0.0,0.0,2.9957277863923437e-06,true,0,0,true,0,0,0,NA,0.106014,0,0,0,0,0,0,0,0,0,0,4004
E2,seed,native,QF,double,libstdc++,1.5,1.0,1,1000000,1000000,0,0,0,1000000,0,0,0,0,0,0,0,0.0,0.0,2.9957277863923437e-06,true,0.0,0.0,2.9957277863923437e-06,true,0.0,0.0,2.9957277863923437e-06,true,true,0,0.0,0.0,2.9957277863923437e-06,true,0,0,true,0,0,0,NA,0.091501,0,0,0,0,0,0,0,0,0,0,4004
E2,seed,native,QF,double,libc++,1.5,1.0,1,1000000,1000000,0,0,0,1000000,0,0,0,0,0,0,0,0.0,0.0,2.9957277863923437e-06,true,0.0,0.0,2.9957277863923437e-06,true,0.0,0.0,2.9957277863923437e-06,true,true,0,0.0,0.0,2.9957277863923437e-06,true,0,0,true,0,0,0,NA,0.106862,0,0,0,0,0,0,0,0,0,0,4005
E2,seed,native,QF,double,libstdc++,1.5,1.0,1,1000000,1000000,0,0,0,1000000,0,0,0,0,0,0,0,0.0,0.0,2.9957277863923437e-06,true,0.0,0.0,2.9957277863923437e-06,true,0.0,0.0,2.9957277863923437e-06,true,true,0,0.0,0.0,2.9957277863923437e-06,true,0,0,true,0,0,0,NA,0.09223,0,0,0,0,0,0,0,0,0,0,4005
E2,seed,native,SPLIT,double,libc++,1.5,1.0,1,1000000,1000000,0,0,0,1000000,0,0,0,0,0,0,0,0.0,0.0,2.9957277863923437e-06,true,0.0,0.0,2.9957277863923437e-06,true,0.0,0.0,2.9957277863923437e-06,true,true,0,0.0,0.0,2.9957277863923437e-06,true,0,0,true,0,0,0,NA,0.106612,0,0,0,0,0,0,0,0,0,0,4001
E2,seed,native,SPLIT,double,libstdc++,1.5,1.0,1,1000000,1000000,0,0,0,1000000,0,0,0,0,0,0,0,0.0,0.0,2.9957277863923437e-06,true,0.0,0.0,2.9957277863923437e-06,true,0.0,0.0,2.9957277863923437e-06,true,true,0,0.0,0.0,2.9957277863923437e-06,true,0,0,true,0,0,0,NA,0.09176,0,0,0,0,0,0,0,0,0,0,4001
E2,seed,native,SPLIT,double,libc++,1.5,1.0,1,1000000,1000000,0,0,0,1000000,0,0,0,0,0,0,0,0.0,0.0,2.9957277863923437e-06,true,0.0,0.0,2.9957277863923437e-06,true,0.0,0.0,2.9957277863923437e-06,true,true,0,0.0,0.0,2.9957277863923437e-06,true,0,0,true,0,0,0,NA,0.105775,0,0,0,0,0,0,0,0,0,0,4002
E2,seed,native,SPLIT,double,libstdc++,1.5,1.0,1,1000000,1000000,0,0,0,1000000,0,0,0,0,0,0,0,0.0,0.0,2.9957277863923437e-06,true,0.0,0.0,2.9957277863923437e-06,true,0.0,0.0,2.9957277863923437e-06,true,true,0,0.0,0.0,2.9957277863923437e-06,true,0,0,true,0,0,0,NA,0.09194,0,0,0,0,0,0,0,0,0,0,4002
E2,seed,native,SPLIT,double,libc++,1.5,1.0,1,1000000,1000000,0,0,0,1000000,0,0,0,0,0,0,0,0.0,0.0,2.9957277863923437e-06,true,0.0,0.0,2.9957277863923437e-06,true,0.0,0.0,2.9957277863923437e-06,true,true,0,0.0,0.0,2.9957277863923437e-06,true,0,0,true,0,0,0,NA,0.106591,0,0,0,0,0,0,0,0,0,0,4003
E2,seed,native,SPLIT,double,libstdc++,1.5,1.0,1,1000000,1000000,0,0,0,1000000,0,0,0,0,0,0,0,0.0,0.0,2.9957277863923437e-06,true,0.0,0.0,2.9957277863923437e-06,true,0.0,0.0,2.9957277863923437e-06,true,true,0,0.0,0.0,2.9957277863923437e-06,true,0,0,true,0,0,0,NA,0.091317,0,0,0,0,0,0,0,0,0,0,4003
E2,seed,native,SPLIT,double,libc++,1.5,1.0,1,1000000,1000000,0,0,0,1000000,0,0,0,0,0,0,0,0.0,0.0,2.9957277863923437e-06,true,0.0,0.0,2.9957277863923437e-06,true,0.0,0.0,2.9957277863923437e-06,true,true,0,0.0,0.0,2.9957277863923437e-06,true,0,0,true,0,0,0,NA,0.10786,0,0,0,0,0,0,0,0,0,0,4004
E2,seed,native,SPLIT,double,libstdc++,1.5,1.0,1,1000000,1000000,0,0,0,1000000,0,0,0,0,0,0,0,0.0,0.0,2.9957277863923437e-06,true,0.0,0.0,2.9957277863923437e-06,true,0.0,0.0,2.9957277863923437e-06,true,true,0,0.0,0.0,2.9957277863923437e-06,true,0,0,true,0,0,0,NA,0.091985,0,0,0,0,0,0,0,0,0,0,4004
E2,seed,native,SPLIT,double,libc++,1.5,1.0,1,1000000,1000000,0,0,0,1000000,0,0,0,0,0,0,0,0.0,0.0,2.9957277863923437e-06,true,0.0,0.0,2.9957277863923437e-06,true,0.0,0.0,2.9957277863923437e-06,true,true,0,0.0,0.0,2.9957277863923437e-06,true,0,0,true,0,0,0,NA,0.106634,0,0,0,0,0,0,0,0,0,0,4005
E2,seed,native,SPLIT,double,libstdc++,1.5,1.0,1,1000000,1000000,0,0,0,1000000,0,0,0,0,0,0,0,0.0,0.0,2.9957277863923437e-06,true,0.0,0.0,2.9957277863923437e-06,true,0.0,0.0,2.9957277863923437e-06,true,true,0,0.0,0.0,2.9957277863923437e-06,true,0,0,true,0,0,0,NA,0.09201,0,0,0,0,0,0,0,0,0,0,4005
E2,seed,native,LOG,double,libc++,2,1.5,1,1000000,1000000,0,0,0,1000000,0,0,0,0,0,0,0,0.0,0.0,2.9957277863923437e-06,true,0.0,0.0,2.9957277863923437e-06,true,0.0,0.0,2.9957277863923437e-06,true,true,0,0.0,0.0,2.9957277863923437e-06,true,0,0,true,0,0,0,NA,0.169518,0,0,0,0,0,0,0,0,0,0,4001
E2,seed,native,LOG,double,libstdc++,2,1.5,1,1000000,1000000,0,0,0,1000000,0,0,0,0,0,0,0,0.0,0.0,2.9957277863923437e-06,true,0.0,0.0,2.9957277863923437e-06,true,0.0,0.0,2.9957277863923437e-06,true,true,0,0.0,0.0,2.9957277863923437e-06,true,0,0,true,0,0,0,NA,0.11377,0,0,0,0,0,0,0,0,0,0,4001
E2,seed,native,LOG,double,libc++,2,1.5,1,1000000,1000000,0,0,0,1000000,0,0,0,0,0,0,0,0.0,0.0,2.9957277863923437e-06,true,0.0,0.0,2.9957277863923437e-06,true,0.0,0.0,2.9957277863923437e-06,true,true,0,0.0,0.0,2.9957277863923437e-06,true,0,0,true,0,0,0,NA,0.170086,0,0,0,0,0,0,0,0,0,0,4002
E2,seed,native,LOG,double,libstdc++,2,1.5,1,1000000,1000000,0,0,0,1000000,0,0,0,0,0,0,0,0.0,0.0,2.9957277863923437e-06,true,0.0,0.0,2.9957277863923437e-06,true,0.0,0.0,2.9957277863923437e-06,true,true,0,0.0,0.0,2.9957277863923437e-06,true,0,0,true,0,0,0,NA,0.114114,0,0,0,0,0,0,0,0,0,0,4002
E2,seed,native,LOG,double,libc++,2,1.5,1,1000000,1000000,0,0,0,1000000,0,0,0,0,0,0,0,0.0,0.0,2.9957277863923437e-06,true,0.0,0.0,2.9957277863923437e-06,true,0.0,0.0,2.9957277863923437e-06,true,true,0,0.0,0.0,2.9957277863923437e-06,true,0,0,true,0,0,0,NA,0.170678,0,0,0,0,0,0,0,0,0,0,4003
E2,seed,native,LOG,double,libstdc++,2,1.5,1,1000000,1000000,0,0,0,1000000,0,0,0,0,0,0,0,0.0,0.0,2.9957277863923437e-06,true,0.0,0.0,2.9957277863923437e-06,true,0.0,0.0,2.9957277863923437e-06,true,true,0,0.0,0.0,2.9957277863923437e-06,true,0,0,true,0,0,0,NA,0.114244,0,0,0,0,0,0,0,0,0,0,4003
E2,seed,native,LOG,double,libc++,2,1.5,1,1000000,1000000,0,0,0,1000000,0,0,0,0,0,0,0,0.0,0.0,2.9957277863923437e-06,true,0.0,0.0,2.9957277863923437e-06,true,0.0,0.0,2.9957277863923437e-06,true,true,0,0.0,0.0,2.9957277863923437e-06,true,0,0,true,0,0,0,NA,0.171168,0,0,0,0,0,0,0,0,0,0,4004
E2,seed,native,LOG,double,libstdc++,2,1.5,1,1000000,1000000,0,0,0,1000000,0,0,0,0,0,0,0,0.0,0.0,2.9957277863923437e-06,true,0.0,0.0,2.9957277863923437e-06,true,0.0,0.0,2.9957277863923437e-06,true,true,0,0.0,0.0,2.9957277863923437e-06,true,0,0,true,0,0,0,NA,0.113333,0,0,0,0,0,0,0,0,0,0,4004
E2,seed,native,LOG,double,libc++,2,1.5,1,1000000,1000000,0,0,0,1000000,0,0,0,0,0,0,0,0.0,0.0,2.9957277863923437e-06,true,0.0,0.0,2.9957277863923437e-06,true,0.0,0.0,2.9957277863923437e-06,true,true,0,0.0,0.0,2.9957277863923437e-06,true,0,0,true,0,0,0,NA,0.171184,0,0,0,0,0,0,0,0,0,0,4005
E2,seed,native,LOG,double,libstdc++,2,1.5,1,1000000,1000000,0,0,0,1000000,0,0,0,0,0,0,0,0.0,0.0,2.9957277863923437e-06,true,0.0,0.0,2.9957277863923437e-06,true,0.0,0.0,2.9957277863923437e-06,true,true,0,0.0,0.0,2.9957277863923437e-06,true,0,0,true,0,0,0,NA,0.113977,0,0,0,0,0,0,0,0,0,0,4005
E2,seed,native,QF,double,libc++,2,1.5,1,1000000,1000000,0,0,0,1000000,0,0,0,0,0,0,0,0.0,0.0,2.9957277863923437e-06,true,0.0,0.0,2.9957277863923437e-06,true,0.0,0.0,2.9957277863923437e-06,true,true,0,0.0,0.0,2.9957277863923437e-06,true,0,0,true,0,0,0,NA,0.151456,0,0,0,0,0,0,0,0,0,0,4001
E2,seed,native,QF,double,libstdc++,2,1.5,1,1000000,1000000,0,0,0,1000000,0,0,0,0,0,0,0,0.0,0.0,2.9957277863923437e-06,true,0.0,0.0,2.9957277863923437e-06,true,0.0,0.0,2.9957277863923437e-06,true,true,0,0.0,0.0,2.9957277863923437e-06,true,0,0,true,0,0,0,NA,0.091903,0,0,0,0,0,0,0,0,0,0,4001
E2,seed,native,QF,double,libc++,2,1.5,1,1000000,1000000,0,0,0,1000000,0,0,0,0,0,0,0,0.0,0.0,2.9957277863923437e-06,true,0.0,0.0,2.9957277863923437e-06,true,0.0,0.0,2.9957277863923437e-06,true,true,0,0.0,0.0,2.9957277863923437e-06,true,0,0,true,0,0,0,NA,0.151271,0,0,0,0,0,0,0,0,0,0,4002
E2,seed,native,QF,double,libstdc++,2,1.5,1,1000000,1000000,0,0,0,1000000,0,0,0,0,0,0,0,0.0,0.0,2.9957277863923437e-06,true,0.0,0.0,2.9957277863923437e-06,true,0.0,0.0,2.9957277863923437e-06,true,true,0,0.0,0.0,2.9957277863923437e-06,true,0,0,true,0,0,0,NA,0.092555,0,0,0,0,0,0,0,0,0,0,4002
E2,seed,native,QF,double,libc++,2,1.5,1,1000000,1000000,0,0,0,1000000,0,0,0,0,0,0,0,0.0,0.0,2.9957277863923437e-06,true,0.0,0.0,2.9957277863923437e-06,true,0.0,0.0,2.9957277863923437e-06,true,true,0,0.0,0.0,2.9957277863923437e-06,true,0,0,true,0,0,0,NA,0.150906,0,0,0,0,0,0,0,0,0,0,4003
E2,seed,native,QF,double,libstdc++,2,1.5,1,1000000,1000000,0,0,0,1000000,0,0,0,0,0,0,0,0.0,0.0,2.9957277863923437e-06,true,0.0,0.0,2.9957277863923437e-06,true,0.0,0.0,2.9957277863923437e-06,true,true,0,0.0,0.0,2.9957277863923437e-06,true,0,0,true,0,0,0,NA,0.092095,0,0,0,0,0,0,0,0,0,0,4003
E2,seed,native,QF,double,libc++,2,1.5,1,1000000,1000000,0,0,0,1000000,0,0,0,0,0,0,0,0.0,0.0,2.9957277863923437e-06,true,0.0,0.0,2.9957277863923437e-06,true,0.0,0.0,2.9957277863923437e-06,true,true,0,0.0,0.0,2.9957277863923437e-06,true,0,0,true,0,0,0,NA,0.153214,0,0,0,0,0,0,0,0,0,0,4004
E2,seed,native,QF,double,libstdc++,2,1.5,1,1000000,1000000,0,0,0,1000000,0,0,0,0,0,0,0,0.0,0.0,2.9957277863923437e-06,true,0.0,0.0,2.9957277863923437e-06,true,0.0,0.0,2.9957277863923437e-06,true,true,0,0.0,0.0,2.9957277863923437e-06,true,0,0,true,0,0,0,NA,0.091915,0,0,0,0,0,0,0,0,0,0,4004
E2,seed,native,QF,double,libc++,2,1.5,1,1000000,1000000,0,0,0,1000000,0,0,0,0,0,0,0,0.0,0.0,2.9957277863923437e-06,true,0.0,0.0,2.9957277863923437e-06,true,0.0,0.0,2.9957277863923437e-06,true,true,0,0.0,0.0,2.9957277863923437e-06,true,0,0,true,0,0,0,NA,0.151057,0,0,0,0,0,0,0,0,0,0,4005
E2,seed,native,QF,double,libstdc++,2,1.5,1,1000000,1000000,0,0,0,1000000,0,0,0,0,0,0,0,0.0,0.0,2.9957277863923437e-06,true,0.0,0.0,2.9957277863923437e-06,true,0.0,0.0,2.9957277863923437e-06,true,true,0,0.0,0.0,2.9957277863923437e-06,true,0,0,true,0,0,0,NA,0.092157,0,0,0,0,0,0,0,0,0,0,4005
E2,seed,native,SPLIT,double,libc++,2,1.5,1,1000000,1000000,0,0,0,1000000,0,0,0,0,0,0,0,0.0,0.0,2.9957277863923437e-06,true,0.0,0.0,2.9957277863923437e-06,true,0.0,0.0,2.9957277863923437e-06,true,true,0,0.0,0.0,2.9957277863923437e-06,true,0,0,true,0,0,0,NA,0.15346,0,0,0,0,0,0,0,0,0,0,4001
E2,seed,native,SPLIT,double,libstdc++,2,1.5,1,1000000,1000000,0,0,0,1000000,0,0,0,0,0,0,0,0.0,0.0,2.9957277863923437e-06,true,0.0,0.0,2.9957277863923437e-06,true,0.0,0.0,2.9957277863923437e-06,true,true,0,0.0,0.0,2.9957277863923437e-06,true,0,0,true,0,0,0,NA,0.094807,0,0,0,0,0,0,0,0,0,0,4001
E2,seed,native,SPLIT,double,libc++,2,1.5,1,1000000,1000000,0,0,0,1000000,0,0,0,0,0,0,0,0.0,0.0,2.9957277863923437e-06,true,0.0,0.0,2.9957277863923437e-06,true,0.0,0.0,2.9957277863923437e-06,true,true,0,0.0,0.0,2.9957277863923437e-06,true,0,0,true,0,0,0,NA,0.150428,0,0,0,0,0,0,0,0,0,0,4002
E2,seed,native,SPLIT,double,libstdc++,2,1.5,1,1000000,1000000,0,0,0,1000000,0,0,0,0,0,0,0,0.0,0.0,2.9957277863923437e-06,true,0.0,0.0,2.9957277863923437e-06,true,0.0,0.0,2.9957277863923437e-06,true,true,0,0.0,0.0,2.9957277863923437e-06,true,0,0,true,0,0,0,NA,0.09182,0,0,0,0,0,0,0,0,0,0,4002
E2,seed,native,SPLIT,double,libc++,2,1.5,1,1000000,1000000,0,0,0,1000000,0,0,0,0,0,0,0,0.0,0.0,2.9957277863923437e-06,true,0.0,0.0,2.9957277863923437e-06,true,0.0,0.0,2.9957277863923437e-06,true,true,0,0.0,0.0,2.9957277863923437e-06,true,0,0,true,0,0,0,NA,0.150741,0,0,0,0,0,0,0,0,0,0,4003
E2,seed,native,SPLIT,double,libstdc++,2,1.5,1,1000000,1000000,0,0,0,1000000,0,0,0,0,0,0,0,0.0,0.0,2.9957277863923437e-06,true,0.0,0.0,2.9957277863923437e-06,true,0.0,0.0,2.9957277863923437e-06,true,true,0,0.0,0.0,2.9957277863923437e-06,true,0,0,true,0,0,0,NA,0.093207,0,0,0,0,0,0,0,0,0,0,4003
E2,seed,native,SPLIT,double,libc++,2,1.5,1,1000000,1000000,0,0,0,1000000,0,0,0,0,0,0,0,0.0,0.0,2.9957277863923437e-06,true,0.0,0.0,2.9957277863923437e-06,true,0.0,0.0,2.9957277863923437e-06,true,true,0,0.0,0.0,2.9957277863923437e-06,true,0,0,true,0,0,0,NA,0.151366,0,0,0,0,0,0,0,0,0,0,4004
E2,seed,native,SPLIT,double,libstdc++,2,1.5,1,1000000,1000000,0,0,0,1000000,0,0,0,0,0,0,0,0.0,0.0,2.9957277863923437e-06,true,0.0,0.0,2.9957277863923437e-06,true,0.0,0.0,2.9957277863923437e-06,true,true,0,0.0,0.0,2.9957277863923437e-06,true,0,0,true,0,0,0,NA,0.091891,0,0,0,0,0,0,0,0,0,0,4004
E2,seed,native,SPLIT,double,libc++,2,1.5,1,1000000,1000000,0,0,0,1000000,0,0,0,0,0,0,0,0.0,0.0,2.9957277863923437e-06,true,0.0,0.0,2.9957277863923437e-06,true,0.0,0.0,2.9957277863923437e-06,true,true,0,0.0,0.0,2.9957277863923437e-06,true,0,0,true,0,0,0,NA,0.152375,0,0,0,0,0,0,0,0,0,0,4005
E2,seed,native,SPLIT,double,libstdc++,2,1.5,1,1000000,1000000,0,0,0,1000000,0,0,0,0,0,0,0,0.0,0.0,2.9957277863923437e-06,true,0.0,0.0,2.9957277863923437e-06,true,0.0,0.0,2.9957277863923437e-06,true,true,0,0.0,0.0,2.9957277863923437e-06,true,0,0,true,0,0,0,NA,0.092887,0,0,0,0,0,0,0,0,0,0,4005
E2,seed,native,LOG,double,libc++,5,4.5,1,1000000,1000000,0,0,0,1000000,0,0,0,0,0,0,0,0.0,0.0,2.9957277863923437e-06,true,0.0,0.0,2.9957277863923437e-06,true,0.0,0.0,2.9957277863923437e-06,true,true,0,0.0,0.0,2.9957277863923437e-06,true,0,0,true,0,0,0,NA,0.162101,0,0,0,0,0,0,0,0,0,0,4001
E2,seed,native,LOG,double,libstdc++,5,4.5,1,1000000,1000000,0,0,0,1000000,0,0,0,0,0,0,0,0.0,0.0,2.9957277863923437e-06,true,0.0,0.0,2.9957277863923437e-06,true,0.0,0.0,2.9957277863923437e-06,true,true,0,0.0,0.0,2.9957277863923437e-06,true,0,0,true,0,0,0,NA,0.112077,0,0,0,0,0,0,0,0,0,0,4001
E2,seed,native,LOG,double,libc++,5,4.5,1,1000000,1000000,0,0,0,1000000,0,0,0,0,0,0,0,0.0,0.0,2.9957277863923437e-06,true,0.0,0.0,2.9957277863923437e-06,true,0.0,0.0,2.9957277863923437e-06,true,true,0,0.0,0.0,2.9957277863923437e-06,true,0,0,true,0,0,0,NA,0.162827,0,0,0,0,0,0,0,0,0,0,4002
E2,seed,native,LOG,double,libstdc++,5,4.5,1,1000000,1000000,0,0,0,1000000,0,0,0,0,0,0,0,0.0,0.0,2.9957277863923437e-06,true,0.0,0.0,2.9957277863923437e-06,true,0.0,0.0,2.9957277863923437e-06,true,true,0,0.0,0.0,2.9957277863923437e-06,true,0,0,true,0,0,0,NA,0.111844,0,0,0,0,0,0,0,0,0,0,4002
E2,seed,native,LOG,double,libc++,5,4.5,1,1000000,1000000,0,0,0,1000000,0,0,0,0,0,0,0,0.0,0.0,2.9957277863923437e-06,true,0.0,0.0,2.9957277863923437e-06,true,0.0,0.0,2.9957277863923437e-06,true,true,0,0.0,0.0,2.9957277863923437e-06,true,0,0,true,0,0,0,NA,0.161862,0,0,0,0,0,0,0,0,0,0,4003
E2,seed,native,LOG,double,libstdc++,5,4.5,1,1000000,1000000,0,0,0,1000000,0,0,0,0,0,0,0,0.0,0.0,2.9957277863923437e-06,true,0.0,0.0,2.9957277863923437e-06,true,0.0,0.0,2.9957277863923437e-06,true,true,0,0.0,0.0,2.9957277863923437e-06,true,0,0,true,0,0,0,NA,0.1128,0,0,0,0,0,0,0,0,0,0,4003
E2,seed,native,LOG,double,libc++,5,4.5,1,1000000,1000000,0,0,0,1000000,0,0,0,0,0,0,0,0.0,0.0,2.9957277863923437e-06,true,0.0,0.0,2.9957277863923437e-06,true,0.0,0.0,2.9957277863923437e-06,true,true,0,0.0,0.0,2.9957277863923437e-06,true,0,0,true,0,0,0,NA,0.161428,0,0,0,0,0,0,0,0,0,0,4004
E2,seed,native,LOG,double,libstdc++,5,4.5,1,1000000,1000000,0,0,0,1000000,0,0,0,0,0,0,0,0.0,0.0,2.9957277863923437e-06,true,0.0,0.0,2.9957277863923437e-06,true,0.0,0.0,2.9957277863923437e-06,true,true,0,0.0,0.0,2.9957277863923437e-06,true,0,0,true,0,0,0,NA,0.111879,0,0,0,0,0,0,0,0,0,0,4004
E2,seed,native,LOG,double,libc++,5,4.5,1,1000000,1000000,0,0,0,1000000,0,0,0,0,0,0,0,0.0,0.0,2.9957277863923437e-06,true,0.0,0.0,2.9957277863923437e-06,true,0.0,0.0,2.9957277863923437e-06,true,true,0,0.0,0.0,2.9957277863923437e-06,true,0,0,true,0,0,0,NA,0.16266,0,0,0,0,0,0,0,0,0,0,4005
E2,seed,native,LOG,double,libstdc++,5,4.5,1,1000000,1000000,0,0,0,1000000,0,0,0,0,0,0,0,0.0,0.0,2.9957277863923437e-06,true,0.0,0.0,2.9957277863923437e-06,true,0.0,0.0,2.9957277863923437e-06,true,true,0,0.0,0.0,2.9957277863923437e-06,true,0,0,true,0,0,0,NA,0.111737,0,0,0,0,0,0,0,0,0,0,4005
E2,seed,native,QF,double,libc++,5,4.5,1,1000000,1000000,0,0,0,1000000,0,0,0,0,0,0,0,0.0,0.0,2.9957277863923437e-06,true,0.0,0.0,2.9957277863923437e-06,true,0.0,0.0,2.9957277863923437e-06,true,true,0,0.0,0.0,2.9957277863923437e-06,true,0,0,true,0,0,0,NA,0.143531,0,0,0,0,0,0,0,0,0,0,4001
E2,seed,native,QF,double,libstdc++,5,4.5,1,1000000,1000000,0,0,0,1000000,0,0,0,0,0,0,0,0.0,0.0,2.9957277863923437e-06,true,0.0,0.0,2.9957277863923437e-06,true,0.0,0.0,2.9957277863923437e-06,true,true,0,0.0,0.0,2.9957277863923437e-06,true,0,0,true,0,0,0,NA,0.091056,0,0,0,0,0,0,0,0,0,0,4001
E2,seed,native,QF,double,libc++,5,4.5,1,1000000,1000000,0,0,0,1000000,0,0,0,0,0,0,0,0.0,0.0,2.9957277863923437e-06,true,0.0,0.0,2.9957277863923437e-06,true,0.0,0.0,2.9957277863923437e-06,true,true,0,0.0,0.0,2.9957277863923437e-06,true,0,0,true,0,0,0,NA,0.143081,0,0,0,0,0,0,0,0,0,0,4002
E2,seed,native,QF,double,libstdc++,5,4.5,1,1000000,1000000,0,0,0,1000000,0,0,0,0,0,0,0,0.0,0.0,2.9957277863923437e-06,true,0.0,0.0,2.9957277863923437e-06,true,0.0,0.0,2.9957277863923437e-06,true,true,0,0.0,0.0,2.9957277863923437e-06,true,0,0,true,0,0,0,NA,0.090912,0,0,0,0,0,0,0,0,0,0,4002
E2,seed,native,QF,double,libc++,5,4.5,1,1000000,1000000,0,0,0,1000000,0,0,0,0,0,0,0,0.0,0.0,2.9957277863923437e-06,true,0.0,0.0,2.9957277863923437e-06,true,0.0,0.0,2.9957277863923437e-06,true,true,0,0.0,0.0,2.9957277863923437e-06,true,0,0,true,0,0,0,NA,0.144402,0,0,0,0,0,0,0,0,0,0,4003
E2,seed,native,QF,double,libstdc++,5,4.5,1,1000000,1000000,0,0,0,1000000,0,0,0,0,0,0,0,0.0,0.0,2.9957277863923437e-06,true,0.0,0.0,2.9957277863923437e-06,true,0.0,0.0,2.9957277863923437e-06,true,true,0,0.0,0.0,2.9957277863923437e-06,true,0,0,true,0,0,0,NA,0.091272,0,0,0,0,0,0,0,0,0,0,4003
E2,seed,native,QF,double,libc++,5,4.5,1,1000000,1000000,0,0,0,1000000,0,0,0,0,0,0,0,0.0,0.0,2.9957277863923437e-06,true,0.0,0.0,2.9957277863923437e-06,true,0.0,0.0,2.9957277863923437e-06,true,true,0,0.0,0.0,2.9957277863923437e-06,true,0,0,true,0,0,0,NA,0.143165,0,0,0,0,0,0,0,0,0,0,4004
E2,seed,native,QF,double,libstdc++,5,4.5,1,1000000,1000000,0,0,0,1000000,0,0,0,0,0,0,0,0.0,0.0,2.9957277863923437e-06,true,0.0,0.0,2.9957277863923437e-06,true,0.0,0.0,2.9957277863923437e-06,true,true,0,0.0,0.0,2.9957277863923437e-06,true,0,0,true,0,0,0,NA,0.090846,0,0,0,0,0,0,0,0,0,0,4004
E2,seed,native,QF,double,libc++,5,4.5,1,1000000,1000000,0,0,0,1000000,0,0,0,0,0,0,0,0.0,0.0,2.9957277863923437e-06,true,0.0,0.0,2.9957277863923437e-06,true,0.0,0.0,2.9957277863923437e-06,true,true,0,0.0,0.0,2.9957277863923437e-06,true,0,0,true,0,0,0,NA,0.142421,0,0,0,0,0,0,0,0,0,0,4005
E2,seed,native,QF,double,libstdc++,5,4.5,1,1000000,1000000,0,0,0,1000000,0,0,0,0,0,0,0,0.0,0.0,2.9957277863923437e-06,true,0.0,0.0,2.9957277863923437e-06,true,0.0,0.0,2.9957277863923437e-06,true,true,0,0.0,0.0,2.9957277863923437e-06,true,0,0,true,0,0,0,NA,0.091894,0,0,0,0,0,0,0,0,0,0,4005
E2,seed,native,SPLIT,double,libc++,5,4.5,1,1000000,1000000,0,0,0,1000000,0,0,0,0,0,0,0,0.0,0.0,2.9957277863923437e-06,true,0.0,0.0,2.9957277863923437e-06,true,0.0,0.0,2.9957277863923437e-06,true,true,0,0.0,0.0,2.9957277863923437e-06,true,0,0,true,0,0,0,NA,0.142474,0,0,0,0,0,0,0,0,0,0,4001
E2,seed,native,SPLIT,double,libstdc++,5,4.5,1,1000000,1000000,0,0,0,1000000,0,0,0,0,0,0,0,0.0,0.0,2.9957277863923437e-06,true,0.0,0.0,2.9957277863923437e-06,true,0.0,0.0,2.9957277863923437e-06,true,true,0,0.0,0.0,2.9957277863923437e-06,true,0,0,true,0,0,0,NA,0.091239,0,0,0,0,0,0,0,0,0,0,4001
E2,seed,native,SPLIT,double,libc++,5,4.5,1,1000000,1000000,0,0,0,1000000,0,0,0,0,0,0,0,0.0,0.0,2.9957277863923437e-06,true,0.0,0.0,2.9957277863923437e-06,true,0.0,0.0,2.9957277863923437e-06,true,true,0,0.0,0.0,2.9957277863923437e-06,true,0,0,true,0,0,0,NA,0.142407,0,0,0,0,0,0,0,0,0,0,4002
E2,seed,native,SPLIT,double,libstdc++,5,4.5,1,1000000,1000000,0,0,0,1000000,0,0,0,0,0,0,0,0.0,0.0,2.9957277863923437e-06,true,0.0,0.0,2.9957277863923437e-06,true,0.0,0.0,2.9957277863923437e-06,true,true,0,0.0,0.0,2.9957277863923437e-06,true,0,0,true,0,0,0,NA,0.091985,0,0,0,0,0,0,0,0,0,0,4002
E2,seed,native,SPLIT,double,libc++,5,4.5,1,1000000,1000000,0,0,0,1000000,0,0,0,0,0,0,0,0.0,0.0,2.9957277863923437e-06,true,0.0,0.0,2.9957277863923437e-06,true,0.0,0.0,2.9957277863923437e-06,true,true,0,0.0,0.0,2.9957277863923437e-06,true,0,0,true,0,0,0,NA,0.143239,0,0,0,0,0,0,0,0,0,0,4003
E2,seed,native,SPLIT,double,libstdc++,5,4.5,1,1000000,1000000,0,0,0,1000000,0,0,0,0,0,0,0,0.0,0.0,2.9957277863923437e-06,true,0.0,0.0,2.9957277863923437e-06,true,0.0,0.0,2.9957277863923437e-06,true,true,0,0.0,0.0,2.9957277863923437e-06,true,0,0,true,0,0,0,NA,0.093139,0,0,0,0,0,0,0,0,0,0,4003
E2,seed,native,SPLIT,double,libc++,5,4.5,1,1000000,1000000,0,0,0,1000000,0,0,0,0,0,0,0,0.0,0.0,2.9957277863923437e-06,true,0.0,0.0,2.9957277863923437e-06,true,0.0,0.0,2.9957277863923437e-06,true,true,0,0.0,0.0,2.9957277863923437e-06,true,0,0,true,0,0,0,NA,0.142244,0,0,0,0,0,0,0,0,0,0,4004
E2,seed,native,SPLIT,double,libstdc++,5,4.5,1,1000000,1000000,0,0,0,1000000,0,0,0,0,0,0,0,0.0,0.0,2.9957277863923437e-06,true,0.0,0.0,2.9957277863923437e-06,true,0.0,0.0,2.9957277863923437e-06,true,true,0,0.0,0.0,2.9957277863923437e-06,true,0,0,true,0,0,0,NA,0.091204,0,0,0,0,0,0,0,0,0,0,4004
E2,seed,native,SPLIT,double,libc++,5,4.5,1,1000000,1000000,0,0,0,1000000,0,0,0,0,0,0,0,0.0,0.0,2.9957277863923437e-06,true,0.0,0.0,2.9957277863923437e-06,true,0.0,0.0,2.9957277863923437e-06,true,true,0,0.0,0.0,2.9957277863923437e-06,true,0,0,true,0,0,0,NA,0.143067,0,0,0,0,0,0,0,0,0,0,4005
E2,seed,native,SPLIT,double,libstdc++,5,4.5,1,1000000,1000000,0,0,0,1000000,0,0,0,0,0,0,0,0.0,0.0,2.9957277863923437e-06,true,0.0,0.0,2.9957277863923437e-06,true,0.0,0.0,2.9957277863923437e-06,true,true,0,0.0,0.0,2.9957277863923437e-06,true,0,0,true,0,0,0,NA,0.091786,0,0,0,0,0,0,0,0,0,0,4005
E2,seed,native,LOG,float,libc++,0.5001,0.00010001659393310547,1,1000000,17550,982450,0,982450,17550,0,0,0,0,982450,0,0,0.98245,0.9821907376123247,0.9827064624823931,false,0.0,0.0,2.9957277863923437e-06,true,0.98245,0.9821907376123247,0.9827064624823931,false,true,0,0.0,0.0,2.9957277863923437e-06,true,0,982450,false,989700,0,0,NA,0.0863286,0,0,0,0,0,0,0,0,0,0,4001
E2,seed,native,LOG,float,libstdc++,0.5001,0.00010001659393310547,1,1000000,17703,982297,0,982297,17703,0,0,0,0,982297,0,0,0.982297,0.9820366388182564,0.9825545621949515,false,0.0,0.0,2.9957277863923437e-06,true,0.982297,0.9820366388182564,0.9825545621949515,false,true,0,0.0,0.0,2.9957277863923437e-06,true,0,982297,false,989730,0,0,NA,0.052611,0,0,0,0,0,0,0,0,0,0,4001
E2,seed,native,LOG,float,libc++,0.5001,0.00010001659393310547,1,1000000,17621,982379,0,982379,17621,0,0,0,0,982379,0,0,0.982379,0.98211922708838,0.9826359734326174,false,0.0,0.0,2.9957277863923437e-06,true,0.982379,0.98211922708838,0.9826359734326174,false,true,0,0.0,0.0,2.9957277863923437e-06,true,0,982379,false,989687,0,0,NA,0.0859623,0,0,0,0,0,0,0,0,0,0,4002
E2,seed,native,LOG,float,libstdc++,0.5001,0.00010001659393310547,1,1000000,17534,982466,0,982466,17534,0,0,0,0,982466,0,0,0.982466,0.982206852810364,0.982722347188278,false,0.0,0.0,2.9957277863923437e-06,true,0.982466,0.982206852810364,0.982722347188278,false,true,0,0.0,0.0,2.9957277863923437e-06,true,0,982466,false,989787,0,0,NA,0.051384,0,0,0,0,0,0,0,0,0,0,4002
E2,seed,native,LOG,float,libc++,0.5001,0.00010001659393310547,1,1000000,17660,982340,0,982340,17660,0,0,0,0,982340,0,0,0.98234,0.982079947121593,0.9825972536335195,false,0.0,0.0,2.9957277863923437e-06,true,0.98234,0.982079947121593,0.9825972536335195,false,true,0,0.0,0.0,2.9957277863923437e-06,true,0,982340,false,989586,0,0,NA,0.0860873,0,0,0,0,0,0,0,0,0,0,4003
E2,seed,native,LOG,float,libstdc++,0.5001,0.00010001659393310547,1,1000000,17761,982239,0,982239,17761,0,0,0,0,982239,0,0,0.982239,0.9819782235927957,0.982496977768489,false,0.0,0.0,2.9957277863923437e-06,true,0.982239,0.9819782235927957,0.982496977768489,false,true,0,0.0,0.0,2.9957277863923437e-06,true,0,982239,false,989642,0,0,NA,0.052737,0,0,0,0,0,0,0,0,0,0,4003
E2,seed,native,LOG,float,libc++,0.5001,0.00010001659393310547,1,1000000,17610,982390,0,982390,17610,0,0,0,0,982390,0,0,0.98239,0.9821303061124846,0.9826468943424752,false,0.0,0.0,2.9957277863923437e-06,true,0.98239,0.9821303061124846,0.9826468943424752,false,true,0,0.0,0.0,2.9957277863923437e-06,true,0,982390,false,989774,0,0,NA,0.0857106,0,0,0,0,0,0,0,0,0,0,4004
E2,seed,native,LOG,float,libstdc++,0.5001,0.00010001659393310547,1,1000000,17463,982537,0,982537,17463,0,0,0,0,982537,0,0,0.982537,0.9822783646719759,0.9827928349002744,false,0.0,0.0,2.9957277863923437e-06,true,0.982537,0.9822783646719759,0.9827928349002744,false,true,0,0.0,0.0,2.9957277863923437e-06,true,0,982537,false,989847,0,0,NA,0.05225,0,0,0,0,0,0,0,0,0,0,4004
E2,seed,native,LOG,float,libc++,0.5001,0.00010001659393310547,1,1000000,17819,982181,0,982181,17819,0,0,0,0,982181,0,0,0.982181,0.9819198090826353,0.982439392626667,false,0.0,0.0,2.9957277863923437e-06,true,0.982181,0.9819198090826353,0.982439392626667,false,true,0,0.0,0.0,2.9957277863923437e-06,true,0,982181,false,989550,0,0,NA,0.0863931,0,0,0,0,0,0,0,0,0,0,4005
E2,seed,native,LOG,float,libstdc++,0.5001,0.00010001659393310547,1,1000000,17847,982153,0,982153,17847,0,0,0,0,982153,0,0,0.982153,0.9818916092292771,0.9824115926480128,false,0.0,0.0,2.9957277863923437e-06,true,0.982153,0.9818916092292771,0.9824115926480128,false,true,0,0.0,0.0,2.9957277863923437e-06,true,0,982153,false,989556,0,0,NA,0.051922,0,0,0,0,0,0,0,0,0,0,4005
E2,seed,native,QF,float,libc++,0.5001,0.00010001659393310547,1,1000000,8661,991339,991339,0,8661,989714,1625,0,0,0,0,0,0.991339,0.9911554581933434,0.9915196872629679,false,0.991339,0.9911554581933434,0.9915196872629679,false,0.0,0.0,2.9957277863923437e-06,true,true,0,0.0,0.0,2.9957277863923437e-06,true,0,0,true,989714,1742,0,NA,0.0725131,0,0,0,0,0,0,0,0,0,0,4001
E2,seed,native,QF,float,libstdc++,0.5001,0.00010001659393310547,1,1000000,8831,991169,991169,0,8831,989624,1545,0,0,0,0,0,0.991169,0.9909837008043744,0.9913514457388888,false,0.991169,0.9909837008043744,0.9913514457388888,false,0.0,0.0,2.9957277863923437e-06,true,true,0,0.0,0.0,2.9957277863923437e-06,true,0,0,true,989624,1673,0,NA,0.049378,0,0,0,0,0,0,0,0,0,0,4001
E2,seed,native,QF,float,libc++,0.5001,0.00010001659393310547,1,1000000,8761,991239,991239,0,8761,989693,1546,0,0,0,0,0,0.991239,0.9910544223126302,0.9914207237834238,false,0.991239,0.9910544223126302,0.9914207237834238,false,0.0,0.0,2.9957277863923437e-06,true,true,0,0.0,0.0,2.9957277863923437e-06,true,0,0,true,989693,1679,0,NA,0.0724452,0,0,0,0,0,0,0,0,0,0,4002
E2,seed,native,QF,float,libstdc++,0.5001,0.00010001659393310547,1,1000000,8762,991238,991238,0,8762,989712,1526,0,0,0,0,0,0.991238,0.9910534119845671,0.9914197341178791,false,0.991238,0.9910534119845671,0.9914197341178791,false,0.0,0.0,2.9957277863923437e-06,true,true,0,0.0,0.0,2.9957277863923437e-06,true,0,0,true,989712,1647,0,NA,0.048939,0,0,0,0,0,0,0,0,0,0,4002
E2,seed,native,QF,float,libc++,0.5001,0.00010001659393310547,1,1000000,8853,991147,991147,0,8853,989553,1594,0,0,0,0,0,0.991147,0.9909614746517172,0.9913296720319955,false,0.991147,0.9909614746517172,0.9913296720319955,false,0.0,0.0,2.9957277863923437e-06,true,true,0,0.0,0.0,2.9957277863923437e-06,true,0,0,true,989553,1707,0,NA,0.0727673,0,0,0,0,0,0,0,0,0,0,4003
E2,seed,native,QF,float,libstdc++,0.5001,0.00010001659393310547,1,1000000,8760,991240,991240,0,8760,989710,1530,0,0,0,0,0,0.99124,0.9910554326412985,0.9914217134483632,false,0.99124,0.9910554326412985,0.9914217134483632,false,0.0,0.0,2.9957277863923437e-06,true,true,0,0.0,0.0,2.9957277863923437e-06,true,0,0,true,989710,1673,0,NA,0.049132,0,0,0,0,0,0,0,0,0,0,4003
E2,seed,native,QF,float,libc++,0.5001,0.00010001659393310547,1,1000000,8783,991217,991217,0,8783,989766,1451,0,0,0,0,0,0.991217,0.9910321952349059,0.991398951001753,false,0.991217,0.9910321952349059,0.991398951001753,false,0.0,0.0,2.9957277863923437e-06,true,true,0,0.0,0.0,2.9957277863923437e-06,true,0,0,true,989766,1599,0,NA,0.0730117,0,0,0,0,0,0,0,0,0,0,4004
E2,seed,native,QF,float,libstdc++,0.5001,0.00010001659393310547,1,1000000,8802,991198,991198,0,8802,989759,1439,0,0,0,0,0,0.991198,0.9910129993572845,0.9913801470007665,false,0.991198,0.9910129993572845,0.9913801470007665,false,0.0,0.0,2.9957277863923437e-06,true,true,0,0.0,0.0,2.9957277863923437e-06,true,0,0,true,989759,1593,0,NA,0.049202,0,0,0,0,0,0,0,0,0,0,4004
E2,seed,native,QF,float,libc++,0.5001,0.00010001659393310547,1,1000000,8815,991185,991185,0,8815,989557,1628,0,0,0,0,0,0.991185,0.9909998654608447,0.991367280980243,false,0.991185,0.9909998654608447,0.991367280980243,false,0.0,0.0,2.9957277863923437e-06,true,true,0,0.0,0.0,2.9957277863923437e-06,true,0,0,true,989557,1765,0,NA,0.0730914,0,0,0,0,0,0,0,0,0,0,4005
E2,seed,native,QF,float,libstdc++,0.5001,0.00010001659393310547,1,1000000,8872,991128,991128,0,8872,989548,1580,0,0,0,0,0,0.991128,0.9909422795702606,0.9913108672347105,false,0.991128,0.9909422795702606,0.9913108672347105,false,0.0,0.0,2.9957277863923437e-06,true,true,0,0.0,0.0,2.9957277863923437e-06,true,0,0,true,989548,1703,0,NA,0.048902,0,0,0,0,0,0,0,0,0,0,4005
E2,seed,native,SPLIT,float,libc++,0.5001,0.00010001659393310547,1,1000000,10286,989714,989714,0,10286,989714,0,0,0,0,0,0,0.989714,0.9895143206633502,0.9899108350768597,false,0.989714,0.9895143206633502,0.9899108350768597,false,0.0,0.0,2.9957277863923437e-06,true,true,0,0.0,0.0,2.9957277863923437e-06,true,0,0,true,989714,1742,0,NA,0.0727885,0,0,0,0,0,0,0,0,0,0,4001
E2,seed,native,SPLIT,float,libstdc++,0.5001,0.00010001659393310547,1,1000000,10376,989624,989624,0,10376,989624,0,0,0,0,0,0,0.989624,0.9894234667238028,0.9898216895799213,false,0.989624,0.9894234667238028,0.9898216895799213,false,0.0,0.0,2.9957277863923437e-06,true,true,0,0.0,0.0,2.9957277863923437e-06,true,0,0,true,989624,1673,0,NA,0.049152,0,0,0,0,0,0,0,0,0,0,4001
E2,seed,native,SPLIT,float,libc++,0.5001,0.00010001659393310547,1,1000000,10307,989693,989693,0,10307,989693,0,0,0,0,0,0,0.989693,0.9894931210670508,0.9898900348046952,false,0.989693,0.9894931210670508,0.9898900348046952,false,0.0,0.0,2.9957277863923437e-06,true,true,0,0.0,0.0,2.9957277863923437e-06,true,0,0,true,989693,1679,0,NA,0.0725255,0,0,0,0,0,0,0,0,0,0,4002
E2,seed,native,SPLIT,float,libstdc++,0.5001,0.00010001659393310547,1,1000000,10288,989712,989712,0,10288,989712,0,0,0,0,0,0,0.989712,0.9895123016451262,0.9899088541076123,false,0.989712,0.9895123016451262,0.9899088541076123,false,0.0,0.0,2.9957277863923437e-06,true,true,0,0.0,0.0,2.9957277863923437e-06,true,0,0,true,989712,1647,0,NA,0.048936,0,0,0,0,0,0,0,0,0,0,4002
E2,seed,native,SPLIT,float,libc++,0.5001,0.00010001659393310547,1,1000000,10447,989553,989553,0,10447,989553,0,0,0,0,0,0,0.989553,0.9893517957540366,0.9897513609938532,false,0.989553,0.9893517957540366,0.9897513609938532,false,0.0,0.0,2.9957277863923437e-06,true,true,0,0.0,0.0,2.9957277863923437e-06,true,0,0,true,989553,1707,0,NA,0.0730813,0,0,0,0,0,0,0,0,0,0,4003
E2,seed,native,SPLIT,float,libstdc++,0.5001,0.00010001659393310547,1,1000000,10290,989710,989710,0,10290,989710,0,0,0,0,0,0,0.98971,0.9895102826288095,0.9899068731364572,false,0.98971,0.9895102826288095,0.9899068731364572,false,0.0,0.0,2.9957277863923437e-06,true,true,0,0.0,0.0,2.9957277863923437e-06,true,0,0,true,989710,1673,0,NA,0.048726,0,0,0,0,0,0,0,0,0,0,4003
E2,seed,native,SPLIT,float,libc++,0.5001,0.00010001659393310547,1,1000000,10234,989766,989766,0,10234,989766,0,0,0,0,0,0,0.989766,0.9895668158084724,0.9899623396058991,false,0.989766,0.9895668158084724,0.9899623396058991,false,0.0,0.0,2.9957277863923437e-06,true,true,0,0.0,0.0,2.9957277863923437e-06,true,0,0,true,989766,1599,0,NA,0.0722831,0,0,0,0,0,0,0,0,0,0,4004
E2,seed,native,SPLIT,float,libstdc++,0.5001,0.00010001659393310547,1,1000000,10241,989759,989759,0,10241,989759,0,0,0,0,0,0,0.989759,0.9895597490788447,0.9899554063794006,false,0.989759,0.9895597490788447,0.9899554063794006,false,0.0,0.0,2.9957277863923437e-06,true,true,0,0.0,0.0,2.9957277863923437e-06,true,0,0,true,989759,1593,0,NA,0.049077,0,0,0,0,0,0,0,0,0,0,4004
E2,seed,native,SPLIT,float,libc++,0.5001,0.00010001659393310547,1,1000000,10443,989557,989557,0,10443,989557,0,0,0,0,0,0,0.989557,0.9893558334924685,0.9897553232304068,false,0.989557,0.9893558334924685,0.9897553232304068,false,0.0,0.0,2.9957277863923437e-06,true,true,0,0.0,0.0,2.9957277863923437e-06,true,0,0,true,989557,1765,0,NA,0.0727965,0,0,0,0,0,0,0,0,0,0,4005
E2,seed,native,SPLIT,float,libstdc++,0.5001,0.00010001659393310547,1,1000000,10452,989548,989548,0,10452,989548,0,0,0,0,0,0,0.989548,0.9893467485914841,0.9897464081876725,false,0.989548,0.9893467485914841,0.9897464081876725,false,0.0,0.0,2.9957277863923437e-06,true,true,0,0.0,0.0,2.9957277863923437e-06,true,0,0,true,989548,1703,0,NA,0.048899,0,0,0,0,0,0,0,0,0,0,4005
E2,seed,native,LOG,float,libc++,0.501,0.0009999871253967285,1,1000000,163060,836940,0,836940,163060,0,0,0,0,836940,0,0,0.83694,0.8362144736963658,0.837663574104613,false,0.0,0.0,2.9957277863923437e-06,true,0.83694,0.8362144736963658,0.837663574104613,false,true,0,0.0,0.0,2.9957277863923437e-06,true,0,836940,false,901470,0,0,NA,0.0923494,0,0,0,0,0,0,0,0,0,0,4001
E2,seed,native,LOG,float,libstdc++,0.501,0.0009999871253967285,1,1000000,162925,837075,0,837075,162925,0,0,0,0,837075,0,0,0.837075,0.8363497147240764,0.8377983322941216,false,0.0,0.0,2.9957277863923437e-06,true,0.837075,0.8363497147240764,0.8377983322941216,false,true,0,0.0,0.0,2.9957277863923437e-06,true,0,837075,false,902193,0,0,NA,0.057168,0,0,0,0,0,0,0,0,0,0,4001
E2,seed,native,LOG,float,libc++,0.501,0.0009999871253967285,1,1000000,162978,837022,0,837022,162978,0,0,0,0,837022,0,0,0.837022,0.8362966200772561,0.8377454272482583,false,0.0,0.0,2.9957277863923437e-06,true,0.837022,0.8362966200772561,0.8377454272482583,false,true,0,0.0,0.0,2.9957277863923437e-06,true,0,837022,false,901844,0,0,NA,0.0919274,0,0,0,0,0,0,0,0,0,0,4002
E2,seed,native,LOG,float,libstdc++,0.501,0.0009999871253967285,1,1000000,162894,837106,0,837106,162894,0,0,0,0,837106,0,0,0.837106,0.836380770096212,0.837829276742244,false,0.0,0.0,2.9957277863923437e-06,true,0.837106,0.836380770096212,0.837829276742244,false,true,0,0.0,0.0,2.9957277863923437e-06,true,0,837106,false,901789,0,0,NA,0.057996,0,0,0,0,0,0,0,0,0,0,4002
E2,seed,native,LOG,float,libc++,0.501,0.0009999871253967285,1,1000000,162657,837343,0,837343,162657,0,0,0,0,837343,0,0,0.837343,0.8366181937342743,0.8380658517299749,false,0.0,0.0,2.9957277863923437e-06,true,0.837343,0.8366181937342743,0.8380658517299749,false,true,0,0.0,0.0,2.9957277863923437e-06,true,0,837343,false,902252,0,0,NA,0.0917175,0,0,0,0,0,0,0,0,0,0,4003
E2,seed,native,LOG,float,libstdc++,0.501,0.0009999871253967285,1,1000000,163070,836930,0,836930,163070,0,0,0,0,836930,0,0,0.83693,0.8362044558495099,0.8376535920094478,false,0.0,0.0,2.9957277863923437e-06,true,0.83693,0.8362044558495099,0.8376535920094478,false,true,0,0.0,0.0,2.9957277863923437e-06,true,0,836930,false,901572,0,0,NA,0.056598,0,0,0,0,0,0,0,0,0,0,4003
E2,seed,native,LOG,float,libc++,0.501,0.0009999871253967285,1,1000000,162934,837066,0,837066,162934,0,0,0,0,837066,0,0,0.837066,0.8363406986500512,0.8377893484203411,false,0.0,0.0,2.9957277863923437e-06,true,0.837066,0.8363406986500512,0.8377893484203411,false,true,0,0.0,0.0,2.9957277863923437e-06,true,0,837066,false,901907,0,0,NA,0.0918183,0,0,0,0,0,0,0,0,0,0,4004
E2,seed,native,LOG,float,libstdc++,0.501,0.0009999871253967285,1,1000000,162999,837001,0,837001,162999,0,0,0,0,837001,0,0,0.837001,0.836275582583239,0.8377244648640432,false,0.0,0.0,2.9957277863923437e-06,true,0.837001,0.836275582583239,0.8377244648640432,false,true,0,0.0,0.0,2.9957277863923437e-06,true,0,837001,false,901860,0,0,NA,0.056734,0,0,0,0,0,0,0,0,0,0,4004
E2,seed,native,LOG,float,libc++,0.501,0.0009999871253967285,1,1000000,163579,836421,0,836421,163579,0,0,0,0,836421,0,0,0.836421,0.8356945487265879,0.8371455020837071,false,0.0,0.0,2.9957277863923437e-06,true,0.836421,0.8356945487265879,0.8371455020837071,false,true,0,0.0,0.0,2.9957277863923437e-06,true,0,836421,false,901472,0,0,NA,0.0918691,0,0,0,0,0,0,0,0,0,0,4005
E2,seed,native,LOG,float,libstdc++,0.501,0.0009999871253967285,1,1000000,162957,837043,0,837043,162957,0,0,0,0,837043,0,0,0.837043,0.83631765757556,0.8377663896281934,false,0.0,0.0,2.9957277863923437e-06,true,0.837043,0.83631765757556,0.8377663896281934,false,true,0,0.0,0.0,2.9957277863923437e-06,true,0,837043,false,901543,0,0,NA,0.05688,0,0,0,0,0,0,0,0,0,0,4005
E2,seed,native,QF,float,libc++,0.501,0.0009999871253967285,1,1000000,84569,915431,915431,0,84569,901452,13979,0,0,0,0,0,0.915431,0.9148839571041714,0.915975635205596,false,0.915431,0.9148839571041714,0.915975635205596,false,0.0,0.0,2.9957277863923437e-06,true,true,0,0.0,0.0,2.9957277863923437e-06,true,0,0,true,901452,15228,0,NA,0.0751893,0,0,0,0,0,0,0,0,0,0,4001
E2,seed,native,QF,float,libstdc++,0.501,0.0009999871253967285,1,1000000,84315,915685,915685,0,84315,901688,13997,0,0,0,0,0,0.915685,0.915138700394839,0.9162288904388386,false,0.915685,0.915138700394839,0.9162288904388386,false,0.0,0.0,2.9957277863923437e-06,true,true,0,0.0,0.0,2.9957277863923437e-06,true,0,0,true,901688,15302,0,NA,0.0518,0,0,0,0,0,0,0,0,0,0,4001
E2,seed,native,QF,float,libc++,0.501,0.0009999871253967285,1,1000000,84429,915571,915571,0,84429,901817,13754,0,0,0,0,0,0.915571,0.9150243666100348,0.9161152248861446,false,0.915571,0.9150243666100348,0.9161152248861446,false,0.0,0.0,2.9957277863923437e-06,true,true,0,0.0,0.0,2.9957277863923437e-06,true,0,0,true,901817,14979,0,NA,0.0755783,0,0,0,0,0,0,0,0,0,0,4002
E2,seed,native,QF,float,libstdc++,0.501,0.0009999871253967285,1,1000000,84145,915855,915855,0,84145,902283,13572,0,0,0,0,0,0.915855,0.9153091986956468,0.9163983911500855,false,0.915855,0.9153091986956468,0.9163983911500855,false,0.0,0.0,2.9957277863923437e-06,true,true,0,0.0,0.0,2.9957277863923437e-06,true,0,0,true,902283,14821,0,NA,0.05182,0,0,0,0,0,0,0,0,0,0,4002
E2,seed,native,QF,float,libc++,0.501,0.0009999871253967285,1,1000000,84151,915849,915849,0,84151,902146,13703,0,0,0,0,0,0.915849,0.9153031810973005,0.9163924087832979,false,0.915849,0.9153031810973005,0.9163924087832979,false,0.0,0.0,2.9957277863923437e-06,true,true,0,0.0,0.0,2.9957277863923437e-06,true,0,0,true,902146,14996,0,NA,0.0749691,0,0,0,0,0,0,0,0,0,0,4003
E2,seed,native,QF,float,libstdc++,0.501,0.0009999871253967285,1,1000000,84564,915436,915436,0,84564,901665,13771,0,0,0,0,0,0.915436,0.9148889717216975,0.9159806205590153,false,0.915436,0.9148889717216975,0.9159806205590153,false,0.0,0.0,2.9957277863923437e-06,true,true,0,0.0,0.0,2.9957277863923437e-06,true,0,0,true,901665,14931,0,NA,0.052016,0,0,0,0,0,0,0,0,0,0,4003
E2,seed,native,QF,float,libc++,0.501,0.0009999871253967285,1,1000000,84003,915997,915997,0,84003,901969,14028,0,0,0,0,0,0.915997,0.9154516154306589,0.9165399735898369,false,0.915997,0.9154516154306589,0.9165399735898369,false,0.0,0.0,2.9957277863923437e-06,true,true,0,0.0,0.0,2.9957277863923437e-06,true,0,0,true,901969,15311,0,NA,0.0755127,0,0,0,0,0,0,0,0,0,0,4004
E2,seed,native,QF,float,libstdc++,0.501,0.0009999871253967285,1,1000000,83831,916169,916169,0,83831,902332,13837,0,0,0,0,0,0.916169,0.9156241208282863,0.916711467192619,false,0.916169,0.9156241208282863,0.916711467192619,false,0.0,0.0,2.9957277863923437e-06,true,true,0,0.0,0.0,2.9957277863923437e-06,true,0,0,true,902332,15112,0,NA,0.052084,0,0,0,0,0,0,0,0,0,0,4004
E2,seed,native,QF,float,libc++,0.501,0.0009999871253967285,1,1000000,84666,915334,915334,0,84666,901468,13866,0,0,0,0,0,0.915334,0.9147866736366361,0.9158789192368303,false,0.915334,0.9147866736366361,0.9158789192368303,false,0.0,0.0,2.9957277863923437e-06,true,true,0,0.0,0.0,2.9957277863923437e-06,true,0,0,true,901468,15048,0,NA,0.0762887,0,0,0,0,0,0,0,0,0,0,4005
E2,seed,native,QF,float,libstdc++,0.501,0.0009999871253967285,1,1000000,85001,914999,914999,0,85001,901042,13957,0,0,0,0,0,0.914999,0.9144506962921433,0.9155448985280867,false,0.914999,0.9144506962921433,0.9155448985280867,false,0.0,0.0,2.9957277863923437e-06,true,true,0,0.0,0.0,2.9957277863923437e-06,true,0,0,true,901042,15183,0,NA,0.052296,0,0,0,0,0,0,0,0,0,0,4005
E2,seed,native,SPLIT,float,libc++,0.501,0.0009999871253967285,1,1000000,98548,901452,901452,0,98548,901452,0,0,0,0,0,0,0.901452,0.900866161328147,0.9020355121867496,false,0.901452,0.900866161328147,0.9020355121867496,false,0.0,0.0,2.9957277863923437e-06,true,true,0,0.0,0.0,2.9957277863923437e-06,true,0,0,true,901452,15228,0,NA,0.075155,0,0,0,0,0,0,0,0,0,0,4001
E2,seed,native,SPLIT,float,libstdc++,0.501,0.0009999871253967285,1,1000000,98312,901688,901688,0,98312,901688,0,0,0,0,0,0,0.901688,0.9011027841715094,0.9022708879729062,false,0.901688,0.9011027841715094,0.9022708879729062,false,0.0,0.0,2.9957277863923437e-06,true,true,0,0.0,0.0,2.9957277863923437e-06,true,0,0,true,901688,15302,0,NA,0.051605,0,0,0,0,0,0,0,0,0,0,4001
E2,seed,native,SPLIT,float,libc++,0.501,0.0009999871253967285,1,1000000,98183,901817,901817,0,98183,901817,0,0,0,0,0,0,0.901817,0.9012321250608715,0.9023995463344161,false,0.901817,0.9012321250608715,0.9023995463344161,false,0.0,0.0,2.9957277863923437e-06,true,true,0,0.0,0.0,2.9957277863923437e-06,true,0,0,true,901817,14979,0,NA,0.0755855,0,0,0,0,0,0,0,0,0,0,4002
E2,seed,native,SPLIT,float,libstdc++,0.501,0.0009999871253967285,1,1000000,97717,902283,902283,0,97717,902283,0,0,0,0,0,0,0.902283,0.9016993590728644,0.9028643096162488,false,0.902283,0.9016993590728644,0.9028643096162488,false,0.0,0.0,2.9957277863923437e-06,true,true,0,0.0,0.0,2.9957277863923437e-06,true,0,0,true,902283,14821,0,NA,0.051948,0,0,0,0,0,0,0,0,0,0,4002
E2,seed,native,SPLIT,float,libc++,0.501,0.0009999871253967285,1,1000000,97854,902146,902146,0,97854,902146,0,0,0,0,0,0,0.902146,0.9015619958632943,0.9027276736214169,false,0.902146,0.9015619958632943,0.9027276736214169,false,0.0,0.0,2.9957277863923437e-06,true,true,0,0.0,0.0,2.9957277863923437e-06,true,0,0,true,902146,14996,0,NA,0.0755126,0,0,0,0,0,0,0,0,0,0,4003
E2,seed,native,SPLIT,float,libstdc++,0.501,0.0009999871253967285,1,1000000,98335,901665,901665,0,98335,901665,0,0,0,0,0,0,0.901665,0.901079723425251,0.9022479488527274,false,0.901665,0.901079723425251,0.9022479488527274,false,0.0,0.0,2.9957277863923437e-06,true,true,0,0.0,0.0,2.9957277863923437e-06,true,0,0,true,901665,14931,0,NA,0.051722,0,0,0,0,0,0,0,0,0,0,4003
E2,seed,native,SPLIT,float,libc++,0.501,0.0009999871253967285,1,1000000,98031,901969,901969,0,98031,901969,0,0,0,0,0,0,0.901969,0.9013845271261668,0.9025511433864278,false,0.901969,0.9013845271261668,0.9025511433864278,false,0.0,0.0,2.9957277863923437e-06,true,true,0,0.0,0.0,2.9957277863923437e-06,true,0,0,true,901969,15311,0,NA,0.0754493,0,0,0,0,0,0,0,0,0,0,4004
E2,seed,native,SPLIT,float,libstdc++,0.501,0.0009999871253967285,1,1000000,97668,902332,902332,0,97668,902332,0,0,0,0,0,0,0.902332,0.90174848906519,0.902913179339364,false,0.902332,0.90174848906519,0.902913179339364,false,0.0,0.0,2.9957277863923437e-06,true,true,0,0.0,0.0,2.9957277863923437e-06,true,0,0,true,902332,15112,0,NA,0.051724,0,0,0,0,0,0,0,0,0,0,4004
E2,seed,native,SPLIT,float,libc++,0.501,0.0009999871253967285,1,1000000,98532,901468,901468,0,98532,901468,0,0,0,0,0,0,0.901468,0.9008822035222087,0.9020514698997744,false,0.901468,0.9008822035222087,0.9020514698997744,false,0.0,0.0,2.9957277863923437e-06,true,true,0,0.0,0.0,2.9957277863923437e-06,true,0,0,true,901468,15048,0,NA,0.0753354,0,0,0,0,0,0,0,0,0,0,4005
E2,seed,native,SPLIT,float,libstdc++,0.501,0.0009999871253967285,1,1000000,98958,901042,901042,0,98958,901042,0,0,0,0,0,0,0.901042,0.9004550817185061,0.9016265941772764,false,0.901042,0.9004550817185061,0.9016265941772764,false,0.0,0.0,2.9957277863923437e-06,true,true,0,0.0,0.0,2.9957277863923437e-06,true,0,0,true,901042,15183,0,NA,0.052195,0,0,0,0,0,0,0,0,0,0,4005
E2,seed,native,LOG,float,libc++,0.505,0.004999995231628418,1,1000000,588691,411309,0,411309,588691,0,0,0,0,411309,0,0,0.411309,0.4103443165110573,0.4122741972391395,false,0.0,0.0,2.9957277863923437e-06,true,0.411309,0.4103443165110573,0.4122741972391395,false,true,0,0.0,0.0,2.9957277863923437e-06,true,0,411309,false,596751,0,0,NA,0.10954,0,0,0,0,0,0,0,0,0,0,4001
E2,seed,native,LOG,float,libstdc++,0.505,0.004999995231628418,1,1000000,588433,411567,0,411567,588433,0,0,0,0,411567,0,0,0.411567,0.4106022247586804,0.41253228749699905,false,0.0,0.0,2.9957277863923437e-06,true,0.411567,0.4106022247586804,0.41253228749699905,false,true,0,0.0,0.0,2.9957277863923437e-06,true,0,411567,false,597361,0,0,NA,0.072394,0,0,0,0,0,0,0,0,0,0,4001
E2,seed,native,LOG,float,libc++,0.505,0.004999995231628418,1,1000000,589573,410427,0,410427,589573,0,0,0,0,410427,0,0,0.410427,0.4094626322441493,0.41139188661522014,false,0.0,0.0,2.9957277863923437e-06,true,0.410427,0.4094626322441493,0.41139188661522014,false,true,0,0.0,0.0,2.9957277863923437e-06,true,0,410427,false,596480,0,0,NA,0.109923,0,0,0,0,0,0,0,0,0,0,4002
E2,seed,native,LOG,float,libstdc++,0.505,0.004999995231628418,1,1000000,589063,410937,0,410937,589063,0,0,0,0,410937,0,0,0.410937,0.40997244928710797,0.4119020666179756,false,0.0,0.0,2.9957277863923437e-06,true,0.410937,0.40997244928710797,0.4119020666179756,false,true,0,0.0,0.0,2.9957277863923437e-06,true,0,410937,false,596308,0,0,NA,0.071488,0,0,0,0,0,0,0,0,0,0,4002
E2,seed,native,LOG,float,libc++,0.505,0.004999995231628418,1,1000000,588981,411019,0,411019,588981,0,0,0,0,411019,0,0,0.411019,0.4100544199703544,0.4119840954597244,false,0.0,0.0,2.9957277863923437e-06,true,0.411019,0.4100544199703544,0.4119840954597244,false,true,0,0.0,0.0,2.9957277863923437e-06,true,0,411019,false,596552,0,0,NA,0.109376,0,0,0,0,0,0,0,0,0,0,4003
E2,seed,native,LOG,float,libstdc++,0.505,0.004999995231628418,1,1000000,589386,410614,0,410614,589386,0,0,0,0,410614,0,0,0.410614,0.4096495650356133,0.411578952740517,false,0.0,0.0,2.9957277863923437e-06,true,0.410614,0.4096495650356133,0.411578952740517,false,true,0,0.0,0.0,2.9957277863923437e-06,true,0,410614,false,596290,0,0,NA,0.072393,0,0,0,0,0,0,0,0,0,0,4003
E2,seed,native,LOG,float,libc++,0.505,0.004999995231628418,1,1000000,589930,410070,0,410070,589930,0,0,0,0,410070,0,0,0.41007,0.409105760951114,0.41103475997626454,false,0.0,0.0,2.9957277863923437e-06,true,0.41007,0.409105760951114,0.41103475997626454,false,true,0,0.0,0.0,2.9957277863923437e-06,true,0,410070,false,596171,0,0,NA,0.109642,0,0,0,0,0,0,0,0,0,0,4004
E2,seed,native,LOG,float,libstdc++,0.505,0.004999995231628418,1,1000000,588678,411322,0,411322,588678,0,0,0,0,411322,0,0,0.411322,0.4103573118813296,0.41228720179356615,false,0.0,0.0,2.9957277863923437e-06,true,0.411322,0.4103573118813296,0.41228720179356615,false,true,0,0.0,0.0,2.9957277863923437e-06,true,0,411322,false,596555,0,0,NA,0.073088,0,0,0,0,0,0,0,0,0,0,4004
E2,seed,native,LOG,float,libc++,0.505,0.004999995231628418,1,1000000,589794,410206,0,410206,589794,0,0,0,0,410206,0,0,0.410206,0.4092417118580117,0.41117080828155583,false,0.0,0.0,2.9957277863923437e-06,true,0.410206,0.4092417118580117,0.41117080828155583,false,true,0,0.0,0.0,2.9957277863923437e-06,true,0,410206,false,595942,0,0,NA,0.110165,0,0,0,0,0,0,0,0,0,0,4005
E2,seed,native,LOG,float,libstdc++,0.505,0.004999995231628418,1,1000000,589559,410441,0,410441,589559,0,0,0,0,410441,0,0,0.410441,0.40947662720751227,0.4114058915707657,false,0.0,0.0,2.9957277863923437e-06,true,0.410441,0.40947662720751227,0.4114058915707657,false,true,0,0.0,0.0,2.9957277863923437e-06,true,0,410441,false,596244,0,0,NA,0.071819,0,0,0,0,0,0,0,0,0,0,4005
E2,seed,native,QF,float,libc++,0.505,0.004999995231628418,1,1000000,356225,643775,643775,0,356225,596677,47098,0,0,0,0,0,0.643775,0.6428354915922995,0.644713675562967,false,0.643775,0.6428354915922995,0.644713675562967,false,0.0,0.0,2.9957277863923437e-06,true,true,0,0.0,0.0,2.9957277863923437e-06,true,0,0,true,596677,51501,0,NA,0.089887,0,0,0,0,0,0,0,0,0,0,4001
E2,seed,native,QF,float,libstdc++,0.505,0.004999995231628418,1,1000000,356241,643759,643759,0,356241,596755,47004,0,0,0,0,0,0.643759,0.6428194822241989,0.6446976850237505,false,0.643759,0.6428194822241989,0.6446976850237505,false,0.0,0.0,2.9957277863923437e-06,true,true,0,0.0,0.0,2.9957277863923437e-06,true,0,0,true,596755,51333,0,NA,0.062726,0,0,0,0,0,0,0,0,0,0,4001
E2,seed,native,QF,float,libc++,0.505,0.004999995231628418,1,1000000,355968,644032,644032,0,355968,596554,47478,0,0,0,0,0,0.644032,0.643092642223966,0.6449705234424836,false,0.644032,0.643092642223966,0.6449705234424836,false,0.0,0.0,2.9957277863923437e-06,true,true,0,0.0,0.0,2.9957277863923437e-06,true,0,0,true,596554,51811,0,NA,0.0871138,0,0,0,0,0,0,0,0,0,0,4002
E2,seed,native,QF,float,libstdc++,0.505,0.004999995231628418,1,1000000,355819,644181,644181,0,355819,597404,46777,0,0,0,0,0,0.644181,0.6432417296901675,0.645119435113117,false,0.644181,0.6432417296901675,0.645119435113117,false,0.0,0.0,2.9957277863923437e-06,true,true,0,0.0,0.0,2.9957277863923437e-06,true,0,0,true,597404,51128,0,NA,0.062644,0,0,0,0,0,0,0,0,0,0,4002
E2,seed,native,QF,float,libc++,0.505,0.004999995231628418,1,1000000,356038,643962,643962,0,356038,596375,47587,0,0,0,0,0,0.643962,0.6430226011666715,0.6449005649052926,false,0.643962,0.6430226011666715,0.6449005649052926,false,0.0,0.0,2.9957277863923437e-06,true,true,0,0.0,0.0,2.9957277863923437e-06,true,0,0,true,596375,52045,0,NA,0.0857694,0,0,0,0,0,0,0,0,0,0,4003
E2,seed,native,QF,float,libstdc++,0.505,0.004999995231628418,1,1000000,356364,643636,643636,0,356364,596664,46972,0,0,0,0,0,0.643636,0.6426964102450636,0.6445747577154413,false,0.643636,0.6426964102450636,0.6445747577154413,false,0.0,0.0,2.9957277863923437e-06,true,true,0,0.0,0.0,2.9957277863923437e-06,true,0,0,true,596664,51342,0,NA,0.062724,0,0,0,0,0,0,0,0,0,0,4003
E2,seed,native,QF,float,libc++,0.505,0.004999995231628418,1,1000000,356528,643472,643472,0,356528,596306,47166,0,0,0,0,0,0.643472,0.642532314377845,0.6444108545327187,false,0.643472,0.642532314377845,0.6444108545327187,false,0.0,0.0,2.9957277863923437e-06,true,true,0,0.0,0.0,2.9957277863923437e-06,true,0,0,true,596306,51586,0,NA,0.0857137,0,0,0,0,0,0,0,0,0,0,4004
E2,seed,native,QF,float,libstdc++,0.505,0.004999995231628418,1,1000000,355745,644255,644255,0,355745,596961,47294,0,0,0,0,0,0.644255,0.643315773166597,0.6451933912079975,false,0.644255,0.643315773166597,0.6451933912079975,false,0.0,0.0,2.9957277863923437e-06,true,true,0,0.0,0.0,2.9957277863923437e-06,true,0,0,true,596961,51769,0,NA,0.062789,0,0,0,0,0,0,0,0,0,0,4004
E2,seed,native,QF,float,libc++,0.505,0.004999995231628418,1,1000000,356644,643356,643356,0,356644,595940,47416,0,0,0,0,0,0.643356,0.6424162466417458,0.6442949229408064,false,0.643356,0.6424162466417458,0.6442949229408064,false,0.0,0.0,2.9957277863923437e-06,true,true,0,0.0,0.0,2.9957277863923437e-06,true,0,0,true,595940,51713,0,NA,0.0852667,0,0,0,0,0,0,0,0,0,0,4005
E2,seed,native,QF,float,libstdc++,0.505,0.004999995231628418,1,1000000,356562,643438,643438,0,356562,596279,47159,0,0,0,0,0,0.643438,0.6424982945179493,0.6443768745895775,false,0.643438,0.6424982945179493,0.6443768745895775,false,0.0,0.0,2.9957277863923437e-06,true,true,0,0.0,0.0,2.9957277863923437e-06,true,0,0,true,596279,51520,0,NA,0.06344,0,0,0,0,0,0,0,0,0,0,4005
E2,seed,native,SPLIT,float,libc++,0.505,0.004999995231628418,1,1000000,403323,596677,596677,0,403323,596677,0,0,0,0,0,0,0.596677,0.59571473232543,0.5976387076636032,false,0.596677,0.59571473232543,0.5976387076636032,false,0.0,0.0,2.9957277863923437e-06,true,true,0,0.0,0.0,2.9957277863923437e-06,true,0,0,true,596677,51501,0,NA,0.0850739,0,0,0,0,0,0,0,0,0,0,4001
E2,seed,native,SPLIT,float,libstdc++,0.505,0.004999995231628418,1,1000000,403245,596755,596755,0,403245,596755,0,0,0,0,0,0,0.596755,0.595792762240024,0.5977166772971794,false,0.596755,0.595792762240024,0.5977166772971794,false,0.0,0.0,2.9957277863923437e-06,true,true,0,0.0,0.0,2.9957277863923437e-06,true,0,0,true,596755,51333,0,NA,0.062303,0,0,0,0,0,0,0,0,0,0,4001
E2,seed,native,SPLIT,float,libc++,0.505,0.004999995231628418,1,1000000,403446,596554,596554,0,403446,596554,0,0,0,0,0,0,0.596554,0.5955916852037224,0.5975157554978189,false,0.596554,0.5955916852037224,0.5975157554978189,false,0.0,0.0,2.9957277863923437e-06,true,true,0,0.0,0.0,2.9957277863923437e-06,true,0,0,true,596554,51811,0,NA,0.086405,0,0,0,0,0,0,0,0,0,0,4002
E2,seed,native,SPLIT,float,libstdc++,0.505,0.004999995231628418,1,1000000,402596,597404,597404,0,402596,597404,0,0,0,0,0,0,0.597404,0.5964420121242267,0.5983654236534725,false,0.597404,0.5964420121242267,0.5983654236534725,false,0.0,0.0,2.9957277863923437e-06,true,true,0,0.0,0.0,2.9957277863923437e-06,true,0,0,true,597404,51128,0,NA,0.06225,0,0,0,0,0,0,0,0,0,0,4002
E2,seed,native,SPLIT,float,libc++,0.505,0.004999995231628418,1,1000000,403625,596375,596375,0,403625,596375,0,0,0,0,0,0,0.596375,0.5954126167404055,0.5973368249980446,false,0.596375,0.5954126167404055,0.5973368249980446,false,0.0,0.0,2.9957277863923437e-06,true,true,0,0.0,0.0,2.9957277863923437e-06,true,0,0,true,596375,52045,0,NA,0.0855835,0,0,0,0,0,0,0,0,0,0,4003
E2,seed,native,SPLIT,float,libstdc++,0.505,0.004999995231628418,1,1000000,403336,596664,596664,0,403336,596664,0,0,0,0,0,0,0.596664,0.5957017273421201,0.5976257127222189,false,0.596664,0.5957017273421201,0.5976257127222189,false,0.0,0.0,2.9957277863923437e-06,true,true,0,0.0,0.0,2.9957277863923437e-06,true,0,0,true,596664,51342,0,NA,0.062376,0,0,0,0,0,0,0,0,0,0,4003
E2,seed,native,SPLIT,float,libc++,0.505,0.004999995231628418,1,1000000,403694,596306,596306,0,403694,596306,0,0,0,0,0,0,0.596306,0.5953435903850152,0.5972678517531337,false,0.596306,0.5953435903850152,0.5972678517531337,false,0.0,0.0,2.9957277863923437e-06,true,true,0,0.0,0.0,2.9957277863923437e-06,true,0,0,true,596306,51586,0,NA,0.0850981,0,0,0,0,0,0,0,0,0,0,4004
E2,seed,native,SPLIT,float,libstdc++,0.505,0.004999995231628418,1,1000000,403039,596961,596961,0,403039,596961,0,0,0,0,0,0,0.596961,0.5959988413666586,0.5979225969772383,false,0.596961,0.5959988413666586,0.5979225969772383,false,0.0,0.0,2.9957277863923437e-06,true,true,0,0.0,0.0,2.9957277863923437e-06,true,0,0,true,596961,51769,0,NA,0.062484,0,0,0,0,0,0,0,0,0,0,4004
E2,seed,native,SPLIT,float,libc++,0.505,0.004999995231628418,1,1000000,404060,595940,595940,0,404060,595940,0,0,0,0,0,0,0.59594,0.5949774509170649,0.5969019933412262,false,0.59594,0.5949774509170649,0.5969019933412262,false,0.0,0.0,2.9957277863923437e-06,true,true,0,0.0,0.0,2.9957277863923437e-06,true,0,0,true,595940,51713,0,NA,0.0852626,0,0,0,0,0,0,0,0,0,0,4005
E2,seed,native,SPLIT,float,libstdc++,0.505,0.004999995231628418,1,1000000,403721,596279,596279,0,403721,596279,0,0,0,0,0,0,0.596279,0.5953165800774132,0.5972408622171443,false,0.596279,0.5953165800774132,0.5972408622171443,false,0.0,0.0,2.9957277863923437e-06,true,true,0,0.0,0.0,2.9957277863923437e-06,true,0,0,true,596279,51520,0,NA,0.062627,0,0,0,0,0,0,0,0,0,0,4005
E2,seed,native,LOG,float,libc++,0.51,0.009999990463256836,1,1000000,830948,169052,0,169052,830948,0,0,0,0,169052,0,0,0.169052,0.16831786897819684,0.16978804847855988,false,0.0,0.0,2.9957277863923437e-06,true,0.169052,0.16831786897819684,0.16978804847855988,false,true,0,0.0,0.0,2.9957277863923437e-06,true,0,169052,false,356138,0,0,NA,0.103389,0,0,0,0,0,0,0,0,0,0,4001
E2,seed,native,LOG,float,libstdc++,0.51,0.009999990463256836,1,1000000,831112,168888,0,168888,831112,0,0,0,0,168888,0,0,0.168888,0.16815415340557446,0.16962376500204532,false,0.0,0.0,2.9957277863923437e-06,true,0.168888,0.16815415340557446,0.16962376500204532,false,true,0,0.0,0.0,2.9957277863923437e-06,true,0,168888,false,356166,0,0,NA,0.071756,0,0,0,0,0,0,0,0,0,0,4001
E2,seed,native,LOG,float,libc++,0.51,0.009999990463256836,1,1000000,831195,168805,0,168805,831195,0,0,0,0,168805,0,0,0.168805,0.16807129744906724,0.1695406214397769,false,0.0,0.0,2.9957277863923437e-06,true,0.168805,0.16807129744906724,0.1695406214397769,false,true,0,0.0,0.0,2.9957277863923437e-06,true,0,168805,false,355118,0,0,NA,0.103337,0,0,0,0,0,0,0,0,0,0,4002
E2,seed,native,LOG,float,libstdc++,0.51,0.009999990463256836,1,1000000,831300,168700,0,168700,831300,0,0,0,0,168700,0,0,0.1687,0.16796647976478243,0.1694354397328452,false,0.0,0.0,2.9957277863923437e-06,true,0.1687,0.16796647976478243,0.1694354397328452,false,true,0,0.0,0.0,2.9957277863923437e-06,true,0,168700,false,355310,0,0,NA,0.070587,0,0,0,0,0,0,0,0,0,0,4002
E2,seed,native,LOG,float,libc++,0.51,0.009999990463256836,1,1000000,831180,168820,0,168820,831180,0,0,0,0,168820,0,0,0.16882,0.16808627141235627,0.16955564738951878,false,0.0,0.0,2.9957277863923437e-06,true,0.16882,0.16808627141235627,0.16955564738951878,false,true,0,0.0,0.0,2.9957277863923437e-06,true,0,168820,false,355373,0,0,NA,0.104109,0,0,0,0,0,0,0,0,0,0,4003
E2,seed,native,LOG,float,libstdc++,0.51,0.009999990463256836,1,1000000,831459,168541,0,168541,831459,0,0,0,0,168541,0,0,0.168541,0.16780775603871012,0.16927616438078605,false,0.0,0.0,2.9957277863923437e-06,true,0.168541,0.16780775603871012,0.16927616438078605,false,true,0,0.0,0.0,2.9957277863923437e-06,true,0,168541,false,355439,0,0,NA,0.071573,0,0,0,0,0,0,0,0,0,0,4003
E2,seed,native,LOG,float,libc++,0.51,0.009999990463256836,1,1000000,831580,168420,0,168420,831580,0,0,0,0,168420,0,0,0.16842,0.16768696644311842,0.16915495467792482,false,0.0,0.0,2.9957277863923437e-06,true,0.16842,0.16768696644311842,0.16915495467792482,false,true,0,0.0,0.0,2.9957277863923437e-06,true,0,168420,false,354973,0,0,NA,0.106412,0,0,0,0,0,0,0,0,0,0,4004
E2,seed,native,LOG,float,libstdc++,0.51,0.009999990463256836,1,1000000,831282,168718,0,168718,831282,0,0,0,0,168718,0,0,0.168718,0.1679844485033569,0.1694534708899086,false,0.0,0.0,2.9957277863923437e-06,true,0.168718,0.1679844485033569,0.1694534708899086,false,true,0,0.0,0.0,2.9957277863923437e-06,true,0,168718,false,355553,0,0,NA,0.07078,0,0,0,0,0,0,0,0,0,0,4004
E2,seed,native,LOG,float,libc++,0.51,0.009999990463256836,1,1000000,831714,168286,0,168286,831714,0,0,0,0,168286,0,0,0.168286,0.16755319961268705,0.16902072228528892,false,0.0,0.0,2.9957277863923437e-06,true,0.168286,0.16755319961268705,0.16902072228528892,false,true,0,0.0,0.0,2.9957277863923437e-06,true,0,168286,false,355436,0,0,NA,0.104366,0,0,0,0,0,0,0,0,0,0,4005
E2,seed,native,LOG,float,libstdc++,0.51,0.009999990463256836,1,1000000,831306,168694,0,168694,831306,0,0,0,0,168694,0,0,0.168694,0.1679604901859307,0.16942942934648036,false,0.0,0.0,2.9957277863923437e-06,true,0.168694,0.1679604901859307,0.16942942934648036,false,true,0,0.0,0.0,2.9957277863923437e-06,true,0,168694,false,355180,0,0,NA,0.07244,0,0,0,0,0,0,0,0,0,0,4005
E2,seed,native,QF,float,libc++,0.51,0.009999990463256836,1,1000000,585247,414753,414753,0,585247,356158,58595,0,0,0,0,0,0.414753,0.4137871142555112,0.4157193795446004,false,0.414753,0.4137871142555112,0.4157193795446004,false,0.0,0.0,2.9957277863923437e-06,true,true,0,0.0,0.0,2.9957277863923437e-06,true,0,0,true,356158,64117,0,NA,0.088361,0,0,0,0,0,0,0,0,0,0,4001
E2,seed,native,QF,float,libstdc++,0.51,0.009999990463256836,1,1000000,585280,414720,414720,0,585280,355747,58973,0,0,0,0,0,0.41472,0.4137541255444982,0.41568636844677676,false,0.41472,0.4137541255444982,0.41568636844677676,false,0.0,0.0,2.9957277863923437e-06,true,true,0,0.0,0.0,2.9957277863923437e-06,true,0,0,true,355747,64533,0,NA,0.064509,0,0,0,0,0,0,0,0,0,0,4001
E2,seed,native,QF,float,libc++,0.51,0.009999990463256836,1,1000000,586101,413899,413899,0,586101,355146,58753,0,0,0,0,0,0.413899,0.41293340783757415,0.41486509090950086,false,0.413899,0.41293340783757415,0.41486509090950086,false,0.0,0.0,2.9957277863923437e-06,true,true,0,0.0,0.0,2.9957277863923437e-06,true,0,0,true,355146,64289,0,NA,0.0883583,0,0,0,0,0,0,0,0,0,0,4002
E2,seed,native,QF,float,libstdc++,0.51,0.009999990463256836,1,1000000,585453,414547,414547,0,585453,355725,58822,0,0,0,0,0,0.414547,0.4135811847991589,0.4155133101942507,false,0.414547,0.4135811847991589,0.4155133101942507,false,0.0,0.0,2.9957277863923437e-06,true,true,0,0.0,0.0,2.9957277863923437e-06,true,0,0,true,355725,64363,0,NA,0.064672,0,0,0,0,0,0,0,0,0,0,4002
E2,seed,native,QF,float,libc++,0.51,0.009999990463256836,1,1000000,585590,414410,414410,0,585590,355289,59121,0,0,0,0,0,0.41441,0.41344423181039675,0.4153762639766108,false,0.41441,0.41344423181039675,0.4153762639766108,false,0.0,0.0,2.9957277863923437e-06,true,true,0,0.0,0.0,2.9957277863923437e-06,true,0,0,true,355289,64786,0,NA,0.0880988,0,0,0,0,0,0,0,0,0,0,4003
E2,seed,native,QF,float,libstdc++,0.51,0.009999990463256836,1,1000000,585445,414555,414555,0,585445,356155,58400,0,0,0,0,0,0.414555,0.4135891820563524,0.41552131289071204,false,0.414555,0.4135891820563524,0.41552131289071204,false,0.0,0.0,2.9957277863923437e-06,true,true,0,0.0,0.0,2.9957277863923437e-06,true,0,0,true,356155,64013,0,NA,0.064898,0,0,0,0,0,0,0,0,0,0,4003
E2,seed,native,QF,float,libc++,0.51,0.009999990463256836,1,1000000,586486,413514,413514,0,586486,354899,58615,0,0,0,0,0,0.413514,0.4125485411680952,0.4144799598091779,false,0.413514,0.4125485411680952,0.4144799598091779,false,0.0,0.0,2.9957277863923437e-06,true,true,0,0.0,0.0,2.9957277863923437e-06,true,0,0,true,354899,64202,0,NA,0.0887467,0,0,0,0,0,0,0,0,0,0,4004
E2,seed,native,QF,float,libstdc++,0.51,0.009999990463256836,1,1000000,585454,414546,414546,0,585454,355645,58901,0,0,0,0,0,0.414546,0.4135801851420264,0.41551230985717286,false,0.414546,0.4135801851420264,0.41551230985717286,false,0.0,0.0,2.9957277863923437e-06,true,true,0,0.0,0.0,2.9957277863923437e-06,true,0,0,true,355645,64457,0,NA,0.064666,0,0,0,0,0,0,0,0,0,0,4004
E2,seed,native,QF,float,libc++,0.51,0.009999990463256836,1,1000000,586299,413701,413701,0,586299,355362,58339,0,0,0,0,0,0.413701,0.4127354763316189,0.41466702356240853,false,0.413701,0.4127354763316189,0.41466702356240853,false,0.0,0.0,2.9957277863923437e-06,true,true,0,0.0,0.0,2.9957277863923437e-06,true,0,0,true,355362,64106,0,NA,0.0884783,0,0,0,0,0,0,0,0,0,0,4005
E2,seed,native,QF,float,libstdc++,0.51,0.009999990463256836,1,1000000,585729,414271,414271,0,585729,355537,58734,0,0,0,0,0,0.414271,0.41330527958654906,0.4152372170056401,false,0.414271,0.41330527958654906,0.4152372170056401,false,0.0,0.0,2.9957277863923437e-06,true,true,0,0.0,0.0,2.9957277863923437e-06,true,0,0,true,355537,64378,0,NA,0.067167,0,0,0,0,0,0,0,0,0,0,4005
E2,seed,native,SPLIT,float,libc++,0.51,0.009999990463256836,1,1000000,643842,356158,356158,0,643842,356158,0,0,0,0,0,0,0.356158,0.3552193640664999,0.3570974691663685,false,0.356158,0.3552193640664999,0.3570974691663685,false,0.0,0.0,2.9957277863923437e-06,true,true,0,0.0,0.0,2.9957277863923437e-06,true,0,0,true,356158,64117,0,NA,0.0876968,0,0,0,0,0,0,0,0,0,0,4001
E2,seed,native,SPLIT,float,libstdc++,0.51,0.009999990463256836,1,1000000,644253,355747,355747,0,644253,355747,0,0,0,0,0,0,0.355747,0.3548086076050578,0.3566862280087649,false,0.355747,0.3548086076050578,0.3566862280087649,false,0.0,0.0,2.9957277863923437e-06,true,true,0,0.0,0.0,2.9957277863923437e-06,true,0,0,true,355747,64533,0,NA,0.065133,0,0,0,0,0,0,0,0,0,0,4001
E2,seed,native,SPLIT,float,libc++,0.51,0.009999990463256836,1,1000000,644854,355146,355146,0,644854,355146,0,0,0,0,0,0,0.355146,0.35420796508656477,0.35608487400889005,false,0.355146,0.35420796508656477,0.35608487400889005,false,0.0,0.0,2.9957277863923437e-06,true,true,0,0.0,0.0,2.9957277863923437e-06,true,0,0,true,355146,64289,0,NA,0.0884033,0,0,0,0,0,0,0,0,0,0,4002
E2,seed,native,SPLIT,float,libstdc++,0.51,0.009999990463256836,1,1000000,644275,355725,355725,0,644275,355725,0,0,0,0,0,0,0.355725,0.3547866206624504,0.35666421507881835,false,0.355725,0.3547866206624504,0.35666421507881835,false,0.0,0.0,2.9957277863923437e-06,true,true,0,0.0,0.0,2.9957277863923437e-06,true,0,0,true,355725,64363,0,NA,0.064425,0,0,0,0,0,0,0,0,0,0,4002
E2,seed,native,SPLIT,float,libc++,0.51,0.009999990463256836,1,1000000,644711,355289,355289,0,644711,355289,0,0,0,0,0,0,0.355289,0.3543508798822399,0.35622795838481425,false,0.355289,0.3543508798822399,0.35622795838481425,false,0.0,0.0,2.9957277863923437e-06,true,true,0,0.0,0.0,2.9957277863923437e-06,true,0,0,true,355289,64786,0,NA,0.0883675,0,0,0,0,0,0,0,0,0,0,4003
E2,seed,native,SPLIT,float,libstdc++,0.51,0.009999990463256836,1,1000000,643845,356155,356155,0,643845,356155,0,0,0,0,0,0,0.356155,0.3552163658414179,0.3570944674088332,false,0.356155,0.3552163658414179,0.3570944674088332,false,0.0,0.0,2.9957277863923437e-06,true,true,0,0.0,0.0,2.9957277863923437e-06,true,0,0,true,356155,64013,0,NA,0.064236,0,0,0,0,0,0,0,0,0,0,4003
E2,seed,native,SPLIT,float,libc++,0.51,0.009999990463256836,1,1000000,645101,354899,354899,0,645101,354899,0,0,0,0,0,0,0.354899,0.35396111247303796,0.3558377280533046,false,0.354899,0.35396111247303796,0.3558377280533046,false,0.0,0.0,2.9957277863923437e-06,true,true,0,0.0,0.0,2.9957277863923437e-06,true,0,0,true,354899,64202,0,NA,0.0892025,0,0,0,0,0,0,0,0,0,0,4004
E2,seed,native,SPLIT,float,libstdc++,0.51,0.009999990463256836,1,1000000,644355,355645,355645,0,644355,355645,0,0,0,0,0,0,0.355645,0.35470666816209767,0.35658416804261345,false,0.355645,0.35470666816209767,0.35658416804261345,false,0.0,0.0,2.9957277863923437e-06,true,true,0,0.0,0.0,2.9957277863923437e-06,true,0,0,true,355645,64457,0,NA,0.064327,0,0,0,0,0,0,0,0,0,0,4004
E2,seed,native,SPLIT,float,libc++,0.51,0.009999990463256836,1,1000000,644638,355362,355362,0,644638,355362,0,0,0,0,0,0,0.355362,0.3544238364215575,0.3563010014225999,false,0.355362,0.3544238364215575,0.3563010014225999,false,0.0,0.0,2.9957277863923437e-06,true,true,0,0.0,0.0,2.9957277863923437e-06,true,0,0,true,355362,64106,0,NA,0.0883018,0,0,0,0,0,0,0,0,0,0,4005
E2,seed,native,SPLIT,float,libstdc++,0.51,0.009999990463256836,1,1000000,644463,355537,355537,0,644463,355537,0,0,0,0,0,0,0.355537,0.3545987323319693,0.3564761044983978,false,0.355537,0.3545987323319693,0.3564761044983978,false,0.0,0.0,2.9957277863923437e-06,true,true,0,0.0,0.0,2.9957277863923437e-06,true,0,0,true,355537,64378,0,NA,0.065087,0,0,0,0,0,0,0,0,0,0,4005
E2,seed,native,LOG,float,libc++,0.55,0.050000011920928955,1,1000000,999886,114,0,114,999886,0,0,0,0,114,0,0,0.000114,9.403683384519133e-05,0.00013694725214737376,false,0.0,0.0,2.9957277863923437e-06,true,0.000114,9.403683384519133e-05,0.00013694725214737376,false,true,0,0.0,0.0,2.9957277863923437e-06,true,0,114,false,5544,0,0,NA,0.0960417,0,0,0,0,0,0,0,0,0,0,4001
E2,seed,native,LOG,float,libstdc++,0.55,0.050000011920928955,1,1000000,999890,110,0,110,999890,0,0,0,0,110,0,0,0.00011,9.040746260357576e-05,0.00013257825018956728,false,0.0,0.0,2.9957277863923437e-06,true,0.00011,9.040746260357576e-05,0.00013257825018956728,false,true,0,0.0,0.0,2.9957277863923437e-06,true,0,110,false,5761,0,0,NA,0.069273,0,0,0,0,0,0,0,0,0,0,4001
E2,seed,native,LOG,float,libc++,0.55,0.050000011920928955,1,1000000,999855,145,0,145,999855,0,0,0,0,145,0,0,0.000145,0.00012236117530756586,0.00017061262301688916,false,0.0,0.0,2.9957277863923437e-06,true,0.000145,0.00012236117530756586,0.00017061262301688916,false,true,0,0.0,0.0,2.9957277863923437e-06,true,0,145,false,5663,0,0,NA,0.0957844,0,0,0,0,0,0,0,0,0,0,4002
E2,seed,native,LOG,float,libstdc++,0.55,0.050000011920928955,1,1000000,999852,148,0,148,999852,0,0,0,0,148,0,0,0.000148,0.00012511818575313338,0.00017385478773086107,false,0.0,0.0,2.9957277863923437e-06,true,0.000148,0.00012511818575313338,0.00017385478773086107,false,true,0,0.0,0.0,2.9957277863923437e-06,true,0,148,false,5793,0,0,NA,0.069165,0,0,0,0,0,0,0,0,0,0,4002
E2,seed,native,LOG,float,libc++,0.55,0.050000011920928955,1,1000000,999869,131,0,131,999869,0,0,0,0,131,0,0,0.000131,0.00010952994099792687,0.00015544806243000312,false,0.0,0.0,2.9957277863923437e-06,true,0.000131,0.00010952994099792687,0.00015544806243000312,false,true,0,0.0,0.0,2.9957277863923437e-06,true,0,131,false,5658,0,0,NA,0.095898,0,0,0,0,0,0,0,0,0,0,4003
E2,seed,native,LOG,float,libstdc++,0.55,0.050000011920928955,1,1000000,999853,147,0,147,999853,0,0,0,0,147,0,0,0.000147,0.00012419890589196776,0.00017277433981881357,false,0.0,0.0,2.9957277863923437e-06,true,0.000147,0.00012419890589196776,0.00017277433981881357,false,true,0,0.0,0.0,2.9957277863923437e-06,true,0,147,false,5624,0,0,NA,0.069321,0,0,0,0,0,0,0,0,0,0,4003
E2,seed,native,LOG,float,libc++,0.55,0.050000011920928955,1,1000000,999872,128,0,128,999872,0,0,0,0,128,0,0,0.000128,0.00010678841306404032,0.0001521905774230967,false,0.0,0.0,2.9957277863923437e-06,true,0.000128,0.00010678841306404032,0.0001521905774230967,false,true,0,0.0,0.0,2.9957277863923437e-06,true,0,128,false,5697,0,0,NA,0.0962842,0,0,0,0,0,0,0,0,0,0,4004
E2,seed,native,LOG,float,libstdc++,0.55,0.050000011920928955,1,1000000,999873,127,0,127,999873,0,0,0,0,127,0,0,0.000127,0.00010587524329518294,0.00015110408373720873,false,0.0,0.0,2.9957277863923437e-06,true,0.000127,0.00010587524329518294,0.00015110408373720873,false,true,0,0.0,0.0,2.9957277863923437e-06,true,0,127,false,5674,0,0,NA,0.069521,0,0,0,0,0,0,0,0,0,0,4004
E2,seed,native,LOG,float,libc++,0.55,0.050000011920928955,1,1000000,999885,115,0,115,999885,0,0,0,0,115,0,0,0.000115,9.494519890874632e-05,0.0001380384933592208,false,0.0,0.0,2.9957277863923437e-06,true,0.000115,9.494519890874632e-05,0.0001380384933592208,false,true,0,0.0,0.0,2.9957277863923437e-06,true,0,115,false,5700,0,0,NA,0.096503,0,0,0,0,0,0,0,0,0,0,4005
E2,seed,native,LOG,float,libstdc++,0.55,0.050000011920928955,1,1000000,999862,138,0,138,999862,0,0,0,0,138,0,0,0.000138,0.00011593813272449321,0.00016303769051662225,false,0.0,0.0,2.9957277863923437e-06,true,0.000138,0.00011593813272449321,0.00016303769051662225,false,true,0,0.0,0.0,2.9957277863923437e-06,true,0,138,false,5636,0,0,NA,0.06926,0,0,0,0,0,0,0,0,0,0,4005
E2,seed,native,QF,float,libc++,0.55,0.050000011920928955,1,1000000,987907,12093,12093,0,987907,5564,6529,0,0,0,0,0,0.012093,0.011879687530640231,0.012309145507299394,false,0.012093,0.011879687530640231,0.012309145507299394,false,0.0,0.0,2.9957277863923437e-06,true,true,0,0.0,0.0,2.9957277863923437e-06,true,0,0,true,5564,7393,0,NA,0.0864134,0,0,0,0,0,0,0,0,0,0,4001
E2,seed,native,QF,float,libstdc++,0.55,0.050000011920928955,1,1000000,987850,12150,12150,0,987850,5653,6497,0,0,0,0,0,0.01215,0.011936189275965106,0.012366643410763342,false,0.01215,0.011936189275965106,0.012366643410763342,false,0.0,0.0,2.9957277863923437e-06,true,true,0,0.0,0.0,2.9957277863923437e-06,true,0,0,true,5653,7309,0,NA,0.060098,0,0,0,0,0,0,0,0,0,0,4001
E2,seed,native,QF,float,libc++,0.55,0.050000011920928955,1,1000000,987863,12137,12137,0,987863,5592,6545,0,0,0,0,0,0.012137,0.011923302806115654,0.012353529960700656,false,0.012137,0.011923302806115654,0.012353529960700656,false,0.0,0.0,2.9957277863923437e-06,true,true,0,0.0,0.0,2.9957277863923437e-06,true,0,0,true,5592,7359,0,NA,0.0844571,0,0,0,0,0,0,0,0,0,0,4002
E2,seed,native,QF,float,libstdc++,0.55,0.050000011920928955,1,1000000,987810,12190,12190,0,987810,5742,6448,0,0,0,0,0,0.01219,0.011975840346997006,0.012406992093355483,false,0.01219,0.011975840346997006,0.012406992093355483,false,0.0,0.0,2.9957277863923437e-06,true,true,0,0.0,0.0,2.9957277863923437e-06,true,0,0,true,5742,7220,0,NA,0.059772,0,0,0,0,0,0,0,0,0,0,4002
E2,seed,native,QF,float,libc++,0.55,0.050000011920928955,1,1000000,987883,12117,12117,0,987883,5628,6489,0,0,0,0,0,0.012117,0.01190347759108886,0.012333355298954383,false,0.012117,0.01190347759108886,0.012333355298954383,false,0.0,0.0,2.9957277863923437e-06,true,true,0,0.0,0.0,2.9957277863923437e-06,true,0,0,true,5628,7308,0,NA,0.0851524,0,0,0,0,0,0,0,0,0,0,4003
E2,seed,native,QF,float,libstdc++,0.55,0.050000011920928955,1,1000000,987652,12348,12348,0,987652,5758,6590,0,0,0,0,0,0.012348,0.01213246785068854,0.012566363617175693,false,0.012348,0.01213246785068854,0.012566363617175693,false,0.0,0.0,2.9957277863923437e-06,true,true,0,0.0,0.0,2.9957277863923437e-06,true,0,0,true,5758,7444,0,NA,0.059688,0,0,0,0,0,0,0,0,0,0,4003
E2,seed,native,QF,float,libc++,0.55,0.050000011920928955,1,1000000,987819,12181,12181,0,987819,5682,6499,0,0,0,0,0,0.012181,0.011966918804180333,0.012397913691600407,false,0.012181,0.011966918804180333,0.012397913691600407,false,0.0,0.0,2.9957277863923437e-06,true,true,0,0.0,0.0,2.9957277863923437e-06,true,0,0,true,5682,7327,0,NA,0.0855757,0,0,0,0,0,0,0,0,0,0,4004
E2,seed,native,QF,float,libstdc++,0.55,0.050000011920928955,1,1000000,987696,12304,12304,0,987696,5756,6548,0,0,0,0,0,0.012304,0.012088849144937434,0.012521982593635739,false,0.012304,0.012088849144937434,0.012521982593635739,false,0.0,0.0,2.9957277863923437e-06,true,true,0,0.0,0.0,2.9957277863923437e-06,true,0,0,true,5756,7329,0,NA,0.060315,0,0,0,0,0,0,0,0,0,0,4004
E2,seed,native,QF,float,libc++,0.55,0.050000011920928955,1,1000000,987668,12332,12332,0,987668,5713,6619,0,0,0,0,0,0.012332,0.012116606421449232,0.012550225144844794,false,0.012332,0.012116606421449232,0.012550225144844794,false,0.0,0.0,2.9957277863923437e-06,true,true,0,0.0,0.0,2.9957277863923437e-06,true,0,0,true,5713,7397,0,NA,0.0846699,0,0,0,0,0,0,0,0,0,0,4005
E2,seed,native,QF,float,libstdc++,0.55,0.050000011920928955,1,1000000,987742,12258,12258,0,987742,5764,6494,0,0,0,0,0,0.012258,0.012043248527923028,0.012475583493754798,false,0.012258,0.012043248527923028,0.012475583493754798,false,0.0,0.0,2.9957277863923437e-06,true,true,0,0.0,0.0,2.9957277863923437e-06,true,0,0,true,5764,7304,0,NA,0.060095,0,0,0,0,0,0,0,0,0,0,4005
E2,seed,native,SPLIT,float,libc++,0.55,0.050000011920928955,1,1000000,994436,5564,5564,0,994436,5564,0,0,0,0,0,0,0.005564,0.005419142761995072,0.00571173233516904,false,0.005564,0.005419142761995072,0.00571173233516904,false,0.0,0.0,2.9957277863923437e-06,true,true,0,0.0,0.0,2.9957277863923437e-06,true,0,0,true,5564,7393,0,NA,0.0850554,0,0,0,0,0,0,0,0,0,0,4001
E2,seed,native,SPLIT,float,libstdc++,0.55,0.050000011920928955,1,1000000,994347,5653,5653,0,994347,5653,0,0,0,0,0,0,0.005653,0.005506987678122952,0.0058018867995398475,false,0.005653,0.005506987678122952,0.0058018867995398475,false,0.0,0.0,2.9957277863923437e-06,true,true,0,0.0,0.0,2.9957277863923437e-06,true,0,0,true,5653,7309,0,NA,0.059874,0,0,0,0,0,0,0,0,0,0,4001
E2,seed,native,SPLIT,float,libc++,0.55,0.050000011920928955,1,1000000,994408,5592,5592,0,994408,5592,0,0,0,0,0,0,0.005592,0.005446778358577283,0.005740096543421047,false,0.005592,0.005446778358577283,0.005740096543421047,false,0.0,0.0,2.9957277863923437e-06,true,true,0,0.0,0.0,2.9957277863923437e-06,true,0,0,true,5592,7359,0,NA,0.0846464,0,0,0,0,0,0,0,0,0,0,4002
E2,seed,native,SPLIT,float,libstdc++,0.55,0.050000011920928955,1,1000000,994258,5742,5742,0,994258,5742,0,0,0,0,0,0,0.005742,0.005594841805006301,0.005892032055573181,false,0.005742,0.005594841805006301,0.005892032055573181,false,0.0,0.0,2.9957277863923437e-06,true,true,0,0.0,0.0,2.9957277863923437e-06,true,0,0,true,5742,7220,0,NA,0.05979,0,0,0,0,0,0,0,0,0,0,4002
E2,seed,native,SPLIT,float,libc++,0.55,0.050000011920928955,1,1000000,994372,5628,5628,0,994372,5628,0,0,0,0,0,0,0.005628,0.0054823112002698755,0.005776563451161833,false,0.005628,0.0054823112002698755,0.005776563451161833,false,0.0,0.0,2.9957277863923437e-06,true,true,0,0.0,0.0,2.9957277863923437e-06,true,0,0,true,5628,7308,0,NA,0.0853442,0,0,0,0,0,0,0,0,0,0,4003
E2,seed,native,SPLIT,float,libstdc++,0.55,0.050000011920928955,1,1000000,994242,5758,5758,0,994242,5758,0,0,0,0,0,0,0.005758,0.005610636765644371,0.005908236984248,false,0.005758,0.005610636765644371,0.005908236984248,false,0.0,0.0,2.9957277863923437e-06,true,true,0,0.0,0.0,2.9957277863923437e-06,true,0,0,true,5758,7444,0,NA,0.059951,0,0,0,0,0,0,0,0,0,0,4003
E2,seed,native,SPLIT,float,libc++,0.55,0.050000011920928955,1,1000000,994318,5682,5682,0,994318,5682,0,0,0,0,0,0,0.005682,0.005535613302542603,0.005831260973787117,false,0.005682,0.005535613302542603,0.005831260973787117,false,0.0,0.0,2.9957277863923437e-06,true,true,0,0.0,0.0,2.9957277863923437e-06,true,0,0,true,5682,7327,0,NA,0.084862,0,0,0,0,0,0,0,0,0,0,4004
E2,seed,native,SPLIT,float,libstdc++,0.55,0.050000011920928955,1,1000000,994244,5756,5756,0,994244,5756,0,0,0,0,0,0,0.005756,0.005608662379702354,0.005906211384021806,false,0.005756,0.005608662379702354,0.005906211384021806,false,0.0,0.0,2.9957277863923437e-06,true,true,0,0.0,0.0,2.9957277863923437e-06,true,0,0,true,5756,7329,0,NA,0.060494,0,0,0,0,0,0,0,0,0,0,4004
E2,seed,native,SPLIT,float,libc++,0.55,0.050000011920928955,1,1000000,994287,5713,5713,0,994287,5713,0,0,0,0,0,0,0.005713,0.005566214180903167,0.005862659880488609,false,0.005713,0.005566214180903167,0.005862659880488609,false,0.0,0.0,2.9957277863923437e-06,true,true,0,0.0,0.0,2.9957277863923437e-06,true,0,0,true,5713,7397,0,NA,0.0846422,0,0,0,0,0,0,0,0,0,0,4005
E2,seed,native,SPLIT,float,libstdc++,0.55,0.050000011920928955,1,1000000,994236,5764,5764,0,994236,5764,0,0,0,0,0,0,0.005764,0.005616559950611232,0.005914313757792742,false,0.005764,0.005616559950611232,0.005914313757792742,false,0.0,0.0,2.9957277863923437e-06,true,true,0,0.0,0.0,2.9957277863923437e-06,true,0,0,true,5764,7304,0,NA,0.059973,0,0,0,0,0,0,0,0,0,0,4005
E2,seed,native,LOG,float,libc++,0.6,0.10000002384185791,1,1000000,1000000,0,0,0,1000000,0,0,0,0,0,0,0,0.0,0.0,2.9957277863923437e-06,true,0.0,0.0,2.9957277863923437e-06,true,0.0,0.0,2.9957277863923437e-06,true,true,0,0.0,0.0,2.9957277863923437e-06,true,0,0,true,18,0,0,NA,0.0995182,0,0,0,0,0,0,0,0,0,0,4001
E2,seed,native,LOG,float,libstdc++,0.6,0.10000002384185791,1,1000000,1000000,0,0,0,1000000,0,0,0,0,0,0,0,0.0,0.0,2.9957277863923437e-06,true,0.0,0.0,2.9957277863923437e-06,true,0.0,0.0,2.9957277863923437e-06,true,true,0,0.0,0.0,2.9957277863923437e-06,true,0,0,true,19,0,0,NA,0.072755,0,0,0,0,0,0,0,0,0,0,4001
E2,seed,native,LOG,float,libc++,0.6,0.10000002384185791,1,1000000,1000000,0,0,0,1000000,0,0,0,0,0,0,0,0.0,0.0,2.9957277863923437e-06,true,0.0,0.0,2.9957277863923437e-06,true,0.0,0.0,2.9957277863923437e-06,true,true,0,0.0,0.0,2.9957277863923437e-06,true,0,0,true,37,0,0,NA,0.0989411,0,0,0,0,0,0,0,0,0,0,4002
E2,seed,native,LOG,float,libstdc++,0.6,0.10000002384185791,1,1000000,1000000,0,0,0,1000000,0,0,0,0,0,0,0,0.0,0.0,2.9957277863923437e-06,true,0.0,0.0,2.9957277863923437e-06,true,0.0,0.0,2.9957277863923437e-06,true,true,0,0.0,0.0,2.9957277863923437e-06,true,0,0,true,28,0,0,NA,0.072817,0,0,0,0,0,0,0,0,0,0,4002
E2,seed,native,LOG,float,libc++,0.6,0.10000002384185791,1,1000000,1000000,0,0,0,1000000,0,0,0,0,0,0,0,0.0,0.0,2.9957277863923437e-06,true,0.0,0.0,2.9957277863923437e-06,true,0.0,0.0,2.9957277863923437e-06,true,true,0,0.0,0.0,2.9957277863923437e-06,true,0,0,true,42,0,0,NA,0.0991283,0,0,0,0,0,0,0,0,0,0,4003
E2,seed,native,LOG,float,libstdc++,0.6,0.10000002384185791,1,1000000,1000000,0,0,0,1000000,0,0,0,0,0,0,0,0.0,0.0,2.9957277863923437e-06,true,0.0,0.0,2.9957277863923437e-06,true,0.0,0.0,2.9957277863923437e-06,true,true,0,0.0,0.0,2.9957277863923437e-06,true,0,0,true,34,0,0,NA,0.072911,0,0,0,0,0,0,0,0,0,0,4003
E2,seed,native,LOG,float,libc++,0.6,0.10000002384185791,1,1000000,1000000,0,0,0,1000000,0,0,0,0,0,0,0,0.0,0.0,2.9957277863923437e-06,true,0.0,0.0,2.9957277863923437e-06,true,0.0,0.0,2.9957277863923437e-06,true,true,0,0.0,0.0,2.9957277863923437e-06,true,0,0,true,28,0,0,NA,0.0995012,0,0,0,0,0,0,0,0,0,0,4004
E2,seed,native,LOG,float,libstdc++,0.6,0.10000002384185791,1,1000000,1000000,0,0,0,1000000,0,0,0,0,0,0,0,0.0,0.0,2.9957277863923437e-06,true,0.0,0.0,2.9957277863923437e-06,true,0.0,0.0,2.9957277863923437e-06,true,true,0,0.0,0.0,2.9957277863923437e-06,true,0,0,true,27,0,0,NA,0.072993,0,0,0,0,0,0,0,0,0,0,4004
E2,seed,native,LOG,float,libc++,0.6,0.10000002384185791,1,1000000,1000000,0,0,0,1000000,0,0,0,0,0,0,0,0.0,0.0,2.9957277863923437e-06,true,0.0,0.0,2.9957277863923437e-06,true,0.0,0.0,2.9957277863923437e-06,true,true,0,0.0,0.0,2.9957277863923437e-06,true,0,0,true,29,0,0,NA,0.0991329,0,0,0,0,0,0,0,0,0,0,4005
E2,seed,native,LOG,float,libstdc++,0.6,0.10000002384185791,1,1000000,1000000,0,0,0,1000000,0,0,0,0,0,0,0,0.0,0.0,2.9957277863923437e-06,true,0.0,0.0,2.9957277863923437e-06,true,0.0,0.0,2.9957277863923437e-06,true,true,0,0.0,0.0,2.9957277863923437e-06,true,0,0,true,29,0,0,NA,0.072921,0,0,0,0,0,0,0,0,0,0,4005
E2,seed,native,QF,float,libc++,0.6,0.10000002384185791,1,1000000,999884,116,116,0,999884,23,93,0,0,0,0,0,0.000116,9.585396218156182e-05,0.0001391293413298196,false,0.000116,9.585396218156182e-05,0.0001391293413298196,false,0.0,0.0,2.9957277863923437e-06,true,true,0,0.0,0.0,2.9957277863923437e-06,true,0,0,true,23,112,0,NA,0.0879299,0,0,0,0,0,0,0,0,0,0,4001
E2,seed,native,QF,float,libstdc++,0.6,0.10000002384185791,1,1000000,999856,144,144,0,999856,32,112,0,0,0,0,0,0.000144,0.0001214427303077469,0.0001695313484970007,false,0.000144,0.0001214427303077469,0.0001695313484970007,false,0.0,0.0,2.9957277863923437e-06,true,true,0,0.0,0.0,2.9957277863923437e-06,true,0,0,true,32,134,0,NA,0.064853,0,0,0,0,0,0,0,0,0,0,4001
E2,seed,native,QF,float,libc++,0.6,0.10000002384185791,1,1000000,999839,161,161,0,999839,40,121,0,0,0,0,0,0.000161,0.00013709267999267218,0.00018787698149887194,false,0.000161,0.00013709267999267218,0.00018787698149887194,false,0.0,0.0,2.9957277863923437e-06,true,true,0,0.0,0.0,2.9957277863923437e-06,true,0,0,true,40,145,0,NA,0.0886318,0,0,0,0,0,0,0,0,0,0,4002
E2,seed,native,QF,float,libstdc++,0.6,0.10000002384185791,1,1000000,999862,138,138,0,999862,36,102,0,0,0,0,0,0.000138,0.00011593813272449321,0.00016303769051662225,false,0.000138,0.00011593813272449321,0.00016303769051662225,false,0.0,0.0,2.9957277863923437e-06,true,true,0,0.0,0.0,2.9957277863923437e-06,true,0,0,true,36,120,0,NA,0.062017,0,0,0,0,0,0,0,0,0,0,4002
E2,seed,native,QF,float,libc++,0.6,0.10000002384185791,1,1000000,999871,129,129,0,999871,36,93,0,0,0,0,0,0.000129,0.00010770192188409886,0.00015327673586871857,false,0.000129,0.00010770192188409886,0.00015327673586871857,false,0.0,0.0,2.9957277863923437e-06,true,true,0,0.0,0.0,2.9957277863923437e-06,true,0,0,true,36,113,0,NA,0.087493,0,0,0,0,0,0,0,0,0,0,4003
E2,seed,native,QF,float,libstdc++,0.6,0.10000002384185791,1,1000000,999849,151,151,0,999849,28,123,0,0,0,0,0,0.000151,0.0001278776502779289,0.00017709452230811295,false,0.000151,0.0001278776502779289,0.00017709452230811295,false,0.0,0.0,2.9957277863923437e-06,true,true,0,0.0,0.0,2.9957277863923437e-06,true,0,0,true,28,147,0,NA,0.062601,0,0,0,0,0,0,0,0,0,0,4003
E2,seed,native,QF,float,libc++,0.6,0.10000002384185791,1,1000000,999856,144,144,0,999856,34,110,0,0,0,0,0,0.000144,0.0001214427303077469,0.0001695313484970007,false,0.000144,0.0001214427303077469,0.0001695313484970007,false,0.0,0.0,2.9957277863923437e-06,true,true,0,0.0,0.0,2.9957277863923437e-06,true,0,0,true,34,127,0,NA,0.0879583,0,0,0,0,0,0,0,0,0,0,4004
E2,seed,native,QF,float,libstdc++,0.6,0.10000002384185791,1,1000000,999863,137,137,0,999863,32,105,0,0,0,0,0,0.000137,0.00011502174101923613,0.00016195438371272524,false,0.000137,0.00011502174101923613,0.00016195438371272524,false,0.0,0.0,2.9957277863923437e-06,true,true,0,0.0,0.0,2.9957277863923437e-06,true,0,0,true,32,123,0,NA,0.062048,0,0,0,0,0,0,0,0,0,0,4004
E2,seed,native,QF,float,libc++,0.6,0.10000002384185791,1,1000000,999871,129,129,0,999871,30,99,0,0,0,0,0,0.000129,0.00010770192188409886,0.00015327673586871857,false,0.000129,0.00010770192188409886,0.00015327673586871857,false,0.0,0.0,2.9957277863923437e-06,true,true,0,0.0,0.0,2.9957277863923437e-06,true,0,0,true,30,127,0,NA,0.0901663,0,0,0,0,0,0,0,0,0,0,4005
E2,seed,native,QF,float,libstdc++,0.6,0.10000002384185791,1,1000000,999842,158,158,0,999842,37,121,0,0,0,0,0,0.000158,0.00013432554188211839,0.00018464484866843184,false,0.000158,0.00013432554188211839,0.00018464484866843184,false,0.0,0.0,2.9957277863923437e-06,true,true,0,0.0,0.0,2.9957277863923437e-06,true,0,0,true,37,145,0,NA,0.062569,0,0,0,0,0,0,0,0,0,0,4005
E2,seed,native,SPLIT,float,libc++,0.6,0.10000002384185791,1,1000000,999977,23,23,0,999977,23,0,0,0,0,0,0,2.3e-05,1.4580081129205914e-05,3.4511094259847725e-05,false,2.3e-05,1.4580081129205914e-05,3.4511094259847725e-05,false,0.0,0.0,2.9957277863923437e-06,true,true,0,0.0,0.0,2.9957277863923437e-06,true,0,0,true,23,112,0,NA,0.0880984,0,0,0,0,0,0,0,0,0,0,4001
E2,seed,native,SPLIT,float,libstdc++,0.6,0.10000002384185791,1,1000000,999968,32,32,0,999968,32,0,0,0,0,0,0,3.2e-05,2.1888076034296295e-05,4.517415450414004e-05,false,3.2e-05,2.1888076034296295e-05,4.517415450414004e-05,false,0.0,0.0,2.9957277863923437e-06,true,true,0,0.0,0.0,2.9957277863923437e-06,true,0,0,true,32,134,0,NA,0.062922,0,0,0,0,0,0,0,0,0,0,4001
E2,seed,native,SPLIT,float,libc++,0.6,0.10000002384185791,1,1000000,999960,40,40,0,999960,40,0,0,0,0,0,0,4e-05,2.8576735376640718e-05,5.44682529183138e-05,false,4e-05,2.8576735376640718e-05,5.44682529183138e-05,false,0.0,0.0,2.9957277863923437e-06,true,true,0,0.0,0.0,2.9957277863923437e-06,true,0,0,true,40,145,0,NA,0.0886465,0,0,0,0,0,0,0,0,0,0,4002
E2,seed,native,SPLIT,float,libstdc++,0.6,0.10000002384185791,1,1000000,999964,36,36,0,999964,36,0,0,0,0,0,0,3.6e-05,2.5214080791301227e-05,4.9838829621356686e-05,false,3.6e-05,2.5214080791301227e-05,4.9838829621356686e-05,false,0.0,0.0,2.9957277863923437e-06,true,true,0,0.0,0.0,2.9957277863923437e-06,true,0,0,true,36,120,0,NA,0.062495,0,0,0,0,0,0,0,0,0,0,4002
E2,seed,native,SPLIT,float,libc++,0.6,0.10000002384185791,1,1000000,999964,36,36,0,999964,36,0,0,0,0,0,0,3.6e-05,2.5214080791301227e-05,4.9838829621356686e-05,false,3.6e-05,2.5214080791301227e-05,4.9838829621356686e-05,false,0.0,0.0,2.9957277863923437e-06,true,true,0,0.0,0.0,2.9957277863923437e-06,true,0,0,true,36,113,0,NA,0.0880047,0,0,0,0,0,0,0,0,0,0,4003
E2,seed,native,SPLIT,float,libstdc++,0.6,0.10000002384185791,1,1000000,999972,28,28,0,999972,28,0,0,0,0,0,0,2.8e-05,1.8605874747065275e-05,4.046754367067208e-05,false,2.8e-05,1.8605874747065275e-05,4.046754367067208e-05,false,0.0,0.0,2.9957277863923437e-06,true,true,0,0.0,0.0,2.9957277863923437e-06,true,0,0,true,28,147,0,NA,0.06245,0,0,0,0,0,0,0,0,0,0,4003
E2,seed,native,SPLIT,float,libc++,0.6,0.10000002384185791,1,1000000,999966,34,34,0,999966,34,0,0,0,0,0,0,3.4e-05,2.3546099687929872e-05,4.7511271115428914e-05,false,3.4e-05,2.3546099687929872e-05,4.7511271115428914e-05,false,0.0,0.0,2.9957277863923437e-06,true,true,0,0.0,0.0,2.9957277863923437e-06,true,0,0,true,34,127,0,NA,0.0879226,0,0,0,0,0,0,0,0,0,0,4004
E2,seed,native,SPLIT,float,libstdc++,0.6,0.10000002384185791,1,1000000,999968,32,32,0,999968,32,0,0,0,0,0,0,3.2e-05,2.1888076034296295e-05,4.517415450414004e-05,false,3.2e-05,2.1888076034296295e-05,4.517415450414004e-05,false,0.0,0.0,2.9957277863923437e-06,true,true,0,0.0,0.0,2.9957277863923437e-06,true,0,0,true,32,123,0,NA,0.063661,0,0,0,0,0,0,0,0,0,0,4004
E2,seed,native,SPLIT,float,libc++,0.6,0.10000002384185791,1,1000000,999970,30,30,0,999970,30,0,0,0,0,0,0,3e-05,2.0240962668554107e-05,4.28265907266867e-05,false,3e-05,2.0240962668554107e-05,4.28265907266867e-05,false,0.0,0.0,2.9957277863923437e-06,true,true,0,0.0,0.0,2.9957277863923437e-06,true,0,0,true,30,127,0,NA,0.0877981,0,0,0,0,0,0,0,0,0,0,4005
E2,seed,native,SPLIT,float,libstdc++,0.6,0.10000002384185791,1,1000000,999963,37,37,0,999963,37,0,0,0,0,0,0,3.7e-05,2.605154415614196e-05,5.099926915260212e-05,false,3.7e-05,2.605154415614196e-05,5.099926915260212e-05,false,0.0,0.0,2.9957277863923437e-06,true,true,0,0.0,0.0,2.9957277863923437e-06,true,0,0,true,37,145,0,NA,0.062266,0,0,0,0,0,0,0,0,0,0,4005
E2,seed,native,LOG,float,libc++,0.75,0.25,1,1000000,1000000,0,0,0,1000000,0,0,0,0,0,0,0,0.0,0.0,2.9957277863923437e-06,true,0.0,0.0,2.9957277863923437e-06,true,0.0,0.0,2.9957277863923437e-06,true,true,0,0.0,0.0,2.9957277863923437e-06,true,0,0,true,0,0,0,NA,0.109888,0,0,0,0,0,0,0,0,0,0,4001
E2,seed,native,LOG,float,libstdc++,0.75,0.25,1,1000000,1000000,0,0,0,1000000,0,0,0,0,0,0,0,0.0,0.0,2.9957277863923437e-06,true,0.0,0.0,2.9957277863923437e-06,true,0.0,0.0,2.9957277863923437e-06,true,true,0,0.0,0.0,2.9957277863923437e-06,true,0,0,true,0,0,0,NA,0.082774,0,0,0,0,0,0,0,0,0,0,4001
E2,seed,native,LOG,float,libc++,0.75,0.25,1,1000000,1000000,0,0,0,1000000,0,0,0,0,0,0,0,0.0,0.0,2.9957277863923437e-06,true,0.0,0.0,2.9957277863923437e-06,true,0.0,0.0,2.9957277863923437e-06,true,true,0,0.0,0.0,2.9957277863923437e-06,true,0,0,true,0,0,0,NA,0.107957,0,0,0,0,0,0,0,0,0,0,4002
E2,seed,native,LOG,float,libstdc++,0.75,0.25,1,1000000,1000000,0,0,0,1000000,0,0,0,0,0,0,0,0.0,0.0,2.9957277863923437e-06,true,0.0,0.0,2.9957277863923437e-06,true,0.0,0.0,2.9957277863923437e-06,true,true,0,0.0,0.0,2.9957277863923437e-06,true,0,0,true,0,0,0,NA,0.082603,0,0,0,0,0,0,0,0,0,0,4002
E2,seed,native,LOG,float,libc++,0.75,0.25,1,1000000,1000000,0,0,0,1000000,0,0,0,0,0,0,0,0.0,0.0,2.9957277863923437e-06,true,0.0,0.0,2.9957277863923437e-06,true,0.0,0.0,2.9957277863923437e-06,true,true,0,0.0,0.0,2.9957277863923437e-06,true,0,0,true,0,0,0,NA,0.108731,0,0,0,0,0,0,0,0,0,0,4003
E2,seed,native,LOG,float,libstdc++,0.75,0.25,1,1000000,1000000,0,0,0,1000000,0,0,0,0,0,0,0,0.0,0.0,2.9957277863923437e-06,true,0.0,0.0,2.9957277863923437e-06,true,0.0,0.0,2.9957277863923437e-06,true,true,0,0.0,0.0,2.9957277863923437e-06,true,0,0,true,0,0,0,NA,0.083001,0,0,0,0,0,0,0,0,0,0,4003
E2,seed,native,LOG,float,libc++,0.75,0.25,1,1000000,1000000,0,0,0,1000000,0,0,0,0,0,0,0,0.0,0.0,2.9957277863923437e-06,true,0.0,0.0,2.9957277863923437e-06,true,0.0,0.0,2.9957277863923437e-06,true,true,0,0.0,0.0,2.9957277863923437e-06,true,0,0,true,0,0,0,NA,0.109516,0,0,0,0,0,0,0,0,0,0,4004
E2,seed,native,LOG,float,libstdc++,0.75,0.25,1,1000000,1000000,0,0,0,1000000,0,0,0,0,0,0,0,0.0,0.0,2.9957277863923437e-06,true,0.0,0.0,2.9957277863923437e-06,true,0.0,0.0,2.9957277863923437e-06,true,true,0,0.0,0.0,2.9957277863923437e-06,true,0,0,true,0,0,0,NA,0.083351,0,0,0,0,0,0,0,0,0,0,4004
E2,seed,native,LOG,float,libc++,0.75,0.25,1,1000000,1000000,0,0,0,1000000,0,0,0,0,0,0,0,0.0,0.0,2.9957277863923437e-06,true,0.0,0.0,2.9957277863923437e-06,true,0.0,0.0,2.9957277863923437e-06,true,true,0,0.0,0.0,2.9957277863923437e-06,true,0,0,true,0,0,0,NA,0.108519,0,0,0,0,0,0,0,0,0,0,4005
E2,seed,native,LOG,float,libstdc++,0.75,0.25,1,1000000,1000000,0,0,0,1000000,0,0,0,0,0,0,0,0.0,0.0,2.9957277863923437e-06,true,0.0,0.0,2.9957277863923437e-06,true,0.0,0.0,2.9957277863923437e-06,true,true,0,0.0,0.0,2.9957277863923437e-06,true,0,0,true,0,0,0,NA,0.083266,0,0,0,0,0,0,0,0,0,0,4005
E2,seed,native,QF,float,libc++,0.75,0.25,1,1000000,1000000,0,0,0,1000000,0,0,0,0,0,0,0,0.0,0.0,2.9957277863923437e-06,true,0.0,0.0,2.9957277863923437e-06,true,0.0,0.0,2.9957277863923437e-06,true,true,0,0.0,0.0,2.9957277863923437e-06,true,0,0,true,0,0,0,NA,0.0959019,0,0,0,0,0,0,0,0,0,0,4001
E2,seed,native,QF,float,libstdc++,0.75,0.25,1,1000000,1000000,0,0,0,1000000,0,0,0,0,0,0,0,0.0,0.0,2.9957277863923437e-06,true,0.0,0.0,2.9957277863923437e-06,true,0.0,0.0,2.9957277863923437e-06,true,true,0,0.0,0.0,2.9957277863923437e-06,true,0,0,true,0,0,0,NA,0.067501,0,0,0,0,0,0,0,0,0,0,4001
E2,seed,native,QF,float,libc++,0.75,0.25,1,1000000,1000000,0,0,0,1000000,0,0,0,0,0,0,0,0.0,0.0,2.9957277863923437e-06,true,0.0,0.0,2.9957277863923437e-06,true,0.0,0.0,2.9957277863923437e-06,true,true,0,0.0,0.0,2.9957277863923437e-06,true,0,0,true,0,0,0,NA,0.095663,0,0,0,0,0,0,0,0,0,0,4002
E2,seed,native,QF,float,libstdc++,0.75,0.25,1,1000000,1000000,0,0,0,1000000,0,0,0,0,0,0,0,0.0,0.0,2.9957277863923437e-06,true,0.0,0.0,2.9957277863923437e-06,true,0.0,0.0,2.9957277863923437e-06,true,true,0,0.0,0.0,2.9957277863923437e-06,true,0,0,true,0,0,0,NA,0.067554,0,0,0,0,0,0,0,0,0,0,4002
E2,seed,native,QF,float,libc++,0.75,0.25,1,1000000,1000000,0,0,0,1000000,0,0,0,0,0,0,0,0.0,0.0,2.9957277863923437e-06,true,0.0,0.0,2.9957277863923437e-06,true,0.0,0.0,2.9957277863923437e-06,true,true,0,0.0,0.0,2.9957277863923437e-06,true,0,0,true,0,0,0,NA,0.0949874,0,0,0,0,0,0,0,0,0,0,4003
E2,seed,native,QF,float,libstdc++,0.75,0.25,1,1000000,1000000,0,0,0,1000000,0,0,0,0,0,0,0,0.0,0.0,2.9957277863923437e-06,true,0.0,0.0,2.9957277863923437e-06,true,0.0,0.0,2.9957277863923437e-06,true,true,0,0.0,0.0,2.9957277863923437e-06,true,0,0,true,0,0,0,NA,0.068053,0,0,0,0,0,0,0,0,0,0,4003
E2,seed,native,QF,float,libc++,0.75,0.25,1,1000000,1000000,0,0,0,1000000,0,0,0,0,0,0,0,0.0,0.0,2.9957277863923437e-06,true,0.0,0.0,2.9957277863923437e-06,true,0.0,0.0,2.9957277863923437e-06,true,true,0,0.0,0.0,2.9957277863923437e-06,true,0,0,true,0,0,0,NA,0.0958954,0,0,0,0,0,0,0,0,0,0,4004
E2,seed,native,QF,float,libstdc++,0.75,0.25,1,1000000,1000000,0,0,0,1000000,0,0,0,0,0,0,0,0.0,0.0,2.9957277863923437e-06,true,0.0,0.0,2.9957277863923437e-06,true,0.0,0.0,2.9957277863923437e-06,true,true,0,0.0,0.0,2.9957277863923437e-06,true,0,0,true,0,0,0,NA,0.068101,0,0,0,0,0,0,0,0,0,0,4004
E2,seed,native,QF,float,libc++,0.75,0.25,1,1000000,1000000,0,0,0,1000000,0,0,0,0,0,0,0,0.0,0.0,2.9957277863923437e-06,true,0.0,0.0,2.9957277863923437e-06,true,0.0,0.0,2.9957277863923437e-06,true,true,0,0.0,0.0,2.9957277863923437e-06,true,0,0,true,0,0,0,NA,0.0969067,0,0,0,0,0,0,0,0,0,0,4005
E2,seed,native,QF,float,libstdc++,0.75,0.25,1,1000000,1000000,0,0,0,1000000,0,0,0,0,0,0,0,0.0,0.0,2.9957277863923437e-06,true,0.0,0.0,2.9957277863923437e-06,true,0.0,0.0,2.9957277863923437e-06,true,true,0,0.0,0.0,2.9957277863923437e-06,true,0,0,true,0,0,0,NA,0.067711,0,0,0,0,0,0,0,0,0,0,4005
E2,seed,native,SPLIT,float,libc++,0.75,0.25,1,1000000,1000000,0,0,0,1000000,0,0,0,0,0,0,0,0.0,0.0,2.9957277863923437e-06,true,0.0,0.0,2.9957277863923437e-06,true,0.0,0.0,2.9957277863923437e-06,true,true,0,0.0,0.0,2.9957277863923437e-06,true,0,0,true,0,0,0,NA,0.0947913,0,0,0,0,0,0,0,0,0,0,4001
E2,seed,native,SPLIT,float,libstdc++,0.75,0.25,1,1000000,1000000,0,0,0,1000000,0,0,0,0,0,0,0,0.0,0.0,2.9957277863923437e-06,true,0.0,0.0,2.9957277863923437e-06,true,0.0,0.0,2.9957277863923437e-06,true,true,0,0.0,0.0,2.9957277863923437e-06,true,0,0,true,0,0,0,NA,0.067271,0,0,0,0,0,0,0,0,0,0,4001
E2,seed,native,SPLIT,float,libc++,0.75,0.25,1,1000000,1000000,0,0,0,1000000,0,0,0,0,0,0,0,0.0,0.0,2.9957277863923437e-06,true,0.0,0.0,2.9957277863923437e-06,true,0.0,0.0,2.9957277863923437e-06,true,true,0,0.0,0.0,2.9957277863923437e-06,true,0,0,true,0,0,0,NA,0.0953274,0,0,0,0,0,0,0,0,0,0,4002
E2,seed,native,SPLIT,float,libstdc++,0.75,0.25,1,1000000,1000000,0,0,0,1000000,0,0,0,0,0,0,0,0.0,0.0,2.9957277863923437e-06,true,0.0,0.0,2.9957277863923437e-06,true,0.0,0.0,2.9957277863923437e-06,true,true,0,0.0,0.0,2.9957277863923437e-06,true,0,0,true,0,0,0,NA,0.067467,0,0,0,0,0,0,0,0,0,0,4002
E2,seed,native,SPLIT,float,libc++,0.75,0.25,1,1000000,1000000,0,0,0,1000000,0,0,0,0,0,0,0,0.0,0.0,2.9957277863923437e-06,true,0.0,0.0,2.9957277863923437e-06,true,0.0,0.0,2.9957277863923437e-06,true,true,0,0.0,0.0,2.9957277863923437e-06,true,0,0,true,0,0,0,NA,0.0950683,0,0,0,0,0,0,0,0,0,0,4003
E2,seed,native,SPLIT,float,libstdc++,0.75,0.25,1,1000000,1000000,0,0,0,1000000,0,0,0,0,0,0,0,0.0,0.0,2.9957277863923437e-06,true,0.0,0.0,2.9957277863923437e-06,true,0.0,0.0,2.9957277863923437e-06,true,true,0,0.0,0.0,2.9957277863923437e-06,true,0,0,true,0,0,0,NA,0.067407,0,0,0,0,0,0,0,0,0,0,4003
E2,seed,native,SPLIT,float,libc++,0.75,0.25,1,1000000,1000000,0,0,0,1000000,0,0,0,0,0,0,0,0.0,0.0,2.9957277863923437e-06,true,0.0,0.0,2.9957277863923437e-06,true,0.0,0.0,2.9957277863923437e-06,true,true,0,0.0,0.0,2.9957277863923437e-06,true,0,0,true,0,0,0,NA,0.0956708,0,0,0,0,0,0,0,0,0,0,4004
E2,seed,native,SPLIT,float,libstdc++,0.75,0.25,1,1000000,1000000,0,0,0,1000000,0,0,0,0,0,0,0,0.0,0.0,2.9957277863923437e-06,true,0.0,0.0,2.9957277863923437e-06,true,0.0,0.0,2.9957277863923437e-06,true,true,0,0.0,0.0,2.9957277863923437e-06,true,0,0,true,0,0,0,NA,0.067141,0,0,0,0,0,0,0,0,0,0,4004
E2,seed,native,SPLIT,float,libc++,0.75,0.25,1,1000000,1000000,0,0,0,1000000,0,0,0,0,0,0,0,0.0,0.0,2.9957277863923437e-06,true,0.0,0.0,2.9957277863923437e-06,true,0.0,0.0,2.9957277863923437e-06,true,true,0,0.0,0.0,2.9957277863923437e-06,true,0,0,true,0,0,0,NA,0.095333,0,0,0,0,0,0,0,0,0,0,4005
E2,seed,native,SPLIT,float,libstdc++,0.75,0.25,1,1000000,1000000,0,0,0,1000000,0,0,0,0,0,0,0,0.0,0.0,2.9957277863923437e-06,true,0.0,0.0,2.9957277863923437e-06,true,0.0,0.0,2.9957277863923437e-06,true,true,0,0.0,0.0,2.9957277863923437e-06,true,0,0,true,0,0,0,NA,0.067893,0,0,0,0,0,0,0,0,0,0,4005
E2,seed,native,LOG,float,libc++,1,0.5,1,1000000,1000000,0,0,0,1000000,0,0,0,0,0,0,0,0.0,0.0,2.9957277863923437e-06,true,0.0,0.0,2.9957277863923437e-06,true,0.0,0.0,2.9957277863923437e-06,true,true,0,0.0,0.0,2.9957277863923437e-06,true,0,0,true,0,0,0,NA,0.123072,0,0,0,0,0,0,0,0,0,0,4001
E2,seed,native,LOG,float,libstdc++,1,0.5,1,1000000,1000000,0,0,0,1000000,0,0,0,0,0,0,0,0.0,0.0,2.9957277863923437e-06,true,0.0,0.0,2.9957277863923437e-06,true,0.0,0.0,2.9957277863923437e-06,true,true,0,0.0,0.0,2.9957277863923437e-06,true,0,0,true,0,0,0,NA,0.097197,0,0,0,0,0,0,0,0,0,0,4001
E2,seed,native,LOG,float,libc++,1,0.5,1,1000000,1000000,0,0,0,1000000,0,0,0,0,0,0,0,0.0,0.0,2.9957277863923437e-06,true,0.0,0.0,2.9957277863923437e-06,true,0.0,0.0,2.9957277863923437e-06,true,true,0,0.0,0.0,2.9957277863923437e-06,true,0,0,true,0,0,0,NA,0.122703,0,0,0,0,0,0,0,0,0,0,4002
E2,seed,native,LOG,float,libstdc++,1,0.5,1,1000000,1000000,0,0,0,1000000,0,0,0,0,0,0,0,0.0,0.0,2.9957277863923437e-06,true,0.0,0.0,2.9957277863923437e-06,true,0.0,0.0,2.9957277863923437e-06,true,true,0,0.0,0.0,2.9957277863923437e-06,true,0,0,true,0,0,0,NA,0.098917,0,0,0,0,0,0,0,0,0,0,4002
E2,seed,native,LOG,float,libc++,1,0.5,1,1000000,1000000,0,0,0,1000000,0,0,0,0,0,0,0,0.0,0.0,2.9957277863923437e-06,true,0.0,0.0,2.9957277863923437e-06,true,0.0,0.0,2.9957277863923437e-06,true,true,0,0.0,0.0,2.9957277863923437e-06,true,0,0,true,0,0,0,NA,0.123264,0,0,0,0,0,0,0,0,0,0,4003
E2,seed,native,LOG,float,libstdc++,1,0.5,1,1000000,1000000,0,0,0,1000000,0,0,0,0,0,0,0,0.0,0.0,2.9957277863923437e-06,true,0.0,0.0,2.9957277863923437e-06,true,0.0,0.0,2.9957277863923437e-06,true,true,0,0.0,0.0,2.9957277863923437e-06,true,0,0,true,0,0,0,NA,0.097556,0,0,0,0,0,0,0,0,0,0,4003
E2,seed,native,LOG,float,libc++,1,0.5,1,1000000,1000000,0,0,0,1000000,0,0,0,0,0,0,0,0.0,0.0,2.9957277863923437e-06,true,0.0,0.0,2.9957277863923437e-06,true,0.0,0.0,2.9957277863923437e-06,true,true,0,0.0,0.0,2.9957277863923437e-06,true,0,0,true,0,0,0,NA,0.122962,0,0,0,0,0,0,0,0,0,0,4004
E2,seed,native,LOG,float,libstdc++,1,0.5,1,1000000,1000000,0,0,0,1000000,0,0,0,0,0,0,0,0.0,0.0,2.9957277863923437e-06,true,0.0,0.0,2.9957277863923437e-06,true,0.0,0.0,2.9957277863923437e-06,true,true,0,0.0,0.0,2.9957277863923437e-06,true,0,0,true,0,0,0,NA,0.098736,0,0,0,0,0,0,0,0,0,0,4004
E2,seed,native,LOG,float,libc++,1,0.5,1,1000000,1000000,0,0,0,1000000,0,0,0,0,0,0,0,0.0,0.0,2.9957277863923437e-06,true,0.0,0.0,2.9957277863923437e-06,true,0.0,0.0,2.9957277863923437e-06,true,true,0,0.0,0.0,2.9957277863923437e-06,true,0,0,true,0,0,0,NA,0.122609,0,0,0,0,0,0,0,0,0,0,4005
E2,seed,native,LOG,float,libstdc++,1,0.5,1,1000000,1000000,0,0,0,1000000,0,0,0,0,0,0,0,0.0,0.0,2.9957277863923437e-06,true,0.0,0.0,2.9957277863923437e-06,true,0.0,0.0,2.9957277863923437e-06,true,true,0,0.0,0.0,2.9957277863923437e-06,true,0,0,true,0,0,0,NA,0.096906,0,0,0,0,0,0,0,0,0,0,4005
E2,seed,native,QF,float,libc++,1,0.5,1,1000000,1000000,0,0,0,1000000,0,0,0,0,0,0,0,0.0,0.0,2.9957277863923437e-06,true,0.0,0.0,2.9957277863923437e-06,true,0.0,0.0,2.9957277863923437e-06,true,true,0,0.0,0.0,2.9957277863923437e-06,true,0,0,true,0,0,0,NA,0.102933,0,0,0,0,0,0,0,0,0,0,4001
E2,seed,native,QF,float,libstdc++,1,0.5,1,1000000,1000000,0,0,0,1000000,0,0,0,0,0,0,0,0.0,0.0,2.9957277863923437e-06,true,0.0,0.0,2.9957277863923437e-06,true,0.0,0.0,2.9957277863923437e-06,true,true,0,0.0,0.0,2.9957277863923437e-06,true,0,0,true,0,0,0,NA,0.071443,0,0,0,0,0,0,0,0,0,0,4001
E2,seed,native,QF,float,libc++,1,0.5,1,1000000,1000000,0,0,0,1000000,0,0,0,0,0,0,0,0.0,0.0,2.9957277863923437e-06,true,0.0,0.0,2.9957277863923437e-06,true,0.0,0.0,2.9957277863923437e-06,true,true,0,0.0,0.0,2.9957277863923437e-06,true,0,0,true,0,0,0,NA,0.102412,0,0,0,0,0,0,0,0,0,0,4002
E2,seed,native,QF,float,libstdc++,1,0.5,1,1000000,1000000,0,0,0,1000000,0,0,0,0,0,0,0,0.0,0.0,2.9957277863923437e-06,true,0.0,0.0,2.9957277863923437e-06,true,0.0,0.0,2.9957277863923437e-06,true,true,0,0.0,0.0,2.9957277863923437e-06,true,0,0,true,0,0,0,NA,0.070907,0,0,0,0,0,0,0,0,0,0,4002
E2,seed,native,QF,float,libc++,1,0.5,1,1000000,1000000,0,0,0,1000000,0,0,0,0,0,0,0,0.0,0.0,2.9957277863923437e-06,true,0.0,0.0,2.9957277863923437e-06,true,0.0,0.0,2.9957277863923437e-06,true,true,0,0.0,0.0,2.9957277863923437e-06,true,0,0,true,0,0,0,NA,0.103097,0,0,0,0,0,0,0,0,0,0,4003
E2,seed,native,QF,float,libstdc++,1,0.5,1,1000000,1000000,0,0,0,1000000,0,0,0,0,0,0,0,0.0,0.0,2.9957277863923437e-06,true,0.0,0.0,2.9957277863923437e-06,true,0.0,0.0,2.9957277863923437e-06,true,true,0,0.0,0.0,2.9957277863923437e-06,true,0,0,true,0,0,0,NA,0.071217,0,0,0,0,0,0,0,0,0,0,4003
E2,seed,native,QF,float,libc++,1,0.5,1,1000000,1000000,0,0,0,1000000,0,0,0,0,0,0,0,0.0,0.0,2.9957277863923437e-06,true,0.0,0.0,2.9957277863923437e-06,true,0.0,0.0,2.9957277863923437e-06,true,true,0,0.0,0.0,2.9957277863923437e-06,true,0,0,true,0,0,0,NA,0.103174,0,0,0,0,0,0,0,0,0,0,4004
E2,seed,native,QF,float,libstdc++,1,0.5,1,1000000,1000000,0,0,0,1000000,0,0,0,0,0,0,0,0.0,0.0,2.9957277863923437e-06,true,0.0,0.0,2.9957277863923437e-06,true,0.0,0.0,2.9957277863923437e-06,true,true,0,0.0,0.0,2.9957277863923437e-06,true,0,0,true,0,0,0,NA,0.070678,0,0,0,0,0,0,0,0,0,0,4004
E2,seed,native,QF,float,libc++,1,0.5,1,1000000,1000000,0,0,0,1000000,0,0,0,0,0,0,0,0.0,0.0,2.9957277863923437e-06,true,0.0,0.0,2.9957277863923437e-06,true,0.0,0.0,2.9957277863923437e-06,true,true,0,0.0,0.0,2.9957277863923437e-06,true,0,0,true,0,0,0,NA,0.103101,0,0,0,0,0,0,0,0,0,0,4005
E2,seed,native,QF,float,libstdc++,1,0.5,1,1000000,1000000,0,0,0,1000000,0,0,0,0,0,0,0,0.0,0.0,2.9957277863923437e-06,true,0.0,0.0,2.9957277863923437e-06,true,0.0,0.0,2.9957277863923437e-06,true,true,0,0.0,0.0,2.9957277863923437e-06,true,0,0,true,0,0,0,NA,0.071425,0,0,0,0,0,0,0,0,0,0,4005
E2,seed,native,SPLIT,float,libc++,1,0.5,1,1000000,1000000,0,0,0,1000000,0,0,0,0,0,0,0,0.0,0.0,2.9957277863923437e-06,true,0.0,0.0,2.9957277863923437e-06,true,0.0,0.0,2.9957277863923437e-06,true,true,0,0.0,0.0,2.9957277863923437e-06,true,0,0,true,0,0,0,NA,0.102777,0,0,0,0,0,0,0,0,0,0,4001
E2,seed,native,SPLIT,float,libstdc++,1,0.5,1,1000000,1000000,0,0,0,1000000,0,0,0,0,0,0,0,0.0,0.0,2.9957277863923437e-06,true,0.0,0.0,2.9957277863923437e-06,true,0.0,0.0,2.9957277863923437e-06,true,true,0,0.0,0.0,2.9957277863923437e-06,true,0,0,true,0,0,0,NA,0.071482,0,0,0,0,0,0,0,0,0,0,4001
E2,seed,native,SPLIT,float,libc++,1,0.5,1,1000000,1000000,0,0,0,1000000,0,0,0,0,0,0,0,0.0,0.0,2.9957277863923437e-06,true,0.0,0.0,2.9957277863923437e-06,true,0.0,0.0,2.9957277863923437e-06,true,true,0,0.0,0.0,2.9957277863923437e-06,true,0,0,true,0,0,0,NA,0.102731,0,0,0,0,0,0,0,0,0,0,4002
E2,seed,native,SPLIT,float,libstdc++,1,0.5,1,1000000,1000000,0,0,0,1000000,0,0,0,0,0,0,0,0.0,0.0,2.9957277863923437e-06,true,0.0,0.0,2.9957277863923437e-06,true,0.0,0.0,2.9957277863923437e-06,true,true,0,0.0,0.0,2.9957277863923437e-06,true,0,0,true,0,0,0,NA,0.071438,0,0,0,0,0,0,0,0,0,0,4002
E2,seed,native,SPLIT,float,libc++,1,0.5,1,1000000,1000000,0,0,0,1000000,0,0,0,0,0,0,0,0.0,0.0,2.9957277863923437e-06,true,0.0,0.0,2.9957277863923437e-06,true,0.0,0.0,2.9957277863923437e-06,true,true,0,0.0,0.0,2.9957277863923437e-06,true,0,0,true,0,0,0,NA,0.103236,0,0,0,0,0,0,0,0,0,0,4003
E2,seed,native,SPLIT,float,libstdc++,1,0.5,1,1000000,1000000,0,0,0,1000000,0,0,0,0,0,0,0,0.0,0.0,2.9957277863923437e-06,true,0.0,0.0,2.9957277863923437e-06,true,0.0,0.0,2.9957277863923437e-06,true,true,0,0.0,0.0,2.9957277863923437e-06,true,0,0,true,0,0,0,NA,0.070885,0,0,0,0,0,0,0,0,0,0,4003
E2,seed,native,SPLIT,float,libc++,1,0.5,1,1000000,1000000,0,0,0,1000000,0,0,0,0,0,0,0,0.0,0.0,2.9957277863923437e-06,true,0.0,0.0,2.9957277863923437e-06,true,0.0,0.0,2.9957277863923437e-06,true,true,0,0.0,0.0,2.9957277863923437e-06,true,0,0,true,0,0,0,NA,0.102415,0,0,0,0,0,0,0,0,0,0,4004
E2,seed,native,SPLIT,float,libstdc++,1,0.5,1,1000000,1000000,0,0,0,1000000,0,0,0,0,0,0,0,0.0,0.0,2.9957277863923437e-06,true,0.0,0.0,2.9957277863923437e-06,true,0.0,0.0,2.9957277863923437e-06,true,true,0,0.0,0.0,2.9957277863923437e-06,true,0,0,true,0,0,0,NA,0.070808,0,0,0,0,0,0,0,0,0,0,4004
E2,seed,native,SPLIT,float,libc++,1,0.5,1,1000000,1000000,0,0,0,1000000,0,0,0,0,0,0,0,0.0,0.0,2.9957277863923437e-06,true,0.0,0.0,2.9957277863923437e-06,true,0.0,0.0,2.9957277863923437e-06,true,true,0,0.0,0.0,2.9957277863923437e-06,true,0,0,true,0,0,0,NA,0.103437,0,0,0,0,0,0,0,0,0,0,4005
E2,seed,native,SPLIT,float,libstdc++,1,0.5,1,1000000,1000000,0,0,0,1000000,0,0,0,0,0,0,0,0.0,0.0,2.9957277863923437e-06,true,0.0,0.0,2.9957277863923437e-06,true,0.0,0.0,2.9957277863923437e-06,true,true,0,0.0,0.0,2.9957277863923437e-06,true,0,0,true,0,0,0,NA,0.071826,0,0,0,0,0,0,0,0,0,0,4005
E2,seed,native,LOG,float,libc++,1.5,1.0,1,1000000,1000000,0,0,0,1000000,0,0,0,0,0,0,0,0.0,0.0,2.9957277863923437e-06,true,0.0,0.0,2.9957277863923437e-06,true,0.0,0.0,2.9957277863923437e-06,true,true,0,0.0,0.0,2.9957277863923437e-06,true,0,0,true,0,0,0,NA,0.0965779,0,0,0,0,0,0,0,0,0,0,4001
E2,seed,native,LOG,float,libstdc++,1.5,1.0,1,1000000,1000000,0,0,0,1000000,0,0,0,0,0,0,0,0.0,0.0,2.9957277863923437e-06,true,0.0,0.0,2.9957277863923437e-06,true,0.0,0.0,2.9957277863923437e-06,true,true,0,0.0,0.0,2.9957277863923437e-06,true,0,0,true,0,0,0,NA,0.082239,0,0,0,0,0,0,0,0,0,0,4001
E2,seed,native,LOG,float,libc++,1.5,1.0,1,1000000,1000000,0,0,0,1000000,0,0,0,0,0,0,0,0.0,0.0,2.9957277863923437e-06,true,0.0,0.0,2.9957277863923437e-06,true,0.0,0.0,2.9957277863923437e-06,true,true,0,0.0,0.0,2.9957277863923437e-06,true,0,0,true,0,0,0,NA,0.0954591,0,0,0,0,0,0,0,0,0,0,4002
E2,seed,native,LOG,float,libstdc++,1.5,1.0,1,1000000,1000000,0,0,0,1000000,0,0,0,0,0,0,0,0.0,0.0,2.9957277863923437e-06,true,0.0,0.0,2.9957277863923437e-06,true,0.0,0.0,2.9957277863923437e-06,true,true,0,0.0,0.0,2.9957277863923437e-06,true,0,0,true,0,0,0,NA,0.082384,0,0,0,0,0,0,0,0,0,0,4002
E2,seed,native,LOG,float,libc++,1.5,1.0,1,1000000,1000000,0,0,0,1000000,0,0,0,0,0,0,0,0.0,0.0,2.9957277863923437e-06,true,0.0,0.0,2.9957277863923437e-06,true,0.0,0.0,2.9957277863923437e-06,true,true,0,0.0,0.0,2.9957277863923437e-06,true,0,0,true,0,0,0,NA,0.0953437,0,0,0,0,0,0,0,0,0,0,4003
E2,seed,native,LOG,float,libstdc++,1.5,1.0,1,1000000,1000000,0,0,0,1000000,0,0,0,0,0,0,0,0.0,0.0,2.9957277863923437e-06,true,0.0,0.0,2.9957277863923437e-06,true,0.0,0.0,2.9957277863923437e-06,true,true,0,0.0,0.0,2.9957277863923437e-06,true,0,0,true,0,0,0,NA,0.08224,0,0,0,0,0,0,0,0,0,0,4003
E2,seed,native,LOG,float,libc++,1.5,1.0,1,1000000,1000000,0,0,0,1000000,0,0,0,0,0,0,0,0.0,0.0,2.9957277863923437e-06,true,0.0,0.0,2.9957277863923437e-06,true,0.0,0.0,2.9957277863923437e-06,true,true,0,0.0,0.0,2.9957277863923437e-06,true,0,0,true,0,0,0,NA,0.0957495,0,0,0,0,0,0,0,0,0,0,4004
E2,seed,native,LOG,float,libstdc++,1.5,1.0,1,1000000,1000000,0,0,0,1000000,0,0,0,0,0,0,0,0.0,0.0,2.9957277863923437e-06,true,0.0,0.0,2.9957277863923437e-06,true,0.0,0.0,2.9957277863923437e-06,true,true,0,0.0,0.0,2.9957277863923437e-06,true,0,0,true,0,0,0,NA,0.082035,0,0,0,0,0,0,0,0,0,0,4004
E2,seed,native,LOG,float,libc++,1.5,1.0,1,1000000,1000000,0,0,0,1000000,0,0,0,0,0,0,0,0.0,0.0,2.9957277863923437e-06,true,0.0,0.0,2.9957277863923437e-06,true,0.0,0.0,2.9957277863923437e-06,true,true,0,0.0,0.0,2.9957277863923437e-06,true,0,0,true,0,0,0,NA,0.0958823,0,0,0,0,0,0,0,0,0,0,4005
E2,seed,native,LOG,float,libstdc++,1.5,1.0,1,1000000,1000000,0,0,0,1000000,0,0,0,0,0,0,0,0.0,0.0,2.9957277863923437e-06,true,0.0,0.0,2.9957277863923437e-06,true,0.0,0.0,2.9957277863923437e-06,true,true,0,0.0,0.0,2.9957277863923437e-06,true,0,0,true,0,0,0,NA,0.081859,0,0,0,0,0,0,0,0,0,0,4005
E2,seed,native,QF,float,libc++,1.5,1.0,1,1000000,1000000,0,0,0,1000000,0,0,0,0,0,0,0,0.0,0.0,2.9957277863923437e-06,true,0.0,0.0,2.9957277863923437e-06,true,0.0,0.0,2.9957277863923437e-06,true,true,0,0.0,0.0,2.9957277863923437e-06,true,0,0,true,0,0,0,NA,0.0851447,0,0,0,0,0,0,0,0,0,0,4001
E2,seed,native,QF,float,libstdc++,1.5,1.0,1,1000000,1000000,0,0,0,1000000,0,0,0,0,0,0,0,0.0,0.0,2.9957277863923437e-06,true,0.0,0.0,2.9957277863923437e-06,true,0.0,0.0,2.9957277863923437e-06,true,true,0,0.0,0.0,2.9957277863923437e-06,true,0,0,true,0,0,0,NA,0.072114,0,0,0,0,0,0,0,0,0,0,4001
E2,seed,native,QF,float,libc++,1.5,1.0,1,1000000,1000000,0,0,0,1000000,0,0,0,0,0,0,0,0.0,0.0,2.9957277863923437e-06,true,0.0,0.0,2.9957277863923437e-06,true,0.0,0.0,2.9957277863923437e-06,true,true,0,0.0,0.0,2.9957277863923437e-06,true,0,0,true,0,0,0,NA,0.0845931,0,0,0,0,0,0,0,0,0,0,4002
E2,seed,native,QF,float,libstdc++,1.5,1.0,1,1000000,1000000,0,0,0,1000000,0,0,0,0,0,0,0,0.0,0.0,2.9957277863923437e-06,true,0.0,0.0,2.9957277863923437e-06,true,0.0,0.0,2.9957277863923437e-06,true,true,0,0.0,0.0,2.9957277863923437e-06,true,0,0,true,0,0,0,NA,0.071322,0,0,0,0,0,0,0,0,0,0,4002
E2,seed,native,QF,float,libc++,1.5,1.0,1,1000000,1000000,0,0,0,1000000,0,0,0,0,0,0,0,0.0,0.0,2.9957277863923437e-06,true,0.0,0.0,2.9957277863923437e-06,true,0.0,0.0,2.9957277863923437e-06,true,true,0,0.0,0.0,2.9957277863923437e-06,true,0,0,true,0,0,0,NA,0.0844214,0,0,0,0,0,0,0,0,0,0,4003
E2,seed,native,QF,float,libstdc++,1.5,1.0,1,1000000,1000000,0,0,0,1000000,0,0,0,0,0,0,0,0.0,0.0,2.9957277863923437e-06,true,0.0,0.0,2.9957277863923437e-06,true,0.0,0.0,2.9957277863923437e-06,true,true,0,0.0,0.0,2.9957277863923437e-06,true,0,0,true,0,0,0,NA,0.070377,0,0,0,0,0,0,0,0,0,0,4003
E2,seed,native,QF,float,libc++,1.5,1.0,1,1000000,1000000,0,0,0,1000000,0,0,0,0,0,0,0,0.0,0.0,2.9957277863923437e-06,true,0.0,0.0,2.9957277863923437e-06,true,0.0,0.0,2.9957277863923437e-06,true,true,0,0.0,0.0,2.9957277863923437e-06,true,0,0,true,0,0,0,NA,0.0846069,0,0,0,0,0,0,0,0,0,0,4004
E2,seed,native,QF,float,libstdc++,1.5,1.0,1,1000000,1000000,0,0,0,1000000,0,0,0,0,0,0,0,0.0,0.0,2.9957277863923437e-06,true,0.0,0.0,2.9957277863923437e-06,true,0.0,0.0,2.9957277863923437e-06,true,true,0,0.0,0.0,2.9957277863923437e-06,true,0,0,true,0,0,0,NA,0.070609,0,0,0,0,0,0,0,0,0,0,4004
E2,seed,native,QF,float,libc++,1.5,1.0,1,1000000,1000000,0,0,0,1000000,0,0,0,0,0,0,0,0.0,0.0,2.9957277863923437e-06,true,0.0,0.0,2.9957277863923437e-06,true,0.0,0.0,2.9957277863923437e-06,true,true,0,0.0,0.0,2.9957277863923437e-06,true,0,0,true,0,0,0,NA,0.0845768,0,0,0,0,0,0,0,0,0,0,4005
E2,seed,native,QF,float,libstdc++,1.5,1.0,1,1000000,1000000,0,0,0,1000000,0,0,0,0,0,0,0,0.0,0.0,2.9957277863923437e-06,true,0.0,0.0,2.9957277863923437e-06,true,0.0,0.0,2.9957277863923437e-06,true,true,0,0.0,0.0,2.9957277863923437e-06,true,0,0,true,0,0,0,NA,0.069997,0,0,0,0,0,0,0,0,0,0,4005
E2,seed,native,SPLIT,float,libc++,1.5,1.0,1,1000000,1000000,0,0,0,1000000,0,0,0,0,0,0,0,0.0,0.0,2.9957277863923437e-06,true,0.0,0.0,2.9957277863923437e-06,true,0.0,0.0,2.9957277863923437e-06,true,true,0,0.0,0.0,2.9957277863923437e-06,true,0,0,true,0,0,0,NA,0.0847651,0,0,0,0,0,0,0,0,0,0,4001
E2,seed,native,SPLIT,float,libstdc++,1.5,1.0,1,1000000,1000000,0,0,0,1000000,0,0,0,0,0,0,0,0.0,0.0,2.9957277863923437e-06,true,0.0,0.0,2.9957277863923437e-06,true,0.0,0.0,2.9957277863923437e-06,true,true,0,0.0,0.0,2.9957277863923437e-06,true,0,0,true,0,0,0,NA,0.070108,0,0,0,0,0,0,0,0,0,0,4001
E2,seed,native,SPLIT,float,libc++,1.5,1.0,1,1000000,1000000,0,0,0,1000000,0,0,0,0,0,0,0,0.0,0.0,2.9957277863923437e-06,true,0.0,0.0,2.9957277863923437e-06,true,0.0,0.0,2.9957277863923437e-06,true,true,0,0.0,0.0,2.9957277863923437e-06,true,0,0,true,0,0,0,NA,0.0844503,0,0,0,0,0,0,0,0,0,0,4002
E2,seed,native,SPLIT,float,libstdc++,1.5,1.0,1,1000000,1000000,0,0,0,1000000,0,0,0,0,0,0,0,0.0,0.0,2.9957277863923437e-06,true,0.0,0.0,2.9957277863923437e-06,true,0.0,0.0,2.9957277863923437e-06,true,true,0,0.0,0.0,2.9957277863923437e-06,true,0,0,true,0,0,0,NA,0.070153,0,0,0,0,0,0,0,0,0,0,4002
E2,seed,native,SPLIT,float,libc++,1.5,1.0,1,1000000,1000000,0,0,0,1000000,0,0,0,0,0,0,0,0.0,0.0,2.9957277863923437e-06,true,0.0,0.0,2.9957277863923437e-06,true,0.0,0.0,2.9957277863923437e-06,true,true,0,0.0,0.0,2.9957277863923437e-06,true,0,0,true,0,0,0,NA,0.0844925,0,0,0,0,0,0,0,0,0,0,4003
E2,seed,native,SPLIT,float,libstdc++,1.5,1.0,1,1000000,1000000,0,0,0,1000000,0,0,0,0,0,0,0,0.0,0.0,2.9957277863923437e-06,true,0.0,0.0,2.9957277863923437e-06,true,0.0,0.0,2.9957277863923437e-06,true,true,0,0.0,0.0,2.9957277863923437e-06,true,0,0,true,0,0,0,NA,0.070401,0,0,0,0,0,0,0,0,0,0,4003
E2,seed,native,SPLIT,float,libc++,1.5,1.0,1,1000000,1000000,0,0,0,1000000,0,0,0,0,0,0,0,0.0,0.0,2.9957277863923437e-06,true,0.0,0.0,2.9957277863923437e-06,true,0.0,0.0,2.9957277863923437e-06,true,true,0,0.0,0.0,2.9957277863923437e-06,true,0,0,true,0,0,0,NA,0.084832,0,0,0,0,0,0,0,0,0,0,4004
E2,seed,native,SPLIT,float,libstdc++,1.5,1.0,1,1000000,1000000,0,0,0,1000000,0,0,0,0,0,0,0,0.0,0.0,2.9957277863923437e-06,true,0.0,0.0,2.9957277863923437e-06,true,0.0,0.0,2.9957277863923437e-06,true,true,0,0.0,0.0,2.9957277863923437e-06,true,0,0,true,0,0,0,NA,0.069991,0,0,0,0,0,0,0,0,0,0,4004
E2,seed,native,SPLIT,float,libc++,1.5,1.0,1,1000000,1000000,0,0,0,1000000,0,0,0,0,0,0,0,0.0,0.0,2.9957277863923437e-06,true,0.0,0.0,2.9957277863923437e-06,true,0.0,0.0,2.9957277863923437e-06,true,true,0,0.0,0.0,2.9957277863923437e-06,true,0,0,true,0,0,0,NA,0.0844192,0,0,0,0,0,0,0,0,0,0,4005
E2,seed,native,SPLIT,float,libstdc++,1.5,1.0,1,1000000,1000000,0,0,0,1000000,0,0,0,0,0,0,0,0.0,0.0,2.9957277863923437e-06,true,0.0,0.0,2.9957277863923437e-06,true,0.0,0.0,2.9957277863923437e-06,true,true,0,0.0,0.0,2.9957277863923437e-06,true,0,0,true,0,0,0,NA,0.070918,0,0,0,0,0,0,0,0,0,0,4005
E2,seed,native,LOG,float,libc++,2,1.5,1,1000000,1000000,0,0,0,1000000,0,0,0,0,0,0,0,0.0,0.0,2.9957277863923437e-06,true,0.0,0.0,2.9957277863923437e-06,true,0.0,0.0,2.9957277863923437e-06,true,true,0,0.0,0.0,2.9957277863923437e-06,true,0,0,true,0,0,0,NA,0.136028,0,0,0,0,0,0,0,0,0,0,4001
E2,seed,native,LOG,float,libstdc++,2,1.5,1,1000000,1000000,0,0,0,1000000,0,0,0,0,0,0,0,0.0,0.0,2.9957277863923437e-06,true,0.0,0.0,2.9957277863923437e-06,true,0.0,0.0,2.9957277863923437e-06,true,true,0,0.0,0.0,2.9957277863923437e-06,true,0,0,true,0,0,0,NA,0.0827,0,0,0,0,0,0,0,0,0,0,4001
E2,seed,native,LOG,float,libc++,2,1.5,1,1000000,1000000,0,0,0,1000000,0,0,0,0,0,0,0,0.0,0.0,2.9957277863923437e-06,true,0.0,0.0,2.9957277863923437e-06,true,0.0,0.0,2.9957277863923437e-06,true,true,0,0.0,0.0,2.9957277863923437e-06,true,0,0,true,0,0,0,NA,0.134716,0,0,0,0,0,0,0,0,0,0,4002
E2,seed,native,LOG,float,libstdc++,2,1.5,1,1000000,1000000,0,0,0,1000000,0,0,0,0,0,0,0,0.0,0.0,2.9957277863923437e-06,true,0.0,0.0,2.9957277863923437e-06,true,0.0,0.0,2.9957277863923437e-06,true,true,0,0.0,0.0,2.9957277863923437e-06,true,0,0,true,0,0,0,NA,0.082115,0,0,0,0,0,0,0,0,0,0,4002
E2,seed,native,LOG,float,libc++,2,1.5,1,1000000,1000000,0,0,0,1000000,0,0,0,0,0,0,0,0.0,0.0,2.9957277863923437e-06,true,0.0,0.0,2.9957277863923437e-06,true,0.0,0.0,2.9957277863923437e-06,true,true,0,0.0,0.0,2.9957277863923437e-06,true,0,0,true,0,0,0,NA,0.136902,0,0,0,0,0,0,0,0,0,0,4003
E2,seed,native,LOG,float,libstdc++,2,1.5,1,1000000,1000000,0,0,0,1000000,0,0,0,0,0,0,0,0.0,0.0,2.9957277863923437e-06,true,0.0,0.0,2.9957277863923437e-06,true,0.0,0.0,2.9957277863923437e-06,true,true,0,0.0,0.0,2.9957277863923437e-06,true,0,0,true,0,0,0,NA,0.082167,0,0,0,0,0,0,0,0,0,0,4003
E2,seed,native,LOG,float,libc++,2,1.5,1,1000000,1000000,0,0,0,1000000,0,0,0,0,0,0,0,0.0,0.0,2.9957277863923437e-06,true,0.0,0.0,2.9957277863923437e-06,true,0.0,0.0,2.9957277863923437e-06,true,true,0,0.0,0.0,2.9957277863923437e-06,true,0,0,true,0,0,0,NA,0.135565,0,0,0,0,0,0,0,0,0,0,4004
E2,seed,native,LOG,float,libstdc++,2,1.5,1,1000000,1000000,0,0,0,1000000,0,0,0,0,0,0,0,0.0,0.0,2.9957277863923437e-06,true,0.0,0.0,2.9957277863923437e-06,true,0.0,0.0,2.9957277863923437e-06,true,true,0,0.0,0.0,2.9957277863923437e-06,true,0,0,true,0,0,0,NA,0.082595,0,0,0,0,0,0,0,0,0,0,4004
E2,seed,native,LOG,float,libc++,2,1.5,1,1000000,1000000,0,0,0,1000000,0,0,0,0,0,0,0,0.0,0.0,2.9957277863923437e-06,true,0.0,0.0,2.9957277863923437e-06,true,0.0,0.0,2.9957277863923437e-06,true,true,0,0.0,0.0,2.9957277863923437e-06,true,0,0,true,0,0,0,NA,0.134719,0,0,0,0,0,0,0,0,0,0,4005
E2,seed,native,LOG,float,libstdc++,2,1.5,1,1000000,1000000,0,0,0,1000000,0,0,0,0,0,0,0,0.0,0.0,2.9957277863923437e-06,true,0.0,0.0,2.9957277863923437e-06,true,0.0,0.0,2.9957277863923437e-06,true,true,0,0.0,0.0,2.9957277863923437e-06,true,0,0,true,0,0,0,NA,0.08323,0,0,0,0,0,0,0,0,0,0,4005
E2,seed,native,QF,float,libc++,2,1.5,1,1000000,1000000,0,0,0,1000000,0,0,0,0,0,0,0,0.0,0.0,2.9957277863923437e-06,true,0.0,0.0,2.9957277863923437e-06,true,0.0,0.0,2.9957277863923437e-06,true,true,0,0.0,0.0,2.9957277863923437e-06,true,0,0,true,0,0,0,NA,0.124371,0,0,0,0,0,0,0,0,0,0,4001
E2,seed,native,QF,float,libstdc++,2,1.5,1,1000000,1000000,0,0,0,1000000,0,0,0,0,0,0,0,0.0,0.0,2.9957277863923437e-06,true,0.0,0.0,2.9957277863923437e-06,true,0.0,0.0,2.9957277863923437e-06,true,true,0,0.0,0.0,2.9957277863923437e-06,true,0,0,true,0,0,0,NA,0.070467,0,0,0,0,0,0,0,0,0,0,4001
E2,seed,native,QF,float,libc++,2,1.5,1,1000000,1000000,0,0,0,1000000,0,0,0,0,0,0,0,0.0,0.0,2.9957277863923437e-06,true,0.0,0.0,2.9957277863923437e-06,true,0.0,0.0,2.9957277863923437e-06,true,true,0,0.0,0.0,2.9957277863923437e-06,true,0,0,true,0,0,0,NA,0.123078,0,0,0,0,0,0,0,0,0,0,4002
E2,seed,native,QF,float,libstdc++,2,1.5,1,1000000,1000000,0,0,0,1000000,0,0,0,0,0,0,0,0.0,0.0,2.9957277863923437e-06,true,0.0,0.0,2.9957277863923437e-06,true,0.0,0.0,2.9957277863923437e-06,true,true,0,0.0,0.0,2.9957277863923437e-06,true,0,0,true,0,0,0,NA,0.070978,0,0,0,0,0,0,0,0,0,0,4002
E2,seed,native,QF,float,libc++,2,1.5,1,1000000,1000000,0,0,0,1000000,0,0,0,0,0,0,0,0.0,0.0,2.9957277863923437e-06,true,0.0,0.0,2.9957277863923437e-06,true,0.0,0.0,2.9957277863923437e-06,true,true,0,0.0,0.0,2.9957277863923437e-06,true,0,0,true,0,0,0,NA,0.12394,0,0,0,0,0,0,0,0,0,0,4003
E2,seed,native,QF,float,libstdc++,2,1.5,1,1000000,1000000,0,0,0,1000000,0,0,0,0,0,0,0,0.0,0.0,2.9957277863923437e-06,true,0.0,0.0,2.9957277863923437e-06,true,0.0,0.0,2.9957277863923437e-06,true,true,0,0.0,0.0,2.9957277863923437e-06,true,0,0,true,0,0,0,NA,0.070678,0,0,0,0,0,0,0,0,0,0,4003
E2,seed,native,QF,float,libc++,2,1.5,1,1000000,1000000,0,0,0,1000000,0,0,0,0,0,0,0,0.0,0.0,2.9957277863923437e-06,true,0.0,0.0,2.9957277863923437e-06,true,0.0,0.0,2.9957277863923437e-06,true,true,0,0.0,0.0,2.9957277863923437e-06,true,0,0,true,0,0,0,NA,0.124511,0,0,0,0,0,0,0,0,0,0,4004
E2,seed,native,QF,float,libstdc++,2,1.5,1,1000000,1000000,0,0,0,1000000,0,0,0,0,0,0,0,0.0,0.0,2.9957277863923437e-06,true,0.0,0.0,2.9957277863923437e-06,true,0.0,0.0,2.9957277863923437e-06,true,true,0,0.0,0.0,2.9957277863923437e-06,true,0,0,true,0,0,0,NA,0.074174,0,0,0,0,0,0,0,0,0,0,4004
E2,seed,native,QF,float,libc++,2,1.5,1,1000000,1000000,0,0,0,1000000,0,0,0,0,0,0,0,0.0,0.0,2.9957277863923437e-06,true,0.0,0.0,2.9957277863923437e-06,true,0.0,0.0,2.9957277863923437e-06,true,true,0,0.0,0.0,2.9957277863923437e-06,true,0,0,true,0,0,0,NA,0.124308,0,0,0,0,0,0,0,0,0,0,4005
E2,seed,native,QF,float,libstdc++,2,1.5,1,1000000,1000000,0,0,0,1000000,0,0,0,0,0,0,0,0.0,0.0,2.9957277863923437e-06,true,0.0,0.0,2.9957277863923437e-06,true,0.0,0.0,2.9957277863923437e-06,true,true,0,0.0,0.0,2.9957277863923437e-06,true,0,0,true,0,0,0,NA,0.070909,0,0,0,0,0,0,0,0,0,0,4005
E2,seed,native,SPLIT,float,libc++,2,1.5,1,1000000,1000000,0,0,0,1000000,0,0,0,0,0,0,0,0.0,0.0,2.9957277863923437e-06,true,0.0,0.0,2.9957277863923437e-06,true,0.0,0.0,2.9957277863923437e-06,true,true,0,0.0,0.0,2.9957277863923437e-06,true,0,0,true,0,0,0,NA,0.124336,0,0,0,0,0,0,0,0,0,0,4001
E2,seed,native,SPLIT,float,libstdc++,2,1.5,1,1000000,1000000,0,0,0,1000000,0,0,0,0,0,0,0,0.0,0.0,2.9957277863923437e-06,true,0.0,0.0,2.9957277863923437e-06,true,0.0,0.0,2.9957277863923437e-06,true,true,0,0.0,0.0,2.9957277863923437e-06,true,0,0,true,0,0,0,NA,0.070612,0,0,0,0,0,0,0,0,0,0,4001
E2,seed,native,SPLIT,float,libc++,2,1.5,1,1000000,1000000,0,0,0,1000000,0,0,0,0,0,0,0,0.0,0.0,2.9957277863923437e-06,true,0.0,0.0,2.9957277863923437e-06,true,0.0,0.0,2.9957277863923437e-06,true,true,0,0.0,0.0,2.9957277863923437e-06,true,0,0,true,0,0,0,NA,0.123847,0,0,0,0,0,0,0,0,0,0,4002
E2,seed,native,SPLIT,float,libstdc++,2,1.5,1,1000000,1000000,0,0,0,1000000,0,0,0,0,0,0,0,0.0,0.0,2.9957277863923437e-06,true,0.0,0.0,2.9957277863923437e-06,true,0.0,0.0,2.9957277863923437e-06,true,true,0,0.0,0.0,2.9957277863923437e-06,true,0,0,true,0,0,0,NA,0.070934,0,0,0,0,0,0,0,0,0,0,4002
E2,seed,native,SPLIT,float,libc++,2,1.5,1,1000000,1000000,0,0,0,1000000,0,0,0,0,0,0,0,0.0,0.0,2.9957277863923437e-06,true,0.0,0.0,2.9957277863923437e-06,true,0.0,0.0,2.9957277863923437e-06,true,true,0,0.0,0.0,2.9957277863923437e-06,true,0,0,true,0,0,0,NA,0.124223,0,0,0,0,0,0,0,0,0,0,4003
E2,seed,native,SPLIT,float,libstdc++,2,1.5,1,1000000,1000000,0,0,0,1000000,0,0,0,0,0,0,0,0.0,0.0,2.9957277863923437e-06,true,0.0,0.0,2.9957277863923437e-06,true,0.0,0.0,2.9957277863923437e-06,true,true,0,0.0,0.0,2.9957277863923437e-06,true,0,0,true,0,0,0,NA,0.070666,0,0,0,0,0,0,0,0,0,0,4003
E2,seed,native,SPLIT,float,libc++,2,1.5,1,1000000,1000000,0,0,0,1000000,0,0,0,0,0,0,0,0.0,0.0,2.9957277863923437e-06,true,0.0,0.0,2.9957277863923437e-06,true,0.0,0.0,2.9957277863923437e-06,true,true,0,0.0,0.0,2.9957277863923437e-06,true,0,0,true,0,0,0,NA,0.124105,0,0,0,0,0,0,0,0,0,0,4004
E2,seed,native,SPLIT,float,libstdc++,2,1.5,1,1000000,1000000,0,0,0,1000000,0,0,0,0,0,0,0,0.0,0.0,2.9957277863923437e-06,true,0.0,0.0,2.9957277863923437e-06,true,0.0,0.0,2.9957277863923437e-06,true,true,0,0.0,0.0,2.9957277863923437e-06,true,0,0,true,0,0,0,NA,0.070485,0,0,0,0,0,0,0,0,0,0,4004
E2,seed,native,SPLIT,float,libc++,2,1.5,1,1000000,1000000,0,0,0,1000000,0,0,0,0,0,0,0,0.0,0.0,2.9957277863923437e-06,true,0.0,0.0,2.9957277863923437e-06,true,0.0,0.0,2.9957277863923437e-06,true,true,0,0.0,0.0,2.9957277863923437e-06,true,0,0,true,0,0,0,NA,0.123104,0,0,0,0,0,0,0,0,0,0,4005
E2,seed,native,SPLIT,float,libstdc++,2,1.5,1,1000000,1000000,0,0,0,1000000,0,0,0,0,0,0,0,0.0,0.0,2.9957277863923437e-06,true,0.0,0.0,2.9957277863923437e-06,true,0.0,0.0,2.9957277863923437e-06,true,true,0,0.0,0.0,2.9957277863923437e-06,true,0,0,true,0,0,0,NA,0.071856,0,0,0,0,0,0,0,0,0,0,4005
E2,seed,native,LOG,float,libc++,5,4.5,1,1000000,1000000,0,0,0,1000000,0,0,0,0,0,0,0,0.0,0.0,2.9957277863923437e-06,true,0.0,0.0,2.9957277863923437e-06,true,0.0,0.0,2.9957277863923437e-06,true,true,0,0.0,0.0,2.9957277863923437e-06,true,0,0,true,0,0,0,NA,0.126709,0,0,0,0,0,0,0,0,0,0,4001
E2,seed,native,LOG,float,libstdc++,5,4.5,1,1000000,1000000,0,0,0,1000000,0,0,0,0,0,0,0,0.0,0.0,2.9957277863923437e-06,true,0.0,0.0,2.9957277863923437e-06,true,0.0,0.0,2.9957277863923437e-06,true,true,0,0.0,0.0,2.9957277863923437e-06,true,0,0,true,0,0,0,NA,0.082471,0,0,0,0,0,0,0,0,0,0,4001
E2,seed,native,LOG,float,libc++,5,4.5,1,1000000,1000000,0,0,0,1000000,0,0,0,0,0,0,0,0.0,0.0,2.9957277863923437e-06,true,0.0,0.0,2.9957277863923437e-06,true,0.0,0.0,2.9957277863923437e-06,true,true,0,0.0,0.0,2.9957277863923437e-06,true,0,0,true,0,0,0,NA,0.127189,0,0,0,0,0,0,0,0,0,0,4002
E2,seed,native,LOG,float,libstdc++,5,4.5,1,1000000,1000000,0,0,0,1000000,0,0,0,0,0,0,0,0.0,0.0,2.9957277863923437e-06,true,0.0,0.0,2.9957277863923437e-06,true,0.0,0.0,2.9957277863923437e-06,true,true,0,0.0,0.0,2.9957277863923437e-06,true,0,0,true,0,0,0,NA,0.081465,0,0,0,0,0,0,0,0,0,0,4002
E2,seed,native,LOG,float,libc++,5,4.5,1,1000000,1000000,0,0,0,1000000,0,0,0,0,0,0,0,0.0,0.0,2.9957277863923437e-06,true,0.0,0.0,2.9957277863923437e-06,true,0.0,0.0,2.9957277863923437e-06,true,true,0,0.0,0.0,2.9957277863923437e-06,true,0,0,true,0,0,0,NA,0.127451,0,0,0,0,0,0,0,0,0,0,4003
E2,seed,native,LOG,float,libstdc++,5,4.5,1,1000000,1000000,0,0,0,1000000,0,0,0,0,0,0,0,0.0,0.0,2.9957277863923437e-06,true,0.0,0.0,2.9957277863923437e-06,true,0.0,0.0,2.9957277863923437e-06,true,true,0,0.0,0.0,2.9957277863923437e-06,true,0,0,true,0,0,0,NA,0.082315,0,0,0,0,0,0,0,0,0,0,4003
E2,seed,native,LOG,float,libc++,5,4.5,1,1000000,1000000,0,0,0,1000000,0,0,0,0,0,0,0,0.0,0.0,2.9957277863923437e-06,true,0.0,0.0,2.9957277863923437e-06,true,0.0,0.0,2.9957277863923437e-06,true,true,0,0.0,0.0,2.9957277863923437e-06,true,0,0,true,0,0,0,NA,0.12631,0,0,0,0,0,0,0,0,0,0,4004
E2,seed,native,LOG,float,libstdc++,5,4.5,1,1000000,1000000,0,0,0,1000000,0,0,0,0,0,0,0,0.0,0.0,2.9957277863923437e-06,true,0.0,0.0,2.9957277863923437e-06,true,0.0,0.0,2.9957277863923437e-06,true,true,0,0.0,0.0,2.9957277863923437e-06,true,0,0,true,0,0,0,NA,0.082536,0,0,0,0,0,0,0,0,0,0,4004
E2,seed,native,LOG,float,libc++,5,4.5,1,1000000,1000000,0,0,0,1000000,0,0,0,0,0,0,0,0.0,0.0,2.9957277863923437e-06,true,0.0,0.0,2.9957277863923437e-06,true,0.0,0.0,2.9957277863923437e-06,true,true,0,0.0,0.0,2.9957277863923437e-06,true,0,0,true,0,0,0,NA,0.126309,0,0,0,0,0,0,0,0,0,0,4005
E2,seed,native,LOG,float,libstdc++,5,4.5,1,1000000,1000000,0,0,0,1000000,0,0,0,0,0,0,0,0.0,0.0,2.9957277863923437e-06,true,0.0,0.0,2.9957277863923437e-06,true,0.0,0.0,2.9957277863923437e-06,true,true,0,0.0,0.0,2.9957277863923437e-06,true,0,0,true,0,0,0,NA,0.082325,0,0,0,0,0,0,0,0,0,0,4005
E2,seed,native,QF,float,libc++,5,4.5,1,1000000,1000000,0,0,0,1000000,0,0,0,0,0,0,0,0.0,0.0,2.9957277863923437e-06,true,0.0,0.0,2.9957277863923437e-06,true,0.0,0.0,2.9957277863923437e-06,true,true,0,0.0,0.0,2.9957277863923437e-06,true,0,0,true,0,0,0,NA,0.115118,0,0,0,0,0,0,0,0,0,0,4001
E2,seed,native,QF,float,libstdc++,5,4.5,1,1000000,1000000,0,0,0,1000000,0,0,0,0,0,0,0,0.0,0.0,2.9957277863923437e-06,true,0.0,0.0,2.9957277863923437e-06,true,0.0,0.0,2.9957277863923437e-06,true,true,0,0.0,0.0,2.9957277863923437e-06,true,0,0,true,0,0,0,NA,0.070714,0,0,0,0,0,0,0,0,0,0,4001
E2,seed,native,QF,float,libc++,5,4.5,1,1000000,1000000,0,0,0,1000000,0,0,0,0,0,0,0,0.0,0.0,2.9957277863923437e-06,true,0.0,0.0,2.9957277863923437e-06,true,0.0,0.0,2.9957277863923437e-06,true,true,0,0.0,0.0,2.9957277863923437e-06,true,0,0,true,0,0,0,NA,0.11498,0,0,0,0,0,0,0,0,0,0,4002
E2,seed,native,QF,float,libstdc++,5,4.5,1,1000000,1000000,0,0,0,1000000,0,0,0,0,0,0,0,0.0,0.0,2.9957277863923437e-06,true,0.0,0.0,2.9957277863923437e-06,true,0.0,0.0,2.9957277863923437e-06,true,true,0,0.0,0.0,2.9957277863923437e-06,true,0,0,true,0,0,0,NA,0.070204,0,0,0,0,0,0,0,0,0,0,4002
E2,seed,native,QF,float,libc++,5,4.5,1,1000000,1000000,0,0,0,1000000,0,0,0,0,0,0,0,0.0,0.0,2.9957277863923437e-06,true,0.0,0.0,2.9957277863923437e-06,true,0.0,0.0,2.9957277863923437e-06,true,true,0,0.0,0.0,2.9957277863923437e-06,true,0,0,true,0,0,0,NA,0.115608,0,0,0,0,0,0,0,0,0,0,4003
E2,seed,native,QF,float,libstdc++,5,4.5,1,1000000,1000000,0,0,0,1000000,0,0,0,0,0,0,0,0.0,0.0,2.9957277863923437e-06,true,0.0,0.0,2.9957277863923437e-06,true,0.0,0.0,2.9957277863923437e-06,true,true,0,0.0,0.0,2.9957277863923437e-06,true,0,0,true,0,0,0,NA,0.070186,0,0,0,0,0,0,0,0,0,0,4003
E2,seed,native,QF,float,libc++,5,4.5,1,1000000,1000000,0,0,0,1000000,0,0,0,0,0,0,0,0.0,0.0,2.9957277863923437e-06,true,0.0,0.0,2.9957277863923437e-06,true,0.0,0.0,2.9957277863923437e-06,true,true,0,0.0,0.0,2.9957277863923437e-06,true,0,0,true,0,0,0,NA,0.11556,0,0,0,0,0,0,0,0,0,0,4004
E2,seed,native,QF,float,libstdc++,5,4.5,1,1000000,1000000,0,0,0,1000000,0,0,0,0,0,0,0,0.0,0.0,2.9957277863923437e-06,true,0.0,0.0,2.9957277863923437e-06,true,0.0,0.0,2.9957277863923437e-06,true,true,0,0.0,0.0,2.9957277863923437e-06,true,0,0,true,0,0,0,NA,0.070011,0,0,0,0,0,0,0,0,0,0,4004
E2,seed,native,QF,float,libc++,5,4.5,1,1000000,1000000,0,0,0,1000000,0,0,0,0,0,0,0,0.0,0.0,2.9957277863923437e-06,true,0.0,0.0,2.9957277863923437e-06,true,0.0,0.0,2.9957277863923437e-06,true,true,0,0.0,0.0,2.9957277863923437e-06,true,0,0,true,0,0,0,NA,0.116003,0,0,0,0,0,0,0,0,0,0,4005
E2,seed,native,QF,float,libstdc++,5,4.5,1,1000000,1000000,0,0,0,1000000,0,0,0,0,0,0,0,0.0,0.0,2.9957277863923437e-06,true,0.0,0.0,2.9957277863923437e-06,true,0.0,0.0,2.9957277863923437e-06,true,true,0,0.0,0.0,2.9957277863923437e-06,true,0,0,true,0,0,0,NA,0.070157,0,0,0,0,0,0,0,0,0,0,4005
E2,seed,native,SPLIT,float,libc++,5,4.5,1,1000000,1000000,0,0,0,1000000,0,0,0,0,0,0,0,0.0,0.0,2.9957277863923437e-06,true,0.0,0.0,2.9957277863923437e-06,true,0.0,0.0,2.9957277863923437e-06,true,true,0,0.0,0.0,2.9957277863923437e-06,true,0,0,true,0,0,0,NA,0.115708,0,0,0,0,0,0,0,0,0,0,4001
E2,seed,native,SPLIT,float,libstdc++,5,4.5,1,1000000,1000000,0,0,0,1000000,0,0,0,0,0,0,0,0.0,0.0,2.9957277863923437e-06,true,0.0,0.0,2.9957277863923437e-06,true,0.0,0.0,2.9957277863923437e-06,true,true,0,0.0,0.0,2.9957277863923437e-06,true,0,0,true,0,0,0,NA,0.070484,0,0,0,0,0,0,0,0,0,0,4001
E2,seed,native,SPLIT,float,libc++,5,4.5,1,1000000,1000000,0,0,0,1000000,0,0,0,0,0,0,0,0.0,0.0,2.9957277863923437e-06,true,0.0,0.0,2.9957277863923437e-06,true,0.0,0.0,2.9957277863923437e-06,true,true,0,0.0,0.0,2.9957277863923437e-06,true,0,0,true,0,0,0,NA,0.115275,0,0,0,0,0,0,0,0,0,0,4002
E2,seed,native,SPLIT,float,libstdc++,5,4.5,1,1000000,1000000,0,0,0,1000000,0,0,0,0,0,0,0,0.0,0.0,2.9957277863923437e-06,true,0.0,0.0,2.9957277863923437e-06,true,0.0,0.0,2.9957277863923437e-06,true,true,0,0.0,0.0,2.9957277863923437e-06,true,0,0,true,0,0,0,NA,0.070374,0,0,0,0,0,0,0,0,0,0,4002
E2,seed,native,SPLIT,float,libc++,5,4.5,1,1000000,1000000,0,0,0,1000000,0,0,0,0,0,0,0,0.0,0.0,2.9957277863923437e-06,true,0.0,0.0,2.9957277863923437e-06,true,0.0,0.0,2.9957277863923437e-06,true,true,0,0.0,0.0,2.9957277863923437e-06,true,0,0,true,0,0,0,NA,0.117588,0,0,0,0,0,0,0,0,0,0,4003
E2,seed,native,SPLIT,float,libstdc++,5,4.5,1,1000000,1000000,0,0,0,1000000,0,0,0,0,0,0,0,0.0,0.0,2.9957277863923437e-06,true,0.0,0.0,2.9957277863923437e-06,true,0.0,0.0,2.9957277863923437e-06,true,true,0,0.0,0.0,2.9957277863923437e-06,true,0,0,true,0,0,0,NA,0.070324,0,0,0,0,0,0,0,0,0,0,4003
E2,seed,native,SPLIT,float,libc++,5,4.5,1,1000000,1000000,0,0,0,1000000,0,0,0,0,0,0,0,0.0,0.0,2.9957277863923437e-06,true,0.0,0.0,2.9957277863923437e-06,true,0.0,0.0,2.9957277863923437e-06,true,true,0,0.0,0.0,2.9957277863923437e-06,true,0,0,true,0,0,0,NA,0.116449,0,0,0,0,0,0,0,0,0,0,4004
E2,seed,native,SPLIT,float,libstdc++,5,4.5,1,1000000,1000000,0,0,0,1000000,0,0,0,0,0,0,0,0.0,0.0,2.9957277863923437e-06,true,0.0,0.0,2.9957277863923437e-06,true,0.0,0.0,2.9957277863923437e-06,true,true,0,0.0,0.0,2.9957277863923437e-06,true,0,0,true,0,0,0,NA,0.070058,0,0,0,0,0,0,0,0,0,0,4004
E2,seed,native,SPLIT,float,libc++,5,4.5,1,1000000,1000000,0,0,0,1000000,0,0,0,0,0,0,0,0.0,0.0,2.9957277863923437e-06,true,0.0,0.0,2.9957277863923437e-06,true,0.0,0.0,2.9957277863923437e-06,true,true,0,0.0,0.0,2.9957277863923437e-06,true,0,0,true,0,0,0,NA,0.115183,0,0,0,0,0,0,0,0,0,0,4005
E2,seed,native,SPLIT,float,libstdc++,5,4.5,1,1000000,1000000,0,0,0,1000000,0,0,0,0,0,0,0,0.0,0.0,2.9957277863923437e-06,true,0.0,0.0,2.9957277863923437e-06,true,0.0,0.0,2.9957277863923437e-06,true,true,0,0.0,0.0,2.9957277863923437e-06,true,0,0,true,0,0,0,NA,0.070814,0,0,0,0,0,0,0,0,0,0,4005
E2,seed,paired,LOG,double,libc++,0.5001,9.999999999998899e-05,1,1000000,131533,868467,0,868467,131533,0,0,0,0,868467,0,0,0.868467,0.867802999533303,0.8691288654214727,false,0.0,0.0,2.9957277863923437e-06,true,0.868467,0.867802999533303,0.8691288654214727,false,true,868467,0.868467,0.867802999533303,0.8691288654214727,false,731,0,true,928665,3340,0,0.00044798624209949636,0,731,731,63089,636,122,13,868065,177,67993,7,4001
E2,seed,paired,LOG,double,libstdc++,0.5001,9.999999999998899e-05,1,1000000,132441,867559,0,867559,132441,0,0,0,0,867559,0,0,0.867559,0.8668930672255768,0.868222802996719,false,0.0,0.0,2.9957277863923437e-06,true,0.867559,0.8668930672255768,0.868222802996719,false,true,867559,0.867559,0.8668930672255768,0.868222802996719,false,693,0,true,928439,3428,0,0.000425379432529623,0,693,693,63822,649,139,14,867215,172,68131,7,4001
E2,seed,paired,LOG,double,libc++,0.5001,9.999999999998899e-05,1,1000000,132662,867338,0,867338,132662,0,0,0,0,867338,0,0,0.867338,0.866671598490151,0.8680022730142007,false,0.0,0.0,2.9957277863923437e-06,true,0.867338,0.866671598490151,0.8680022730142007,false,true,867338,0.867338,0.866671598490151,0.8680022730142007,false,676,0,true,928273,3318,0,0.00034522858248250276,0,676,676,63786,643,121,13,867008,174,68409,7,4002
E2,seed,paired,LOG,double,libstdc++,0.5001,9.999999999998899e-05,1,1000000,132275,867725,0,867725,132275,0,0,0,0,867725,0,0,0.867725,0.8670594197114205,0.8683884495478773,false,0.0,0.0,2.9957277863923437e-06,true,0.867725,0.8670594197114205,0.8683884495478773,false,true,867725,0.867725,0.8670594197114205,0.8683884495478773,false,721,0,true,928634,3400,0,0.00039532205206272054,0,721,721,63831,646,139,14,867343,173,67966,7,4002
E2,seed,paired,LOG,double,libc++,0.5001,9.999999999998899e-05,1,1000000,132532,867468,0,867468,132532,0,0,0,0,867468,0,0,0.867468,0.8668018741425316,0.8681319966076697,false,0.0,0.0,2.9957277863923437e-06,true,0.867468,0.8668018741425316,0.8681319966076697,false,true,867468,0.867468,0.8668018741425316,0.8681319966076697,false,698,0,true,928088,3494,0,0.0004311925826618372,0,698,698,63632,641,129,13,867124,174,68417,7,4003
E2,seed,paired,LOG,double,libstdc++,0.5001,9.999999999998899e-05,1,1000000,132648,867352,0,867352,132648,0,0,0,0,867352,0,0,0.867352,0.8666856281655941,0.8680162432575439,false,0.0,0.0,2.9957277863923437e-06,true,0.867352,0.8666856281655941,0.8680162432575439,false,true,867352,0.867352,0.8666856281655941,0.8680162432575439,false,683,0,true,928129,3431,0,0.00042957140155704273,0,683,683,63724,643,123,13,867030,172,68440,7,4003
E2,seed,paired,LOG,double,libc++,0.5001,9.999999999998899e-05,1,1000000,132323,867677,0,867677,132323,0,0,0,0,867677,0,0,0.867677,0.8670113177521428,0.8683405517856122,false,0.0,0.0,2.9957277863923437e-06,true,0.867677,0.8670113177521428,0.8683405517856122,false,true,867677,0.867677,0.8670113177521428,0.8683405517856122,false,716,0,true,928258,3419,0,0.0004436740605083873,0,716,716,63532,643,121,13,867309,172,68322,7,4004
E2,seed,paired,LOG,double,libstdc++,0.5001,9.999999999998899e-05,1,1000000,132749,867251,0,867251,132749,0,0,0,0,867251,0,0,0.867251,0.8665844141336155,0.8679154578754341,false,0.0,0.0,2.9957277863923437e-06,true,0.867251,0.8665844141336155,0.8679154578754341,false,true,867251,0.867251,0.8665844141336155,0.8679154578754341,false,692,0,true,928316,3423,0,0.00040020064813649106,0,692,692,64007,650,133,14,866907,171,68261,7,4004
E2,seed,paired,LOG,double,libc++,0.5001,9.999999999998899e-05,1,1000000,132583,867417,0,867417,132583,0,0,0,0,867417,0,0,0.867417,0.8667507659766754,0.8680811050693843,false,0.0,0.0,2.9957277863923437e-06,true,0.867417,0.8667507659766754,0.8680811050693843,false,true,867417,0.867417,0.8667507659766754,0.8680811050693843,false,706,0,true,928172,3438,0,0.0003809241937471337,0,706,706,63725,645,122,13,867057,173,68390,7,4005
E2,seed,paired,LOG,double,libstdc++,0.5001,9.999999999998899e-05,1,1000000,133115,866885,0,866885,133115,0,0,0,0,866885,0,0,0.866885,0.8662176396036652,0.8675502345285933,false,0.0,0.0,2.9957277863923437e-06,true,0.866885,0.8662176396036652,0.8675502345285933,false,true,866885,0.866885,0.8662176396036652,0.8675502345285933,false,686,0,true,927458,3581,0,0.0004180226761540314,0,686,686,63667,644,138,14,866548,173,68961,7,4005
E2,seed,paired,QF,double,libc++,0.5001,9.999999999998899e-05,1,1000000,68115,931885,63418,868467,68115,60198,3220,0,0,868467,0,0,0.931885,0.9313894484884755,0.9323780481425705,false,0.063418,0.06294109571030987,0.06389743499879486,false,0.868467,0.867802999533303,0.8691288654214727,false,true,868467,0.868467,0.867802999533303,0.8691288654214727,false,731,0,true,928665,3340,0,0.00044798624209949636,0,731,731,63089,636,122,13,868065,177,67993,7,4001
E2,seed,paired,QF,double,libstdc++,0.5001,9.999999999998899e-05,1,1000000,68270,931730,64171,867559,68270,60880,3291,0,0,867559,0,0,0.93173,0.9312339285401319,0.9322235689928848,false,0.064171,0.0636914592672274,0.06465306705780552,false,0.867559,0.8668930672255768,0.868222802996719,false,true,867559,0.867559,0.8668930672255768,0.868222802996719,false,693,0,true,928439,3428,0,0.000425379432529623,0,693,693,63822,649,139,14,867215,172,68131,7,4001
E2,seed,paired,QF,double,libc++,0.5001,9.999999999998899e-05,1,1000000,68530,931470,64132,867338,68530,60935,3197,0,0,867338,0,0,0.93147,0.9309730580152994,0.9319644410306662,false,0.064132,0.0636525953498146,0.06461393120227148,false,0.867338,0.866671598490151,0.8680022730142007,false,true,867338,0.867338,0.866671598490151,0.8680022730142007,false,676,0,true,928273,3318,0,0.00034522858248250276,0,676,676,63786,643,121,13,867008,174,68409,7,4002
E2,seed,paired,QF,double,libstdc++,0.5001,9.999999999998899e-05,1,1000000,68105,931895,64170,867725,68105,60909,3261,0,0,867725,0,0,0.931895,0.9313994820587821,0.9323880145140714,false,0.06417,0.06369046275589192,0.06465206357496289,false,0.867725,0.8670594197114205,0.8683884495478773,false,true,867725,0.867725,0.8670594197114205,0.8683884495478773,false,721,0,true,928634,3400,0,0.00039532205206272054,0,721,721,63831,646,139,14,867343,173,67966,7,4002
E2,seed,paired,QF,double,libc++,0.5001,9.999999999998899e-05,1,1000000,68546,931454,63986,867468,68546,60620,3366,0,0,867468,0,0,0.931454,0.9309570045117328,0.9319484946273355,false,0.063986,0.0635071052375798,0.06446742216451086,false,0.867468,0.8668018741425316,0.8681319966076697,false,true,867468,0.867468,0.8668018741425316,0.8681319966076697,false,698,0,true,928088,3494,0,0.0004311925826618372,0,698,698,63632,641,129,13,867124,174,68417,7,4003
E2,seed,paired,QF,double,libstdc++,0.5001,9.999999999998899e-05,1,1000000,68563,931437,64085,867352,68563,60777,3308,0,0,867352,0,0,0.931437,0.9309399476727127,0.9319315515652777,false,0.064085,0.06360575941412935,0.06456676741158618,false,0.867352,0.8666856281655941,0.8680162432575439,false,true,867352,0.867352,0.8666856281655941,0.8680162432575439,false,683,0,true,928129,3431,0,0.00042957140155704273,0,683,683,63724,643,123,13,867030,172,68440,7,4003
E2,seed,paired,QF,double,libc++,0.5001,9.999999999998899e-05,1,1000000,68443,931557,63880,867677,68443,60581,3299,0,0,867677,0,0,0.931557,0.9310603490771292,0.9320511494625846,false,0.06388,0.0634014758764305,0.06436105214279586,false,0.867677,0.8670113177521428,0.8683405517856122,false,true,867677,0.867677,0.8670113177521428,0.8683405517856122,false,716,0,true,928258,3419,0,0.0004436740605083873,0,716,716,63532,643,121,13,867309,172,68322,7,4004
E2,seed,paired,QF,double,libstdc++,0.5001,9.999999999998899e-05,1,1000000,68394,931606,64355,867251,68394,61065,3290,0,0,867251,0,0,0.931606,0.9311095131098877,0.9320999851446943,false,0.064355,0.06387481791893518,0.06483770733488659,false,0.867251,0.8665844141336155,0.8679154578754341,false,true,867251,0.867251,0.8665844141336155,0.8679154578754341,false,692,0,true,928316,3423,0,0.00040020064813649106,0,692,692,64007,650,133,14,866907,171,68261,7,4004
E2,seed,paired,QF,double,libc++,0.5001,9.999999999998899e-05,1,1000000,68512,931488,64071,867417,68512,60755,3316,0,0,867417,0,0,0.931488,0.9309911182161085,0.931982380725116,false,0.064071,0.06359180829859155,0.06455271860863084,false,0.867417,0.8667507659766754,0.8680811050693843,false,true,867417,0.867417,0.8667507659766754,0.8680811050693843,false,706,0,true,928172,3438,0,0.0003809241937471337,0,706,706,63725,645,122,13,867057,173,68390,7,4005
E2,seed,paired,QF,double,libstdc++,0.5001,9.999999999998899e-05,1,1000000,69099,930901,64016,866885,69099,60573,3443,0,0,866885,0,0,0.930901,0.9304021600557597,0.9313973423010934,false,0.064016,0.06353700040802727,0.06449752681940338,false,0.866885,0.8662176396036652,0.8675502345285933,false,true,866885,0.866885,0.8662176396036652,0.8675502345285933,false,686,0,true,927458,3581,0,0.0004180226761540314,0,686,686,63667,644,138,14,866548,173,68961,7,4005
E2,seed,paired,SPLIT,double,libc++,0.5001,9.999999999998899e-05,1,1000000,71335,928665,60198,868467,71335,60198,0,0,0,868467,0,0,0.928665,0.9281587947996591,0.9291687205661369,false,0.060198,0.05973259032534092,0.06066595913598467,false,0.868467,0.867802999533303,0.8691288654214727,false,true,868467,0.868467,0.867802999533303,0.8691288654214727,false,731,0,true,928665,3340,0,0.00044798624209949636,0,731,731,63089,636,122,13,868065,177,67993,7,4001
E2,seed,paired,SPLIT,double,libstdc++,0.5001,9.999999999998899e-05,1,1000000,71561,928439,60880,867559,71561,60880,0,0,0,867559,0,0,0.928439,0.9279320584693896,0.928943458211104,false,0.06088,0.06041212516160931,0.06135042032727676,false,0.867559,0.8668930672255768,0.868222802996719,false,true,867559,0.867559,0.8668930672255768,0.868222802996719,false,693,0,true,928439,3428,0,0.000425379432529623,0,693,693,63822,649,139,14,867215,172,68131,7,4001
E2,seed,paired,SPLIT,double,libc++,0.5001,9.999999999998899e-05,1,1000000,71727,928273,60935,867338,71727,60935,0,0,0,867338,0,0,0.928273,0.9277655185562913,0.9287779990898503,false,0.060935,0.06046692708803832,0.06140561808050556,false,0.867338,0.866671598490151,0.8680022730142007,false,true,867338,0.867338,0.866671598490151,0.8680022730142007,false,676,0,true,928273,3318,0,0.00034522858248250276,0,676,676,63786,643,121,13,867008,174,68409,7,4002
E2,seed,paired,SPLIT,double,libstdc++,0.5001,9.999999999998899e-05,1,1000000,71366,928634,60909,867725,71366,60909,0,0,0,867725,0,0,0.928634,0.928127693711892,0.9291378218342402,false,0.060909,0.06044102070931286,0.06137952461066438,false,0.867725,0.8670594197114205,0.8683884495478773,false,true,867725,0.867725,0.8670594197114205,0.8683884495478773,false,721,0,true,928634,3400,0,0.00039532205206272054,0,721,721,63831,646,139,14,867343,173,67966,7,4002
E2,seed,paired,SPLIT,double,libc++,0.5001,9.999999999998899e-05,1,1000000,71912,928088,60620,867468,71912,60620,0,0,0,867468,0,0,0.928088,0.9275799177717553,0.9285936009505384,false,0.06062,0.06015306297945537,0.0610894840238043,false,0.867468,0.8668018741425316,0.8681319966076697,false,true,867468,0.867468,0.8668018741425316,0.8681319966076697,false,698,0,true,928088,3494,0,0.0004311925826618372,0,698,698,63632,641,129,13,867124,174,68417,7,4003
E2,seed,paired,SPLIT,double,libstdc++,0.5001,9.999999999998899e-05,1,1000000,71871,928129,60777,867352,71871,60777,0,0,0,867352,0,0,0.928129,0.9276210508345856,0.928634467649211,false,0.060777,0.0603094963911426,0.06124704969766127,false,0.867352,0.8666856281655941,0.8680162432575439,false,true,867352,0.867352,0.8666856281655941,0.8680162432575439,false,683,0,true,928129,3431,0,0.00042957140155704273,0,683,683,63724,643,123,13,867030,172,68440,7,4003
E2,seed,paired,SPLIT,double,libc++,0.5001,9.999999999998899e-05,1,1000000,71742,928258,60581,867677,71742,60581,0,0,0,867677,0,0,0.928258,0.9277504698077139,0.9287630479256819,false,0.060581,0.0601142038620121,0.06105034336840916,false,0.867677,0.8670113177521428,0.8683405517856122,false,true,867677,0.867677,0.8670113177521428,0.8683405517856122,false,716,0,true,928258,3419,0,0.0004436740605083873,0,716,716,63532,643,121,13,867309,172,68322,7,4004
E2,seed,paired,SPLIT,double,libstdc++,0.5001,9.999999999998899e-05,1,1000000,71684,928316,61065,867251,71684,61065,0,0,0,867251,0,0,0.928316,0.9278086583377763,0.9288208590582283,false,0.061065,0.06059645934435438,0.061536085067029844,false,0.867251,0.8665844141336155,0.8679154578754341,false,true,867251,0.867251,0.8665844141336155,0.8679154578754341,false,692,0,true,928316,3423,0,0.00040020064813649106,0,692,692,64007,650,133,14,866907,171,68261,7,4004
E2,seed,paired,SPLIT,double,libc++,0.5001,9.999999999998899e-05,1,1000000,71828,928172,60755,867417,71828,60755,0,0,0,867417,0,0,0.928172,0.9276641904396503,0.9286773277940141,false,0.060755,0.06028757573225758,0.061224970484686114,false,0.867417,0.8667507659766754,0.8680811050693843,false,true,867417,0.867417,0.8667507659766754,0.8680811050693843,false,706,0,true,928172,3438,0,0.0003809241937471337,0,706,706,63725,645,122,13,867057,173,68390,7,4005
E2,seed,paired,SPLIT,double,libstdc++,0.5001,9.999999999998899e-05,1,1000000,72542,927458,60573,866885,72542,60573,0,0,0,866885,0,0,0.927458,0.9269478791317826,0.9279656432551107,false,0.060573,0.06010623276778187,0.06104231450923696,false,0.866885,0.8662176396036652,0.8675502345285933,false,true,866885,0.866885,0.8662176396036652,0.8675502345285933,false,686,0,true,927458,3581,0,0.0004180226761540314,0,686,686,63667,644,138,14,866548,173,68961,7,4005
E2,seed,paired,LOG,double,libc++,0.501,0.0010000000000000009,1,1000000,757883,242117,0,242117,757883,0,0,0,0,242117,0,0,0.242117,0.24127766832056322,0.24295782564141216,false,0.0,0.0,2.9957277863923437e-06,true,0.242117,0.24127766832056322,0.24295782564141216,false,true,242117,0.242117,0.24127766832056322,0.24295782564141216,false,1965,0,true,475788,17704,0,0.00027249859240127195,0,1965,1965,249692,2517,699,70,241140,52,506504,51,4001
E2,seed,paired,LOG,double,libstdc++,0.501,0.0010000000000000009,1,1000000,757898,242102,0,242102,757898,0,0,0,0,242102,0,0,0.242102,0.24126268606366127,0.24294280798523904,false,0.0,0.0,2.9957277863923437e-06,true,0.242102,0.24126268606366127,0.24294280798523904,false,true,242102,0.242102,0.24126268606366127,0.24294280798523904,false,1951,0,true,475250,17711,0,0.00029883719856054955,0,1951,1951,249230,2515,676,68,241107,49,507036,51,4001
E2,seed,paired,LOG,double,libc++,0.501,0.0010000000000000009,1,1000000,759125,240875,0,240875,759125,0,0,0,0,240875,0,0,0.240875,0.24003714220738884,0.24171435895179721,false,0.0,0.0,2.9957277863923437e-06,true,0.240875,0.24003714220738884,0.24171435895179721,false,true,240875,0.240875,0.24003714220738884,0.24171435895179721,false,1856,0,true,474527,17444,0,0.0002821602593907685,0,1856,1856,249506,2521,687,69,239928,53,508023,51,4002
E2,seed,paired,LOG,double,libstdc++,0.501,0.0010000000000000009,1,1000000,758734,241266,0,241266,758734,0,0,0,0,241266,0,0,0.241266,0.24042767716581495,0.24210582172758263,false,0.0,0.0,2.9957277863923437e-06,true,0.241266,0.24042767716581495,0.24210582172758263,false,true,241266,0.241266,0.24042767716581495,0.24210582172758263,false,1892,0,true,474833,17438,0,0.0002660217030112462,0,1892,1892,249404,2518,676,68,240300,51,507728,51,4002
E2,seed,paired,LOG,double,libc++,0.501,0.0010000000000000009,1,1000000,758624,241376,0,241376,758624,0,0,0,0,241376,0,0,0.241376,0.24053754650815562,0.2422159517478024,false,0.0,0.0,2.9957277863923437e-06,true,0.241376,0.24053754650815562,0.2422159517478024,false,true,241376,0.241376,0.24053754650815562,0.2422159517478024,false,1909,0,true,475074,17721,0,0.0002742619590025629,0,1909,1909,249749,2526,685,69,240455,51,507202,51,4003
E2,seed,paired,LOG,double,libstdc++,0.501,0.0010000000000000009,1,1000000,758814,241186,0,241186,758814,0,0,0,0,241186,0,0,0.241186,0.24034777223710654,0.24202572711988118,false,0.0,0.0,2.9957277863923437e-06,true,0.241186,0.24034777223710654,0.24202572711988118,false,true,241186,0.241186,0.24034777223710654,0.24202572711988118,false,1933,0,true,474600,17793,0,0.00029261905638309723,0,1933,1933,249547,2517,697,70,240220,52,507603,51,4003
E2,seed,paired,LOG,double,libc++,0.501,0.0010000000000000009,1,1000000,758495,241505,0,241505,758495,0,0,0,0,241505,0,0,0.241505,0.24066639337875995,0.24234510412966728,false,0.0,0.0,2.9957277863923437e-06,true,0.241505,0.24066639337875995,0.24234510412966728,false,true,241505,0.241505,0.24066639337875995,0.24234510412966728,false,1920,0,true,475879,17847,0,0.00028060195669685065,0,1920,1920,250593,2526,683,69,240531,48,506273,51,4004
E2,seed,paired,LOG,double,libstdc++,0.501,0.0010000000000000009,1,1000000,758048,241952,0,241952,758048,0,0,0,0,241952,0,0,0.241952,0.2411128635718099,0.24279263134632403,false,0.0,0.0,2.9957277863923437e-06,true,0.241952,0.2411128635718099,0.24279263134632403,false,true,241952,0.241952,0.2411128635718099,0.24279263134632403,false,1895,0,true,475685,17426,0,0.0002702968183103397,0,1895,1895,249522,2513,687,69,241013,48,506883,51,4004
E2,seed,paired,LOG,double,libc++,0.501,0.0010000000000000009,1,1000000,758232,241768,0,241768,758232,0,0,0,0,241768,0,0,0.241768,0.24092908150681944,0.24260841447756049,false,0.0,0.0,2.9957277863923437e-06,true,0.241768,0.24092908150681944,0.24260841447756049,false,true,241768,0.241768,0.24092908150681944,0.24260841447756049,false,2055,0,true,474689,17747,0,0.00026671889221592234,0,2055,2055,248948,2516,660,66,240774,50,507563,51,4005
E2,seed,paired,LOG,double,libstdc++,0.501,0.0010000000000000009,1,1000000,757932,242068,0,242068,757932,0,0,0,0,242068,0,0,0.242068,0.24122872628654699,0.24290876795938127,false,0.0,0.0,2.9957277863923437e-06,true,0.242068,0.24122872628654699,0.24290876795938127,false,true,242068,0.242068,0.24122872628654699,0.24290876795938127,false,1884,0,true,474513,17728,0,0.00028051422315649317,0,1884,1884,248605,2507,649,65,241110,51,507752,51,4005
E2,seed,paired,QF,double,libc++,0.501,0.0010000000000000009,1,1000000,507203,492797,250680,242117,507203,233671,17009,0,0,242117,0,0,0.492797,0.491816641751323,0.4937773999722166,false,0.25068,0.24983076563322223,0.25153067870852214,false,0.242117,0.24127766832056322,0.24295782564141216,false,true,242117,0.242117,0.24127766832056322,0.24295782564141216,false,1965,0,true,475788,17704,0,0.00027249859240127195,0,1965,1965,249692,2517,699,70,241140,52,506504,51,4001
E2,seed,paired,QF,double,libstdc++,0.501,0.0010000000000000009,1,1000000,507712,492288,250186,242102,507712,233148,17038,0,0,242102,0,0,0.492288,0.49130765810667143,0.49326838656526417,false,0.250186,0.2493373247766438,0.2510361224276491,false,0.242102,0.24126268606366127,0.24294280798523904,false,true,242102,0.242102,0.24126268606366127,0.24294280798523904,false,1951,0,true,475250,17711,0,0.00029883719856054955,0,1951,1951,249230,2515,676,68,241107,49,507036,51,4001
E2,seed,paired,QF,double,libc++,0.501,0.0010000000000000009,1,1000000,508710,491290,250415,240875,508710,233652,16763,0,0,240875,0,0,0.49129,0.4903096931235603,0.49227035732931174,false,0.250415,0.24956606539577167,0.2512653804815537,false,0.240875,0.24003714220738884,0.24171435895179721,false,true,240875,0.240875,0.24003714220738884,0.24171435895179721,false,1856,0,true,474527,17444,0,0.0002821602593907685,0,1856,1856,249506,2521,687,69,239928,53,508023,51,4002
E2,seed,paired,QF,double,libstdc++,0.501,0.0010000000000000009,1,1000000,508404,491596,250330,241266,508404,233567,16763,0,0,241266,0,0,0.491596,0.4906156819717228,0.49257636670863847,false,0.25033,0.24948116163562745,0.251180284734242,false,0.241266,0.24042767716581495,0.24210582172758263,false,true,241266,0.241266,0.24042767716581495,0.24210582172758263,false,1892,0,true,474833,17438,0,0.0002660217030112462,0,1892,1892,249404,2518,676,68,240300,51,507728,51,4002
E2,seed,paired,QF,double,libc++,0.501,0.0010000000000000009,1,1000000,507887,492113,250737,241376,507887,233698,17039,0,0,241376,0,0,0.492113,0.491132663964512,0.4930933817211112,false,0.250737,0.24988770121124432,0.25158774280021007,false,0.241376,0.24053754650815562,0.2422159517478024,false,true,241376,0.241376,0.24053754650815562,0.2422159517478024,false,1909,0,true,475074,17721,0,0.0002742619590025629,0,1909,1909,249749,2526,685,69,240455,51,507202,51,4003
E2,seed,paired,QF,double,libstdc++,0.501,0.0010000000000000009,1,1000000,508300,491700,250514,241186,508300,233414,17100,0,0,241186,0,0,0.4917,0.4907196782651643,0.4926803698127765,false,0.250514,0.24966495335952052,0.2513644919441291,false,0.241186,0.24034777223710654,0.24202572711988118,false,true,241186,0.241186,0.24034777223710654,0.24202572711988118,false,1933,0,true,474600,17793,0,0.00029261905638309723,0,1933,1933,249547,2517,697,70,240220,52,507603,51,4003
E2,seed,paired,QF,double,libc++,0.501,0.0010000000000000009,1,1000000,506956,493044,251539,241505,506956,234374,17165,0,0,241505,0,0,0.493044,0.49206363418075033,0.4940244061120374,false,0.251539,0.250688796853417,0.252390642510759,false,0.241505,0.24066639337875995,0.24234510412966728,false,true,241505,0.241505,0.24066639337875995,0.24234510412966728,false,1920,0,true,475879,17847,0,0.00028060195669685065,0,1920,1920,250593,2526,683,69,240531,48,506273,51,4004
E2,seed,paired,QF,double,libstdc++,0.501,0.0010000000000000009,1,1000000,507570,492430,250478,241952,507570,233733,16745,0,0,241952,0,0,0.49243,0.49144965344170416,0.49341039040769313,false,0.250478,0.2496289940931421,0.2513284514191126,false,0.241952,0.2411128635718099,0.24279263134632403,false,true,241952,0.241952,0.2411128635718099,0.24279263134632403,false,1895,0,true,475685,17426,0,0.0002702968183103397,0,1895,1895,249522,2513,687,69,241013,48,506883,51,4004
E2,seed,paired,QF,double,libc++,0.501,0.0010000000000000009,1,1000000,508223,491777,250009,241768,508223,232921,17088,0,0,241768,0,0,0.491777,0.49079667554821194,0.4927573720837066,false,0.250009,0.24916052547547093,0.25085892275446653,false,0.241768,0.24092908150681944,0.24260841447756049,false,true,241768,0.241768,0.24092908150681944,0.24260841447756049,false,2055,0,true,474689,17747,0,0.00026671889221592234,0,2055,2055,248948,2516,660,66,240774,50,507563,51,4005
E2,seed,paired,QF,double,libstdc++,0.501,0.0010000000000000009,1,1000000,508401,491599,249531,242068,508401,232445,17086,0,0,242068,0,0,0.491599,0.4906186818642109,0.4925793667987724,false,0.249531,0.24868306842081483,0.2503803825789682,false,0.242068,0.24122872628654699,0.24290876795938127,false,true,242068,0.242068,0.24122872628654699,0.24290876795938127,false,1884,0,true,474513,17728,0,0.00028051422315649317,0,1884,1884,248605,2507,649,65,241110,51,507752,51,4005
E2,seed,paired,SPLIT,double,libc++,0.501,0.0010000000000000009,1,1000000,524212,475788,233671,242117,524212,233671,0,0,0,242117,0,0,0.475788,0.47480873896303744,0.47676740128562695,false,0.233671,0.23284188351468643,0.2345016593914333,false,0.242117,0.24127766832056322,0.24295782564141216,false,true,242117,0.242117,0.24127766832056322,0.24295782564141216,false,1965,0,true,475788,17704,0,0.00027249859240127195,0,1965,1965,249692,2517,699,70,241140,52,506504,51,4001
E2,seed,paired,SPLIT,double,libstdc++,0.501,0.0010000000000000009,1,1000000,524750,475250,233148,242102,524750,233148,0,0,0,242102,0,0,0.47525,0.47427079221160157,0.47622935115344034,false,0.233148,0.2323195310596476,0.23397801487729955,false,0.242102,0.24126268606366127,0.24294280798523904,false,true,242102,0.242102,0.24126268606366127,0.24294280798523904,false,1951,0,true,475250,17711,0,0.00029883719856054955,0,1951,1951,249230,2515,676,68,241107,49,507036,51,4001
E2,seed,paired,SPLIT,double,libc++,0.501,0.0010000000000000009,1,1000000,525473,474527,233652,240875,525473,233652,0,0,0,240875,0,0,0.474527,0.4735478655640703,0.47550628198897615,false,0.233652,0.23282290700827857,0.2344826360079486,false,0.240875,0.24003714220738884,0.24171435895179721,false,true,240875,0.240875,0.24003714220738884,0.24171435895179721,false,1856,0,true,474527,17444,0,0.0002821602593907685,0,1856,1856,249506,2521,687,69,239928,53,508023,51,4002
E2,seed,paired,SPLIT,double,libstdc++,0.501,0.0010000000000000009,1,1000000,525167,474833,233567,241266,525167,233567,0,0,0,241266,0,0,0.474833,0.4738538342675827,0.4758123115129504,false,0.233567,0.23273801213977746,0.2343975313690298,false,0.241266,0.24042767716581495,0.24210582172758263,false,true,241266,0.241266,0.24042767716581495,0.24210582172758263,false,1892,0,true,474833,17438,0,0.0002660217030112462,0,1892,1892,249404,2518,676,68,240300,51,507728,51,4002
E2,seed,paired,SPLIT,double,libc++,0.501,0.0010000000000000009,1,1000000,524926,475074,233698,241376,524926,233698,0,0,0,241376,0,0,0.475074,0.4740948098784041,0.4760533345061311,false,0.233698,0.23286885013307024,0.23452869261658305,false,0.241376,0.24053754650815562,0.2422159517478024,false,true,241376,0.241376,0.24053754650815562,0.2422159517478024,false,1909,0,true,475074,17721,0,0.0002742619590025629,0,1909,1909,249749,2526,685,69,240455,51,507202,51,4003
E2,seed,paired,SPLIT,double,libstdc++,0.501,0.0010000000000000009,1,1000000,525400,474600,233414,241186,525400,233414,0,0,0,241186,0,0,0.4746,0.4736208580644505,0.4755792890657394,false,0.233414,0.23258520149427558,0.23424434290118037,false,0.241186,0.24034777223710654,0.24202572711988118,false,true,241186,0.241186,0.24034777223710654,0.24202572711988118,false,1933,0,true,474600,17793,0,0.00029261905638309723,0,1933,1933,249547,2517,697,70,240220,52,507603,51,4003
E2,seed,paired,SPLIT,double,libc++,0.501,0.0010000000000000009,1,1000000,524121,475879,234374,241505,524121,234374,0,0,0,241505,0,0,0.475879,0.4748997300689016,0.47685840965264414,false,0.234374,0.23354401589115503,0.23520552294104285,false,0.241505,0.24066639337875995,0.24234510412966728,false,true,241505,0.241505,0.24066639337875995,0.24234510412966728,false,1920,0,true,475879,17847,0,0.00028060195669685065,0,1920,1920,250593,2526,683,69,240531,48,506273,51,4004
E2,seed,paired,SPLIT,double,libstdc++,0.501,0.0010000000000000009,1,1000000,524315,475685,233733,241952,524315,233733,0,0,0,241952,0,0,0.475685,0.4747057490693339,0.4766643917759562,false,0.233733,0.2329038068676178,0.23456373567920438,false,0.241952,0.2411128635718099,0.24279263134632403,false,true,241952,0.241952,0.2411128635718099,0.24279263134632403,false,1895,0,true,475685,17426,0,0.0002702968183103397,0,1895,1895,249522,2513,687,69,241013,48,506883,51,4004
E2,seed,paired,SPLIT,double,libc++,0.501,0.0010000000000000009,1,1000000,525311,474689,232921,241768,525311,232921,0,0,0,241768,0,0,0.474689,0.4737098489494458,0.4756682976652146,false,0.232921,0.2320928126679368,0.23375073458448692,false,0.241768,0.24092908150681944,0.24260841447756049,false,true,241768,0.241768,0.24092908150681944,0.24260841447756049,false,2055,0,true,474689,17747,0,0.00026671889221592234,0,2055,2055,248948,2516,660,66,240774,50,507563,51,4005
E2,seed,paired,SPLIT,double,libstdc++,0.501,0.0010000000000000009,1,1000000,525487,474513,232445,242068,525487,232445,0,0,0,242068,0,0,0.474513,0.473533867004749,0.4754922806293944,false,0.232445,0.23161740426290145,0.23327414574799799,false,0.242068,0.24122872628654699,0.24290876795938127,false,true,242068,0.242068,0.24122872628654699,0.24290876795938127,false,1884,0,true,474513,17728,0,0.00028051422315649317,0,1884,1884,248605,2507,649,65,241110,51,507752,51,4005
E2,seed,paired,LOG,double,libc++,0.505,0.0050000000000000044,1,1000000,999174,826,0,826,999174,0,0,0,0,826,0,0,0.000826,0.0007706442213393424,0.0008842791832107825,false,0.0,0.0,2.9957277863923437e-06,true,0.000826,0.0007706442213393424,0.0008842791832107825,false,true,826,0.000826,0.0007706442213393424,0.0008842791832107825,false,30,0,true,24021,4844,0,4.1728164872441814e-05,0,30,30,27835,280,192,20,810,1,971133,98,4001
E2,seed,paired,LOG,double,libstdc++,0.505,0.0050000000000000044,1,1000000,999229,771,0,771,999229,0,0,0,0,771,0,0,0.000771,0.0007175499860329269,0.0008273749210876331,false,0.0,0.0,2.9957277863923437e-06,true,0.000771,0.0007175499860329269,0.0008273749210876331,false,true,771,0.000771,0.0007175499860329269,0.0008273749210876331,false,36,0,true,24357,4923,0,4.098634256491349e-05,0,36,36,28288,285,208,21,748,1,970720,98,4001
E2,seed,paired,LOG,double,libc++,0.505,0.0050000000000000044,1,1000000,999194,806,0,806,999194,0,0,0,0,806,0,0,0.000806,0.0007513296473597589,0.0008635942895948078,false,0.0,0.0,2.9957277863923437e-06,true,0.000806,0.0007513296473597589,0.0008635942895948078,false,true,806,0.000806,0.0007513296473597589,0.0008635942895948078,false,24,0,true,24257,4877,0,4.0241813670760296e-05,0,24,24,28113,286,204,21,794,1,970865,98,4002
E2,seed,paired,LOG,double,libstdc++,0.505,0.0050000000000000044,1,1000000,999170,830,0,830,999170,0,0,0,0,830,0,0,0.00083,0.0007745081381649526,0.000888415161708438,false,0.0,0.0,2.9957277863923437e-06,true,0.00083,0.0007745081381649526,0.000888415161708438,false,true,830,0.00083,0.0007745081381649526,0.000888415161708438,false,30,0,true,24085,4831,0,3.569712480639176e-05,0,30,30,27872,281,203,21,812,1,971083,98,4002
E2,seed,paired,LOG,double,libc++,0.505,0.0050000000000000044,1,1000000,999224,776,0,776,999224,0,0,0,0,776,0,0,0.000776,0.0007223739761169747,0.0008325507892519513,false,0.0,0.0,2.9957277863923437e-06,true,0.000776,0.0007223739761169747,0.0008325507892519513,false,true,776,0.000776,0.0007223739761169747,0.0008325507892519513,false,40,0,true,24141,4792,0,3.399325397059616e-05,0,40,40,27953,282,186,19,758,1,971063,98,4003
E2,seed,paired,LOG,double,libstdc++,0.505,0.0050000000000000044,1,1000000,999187,813,0,813,999187,0,0,0,0,813,0,0,0.000813,0.0007580887885220605,0.0008708349603510946,false,0.0,0.0,2.9957277863923437e-06,true,0.000813,0.0007580887885220605,0.0008708349603510946,false,true,813,0.000813,0.0007580887885220605,0.0008708349603510946,false,45,0,true,24201,4784,0,4.093688358821611e-05,0,45,45,27960,282,190,19,791,1,971014,98,4003
E2,seed,paired,LOG,double,libc++,0.505,0.0050000000000000044,1,1000000,999161,839,0,839,999161,0,0,0,0,839,0,0,0.000839,0.000783203148044657,0.0008977199184328511,false,0.0,0.0,2.9957277863923437e-06,true,0.000839,0.000783203148044657,0.0008977199184328511,false,true,839,0.000839,0.000783203148044657,0.0008977199184328511,false,41,0,true,23807,4863,0,4.039657479794289e-05,0,41,41,27631,279,183,19,817,1,971328,98,4004
E2,seed,paired,LOG,double,libstdc++,0.505,0.0050000000000000044,1,1000000,999196,804,0,804,999196,0,0,0,0,804,0,0,0.000804,0.0007493986565898436,0.0008615253344542267,false,0.0,0.0,2.9957277863923437e-06,true,0.000804,0.0007493986565898436,0.0008615253344542267,false,true,804,0.000804,0.0007493986565898436,0.0008615253344542267,false,27,0,true,24219,4826,0,3.6741192525244376e-05,0,27,27,28002,285,229,23,790,1,970952,98,4004
E2,seed,paired,LOG,double,libc++,0.505,0.0050000000000000044,1,1000000,999180,820,0,820,999180,0,0,0,0,820,0,0,0.00082,0.000764848967028068,0.0008780745956487663,false,0.0,0.0,2.9957277863923437e-06,true,0.00082,0.000764848967028068,0.0008780745956487663,false,true,820,0.00082,0.000764848967028068,0.0008780745956487663,false,30,0,true,24269,4864,0,4.093106457195604e-05,0,30,30,28081,282,220,22,804,1,970865,98,4005
E2,seed,paired,LOG,double,libstdc++,0.505,0.0050000000000000044,1,1000000,999201,799,0,799,999201,0,0,0,0,799,0,0,0.000799,0.0007445715570764047,0.0008563525698857278,false,0.0,0.0,2.9957277863923437e-06,true,0.000799,0.0007445715570764047,0.0008563525698857278,false,true,799,0.000799,0.0007445715570764047,0.0008563525698857278,false,43,0,true,24547,4887,0,4.1879836079879805e-05,0,43,43,28410,286,204,21,778,1,970565,98,4005
E2,seed,paired,QF,double,libc++,0.505,0.0050000000000000044,1,1000000,971325,28675,27849,826,971325,23195,4654,0,0,826,0,0,0.028675,0.028348764463545853,0.02900396938056065,false,0.027849,0.027527375422757627,0.028173363291532718,false,0.000826,0.0007706442213393424,0.0008842791832107825,false,true,826,0.000826,0.0007706442213393424,0.0008842791832107825,false,30,0,true,24021,4844,0,4.1728164872441814e-05,0,30,30,27835,280,192,20,810,1,971133,98,4001
E2,seed,paired,QF,double,libstdc++,0.505,0.0050000000000000044,1,1000000,970928,29072,28301,771,970928,23586,4715,0,0,771,0,0,0.029072,0.028743574081359524,0.02940315742330572,false,0.028301,0.027976843139889913,0.028627892908893046,false,0.000771,0.0007175499860329269,0.0008273749210876331,false,true,771,0.000771,0.0007175499860329269,0.0008273749210876331,false,36,0,true,24357,4923,0,4.098634256491349e-05,0,36,36,28288,285,208,21,748,1,970720,98,4001
E2,seed,paired,QF,double,libc++,0.505,0.0050000000000000044,1,1000000,971069,28931,28125,806,971069,23451,4674,0,0,806,0,0,0.028931,0.028603350143988272,0.029261382191467074,false,0.028125,0.027801826523460138,0.028450910563083055,false,0.000806,0.0007513296473597589,0.0008635942895948078,false,true,806,0.000806,0.0007513296473597589,0.0008635942895948078,false,24,0,true,24257,4877,0,4.0241813670760296e-05,0,24,24,28113,286,204,21,794,1,970865,98,4002
E2,seed,paired,QF,double,libstdc++,0.505,0.0050000000000000044,1,1000000,971286,28714,27884,830,971286,23255,4629,0,0,830,0,0,0.028714,0.028387548556964987,0.029043185057285772,false,0.027884,0.027562178542961235,0.02820855996488783,false,0.00083,0.0007745081381649526,0.000888415161708438,false,true,830,0.00083,0.0007745081381649526,0.000888415161708438,false,30,0,true,24085,4831,0,3.569712480639176e-05,0,30,30,27872,281,203,21,812,1,971083,98,4002
E2,seed,paired,QF,double,libc++,0.505,0.0050000000000000044,1,1000000,971249,28751,27975,776,971249,23365,4610,0,0,776,0,0,0.028751,0.02842434387043731,0.029080389525752173,false,0.027975,0.02765266728433193,0.028300070686802598,false,0.000776,0.0007223739761169747,0.0008325507892519513,false,true,776,0.000776,0.0007223739761169747,0.0008325507892519513,false,40,0,true,24141,4792,0,3.399325397059616e-05,0,40,40,27953,282,186,19,758,1,971063,98,4003
E2,seed,paired,QF,double,libstdc++,0.505,0.0050000000000000044,1,1000000,971204,28796,27983,813,971204,23388,4595,0,0,813,0,0,0.028796,0.02846909512107422,0.02912563800991576,false,0.027983,0.027660622381853798,0.02830811554209933,false,0.000813,0.0007580887885220605,0.0008708349603510946,false,true,813,0.000813,0.0007580887885220605,0.0008708349603510946,false,45,0,true,24201,4784,0,4.093688358821611e-05,0,45,45,27960,282,190,19,791,1,971014,98,4003
E2,seed,paired,QF,double,libc++,0.505,0.0050000000000000044,1,1000000,971511,28489,27650,839,971511,22968,4682,0,0,839,0,0,0.028489,0.02816379638310774,0.02881693855734734,false,0.02765,0.027329497393420384,0.027973242494770043,false,0.000839,0.000783203148044657,0.0008977199184328511,false,true,839,0.000839,0.000783203148044657,0.0008977199184328511,false,41,0,true,23807,4863,0,4.039657479794289e-05,0,41,41,27631,279,183,19,817,1,971328,98,4004
E2,seed,paired,QF,double,libstdc++,0.505,0.0050000000000000044,1,1000000,971181,28819,28015,804,971181,23415,4600,0,0,804,0,0,0.028819,0.028491968064469658,0.029148764930978312,false,0.028015,0.027692442841818404,0.028340294893412755,false,0.000804,0.0007493986565898436,0.0008615253344542267,false,true,804,0.000804,0.0007493986565898436,0.0008615253344542267,false,27,0,true,24219,4826,0,3.6741192525244376e-05,0,27,27,28002,285,229,23,790,1,970952,98,4004
E2,seed,paired,QF,double,libc++,0.505,0.0050000000000000044,1,1000000,971085,28915,28095,820,971085,23449,4646,0,0,820,0,0,0.028915,0.02858743833825528,0.029245294091480797,false,0.028095,0.02777199447985761,0.028420742783593397,false,0.00082,0.000764848967028068,0.0008780745956487663,false,true,820,0.00082,0.000764848967028068,0.0008780745956487663,false,30,0,true,24269,4864,0,4.093106457195604e-05,0,30,30,28081,282,220,22,804,1,970865,98,4005
E2,seed,paired,QF,double,libstdc++,0.505,0.0050000000000000044,1,1000000,970769,29231,28432,799,970769,23748,4684,0,0,799,0,0,0.029231,0.028901701410446325,0.029563029157493762,false,0.028432,0.028107113351888473,0.028759621924581376,false,0.000799,0.0007445715570764047,0.0008563525698857278,false,true,799,0.000799,0.0007445715570764047,0.0008563525698857278,false,43,0,true,24547,4887,0,4.1879836079879805e-05,0,43,43,28410,286,204,21,778,1,970565,98,4005
E2,seed,paired,SPLIT,double,libc++,0.505,0.0050000000000000044,1,1000000,975979,24021,23195,826,975979,23195,0,0,0,826,0,0,0.024021,0.023721780622117966,0.024322980718845897,false,0.023195,0.022900863079264283,0.023491903158552783,false,0.000826,0.0007706442213393424,0.0008842791832107825,false,true,826,0.000826,0.0007706442213393424,0.0008842791832107825,false,30,0,true,24021,4844,0,4.1728164872441814e-05,0,30,30,27835,280,192,20,810,1,971133,98,4001
E2,seed,paired,SPLIT,double,libstdc++,0.505,0.0050000000000000044,1,1000000,975643,24357,23586,771,975643,23586,0,0,0,771,0,0,0.024357,0.0240557401021675,0.024661019248504123,false,0.023586,0.023289445305256454,0.023885318613821437,false,0.000771,0.0007175499860329269,0.0008273749210876331,false,true,771,0.000771,0.0007175499860329269,0.0008273749210876331,false,36,0,true,24357,4923,0,4.098634256491349e-05,0,36,36,28288,285,208,21,748,1,970720,98,4001
E2,seed,paired,SPLIT,double,libc++,0.505,0.0050000000000000044,1,1000000,975743,24257,23451,806,975743,23451,0,0,0,806,0,0,0.024257,0.023956345807525606,0.024560414135398993,false,0.023451,0.023155277637180175,0.023749487082332602,false,0.000806,0.0007513296473597589,0.0008635942895948078,false,true,806,0.000806,0.0007513296473597589,0.0008635942895948078,false,24,0,true,24257,4877,0,4.0241813670760296e-05,0,24,24,28113,286,204,21,794,1,970865,98,4002
E2,seed,paired,SPLIT,double,libstdc++,0.505,0.0050000000000000044,1,1000000,975915,24085,23255,830,975915,23255,0,0,0,830,0,0,0.024085,0.023785390773085568,0.02438737018870407,false,0.023255,0.02296049065202995,0.02355227522988159,false,0.00083,0.0007745081381649526,0.000888415161708438,false,true,830,0.00083,0.0007745081381649526,0.000888415161708438,false,30,0,true,24085,4831,0,3.569712480639176e-05,0,30,30,27872,281,203,21,812,1,971083,98,4002
E2,seed,paired,SPLIT,double,libc++,0.505,0.0050000000000000044,1,1000000,975859,24141,23365,776,975859,23365,0,0,0,776,0,0,0.024141,0.023841050112127837,0.024443710517911606,false,0.023365,0.02306980920568236,0.023662956023820684,false,0.000776,0.0007223739761169747,0.0008325507892519513,false,true,776,0.000776,0.0007223739761169747,0.0008325507892519513,false,40,0,true,24141,4792,0,3.399325397059616e-05,0,40,40,27953,282,186,19,758,1,971063,98,4003
E2,seed,paired,SPLIT,double,libstdc++,0.505,0.0050000000000000044,1,1000000,975799,24201,23388,813,975799,23388,0,0,0,813,0,0,0.024201,0.02390068558978962,0.024504074684831574,false,0.023388,0.02309266693925981,0.023686098153844013,false,0.000813,0.0007580887885220605,0.0008708349603510946,false,true,813,0.000813,0.0007580887885220605,0.0008708349603510946,false,45,0,true,24201,4784,0,4.093688358821611e-05,0,45,45,27960,282,190,19,791,1,971014,98,4003
E2,seed,paired,SPLIT,double,libc++,0.505,0.0050000000000000044,1,1000000,976193,23807,22968,839,976193,22968,0,0,0,839,0,0,0.023807,0.0235090882527055,0.024107674356371536,false,0.022968,0.022675276792415353,0.023263490792205792,false,0.000839,0.000783203148044657,0.0008977199184328511,false,true,839,0.000839,0.000783203148044657,0.0008977199184328511,false,41,0,true,23807,4863,0,4.039657479794289e-05,0,41,41,27631,279,183,19,817,1,971328,98,4004
E2,seed,paired,SPLIT,double,libstdc++,0.505,0.0050000000000000044,1,1000000,975781,24219,23415,804,975781,23415,0,0,0,804,0,0,0.024219,0.0239185763279537,0.024522183840048315,false,0.023415,0.023119500026655436,0.02371326490633355,false,0.000804,0.0007493986565898436,0.0008615253344542267,false,true,804,0.000804,0.0007493986565898436,0.0008615253344542267,false,27,0,true,24219,4826,0,3.6741192525244376e-05,0,27,27,28002,285,229,23,790,1,970952,98,4004
E2,seed,paired,SPLIT,double,libc++,0.505,0.0050000000000000044,1,1000000,975731,24269,23449,820,975731,23449,0,0,0,820,0,0,0.024269,0.023968273051991555,0.024572486819858217,false,0.023449,0.02315328998733988,0.023747474744032254,false,0.00082,0.000764848967028068,0.0008780745956487663,false,true,820,0.00082,0.000764848967028068,0.0008780745956487663,false,30,0,true,24269,4864,0,4.093106457195604e-05,0,30,30,28081,282,220,22,804,1,970865,98,4005
E2,seed,paired,SPLIT,double,libstdc++,0.505,0.0050000000000000044,1,1000000,975453,24547,23748,799,975453,23748,0,0,0,799,0,0,0.024547,0.024244592940433584,0.02485216528517748,false,0.023748,0.023450449877987677,0.024048313080776994,false,0.000799,0.0007445715570764047,0.0008563525698857278,false,true,799,0.000799,0.0007445715570764047,0.0008563525698857278,false,43,0,true,24547,4887,0,4.1879836079879805e-05,0,43,43,28410,286,204,21,778,1,970565,98,4005
E2,seed,paired,LOG,double,libc++,0.51,0.010000000000000009,1,1000000,999999,1,0,1,999999,0,0,0,0,1,0,0,1e-06,2.53178076637942e-08,5.571630655166939e-06,false,0.0,0.0,2.9957277863923437e-06,true,1e-06,2.53178076637942e-08,5.571630655166939e-06,false,true,1,1e-06,2.53178076637942e-08,5.571630655166939e-06,false,0,0,true,583,249,0,1.7451982465198845e-06,0,0,0,823,9,8,1,1,1,999168,100,4001
E2,seed,paired,LOG,double,libstdc++,0.51,0.010000000000000009,1,1000000,1000000,0,0,0,1000000,0,0,0,0,0,0,0,0.0,0.0,2.9957277863923437e-06,true,0.0,0.0,2.9957277863923437e-06,true,0.0,0.0,2.9957277863923437e-06,true,true,0,0.0,0.0,2.9957277863923437e-06,true,0,0,true,526,252,0,1.3592771553675374e-06,0,0,0,775,8,4,1,0,0,999221,100,4001
E2,seed,paired,LOG,double,libc++,0.51,0.010000000000000009,1,1000000,999999,1,0,1,999999,0,0,0,0,1,0,0,1e-06,2.53178076637942e-08,5.571630655166939e-06,false,0.0,0.0,2.9957277863923437e-06,true,1e-06,2.53178076637942e-08,5.571630655166939e-06,false,true,1,1e-06,2.53178076637942e-08,5.571630655166939e-06,false,0,0,true,567,252,0,1.4016840787148767e-06,0,0,0,806,9,12,2,1,1,999181,100,4002
E2,seed,paired,LOG,double,libstdc++,0.51,0.010000000000000009,1,1000000,999998,2,0,2,999998,0,0,0,0,2,0,0,2e-06,2.4220937031600326e-07,7.2246687944522814e-06,false,0.0,0.0,2.9957277863923437e-06,true,2e-06,2.4220937031600326e-07,7.2246687944522814e-06,false,true,2,2e-06,2.4220937031600326e-07,7.2246687944522814e-06,false,0,0,true,597,248,0,2.002027787581599e-06,0,0,0,832,9,11,2,2,1,999155,100,4002
E2,seed,paired,LOG,double,libc++,0.51,0.010000000000000009,1,1000000,999998,2,0,2,999998,0,0,0,0,2,0,0,2e-06,2.4220937031600326e-07,7.2246687944522814e-06,false,0.0,0.0,2.9957277863923437e-06,true,2e-06,2.4220937031600326e-07,7.2246687944522814e-06,false,true,2,2e-06,2.4220937031600326e-07,7.2246687944522814e-06,false,0,0,true,532,284,0,3.5509645239374145e-06,0,0,0,798,8,16,2,2,1,999184,100,4003
E2,seed,paired,LOG,double,libstdc++,0.51,0.010000000000000009,1,1000000,999998,2,0,2,999998,0,0,0,0,2,0,0,2e-06,2.4220937031600326e-07,7.2246687944522814e-06,false,0.0,0.0,2.9957277863923437e-06,true,2e-06,2.4220937031600326e-07,7.2246687944522814e-06,false,true,2,2e-06,2.4220937031600326e-07,7.2246687944522814e-06,false,0,0,true,561,273,0,2.437209414797625e-06,0,0,0,817,9,15,2,2,1,999166,100,4003
E2,seed,paired,LOG,double,libc++,0.51,0.010000000000000009,1,1000000,999999,1,0,1,999999,0,0,0,0,1,0,0,1e-06,2.53178076637942e-08,5.571630655166939e-06,false,0.0,0.0,2.9957277863923437e-06,true,1e-06,2.53178076637942e-08,5.571630655166939e-06,false,true,1,1e-06,2.53178076637942e-08,5.571630655166939e-06,false,0,0,true,571,271,0,1.3406621683081621e-06,0,0,0,833,9,8,1,1,1,999158,100,4004
E2,seed,paired,LOG,double,libstdc++,0.51,0.010000000000000009,1,1000000,999999,1,0,1,999999,0,0,0,0,1,0,0,1e-06,2.53178076637942e-08,5.571630655166939e-06,false,0.0,0.0,2.9957277863923437e-06,true,1e-06,2.53178076637942e-08,5.571630655166939e-06,false,true,1,1e-06,2.53178076637942e-08,5.571630655166939e-06,false,0,0,true,577,238,0,7.066428901105272e-07,0,0,0,800,8,14,2,1,1,999185,100,4004
E2,seed,paired,LOG,double,libc++,0.51,0.010000000000000009,1,1000000,1000000,0,0,0,1000000,0,0,0,0,0,0,0,0.0,0.0,2.9957277863923437e-06,true,0.0,0.0,2.9957277863923437e-06,true,0.0,0.0,2.9957277863923437e-06,true,true,0,0.0,0.0,2.9957277863923437e-06,true,0,0,true,584,252,0,1.6571727827253689e-06,0,0,0,828,9,8,1,0,0,999164,100,4005
E2,seed,paired,LOG,double,libstdc++,0.51,0.010000000000000009,1,1000000,1000000,0,0,0,1000000,0,0,0,0,0,0,0,0.0,0.0,2.9957277863923437e-06,true,0.0,0.0,2.9957277863923437e-06,true,0.0,0.0,2.9957277863923437e-06,true,true,0,0.0,0.0,2.9957277863923437e-06,true,0,0,true,553,264,0,1.9291776751652456e-07,0,0,0,804,9,13,2,0,0,999183,100,4005
E2,seed,paired,QF,double,libc++,0.51,0.010000000000000009,1,1000000,999176,824,823,1,999176,582,241,0,0,1,0,0,0.000824,0.0007687123868109143,0.000882211070299004,false,0.000823,0.0007677465006492035,0.0008811769827963567,false,1e-06,2.53178076637942e-08,5.571630655166939e-06,false,true,1,1e-06,2.53178076637942e-08,5.571630655166939e-06,false,0,0,true,583,249,0,1.7451982465198845e-06,0,0,0,823,9,8,1,1,1,999168,100,4001
E2,seed,paired,QF,double,libstdc++,0.51,0.010000000000000009,1,1000000,999225,775,775,0,999225,526,249,0,0,0,0,0,0.000775,0.0007214091325223238,0.0008315156611099634,false,0.000775,0.0007214091325223238,0.0008315156611099634,false,0.0,0.0,2.9957277863923437e-06,true,true,0,0.0,0.0,2.9957277863923437e-06,true,0,0,true,526,252,0,1.3592771553675374e-06,0,0,0,775,8,4,1,0,0,999221,100,4001
E2,seed,paired,QF,double,libc++,0.51,0.010000000000000009,1,1000000,999193,807,806,1,999193,566,240,0,0,1,0,0,0.000807,0.0007522951749337134,0.0008646287350351254,false,0.000806,0.0007513296473597589,0.0008635942895948078,false,1e-06,2.53178076637942e-08,5.571630655166939e-06,false,true,1,1e-06,2.53178076637942e-08,5.571630655166939e-06,false,0,0,true,567,252,0,1.4016840787148767e-06,0,0,0,806,9,12,2,1,1,999181,100,4002
E2,seed,paired,QF,double,libstdc++,0.51,0.010000000000000009,1,1000000,999166,834,832,2,999166,595,237,0,0,2,0,0,0.000834,0.0007783723833630208,0.0008925508124182144,false,0.000832,0.0007764402198654749,0.0008904830278892034,false,2e-06,2.4220937031600326e-07,7.2246687944522814e-06,false,true,2,2e-06,2.4220937031600326e-07,7.2246687944522814e-06,false,0,0,true,597,248,0,2.002027787581599e-06,0,0,0,832,9,11,2,2,1,999155,100,4002
E2,seed,paired,QF,double,libc++,0.51,0.010000000000000009,1,1000000,999200,800,798,2,999200,530,268,0,0,2,0,0,0.0008,0.0007455369336849423,0.0008573871660137346,false,0.000798,0.0007436062021961596,0.0008553179520696023,false,2e-06,2.4220937031600326e-07,7.2246687944522814e-06,false,true,2,2e-06,2.4220937031600326e-07,7.2246687944522814e-06,false,0,0,true,532,284,0,3.5509645239374145e-06,0,0,0,798,8,16,2,2,1,999184,100,4003
E2,seed,paired,QF,double,libstdc++,0.51,0.010000000000000009,1,1000000,999181,819,817,2,999181,559,258,0,0,2,0,0,0.000819,0.0007638831642357954,0.0008770404249266203,false,0.000817,0.0007619516215028331,0.0008749720207441783,false,2e-06,2.4220937031600326e-07,7.2246687944522814e-06,false,true,2,2e-06,2.4220937031600326e-07,7.2246687944522814e-06,false,0,0,true,561,273,0,2.437209414797625e-06,0,0,0,817,9,15,2,2,1,999166,100,4003
E2,seed,paired,QF,double,libc++,0.51,0.010000000000000009,1,1000000,999166,834,833,1,999166,570,263,0,0,1,0,0,0.000834,0.0007783723833630208,0.0008925508124182144,false,0.000833,0.0007774062914080276,0.0008915169303418242,false,1e-06,2.53178076637942e-08,5.571630655166939e-06,false,true,1,1e-06,2.53178076637942e-08,5.571630655166939e-06,false,0,0,true,571,271,0,1.3406621683081621e-06,0,0,0,833,9,8,1,1,1,999158,100,4004
E2,seed,paired,QF,double,libstdc++,0.51,0.010000000000000009,1,1000000,999199,801,800,1,999199,576,224,0,0,1,0,0,0.000801,0.0007465023319810692,0.0008584217404941983,false,0.0008,0.0007455369336849423,0.0008573871660137346,false,1e-06,2.53178076637942e-08,5.571630655166939e-06,false,true,1,1e-06,2.53178076637942e-08,5.571630655166939e-06,false,0,0,true,577,238,0,7.066428901105272e-07,0,0,0,800,8,14,2,1,1,999185,100,4004
E2,seed,paired,QF,double,libc++,0.51,0.010000000000000009,1,1000000,999172,828,828,0,999172,584,244,0,0,0,0,0,0.000828,0.0007725761385570988,0.0008863472135811477,false,0.000828,0.0007725761385570988,0.0008863472135811477,false,0.0,0.0,2.9957277863923437e-06,true,true,0,0.0,0.0,2.9957277863923437e-06,true,0,0,true,584,252,0,1.6571727827253689e-06,0,0,0,828,9,8,1,0,0,999164,100,4005
E2,seed,paired,QF,double,libstdc++,0.51,0.010000000000000009,1,1000000,999196,804,804,0,999196,553,251,0,0,0,0,0,0.000804,0.0007493986565898436,0.0008615253344542267,false,0.000804,0.0007493986565898436,0.0008615253344542267,false,0.0,0.0,2.9957277863923437e-06,true,true,0,0.0,0.0,2.9957277863923437e-06,true,0,0,true,553,264,0,1.9291776751652456e-07,0,0,0,804,9,13,2,0,0,999183,100,4005
E2,seed,paired,SPLIT,double,libc++,0.51,0.010000000000000009,1,1000000,999417,583,582,1,999417,582,0,0,0,1,0,0,0.000583,0.0005366422304178654,0.0006322890029875033,false,0.000582,0.0005356828078037459,0.0006312484658436455,false,1e-06,2.53178076637942e-08,5.571630655166939e-06,false,true,1,1e-06,2.53178076637942e-08,5.571630655166939e-06,false,0,0,true,583,249,0,1.7451982465198845e-06,0,0,0,823,9,8,1,1,1,999168,100,4001
E2,seed,paired,SPLIT,double,libstdc++,0.51,0.010000000000000009,1,1000000,999474,526,526,0,999474,526,0,0,0,0,0,0,0.000526,0.0004820137160494669,0.0005729199644337984,false,0.000526,0.0004820137160494669,0.0005729199644337984,false,0.0,0.0,2.9957277863923437e-06,true,true,0,0.0,0.0,2.9957277863923437e-06,true,0,0,true,526,252,0,1.3592771553675374e-06,0,0,0,775,8,4,1,0,0,999221,100,4001
E2,seed,paired,SPLIT,double,libc++,0.51,0.010000000000000009,1,1000000,999433,567,566,1,999433,566,0,0,0,1,0,0,0.000567,0.0005212957130922672,0.0006156361750180269,false,0.000566,0.0005203368606283232,0.0006145950691862966,false,1e-06,2.53178076637942e-08,5.571630655166939e-06,false,true,1,1e-06,2.53178076637942e-08,5.571630655166939e-06,false,0,0,true,567,252,0,1.4016840787148767e-06,0,0,0,806,9,12,2,1,1,999181,100,4002
E2,seed,paired,SPLIT,double,libstdc++,0.51,0.010000000000000009,1,1000000,999403,597,595,2,999403,595,0,0,0,2,0,0,0.000597,0.0005500777664915238,0.0006468529126068999,false,0.000595,0.0005481579950804796,0.0006447727621856333,false,2e-06,2.4220937031600326e-07,7.2246687944522814e-06,false,true,2,2e-06,2.4220937031600326e-07,7.2246687944522814e-06,false,0,0,true,597,248,0,2.002027787581599e-06,0,0,0,832,9,11,2,2,1,999155,100,4002
E2,seed,paired,SPLIT,double,libc++,0.51,0.010000000000000009,1,1000000,999468,532,530,2,999468,530,0,0,0,2,0,0,0.000532,0.00048775821254787495,0.0005791751945157822,false,0.00053,0.00048584321923984537,0.0005770902785155358,false,2e-06,2.4220937031600326e-07,7.2246687944522814e-06,false,true,2,2e-06,2.4220937031600326e-07,7.2246687944522814e-06,false,0,0,true,532,284,0,3.5509645239374145e-06,0,0,0,798,8,16,2,2,1,999184,100,4003
E2,seed,paired,SPLIT,double,libstdc++,0.51,0.010000000000000009,1,1000000,999439,561,559,2,999439,559,0,0,0,2,0,0,0.000561,0.0005155431467822112,0.0006093889929847955,false,0.000559,0.0005136259190222127,0.00060730630540136,false,2e-06,2.4220937031600326e-07,7.2246687944522814e-06,false,true,2,2e-06,2.4220937031600326e-07,7.2246687944522814e-06,false,0,0,true,561,273,0,2.437209414797625e-06,0,0,0,817,9,15,2,2,1,999166,100,4003
E2,seed,paired,SPLIT,double,libc++,0.51,0.010000000000000009,1,1000000,999429,571,570,1,999429,570,0,0,0,1,0,0,0.000571,0.0005251314853827786,0.0006198002368501761,false,0.00057,0.000524172488135894,0.0006187592754262231,false,1e-06,2.53178076637942e-08,5.571630655166939e-06,false,true,1,1e-06,2.53178076637942e-08,5.571630655166939e-06,false,0,0,true,571,271,0,1.3406621683081621e-06,0,0,0,833,9,8,1,1,1,999158,100,4004
E2,seed,paired,SPLIT,double,libstdc++,0.51,0.010000000000000009,1,1000000,999423,577,576,1,999423,576,0,0,0,1,0,0,0.000577,0.0005308862207003066,0.0006260452554917923,false,0.000576,0.0005299270091101223,0.0006250045078605239,false,1e-06,2.53178076637942e-08,5.571630655166939e-06,false,true,1,1e-06,2.53178076637942e-08,5.571630655166939e-06,false,0,0,true,577,238,0,7.066428901105272e-07,0,0,0,800,8,14,2,1,1,999185,100,4004
E2,seed,paired,SPLIT,double,libc++,0.51,0.010000000000000009,1,1000000,999416,584,584,0,999416,584,0,0,0,0,0,0,0.000584,0.0005376016878859258,0.0006333295053655058,false,0.000584,0.0005376016878859258,0.0006333295053655058,false,0.0,0.0,2.9957277863923437e-06,true,true,0,0.0,0.0,2.9957277863923437e-06,true,0,0,true,584,252,0,1.6571727827253689e-06,0,0,0,828,9,8,1,0,0,999164,100,4005
E2,seed,paired,SPLIT,double,libstdc++,0.51,0.010000000000000009,1,1000000,999447,553,553,0,999447,553,0,0,0,0,0,0,0.000553,0.0005078751298767888,0.0006010573508779793,false,0.000553,0.0005078751298767888,0.0006010573508779793,false,0.0,0.0,2.9957277863923437e-06,true,true,0,0.0,0.0,2.9957277863923437e-06,true,0,0,true,553,264,0,1.9291776751652456e-07,0,0,0,804,9,13,2,0,0,999183,100,4005
E2,seed,paired,LOG,double,libc++,0.55,0.050000000000000044,1,1000000,1000000,0,0,0,1000000,0,0,0,0,0,0,0,0.0,0.0,2.9957277863923437e-06,true,0.0,0.0,2.9957277863923437e-06,true,0.0,0.0,2.9957277863923437e-06,true,true,0,0.0,0.0,2.9957277863923437e-06,true,0,0,true,0,0,0,6.807489166216706e-16,0,0,0,0,0,0,0,0,0,1000000,100,4001
E2,seed,paired,LOG,double,libstdc++,0.55,0.050000000000000044,1,1000000,1000000,0,0,0,1000000,0,0,0,0,0,0,0,0.0,0.0,2.9957277863923437e-06,true,0.0,0.0,2.9957277863923437e-06,true,0.0,0.0,2.9957277863923437e-06,true,true,0,0.0,0.0,2.9957277863923437e-06,true,0,0,true,0,0,0,6.812862782062078e-16,0,0,0,0,0,0,0,0,0,1000000,100,4001
E2,seed,paired,LOG,double,libc++,0.55,0.050000000000000044,1,1000000,1000000,0,0,0,1000000,0,0,0,0,0,0,0,0.0,0.0,2.9957277863923437e-06,true,0.0,0.0,2.9957277863923437e-06,true,0.0,0.0,2.9957277863923437e-06,true,true,0,0.0,0.0,2.9957277863923437e-06,true,0,0,true,0,0,0,6.805423687144851e-16,0,0,0,0,0,0,0,0,0,1000000,100,4002
E2,seed,paired,LOG,double,libstdc++,0.55,0.050000000000000044,1,1000000,1000000,0,0,0,1000000,0,0,0,0,0,0,0,0.0,0.0,2.9957277863923437e-06,true,0.0,0.0,2.9957277863923437e-06,true,0.0,0.0,2.9957277863923437e-06,true,true,0,0.0,0.0,2.9957277863923437e-06,true,0,0,true,0,0,0,6.79984085308154e-16,0,0,0,0,0,0,0,0,0,1000000,100,4002
E2,seed,paired,LOG,double,libc++,0.55,0.050000000000000044,1,1000000,1000000,0,0,0,1000000,0,0,0,0,0,0,0,0.0,0.0,2.9957277863923437e-06,true,0.0,0.0,2.9957277863923437e-06,true,0.0,0.0,2.9957277863923437e-06,true,true,0,0.0,0.0,2.9957277863923437e-06,true,0,0,true,0,0,0,6.799527942661444e-16,0,0,0,0,0,0,0,0,0,1000000,100,4003
E2,seed,paired,LOG,double,libstdc++,0.55,0.050000000000000044,1,1000000,1000000,0,0,0,1000000,0,0,0,0,0,0,0,0.0,0.0,2.9957277863923437e-06,true,0.0,0.0,2.9957277863923437e-06,true,0.0,0.0,2.9957277863923437e-06,true,true,0,0.0,0.0,2.9957277863923437e-06,true,0,0,true,0,0,0,6.809893073483577e-16,0,0,0,0,0,0,0,0,0,1000000,100,4003
E2,seed,paired,LOG,double,libc++,0.55,0.050000000000000044,1,1000000,1000000,0,0,0,1000000,0,0,0,0,0,0,0,0.0,0.0,2.9957277863923437e-06,true,0.0,0.0,2.9957277863923437e-06,true,0.0,0.0,2.9957277863923437e-06,true,true,0,0.0,0.0,2.9957277863923437e-06,true,0,0,true,0,0,0,6.799056716108386e-16,0,0,0,0,0,0,0,0,0,1000000,100,4004
E2,seed,paired,LOG,double,libstdc++,0.55,0.050000000000000044,1,1000000,1000000,0,0,0,1000000,0,0,0,0,0,0,0,0.0,0.0,2.9957277863923437e-06,true,0.0,0.0,2.9957277863923437e-06,true,0.0,0.0,2.9957277863923437e-06,true,true,0,0.0,0.0,2.9957277863923437e-06,true,0,0,true,0,0,0,6.790279850443608e-16,0,0,0,0,0,0,0,0,0,1000000,100,4004
E2,seed,paired,LOG,double,libc++,0.55,0.050000000000000044,1,1000000,1000000,0,0,0,1000000,0,0,0,0,0,0,0,0.0,0.0,2.9957277863923437e-06,true,0.0,0.0,2.9957277863923437e-06,true,0.0,0.0,2.9957277863923437e-06,true,true,0,0.0,0.0,2.9957277863923437e-06,true,0,0,true,0,0,0,6.811651668468767e-16,0,0,0,0,0,0,0,0,0,1000000,100,4005
E2,seed,paired,LOG,double,libstdc++,0.55,0.050000000000000044,1,1000000,1000000,0,0,0,1000000,0,0,0,0,0,0,0,0.0,0.0,2.9957277863923437e-06,true,0.0,0.0,2.9957277863923437e-06,true,0.0,0.0,2.9957277863923437e-06,true,true,0,0.0,0.0,2.9957277863923437e-06,true,0,0,true,0,0,0,6.808085036209052e-16,0,0,0,0,0,0,0,0,0,1000000,100,4005
E2,seed,paired,QF,double,libc++,0.55,0.050000000000000044,1,1000000,1000000,0,0,0,1000000,0,0,0,0,0,0,0,0.0,0.0,2.9957277863923437e-06,true,0.0,0.0,2.9957277863923437e-06,true,0.0,0.0,2.9957277863923437e-06,true,true,0,0.0,0.0,2.9957277863923437e-06,true,0,0,true,0,0,0,6.807489166216706e-16,0,0,0,0,0,0,0,0,0,1000000,100,4001
E2,seed,paired,QF,double,libstdc++,0.55,0.050000000000000044,1,1000000,1000000,0,0,0,1000000,0,0,0,0,0,0,0,0.0,0.0,2.9957277863923437e-06,true,0.0,0.0,2.9957277863923437e-06,true,0.0,0.0,2.9957277863923437e-06,true,true,0,0.0,0.0,2.9957277863923437e-06,true,0,0,true,0,0,0,6.812862782062078e-16,0,0,0,0,0,0,0,0,0,1000000,100,4001
E2,seed,paired,QF,double,libc++,0.55,0.050000000000000044,1,1000000,1000000,0,0,0,1000000,0,0,0,0,0,0,0,0.0,0.0,2.9957277863923437e-06,true,0.0,0.0,2.9957277863923437e-06,true,0.0,0.0,2.9957277863923437e-06,true,true,0,0.0,0.0,2.9957277863923437e-06,true,0,0,true,0,0,0,6.805423687144851e-16,0,0,0,0,0,0,0,0,0,1000000,100,4002
E2,seed,paired,QF,double,libstdc++,0.55,0.050000000000000044,1,1000000,1000000,0,0,0,1000000,0,0,0,0,0,0,0,0.0,0.0,2.9957277863923437e-06,true,0.0,0.0,2.9957277863923437e-06,true,0.0,0.0,2.9957277863923437e-06,true,true,0,0.0,0.0,2.9957277863923437e-06,true,0,0,true,0,0,0,6.79984085308154e-16,0,0,0,0,0,0,0,0,0,1000000,100,4002
E2,seed,paired,QF,double,libc++,0.55,0.050000000000000044,1,1000000,1000000,0,0,0,1000000,0,0,0,0,0,0,0,0.0,0.0,2.9957277863923437e-06,true,0.0,0.0,2.9957277863923437e-06,true,0.0,0.0,2.9957277863923437e-06,true,true,0,0.0,0.0,2.9957277863923437e-06,true,0,0,true,0,0,0,6.799527942661444e-16,0,0,0,0,0,0,0,0,0,1000000,100,4003
E2,seed,paired,QF,double,libstdc++,0.55,0.050000000000000044,1,1000000,1000000,0,0,0,1000000,0,0,0,0,0,0,0,0.0,0.0,2.9957277863923437e-06,true,0.0,0.0,2.9957277863923437e-06,true,0.0,0.0,2.9957277863923437e-06,true,true,0,0.0,0.0,2.9957277863923437e-06,true,0,0,true,0,0,0,6.809893073483577e-16,0,0,0,0,0,0,0,0,0,1000000,100,4003
E2,seed,paired,QF,double,libc++,0.55,0.050000000000000044,1,1000000,1000000,0,0,0,1000000,0,0,0,0,0,0,0,0.0,0.0,2.9957277863923437e-06,true,0.0,0.0,2.9957277863923437e-06,true,0.0,0.0,2.9957277863923437e-06,true,true,0,0.0,0.0,2.9957277863923437e-06,true,0,0,true,0,0,0,6.799056716108386e-16,0,0,0,0,0,0,0,0,0,1000000,100,4004
E2,seed,paired,QF,double,libstdc++,0.55,0.050000000000000044,1,1000000,1000000,0,0,0,1000000,0,0,0,0,0,0,0,0.0,0.0,2.9957277863923437e-06,true,0.0,0.0,2.9957277863923437e-06,true,0.0,0.0,2.9957277863923437e-06,true,true,0,0.0,0.0,2.9957277863923437e-06,true,0,0,true,0,0,0,6.790279850443608e-16,0,0,0,0,0,0,0,0,0,1000000,100,4004
E2,seed,paired,QF,double,libc++,0.55,0.050000000000000044,1,1000000,1000000,0,0,0,1000000,0,0,0,0,0,0,0,0.0,0.0,2.9957277863923437e-06,true,0.0,0.0,2.9957277863923437e-06,true,0.0,0.0,2.9957277863923437e-06,true,true,0,0.0,0.0,2.9957277863923437e-06,true,0,0,true,0,0,0,6.811651668468767e-16,0,0,0,0,0,0,0,0,0,1000000,100,4005
E2,seed,paired,QF,double,libstdc++,0.55,0.050000000000000044,1,1000000,1000000,0,0,0,1000000,0,0,0,0,0,0,0,0.0,0.0,2.9957277863923437e-06,true,0.0,0.0,2.9957277863923437e-06,true,0.0,0.0,2.9957277863923437e-06,true,true,0,0.0,0.0,2.9957277863923437e-06,true,0,0,true,0,0,0,6.808085036209052e-16,0,0,0,0,0,0,0,0,0,1000000,100,4005
E2,seed,paired,SPLIT,double,libc++,0.55,0.050000000000000044,1,1000000,1000000,0,0,0,1000000,0,0,0,0,0,0,0,0.0,0.0,2.9957277863923437e-06,true,0.0,0.0,2.9957277863923437e-06,true,0.0,0.0,2.9957277863923437e-06,true,true,0,0.0,0.0,2.9957277863923437e-06,true,0,0,true,0,0,0,6.807489166216706e-16,0,0,0,0,0,0,0,0,0,1000000,100,4001
E2,seed,paired,SPLIT,double,libstdc++,0.55,0.050000000000000044,1,1000000,1000000,0,0,0,1000000,0,0,0,0,0,0,0,0.0,0.0,2.9957277863923437e-06,true,0.0,0.0,2.9957277863923437e-06,true,0.0,0.0,2.9957277863923437e-06,true,true,0,0.0,0.0,2.9957277863923437e-06,true,0,0,true,0,0,0,6.812862782062078e-16,0,0,0,0,0,0,0,0,0,1000000,100,4001
E2,seed,paired,SPLIT,double,libc++,0.55,0.050000000000000044,1,1000000,1000000,0,0,0,1000000,0,0,0,0,0,0,0,0.0,0.0,2.9957277863923437e-06,true,0.0,0.0,2.9957277863923437e-06,true,0.0,0.0,2.9957277863923437e-06,true,true,0,0.0,0.0,2.9957277863923437e-06,true,0,0,true,0,0,0,6.805423687144851e-16,0,0,0,0,0,0,0,0,0,1000000,100,4002
E2,seed,paired,SPLIT,double,libstdc++,0.55,0.050000000000000044,1,1000000,1000000,0,0,0,1000000,0,0,0,0,0,0,0,0.0,0.0,2.9957277863923437e-06,true,0.0,0.0,2.9957277863923437e-06,true,0.0,0.0,2.9957277863923437e-06,true,true,0,0.0,0.0,2.9957277863923437e-06,true,0,0,true,0,0,0,6.79984085308154e-16,0,0,0,0,0,0,0,0,0,1000000,100,4002
E2,seed,paired,SPLIT,double,libc++,0.55,0.050000000000000044,1,1000000,1000000,0,0,0,1000000,0,0,0,0,0,0,0,0.0,0.0,2.9957277863923437e-06,true,0.0,0.0,2.9957277863923437e-06,true,0.0,0.0,2.9957277863923437e-06,true,true,0,0.0,0.0,2.9957277863923437e-06,true,0,0,true,0,0,0,6.799527942661444e-16,0,0,0,0,0,0,0,0,0,1000000,100,4003
E2,seed,paired,SPLIT,double,libstdc++,0.55,0.050000000000000044,1,1000000,1000000,0,0,0,1000000,0,0,0,0,0,0,0,0.0,0.0,2.9957277863923437e-06,true,0.0,0.0,2.9957277863923437e-06,true,0.0,0.0,2.9957277863923437e-06,true,true,0,0.0,0.0,2.9957277863923437e-06,true,0,0,true,0,0,0,6.809893073483577e-16,0,0,0,0,0,0,0,0,0,1000000,100,4003
E2,seed,paired,SPLIT,double,libc++,0.55,0.050000000000000044,1,1000000,1000000,0,0,0,1000000,0,0,0,0,0,0,0,0.0,0.0,2.9957277863923437e-06,true,0.0,0.0,2.9957277863923437e-06,true,0.0,0.0,2.9957277863923437e-06,true,true,0,0.0,0.0,2.9957277863923437e-06,true,0,0,true,0,0,0,6.799056716108386e-16,0,0,0,0,0,0,0,0,0,1000000,100,4004
E2,seed,paired,SPLIT,double,libstdc++,0.55,0.050000000000000044,1,1000000,1000000,0,0,0,1000000,0,0,0,0,0,0,0,0.0,0.0,2.9957277863923437e-06,true,0.0,0.0,2.9957277863923437e-06,true,0.0,0.0,2.9957277863923437e-06,true,true,0,0.0,0.0,2.9957277863923437e-06,true,0,0,true,0,0,0,6.790279850443608e-16,0,0,0,0,0,0,0,0,0,1000000,100,4004
E2,seed,paired,SPLIT,double,libc++,0.55,0.050000000000000044,1,1000000,1000000,0,0,0,1000000,0,0,0,0,0,0,0,0.0,0.0,2.9957277863923437e-06,true,0.0,0.0,2.9957277863923437e-06,true,0.0,0.0,2.9957277863923437e-06,true,true,0,0.0,0.0,2.9957277863923437e-06,true,0,0,true,0,0,0,6.811651668468767e-16,0,0,0,0,0,0,0,0,0,1000000,100,4005
E2,seed,paired,SPLIT,double,libstdc++,0.55,0.050000000000000044,1,1000000,1000000,0,0,0,1000000,0,0,0,0,0,0,0,0.0,0.0,2.9957277863923437e-06,true,0.0,0.0,2.9957277863923437e-06,true,0.0,0.0,2.9957277863923437e-06,true,true,0,0.0,0.0,2.9957277863923437e-06,true,0,0,true,0,0,0,6.808085036209052e-16,0,0,0,0,0,0,0,0,0,1000000,100,4005
E2,seed,paired,LOG,double,libc++,0.6,0.09999999999999998,1,1000000,1000000,0,0,0,1000000,0,0,0,0,0,0,0,0.0,0.0,2.9957277863923437e-06,true,0.0,0.0,2.9957277863923437e-06,true,0.0,0.0,2.9957277863923437e-06,true,true,0,0.0,0.0,2.9957277863923437e-06,true,0,0,true,0,0,0,4.003927038383974e-16,0,0,0,0,0,0,0,0,0,1000000,100,4001
E2,seed,paired,LOG,double,libstdc++,0.6,0.09999999999999998,1,1000000,1000000,0,0,0,1000000,0,0,0,0,0,0,0,0.0,0.0,2.9957277863923437e-06,true,0.0,0.0,2.9957277863923437e-06,true,0.0,0.0,2.9957277863923437e-06,true,true,0,0.0,0.0,2.9957277863923437e-06,true,0,0,true,0,0,0,4.0071196958904784e-16,0,0,0,0,0,0,0,0,0,1000000,100,4001
E2,seed,paired,LOG,double,libc++,0.6,0.09999999999999998,1,1000000,1000000,0,0,0,1000000,0,0,0,0,0,0,0,0.0,0.0,2.9957277863923437e-06,true,0.0,0.0,2.9957277863923437e-06,true,0.0,0.0,2.9957277863923437e-06,true,true,0,0.0,0.0,2.9957277863923437e-06,true,0,0,true,0,0,0,4.006314158934844e-16,0,0,0,0,0,0,0,0,0,1000000,100,4002
E2,seed,paired,LOG,double,libstdc++,0.6,0.09999999999999998,1,1000000,1000000,0,0,0,1000000,0,0,0,0,0,0,0,0.0,0.0,2.9957277863923437e-06,true,0.0,0.0,2.9957277863923437e-06,true,0.0,0.0,2.9957277863923437e-06,true,true,0,0.0,0.0,2.9957277863923437e-06,true,0,0,true,0,0,0,4.0183651840228877e-16,0,0,0,0,0,0,0,0,0,1000000,100,4002
E2,seed,paired,LOG,double,libc++,0.6,0.09999999999999998,1,1000000,1000000,0,0,0,1000000,0,0,0,0,0,0,0,0.0,0.0,2.9957277863923437e-06,true,0.0,0.0,2.9957277863923437e-06,true,0.0,0.0,2.9957277863923437e-06,true,true,0,0.0,0.0,2.9957277863923437e-06,true,0,0,true,0,0,0,4.007803098437e-16,0,0,0,0,0,0,0,0,0,1000000,100,4003
E2,seed,paired,LOG,double,libstdc++,0.6,0.09999999999999998,1,1000000,1000000,0,0,0,1000000,0,0,0,0,0,0,0,0.0,0.0,2.9957277863923437e-06,true,0.0,0.0,2.9957277863923437e-06,true,0.0,0.0,2.9957277863923437e-06,true,true,0,0.0,0.0,2.9957277863923437e-06,true,0,0,true,0,0,0,4.010475915332043e-16,0,0,0,0,0,0,0,0,0,1000000,100,4003
E2,seed,paired,LOG,double,libc++,0.6,0.09999999999999998,1,1000000,1000000,0,0,0,1000000,0,0,0,0,0,0,0,0.0,0.0,2.9957277863923437e-06,true,0.0,0.0,2.9957277863923437e-06,true,0.0,0.0,2.9957277863923437e-06,true,true,0,0.0,0.0,2.9957277863923437e-06,true,0,0,true,0,0,0,3.9976359406530436e-16,0,0,0,0,0,0,0,0,0,1000000,100,4004
E2,seed,paired,LOG,double,libstdc++,0.6,0.09999999999999998,1,1000000,1000000,0,0,0,1000000,0,0,0,0,0,0,0,0.0,0.0,2.9957277863923437e-06,true,0.0,0.0,2.9957277863923437e-06,true,0.0,0.0,2.9957277863923437e-06,true,true,0,0.0,0.0,2.9957277863923437e-06,true,0,0,true,0,0,0,4.0113979929504987e-16,0,0,0,0,0,0,0,0,0,1000000,100,4004
E2,seed,paired,LOG,double,libc++,0.6,0.09999999999999998,1,1000000,1000000,0,0,0,1000000,0,0,0,0,0,0,0,0.0,0.0,2.9957277863923437e-06,true,0.0,0.0,2.9957277863923437e-06,true,0.0,0.0,2.9957277863923437e-06,true,true,0,0.0,0.0,2.9957277863923437e-06,true,0,0,true,0,0,0,4.004483212566881e-16,0,0,0,0,0,0,0,0,0,1000000,100,4005
E2,seed,paired,LOG,double,libstdc++,0.6,0.09999999999999998,1,1000000,1000000,0,0,0,1000000,0,0,0,0,0,0,0,0.0,0.0,2.9957277863923437e-06,true,0.0,0.0,2.9957277863923437e-06,true,0.0,0.0,2.9957277863923437e-06,true,true,0,0.0,0.0,2.9957277863923437e-06,true,0,0,true,0,0,0,4.022086144415043e-16,0,0,0,0,0,0,0,0,0,1000000,100,4005
E2,seed,paired,QF,double,libc++,0.6,0.09999999999999998,1,1000000,1000000,0,0,0,1000000,0,0,0,0,0,0,0,0.0,0.0,2.9957277863923437e-06,true,0.0,0.0,2.9957277863923437e-06,true,0.0,0.0,2.9957277863923437e-06,true,true,0,0.0,0.0,2.9957277863923437e-06,true,0,0,true,0,0,0,4.003927038383974e-16,0,0,0,0,0,0,0,0,0,1000000,100,4001
E2,seed,paired,QF,double,libstdc++,0.6,0.09999999999999998,1,1000000,1000000,0,0,0,1000000,0,0,0,0,0,0,0,0.0,0.0,2.9957277863923437e-06,true,0.0,0.0,2.9957277863923437e-06,true,0.0,0.0,2.9957277863923437e-06,true,true,0,0.0,0.0,2.9957277863923437e-06,true,0,0,true,0,0,0,4.0071196958904784e-16,0,0,0,0,0,0,0,0,0,1000000,100,4001
E2,seed,paired,QF,double,libc++,0.6,0.09999999999999998,1,1000000,1000000,0,0,0,1000000,0,0,0,0,0,0,0,0.0,0.0,2.9957277863923437e-06,true,0.0,0.0,2.9957277863923437e-06,true,0.0,0.0,2.9957277863923437e-06,true,true,0,0.0,0.0,2.9957277863923437e-06,true,0,0,true,0,0,0,4.006314158934844e-16,0,0,0,0,0,0,0,0,0,1000000,100,4002
E2,seed,paired,QF,double,libstdc++,0.6,0.09999999999999998,1,1000000,1000000,0,0,0,1000000,0,0,0,0,0,0,0,0.0,0.0,2.9957277863923437e-06,true,0.0,0.0,2.9957277863923437e-06,true,0.0,0.0,2.9957277863923437e-06,true,true,0,0.0,0.0,2.9957277863923437e-06,true,0,0,true,0,0,0,4.0183651840228877e-16,0,0,0,0,0,0,0,0,0,1000000,100,4002
E2,seed,paired,QF,double,libc++,0.6,0.09999999999999998,1,1000000,1000000,0,0,0,1000000,0,0,0,0,0,0,0,0.0,0.0,2.9957277863923437e-06,true,0.0,0.0,2.9957277863923437e-06,true,0.0,0.0,2.9957277863923437e-06,true,true,0,0.0,0.0,2.9957277863923437e-06,true,0,0,true,0,0,0,4.007803098437e-16,0,0,0,0,0,0,0,0,0,1000000,100,4003
E2,seed,paired,QF,double,libstdc++,0.6,0.09999999999999998,1,1000000,1000000,0,0,0,1000000,0,0,0,0,0,0,0,0.0,0.0,2.9957277863923437e-06,true,0.0,0.0,2.9957277863923437e-06,true,0.0,0.0,2.9957277863923437e-06,true,true,0,0.0,0.0,2.9957277863923437e-06,true,0,0,true,0,0,0,4.010475915332043e-16,0,0,0,0,0,0,0,0,0,1000000,100,4003
E2,seed,paired,QF,double,libc++,0.6,0.09999999999999998,1,1000000,1000000,0,0,0,1000000,0,0,0,0,0,0,0,0.0,0.0,2.9957277863923437e-06,true,0.0,0.0,2.9957277863923437e-06,true,0.0,0.0,2.9957277863923437e-06,true,true,0,0.0,0.0,2.9957277863923437e-06,true,0,0,true,0,0,0,3.9976359406530436e-16,0,0,0,0,0,0,0,0,0,1000000,100,4004
E2,seed,paired,QF,double,libstdc++,0.6,0.09999999999999998,1,1000000,1000000,0,0,0,1000000,0,0,0,0,0,0,0,0.0,0.0,2.9957277863923437e-06,true,0.0,0.0,2.9957277863923437e-06,true,0.0,0.0,2.9957277863923437e-06,true,true,0,0.0,0.0,2.9957277863923437e-06,true,0,0,true,0,0,0,4.0113979929504987e-16,0,0,0,0,0,0,0,0,0,1000000,100,4004
E2,seed,paired,QF,double,libc++,0.6,0.09999999999999998,1,1000000,1000000,0,0,0,1000000,0,0,0,0,0,0,0,0.0,0.0,2.9957277863923437e-06,true,0.0,0.0,2.9957277863923437e-06,true,0.0,0.0,2.9957277863923437e-06,true,true,0,0.0,0.0,2.9957277863923437e-06,true,0,0,true,0,0,0,4.004483212566881e-16,0,0,0,0,0,0,0,0,0,1000000,100,4005
E2,seed,paired,QF,double,libstdc++,0.6,0.09999999999999998,1,1000000,1000000,0,0,0,1000000,0,0,0,0,0,0,0,0.0,0.0,2.9957277863923437e-06,true,0.0,0.0,2.9957277863923437e-06,true,0.0,0.0,2.9957277863923437e-06,true,true,0,0.0,0.0,2.9957277863923437e-06,true,0,0,true,0,0,0,4.022086144415043e-16,0,0,0,0,0,0,0,0,0,1000000,100,4005
E2,seed,paired,SPLIT,double,libc++,0.6,0.09999999999999998,1,1000000,1000000,0,0,0,1000000,0,0,0,0,0,0,0,0.0,0.0,2.9957277863923437e-06,true,0.0,0.0,2.9957277863923437e-06,true,0.0,0.0,2.9957277863923437e-06,true,true,0,0.0,0.0,2.9957277863923437e-06,true,0,0,true,0,0,0,4.003927038383974e-16,0,0,0,0,0,0,0,0,0,1000000,100,4001
E2,seed,paired,SPLIT,double,libstdc++,0.6,0.09999999999999998,1,1000000,1000000,0,0,0,1000000,0,0,0,0,0,0,0,0.0,0.0,2.9957277863923437e-06,true,0.0,0.0,2.9957277863923437e-06,true,0.0,0.0,2.9957277863923437e-06,true,true,0,0.0,0.0,2.9957277863923437e-06,true,0,0,true,0,0,0,4.0071196958904784e-16,0,0,0,0,0,0,0,0,0,1000000,100,4001
E2,seed,paired,SPLIT,double,libc++,0.6,0.09999999999999998,1,1000000,1000000,0,0,0,1000000,0,0,0,0,0,0,0,0.0,0.0,2.9957277863923437e-06,true,0.0,0.0,2.9957277863923437e-06,true,0.0,0.0,2.9957277863923437e-06,true,true,0,0.0,0.0,2.9957277863923437e-06,true,0,0,true,0,0,0,4.006314158934844e-16,0,0,0,0,0,0,0,0,0,1000000,100,4002
E2,seed,paired,SPLIT,double,libstdc++,0.6,0.09999999999999998,1,1000000,1000000,0,0,0,1000000,0,0,0,0,0,0,0,0.0,0.0,2.9957277863923437e-06,true,0.0,0.0,2.9957277863923437e-06,true,0.0,0.0,2.9957277863923437e-06,true,true,0,0.0,0.0,2.9957277863923437e-06,true,0,0,true,0,0,0,4.0183651840228877e-16,0,0,0,0,0,0,0,0,0,1000000,100,4002
E2,seed,paired,SPLIT,double,libc++,0.6,0.09999999999999998,1,1000000,1000000,0,0,0,1000000,0,0,0,0,0,0,0,0.0,0.0,2.9957277863923437e-06,true,0.0,0.0,2.9957277863923437e-06,true,0.0,0.0,2.9957277863923437e-06,true,true,0,0.0,0.0,2.9957277863923437e-06,true,0,0,true,0,0,0,4.007803098437e-16,0,0,0,0,0,0,0,0,0,1000000,100,4003
E2,seed,paired,SPLIT,double,libstdc++,0.6,0.09999999999999998,1,1000000,1000000,0,0,0,1000000,0,0,0,0,0,0,0,0.0,0.0,2.9957277863923437e-06,true,0.0,0.0,2.9957277863923437e-06,true,0.0,0.0,2.9957277863923437e-06,true,true,0,0.0,0.0,2.9957277863923437e-06,true,0,0,true,0,0,0,4.010475915332043e-16,0,0,0,0,0,0,0,0,0,1000000,100,4003
E2,seed,paired,SPLIT,double,libc++,0.6,0.09999999999999998,1,1000000,1000000,0,0,0,1000000,0,0,0,0,0,0,0,0.0,0.0,2.9957277863923437e-06,true,0.0,0.0,2.9957277863923437e-06,true,0.0,0.0,2.9957277863923437e-06,true,true,0,0.0,0.0,2.9957277863923437e-06,true,0,0,true,0,0,0,3.9976359406530436e-16,0,0,0,0,0,0,0,0,0,1000000,100,4004
E2,seed,paired,SPLIT,double,libstdc++,0.6,0.09999999999999998,1,1000000,1000000,0,0,0,1000000,0,0,0,0,0,0,0,0.0,0.0,2.9957277863923437e-06,true,0.0,0.0,2.9957277863923437e-06,true,0.0,0.0,2.9957277863923437e-06,true,true,0,0.0,0.0,2.9957277863923437e-06,true,0,0,true,0,0,0,4.0113979929504987e-16,0,0,0,0,0,0,0,0,0,1000000,100,4004
E2,seed,paired,SPLIT,double,libc++,0.6,0.09999999999999998,1,1000000,1000000,0,0,0,1000000,0,0,0,0,0,0,0,0.0,0.0,2.9957277863923437e-06,true,0.0,0.0,2.9957277863923437e-06,true,0.0,0.0,2.9957277863923437e-06,true,true,0,0.0,0.0,2.9957277863923437e-06,true,0,0,true,0,0,0,4.004483212566881e-16,0,0,0,0,0,0,0,0,0,1000000,100,4005
E2,seed,paired,SPLIT,double,libstdc++,0.6,0.09999999999999998,1,1000000,1000000,0,0,0,1000000,0,0,0,0,0,0,0,0.0,0.0,2.9957277863923437e-06,true,0.0,0.0,2.9957277863923437e-06,true,0.0,0.0,2.9957277863923437e-06,true,true,0,0.0,0.0,2.9957277863923437e-06,true,0,0,true,0,0,0,4.022086144415043e-16,0,0,0,0,0,0,0,0,0,1000000,100,4005
E2,seed,paired,LOG,double,libc++,0.75,0.25,1,1000000,1000000,0,0,0,1000000,0,0,0,0,0,0,0,0.0,0.0,2.9957277863923437e-06,true,0.0,0.0,2.9957277863923437e-06,true,0.0,0.0,2.9957277863923437e-06,true,true,0,0.0,0.0,2.9957277863923437e-06,true,0,0,true,0,0,0,1.4904248586194034e-16,0,0,0,0,0,0,0,0,0,1000000,100,4001
E2,seed,paired,LOG,double,libstdc++,0.75,0.25,1,1000000,1000000,0,0,0,1000000,0,0,0,0,0,0,0,0.0,0.0,2.9957277863923437e-06,true,0.0,0.0,2.9957277863923437e-06,true,0.0,0.0,2.9957277863923437e-06,true,true,0,0.0,0.0,2.9957277863923437e-06,true,0,0,true,0,0,0,1.488153982888157e-16,0,0,0,0,0,0,0,0,0,1000000,100,4001
E2,seed,paired,LOG,double,libc++,0.75,0.25,1,1000000,1000000,0,0,0,1000000,0,0,0,0,0,0,0,0.0,0.0,2.9957277863923437e-06,true,0.0,0.0,2.9957277863923437e-06,true,0.0,0.0,2.9957277863923437e-06,true,true,0,0.0,0.0,2.9957277863923437e-06,true,0,0,true,0,0,0,1.4891076881281753e-16,0,0,0,0,0,0,0,0,0,1000000,100,4002
E2,seed,paired,LOG,double,libstdc++,0.75,0.25,1,1000000,1000000,0,0,0,1000000,0,0,0,0,0,0,0,0.0,0.0,2.9957277863923437e-06,true,0.0,0.0,2.9957277863923437e-06,true,0.0,0.0,2.9957277863923437e-06,true,true,0,0.0,0.0,2.9957277863923437e-06,true,0,0,true,0,0,0,1.4890980793017184e-16,0,0,0,0,0,0,0,0,0,1000000,100,4002
E2,seed,paired,LOG,double,libc++,0.75,0.25,1,1000000,1000000,0,0,0,1000000,0,0,0,0,0,0,0,0.0,0.0,2.9957277863923437e-06,true,0.0,0.0,2.9957277863923437e-06,true,0.0,0.0,2.9957277863923437e-06,true,true,0,0.0,0.0,2.9957277863923437e-06,true,0,0,true,0,0,0,1.4878652394742465e-16,0,0,0,0,0,0,0,0,0,1000000,100,4003
E2,seed,paired,LOG,double,libstdc++,0.75,0.25,1,1000000,1000000,0,0,0,1000000,0,0,0,0,0,0,0,0.0,0.0,2.9957277863923437e-06,true,0.0,0.0,2.9957277863923437e-06,true,0.0,0.0,2.9957277863923437e-06,true,true,0,0.0,0.0,2.9957277863923437e-06,true,0,0,true,0,0,0,1.4881789179584077e-16,0,0,0,0,0,0,0,0,0,1000000,100,4003
E2,seed,paired,LOG,double,libc++,0.75,0.25,1,1000000,1000000,0,0,0,1000000,0,0,0,0,0,0,0,0.0,0.0,2.9957277863923437e-06,true,0.0,0.0,2.9957277863923437e-06,true,0.0,0.0,2.9957277863923437e-06,true,true,0,0.0,0.0,2.9957277863923437e-06,true,0,0,true,0,0,0,1.4892111667975612e-16,0,0,0,0,0,0,0,0,0,1000000,100,4004
E2,seed,paired,LOG,double,libstdc++,0.75,0.25,1,1000000,1000000,0,0,0,1000000,0,0,0,0,0,0,0,0.0,0.0,2.9957277863923437e-06,true,0.0,0.0,2.9957277863923437e-06,true,0.0,0.0,2.9957277863923437e-06,true,true,0,0.0,0.0,2.9957277863923437e-06,true,0,0,true,0,0,0,1.4869809520994424e-16,0,0,0,0,0,0,0,0,0,1000000,100,4004
E2,seed,paired,LOG,double,libc++,0.75,0.25,1,1000000,1000000,0,0,0,1000000,0,0,0,0,0,0,0,0.0,0.0,2.9957277863923437e-06,true,0.0,0.0,2.9957277863923437e-06,true,0.0,0.0,2.9957277863923437e-06,true,true,0,0.0,0.0,2.9957277863923437e-06,true,0,0,true,0,0,0,1.4876085261961904e-16,0,0,0,0,0,0,0,0,0,1000000,100,4005
E2,seed,paired,LOG,double,libstdc++,0.75,0.25,1,1000000,1000000,0,0,0,1000000,0,0,0,0,0,0,0,0.0,0.0,2.9957277863923437e-06,true,0.0,0.0,2.9957277863923437e-06,true,0.0,0.0,2.9957277863923437e-06,true,true,0,0.0,0.0,2.9957277863923437e-06,true,0,0,true,0,0,0,1.4868634128726557e-16,0,0,0,0,0,0,0,0,0,1000000,100,4005
E2,seed,paired,QF,double,libc++,0.75,0.25,1,1000000,1000000,0,0,0,1000000,0,0,0,0,0,0,0,0.0,0.0,2.9957277863923437e-06,true,0.0,0.0,2.9957277863923437e-06,true,0.0,0.0,2.9957277863923437e-06,true,true,0,0.0,0.0,2.9957277863923437e-06,true,0,0,true,0,0,0,1.4904248586194034e-16,0,0,0,0,0,0,0,0,0,1000000,100,4001
E2,seed,paired,QF,double,libstdc++,0.75,0.25,1,1000000,1000000,0,0,0,1000000,0,0,0,0,0,0,0,0.0,0.0,2.9957277863923437e-06,true,0.0,0.0,2.9957277863923437e-06,true,0.0,0.0,2.9957277863923437e-06,true,true,0,0.0,0.0,2.9957277863923437e-06,true,0,0,true,0,0,0,1.488153982888157e-16,0,0,0,0,0,0,0,0,0,1000000,100,4001
E2,seed,paired,QF,double,libc++,0.75,0.25,1,1000000,1000000,0,0,0,1000000,0,0,0,0,0,0,0,0.0,0.0,2.9957277863923437e-06,true,0.0,0.0,2.9957277863923437e-06,true,0.0,0.0,2.9957277863923437e-06,true,true,0,0.0,0.0,2.9957277863923437e-06,true,0,0,true,0,0,0,1.4891076881281753e-16,0,0,0,0,0,0,0,0,0,1000000,100,4002
E2,seed,paired,QF,double,libstdc++,0.75,0.25,1,1000000,1000000,0,0,0,1000000,0,0,0,0,0,0,0,0.0,0.0,2.9957277863923437e-06,true,0.0,0.0,2.9957277863923437e-06,true,0.0,0.0,2.9957277863923437e-06,true,true,0,0.0,0.0,2.9957277863923437e-06,true,0,0,true,0,0,0,1.4890980793017184e-16,0,0,0,0,0,0,0,0,0,1000000,100,4002
E2,seed,paired,QF,double,libc++,0.75,0.25,1,1000000,1000000,0,0,0,1000000,0,0,0,0,0,0,0,0.0,0.0,2.9957277863923437e-06,true,0.0,0.0,2.9957277863923437e-06,true,0.0,0.0,2.9957277863923437e-06,true,true,0,0.0,0.0,2.9957277863923437e-06,true,0,0,true,0,0,0,1.4878652394742465e-16,0,0,0,0,0,0,0,0,0,1000000,100,4003
E2,seed,paired,QF,double,libstdc++,0.75,0.25,1,1000000,1000000,0,0,0,1000000,0,0,0,0,0,0,0,0.0,0.0,2.9957277863923437e-06,true,0.0,0.0,2.9957277863923437e-06,true,0.0,0.0,2.9957277863923437e-06,true,true,0,0.0,0.0,2.9957277863923437e-06,true,0,0,true,0,0,0,1.4881789179584077e-16,0,0,0,0,0,0,0,0,0,1000000,100,4003
E2,seed,paired,QF,double,libc++,0.75,0.25,1,1000000,1000000,0,0,0,1000000,0,0,0,0,0,0,0,0.0,0.0,2.9957277863923437e-06,true,0.0,0.0,2.9957277863923437e-06,true,0.0,0.0,2.9957277863923437e-06,true,true,0,0.0,0.0,2.9957277863923437e-06,true,0,0,true,0,0,0,1.4892111667975612e-16,0,0,0,0,0,0,0,0,0,1000000,100,4004
E2,seed,paired,QF,double,libstdc++,0.75,0.25,1,1000000,1000000,0,0,0,1000000,0,0,0,0,0,0,0,0.0,0.0,2.9957277863923437e-06,true,0.0,0.0,2.9957277863923437e-06,true,0.0,0.0,2.9957277863923437e-06,true,true,0,0.0,0.0,2.9957277863923437e-06,true,0,0,true,0,0,0,1.4869809520994424e-16,0,0,0,0,0,0,0,0,0,1000000,100,4004
E2,seed,paired,QF,double,libc++,0.75,0.25,1,1000000,1000000,0,0,0,1000000,0,0,0,0,0,0,0,0.0,0.0,2.9957277863923437e-06,true,0.0,0.0,2.9957277863923437e-06,true,0.0,0.0,2.9957277863923437e-06,true,true,0,0.0,0.0,2.9957277863923437e-06,true,0,0,true,0,0,0,1.4876085261961904e-16,0,0,0,0,0,0,0,0,0,1000000,100,4005
E2,seed,paired,QF,double,libstdc++,0.75,0.25,1,1000000,1000000,0,0,0,1000000,0,0,0,0,0,0,0,0.0,0.0,2.9957277863923437e-06,true,0.0,0.0,2.9957277863923437e-06,true,0.0,0.0,2.9957277863923437e-06,true,true,0,0.0,0.0,2.9957277863923437e-06,true,0,0,true,0,0,0,1.4868634128726557e-16,0,0,0,0,0,0,0,0,0,1000000,100,4005
E2,seed,paired,SPLIT,double,libc++,0.75,0.25,1,1000000,1000000,0,0,0,1000000,0,0,0,0,0,0,0,0.0,0.0,2.9957277863923437e-06,true,0.0,0.0,2.9957277863923437e-06,true,0.0,0.0,2.9957277863923437e-06,true,true,0,0.0,0.0,2.9957277863923437e-06,true,0,0,true,0,0,0,1.4904248586194034e-16,0,0,0,0,0,0,0,0,0,1000000,100,4001
E2,seed,paired,SPLIT,double,libstdc++,0.75,0.25,1,1000000,1000000,0,0,0,1000000,0,0,0,0,0,0,0,0.0,0.0,2.9957277863923437e-06,true,0.0,0.0,2.9957277863923437e-06,true,0.0,0.0,2.9957277863923437e-06,true,true,0,0.0,0.0,2.9957277863923437e-06,true,0,0,true,0,0,0,1.488153982888157e-16,0,0,0,0,0,0,0,0,0,1000000,100,4001
E2,seed,paired,SPLIT,double,libc++,0.75,0.25,1,1000000,1000000,0,0,0,1000000,0,0,0,0,0,0,0,0.0,0.0,2.9957277863923437e-06,true,0.0,0.0,2.9957277863923437e-06,true,0.0,0.0,2.9957277863923437e-06,true,true,0,0.0,0.0,2.9957277863923437e-06,true,0,0,true,0,0,0,1.4891076881281753e-16,0,0,0,0,0,0,0,0,0,1000000,100,4002
E2,seed,paired,SPLIT,double,libstdc++,0.75,0.25,1,1000000,1000000,0,0,0,1000000,0,0,0,0,0,0,0,0.0,0.0,2.9957277863923437e-06,true,0.0,0.0,2.9957277863923437e-06,true,0.0,0.0,2.9957277863923437e-06,true,true,0,0.0,0.0,2.9957277863923437e-06,true,0,0,true,0,0,0,1.4890980793017184e-16,0,0,0,0,0,0,0,0,0,1000000,100,4002
E2,seed,paired,SPLIT,double,libc++,0.75,0.25,1,1000000,1000000,0,0,0,1000000,0,0,0,0,0,0,0,0.0,0.0,2.9957277863923437e-06,true,0.0,0.0,2.9957277863923437e-06,true,0.0,0.0,2.9957277863923437e-06,true,true,0,0.0,0.0,2.9957277863923437e-06,true,0,0,true,0,0,0,1.4878652394742465e-16,0,0,0,0,0,0,0,0,0,1000000,100,4003
E2,seed,paired,SPLIT,double,libstdc++,0.75,0.25,1,1000000,1000000,0,0,0,1000000,0,0,0,0,0,0,0,0.0,0.0,2.9957277863923437e-06,true,0.0,0.0,2.9957277863923437e-06,true,0.0,0.0,2.9957277863923437e-06,true,true,0,0.0,0.0,2.9957277863923437e-06,true,0,0,true,0,0,0,1.4881789179584077e-16,0,0,0,0,0,0,0,0,0,1000000,100,4003
E2,seed,paired,SPLIT,double,libc++,0.75,0.25,1,1000000,1000000,0,0,0,1000000,0,0,0,0,0,0,0,0.0,0.0,2.9957277863923437e-06,true,0.0,0.0,2.9957277863923437e-06,true,0.0,0.0,2.9957277863923437e-06,true,true,0,0.0,0.0,2.9957277863923437e-06,true,0,0,true,0,0,0,1.4892111667975612e-16,0,0,0,0,0,0,0,0,0,1000000,100,4004
E2,seed,paired,SPLIT,double,libstdc++,0.75,0.25,1,1000000,1000000,0,0,0,1000000,0,0,0,0,0,0,0,0.0,0.0,2.9957277863923437e-06,true,0.0,0.0,2.9957277863923437e-06,true,0.0,0.0,2.9957277863923437e-06,true,true,0,0.0,0.0,2.9957277863923437e-06,true,0,0,true,0,0,0,1.4869809520994424e-16,0,0,0,0,0,0,0,0,0,1000000,100,4004
E2,seed,paired,SPLIT,double,libc++,0.75,0.25,1,1000000,1000000,0,0,0,1000000,0,0,0,0,0,0,0,0.0,0.0,2.9957277863923437e-06,true,0.0,0.0,2.9957277863923437e-06,true,0.0,0.0,2.9957277863923437e-06,true,true,0,0.0,0.0,2.9957277863923437e-06,true,0,0,true,0,0,0,1.4876085261961904e-16,0,0,0,0,0,0,0,0,0,1000000,100,4005
E2,seed,paired,SPLIT,double,libstdc++,0.75,0.25,1,1000000,1000000,0,0,0,1000000,0,0,0,0,0,0,0,0.0,0.0,2.9957277863923437e-06,true,0.0,0.0,2.9957277863923437e-06,true,0.0,0.0,2.9957277863923437e-06,true,true,0,0.0,0.0,2.9957277863923437e-06,true,0,0,true,0,0,0,1.4868634128726557e-16,0,0,0,0,0,0,0,0,0,1000000,100,4005
E2,seed,paired,LOG,double,libc++,1,0.5,1,1000000,1000000,0,0,0,1000000,0,0,0,0,0,0,0,0.0,0.0,2.9957277863923437e-06,true,0.0,0.0,2.9957277863923437e-06,true,0.0,0.0,2.9957277863923437e-06,true,true,0,0.0,0.0,2.9957277863923437e-06,true,0,0,true,0,0,0,1.0294775611846976e-16,0,0,0,0,0,0,0,0,0,1000000,100,4001
E2,seed,paired,LOG,double,libstdc++,1,0.5,1,1000000,1000000,0,0,0,1000000,0,0,0,0,0,0,0,0.0,0.0,2.9957277863923437e-06,true,0.0,0.0,2.9957277863923437e-06,true,0.0,0.0,2.9957277863923437e-06,true,true,0,0.0,0.0,2.9957277863923437e-06,true,0,0,true,0,0,0,1.0287302766171399e-16,0,0,0,0,0,0,0,0,0,1000000,100,4001
E2,seed,paired,LOG,double,libc++,1,0.5,1,1000000,1000000,0,0,0,1000000,0,0,0,0,0,0,0,0.0,0.0,2.9957277863923437e-06,true,0.0,0.0,2.9957277863923437e-06,true,0.0,0.0,2.9957277863923437e-06,true,true,0,0.0,0.0,2.9957277863923437e-06,true,0,0,true,0,0,0,1.026024397228839e-16,0,0,0,0,0,0,0,0,0,1000000,100,4002
E2,seed,paired,LOG,double,libstdc++,1,0.5,1,1000000,1000000,0,0,0,1000000,0,0,0,0,0,0,0,0.0,0.0,2.9957277863923437e-06,true,0.0,0.0,2.9957277863923437e-06,true,0.0,0.0,2.9957277863923437e-06,true,true,0,0.0,0.0,2.9957277863923437e-06,true,0,0,true,0,0,0,1.0277515689741042e-16,0,0,0,0,0,0,0,0,0,1000000,100,4002
E2,seed,paired,LOG,double,libc++,1,0.5,1,1000000,1000000,0,0,0,1000000,0,0,0,0,0,0,0,0.0,0.0,2.9957277863923437e-06,true,0.0,0.0,2.9957277863923437e-06,true,0.0,0.0,2.9957277863923437e-06,true,true,0,0.0,0.0,2.9957277863923437e-06,true,0,0,true,0,0,0,1.0282164167676761e-16,0,0,0,0,0,0,0,0,0,1000000,100,4003
E2,seed,paired,LOG,double,libstdc++,1,0.5,1,1000000,1000000,0,0,0,1000000,0,0,0,0,0,0,0,0.0,0.0,2.9957277863923437e-06,true,0.0,0.0,2.9957277863923437e-06,true,0.0,0.0,2.9957277863923437e-06,true,true,0,0.0,0.0,2.9957277863923437e-06,true,0,0,true,0,0,0,1.028897282129442e-16,0,0,0,0,0,0,0,0,0,1000000,100,4003
E2,seed,paired,LOG,double,libc++,1,0.5,1,1000000,1000000,0,0,0,1000000,0,0,0,0,0,0,0,0.0,0.0,2.9957277863923437e-06,true,0.0,0.0,2.9957277863923437e-06,true,0.0,0.0,2.9957277863923437e-06,true,true,0,0.0,0.0,2.9957277863923437e-06,true,0,0,true,0,0,0,1.0270969660136576e-16,0,0,0,0,0,0,0,0,0,1000000,100,4004
E2,seed,paired,LOG,double,libstdc++,1,0.5,1,1000000,1000000,0,0,0,1000000,0,0,0,0,0,0,0,0.0,0.0,2.9957277863923437e-06,true,0.0,0.0,2.9957277863923437e-06,true,0.0,0.0,2.9957277863923437e-06,true,true,0,0.0,0.0,2.9957277863923437e-06,true,0,0,true,0,0,0,1.028437835345373e-16,0,0,0,0,0,0,0,0,0,1000000,100,4004
E2,seed,paired,LOG,double,libc++,1,0.5,1,1000000,1000000,0,0,0,1000000,0,0,0,0,0,0,0,0.0,0.0,2.9957277863923437e-06,true,0.0,0.0,2.9957277863923437e-06,true,0.0,0.0,2.9957277863923437e-06,true,true,0,0.0,0.0,2.9957277863923437e-06,true,0,0,true,0,0,0,1.0332884152803678e-16,0,0,0,0,0,0,0,0,0,1000000,100,4005
E2,seed,paired,LOG,double,libstdc++,1,0.5,1,1000000,1000000,0,0,0,1000000,0,0,0,0,0,0,0,0.0,0.0,2.9957277863923437e-06,true,0.0,0.0,2.9957277863923437e-06,true,0.0,0.0,2.9957277863923437e-06,true,true,0,0.0,0.0,2.9957277863923437e-06,true,0,0,true,0,0,0,1.0280045201172087e-16,0,0,0,0,0,0,0,0,0,1000000,100,4005
E2,seed,paired,QF,double,libc++,1,0.5,1,1000000,1000000,0,0,0,1000000,0,0,0,0,0,0,0,0.0,0.0,2.9957277863923437e-06,true,0.0,0.0,2.9957277863923437e-06,true,0.0,0.0,2.9957277863923437e-06,true,true,0,0.0,0.0,2.9957277863923437e-06,true,0,0,true,0,0,0,1.0294775611846976e-16,0,0,0,0,0,0,0,0,0,1000000,100,4001
E2,seed,paired,QF,double,libstdc++,1,0.5,1,1000000,1000000,0,0,0,1000000,0,0,0,0,0,0,0,0.0,0.0,2.9957277863923437e-06,true,0.0,0.0,2.9957277863923437e-06,true,0.0,0.0,2.9957277863923437e-06,true,true,0,0.0,0.0,2.9957277863923437e-06,true,0,0,true,0,0,0,1.0287302766171399e-16,0,0,0,0,0,0,0,0,0,1000000,100,4001
E2,seed,paired,QF,double,libc++,1,0.5,1,1000000,1000000,0,0,0,1000000,0,0,0,0,0,0,0,0.0,0.0,2.9957277863923437e-06,true,0.0,0.0,2.9957277863923437e-06,true,0.0,0.0,2.9957277863923437e-06,true,true,0,0.0,0.0,2.9957277863923437e-06,true,0,0,true,0,0,0,1.026024397228839e-16,0,0,0,0,0,0,0,0,0,1000000,100,4002
E2,seed,paired,QF,double,libstdc++,1,0.5,1,1000000,1000000,0,0,0,1000000,0,0,0,0,0,0,0,0.0,0.0,2.9957277863923437e-06,true,0.0,0.0,2.9957277863923437e-06,true,0.0,0.0,2.9957277863923437e-06,true,true,0,0.0,0.0,2.9957277863923437e-06,true,0,0,true,0,0,0,1.0277515689741042e-16,0,0,0,0,0,0,0,0,0,1000000,100,4002
E2,seed,paired,QF,double,libc++,1,0.5,1,1000000,1000000,0,0,0,1000000,0,0,0,0,0,0,0,0.0,0.0,2.9957277863923437e-06,true,0.0,0.0,2.9957277863923437e-06,true,0.0,0.0,2.9957277863923437e-06,true,true,0,0.0,0.0,2.9957277863923437e-06,true,0,0,true,0,0,0,1.0282164167676761e-16,0,0,0,0,0,0,0,0,0,1000000,100,4003
E2,seed,paired,QF,double,libstdc++,1,0.5,1,1000000,1000000,0,0,0,1000000,0,0,0,0,0,0,0,0.0,0.0,2.9957277863923437e-06,true,0.0,0.0,2.9957277863923437e-06,true,0.0,0.0,2.9957277863923437e-06,true,true,0,0.0,0.0,2.9957277863923437e-06,true,0,0,true,0,0,0,1.028897282129442e-16,0,0,0,0,0,0,0,0,0,1000000,100,4003
E2,seed,paired,QF,double,libc++,1,0.5,1,1000000,1000000,0,0,0,1000000,0,0,0,0,0,0,0,0.0,0.0,2.9957277863923437e-06,true,0.0,0.0,2.9957277863923437e-06,true,0.0,0.0,2.9957277863923437e-06,true,true,0,0.0,0.0,2.9957277863923437e-06,true,0,0,true,0,0,0,1.0270969660136576e-16,0,0,0,0,0,0,0,0,0,1000000,100,4004
E2,seed,paired,QF,double,libstdc++,1,0.5,1,1000000,1000000,0,0,0,1000000,0,0,0,0,0,0,0,0.0,0.0,2.9957277863923437e-06,true,0.0,0.0,2.9957277863923437e-06,true,0.0,0.0,2.9957277863923437e-06,true,true,0,0.0,0.0,2.9957277863923437e-06,true,0,0,true,0,0,0,1.028437835345373e-16,0,0,0,0,0,0,0,0,0,1000000,100,4004
E2,seed,paired,QF,double,libc++,1,0.5,1,1000000,1000000,0,0,0,1000000,0,0,0,0,0,0,0,0.0,0.0,2.9957277863923437e-06,true,0.0,0.0,2.9957277863923437e-06,true,0.0,0.0,2.9957277863923437e-06,true,true,0,0.0,0.0,2.9957277863923437e-06,true,0,0,true,0,0,0,1.0332884152803678e-16,0,0,0,0,0,0,0,0,0,1000000,100,4005
E2,seed,paired,QF,double,libstdc++,1,0.5,1,1000000,1000000,0,0,0,1000000,0,0,0,0,0,0,0,0.0,0.0,2.9957277863923437e-06,true,0.0,0.0,2.9957277863923437e-06,true,0.0,0.0,2.9957277863923437e-06,true,true,0,0.0,0.0,2.9957277863923437e-06,true,0,0,true,0,0,0,1.0280045201172087e-16,0,0,0,0,0,0,0,0,0,1000000,100,4005
E2,seed,paired,SPLIT,double,libc++,1,0.5,1,1000000,1000000,0,0,0,1000000,0,0,0,0,0,0,0,0.0,0.0,2.9957277863923437e-06,true,0.0,0.0,2.9957277863923437e-06,true,0.0,0.0,2.9957277863923437e-06,true,true,0,0.0,0.0,2.9957277863923437e-06,true,0,0,true,0,0,0,1.0294775611846976e-16,0,0,0,0,0,0,0,0,0,1000000,100,4001
E2,seed,paired,SPLIT,double,libstdc++,1,0.5,1,1000000,1000000,0,0,0,1000000,0,0,0,0,0,0,0,0.0,0.0,2.9957277863923437e-06,true,0.0,0.0,2.9957277863923437e-06,true,0.0,0.0,2.9957277863923437e-06,true,true,0,0.0,0.0,2.9957277863923437e-06,true,0,0,true,0,0,0,1.0287302766171399e-16,0,0,0,0,0,0,0,0,0,1000000,100,4001
E2,seed,paired,SPLIT,double,libc++,1,0.5,1,1000000,1000000,0,0,0,1000000,0,0,0,0,0,0,0,0.0,0.0,2.9957277863923437e-06,true,0.0,0.0,2.9957277863923437e-06,true,0.0,0.0,2.9957277863923437e-06,true,true,0,0.0,0.0,2.9957277863923437e-06,true,0,0,true,0,0,0,1.026024397228839e-16,0,0,0,0,0,0,0,0,0,1000000,100,4002
E2,seed,paired,SPLIT,double,libstdc++,1,0.5,1,1000000,1000000,0,0,0,1000000,0,0,0,0,0,0,0,0.0,0.0,2.9957277863923437e-06,true,0.0,0.0,2.9957277863923437e-06,true,0.0,0.0,2.9957277863923437e-06,true,true,0,0.0,0.0,2.9957277863923437e-06,true,0,0,true,0,0,0,1.0277515689741042e-16,0,0,0,0,0,0,0,0,0,1000000,100,4002
E2,seed,paired,SPLIT,double,libc++,1,0.5,1,1000000,1000000,0,0,0,1000000,0,0,0,0,0,0,0,0.0,0.0,2.9957277863923437e-06,true,0.0,0.0,2.9957277863923437e-06,true,0.0,0.0,2.9957277863923437e-06,true,true,0,0.0,0.0,2.9957277863923437e-06,true,0,0,true,0,0,0,1.0282164167676761e-16,0,0,0,0,0,0,0,0,0,1000000,100,4003
E2,seed,paired,SPLIT,double,libstdc++,1,0.5,1,1000000,1000000,0,0,0,1000000,0,0,0,0,0,0,0,0.0,0.0,2.9957277863923437e-06,true,0.0,0.0,2.9957277863923437e-06,true,0.0,0.0,2.9957277863923437e-06,true,true,0,0.0,0.0,2.9957277863923437e-06,true,0,0,true,0,0,0,1.028897282129442e-16,0,0,0,0,0,0,0,0,0,1000000,100,4003
E2,seed,paired,SPLIT,double,libc++,1,0.5,1,1000000,1000000,0,0,0,1000000,0,0,0,0,0,0,0,0.0,0.0,2.9957277863923437e-06,true,0.0,0.0,2.9957277863923437e-06,true,0.0,0.0,2.9957277863923437e-06,true,true,0,0.0,0.0,2.9957277863923437e-06,true,0,0,true,0,0,0,1.0270969660136576e-16,0,0,0,0,0,0,0,0,0,1000000,100,4004
E2,seed,paired,SPLIT,double,libstdc++,1,0.5,1,1000000,1000000,0,0,0,1000000,0,0,0,0,0,0,0,0.0,0.0,2.9957277863923437e-06,true,0.0,0.0,2.9957277863923437e-06,true,0.0,0.0,2.9957277863923437e-06,true,true,0,0.0,0.0,2.9957277863923437e-06,true,0,0,true,0,0,0,1.028437835345373e-16,0,0,0,0,0,0,0,0,0,1000000,100,4004
E2,seed,paired,SPLIT,double,libc++,1,0.5,1,1000000,1000000,0,0,0,1000000,0,0,0,0,0,0,0,0.0,0.0,2.9957277863923437e-06,true,0.0,0.0,2.9957277863923437e-06,true,0.0,0.0,2.9957277863923437e-06,true,true,0,0.0,0.0,2.9957277863923437e-06,true,0,0,true,0,0,0,1.0332884152803678e-16,0,0,0,0,0,0,0,0,0,1000000,100,4005
E2,seed,paired,SPLIT,double,libstdc++,1,0.5,1,1000000,1000000,0,0,0,1000000,0,0,0,0,0,0,0,0.0,0.0,2.9957277863923437e-06,true,0.0,0.0,2.9957277863923437e-06,true,0.0,0.0,2.9957277863923437e-06,true,true,0,0.0,0.0,2.9957277863923437e-06,true,0,0,true,0,0,0,1.0280045201172087e-16,0,0,0,0,0,0,0,0,0,1000000,100,4005
E2,seed,paired,LOG,double,libc++,1.5,1.0,1,1000000,1000000,0,0,0,1000000,0,0,0,0,0,0,0,0.0,0.0,2.9957277863923437e-06,true,0.0,0.0,2.9957277863923437e-06,true,0.0,0.0,2.9957277863923437e-06,true,true,0,0.0,0.0,2.9957277863923437e-06,true,0,0,true,0,0,0,8.179671389634979e-17,0,0,0,0,0,0,0,0,0,1000000,100,4001
E2,seed,paired,LOG,double,libstdc++,1.5,1.0,1,1000000,1000000,0,0,0,1000000,0,0,0,0,0,0,0,0.0,0.0,2.9957277863923437e-06,true,0.0,0.0,2.9957277863923437e-06,true,0.0,0.0,2.9957277863923437e-06,true,true,0,0.0,0.0,2.9957277863923437e-06,true,0,0,true,0,0,0,8.17588734980774e-17,0,0,0,0,0,0,0,0,0,1000000,100,4001
E2,seed,paired,LOG,double,libc++,1.5,1.0,1,1000000,1000000,0,0,0,1000000,0,0,0,0,0,0,0,0.0,0.0,2.9957277863923437e-06,true,0.0,0.0,2.9957277863923437e-06,true,0.0,0.0,2.9957277863923437e-06,true,true,0,0.0,0.0,2.9957277863923437e-06,true,0,0,true,0,0,0,8.177636624219195e-17,0,0,0,0,0,0,0,0,0,1000000,100,4002
E2,seed,paired,LOG,double,libstdc++,1.5,1.0,1,1000000,1000000,0,0,0,1000000,0,0,0,0,0,0,0,0.0,0.0,2.9957277863923437e-06,true,0.0,0.0,2.9957277863923437e-06,true,0.0,0.0,2.9957277863923437e-06,true,true,0,0.0,0.0,2.9957277863923437e-06,true,0,0,true,0,0,0,8.192578397206522e-17,0,0,0,0,0,0,0,0,0,1000000,100,4002
E2,seed,paired,LOG,double,libc++,1.5,1.0,1,1000000,1000000,0,0,0,1000000,0,0,0,0,0,0,0,0.0,0.0,2.9957277863923437e-06,true,0.0,0.0,2.9957277863923437e-06,true,0.0,0.0,2.9957277863923437e-06,true,true,0,0.0,0.0,2.9957277863923437e-06,true,0,0,true,0,0,0,8.187537002005332e-17,0,0,0,0,0,0,0,0,0,1000000,100,4003
E2,seed,paired,LOG,double,libstdc++,1.5,1.0,1,1000000,1000000,0,0,0,1000000,0,0,0,0,0,0,0,0.0,0.0,2.9957277863923437e-06,true,0.0,0.0,2.9957277863923437e-06,true,0.0,0.0,2.9957277863923437e-06,true,true,0,0.0,0.0,2.9957277863923437e-06,true,0,0,true,0,0,0,8.170965585575509e-17,0,0,0,0,0,0,0,0,0,1000000,100,4003
E2,seed,paired,LOG,double,libc++,1.5,1.0,1,1000000,1000000,0,0,0,1000000,0,0,0,0,0,0,0,0.0,0.0,2.9957277863923437e-06,true,0.0,0.0,2.9957277863923437e-06,true,0.0,0.0,2.9957277863923437e-06,true,true,0,0.0,0.0,2.9957277863923437e-06,true,0,0,true,0,0,0,8.18137835167795e-17,0,0,0,0,0,0,0,0,0,1000000,100,4004
E2,seed,paired,LOG,double,libstdc++,1.5,1.0,1,1000000,1000000,0,0,0,1000000,0,0,0,0,0,0,0,0.0,0.0,2.9957277863923437e-06,true,0.0,0.0,2.9957277863923437e-06,true,0.0,0.0,2.9957277863923437e-06,true,true,0,0.0,0.0,2.9957277863923437e-06,true,0,0,true,0,0,0,8.169772952470146e-17,0,0,0,0,0,0,0,0,0,1000000,100,4004
E2,seed,paired,LOG,double,libc++,1.5,1.0,1,1000000,1000000,0,0,0,1000000,0,0,0,0,0,0,0,0.0,0.0,2.9957277863923437e-06,true,0.0,0.0,2.9957277863923437e-06,true,0.0,0.0,2.9957277863923437e-06,true,true,0,0.0,0.0,2.9957277863923437e-06,true,0,0,true,0,0,0,8.1688870911726e-17,0,0,0,0,0,0,0,0,0,1000000,100,4005
E2,seed,paired,LOG,double,libstdc++,1.5,1.0,1,1000000,1000000,0,0,0,1000000,0,0,0,0,0,0,0,0.0,0.0,2.9957277863923437e-06,true,0.0,0.0,2.9957277863923437e-06,true,0.0,0.0,2.9957277863923437e-06,true,true,0,0.0,0.0,2.9957277863923437e-06,true,0,0,true,0,0,0,8.179113453881886e-17,0,0,0,0,0,0,0,0,0,1000000,100,4005
E2,seed,paired,QF,double,libc++,1.5,1.0,1,1000000,1000000,0,0,0,1000000,0,0,0,0,0,0,0,0.0,0.0,2.9957277863923437e-06,true,0.0,0.0,2.9957277863923437e-06,true,0.0,0.0,2.9957277863923437e-06,true,true,0,0.0,0.0,2.9957277863923437e-06,true,0,0,true,0,0,0,8.179671389634979e-17,0,0,0,0,0,0,0,0,0,1000000,100,4001
E2,seed,paired,QF,double,libstdc++,1.5,1.0,1,1000000,1000000,0,0,0,1000000,0,0,0,0,0,0,0,0.0,0.0,2.9957277863923437e-06,true,0.0,0.0,2.9957277863923437e-06,true,0.0,0.0,2.9957277863923437e-06,true,true,0,0.0,0.0,2.9957277863923437e-06,true,0,0,true,0,0,0,8.17588734980774e-17,0,0,0,0,0,0,0,0,0,1000000,100,4001
E2,seed,paired,QF,double,libc++,1.5,1.0,1,1000000,1000000,0,0,0,1000000,0,0,0,0,0,0,0,0.0,0.0,2.9957277863923437e-06,true,0.0,0.0,2.9957277863923437e-06,true,0.0,0.0,2.9957277863923437e-06,true,true,0,0.0,0.0,2.9957277863923437e-06,true,0,0,true,0,0,0,8.177636624219195e-17,0,0,0,0,0,0,0,0,0,1000000,100,4002
E2,seed,paired,QF,double,libstdc++,1.5,1.0,1,1000000,1000000,0,0,0,1000000,0,0,0,0,0,0,0,0.0,0.0,2.9957277863923437e-06,true,0.0,0.0,2.9957277863923437e-06,true,0.0,0.0,2.9957277863923437e-06,true,true,0,0.0,0.0,2.9957277863923437e-06,true,0,0,true,0,0,0,8.192578397206522e-17,0,0,0,0,0,0,0,0,0,1000000,100,4002
E2,seed,paired,QF,double,libc++,1.5,1.0,1,1000000,1000000,0,0,0,1000000,0,0,0,0,0,0,0,0.0,0.0,2.9957277863923437e-06,true,0.0,0.0,2.9957277863923437e-06,true,0.0,0.0,2.9957277863923437e-06,true,true,0,0.0,0.0,2.9957277863923437e-06,true,0,0,true,0,0,0,8.187537002005332e-17,0,0,0,0,0,0,0,0,0,1000000,100,4003
E2,seed,paired,QF,double,libstdc++,1.5,1.0,1,1000000,1000000,0,0,0,1000000,0,0,0,0,0,0,0,0.0,0.0,2.9957277863923437e-06,true,0.0,0.0,2.9957277863923437e-06,true,0.0,0.0,2.9957277863923437e-06,true,true,0,0.0,0.0,2.9957277863923437e-06,true,0,0,true,0,0,0,8.170965585575509e-17,0,0,0,0,0,0,0,0,0,1000000,100,4003
E2,seed,paired,QF,double,libc++,1.5,1.0,1,1000000,1000000,0,0,0,1000000,0,0,0,0,0,0,0,0.0,0.0,2.9957277863923437e-06,true,0.0,0.0,2.9957277863923437e-06,true,0.0,0.0,2.9957277863923437e-06,true,true,0,0.0,0.0,2.9957277863923437e-06,true,0,0,true,0,0,0,8.18137835167795e-17,0,0,0,0,0,0,0,0,0,1000000,100,4004
E2,seed,paired,QF,double,libstdc++,1.5,1.0,1,1000000,1000000,0,0,0,1000000,0,0,0,0,0,0,0,0.0,0.0,2.9957277863923437e-06,true,0.0,0.0,2.9957277863923437e-06,true,0.0,0.0,2.9957277863923437e-06,true,true,0,0.0,0.0,2.9957277863923437e-06,true,0,0,true,0,0,0,8.169772952470146e-17,0,0,0,0,0,0,0,0,0,1000000,100,4004
E2,seed,paired,QF,double,libc++,1.5,1.0,1,1000000,1000000,0,0,0,1000000,0,0,0,0,0,0,0,0.0,0.0,2.9957277863923437e-06,true,0.0,0.0,2.9957277863923437e-06,true,0.0,0.0,2.9957277863923437e-06,true,true,0,0.0,0.0,2.9957277863923437e-06,true,0,0,true,0,0,0,8.1688870911726e-17,0,0,0,0,0,0,0,0,0,1000000,100,4005
E2,seed,paired,QF,double,libstdc++,1.5,1.0,1,1000000,1000000,0,0,0,1000000,0,0,0,0,0,0,0,0.0,0.0,2.9957277863923437e-06,true,0.0,0.0,2.9957277863923437e-06,true,0.0,0.0,2.9957277863923437e-06,true,true,0,0.0,0.0,2.9957277863923437e-06,true,0,0,true,0,0,0,8.179113453881886e-17,0,0,0,0,0,0,0,0,0,1000000,100,4005
E2,seed,paired,SPLIT,double,libc++,1.5,1.0,1,1000000,1000000,0,0,0,1000000,0,0,0,0,0,0,0,0.0,0.0,2.9957277863923437e-06,true,0.0,0.0,2.9957277863923437e-06,true,0.0,0.0,2.9957277863923437e-06,true,true,0,0.0,0.0,2.9957277863923437e-06,true,0,0,true,0,0,0,8.179671389634979e-17,0,0,0,0,0,0,0,0,0,1000000,100,4001
E2,seed,paired,SPLIT,double,libstdc++,1.5,1.0,1,1000000,1000000,0,0,0,1000000,0,0,0,0,0,0,0,0.0,0.0,2.9957277863923437e-06,true,0.0,0.0,2.9957277863923437e-06,true,0.0,0.0,2.9957277863923437e-06,true,true,0,0.0,0.0,2.9957277863923437e-06,true,0,0,true,0,0,0,8.17588734980774e-17,0,0,0,0,0,0,0,0,0,1000000,100,4001
E2,seed,paired,SPLIT,double,libc++,1.5,1.0,1,1000000,1000000,0,0,0,1000000,0,0,0,0,0,0,0,0.0,0.0,2.9957277863923437e-06,true,0.0,0.0,2.9957277863923437e-06,true,0.0,0.0,2.9957277863923437e-06,true,true,0,0.0,0.0,2.9957277863923437e-06,true,0,0,true,0,0,0,8.177636624219195e-17,0,0,0,0,0,0,0,0,0,1000000,100,4002
E2,seed,paired,SPLIT,double,libstdc++,1.5,1.0,1,1000000,1000000,0,0,0,1000000,0,0,0,0,0,0,0,0.0,0.0,2.9957277863923437e-06,true,0.0,0.0,2.9957277863923437e-06,true,0.0,0.0,2.9957277863923437e-06,true,true,0,0.0,0.0,2.9957277863923437e-06,true,0,0,true,0,0,0,8.192578397206522e-17,0,0,0,0,0,0,0,0,0,1000000,100,4002
E2,seed,paired,SPLIT,double,libc++,1.5,1.0,1,1000000,1000000,0,0,0,1000000,0,0,0,0,0,0,0,0.0,0.0,2.9957277863923437e-06,true,0.0,0.0,2.9957277863923437e-06,true,0.0,0.0,2.9957277863923437e-06,true,true,0,0.0,0.0,2.9957277863923437e-06,true,0,0,true,0,0,0,8.187537002005332e-17,0,0,0,0,0,0,0,0,0,1000000,100,4003
E2,seed,paired,SPLIT,double,libstdc++,1.5,1.0,1,1000000,1000000,0,0,0,1000000,0,0,0,0,0,0,0,0.0,0.0,2.9957277863923437e-06,true,0.0,0.0,2.9957277863923437e-06,true,0.0,0.0,2.9957277863923437e-06,true,true,0,0.0,0.0,2.9957277863923437e-06,true,0,0,true,0,0,0,8.170965585575509e-17,0,0,0,0,0,0,0,0,0,1000000,100,4003
E2,seed,paired,SPLIT,double,libc++,1.5,1.0,1,1000000,1000000,0,0,0,1000000,0,0,0,0,0,0,0,0.0,0.0,2.9957277863923437e-06,true,0.0,0.0,2.9957277863923437e-06,true,0.0,0.0,2.9957277863923437e-06,true,true,0,0.0,0.0,2.9957277863923437e-06,true,0,0,true,0,0,0,8.18137835167795e-17,0,0,0,0,0,0,0,0,0,1000000,100,4004
E2,seed,paired,SPLIT,double,libstdc++,1.5,1.0,1,1000000,1000000,0,0,0,1000000,0,0,0,0,0,0,0,0.0,0.0,2.9957277863923437e-06,true,0.0,0.0,2.9957277863923437e-06,true,0.0,0.0,2.9957277863923437e-06,true,true,0,0.0,0.0,2.9957277863923437e-06,true,0,0,true,0,0,0,8.169772952470146e-17,0,0,0,0,0,0,0,0,0,1000000,100,4004
E2,seed,paired,SPLIT,double,libc++,1.5,1.0,1,1000000,1000000,0,0,0,1000000,0,0,0,0,0,0,0,0.0,0.0,2.9957277863923437e-06,true,0.0,0.0,2.9957277863923437e-06,true,0.0,0.0,2.9957277863923437e-06,true,true,0,0.0,0.0,2.9957277863923437e-06,true,0,0,true,0,0,0,8.1688870911726e-17,0,0,0,0,0,0,0,0,0,1000000,100,4005
E2,seed,paired,SPLIT,double,libstdc++,1.5,1.0,1,1000000,1000000,0,0,0,1000000,0,0,0,0,0,0,0,0.0,0.0,2.9957277863923437e-06,true,0.0,0.0,2.9957277863923437e-06,true,0.0,0.0,2.9957277863923437e-06,true,true,0,0.0,0.0,2.9957277863923437e-06,true,0,0,true,0,0,0,8.179113453881886e-17,0,0,0,0,0,0,0,0,0,1000000,100,4005
E2,seed,paired,LOG,double,libc++,2,1.5,1,1000000,1000000,0,0,0,1000000,0,0,0,0,0,0,0,0.0,0.0,2.9957277863923437e-06,true,0.0,0.0,2.9957277863923437e-06,true,0.0,0.0,2.9957277863923437e-06,true,true,0,0.0,0.0,2.9957277863923437e-06,true,0,0,true,0,0,0,8.377192615377117e-17,0,0,0,0,0,0,0,0,0,1000000,100,4001
E2,seed,paired,LOG,double,libstdc++,2,1.5,1,1000000,1000000,0,0,0,1000000,0,0,0,0,0,0,0,0.0,0.0,2.9957277863923437e-06,true,0.0,0.0,2.9957277863923437e-06,true,0.0,0.0,2.9957277863923437e-06,true,true,0,0.0,0.0,2.9957277863923437e-06,true,0,0,true,0,0,0,8.359137036657359e-17,0,0,0,0,0,0,0,0,0,1000000,100,4001
E2,seed,paired,LOG,double,libc++,2,1.5,1,1000000,1000000,0,0,0,1000000,0,0,0,0,0,0,0,0.0,0.0,2.9957277863923437e-06,true,0.0,0.0,2.9957277863923437e-06,true,0.0,0.0,2.9957277863923437e-06,true,true,0,0.0,0.0,2.9957277863923437e-06,true,0,0,true,0,0,0,8.358759606298774e-17,0,0,0,0,0,0,0,0,0,1000000,100,4002
E2,seed,paired,LOG,double,libstdc++,2,1.5,1,1000000,1000000,0,0,0,1000000,0,0,0,0,0,0,0,0.0,0.0,2.9957277863923437e-06,true,0.0,0.0,2.9957277863923437e-06,true,0.0,0.0,2.9957277863923437e-06,true,true,0,0.0,0.0,2.9957277863923437e-06,true,0,0,true,0,0,0,8.374666292233673e-17,0,0,0,0,0,0,0,0,0,1000000,100,4002
E2,seed,paired,LOG,double,libc++,2,1.5,1,1000000,1000000,0,0,0,1000000,0,0,0,0,0,0,0,0.0,0.0,2.9957277863923437e-06,true,0.0,0.0,2.9957277863923437e-06,true,0.0,0.0,2.9957277863923437e-06,true,true,0,0.0,0.0,2.9957277863923437e-06,true,0,0,true,0,0,0,8.35751405832588e-17,0,0,0,0,0,0,0,0,0,1000000,100,4003
E2,seed,paired,LOG,double,libstdc++,2,1.5,1,1000000,1000000,0,0,0,1000000,0,0,0,0,0,0,0,0.0,0.0,2.9957277863923437e-06,true,0.0,0.0,2.9957277863923437e-06,true,0.0,0.0,2.9957277863923437e-06,true,true,0,0.0,0.0,2.9957277863923437e-06,true,0,0,true,0,0,0,8.362479533609312e-17,0,0,0,0,0,0,0,0,0,1000000,100,4003
E2,seed,paired,LOG,double,libc++,2,1.5,1,1000000,1000000,0,0,0,1000000,0,0,0,0,0,0,0,0.0,0.0,2.9957277863923437e-06,true,0.0,0.0,2.9957277863923437e-06,true,0.0,0.0,2.9957277863923437e-06,true,true,0,0.0,0.0,2.9957277863923437e-06,true,0,0,true,0,0,0,8.35344880879058e-17,0,0,0,0,0,0,0,0,0,1000000,100,4004
E2,seed,paired,LOG,double,libstdc++,2,1.5,1,1000000,1000000,0,0,0,1000000,0,0,0,0,0,0,0,0.0,0.0,2.9957277863923437e-06,true,0.0,0.0,2.9957277863923437e-06,true,0.0,0.0,2.9957277863923437e-06,true,true,0,0.0,0.0,2.9957277863923437e-06,true,0,0,true,0,0,0,8.353442242411178e-17,0,0,0,0,0,0,0,0,0,1000000,100,4004
E2,seed,paired,LOG,double,libc++,2,1.5,1,1000000,1000000,0,0,0,1000000,0,0,0,0,0,0,0,0.0,0.0,2.9957277863923437e-06,true,0.0,0.0,2.9957277863923437e-06,true,0.0,0.0,2.9957277863923437e-06,true,true,0,0.0,0.0,2.9957277863923437e-06,true,0,0,true,0,0,0,8.359816369426562e-17,0,0,0,0,0,0,0,0,0,1000000,100,4005
E2,seed,paired,LOG,double,libstdc++,2,1.5,1,1000000,1000000,0,0,0,1000000,0,0,0,0,0,0,0,0.0,0.0,2.9957277863923437e-06,true,0.0,0.0,2.9957277863923437e-06,true,0.0,0.0,2.9957277863923437e-06,true,true,0,0.0,0.0,2.9957277863923437e-06,true,0,0,true,0,0,0,8.353577758993042e-17,0,0,0,0,0,0,0,0,0,1000000,100,4005
E2,seed,paired,QF,double,libc++,2,1.5,1,1000000,1000000,0,0,0,1000000,0,0,0,0,0,0,0,0.0,0.0,2.9957277863923437e-06,true,0.0,0.0,2.9957277863923437e-06,true,0.0,0.0,2.9957277863923437e-06,true,true,0,0.0,0.0,2.9957277863923437e-06,true,0,0,true,0,0,0,8.377192615377117e-17,0,0,0,0,0,0,0,0,0,1000000,100,4001
E2,seed,paired,QF,double,libstdc++,2,1.5,1,1000000,1000000,0,0,0,1000000,0,0,0,0,0,0,0,0.0,0.0,2.9957277863923437e-06,true,0.0,0.0,2.9957277863923437e-06,true,0.0,0.0,2.9957277863923437e-06,true,true,0,0.0,0.0,2.9957277863923437e-06,true,0,0,true,0,0,0,8.359137036657359e-17,0,0,0,0,0,0,0,0,0,1000000,100,4001
E2,seed,paired,QF,double,libc++,2,1.5,1,1000000,1000000,0,0,0,1000000,0,0,0,0,0,0,0,0.0,0.0,2.9957277863923437e-06,true,0.0,0.0,2.9957277863923437e-06,true,0.0,0.0,2.9957277863923437e-06,true,true,0,0.0,0.0,2.9957277863923437e-06,true,0,0,true,0,0,0,8.358759606298774e-17,0,0,0,0,0,0,0,0,0,1000000,100,4002
E2,seed,paired,QF,double,libstdc++,2,1.5,1,1000000,1000000,0,0,0,1000000,0,0,0,0,0,0,0,0.0,0.0,2.9957277863923437e-06,true,0.0,0.0,2.9957277863923437e-06,true,0.0,0.0,2.9957277863923437e-06,true,true,0,0.0,0.0,2.9957277863923437e-06,true,0,0,true,0,0,0,8.374666292233673e-17,0,0,0,0,0,0,0,0,0,1000000,100,4002
E2,seed,paired,QF,double,libc++,2,1.5,1,1000000,1000000,0,0,0,1000000,0,0,0,0,0,0,0,0.0,0.0,2.9957277863923437e-06,true,0.0,0.0,2.9957277863923437e-06,true,0.0,0.0,2.9957277863923437e-06,true,true,0,0.0,0.0,2.9957277863923437e-06,true,0,0,true,0,0,0,8.35751405832588e-17,0,0,0,0,0,0,0,0,0,1000000,100,4003
E2,seed,paired,QF,double,libstdc++,2,1.5,1,1000000,1000000,0,0,0,1000000,0,0,0,0,0,0,0,0.0,0.0,2.9957277863923437e-06,true,0.0,0.0,2.9957277863923437e-06,true,0.0,0.0,2.9957277863923437e-06,true,true,0,0.0,0.0,2.9957277863923437e-06,true,0,0,true,0,0,0,8.362479533609312e-17,0,0,0,0,0,0,0,0,0,1000000,100,4003
E2,seed,paired,QF,double,libc++,2,1.5,1,1000000,1000000,0,0,0,1000000,0,0,0,0,0,0,0,0.0,0.0,2.9957277863923437e-06,true,0.0,0.0,2.9957277863923437e-06,true,0.0,0.0,2.9957277863923437e-06,true,true,0,0.0,0.0,2.9957277863923437e-06,true,0,0,true,0,0,0,8.35344880879058e-17,0,0,0,0,0,0,0,0,0,1000000,100,4004
E2,seed,paired,QF,double,libstdc++,2,1.5,1,1000000,1000000,0,0,0,1000000,0,0,0,0,0,0,0,0.0,0.0,2.9957277863923437e-06,true,0.0,0.0,2.9957277863923437e-06,true,0.0,0.0,2.9957277863923437e-06,true,true,0,0.0,0.0,2.9957277863923437e-06,true,0,0,true,0,0,0,8.353442242411178e-17,0,0,0,0,0,0,0,0,0,1000000,100,4004
E2,seed,paired,QF,double,libc++,2,1.5,1,1000000,1000000,0,0,0,1000000,0,0,0,0,0,0,0,0.0,0.0,2.9957277863923437e-06,true,0.0,0.0,2.9957277863923437e-06,true,0.0,0.0,2.9957277863923437e-06,true,true,0,0.0,0.0,2.9957277863923437e-06,true,0,0,true,0,0,0,8.359816369426562e-17,0,0,0,0,0,0,0,0,0,1000000,100,4005
E2,seed,paired,QF,double,libstdc++,2,1.5,1,1000000,1000000,0,0,0,1000000,0,0,0,0,0,0,0,0.0,0.0,2.9957277863923437e-06,true,0.0,0.0,2.9957277863923437e-06,true,0.0,0.0,2.9957277863923437e-06,true,true,0,0.0,0.0,2.9957277863923437e-06,true,0,0,true,0,0,0,8.353577758993042e-17,0,0,0,0,0,0,0,0,0,1000000,100,4005
E2,seed,paired,SPLIT,double,libc++,2,1.5,1,1000000,1000000,0,0,0,1000000,0,0,0,0,0,0,0,0.0,0.0,2.9957277863923437e-06,true,0.0,0.0,2.9957277863923437e-06,true,0.0,0.0,2.9957277863923437e-06,true,true,0,0.0,0.0,2.9957277863923437e-06,true,0,0,true,0,0,0,8.377192615377117e-17,0,0,0,0,0,0,0,0,0,1000000,100,4001
E2,seed,paired,SPLIT,double,libstdc++,2,1.5,1,1000000,1000000,0,0,0,1000000,0,0,0,0,0,0,0,0.0,0.0,2.9957277863923437e-06,true,0.0,0.0,2.9957277863923437e-06,true,0.0,0.0,2.9957277863923437e-06,true,true,0,0.0,0.0,2.9957277863923437e-06,true,0,0,true,0,0,0,8.359137036657359e-17,0,0,0,0,0,0,0,0,0,1000000,100,4001
E2,seed,paired,SPLIT,double,libc++,2,1.5,1,1000000,1000000,0,0,0,1000000,0,0,0,0,0,0,0,0.0,0.0,2.9957277863923437e-06,true,0.0,0.0,2.9957277863923437e-06,true,0.0,0.0,2.9957277863923437e-06,true,true,0,0.0,0.0,2.9957277863923437e-06,true,0,0,true,0,0,0,8.358759606298774e-17,0,0,0,0,0,0,0,0,0,1000000,100,4002
E2,seed,paired,SPLIT,double,libstdc++,2,1.5,1,1000000,1000000,0,0,0,1000000,0,0,0,0,0,0,0,0.0,0.0,2.9957277863923437e-06,true,0.0,0.0,2.9957277863923437e-06,true,0.0,0.0,2.9957277863923437e-06,true,true,0,0.0,0.0,2.9957277863923437e-06,true,0,0,true,0,0,0,8.374666292233673e-17,0,0,0,0,0,0,0,0,0,1000000,100,4002
E2,seed,paired,SPLIT,double,libc++,2,1.5,1,1000000,1000000,0,0,0,1000000,0,0,0,0,0,0,0,0.0,0.0,2.9957277863923437e-06,true,0.0,0.0,2.9957277863923437e-06,true,0.0,0.0,2.9957277863923437e-06,true,true,0,0.0,0.0,2.9957277863923437e-06,true,0,0,true,0,0,0,8.35751405832588e-17,0,0,0,0,0,0,0,0,0,1000000,100,4003
E2,seed,paired,SPLIT,double,libstdc++,2,1.5,1,1000000,1000000,0,0,0,1000000,0,0,0,0,0,0,0,0.0,0.0,2.9957277863923437e-06,true,0.0,0.0,2.9957277863923437e-06,true,0.0,0.0,2.9957277863923437e-06,true,true,0,0.0,0.0,2.9957277863923437e-06,true,0,0,true,0,0,0,8.362479533609312e-17,0,0,0,0,0,0,0,0,0,1000000,100,4003
E2,seed,paired,SPLIT,double,libc++,2,1.5,1,1000000,1000000,0,0,0,1000000,0,0,0,0,0,0,0,0.0,0.0,2.9957277863923437e-06,true,0.0,0.0,2.9957277863923437e-06,true,0.0,0.0,2.9957277863923437e-06,true,true,0,0.0,0.0,2.9957277863923437e-06,true,0,0,true,0,0,0,8.35344880879058e-17,0,0,0,0,0,0,0,0,0,1000000,100,4004
E2,seed,paired,SPLIT,double,libstdc++,2,1.5,1,1000000,1000000,0,0,0,1000000,0,0,0,0,0,0,0,0.0,0.0,2.9957277863923437e-06,true,0.0,0.0,2.9957277863923437e-06,true,0.0,0.0,2.9957277863923437e-06,true,true,0,0.0,0.0,2.9957277863923437e-06,true,0,0,true,0,0,0,8.353442242411178e-17,0,0,0,0,0,0,0,0,0,1000000,100,4004
E2,seed,paired,SPLIT,double,libc++,2,1.5,1,1000000,1000000,0,0,0,1000000,0,0,0,0,0,0,0,0.0,0.0,2.9957277863923437e-06,true,0.0,0.0,2.9957277863923437e-06,true,0.0,0.0,2.9957277863923437e-06,true,true,0,0.0,0.0,2.9957277863923437e-06,true,0,0,true,0,0,0,8.359816369426562e-17,0,0,0,0,0,0,0,0,0,1000000,100,4005
E2,seed,paired,SPLIT,double,libstdc++,2,1.5,1,1000000,1000000,0,0,0,1000000,0,0,0,0,0,0,0,0.0,0.0,2.9957277863923437e-06,true,0.0,0.0,2.9957277863923437e-06,true,0.0,0.0,2.9957277863923437e-06,true,true,0,0.0,0.0,2.9957277863923437e-06,true,0,0,true,0,0,0,8.353577758993042e-17,0,0,0,0,0,0,0,0,0,1000000,100,4005
E2,seed,paired,LOG,double,libc++,5,4.5,1,1000000,1000000,0,0,0,1000000,0,0,0,0,0,0,0,0.0,0.0,2.9957277863923437e-06,true,0.0,0.0,2.9957277863923437e-06,true,0.0,0.0,2.9957277863923437e-06,true,true,0,0.0,0.0,2.9957277863923437e-06,true,0,0,true,0,0,0,8.575716847348691e-17,0,0,0,0,0,0,0,0,0,1000000,100,4001
E2,seed,paired,LOG,double,libstdc++,5,4.5,1,1000000,1000000,0,0,0,1000000,0,0,0,0,0,0,0,0.0,0.0,2.9957277863923437e-06,true,0.0,0.0,2.9957277863923437e-06,true,0.0,0.0,2.9957277863923437e-06,true,true,0,0.0,0.0,2.9957277863923437e-06,true,0,0,true,0,0,0,8.559176489567621e-17,0,0,0,0,0,0,0,0,0,1000000,100,4001
E2,seed,paired,LOG,double,libc++,5,4.5,1,1000000,1000000,0,0,0,1000000,0,0,0,0,0,0,0,0.0,0.0,2.9957277863923437e-06,true,0.0,0.0,2.9957277863923437e-06,true,0.0,0.0,2.9957277863923437e-06,true,true,0,0.0,0.0,2.9957277863923437e-06,true,0,0,true,0,0,0,8.567359341849453e-17,0,0,0,0,0,0,0,0,0,1000000,100,4002
E2,seed,paired,LOG,double,libstdc++,5,4.5,1,1000000,1000000,0,0,0,1000000,0,0,0,0,0,0,0,0.0,0.0,2.9957277863923437e-06,true,0.0,0.0,2.9957277863923437e-06,true,0.0,0.0,2.9957277863923437e-06,true,true,0,0.0,0.0,2.9957277863923437e-06,true,0,0,true,0,0,0,8.567394308745944e-17,0,0,0,0,0,0,0,0,0,1000000,100,4002
E2,seed,paired,LOG,double,libc++,5,4.5,1,1000000,1000000,0,0,0,1000000,0,0,0,0,0,0,0,0.0,0.0,2.9957277863923437e-06,true,0.0,0.0,2.9957277863923437e-06,true,0.0,0.0,2.9957277863923437e-06,true,true,0,0.0,0.0,2.9957277863923437e-06,true,0,0,true,0,0,0,8.562284002242301e-17,0,0,0,0,0,0,0,0,0,1000000,100,4003
E2,seed,paired,LOG,double,libstdc++,5,4.5,1,1000000,1000000,0,0,0,1000000,0,0,0,0,0,0,0,0.0,0.0,2.9957277863923437e-06,true,0.0,0.0,2.9957277863923437e-06,true,0.0,0.0,2.9957277863923437e-06,true,true,0,0.0,0.0,2.9957277863923437e-06,true,0,0,true,0,0,0,8.561928490867634e-17,0,0,0,0,0,0,0,0,0,1000000,100,4003
E2,seed,paired,LOG,double,libc++,5,4.5,1,1000000,1000000,0,0,0,1000000,0,0,0,0,0,0,0,0.0,0.0,2.9957277863923437e-06,true,0.0,0.0,2.9957277863923437e-06,true,0.0,0.0,2.9957277863923437e-06,true,true,0,0.0,0.0,2.9957277863923437e-06,true,0,0,true,0,0,0,8.572289087184504e-17,0,0,0,0,0,0,0,0,0,1000000,100,4004
E2,seed,paired,LOG,double,libstdc++,5,4.5,1,1000000,1000000,0,0,0,1000000,0,0,0,0,0,0,0,0.0,0.0,2.9957277863923437e-06,true,0.0,0.0,2.9957277863923437e-06,true,0.0,0.0,2.9957277863923437e-06,true,true,0,0.0,0.0,2.9957277863923437e-06,true,0,0,true,0,0,0,8.554500795203344e-17,0,0,0,0,0,0,0,0,0,1000000,100,4004
E2,seed,paired,LOG,double,libc++,5,4.5,1,1000000,1000000,0,0,0,1000000,0,0,0,0,0,0,0,0.0,0.0,2.9957277863923437e-06,true,0.0,0.0,2.9957277863923437e-06,true,0.0,0.0,2.9957277863923437e-06,true,true,0,0.0,0.0,2.9957277863923437e-06,true,0,0,true,0,0,0,8.584174286313853e-17,0,0,0,0,0,0,0,0,0,1000000,100,4005
E2,seed,paired,LOG,double,libstdc++,5,4.5,1,1000000,1000000,0,0,0,1000000,0,0,0,0,0,0,0,0.0,0.0,2.9957277863923437e-06,true,0.0,0.0,2.9957277863923437e-06,true,0.0,0.0,2.9957277863923437e-06,true,true,0,0.0,0.0,2.9957277863923437e-06,true,0,0,true,0,0,0,8.556333976147984e-17,0,0,0,0,0,0,0,0,0,1000000,100,4005
E2,seed,paired,QF,double,libc++,5,4.5,1,1000000,1000000,0,0,0,1000000,0,0,0,0,0,0,0,0.0,0.0,2.9957277863923437e-06,true,0.0,0.0,2.9957277863923437e-06,true,0.0,0.0,2.9957277863923437e-06,true,true,0,0.0,0.0,2.9957277863923437e-06,true,0,0,true,0,0,0,8.575716847348691e-17,0,0,0,0,0,0,0,0,0,1000000,100,4001
E2,seed,paired,QF,double,libstdc++,5,4.5,1,1000000,1000000,0,0,0,1000000,0,0,0,0,0,0,0,0.0,0.0,2.9957277863923437e-06,true,0.0,0.0,2.9957277863923437e-06,true,0.0,0.0,2.9957277863923437e-06,true,true,0,0.0,0.0,2.9957277863923437e-06,true,0,0,true,0,0,0,8.559176489567621e-17,0,0,0,0,0,0,0,0,0,1000000,100,4001
E2,seed,paired,QF,double,libc++,5,4.5,1,1000000,1000000,0,0,0,1000000,0,0,0,0,0,0,0,0.0,0.0,2.9957277863923437e-06,true,0.0,0.0,2.9957277863923437e-06,true,0.0,0.0,2.9957277863923437e-06,true,true,0,0.0,0.0,2.9957277863923437e-06,true,0,0,true,0,0,0,8.567359341849453e-17,0,0,0,0,0,0,0,0,0,1000000,100,4002
E2,seed,paired,QF,double,libstdc++,5,4.5,1,1000000,1000000,0,0,0,1000000,0,0,0,0,0,0,0,0.0,0.0,2.9957277863923437e-06,true,0.0,0.0,2.9957277863923437e-06,true,0.0,0.0,2.9957277863923437e-06,true,true,0,0.0,0.0,2.9957277863923437e-06,true,0,0,true,0,0,0,8.567394308745944e-17,0,0,0,0,0,0,0,0,0,1000000,100,4002
E2,seed,paired,QF,double,libc++,5,4.5,1,1000000,1000000,0,0,0,1000000,0,0,0,0,0,0,0,0.0,0.0,2.9957277863923437e-06,true,0.0,0.0,2.9957277863923437e-06,true,0.0,0.0,2.9957277863923437e-06,true,true,0,0.0,0.0,2.9957277863923437e-06,true,0,0,true,0,0,0,8.562284002242301e-17,0,0,0,0,0,0,0,0,0,1000000,100,4003
E2,seed,paired,QF,double,libstdc++,5,4.5,1,1000000,1000000,0,0,0,1000000,0,0,0,0,0,0,0,0.0,0.0,2.9957277863923437e-06,true,0.0,0.0,2.9957277863923437e-06,true,0.0,0.0,2.9957277863923437e-06,true,true,0,0.0,0.0,2.9957277863923437e-06,true,0,0,true,0,0,0,8.561928490867634e-17,0,0,0,0,0,0,0,0,0,1000000,100,4003
E2,seed,paired,QF,double,libc++,5,4.5,1,1000000,1000000,0,0,0,1000000,0,0,0,0,0,0,0,0.0,0.0,2.9957277863923437e-06,true,0.0,0.0,2.9957277863923437e-06,true,0.0,0.0,2.9957277863923437e-06,true,true,0,0.0,0.0,2.9957277863923437e-06,true,0,0,true,0,0,0,8.572289087184504e-17,0,0,0,0,0,0,0,0,0,1000000,100,4004
E2,seed,paired,QF,double,libstdc++,5,4.5,1,1000000,1000000,0,0,0,1000000,0,0,0,0,0,0,0,0.0,0.0,2.9957277863923437e-06,true,0.0,0.0,2.9957277863923437e-06,true,0.0,0.0,2.9957277863923437e-06,true,true,0,0.0,0.0,2.9957277863923437e-06,true,0,0,true,0,0,0,8.554500795203344e-17,0,0,0,0,0,0,0,0,0,1000000,100,4004
E2,seed,paired,QF,double,libc++,5,4.5,1,1000000,1000000,0,0,0,1000000,0,0,0,0,0,0,0,0.0,0.0,2.9957277863923437e-06,true,0.0,0.0,2.9957277863923437e-06,true,0.0,0.0,2.9957277863923437e-06,true,true,0,0.0,0.0,2.9957277863923437e-06,true,0,0,true,0,0,0,8.584174286313853e-17,0,0,0,0,0,0,0,0,0,1000000,100,4005
E2,seed,paired,QF,double,libstdc++,5,4.5,1,1000000,1000000,0,0,0,1000000,0,0,0,0,0,0,0,0.0,0.0,2.9957277863923437e-06,true,0.0,0.0,2.9957277863923437e-06,true,0.0,0.0,2.9957277863923437e-06,true,true,0,0.0,0.0,2.9957277863923437e-06,true,0,0,true,0,0,0,8.556333976147984e-17,0,0,0,0,0,0,0,0,0,1000000,100,4005
E2,seed,paired,SPLIT,double,libc++,5,4.5,1,1000000,1000000,0,0,0,1000000,0,0,0,0,0,0,0,0.0,0.0,2.9957277863923437e-06,true,0.0,0.0,2.9957277863923437e-06,true,0.0,0.0,2.9957277863923437e-06,true,true,0,0.0,0.0,2.9957277863923437e-06,true,0,0,true,0,0,0,8.575716847348691e-17,0,0,0,0,0,0,0,0,0,1000000,100,4001
E2,seed,paired,SPLIT,double,libstdc++,5,4.5,1,1000000,1000000,0,0,0,1000000,0,0,0,0,0,0,0,0.0,0.0,2.9957277863923437e-06,true,0.0,0.0,2.9957277863923437e-06,true,0.0,0.0,2.9957277863923437e-06,true,true,0,0.0,0.0,2.9957277863923437e-06,true,0,0,true,0,0,0,8.559176489567621e-17,0,0,0,0,0,0,0,0,0,1000000,100,4001
E2,seed,paired,SPLIT,double,libc++,5,4.5,1,1000000,1000000,0,0,0,1000000,0,0,0,0,0,0,0,0.0,0.0,2.9957277863923437e-06,true,0.0,0.0,2.9957277863923437e-06,true,0.0,0.0,2.9957277863923437e-06,true,true,0,0.0,0.0,2.9957277863923437e-06,true,0,0,true,0,0,0,8.567359341849453e-17,0,0,0,0,0,0,0,0,0,1000000,100,4002
E2,seed,paired,SPLIT,double,libstdc++,5,4.5,1,1000000,1000000,0,0,0,1000000,0,0,0,0,0,0,0,0.0,0.0,2.9957277863923437e-06,true,0.0,0.0,2.9957277863923437e-06,true,0.0,0.0,2.9957277863923437e-06,true,true,0,0.0,0.0,2.9957277863923437e-06,true,0,0,true,0,0,0,8.567394308745944e-17,0,0,0,0,0,0,0,0,0,1000000,100,4002
E2,seed,paired,SPLIT,double,libc++,5,4.5,1,1000000,1000000,0,0,0,1000000,0,0,0,0,0,0,0,0.0,0.0,2.9957277863923437e-06,true,0.0,0.0,2.9957277863923437e-06,true,0.0,0.0,2.9957277863923437e-06,true,true,0,0.0,0.0,2.9957277863923437e-06,true,0,0,true,0,0,0,8.562284002242301e-17,0,0,0,0,0,0,0,0,0,1000000,100,4003
E2,seed,paired,SPLIT,double,libstdc++,5,4.5,1,1000000,1000000,0,0,0,1000000,0,0,0,0,0,0,0,0.0,0.0,2.9957277863923437e-06,true,0.0,0.0,2.9957277863923437e-06,true,0.0,0.0,2.9957277863923437e-06,true,true,0,0.0,0.0,2.9957277863923437e-06,true,0,0,true,0,0,0,8.561928490867634e-17,0,0,0,0,0,0,0,0,0,1000000,100,4003
E2,seed,paired,SPLIT,double,libc++,5,4.5,1,1000000,1000000,0,0,0,1000000,0,0,0,0,0,0,0,0.0,0.0,2.9957277863923437e-06,true,0.0,0.0,2.9957277863923437e-06,true,0.0,0.0,2.9957277863923437e-06,true,true,0,0.0,0.0,2.9957277863923437e-06,true,0,0,true,0,0,0,8.572289087184504e-17,0,0,0,0,0,0,0,0,0,1000000,100,4004
E2,seed,paired,SPLIT,double,libstdc++,5,4.5,1,1000000,1000000,0,0,0,1000000,0,0,0,0,0,0,0,0.0,0.0,2.9957277863923437e-06,true,0.0,0.0,2.9957277863923437e-06,true,0.0,0.0,2.9957277863923437e-06,true,true,0,0.0,0.0,2.9957277863923437e-06,true,0,0,true,0,0,0,8.554500795203344e-17,0,0,0,0,0,0,0,0,0,1000000,100,4004
E2,seed,paired,SPLIT,double,libc++,5,4.5,1,1000000,1000000,0,0,0,1000000,0,0,0,0,0,0,0,0.0,0.0,2.9957277863923437e-06,true,0.0,0.0,2.9957277863923437e-06,true,0.0,0.0,2.9957277863923437e-06,true,true,0,0.0,0.0,2.9957277863923437e-06,true,0,0,true,0,0,0,8.584174286313853e-17,0,0,0,0,0,0,0,0,0,1000000,100,4005
E2,seed,paired,SPLIT,double,libstdc++,5,4.5,1,1000000,1000000,0,0,0,1000000,0,0,0,0,0,0,0,0.0,0.0,2.9957277863923437e-06,true,0.0,0.0,2.9957277863923437e-06,true,0.0,0.0,2.9957277863923437e-06,true,true,0,0.0,0.0,2.9957277863923437e-06,true,0,0,true,0,0,0,8.556333976147984e-17,0,0,0,0,0,0,0,0,0,1000000,100,4005
E2,seed,paired,LOG,float,libc++,0.5001,0.00010001659393310547,1,1000000,17755,982245,0,982245,17755,0,0,0,0,982245,0,0,0.982245,0.9819842665139243,0.9825029348113552,false,0.0,0.0,2.9957277863923437e-06,true,0.982245,0.9819842665139243,0.9825029348113552,false,true,982245,0.982245,0.9819842665139243,0.9825029348113552,false,807,0,true,989653,1652,0,0.00358610338587022,0,807,807,8536,87,120,12,981842,194,8695,1,4001
E2,seed,paired,LOG,float,libstdc++,0.5001,0.00010001659393310547,1,1000000,17778,982222,0,982222,17778,0,0,0,0,982222,0,0,0.982222,0.981961102024489,0.982480099438807,false,0.0,0.0,2.9957277863923437e-06,true,0.982222,0.981961102024489,0.982480099438807,false,true,982222,0.982222,0.981961102024489,0.982480099438807,false,791,0,true,989627,1670,0,0.003321296462831154,0,791,791,8561,86,128,13,981817,197,8703,1,4001
E2,seed,paired,LOG,float,libc++,0.5001,0.00010001659393310547,1,1000000,17610,982390,0,982390,17610,0,0,0,0,982390,0,0,0.98239,0.9821303061124846,0.9826468943424752,false,0.0,0.0,2.9957277863923437e-06,true,0.98239,0.9821303061124846,0.9826468943424752,false,true,982390,0.98239,0.9821303061124846,0.9826468943424752,false,806,0,true,989782,1681,0,0.0033829347375859487,0,806,806,8525,86,134,14,981998,196,8537,1,4002
E2,seed,paired,LOG,float,libstdc++,0.5001,0.00010001659393310547,1,1000000,17670,982330,0,982330,17670,0,0,0,0,982330,0,0,0.98233,0.9820698753878142,0.9825873254273232,false,0.0,0.0,2.9957277863923437e-06,true,0.98233,0.9820698753878142,0.9825873254273232,false,true,982330,0.98233,0.9820698753878142,0.9825873254273232,false,805,0,true,989728,1631,0,0.0032464255735491065,0,805,805,8504,86,122,13,981929,197,8640,1,4002
E2,seed,paired,LOG,float,libc++,0.5001,0.00010001659393310547,1,1000000,17714,982286,0,982286,17714,0,0,0,0,982286,0,0,0.982286,0.9820255600134745,0.9825436410657525,false,0.0,0.0,2.9957277863923437e-06,true,0.982286,0.9820255600134745,0.9825436410657525,false,true,982286,0.982286,0.9820255600134745,0.9825436410657525,false,808,0,true,989718,1569,0,0.002348057294245411,0,808,808,8455,85,118,12,981907,196,8712,1,4003
E2,seed,paired,LOG,float,libstdc++,0.5001,0.00010001659393310547,1,1000000,17625,982375,0,982375,17625,0,0,0,0,982375,0,0,0.982375,0.9821151983587969,0.9826320021862135,false,0.0,0.0,2.9957277863923437e-06,true,0.982375,0.9821151983587969,0.9826320021862135,false,true,982375,0.982375,0.9821151983587969,0.9826320021862135,false,753,0,true,989714,1669,0,0.00288123704334449,0,753,753,8476,86,145,15,982011,197,8615,1,4003
E2,seed,paired,LOG,float,libc++,0.5001,0.00010001659393310547,1,1000000,17276,982724,0,982724,17276,0,0,0,0,982724,0,0,0.982724,0.9824667180906316,0.9829784803581423,false,0.0,0.0,2.9957277863923437e-06,true,0.982724,0.9824667180906316,0.9829784803581423,false,true,982724,0.982724,0.9824667180906316,0.9829784803581423,false,756,0,true,989974,1564,0,0.002918820496318763,0,756,756,8295,83,121,13,982367,195,8461,1,4004
E2,seed,paired,LOG,float,libstdc++,0.5001,0.00010001659393310547,1,1000000,17467,982533,0,982533,17467,0,0,0,0,982533,0,0,0.982533,0.9822743358055516,0.9827888637907235,false,0.0,0.0,2.9957277863923437e-06,true,0.982533,0.9822743358055516,0.9827888637907235,false,true,982533,0.982533,0.9822743358055516,0.9827888637907235,false,768,0,true,989772,1580,0,0.002308416151720052,0,768,768,8279,85,155,16,982151,196,8647,1,4004
E2,seed,paired,LOG,float,libc++,0.5001,0.00010001659393310547,1,1000000,17540,982460,0,982460,17540,0,0,0,0,982460,0,0,0.98246,0.9822008096046022,0.9827163904300689,false,0.0,0.0,2.9957277863923437e-06,true,0.98246,0.9822008096046022,0.9827163904300689,false,true,982460,0.98246,0.9822008096046022,0.9827163904300689,false,798,0,true,989811,1576,0,0.002672986835991027,0,798,798,8422,86,125,13,982042,197,8613,1,4005
E2,seed,paired,LOG,float,libstdc++,0.5001,0.00010001659393310547,1,1000000,17826,982174,0,982174,17826,0,0,0,0,982174,0,0,0.982174,0.9819127591037569,0.9824324426475436,false,0.0,0.0,2.9957277863923437e-06,true,0.982174,0.9819127591037569,0.9824324426475436,false,true,982174,0.982174,0.9819127591037569,0.9824324426475436,false,758,0,true,989558,1693,0,0.003356486300063217,0,758,758,8586,86,126,13,981784,197,8746,1,4005
E2,seed,paired,QF,float,libc++,0.5001,0.00010001659393310547,1,1000000,8815,991185,8940,982245,8815,7408,1532,0,0,982245,0,0,0.991185,0.9909998654608447,0.991367280980243,false,0.00894,0.008756435898068186,0.009126416863275217,false,0.982245,0.9819842665139243,0.9825029348113552,false,true,982245,0.982245,0.9819842665139243,0.9825029348113552,false,807,0,true,989653,1652,0,0.00358610338587022,0,807,807,8536,87,120,12,981842,194,8695,1,4001
E2,seed,paired,QF,float,libstdc++,0.5001,0.00010001659393310547,1,1000000,8831,991169,8947,982222,8831,7405,1542,0,0,982222,0,0,0.991169,0.9909837008043744,0.9913514457388888,false,0.008947,0.008763364316492068,0.009133488400232925,false,0.982222,0.981961102024489,0.982480099438807,false,true,982222,0.982222,0.981961102024489,0.982480099438807,false,791,0,true,989627,1670,0,0.003321296462831154,0,791,791,8561,86,128,13,981817,197,8703,1,4001
E2,seed,paired,QF,float,libc++,0.5001,0.00010001659393310547,1,1000000,8671,991329,8939,982390,8671,7392,1547,0,0,982390,0,0,0.991329,0.9911453543298929,0.9915097911904395,false,0.008939,0.008755446126356975,0.009125406641360795,false,0.98239,0.9821303061124846,0.9826468943424752,false,true,982390,0.98239,0.9821303061124846,0.9826468943424752,false,806,0,true,989782,1681,0,0.0033829347375859487,0,806,806,8525,86,134,14,981998,196,8537,1,4002
E2,seed,paired,QF,float,libstdc++,0.5001,0.00010001659393310547,1,1000000,8762,991238,8908,982330,8762,7398,1510,0,0,982330,0,0,0.991238,0.9910534119845671,0.9914197341178791,false,0.008908,0.008724763495270038,0.009094089470104013,false,0.98233,0.9820698753878142,0.9825873254273232,false,true,982330,0.98233,0.9820698753878142,0.9825873254273232,false,805,0,true,989728,1631,0,0.0032464255735491065,0,805,805,8504,86,122,13,981929,197,8640,1,4002
E2,seed,paired,QF,float,libc++,0.5001,0.00010001659393310547,1,1000000,8830,991170,8884,982286,8830,7432,1452,0,0,982286,0,0,0.99117,0.9909847110909126,0.9913524354459654,false,0.008884,0.008701009589939038,0.00906984352852399,false,0.982286,0.9820255600134745,0.9825436410657525,false,true,982286,0.982286,0.9820255600134745,0.9825436410657525,false,808,0,true,989718,1569,0,0.002348057294245411,0,808,808,8455,85,118,12,981907,196,8712,1,4003
E2,seed,paired,QF,float,libstdc++,0.5001,0.00010001659393310547,1,1000000,8760,991240,8865,982375,8760,7339,1526,0,0,982375,0,0,0.99124,0.9910554326412985,0.9914217134483632,false,0.008865,0.008682204657084264,0.009050648582614682,false,0.982375,0.9821151983587969,0.9826320021862135,false,true,982375,0.982375,0.9821151983587969,0.9826320021862135,false,753,0,true,989714,1669,0,0.00288123704334449,0,753,753,8476,86,145,15,982011,197,8615,1,4003
E2,seed,paired,QF,float,libc++,0.5001,0.00010001659393310547,1,1000000,8582,991418,8694,982724,8582,7250,1444,0,0,982724,0,0,0.991418,0.9912352808880488,0.9915978640621227,false,0.008694,0.008512970009538878,0.008877884322919825,false,0.982724,0.9824667180906316,0.9829784803581423,false,true,982724,0.982724,0.9824667180906316,0.9829784803581423,false,756,0,true,989974,1564,0,0.002918820496318763,0,756,756,8295,83,121,13,982367,195,8461,1,4004
E2,seed,paired,QF,float,libstdc++,0.5001,0.00010001659393310547,1,1000000,8802,991198,8665,982533,8802,7239,1426,0,0,982533,0,0,0.991198,0.9910129993572845,0.9913801470007665,false,0.008665,0.008484271158658487,0.008848583359420497,false,0.982533,0.9822743358055516,0.9827888637907235,false,true,982533,0.982533,0.9822743358055516,0.9827888637907235,false,768,0,true,989772,1580,0,0.002308416151720052,0,768,768,8279,85,155,16,982151,196,8647,1,4004
E2,seed,paired,QF,float,libc++,0.5001,0.00010001659393310547,1,1000000,8738,991262,8802,982460,8738,7351,1451,0,0,982460,0,0,0.991262,0.991077660025372,0.9914434859236329,false,0.008802,0.008619852999233487,0.008987000642715475,false,0.98246,0.9822008096046022,0.9827163904300689,false,true,982460,0.98246,0.9822008096046022,0.9827163904300689,false,798,0,true,989811,1576,0,0.002672986835991027,0,798,798,8422,86,125,13,982042,197,8613,1,4005
E2,seed,paired,QF,float,libstdc++,0.5001,0.00010001659393310547,1,1000000,8872,991128,8954,982174,8872,7384,1570,0,0,982174,0,0,0.991128,0.9909422795702606,0.9913108672347105,false,0.008954,0.008770292763672244,0.009140559908439016,false,0.982174,0.9819127591037569,0.9824324426475436,false,true,982174,0.982174,0.9819127591037569,0.9824324426475436,false,758,0,true,989558,1693,0,0.003356486300063217,0,758,758,8586,86,126,13,981784,197,8746,1,4005
E2,seed,paired,SPLIT,float,libc++,0.5001,0.00010001659393310547,1,1000000,10347,989653,7408,982245,10347,7408,0,0,0,982245,0,0,0.989653,0.9894527414632543,0.9898504146589528,false,0.007408,0.007240860349017622,0.007578002311231973,false,0.982245,0.9819842665139243,0.9825029348113552,false,true,982245,0.982245,0.9819842665139243,0.9825029348113552,false,807,0,true,989653,1652,0,0.00358610338587022,0,807,807,8536,87,120,12,981842,194,8695,1,4001
E2,seed,paired,SPLIT,float,libstdc++,0.5001,0.00010001659393310547,1,1000000,10373,989627,7405,982222,10373,7405,0,0,0,982222,0,0,0.989627,0.989426495126734,0.9898246611582152,false,0.007405,0.007237894138532943,0.0075749685414068626,false,0.982222,0.981961102024489,0.982480099438807,false,true,982222,0.982222,0.981961102024489,0.982480099438807,false,791,0,true,989627,1670,0,0.003321296462831154,0,791,791,8561,86,128,13,981817,197,8703,1,4001
E2,seed,paired,SPLIT,float,libc++,0.5001,0.00010001659393310547,1,1000000,10218,989782,7392,982390,10218,7392,0,0,0,982390,0,0,0.989782,0.9895829684218017,0.9899781868922743,false,0.007392,0.007225040640690758,0.0075618221245896,false,0.98239,0.9821303061124846,0.9826468943424752,false,true,982390,0.98239,0.9821303061124846,0.9826468943424752,false,806,0,true,989782,1681,0,0.0033829347375859487,0,806,806,8525,86,134,14,981998,196,8537,1,4002
E2,seed,paired,SPLIT,float,libstdc++,0.5001,0.00010001659393310547,1,1000000,10272,989728,7398,982330,10272,7398,0,0,0,982330,0,0,0.989728,0.989528453844371,0.9899247018081314,false,0.007398,0.007230973007958693,0.007567889717930468,false,0.98233,0.9820698753878142,0.9825873254273232,false,true,982330,0.98233,0.9820698753878142,0.9825873254273232,false,805,0,true,989728,1631,0,0.0032464255735491065,0,805,805,8504,86,122,13,981929,197,8640,1,4002
E2,seed,paired,SPLIT,float,libc++,0.5001,0.00010001659393310547,1,1000000,10282,989718,7432,982286,10282,7432,0,0,0,982286,0,0,0.989718,0.9895183587055226,0.9899147970096295,false,0.007432,0.0072645902843324756,0.007602272218445534,false,0.982286,0.9820255600134745,0.9825436410657525,false,true,982286,0.982286,0.9820255600134745,0.9825436410657525,false,808,0,true,989718,1569,0,0.002348057294245411,0,808,808,8455,85,118,12,981907,196,8712,1,4003
E2,seed,paired,SPLIT,float,libstdc++,0.5001,0.00010001659393310547,1,1000000,10286,989714,7339,982375,10286,7339,0,0,0,982375,0,0,0.989714,0.9895143206633502,0.9899108350768597,false,0.007339,0.007172639285985295,0.0075082238274964885,false,0.982375,0.9821151983587969,0.9826320021862135,false,true,982375,0.982375,0.9821151983587969,0.9826320021862135,false,753,0,true,989714,1669,0,0.00288123704334449,0,753,753,8476,86,145,15,982011,197,8615,1,4003
E2,seed,paired,SPLIT,float,libc++,0.5001,0.00010001659393310547,1,1000000,10026,989974,7250,982724,10026,7250,0,0,0,982724,0,0,0.989974,0.9897768094833103,0.9901683446258054,false,0.00725,0.007084649550166813,0.007418214149040503,false,0.982724,0.9824667180906316,0.9829784803581423,false,true,982724,0.982724,0.9824667180906316,0.9829784803581423,false,756,0,true,989974,1564,0,0.002918820496318763,0,756,756,8295,83,121,13,982367,195,8461,1,4004
E2,seed,paired,SPLIT,float,libstdc++,0.5001,0.00010001659393310547,1,1000000,10228,989772,7239,982533,10228,7239,0,0,0,982533,0,0,0.989772,0.9895728730240381,0.9899682823527248,false,0.007239,0.007073774853306245,0.007407088918383576,false,0.982533,0.9822743358055516,0.9827888637907235,false,true,982533,0.982533,0.9822743358055516,0.9827888637907235,false,768,0,true,989772,1580,0,0.002308416151720052,0,768,768,8279,85,155,16,982151,196,8647,1,4004
E2,seed,paired,SPLIT,float,libc++,0.5001,0.00010001659393310547,1,1000000,10189,989811,7351,982460,10189,7351,0,0,0,982460,0,0,0.989811,0.9896122453479691,0.9900069097842755,false,0.007351,0.007184503550645827,0.007520359483959025,false,0.98246,0.9822008096046022,0.9827163904300689,false,true,982460,0.98246,0.9822008096046022,0.9827163904300689,false,798,0,true,989811,1576,0,0.002672986835991027,0,798,798,8422,86,125,13,982042,197,8613,1,4005
E2,seed,paired,SPLIT,float,libstdc++,0.5001,0.00010001659393310547,1,1000000,10442,989558,7384,982174,10442,7384,0,0,0,982174,0,0,0.989558,0.9893568429282422,0.9897563137883794,false,0.007384,0.007217130861332423,0.007553731956478301,false,0.982174,0.9819127591037569,0.9824324426475436,false,true,982174,0.982174,0.9819127591037569,0.9824324426475436,false,758,0,true,989558,1693,0,0.003356486300063217,0,758,758,8586,86,126,13,981784,197,8746,1,4005
E2,seed,paired,LOG,float,libc++,0.501,0.0009999871253967285,1,1000000,163470,836530,0,836530,163470,0,0,0,0,836530,0,0,0.83653,0.8358037427713914,0.8372543074068939,false,0.0,0.0,2.9957277863923437e-06,true,0.83653,0.8358037427713914,0.8372543074068939,false,true,836530,0.83653,0.8358037427713914,0.8372543074068939,false,6848,0,true,901549,14999,0,0.002820629641588852,0,6848,6848,75365,764,1183,119,833162,164,83442,9,4001
E2,seed,paired,LOG,float,libstdc++,0.501,0.0009999871253967285,1,1000000,163357,836643,0,836643,163357,0,0,0,0,836643,0,0,0.836643,0.8359169440586387,0.8373671054644375,false,0.0,0.0,2.9957277863923437e-06,true,0.836643,0.8359169440586387,0.8373671054644375,false,true,836643,0.836643,0.8359169440586387,0.8373671054644375,false,6716,0,true,901771,15219,0,0.0027666454344554394,0,6716,6716,75638,762,1312,132,833331,167,83003,9,4001
E2,seed,paired,LOG,float,libc++,0.501,0.0009999871253967285,1,1000000,162603,837397,0,837397,162603,0,0,0,0,837397,0,0,0.837397,0.8366722903359541,0.8381197548151798,false,0.0,0.0,2.9957277863923437e-06,true,0.837397,0.8366722903359541,0.8381197548151798,false,true,837397,0.837397,0.8366722903359541,0.8381197548151798,false,6661,0,true,902142,14639,0,0.00293642198383412,0,6661,6661,74794,753,1243,126,834094,165,83208,9,4002
E2,seed,paired,LOG,float,libstdc++,0.501,0.0009999871253967285,1,1000000,162450,837550,0,837550,162450,0,0,0,0,837550,0,0,0.83755,0.8368255641951978,0.8382724800687972,false,0.0,0.0,2.9957277863923437e-06,true,0.83755,0.8368255641951978,0.8382724800687972,false,true,837550,0.83755,0.8368255641951978,0.8382724800687972,false,6768,0,true,902373,14731,0,0.002786071720080672,0,6768,6768,74863,756,1257,128,834224,166,82888,9,4002
E2,seed,paired,LOG,float,libc++,0.501,0.0009999871253967285,1,1000000,163490,836510,0,836510,163490,0,0,0,0,836510,0,0,0.83651,0.8357837071582168,0.8372343431360278,false,0.0,0.0,2.9957277863923437e-06,true,0.83651,0.8357837071582168,0.8372343431360278,false,true,836510,0.83651,0.8357837071582168,0.8372343431360278,false,6823,0,true,901501,15111,0,0.002800687287765846,0,6823,6823,75433,761,1277,128,833091,171,83376,9,4003
E2,seed,paired,LOG,float,libstdc++,0.501,0.0009999871253967285,1,1000000,163264,836736,0,836736,163264,0,0,0,0,836736,0,0,0.836736,0.8360101098127141,0.8374599391711198,false,0.0,0.0,2.9957277863923437e-06,true,0.836736,0.8360101098127141,0.8374599391711198,false,true,836736,0.836736,0.8360101098127141,0.8374599391711198,false,6633,0,true,901755,14841,0,0.0029024496505085655,0,6633,6633,75322,762,1166,117,833481,169,83398,9,4003
E2,seed,paired,LOG,float,libc++,0.501,0.0009999871253967285,1,1000000,161496,838504,0,838504,161496,0,0,0,0,838504,0,0,0.838504,0.8377812769536893,0.8392247617786261,false,0.0,0.0,2.9957277863923437e-06,true,0.838504,0.8377812769536893,0.8392247617786261,false,true,838504,0.838504,0.8377812769536893,0.8392247617786261,false,6649,0,true,902954,14955,0,0.0028239780193836236,0,6649,6649,74845,751,1232,124,835190,169,82084,9,4004
E2,seed,paired,LOG,float,libstdc++,0.501,0.0009999871253967285,1,1000000,162404,837596,0,837596,162404,0,0,0,0,837596,0,0,0.837596,0.8368716465766346,0.8383183974206287,false,0.0,0.0,2.9957277863923437e-06,true,0.837596,0.8368716465766346,0.8383183974206287,false,true,837596,0.837596,0.8368716465766346,0.8383183974206287,false,6693,0,true,902424,15020,0,0.0029417019589026466,0,6693,6693,75183,754,1286,130,834293,172,82545,9,4004
E2,seed,paired,LOG,float,libc++,0.501,0.0009999871253967285,1,1000000,163373,836627,0,836627,163373,0,0,0,0,836627,0,0,0.836627,0.8359009155502638,0.8373511340655814,false,0.0,0.0,2.9957277863923437e-06,true,0.836627,0.8359009155502638,0.8373511340655814,false,true,836627,0.836627,0.8359009155502638,0.8373511340655814,false,6777,0,true,901478,15105,0,0.003128880556309437,0,6777,6777,75423,761,1132,114,833262,166,83406,9,4005
E2,seed,paired,LOG,float,libstdc++,0.501,0.0009999871253967285,1,1000000,163971,836029,0,836029,163971,0,0,0,0,836029,0,0,0.836029,0.8353018518274473,0.8367542012557628,false,0.0,0.0,2.9957277863923437e-06,true,0.836029,0.8353018518274473,0.8367542012557628,false,true,836029,0.836029,0.8353018518274473,0.8367542012557628,false,6863,0,true,901139,15086,0,0.002780571224197142,0,6863,6863,75580,765,1236,124,832556,163,83765,9,4005
E2,seed,paired,QF,float,libc++,0.501,0.0009999871253967285,1,1000000,84625,915375,78845,836530,84625,65019,13826,0,0,836530,0,0,0.915375,0.9148277934267185,0.9159197992084849,false,0.078845,0.07831751647728527,0.0793749244833548,false,0.83653,0.8358037427713914,0.8372543074068939,false,true,836530,0.83653,0.8358037427713914,0.8372543074068939,false,6848,0,true,901549,14999,0,0.002820629641588852,0,6848,6848,75365,764,1183,119,833162,164,83442,9,4001
E2,seed,paired,QF,float,libstdc++,0.501,0.0009999871253967285,1,1000000,84315,915685,79042,836643,84315,65128,13914,0,0,836643,0,0,0.915685,0.915138700394839,0.9162288904388386,false,0.079042,0.07851391299575415,0.07957252681961396,false,0.836643,0.8359169440586387,0.8373671054644375,false,true,836643,0.836643,0.8359169440586387,0.8373671054644375,false,6716,0,true,901771,15219,0,0.0027666454344554394,0,6716,6716,75638,762,1312,132,833331,167,83003,9,4001
E2,seed,paired,QF,float,libc++,0.501,0.0009999871253967285,1,1000000,84451,915549,78152,837397,84451,64745,13407,0,0,837397,0,0,0.915549,0.9150023022295469,0.9160932893944822,false,0.078152,0.07762664712681912,0.07867979786276214,false,0.837397,0.8366722903359541,0.8381197548151798,false,true,837397,0.837397,0.8366722903359541,0.8381197548151798,false,6661,0,true,902142,14639,0,0.00293642198383412,0,6661,6661,74794,753,1243,126,834094,165,83208,9,4002
E2,seed,paired,QF,float,libstdc++,0.501,0.0009999871253967285,1,1000000,84145,915855,78305,837550,84145,64823,13482,0,0,837550,0,0,0.915855,0.9153091986956468,0.9163983911500855,false,0.078305,0.0777791756820775,0.07883326841797911,false,0.83755,0.8368255641951978,0.8382724800687972,false,true,837550,0.83755,0.8368255641951978,0.8382724800687972,false,6768,0,true,902373,14731,0,0.002786071720080672,0,6768,6768,74863,756,1257,128,834224,166,82888,9,4002
E2,seed,paired,QF,float,libc++,0.501,0.0009999871253967285,1,1000000,84653,915347,78837,836510,84653,64991,13846,0,0,836510,0,0,0.915347,0.9147997116147217,0.9158918811831975,false,0.078837,0.0783095410046543,0.07936690000249483,false,0.83651,0.8357837071582168,0.8372343431360278,false,true,836510,0.83651,0.8357837071582168,0.8372343431360278,false,6823,0,true,901501,15111,0,0.002800687287765846,0,6823,6823,75433,761,1277,128,833091,171,83376,9,4003
E2,seed,paired,QF,float,libstdc++,0.501,0.0009999871253967285,1,1000000,84564,915436,78700,836736,84564,65019,13681,0,0,836736,0,0,0.915436,0.9148889717216975,0.9159806205590153,false,0.0787,0.07817296128472863,0.07922948051888952,false,0.836736,0.8360101098127141,0.8374599391711198,false,true,836736,0.836736,0.8360101098127141,0.8374599391711198,false,6633,0,true,901755,14841,0,0.0029024496505085655,0,6633,6633,75322,762,1166,117,833481,169,83398,9,4003
E2,seed,paired,QF,float,libc++,0.501,0.0009999871253967285,1,1000000,83316,916684,78180,838504,83316,64450,13730,0,0,838504,0,0,0.916684,0.9161406381627633,0.9172249468651148,false,0.07818,0.07765456080505403,0.0787078840217369,false,0.838504,0.8377812769536893,0.8392247617786261,false,true,838504,0.838504,0.8377812769536893,0.8392247617786261,false,6649,0,true,902954,14955,0,0.0028239780193836236,0,6649,6649,74845,751,1232,124,835190,169,82084,9,4004
E2,seed,paired,QF,float,libstdc++,0.501,0.0009999871253967285,1,1000000,83831,916169,78573,837596,83831,64828,13745,0,0,837596,0,0,0.916169,0.9156241208282863,0.916711467192619,false,0.078573,0.0780463513081298,0.07910209123382793,false,0.837596,0.8368716465766346,0.8383183974206287,false,true,837596,0.837596,0.8368716465766346,0.8383183974206287,false,6693,0,true,902424,15020,0,0.0029417019589026466,0,6693,6693,75183,754,1286,130,834293,172,82545,9,4004
E2,seed,paired,QF,float,libc++,0.501,0.0009999871253967285,1,1000000,84538,915462,78835,836627,84538,64851,13984,0,0,836627,0,0,0.915462,0.9149150477420026,0.9160065443876133,false,0.078835,0.07830754713674704,0.07936489388202785,false,0.836627,0.8359009155502638,0.8373511340655814,false,true,836627,0.836627,0.8359009155502638,0.8373511340655814,false,6777,0,true,901478,15105,0,0.003128880556309437,0,6777,6777,75423,761,1132,114,833262,166,83406,9,4005
E2,seed,paired,QF,float,libstdc++,0.501,0.0009999871253967285,1,1000000,85001,914999,78970,836029,85001,65110,13860,0,0,836029,0,0,0.914999,0.9144506962921433,0.9155448985280867,false,0.07897,0.07844213344508817,0.07950030678885234,false,0.836029,0.8353018518274473,0.8367542012557628,false,true,836029,0.836029,0.8353018518274473,0.8367542012557628,false,6863,0,true,901139,15086,0,0.002780571224197142,0,6863,6863,75580,765,1236,124,832556,163,83765,9,4005
E2,seed,paired,SPLIT,float,libc++,0.501,0.0009999871253967285,1,1000000,98451,901549,65019,836530,98451,65019,0,0,0,836530,0,0,0.901549,0.9009634172023827,0.9021322557492241,false,0.065019,0.0645365127924174,0.06550400859593139,false,0.83653,0.8358037427713914,0.8372543074068939,false,true,836530,0.83653,0.8358037427713914,0.8372543074068939,false,6848,0,true,901549,14999,0,0.002820629641588852,0,6848,6848,75365,764,1183,119,833162,164,83442,9,4001
E2,seed,paired,SPLIT,float,libstdc++,0.501,0.0009999871253967285,1,1000000,98229,901771,65128,836643,98229,65128,0,0,0,836643,0,0,0.901771,0.9011860034679492,0.9023536681944704,false,0.065128,0.06464513577334016,0.06561338498049474,false,0.836643,0.8359169440586387,0.8373671054644375,false,true,836643,0.836643,0.8359169440586387,0.8373671054644375,false,6716,0,true,901771,15219,0,0.0027666454344554394,0,6716,6716,75638,762,1312,132,833331,167,83003,9,4001
E2,seed,paired,SPLIT,float,libc++,0.501,0.0009999871253967285,1,1000000,97858,902142,64745,837397,97858,64745,0,0,0,837397,0,0,0.902142,0.9015579852639074,0.9027236842440335,false,0.064745,0.06426346224579108,0.06522906073760898,false,0.837397,0.8366722903359541,0.8381197548151798,false,true,837397,0.837397,0.8366722903359541,0.8381197548151798,false,6661,0,true,902142,14639,0,0.00293642198383412,0,6661,6661,74794,753,1243,126,834094,165,83208,9,4002
E2,seed,paired,SPLIT,float,libstdc++,0.501,0.0009999871253967285,1,1000000,97627,902373,64823,837550,97627,64823,0,0,0,837550,0,0,0.902373,0.9017895978688345,0.9029540702976198,false,0.064823,0.06434119171271373,0.06530733081661604,false,0.83755,0.8368255641951978,0.8382724800687972,false,true,837550,0.83755,0.8368255641951978,0.8382724800687972,false,6768,0,true,902373,14731,0,0.002786071720080672,0,6768,6768,74863,756,1257,128,834224,166,82888,9,4002
E2,seed,paired,SPLIT,float,libc++,0.501,0.0009999871253967285,1,1000000,98499,901501,64991,836510,98499,64991,0,0,0,836510,0,0,0.901501,0.9009152905624261,0.9020843826679221,false,0.064991,0.06450860970401916,0.06547591184732468,false,0.83651,0.8357837071582168,0.8372343431360278,false,true,836510,0.83651,0.8357837071582168,0.8372343431360278,false,6823,0,true,901501,15111,0,0.002800687287765846,0,6823,6823,75433,761,1277,128,833091,171,83376,9,4003
E2,seed,paired,SPLIT,float,libstdc++,0.501,0.0009999871253967285,1,1000000,98245,901755,65019,836736,98245,65019,0,0,0,836736,0,0,0.901755,0.901169961183981,0.9023377105713547,false,0.065019,0.0645365127924174,0.06550400859593139,false,0.836736,0.8360101098127141,0.8374599391711198,false,true,836736,0.836736,0.8360101098127141,0.8374599391711198,false,6633,0,true,901755,14841,0,0.0029024496505085655,0,6633,6633,75322,762,1166,117,833481,169,83398,9,4003
E2,seed,paired,SPLIT,float,libc++,0.501,0.0009999871253967285,1,1000000,97046,902954,64450,838504,97046,64450,0,0,0,838504,0,0,0.902954,0.9023721430904319,0.9035335217019204,false,0.06445,0.06396948722779483,0.06493303747296614,false,0.838504,0.8377812769536893,0.8392247617786261,false,true,838504,0.838504,0.8377812769536893,0.8392247617786261,false,6649,0,true,902954,14955,0,0.0028239780193836236,0,6649,6649,74845,751,1232,124,835190,169,82084,9,4004
E2,seed,paired,SPLIT,float,libstdc++,0.501,0.0009999871253967285,1,1000000,97576,902424,64828,837596,97576,64828,0,0,0,837596,0,0,0.902424,0.9018407332539163,0.9030049346163663,false,0.064828,0.06434617437766399,0.06531234812255708,false,0.837596,0.8368716465766346,0.8383183974206287,false,true,837596,0.837596,0.8368716465766346,0.8383183974206287,false,6693,0,true,902424,15020,0,0.0029417019589026466,0,6693,6693,75183,754,1286,130,834293,172,82545,9,4004
E2,seed,paired,SPLIT,float,libc++,0.501,0.0009999871253967285,1,1000000,98522,901478,64851,836627,98522,64851,0,0,0,836627,0,0,0.901478,0.9008922298959052,0.9020614434680085,false,0.064851,0.06436909464701018,0.06533542771932078,false,0.836627,0.8359009155502638,0.8373511340655814,false,true,836627,0.836627,0.8359009155502638,0.8373511340655814,false,6777,0,true,901478,15105,0,0.003128880556309437,0,6777,6777,75423,761,1132,114,833262,166,83406,9,4005
E2,seed,paired,SPLIT,float,libstdc++,0.501,0.0009999871253967285,1,1000000,98861,901139,65110,836029,98861,65110,0,0,0,836029,0,0,0.901139,0.9005523368583426,0.9017233384741613,false,0.06511,0.0646271980066357,0.06559532285198053,false,0.836029,0.8353018518274473,0.8367542012557628,false,true,836029,0.836029,0.8353018518274473,0.8367542012557628,false,6863,0,true,901139,15086,0,0.002780571224197142,0,6863,6863,75580,765,1236,124,832556,163,83765,9,4005
E2,seed,paired,LOG,float,libc++,0.505,0.004999995231628418,1,1000000,589313,410687,0,410687,589313,0,0,0,0,410687,0,0,0.410687,0.40972253883817966,0.4116519785150784,false,0.0,0.0,2.9957277863923437e-06,true,0.410687,0.40972253883817966,0.4116519785150784,false,true,410687,0.410687,0.40972253883817966,0.4116519785150784,false,16574,0,true,597294,50702,0,0.0023476580748388438,0,16574,16574,224697,2272,4345,436,402410,81,351974,36,4001
E2,seed,paired,LOG,float,libstdc++,0.505,0.004999995231628418,1,1000000,589033,410967,0,410967,589033,0,0,0,0,410967,0,0,0.410967,0.41000243855826257,0.4119320771730426,false,0.0,0.0,2.9957277863923437e-06,true,0.410967,0.41000243855826257,0.4119320771730426,false,true,410967,0.410967,0.41000243855826257,0.4119320771730426,false,16653,0,true,596998,51090,0,0.0023130839873238807,0,16653,16653,224469,2272,4361,437,402637,83,351880,36,4001
E2,seed,paired,LOG,float,libc++,0.505,0.004999995231628418,1,1000000,588096,411904,1,411903,588096,0,0,0,1,411903,0,0,0.411904,0.4109391053237582,0.41286940497977037,false,1e-06,2.53178076637942e-08,5.571630655166939e-06,false,0.411903,0.4109381056774739,0.41286840463185226,false,true,411903,0.411903,0.4109381056774739,0.41286840463185226,false,16494,0,true,597586,50986,0,0.0023220586968580657,0,16494,16494,224067,2262,4378,438,403683,84,351378,36,4002
E2,seed,paired,LOG,float,libstdc++,0.505,0.004999995231628418,1,1000000,588716,411284,0,411284,588716,0,0,0,0,411284,0,0,0.411284,0.41031932541634014,0.4122491884786767,false,0.0,0.0,2.9957277863923437e-06,true,0.411284,0.41031932541634014,0.4122491884786767,false,true,411284,0.411284,0.41031932541634014,0.4122491884786767,false,16445,0,true,597678,50854,0,0.0022310149408108033,0,16445,16445,224680,2271,4383,439,403056,77,351436,36,4002
E2,seed,paired,LOG,float,libc++,0.505,0.004999995231628418,1,1000000,589442,410558,1,410557,589442,0,0,0,1,410557,0,0,0.410558,0.4095935851471365,0.4115229329533902,false,1e-06,2.53178076637942e-08,5.571630655166939e-06,false,0.410557,0.4095925855063872,0.4115219325999286,false,true,410557,0.410557,0.4095925855063872,0.4115219325999286,false,16662,0,true,596383,50972,0,0.0022577343275448514,0,16662,16662,224129,2250,4311,434,402286,82,352612,36,4003
E2,seed,paired,LOG,float,libstdc++,0.505,0.004999995231628418,1,1000000,588749,411251,0,411251,588749,0,0,0,0,411251,0,0,0.411251,0.4102863371752428,0.41221617691092455,false,0.0,0.0,2.9957277863923437e-06,true,0.411251,0.4102863371752428,0.41221617691092455,false,true,411251,0.411251,0.4102863371752428,0.41221617691092455,false,16455,0,true,596948,51058,0,0.002178270387458458,0,16455,16455,224069,2257,4401,442,403112,84,351963,36,4003
E2,seed,paired,LOG,float,libc++,0.505,0.004999995231628418,1,1000000,588240,411760,0,411760,588240,0,0,0,0,411760,0,0,0.41176,0.4107951563011465,0.4127253548365383,false,0.0,0.0,2.9957277863923437e-06,true,0.41176,0.4107951563011465,0.4127253548365383,false,true,411760,0.41176,0.4107951563011465,0.4127253548365383,false,16372,0,true,597839,50716,0,0.0022787229323080237,0,16372,16372,224133,2267,4415,442,403669,82,351411,36,4004
E2,seed,paired,LOG,float,libstdc++,0.505,0.004999995231628418,1,1000000,588935,411065,0,411065,588935,0,0,0,0,411065,0,0,0.411065,0.4101004035364914,0.41203011162712616,false,0.0,0.0,2.9957277863923437e-06,true,0.411065,0.4101004035364914,0.41203011162712616,false,true,411065,0.411065,0.4101004035364914,0.41203011162712616,false,16383,0,true,597193,51537,0,0.002248500306469676,0,16383,16383,224978,2269,4509,451,402894,89,351236,36,4004
E2,seed,paired,LOG,float,libc++,0.505,0.004999995231628418,1,1000000,589622,410378,0,410378,589622,0,0,0,0,410378,0,0,0.410378,0.4094136498787413,0.41134286926446934,false,0.0,0.0,2.9957277863923437e-06,true,0.410378,0.4094136498787413,0.41134286926446934,false,true,410378,0.410378,0.4094136498787413,0.41134286926446934,false,16406,0,true,596589,51227,0,0.0023283194365621173,0,16406,16406,224864,2278,4383,441,402196,80,352151,36,4005
E2,seed,paired,LOG,float,libstdc++,0.505,0.004999995231628418,1,1000000,589299,410701,0,410701,589299,0,0,0,0,410701,0,0,0.410701,0.409736533816527,0.41166598345563826,false,0.0,0.0,2.9957277863923437e-06,true,0.410701,0.409736533816527,0.41166598345563826,false,true,410701,0.410701,0.409736533816527,0.41166598345563826,false,16520,0,true,596541,51258,0,0.002297627989364803,0,16520,16520,224377,2268,4400,440,402541,80,352162,36,4005
E2,seed,paired,QF,float,libc++,0.505,0.004999995231628418,1,1000000,356319,643681,232994,410687,356319,186607,46387,0,0,410687,0,0,0.643681,0.642741436571062,0.6446197311287514,false,0.232994,0.23216572207022892,0.2338238247591619,false,0.410687,0.40972253883817966,0.4116519785150784,false,true,410687,0.410687,0.40972253883817966,0.4116519785150784,false,16574,0,true,597294,50702,0,0.0023476580748388438,0,16574,16574,224697,2272,4345,436,402410,81,351974,36,4001
E2,seed,paired,QF,float,libstdc++,0.505,0.004999995231628418,1,1000000,356241,643759,232792,410967,356241,186031,46761,0,0,410967,0,0,0.643759,0.6428194822241989,0.6446976850237505,false,0.232792,0.2319639728498013,0.23362157515019571,false,0.410967,0.41000243855826257,0.4119320771730426,false,true,410967,0.410967,0.41000243855826257,0.4119320771730426,false,16653,0,true,596998,51090,0,0.0023130839873238807,0,16653,16653,224469,2272,4361,437,402637,83,351880,36,4001
E2,seed,paired,QF,float,libc++,0.505,0.004999995231628418,1,1000000,355756,644244,232341,411903,355756,185683,46658,0,0,411903,0,0,0.644244,0.6433047667023403,0.6451823977359824,false,0.232341,0.2315135337149347,0.23317001689865288,false,0.411903,0.4109381056774739,0.41286840463185226,false,true,411903,0.411903,0.4109381056774739,0.41286840463185226,false,16494,0,true,597586,50986,0,0.0023220586968580657,0,16494,16494,224067,2262,4378,438,403683,84,351378,36,4002
E2,seed,paired,QF,float,libstdc++,0.505,0.004999995231628418,1,1000000,355819,644181,232897,411284,355819,186394,46503,0,0,411284,0,0,0.644181,0.6432417296901675,0.645119435113117,false,0.232897,0.23206884246103476,0.23372670493047398,false,0.411284,0.41031932541634014,0.4122491884786767,false,true,411284,0.411284,0.41031932541634014,0.4122491884786767,false,16445,0,true,597678,50854,0,0.0022310149408108033,0,16445,16445,224680,2271,4383,439,403056,77,351436,36,4002
E2,seed,paired,QF,float,libc++,0.505,0.004999995231628418,1,1000000,356923,643077,232520,410557,356923,185826,46694,0,0,410557,0,0,0.643077,0.6421370839703853,0.6440160872284413,false,0.23252,0.2316923109517183,0.2333492386245461,false,0.410557,0.4095925855063872,0.4115219325999286,false,true,410557,0.410557,0.4095925855063872,0.4115219325999286,false,16662,0,true,596383,50972,0,0.0022577343275448514,0,16662,16662,224129,2250,4311,434,402286,82,352612,36,4003
E2,seed,paired,QF,float,libstdc++,0.505,0.004999995231628418,1,1000000,356364,643636,232385,411251,356364,185697,46688,0,0,411251,0,0,0.643636,0.6426964102450636,0.6445747577154413,false,0.232385,0.2315574789381818,0.23321407142041709,false,0.411251,0.4102863371752428,0.41221617691092455,false,true,411251,0.411251,0.4102863371752428,0.41221617691092455,false,16455,0,true,596948,51058,0,0.002178270387458458,0,16455,16455,224069,2257,4401,442,403112,84,351963,36,4003
E2,seed,paired,QF,float,libc++,0.505,0.004999995231628418,1,1000000,355826,644174,232414,411760,355826,186079,46335,0,0,411760,0,0,0.644174,0.6432347255787937,0.6451124392650367,false,0.232414,0.23158644284220678,0.23324310734833714,false,0.41176,0.4107951563011465,0.4127253548365383,false,true,411760,0.41176,0.4107951563011465,0.4127253548365383,false,16372,0,true,597839,50716,0,0.0022787229323080237,0,16372,16372,224133,2267,4415,442,403669,82,351411,36,4004
E2,seed,paired,QF,float,libstdc++,0.505,0.004999995231628418,1,1000000,355745,644255,233190,411065,355745,186128,47062,0,0,411065,0,0,0.644255,0.643315773166597,0.6451933912079975,false,0.23319,0.23236147899253476,0.23402006670101724,false,0.411065,0.4101004035364914,0.41203011162712616,false,true,411065,0.411065,0.4101004035364914,0.41203011162712616,false,16383,0,true,597193,51537,0,0.002248500306469676,0,16383,16383,224978,2269,4509,451,402894,89,351236,36,4004
E2,seed,paired,QF,float,libc++,0.505,0.004999995231628418,1,1000000,356534,643466,233088,410378,356534,186211,46877,0,0,410378,0,0,0.643466,0.6425263108727848,0.6444048580725328,false,0.233088,0.23225960546107108,0.23391794082357908,false,0.410378,0.4094136498787413,0.41134286926446934,false,true,410378,0.410378,0.4094136498787413,0.41134286926446934,false,16406,0,true,596589,51227,0,0.0023283194365621173,0,16406,16406,224864,2278,4383,441,402196,80,352151,36,4005
E2,seed,paired,QF,float,libstdc++,0.505,0.004999995231628418,1,1000000,356562,643438,232737,410701,356562,185840,46897,0,0,410701,0,0,0.643438,0.6424982945179493,0.6443768745895775,false,0.232737,0.23190904117723857,0.23356650714148772,false,0.410701,0.409736533816527,0.41166598345563826,false,true,410701,0.410701,0.409736533816527,0.41166598345563826,false,16520,0,true,596541,51258,0,0.002297627989364803,0,16520,16520,224377,2268,4400,440,402541,80,352162,36,4005
E2,seed,paired,SPLIT,float,libc++,0.505,0.004999995231628418,1,1000000,402706,597294,186607,410687,402706,186607,0,0,0,410687,0,0,0.597294,0.5963319696478595,0.5982554667670433,false,0.186607,0.18584381486101034,0.18737200082298797,false,0.410687,0.40972253883817966,0.4116519785150784,false,true,410687,0.410687,0.40972253883817966,0.4116519785150784,false,16574,0,true,597294,50702,0,0.0023476580748388438,0,16574,16574,224697,2272,4345,436,402410,81,351974,36,4001
E2,seed,paired,SPLIT,float,libstdc++,0.505,0.004999995231628418,1,1000000,403002,596998,186031,410967,403002,186031,0,0,0,410967,0,0,0.596998,0.5960358555973864,0.5979595825321737,false,0.186031,0.1852687260291518,0.18679509299385738,false,0.410967,0.41000243855826257,0.4119320771730426,false,true,410967,0.410967,0.41000243855826257,0.4119320771730426,false,16653,0,true,596998,51090,0,0.0023130839873238807,0,16653,16653,224469,2272,4361,437,402637,83,351880,36,4001
E2,seed,paired,SPLIT,float,libc++,0.505,0.004999995231628418,1,1000000,402414,597586,185683,411903,402414,185683,0,0,0,411903,0,0,0.597586,0.596624082513693,0.5985473522097278,false,0.185683,0.18492127786290458,0.1864465431774363,false,0.411903,0.4109381056774739,0.41286840463185226,false,true,411903,0.411903,0.4109381056774739,0.41286840463185226,false,16494,0,true,597586,50986,0,0.0023220586968580657,0,16494,16494,224067,2262,4378,438,403683,84,351378,36,4002
E2,seed,paired,SPLIT,float,libstdc++,0.505,0.004999995231628418,1,1000000,402322,597678,186394,411284,402322,186394,0,0,0,411284,0,0,0.597678,0.5967161181475539,0.5986393160429309,false,0.186394,0.18563115148254078,0.18715866543619766,false,0.411284,0.41031932541634014,0.4122491884786767,false,true,411284,0.411284,0.41031932541634014,0.4122491884786767,false,16445,0,true,597678,50854,0,0.0022310149408108033,0,16445,16445,224680,2271,4383,439,403056,77,351436,36,4002
E2,seed,paired,SPLIT,float,libc++,0.505,0.004999995231628418,1,1000000,403617,596383,185826,410557,403617,185826,0,0,0,410557,0,0,0.596383,0.5954206197973761,0.5973448218947268,false,0.185826,0.18506405098160827,0.18658976922977422,false,0.410557,0.4095925855063872,0.4115219325999286,false,true,410557,0.410557,0.4095925855063872,0.4115219325999286,false,16662,0,true,596383,50972,0,0.0022577343275448514,0,16662,16662,224129,2250,4311,434,402286,82,352612,36,4003
E2,seed,paired,SPLIT,float,libstdc++,0.505,0.004999995231628418,1,1000000,403052,596948,185697,411251,403052,185697,0,0,0,411251,0,0,0.596948,0.5959858363680146,0.5979096020511789,false,0.185697,0.18493525564323213,0.18646056531595506,false,0.411251,0.4102863371752428,0.41221617691092455,false,true,411251,0.411251,0.4102863371752428,0.41221617691092455,false,16455,0,true,596948,51058,0,0.002178270387458458,0,16455,16455,224069,2257,4401,442,403112,84,351963,36,4003
E2,seed,paired,SPLIT,float,libc++,0.505,0.004999995231628418,1,1000000,402161,597839,186079,411760,402161,186079,0,0,0,411760,0,0,0.597839,0.5968771805914398,0.5988002526664169,false,0.186079,0.18531664999323483,0.18684316875152976,false,0.41176,0.4107951563011465,0.4127253548365383,false,true,411760,0.41176,0.4107951563011465,0.4127253548365383,false,16372,0,true,597839,50716,0,0.0022787229323080237,0,16372,16372,224133,2267,4415,442,403669,82,351411,36,4004
E2,seed,paired,SPLIT,float,libstdc++,0.505,0.004999995231628418,1,1000000,402807,597193,186128,411065,402807,186128,0,0,0,411065,0,0,0.597193,0.5962309306910933,0.5981545063088791,false,0.186128,0.18536557239299428,0.18689224606772295,false,0.411065,0.4101004035364914,0.41203011162712616,false,true,411065,0.411065,0.4101004035364914,0.41203011162712616,false,16383,0,true,597193,51537,0,0.002248500306469676,0,16383,16383,224978,2269,4509,451,402894,89,351236,36,4004
E2,seed,paired,SPLIT,float,libc++,0.505,0.004999995231628418,1,1000000,403411,596589,186211,410378,403411,186211,0,0,0,410378,0,0,0.596589,0.5956266986059471,0.5975507418928457,false,0.186211,0.18544844099320376,0.18697537698636993,false,0.410378,0.4094136498787413,0.41134286926446934,false,true,410378,0.410378,0.4094136498787413,0.41134286926446934,false,16406,0,true,596589,51227,0,0.0023283194365621173,0,16406,16406,224864,2278,4383,441,402196,80,352151,36,4005
E2,seed,paired,SPLIT,float,libstdc++,0.505,0.004999995231628418,1,1000000,403459,596541,185840,410701,403459,185840,0,0,0,410701,0,0,0.596541,0.5955786802270495,0.5975027605498018,false,0.18584,0.18507802877860596,0.18660379135162256,false,0.410701,0.409736533816527,0.41166598345563826,false,true,410701,0.410701,0.409736533816527,0.41166598345563826,false,16520,0,true,596541,51258,0,0.002297627989364803,0,16520,16520,224377,2268,4400,440,402541,80,352162,36,4005
E2,seed,paired,LOG,float,libc++,0.51,0.009999990463256836,1,1000000,831389,168611,0,168611,831389,0,0,0,0,168611,0,0,0.168611,0.16787763437960007,0.16934628563404303,false,0.0,0.0,2.9957277863923437e-06,true,0.168611,0.16787763437960007,0.16934628563404303,false,true,168611,0.168611,0.16787763437960007,0.16934628563404303,false,13432,0,true,355863,63845,0,0.0017896164614808789,0,13432,13432,238603,2415,5638,565,162075,34,580252,59,4001
E2,seed,paired,LOG,float,libstdc++,0.51,0.009999990463256836,1,1000000,831174,168826,0,168826,831174,0,0,0,0,168826,0,0,0.168826,0.16809226099825897,0.16956165776882992,false,0.0,0.0,2.9957277863923437e-06,true,0.168826,0.16809226099825897,0.16956165776882992,false,true,168826,0.168826,0.16809226099825897,0.16956165776882992,false,13551,0,true,356045,64235,0,0.0017704887652160738,0,13551,13551,239076,2410,5600,561,162093,37,579680,58,4001
E2,seed,paired,LOG,float,libc++,0.51,0.009999990463256836,1,1000000,830909,169091,0,169091,830909,0,0,0,0,169091,0,0,0.169091,0.16835680137683512,0.16982711585380536,false,0.0,0.0,2.9957277863923437e-06,true,0.169091,0.16835680137683512,0.16982711585380536,false,true,169091,0.169091,0.16835680137683512,0.16982711585380536,false,13390,0,true,356522,64335,0,0.0017884147843749215,0,13390,13390,239440,2415,5599,560,162462,30,579109,58,4002
E2,seed,paired,LOG,float,libstdc++,0.51,0.009999990463256836,1,1000000,831375,168625,0,168625,831375,0,0,0,0,168625,0,0,0.168625,0.16789161005326658,0.16936030987920314,false,0.0,0.0,2.9957277863923437e-06,true,0.168625,0.16789161005326658,0.16936030987920314,false,true,168625,0.168625,0.16789161005326658,0.16936030987920314,false,13369,0,true,356008,64080,0,0.0017582297041226949,0,13369,13369,239120,2411,5571,558,162058,34,579882,58,4002
E2,seed,paired,LOG,float,libc++,0.51,0.009999990463256836,1,1000000,831453,168547,0,168547,831453,0,0,0,0,168547,0,0,0.168547,0.16781374560899176,0.16928217477571625,false,0.0,0.0,2.9957277863923437e-06,true,0.168547,0.16781374560899176,0.16928217477571625,false,true,168547,0.168547,0.16781374560899176,0.16928217477571625,false,13720,0,true,355471,64276,0,0.001752538253330339,0,13720,13720,238430,2407,5812,582,161827,37,580211,59,4003
E2,seed,paired,LOG,float,libstdc++,0.51,0.009999990463256836,1,1000000,831202,168798,0,168798,831202,0,0,0,0,168798,0,0,0.168798,0.16806430960024765,0.1695336093291804,false,0.0,0.0,2.9957277863923437e-06,true,0.168798,0.16806430960024765,0.1695336093291804,false,true,168798,0.168798,0.16806430960024765,0.1695336093291804,false,13723,0,true,356431,63737,0,0.0017790614100407001,0,13723,13723,238732,2409,5652,566,162100,26,579793,58,4003
E2,seed,paired,LOG,float,libc++,0.51,0.009999990463256836,1,1000000,831071,168929,0,168929,831071,0,0,0,0,168929,0,0,0.168929,0.16819508227524577,0.16966483589465084,false,0.0,0.0,2.9957277863923437e-06,true,0.168929,0.16819508227524577,0.16966483589465084,false,true,168929,0.168929,0.16819508227524577,0.16966483589465084,false,13595,0,true,356968,63769,0,0.0017920095235523363,0,13595,13595,239472,2413,5540,555,162177,34,579216,58,4004
E2,seed,paired,LOG,float,libstdc++,0.51,0.009999990463256836,1,1000000,831138,168862,0,168862,831138,0,0,0,0,168862,0,0,0.168862,0.16812819852072597,0.16959772003763388,false,0.0,0.0,2.9957277863923437e-06,true,0.168862,0.16812819852072597,0.16959772003763388,false,true,168862,0.168862,0.16812819852072597,0.16959772003763388,false,13377,0,true,355966,64136,0,0.0017652793923071093,0,13377,13377,238932,2414,5605,561,162237,29,579849,58,4004
E2,seed,paired,LOG,float,libc++,0.51,0.009999990463256836,1,1000000,831413,168587,0,168587,831413,0,0,0,0,168587,0,0,0.168587,0.16785367608614205,0.1693222440666513,false,0.0,0.0,2.9957277863923437e-06,true,0.168587,0.16785367608614205,0.1693222440666513,false,true,168587,0.168587,0.16785367608614205,0.1693222440666513,false,13572,0,true,355564,64047,0,0.0017515818618654248,0,13572,13572,238675,2413,5561,558,161849,31,580343,59,4005
E2,seed,paired,LOG,float,libstdc++,0.51,0.009999990463256836,1,1000000,831460,168540,0,168540,831460,0,0,0,0,168540,0,0,0.16854,0.16780675777702614,0.1692751626482689,false,0.0,0.0,2.9957277863923437e-06,true,0.16854,0.16780675777702614,0.1692751626482689,false,true,168540,0.16854,0.16780675777702614,0.1692751626482689,false,13586,0,true,355842,64073,0,0.0017570059410375815,0,13586,13586,238858,2407,5692,571,161827,27,580037,59,4005
E2,seed,paired,QF,float,libc++,0.51,0.009999990463256836,1,1000000,585890,414110,245499,168611,585890,187252,58247,0,0,168611,0,0,0.41411,0.41314433502340525,0.4150761625014221,false,0.245499,0.24465570348393983,0.2463437708800577,false,0.168611,0.16787763437960007,0.16934628563404303,false,true,168611,0.168611,0.16787763437960007,0.16934628563404303,false,13432,0,true,355863,63845,0,0.0017896164614808789,0,13432,13432,238603,2415,5638,565,162075,34,580252,59,4001
E2,seed,paired,QF,float,libstdc++,0.51,0.009999990463256836,1,1000000,585280,414720,245894,168826,585280,187219,58675,0,0,168826,0,0,0.41472,0.4137541255444982,0.41568636844677676,false,0.245894,0.24505024501562947,0.24673922705944792,false,0.168826,0.16809226099825897,0.16956165776882992,false,true,168826,0.168826,0.16809226099825897,0.16956165776882992,false,13551,0,true,356045,64235,0,0.0017704887652160738,0,13551,13551,239076,2410,5600,561,162093,37,579680,58,4001
E2,seed,paired,QF,float,libc++,0.51,0.009999990463256836,1,1000000,584708,415292,246201,169091,584708,187431,58770,0,0,169091,0,0,0.415292,0.4143259305002537,0.4162585601775983,false,0.246201,0.2453568893484156,0.24704658094767476,false,0.169091,0.16835680137683512,0.16982711585380536,false,true,169091,0.169091,0.16835680137683512,0.16982711585380536,false,13390,0,true,356522,64335,0,0.0017884147843749215,0,13390,13390,239440,2415,5599,560,162462,30,579109,58,4002
E2,seed,paired,QF,float,libstdc++,0.51,0.009999990463256836,1,1000000,585453,414547,245922,168625,585453,187383,58539,0,0,168625,0,0,0.414547,0.4135811847991589,0.4155133101942507,false,0.245922,0.24507821255296663,0.24676725935985763,false,0.168625,0.16789161005326658,0.16936030987920314,false,true,168625,0.168625,0.16789161005326658,0.16936030987920314,false,13369,0,true,356008,64080,0,0.0017582297041226949,0,13369,13369,239120,2411,5571,558,162058,34,579882,58,4002
E2,seed,paired,QF,float,libc++,0.51,0.009999990463256836,1,1000000,586023,413977,245430,168547,586023,186924,58506,0,0,168547,0,0,0.413977,0.4130113808992193,0.4149431173960353,false,0.24543,0.2445867836691588,0.24627469109467823,false,0.168547,0.16781374560899176,0.16928217477571625,false,true,168547,0.168547,0.16781374560899176,0.16928217477571625,false,13720,0,true,355471,64276,0,0.001752538253330339,0,13720,13720,238430,2407,5812,582,161827,37,580211,59,4003
E2,seed,paired,QF,float,libstdc++,0.51,0.009999990463256836,1,1000000,585445,414555,245757,168798,585445,187633,58124,0,0,168798,0,0,0.414555,0.4135891820563524,0.41552131289071204,false,0.245757,0.24491340392016217,0.24660206894879622,false,0.168798,0.16806430960024765,0.1695336093291804,false,true,168798,0.168798,0.16806430960024765,0.1695336093291804,false,13723,0,true,356431,63737,0,0.0017790614100407001,0,13723,13723,238732,2409,5652,566,162100,26,579793,58,4003
E2,seed,paired,QF,float,libc++,0.51,0.009999990463256836,1,1000000,584756,415244,246315,168929,584756,188039,58276,0,0,168929,0,0,0.415244,0.41427794681609426,0.4162105441398026,false,0.246315,0.24547075742366026,0.24716071221182997,false,0.168929,0.16819508227524577,0.16966483589465084,false,true,168929,0.168929,0.16819508227524577,0.16966483589465084,false,13595,0,true,356968,63769,0,0.0017920095235523363,0,13595,13595,239472,2413,5540,555,162177,34,579216,58,4004
E2,seed,paired,QF,float,libstdc++,0.51,0.009999990463256836,1,1000000,585454,414546,245684,168862,585454,187104,58580,0,0,168862,0,0,0.414546,0.4135801851420264,0.41551230985717286,false,0.245684,0.24484048863897873,0.24652898465299508,false,0.168862,0.16812819852072597,0.16959772003763388,false,true,168862,0.168862,0.16812819852072597,0.16959772003763388,false,13377,0,true,355966,64136,0,0.0017652793923071093,0,13377,13377,238932,2414,5605,561,162237,29,579849,58,4004
E2,seed,paired,QF,float,libc++,0.51,0.009999990463256836,1,1000000,585904,414096,245509,168587,585904,186977,58532,0,0,168587,0,0,0.414096,0.413130339849019,0.4150621577568994,false,0.245509,0.24466569186532294,0.24635378244073036,false,0.168587,0.16785367608614205,0.1693222440666513,false,true,168587,0.168587,0.16785367608614205,0.1693222440666513,false,13572,0,true,355564,64047,0,0.0017515818618654248,0,13572,13572,238675,2413,5561,558,161849,31,580343,59,4005
E2,seed,paired,QF,float,libstdc++,0.51,0.009999990463256836,1,1000000,585729,414271,245731,168540,585729,187302,58429,0,0,168540,0,0,0.414271,0.41330527958654906,0.4152372170056401,false,0.245731,0.24488743409023309,0.2465760389293869,false,0.16854,0.16780675777702614,0.1692751626482689,false,true,168540,0.16854,0.16780675777702614,0.1692751626482689,false,13586,0,true,355842,64073,0,0.0017570059410375815,0,13586,13586,238858,2407,5692,571,161827,27,580037,59,4005
E2,seed,paired,SPLIT,float,libc++,0.51,0.009999990463256836,1,1000000,644137,355863,187252,168611,644137,187252,0,0,0,168611,0,0,0.355863,0.35492453879273395,0.35680229614909303,false,0.187252,0.1864877978048639,0.18801801414015795,false,0.168611,0.16787763437960007,0.16934628563404303,false,true,168611,0.168611,0.16787763437960007,0.16934628563404303,false,13432,0,true,355863,63845,0,0.0017896164614808789,0,13432,13432,238603,2415,5638,565,162075,34,580252,59,4001
E2,seed,paired,SPLIT,float,libstdc++,0.51,0.009999990463256836,1,1000000,643955,356045,187219,168826,643955,187219,0,0,0,168826,0,0,0.356045,0.35510643094963257,0.35698440293785194,false,0.187219,0.18645484975683765,0.18798496237947837,false,0.168826,0.16809226099825897,0.16956165776882992,false,true,168826,0.168826,0.16809226099825897,0.16956165776882992,false,13551,0,true,356045,64235,0,0.0017704887652160738,0,13551,13551,239076,2410,5600,561,162093,37,579680,58,4001
E2,seed,paired,SPLIT,float,libc++,0.51,0.009999990463256836,1,1000000,643478,356522,187431,169091,643478,187431,0,0,0,169091,0,0,0.356522,0.355583149007263,0.3574616821169347,false,0.187431,0.1866665161613029,0.1881972947460847,false,0.169091,0.16835680137683512,0.16982711585380536,false,true,169091,0.169091,0.16835680137683512,0.16982711585380536,false,13390,0,true,356522,64335,0,0.0017884147843749215,0,13390,13390,239440,2415,5599,560,162462,30,579109,58,4002
E2,seed,paired,SPLIT,float,libstdc++,0.51,0.009999990463256836,1,1000000,643992,356008,187383,168625,643992,187383,0,0,0,168625,0,0,0.356008,0.35506945286180347,0.3569473812400248,false,0.187383,0.1866185916599007,0.18814921952573593,false,0.168625,0.16789161005326658,0.16936030987920314,false,true,168625,0.168625,0.16789161005326658,0.16936030987920314,false,13369,0,true,356008,64080,0,0.0017582297041226949,0,13369,13369,239120,2411,5571,558,162058,34,579882,58,4002
E2,seed,paired,SPLIT,float,libc++,0.51,0.009999990463256836,1,1000000,644529,355471,186924,168547,644529,186924,0,0,0,168547,0,0,0.355471,0.35453277157254254,0.3564100656401617,false,0.186924,0.18616031457559176,0.18768949927080042,false,0.168547,0.16781374560899176,0.16928217477571625,false,true,168547,0.168547,0.16781374560899176,0.16928217477571625,false,13720,0,true,355471,64276,0,0.001752538253330339,0,13720,13720,238430,2407,5812,582,161827,37,580211,59,4003
E2,seed,paired,SPLIT,float,libstdc++,0.51,0.009999990463256836,1,1000000,643569,356431,187633,168798,643569,187633,0,0,0,168798,0,0,0.356431,0.3554922027166646,0.35737062893469507,false,0.187633,0.18686819864612667,0.1883996110902992,false,0.168798,0.16806430960024765,0.1695336093291804,false,true,168798,0.168798,0.16806430960024765,0.1695336093291804,false,13723,0,true,356431,63737,0,0.0017790614100407001,0,13723,13723,238732,2409,5652,566,162100,26,579793,58,4003
E2,seed,paired,SPLIT,float,libc++,0.51,0.009999990463256836,1,1000000,643032,356968,188039,168929,643032,188039,0,0,0,168929,0,0,0.356968,0.3560288863060491,0.357907942234443,false,0.188039,0.1872735614878659,0.18880624589504688,false,0.168929,0.16819508227524577,0.16966483589465084,false,true,168929,0.168929,0.16819508227524577,0.16966483589465084,false,13595,0,true,356968,63769,0,0.0017920095235523363,0,13595,13595,239472,2413,5540,555,162177,34,579216,58,4004
E2,seed,paired,SPLIT,float,libstdc++,0.51,0.009999990463256836,1,1000000,644034,355966,187104,168862,644034,187104,0,0,0,168862,0,0,0.355966,0.3550274777424892,0.35690535660265443,false,0.187104,0.18634003087185966,0.18786978193109774,false,0.168862,0.16812819852072597,0.16959772003763388,false,true,168862,0.168862,0.16812819852072597,0.16959772003763388,false,13377,0,true,355966,64136,0,0.0017652793923071093,0,13377,13377,238932,2414,5605,561,162237,29,579849,58,4004
E2,seed,paired,SPLIT,float,libc++,0.51,0.009999990463256836,1,1000000,644436,355564,186977,168587,644436,186977,0,0,0,168587,0,0,0.355564,0.3546257162846159,0.3565031203893379,false,0.186977,0.18621323101278686,0.18774258252637033,false,0.168587,0.16785367608614205,0.1693222440666513,false,true,168587,0.168587,0.16785367608614205,0.1693222440666513,false,13572,0,true,355564,64047,0,0.0017515818618654248,0,13572,13572,238675,2413,5561,558,161849,31,580343,59,4005
E2,seed,paired,SPLIT,float,libstdc++,0.51,0.009999990463256836,1,1000000,644158,355842,187302,168540,644158,187302,0,0,0,168540,0,0,0.355842,0.35490355124567946,0.35678128381779767,false,0.187302,0.18653771910687633,0.18806809254830306,false,0.16854,0.16780675777702614,0.1692751626482689,false,true,168540,0.16854,0.16780675777702614,0.1692751626482689,false,13586,0,true,355842,64073,0,0.0017570059410375815,0,13586,13586,238858,2407,5692,571,161827,27,580037,59,4005
E2,seed,paired,LOG,float,libc++,0.55,0.050000011920928955,1,1000000,999885,115,0,115,999885,0,0,0,0,115,0,0,0.000115,9.494519890874632e-05,0.0001380384933592208,false,0.0,0.0,2.9957277863923437e-06,true,0.000115,9.494519890874632e-05,0.0001380384933592208,false,true,115,0.000115,9.494519890874632e-05,0.0001380384933592208,false,39,0,true,5691,7200,0,9.626107819547914e-05,0,39,39,11958,121,795,80,104,1,987104,99,4001
E2,seed,paired,LOG,float,libstdc++,0.55,0.050000011920928955,1,1000000,999871,129,0,129,999871,0,0,0,0,129,0,0,0.000129,0.00010770192188409886,0.00015327673586871857,false,0.0,0.0,2.9957277863923437e-06,true,0.000129,0.00010770192188409886,0.00015327673586871857,false,true,129,0.000129,0.00010770192188409886,0.00015327673586871857,false,59,0,true,5665,7297,0,9.4976666141499e-05,0,59,59,11990,122,818,82,101,1,987032,99,4001
E2,seed,paired,LOG,float,libc++,0.55,0.050000011920928955,1,1000000,999868,132,0,132,999868,0,0,0,0,132,0,0,0.000132,0.00011044444363894084,0.00015653323805865627,false,0.0,0.0,2.9957277863923437e-06,true,0.000132,0.00011044444363894084,0.00015653323805865627,false,true,132,0.000132,0.00011044444363894084,0.00015653323805865627,false,41,0,true,5726,7365,0,9.1742805832824e-05,0,41,41,12110,123,829,83,112,2,986908,99,4002
E2,seed,paired,LOG,float,libstdc++,0.55,0.050000011920928955,1,1000000,999876,124,0,124,999876,0,0,0,0,124,0,0,0.000124,0.00010313780886449474,0.0001478425514271557,false,0.0,0.0,2.9957277863923437e-06,true,0.000124,0.00010313780886449474,0.0001478425514271557,false,true,124,0.000124,0.00010313780886449474,0.0001478425514271557,false,51,0,true,5754,7208,0,9.457433036483578e-05,0,51,51,12036,124,781,79,103,1,987029,99,4002
E2,seed,paired,LOG,float,libc++,0.55,0.050000011920928955,1,1000000,999849,151,0,151,999849,0,0,0,0,151,0,0,0.000151,0.0001278776502779289,0.00017709452230811295,false,0.0,0.0,2.9957277863923437e-06,true,0.000151,0.0001278776502779289,0.00017709452230811295,false,true,151,0.000151,0.0001278776502779289,0.00017709452230811295,false,66,0,true,5763,7251,0,9.27755382578058e-05,0,66,66,12036,122,805,81,117,1,986976,99,4003
E2,seed,paired,LOG,float,libstdc++,0.55,0.050000011920928955,1,1000000,999854,146,0,146,999854,0,0,0,0,146,0,0,0.000146,0.00012327990146438397,0.0001716936191778351,false,0.0,0.0,2.9957277863923437e-06,true,0.000146,0.00012327990146438397,0.0001716936191778351,false,true,146,0.000146,0.00012327990146438397,0.0001716936191778351,false,64,0,true,5776,7426,0,9.277012525844627e-05,0,64,64,12165,123,862,87,119,1,986790,99,4003
E2,seed,paired,LOG,float,libc++,0.55,0.050000011920928955,1,1000000,999866,134,0,134,999866,0,0,0,0,134,0,0,0.000134,0.00011227441649811943,0.00015870263226724067,false,0.0,0.0,2.9957277863923437e-06,true,0.000134,0.00011227441649811943,0.00015870263226724067,false,true,134,0.000134,0.00011227441649811943,0.00015870263226724067,false,51,0,true,5658,7328,0,9.05732613456915e-05,0,51,51,11951,124,876,88,113,1,987009,99,4004
E2,seed,paired,LOG,float,libstdc++,0.55,0.050000011920928955,1,1000000,999860,140,0,140,999860,0,0,0,0,140,0,0,0.00014,0.00011777182138788201,0.00016520340830461475,false,0.0,0.0,2.9957277863923437e-06,true,0.00014,0.00011777182138788201,0.00016520340830461475,false,true,140,0.00014,0.00011777182138788201,0.00016520340830461475,false,52,0,true,5782,7303,0,9.66345525796924e-05,0,52,52,12135,126,791,80,117,1,986905,99,4004
E2,seed,paired,LOG,float,libc++,0.55,0.050000011920928955,1,1000000,999859,141,0,141,999859,0,0,0,0,141,0,0,0.000141,0.0001186891118737341,0.0001662858256502074,false,0.0,0.0,2.9957277863923437e-06,true,0.000141,0.0001186891118737341,0.0001662858256502074,false,true,141,0.000141,0.0001186891118737341,0.0001662858256502074,false,69,0,true,5739,7309,0,9.028062290491731e-05,0,69,69,12028,121,848,86,105,1,986950,99,4005
E2,seed,paired,LOG,float,libstdc++,0.55,0.050000011920928955,1,1000000,999856,144,0,144,999856,0,0,0,0,144,0,0,0.000144,0.0001214427303077469,0.0001695313484970007,false,0.0,0.0,2.9957277863923437e-06,true,0.000144,0.0001214427303077469,0.0001695313484970007,false,true,144,0.000144,0.0001214427303077469,0.0001695313484970007,false,74,0,true,5782,7286,0,8.840210395997951e-05,0,74,74,12075,125,816,82,109,1,986926,99,4005
E2,seed,paired,QF,float,libc++,0.55,0.050000011920928955,1,1000000,987899,12101,11986,115,987899,5576,6410,0,0,115,0,0,0.012101,0.011887617526805085,0.01231721546183283,false,0.011986,0.011773626150052698,0.01220120754758146,false,0.000115,9.494519890874632e-05,0.0001380384933592208,false,true,115,0.000115,9.494519890874632e-05,0.0001380384933592208,false,39,0,true,5691,7200,0,9.626107819547914e-05,0,39,39,11958,121,795,80,104,1,987104,99,4001
E2,seed,paired,QF,float,libstdc++,0.55,0.050000011920928955,1,1000000,987850,12150,12021,129,987850,5536,6485,0,0,129,0,0,0.01215,0.011936189275965106,0.012366643410763342,false,0.012021,0.011808318648714426,0.012236514833073397,false,0.000129,0.00010770192188409886,0.00015327673586871857,false,true,129,0.000129,0.00010770192188409886,0.00015327673586871857,false,59,0,true,5665,7297,0,9.4976666141499e-05,0,59,59,11990,122,818,82,101,1,987032,99,4001
E2,seed,paired,QF,float,libc++,0.55,0.050000011920928955,1,1000000,987737,12263,12131,132,987737,5594,6537,0,0,132,0,0,0.012263,0.012048205079107562,0.012480626911793536,false,0.012131,0.011917355225915,0.012347477577867388,false,0.000132,0.00011044444363894084,0.00015653323805865627,false,true,132,0.000132,0.00011044444363894084,0.00015653323805865627,false,41,0,true,5726,7365,0,9.1742805832824e-05,0,41,41,12110,123,829,83,112,2,986908,99,4002
E2,seed,paired,QF,float,libstdc++,0.55,0.050000011920928955,1,1000000,987810,12190,12066,124,987810,5630,6436,0,0,124,0,0,0.01219,0.011975840346997006,0.012406992093355483,false,0.012066,0.011852923971027765,0.012281909233326872,false,0.000124,0.00010313780886449474,0.0001478425514271557,false,true,124,0.000124,0.00010313780886449474,0.0001478425514271557,false,51,0,true,5754,7208,0,9.457433036483578e-05,0,51,51,12036,124,781,79,103,1,987029,99,4002
E2,seed,paired,QF,float,libc++,0.55,0.050000011920928955,1,1000000,987781,12219,12068,151,987781,5612,6456,0,0,151,0,0,0.012219,0.012004587744681949,0.012436244517092927,false,0.012068,0.011854906447523721,0.01228392674450278,false,0.000151,0.0001278776502779289,0.00017709452230811295,false,true,151,0.000151,0.0001278776502779289,0.00017709452230811295,false,66,0,true,5763,7251,0,9.27755382578058e-05,0,66,66,12036,122,805,81,117,1,986976,99,4003
E2,seed,paired,QF,float,libstdc++,0.55,0.050000011920928955,1,1000000,987652,12348,12202,146,987652,5630,6572,0,0,146,0,0,0.012348,0.01213246785068854,0.012566363617175693,false,0.012202,0.011987735784138571,0.01241909658231505,false,0.000146,0.00012327990146438397,0.0001716936191778351,false,true,146,0.000146,0.00012327990146438397,0.0001716936191778351,false,64,0,true,5776,7426,0,9.277012525844627e-05,0,64,64,12165,123,862,87,119,1,986790,99,4003
E2,seed,paired,QF,float,libc++,0.55,0.050000011920928955,1,1000000,987885,12115,11981,134,987885,5524,6457,0,0,134,0,0,0.012115,0.01190149507781142,0.012331337824555536,false,0.011981,0.011768670116790825,0.012196163611683247,false,0.000134,0.00011227441649811943,0.00015870263226724067,false,true,134,0.000134,0.00011227441649811943,0.00015870263226724067,false,51,0,true,5658,7328,0,9.05732613456915e-05,0,51,51,11951,124,876,88,113,1,987009,99,4004
E2,seed,paired,QF,float,libstdc++,0.55,0.050000011920928955,1,1000000,987696,12304,12164,140,987696,5642,6522,0,0,140,0,0,0.012304,0.012088849144937434,0.012521982593635739,false,0.012164,0.011950067083153363,0.012380765517335251,false,0.00014,0.00011777182138788201,0.00016520340830461475,false,true,140,0.00014,0.00011777182138788201,0.00016520340830461475,false,52,0,true,5782,7303,0,9.66345525796924e-05,0,52,52,12135,126,791,80,117,1,986905,99,4004
E2,seed,paired,QF,float,libc++,0.55,0.050000011920928955,1,1000000,987798,12202,12061,141,987798,5598,6463,0,0,141,0,0,0.012202,0.011987735784138571,0.01241909658231505,false,0.012061,0.011847967786377357,0.01227686544879862,false,0.000141,0.0001186891118737341,0.0001662858256502074,false,true,141,0.000141,0.0001186891118737341,0.0001662858256502074,false,69,0,true,5739,7309,0,9.028062290491731e-05,0,69,69,12028,121,848,86,105,1,986950,99,4005
E2,seed,paired,QF,float,libstdc++,0.55,0.050000011920928955,1,1000000,987742,12258,12114,144,987742,5638,6476,0,0,144,0,0,0.012258,0.012043248527923028,0.012475583493754798,false,0.012114,0.011900503821734021,0.012330329086794772,false,0.000144,0.0001214427303077469,0.0001695313484970007,false,true,144,0.000144,0.0001214427303077469,0.0001695313484970007,false,74,0,true,5782,7286,0,8.840210395997951e-05,0,74,74,12075,125,816,82,109,1,986926,99,4005
E2,seed,paired,SPLIT,float,libc++,0.55,0.050000011920928955,1,1000000,994309,5691,5576,115,994309,5576,0,0,0,115,0,0,0.005691,0.005544497314680719,0.005840376899218016,false,0.005576,0.005430986475212365,0.005723888538278982,false,0.000115,9.494519890874632e-05,0.0001380384933592208,false,true,115,0.000115,9.494519890874632e-05,0.0001380384933592208,false,39,0,true,5691,7200,0,9.626107819547914e-05,0,39,39,11958,121,795,80,104,1,987104,99,4001
E2,seed,paired,SPLIT,float,libstdc++,0.55,0.050000011920928955,1,1000000,994335,5665,5536,129,994335,5536,0,0,0,129,0,0,0.005665,0.005518832645916556,0.005814041748405068,false,0.005536,0.005391508098841466,0.00568336719373736,false,0.000129,0.00010770192188409886,0.00015327673586871857,false,true,129,0.000129,0.00010770192188409886,0.00015327673586871857,false,59,0,true,5665,7297,0,9.4976666141499e-05,0,59,59,11990,122,818,82,101,1,987032,99,4001
E2,seed,paired,SPLIT,float,libc++,0.55,0.050000011920928955,1,1000000,994274,5726,5594,132,994274,5594,0,0,0,132,0,0,0.005726,0.005579047135175009,0.0058758268361667285,false,0.005594,0.005448752365295139,0.005742122522772202,false,0.000132,0.00011044444363894084,0.00015653323805865627,false,true,132,0.000132,0.00011044444363894084,0.00015653323805865627,false,41,0,true,5726,7365,0,9.1742805832824e-05,0,41,41,12110,123,829,83,112,2,986908,99,4002
E2,seed,paired,SPLIT,float,libstdc++,0.55,0.050000011920928955,1,1000000,994246,5754,5630,124,994246,5630,0,0,0,124,0,0,0.005754,0.005606687998287713,0.005904185779269395,false,0.00563,0.005484285291641785,0.005778589345881335,false,0.000124,0.00010313780886449474,0.0001478425514271557,false,true,124,0.000124,0.00010313780886449474,0.0001478425514271557,false,51,0,true,5754,7208,0,9.457433036483578e-05,0,51,51,12036,124,781,79,103,1,987029,99,4002
E2,seed,paired,SPLIT,float,libc++,0.55,0.050000011920928955,1,1000000,994237,5763,5612,151,994237,5612,0,0,0,151,0,0,0.005763,0.00561557275029129,0.00591330096502667,false,0.005612,0.005466518638048071,0.005760356124696827,false,0.000151,0.0001278776502779289,0.00017709452230811295,false,true,151,0.000151,0.0001278776502779289,0.00017709452230811295,false,66,0,true,5763,7251,0,9.27755382578058e-05,0,66,66,12036,122,805,81,117,1,986976,99,4003
E2,seed,paired,SPLIT,float,libstdc++,0.55,0.050000011920928955,1,1000000,994224,5776,5630,146,994224,5630,0,0,0,146,0,0,0.005776,0.005628406442467999,0.005926467182990512,false,0.00563,0.005484285291641785,0.005778589345881335,false,0.000146,0.00012327990146438397,0.0001716936191778351,false,true,146,0.000146,0.00012327990146438397,0.0001716936191778351,false,64,0,true,5776,7426,0,9.277012525844627e-05,0,64,64,12165,123,862,87,119,1,986790,99,4003
E2,seed,paired,SPLIT,float,libc++,0.55,0.050000011920928955,1,1000000,994342,5658,5524,134,994342,5524,0,0,0,134,0,0,0.005658,0.005511923061052763,0.00580695138187923,false,0.005524,0.005379664959263305,0.005671210417141716,false,0.000134,0.00011227441649811943,0.00015870263226724067,false,true,134,0.000134,0.00011227441649811943,0.00015870263226724067,false,51,0,true,5658,7328,0,9.05732613456915e-05,0,51,51,11951,124,876,88,113,1,987009,99,4004
E2,seed,paired,SPLIT,float,libstdc++,0.55,0.050000011920928955,1,1000000,994218,5782,5642,140,994218,5642,0,0,0,140,0,0,0.005782,0.00563432974923208,0.00593254383476939,false,0.005642,0.005496129938052406,0.0057907446160450505,false,0.00014,0.00011777182138788201,0.00016520340830461475,false,true,140,0.00014,0.00011777182138788201,0.00016520340830461475,false,52,0,true,5782,7303,0,9.66345525796924e-05,0,52,52,12135,126,791,80,117,1,986905,99,4004
E2,seed,paired,SPLIT,float,libc++,0.55,0.050000011920928955,1,1000000,994261,5739,5598,141,994261,5598,0,0,0,141,0,0,0.005739,0.005591880282225174,0.0058889935991165,false,0.005598,0.005452700392901286,0.005746174467307855,false,0.000141,0.0001186891118737341,0.0001662858256502074,false,true,141,0.000141,0.0001186891118737341,0.0001662858256502074,false,69,0,true,5739,7309,0,9.028062290491731e-05,0,69,69,12028,121,848,86,105,1,986950,99,4005
E2,seed,paired,SPLIT,float,libstdc++,0.55,0.050000011920928955,1,1000000,994218,5782,5638,144,994218,5638,0,0,0,144,0,0,0.005782,0.00563432974923208,0.00593254383476939,false,0.005638,0.005492181703897942,0.005786692878003172,false,0.000144,0.0001214427303077469,0.0001695313484970007,false,true,144,0.000144,0.0001214427303077469,0.0001695313484970007,false,74,0,true,5782,7286,0,8.840210395997951e-05,0,74,74,12075,125,816,82,109,1,986926,99,4005
E2,seed,paired,LOG,float,libc++,0.6,0.10000002384185791,1,1000000,1000000,0,0,0,1000000,0,0,0,0,0,0,0,0.0,0.0,2.9957277863923437e-06,true,0.0,0.0,2.9957277863923437e-06,true,0.0,0.0,2.9957277863923437e-06,true,true,0,0.0,0.0,2.9957277863923437e-06,true,0,0,true,28,120,0,2.8902236539661834e-06,0,0,0,128,2,20,2,0,0,999852,100,4001
E2,seed,paired,LOG,float,libstdc++,0.6,0.10000002384185791,1,1000000,1000000,0,0,0,1000000,0,0,0,0,0,0,0,0.0,0.0,2.9957277863923437e-06,true,0.0,0.0,2.9957277863923437e-06,true,0.0,0.0,2.9957277863923437e-06,true,true,0,0.0,0.0,2.9957277863923437e-06,true,0,0,true,33,133,0,1.3752949586156228e-06,0,0,0,144,2,22,3,0,0,999834,100,4001
E2,seed,paired,LOG,float,libc++,0.6,0.10000002384185791,1,1000000,1000000,0,0,0,1000000,0,0,0,0,0,0,0,0.0,0.0,2.9957277863923437e-06,true,0.0,0.0,2.9957277863923437e-06,true,0.0,0.0,2.9957277863923437e-06,true,true,0,0.0,0.0,2.9957277863923437e-06,true,0,0,true,27,130,0,1.4840714290444473e-06,0,0,0,143,2,14,2,0,0,999843,100,4002
E2,seed,paired,LOG,float,libstdc++,0.6,0.10000002384185791,1,1000000,1000000,0,0,0,1000000,0,0,0,0,0,0,0,0.0,0.0,2.9957277863923437e-06,true,0.0,0.0,2.9957277863923437e-06,true,0.0,0.0,2.9957277863923437e-06,true,true,0,0.0,0.0,2.9957277863923437e-06,true,0,0,true,37,119,0,1.3957055939064562e-06,0,0,0,138,2,19,2,0,0,999843,100,4002
E2,seed,paired,LOG,float,libc++,0.6,0.10000002384185791,1,1000000,1000000,0,0,0,1000000,0,0,0,0,0,0,0,0.0,0.0,2.9957277863923437e-06,true,0.0,0.0,2.9957277863923437e-06,true,0.0,0.0,2.9957277863923437e-06,true,true,0,0.0,0.0,2.9957277863923437e-06,true,0,0,true,39,151,0,1.1305789516062215e-06,0,0,0,168,2,22,3,0,0,999810,100,4003
E2,seed,paired,LOG,float,libstdc++,0.6,0.10000002384185791,1,1000000,1000000,0,0,0,1000000,0,0,0,0,0,0,0,0.0,0.0,2.9957277863923437e-06,true,0.0,0.0,2.9957277863923437e-06,true,0.0,0.0,2.9957277863923437e-06,true,true,0,0.0,0.0,2.9957277863923437e-06,true,0,0,true,28,147,0,9.875751879209867e-07,0,0,0,151,2,24,3,0,0,999825,100,4003
E2,seed,paired,LOG,float,libc++,0.6,0.10000002384185791,1,1000000,1000000,0,0,0,1000000,0,0,0,0,0,0,0,0.0,0.0,2.9957277863923437e-06,true,0.0,0.0,2.9957277863923437e-06,true,0.0,0.0,2.9957277863923437e-06,true,true,0,0.0,0.0,2.9957277863923437e-06,true,0,0,true,35,134,0,2.022643965221521e-06,0,0,0,146,2,23,3,0,0,999831,100,4004
E2,seed,paired,LOG,float,libstdc++,0.6,0.10000002384185791,1,1000000,1000000,0,0,0,1000000,0,0,0,0,0,0,0,0.0,0.0,2.9957277863923437e-06,true,0.0,0.0,2.9957277863923437e-06,true,0.0,0.0,2.9957277863923437e-06,true,true,0,0.0,0.0,2.9957277863923437e-06,true,0,0,true,32,123,0,1.0118046593456158e-06,0,0,0,137,2,19,2,0,0,999844,100,4004
E2,seed,paired,LOG,float,libc++,0.6,0.10000002384185791,1,1000000,1000000,0,0,0,1000000,0,0,0,0,0,0,0,0.0,0.0,2.9957277863923437e-06,true,0.0,0.0,2.9957277863923437e-06,true,0.0,0.0,2.9957277863923437e-06,true,true,0,0.0,0.0,2.9957277863923437e-06,true,0,0,true,37,148,0,1.5918208249771606e-06,0,0,0,168,2,18,2,0,0,999814,100,4005
E2,seed,paired,LOG,float,libstdc++,0.6,0.10000002384185791,1,1000000,1000000,0,0,0,1000000,0,0,0,0,0,0,0,0.0,0.0,2.9957277863923437e-06,true,0.0,0.0,2.9957277863923437e-06,true,0.0,0.0,2.9957277863923437e-06,true,true,0,0.0,0.0,2.9957277863923437e-06,true,0,0,true,37,145,0,1.1597766454807824e-06,0,0,0,158,2,25,3,0,0,999817,100,4005
E2,seed,paired,QF,float,libc++,0.6,0.10000002384185791,1,1000000,999872,128,128,0,999872,28,100,0,0,0,0,0,0.000128,0.00010678841306404032,0.0001521905774230967,false,0.000128,0.00010678841306404032,0.0001521905774230967,false,0.0,0.0,2.9957277863923437e-06,true,true,0,0.0,0.0,2.9957277863923437e-06,true,0,0,true,28,120,0,2.8902236539661834e-06,0,0,0,128,2,20,2,0,0,999852,100,4001
E2,seed,paired,QF,float,libstdc++,0.6,0.10000002384185791,1,1000000,999856,144,144,0,999856,33,111,0,0,0,0,0,0.000144,0.0001214427303077469,0.0001695313484970007,false,0.000144,0.0001214427303077469,0.0001695313484970007,false,0.0,0.0,2.9957277863923437e-06,true,true,0,0.0,0.0,2.9957277863923437e-06,true,0,0,true,33,133,0,1.3752949586156228e-06,0,0,0,144,2,22,3,0,0,999834,100,4001
E2,seed,paired,QF,float,libc++,0.6,0.10000002384185791,1,1000000,999857,143,143,0,999857,27,116,0,0,0,0,0,0.000143,0.00012052456940140573,0.00016844979273009385,false,0.000143,0.00012052456940140573,0.00016844979273009385,false,0.0,0.0,2.9957277863923437e-06,true,true,0,0.0,0.0,2.9957277863923437e-06,true,0,0,true,27,130,0,1.4840714290444473e-06,0,0,0,143,2,14,2,0,0,999843,100,4002
E2,seed,paired,QF,float,libstdc++,0.6,0.10000002384185791,1,1000000,999862,138,138,0,999862,37,101,0,0,0,0,0,0.000138,0.00011593813272449321,0.00016303769051662225,false,0.000138,0.00011593813272449321,0.00016303769051662225,false,0.0,0.0,2.9957277863923437e-06,true,true,0,0.0,0.0,2.9957277863923437e-06,true,0,0,true,37,119,0,1.3957055939064562e-06,0,0,0,138,2,19,2,0,0,999843,100,4002
E2,seed,paired,QF,float,libc++,0.6,0.10000002384185791,1,1000000,999832,168,168,0,999832,39,129,0,0,0,0,0,0.000168,0.00014355764413554286,0.0001954103902890763,false,0.000168,0.00014355764413554286,0.0001954103902890763,false,0.0,0.0,2.9957277863923437e-06,true,true,0,0.0,0.0,2.9957277863923437e-06,true,0,0,true,39,151,0,1.1305789516062215e-06,0,0,0,168,2,22,3,0,0,999810,100,4003
E2,seed,paired,QF,float,libstdc++,0.6,0.10000002384185791,1,1000000,999849,151,151,0,999849,28,123,0,0,0,0,0,0.000151,0.0001278776502779289,0.00017709452230811295,false,0.000151,0.0001278776502779289,0.00017709452230811295,false,0.0,0.0,2.9957277863923437e-06,true,true,0,0.0,0.0,2.9957277863923437e-06,true,0,0,true,28,147,0,9.875751879209867e-07,0,0,0,151,2,24,3,0,0,999825,100,4003
E2,seed,paired,QF,float,libc++,0.6,0.10000002384185791,1,1000000,999854,146,146,0,999854,35,111,0,0,0,0,0,0.000146,0.00012327990146438397,0.0001716936191778351,false,0.000146,0.00012327990146438397,0.0001716936191778351,false,0.0,0.0,2.9957277863923437e-06,true,true,0,0.0,0.0,2.9957277863923437e-06,true,0,0,true,35,134,0,2.022643965221521e-06,0,0,0,146,2,23,3,0,0,999831,100,4004
E2,seed,paired,QF,float,libstdc++,0.6,0.10000002384185791,1,1000000,999863,137,137,0,999863,32,105,0,0,0,0,0,0.000137,0.00011502174101923613,0.00016195438371272524,false,0.000137,0.00011502174101923613,0.00016195438371272524,false,0.0,0.0,2.9957277863923437e-06,true,true,0,0.0,0.0,2.9957277863923437e-06,true,0,0,true,32,123,0,1.0118046593456158e-06,0,0,0,137,2,19,2,0,0,999844,100,4004
E2,seed,paired,QF,float,libc++,0.6,0.10000002384185791,1,1000000,999832,168,168,0,999832,37,131,0,0,0,0,0,0.000168,0.00014355764413554286,0.0001954103902890763,false,0.000168,0.00014355764413554286,0.0001954103902890763,false,0.0,0.0,2.9957277863923437e-06,true,true,0,0.0,0.0,2.9957277863923437e-06,true,0,0,true,37,148,0,1.5918208249771606e-06,0,0,0,168,2,18,2,0,0,999814,100,4005
E2,seed,paired,QF,float,libstdc++,0.6,0.10000002384185791,1,1000000,999842,158,158,0,999842,37,121,0,0,0,0,0,0.000158,0.00013432554188211839,0.00018464484866843184,false,0.000158,0.00013432554188211839,0.00018464484866843184,false,0.0,0.0,2.9957277863923437e-06,true,true,0,0.0,0.0,2.9957277863923437e-06,true,0,0,true,37,145,0,1.1597766454807824e-06,0,0,0,158,2,25,3,0,0,999817,100,4005
E2,seed,paired,SPLIT,float,libc++,0.6,0.10000002384185791,1,1000000,999972,28,28,0,999972,28,0,0,0,0,0,0,2.8e-05,1.8605874747065275e-05,4.046754367067208e-05,false,2.8e-05,1.8605874747065275e-05,4.046754367067208e-05,false,0.0,0.0,2.9957277863923437e-06,true,true,0,0.0,0.0,2.9957277863923437e-06,true,0,0,true,28,120,0,2.8902236539661834e-06,0,0,0,128,2,20,2,0,0,999852,100,4001
E2,seed,paired,SPLIT,float,libstdc++,0.6,0.10000002384185791,1,1000000,999967,33,33,0,999967,33,0,0,0,0,0,0,3.3e-05,2.2715787023770893e-05,4.6343960052917e-05,false,3.3e-05,2.2715787023770893e-05,4.6343960052917e-05,false,0.0,0.0,2.9957277863923437e-06,true,true,0,0.0,0.0,2.9957277863923437e-06,true,0,0,true,33,133,0,1.3752949586156228e-06,0,0,0,144,2,22,3,0,0,999834,100,4001
E2,seed,paired,SPLIT,float,libc++,0.6,0.10000002384185791,1,1000000,999973,27,27,0,999973,27,0,0,0,0,0,0,2.7e-05,1.7793243145237702e-05,3.928334117292644e-05,false,2.7e-05,1.7793243145237702e-05,3.928334117292644e-05,false,0.0,0.0,2.9957277863923437e-06,true,true,0,0.0,0.0,2.9957277863923437e-06,true,0,0,true,27,130,0,1.4840714290444473e-06,0,0,0,143,2,14,2,0,0,999843,100,4002
E2,seed,paired,SPLIT,float,libstdc++,0.6,0.10000002384185791,1,1000000,999963,37,37,0,999963,37,0,0,0,0,0,0,3.7e-05,2.605154415614196e-05,5.099926915260212e-05,false,3.7e-05,2.605154415614196e-05,5.099926915260212e-05,false,0.0,0.0,2.9957277863923437e-06,true,true,0,0.0,0.0,2.9957277863923437e-06,true,0,0,true,37,119,0,1.3957055939064562e-06,0,0,0,138,2,19,2,0,0,999843,100,4002
E2,seed,paired,SPLIT,float,libc++,0.6,0.10000002384185791,1,1000000,999961,39,39,0,999961,39,0,0,0,0,0,0,3.9e-05,2.7732954860357105e-05,5.331390228620969e-05,false,3.9e-05,2.7732954860357105e-05,5.331390228620969e-05,false,0.0,0.0,2.9957277863923437e-06,true,true,0,0.0,0.0,2.9957277863923437e-06,true,0,0,true,39,151,0,1.1305789516062215e-06,0,0,0,168,2,22,3,0,0,999810,100,4003
E2,seed,paired,SPLIT,float,libstdc++,0.6,0.10000002384185791,1,1000000,999972,28,28,0,999972,28,0,0,0,0,0,0,2.8e-05,1.8605874747065275e-05,4.046754367067208e-05,false,2.8e-05,1.8605874747065275e-05,4.046754367067208e-05,false,0.0,0.0,2.9957277863923437e-06,true,true,0,0.0,0.0,2.9957277863923437e-06,true,0,0,true,28,147,0,9.875751879209867e-07,0,0,0,151,2,24,3,0,0,999825,100,4003
E2,seed,paired,SPLIT,float,libc++,0.6,0.10000002384185791,1,1000000,999965,35,35,0,999965,35,0,0,0,0,0,0,3.5e-05,2.437889968074695e-05,4.867619450490053e-05,false,3.5e-05,2.437889968074695e-05,4.867619450490053e-05,false,0.0,0.0,2.9957277863923437e-06,true,true,0,0.0,0.0,2.9957277863923437e-06,true,0,0,true,35,134,0,2.022643965221521e-06,0,0,0,146,2,23,3,0,0,999831,100,4004
E2,seed,paired,SPLIT,float,libstdc++,0.6,0.10000002384185791,1,1000000,999968,32,32,0,999968,32,0,0,0,0,0,0,3.2e-05,2.1888076034296295e-05,4.517415450414004e-05,false,3.2e-05,2.1888076034296295e-05,4.517415450414004e-05,false,0.0,0.0,2.9957277863923437e-06,true,true,0,0.0,0.0,2.9957277863923437e-06,true,0,0,true,32,123,0,1.0118046593456158e-06,0,0,0,137,2,19,2,0,0,999844,100,4004
E2,seed,paired,SPLIT,float,libc++,0.6,0.10000002384185791,1,1000000,999963,37,37,0,999963,37,0,0,0,0,0,0,3.7e-05,2.605154415614196e-05,5.099926915260212e-05,false,3.7e-05,2.605154415614196e-05,5.099926915260212e-05,false,0.0,0.0,2.9957277863923437e-06,true,true,0,0.0,0.0,2.9957277863923437e-06,true,0,0,true,37,148,0,1.5918208249771606e-06,0,0,0,168,2,18,2,0,0,999814,100,4005
E2,seed,paired,SPLIT,float,libstdc++,0.6,0.10000002384185791,1,1000000,999963,37,37,0,999963,37,0,0,0,0,0,0,3.7e-05,2.605154415614196e-05,5.099926915260212e-05,false,3.7e-05,2.605154415614196e-05,5.099926915260212e-05,false,0.0,0.0,2.9957277863923437e-06,true,true,0,0.0,0.0,2.9957277863923437e-06,true,0,0,true,37,145,0,1.1597766454807824e-06,0,0,0,158,2,25,3,0,0,999817,100,4005
E2,seed,paired,LOG,float,libc++,0.75,0.25,1,1000000,1000000,0,0,0,1000000,0,0,0,0,0,0,0,0.0,0.0,2.9957277863923437e-06,true,0.0,0.0,2.9957277863923437e-06,true,0.0,0.0,2.9957277863923437e-06,true,true,0,0.0,0.0,2.9957277863923437e-06,true,0,0,true,0,0,0,9.247281416643227e-08,0,0,0,0,0,0,0,0,0,1000000,100,4001
E2,seed,paired,LOG,float,libstdc++,0.75,0.25,1,1000000,1000000,0,0,0,1000000,0,0,0,0,0,0,0,0.0,0.0,2.9957277863923437e-06,true,0.0,0.0,2.9957277863923437e-06,true,0.0,0.0,2.9957277863923437e-06,true,true,0,0.0,0.0,2.9957277863923437e-06,true,0,0,true,0,0,0,9.262434711718802e-08,0,0,0,0,0,0,0,0,0,1000000,100,4001
E2,seed,paired,LOG,float,libc++,0.75,0.25,1,1000000,1000000,0,0,0,1000000,0,0,0,0,0,0,0,0.0,0.0,2.9957277863923437e-06,true,0.0,0.0,2.9957277863923437e-06,true,0.0,0.0,2.9957277863923437e-06,true,true,0,0.0,0.0,2.9957277863923437e-06,true,0,0,true,0,0,0,9.25703971704506e-08,0,0,0,0,0,0,0,0,0,1000000,100,4002
E2,seed,paired,LOG,float,libstdc++,0.75,0.25,1,1000000,1000000,0,0,0,1000000,0,0,0,0,0,0,0,0.0,0.0,2.9957277863923437e-06,true,0.0,0.0,2.9957277863923437e-06,true,0.0,0.0,2.9957277863923437e-06,true,true,0,0.0,0.0,2.9957277863923437e-06,true,0,0,true,0,0,0,9.260373587603761e-08,0,0,0,0,0,0,0,0,0,1000000,100,4002
E2,seed,paired,LOG,float,libc++,0.75,0.25,1,1000000,1000000,0,0,0,1000000,0,0,0,0,0,0,0,0.0,0.0,2.9957277863923437e-06,true,0.0,0.0,2.9957277863923437e-06,true,0.0,0.0,2.9957277863923437e-06,true,true,0,0.0,0.0,2.9957277863923437e-06,true,0,0,true,0,0,0,9.253208447228795e-08,0,0,0,0,0,0,0,0,0,1000000,100,4003
E2,seed,paired,LOG,float,libstdc++,0.75,0.25,1,1000000,1000000,0,0,0,1000000,0,0,0,0,0,0,0,0.0,0.0,2.9957277863923437e-06,true,0.0,0.0,2.9957277863923437e-06,true,0.0,0.0,2.9957277863923437e-06,true,true,0,0.0,0.0,2.9957277863923437e-06,true,0,0,true,0,0,0,9.25589263988119e-08,0,0,0,0,0,0,0,0,0,1000000,100,4003
E2,seed,paired,LOG,float,libc++,0.75,0.25,1,1000000,1000000,0,0,0,1000000,0,0,0,0,0,0,0,0.0,0.0,2.9957277863923437e-06,true,0.0,0.0,2.9957277863923437e-06,true,0.0,0.0,2.9957277863923437e-06,true,true,0,0.0,0.0,2.9957277863923437e-06,true,0,0,true,0,0,0,9.264623129745899e-08,0,0,0,0,0,0,0,0,0,1000000,100,4004
E2,seed,paired,LOG,float,libstdc++,0.75,0.25,1,1000000,1000000,0,0,0,1000000,0,0,0,0,0,0,0,0.0,0.0,2.9957277863923437e-06,true,0.0,0.0,2.9957277863923437e-06,true,0.0,0.0,2.9957277863923437e-06,true,true,0,0.0,0.0,2.9957277863923437e-06,true,0,0,true,0,0,0,9.262206441929036e-08,0,0,0,0,0,0,0,0,0,1000000,100,4004
E2,seed,paired,LOG,float,libc++,0.75,0.25,1,1000000,1000000,0,0,0,1000000,0,0,0,0,0,0,0,0.0,0.0,2.9957277863923437e-06,true,0.0,0.0,2.9957277863923437e-06,true,0.0,0.0,2.9957277863923437e-06,true,true,0,0.0,0.0,2.9957277863923437e-06,true,0,0,true,0,0,0,9.255992361528234e-08,0,0,0,0,0,0,0,0,0,1000000,100,4005
E2,seed,paired,LOG,float,libstdc++,0.75,0.25,1,1000000,1000000,0,0,0,1000000,0,0,0,0,0,0,0,0.0,0.0,2.9957277863923437e-06,true,0.0,0.0,2.9957277863923437e-06,true,0.0,0.0,2.9957277863923437e-06,true,true,0,0.0,0.0,2.9957277863923437e-06,true,0,0,true,0,0,0,9.263123072992073e-08,0,0,0,0,0,0,0,0,0,1000000,100,4005
E2,seed,paired,QF,float,libc++,0.75,0.25,1,1000000,1000000,0,0,0,1000000,0,0,0,0,0,0,0,0.0,0.0,2.9957277863923437e-06,true,0.0,0.0,2.9957277863923437e-06,true,0.0,0.0,2.9957277863923437e-06,true,true,0,0.0,0.0,2.9957277863923437e-06,true,0,0,true,0,0,0,9.247281416643227e-08,0,0,0,0,0,0,0,0,0,1000000,100,4001
E2,seed,paired,QF,float,libstdc++,0.75,0.25,1,1000000,1000000,0,0,0,1000000,0,0,0,0,0,0,0,0.0,0.0,2.9957277863923437e-06,true,0.0,0.0,2.9957277863923437e-06,true,0.0,0.0,2.9957277863923437e-06,true,true,0,0.0,0.0,2.9957277863923437e-06,true,0,0,true,0,0,0,9.262434711718802e-08,0,0,0,0,0,0,0,0,0,1000000,100,4001
E2,seed,paired,QF,float,libc++,0.75,0.25,1,1000000,1000000,0,0,0,1000000,0,0,0,0,0,0,0,0.0,0.0,2.9957277863923437e-06,true,0.0,0.0,2.9957277863923437e-06,true,0.0,0.0,2.9957277863923437e-06,true,true,0,0.0,0.0,2.9957277863923437e-06,true,0,0,true,0,0,0,9.25703971704506e-08,0,0,0,0,0,0,0,0,0,1000000,100,4002
E2,seed,paired,QF,float,libstdc++,0.75,0.25,1,1000000,1000000,0,0,0,1000000,0,0,0,0,0,0,0,0.0,0.0,2.9957277863923437e-06,true,0.0,0.0,2.9957277863923437e-06,true,0.0,0.0,2.9957277863923437e-06,true,true,0,0.0,0.0,2.9957277863923437e-06,true,0,0,true,0,0,0,9.260373587603761e-08,0,0,0,0,0,0,0,0,0,1000000,100,4002
E2,seed,paired,QF,float,libc++,0.75,0.25,1,1000000,1000000,0,0,0,1000000,0,0,0,0,0,0,0,0.0,0.0,2.9957277863923437e-06,true,0.0,0.0,2.9957277863923437e-06,true,0.0,0.0,2.9957277863923437e-06,true,true,0,0.0,0.0,2.9957277863923437e-06,true,0,0,true,0,0,0,9.253208447228795e-08,0,0,0,0,0,0,0,0,0,1000000,100,4003
E2,seed,paired,QF,float,libstdc++,0.75,0.25,1,1000000,1000000,0,0,0,1000000,0,0,0,0,0,0,0,0.0,0.0,2.9957277863923437e-06,true,0.0,0.0,2.9957277863923437e-06,true,0.0,0.0,2.9957277863923437e-06,true,true,0,0.0,0.0,2.9957277863923437e-06,true,0,0,true,0,0,0,9.25589263988119e-08,0,0,0,0,0,0,0,0,0,1000000,100,4003
E2,seed,paired,QF,float,libc++,0.75,0.25,1,1000000,1000000,0,0,0,1000000,0,0,0,0,0,0,0,0.0,0.0,2.9957277863923437e-06,true,0.0,0.0,2.9957277863923437e-06,true,0.0,0.0,2.9957277863923437e-06,true,true,0,0.0,0.0,2.9957277863923437e-06,true,0,0,true,0,0,0,9.264623129745899e-08,0,0,0,0,0,0,0,0,0,1000000,100,4004
E2,seed,paired,QF,float,libstdc++,0.75,0.25,1,1000000,1000000,0,0,0,1000000,0,0,0,0,0,0,0,0.0,0.0,2.9957277863923437e-06,true,0.0,0.0,2.9957277863923437e-06,true,0.0,0.0,2.9957277863923437e-06,true,true,0,0.0,0.0,2.9957277863923437e-06,true,0,0,true,0,0,0,9.262206441929036e-08,0,0,0,0,0,0,0,0,0,1000000,100,4004
E2,seed,paired,QF,float,libc++,0.75,0.25,1,1000000,1000000,0,0,0,1000000,0,0,0,0,0,0,0,0.0,0.0,2.9957277863923437e-06,true,0.0,0.0,2.9957277863923437e-06,true,0.0,0.0,2.9957277863923437e-06,true,true,0,0.0,0.0,2.9957277863923437e-06,true,0,0,true,0,0,0,9.255992361528234e-08,0,0,0,0,0,0,0,0,0,1000000,100,4005
E2,seed,paired,QF,float,libstdc++,0.75,0.25,1,1000000,1000000,0,0,0,1000000,0,0,0,0,0,0,0,0.0,0.0,2.9957277863923437e-06,true,0.0,0.0,2.9957277863923437e-06,true,0.0,0.0,2.9957277863923437e-06,true,true,0,0.0,0.0,2.9957277863923437e-06,true,0,0,true,0,0,0,9.263123072992073e-08,0,0,0,0,0,0,0,0,0,1000000,100,4005
E2,seed,paired,SPLIT,float,libc++,0.75,0.25,1,1000000,1000000,0,0,0,1000000,0,0,0,0,0,0,0,0.0,0.0,2.9957277863923437e-06,true,0.0,0.0,2.9957277863923437e-06,true,0.0,0.0,2.9957277863923437e-06,true,true,0,0.0,0.0,2.9957277863923437e-06,true,0,0,true,0,0,0,9.247281416643227e-08,0,0,0,0,0,0,0,0,0,1000000,100,4001
E2,seed,paired,SPLIT,float,libstdc++,0.75,0.25,1,1000000,1000000,0,0,0,1000000,0,0,0,0,0,0,0,0.0,0.0,2.9957277863923437e-06,true,0.0,0.0,2.9957277863923437e-06,true,0.0,0.0,2.9957277863923437e-06,true,true,0,0.0,0.0,2.9957277863923437e-06,true,0,0,true,0,0,0,9.262434711718802e-08,0,0,0,0,0,0,0,0,0,1000000,100,4001
E2,seed,paired,SPLIT,float,libc++,0.75,0.25,1,1000000,1000000,0,0,0,1000000,0,0,0,0,0,0,0,0.0,0.0,2.9957277863923437e-06,true,0.0,0.0,2.9957277863923437e-06,true,0.0,0.0,2.9957277863923437e-06,true,true,0,0.0,0.0,2.9957277863923437e-06,true,0,0,true,0,0,0,9.25703971704506e-08,0,0,0,0,0,0,0,0,0,1000000,100,4002
E2,seed,paired,SPLIT,float,libstdc++,0.75,0.25,1,1000000,1000000,0,0,0,1000000,0,0,0,0,0,0,0,0.0,0.0,2.9957277863923437e-06,true,0.0,0.0,2.9957277863923437e-06,true,0.0,0.0,2.9957277863923437e-06,true,true,0,0.0,0.0,2.9957277863923437e-06,true,0,0,true,0,0,0,9.260373587603761e-08,0,0,0,0,0,0,0,0,0,1000000,100,4002
E2,seed,paired,SPLIT,float,libc++,0.75,0.25,1,1000000,1000000,0,0,0,1000000,0,0,0,0,0,0,0,0.0,0.0,2.9957277863923437e-06,true,0.0,0.0,2.9957277863923437e-06,true,0.0,0.0,2.9957277863923437e-06,true,true,0,0.0,0.0,2.9957277863923437e-06,true,0,0,true,0,0,0,9.253208447228795e-08,0,0,0,0,0,0,0,0,0,1000000,100,4003
E2,seed,paired,SPLIT,float,libstdc++,0.75,0.25,1,1000000,1000000,0,0,0,1000000,0,0,0,0,0,0,0,0.0,0.0,2.9957277863923437e-06,true,0.0,0.0,2.9957277863923437e-06,true,0.0,0.0,2.9957277863923437e-06,true,true,0,0.0,0.0,2.9957277863923437e-06,true,0,0,true,0,0,0,9.25589263988119e-08,0,0,0,0,0,0,0,0,0,1000000,100,4003
E2,seed,paired,SPLIT,float,libc++,0.75,0.25,1,1000000,1000000,0,0,0,1000000,0,0,0,0,0,0,0,0.0,0.0,2.9957277863923437e-06,true,0.0,0.0,2.9957277863923437e-06,true,0.0,0.0,2.9957277863923437e-06,true,true,0,0.0,0.0,2.9957277863923437e-06,true,0,0,true,0,0,0,9.264623129745899e-08,0,0,0,0,0,0,0,0,0,1000000,100,4004
E2,seed,paired,SPLIT,float,libstdc++,0.75,0.25,1,1000000,1000000,0,0,0,1000000,0,0,0,0,0,0,0,0.0,0.0,2.9957277863923437e-06,true,0.0,0.0,2.9957277863923437e-06,true,0.0,0.0,2.9957277863923437e-06,true,true,0,0.0,0.0,2.9957277863923437e-06,true,0,0,true,0,0,0,9.262206441929036e-08,0,0,0,0,0,0,0,0,0,1000000,100,4004
E2,seed,paired,SPLIT,float,libc++,0.75,0.25,1,1000000,1000000,0,0,0,1000000,0,0,0,0,0,0,0,0.0,0.0,2.9957277863923437e-06,true,0.0,0.0,2.9957277863923437e-06,true,0.0,0.0,2.9957277863923437e-06,true,true,0,0.0,0.0,2.9957277863923437e-06,true,0,0,true,0,0,0,9.255992361528234e-08,0,0,0,0,0,0,0,0,0,1000000,100,4005
E2,seed,paired,SPLIT,float,libstdc++,0.75,0.25,1,1000000,1000000,0,0,0,1000000,0,0,0,0,0,0,0,0.0,0.0,2.9957277863923437e-06,true,0.0,0.0,2.9957277863923437e-06,true,0.0,0.0,2.9957277863923437e-06,true,true,0,0.0,0.0,2.9957277863923437e-06,true,0,0,true,0,0,0,9.263123072992073e-08,0,0,0,0,0,0,0,0,0,1000000,100,4005
E2,seed,paired,LOG,float,libc++,1,0.5,1,1000000,1000000,0,0,0,1000000,0,0,0,0,0,0,0,0.0,0.0,2.9957277863923437e-06,true,0.0,0.0,2.9957277863923437e-06,true,0.0,0.0,2.9957277863923437e-06,true,true,0,0.0,0.0,2.9957277863923437e-06,true,0,0,true,0,0,0,6.113672531099861e-08,0,0,0,0,0,0,0,0,0,1000000,100,4001
E2,seed,paired,LOG,float,libstdc++,1,0.5,1,1000000,1000000,0,0,0,1000000,0,0,0,0,0,0,0,0.0,0.0,2.9957277863923437e-06,true,0.0,0.0,2.9957277863923437e-06,true,0.0,0.0,2.9957277863923437e-06,true,true,0,0.0,0.0,2.9957277863923437e-06,true,0,0,true,0,0,0,6.10603182039338e-08,0,0,0,0,0,0,0,0,0,1000000,100,4001
E2,seed,paired,LOG,float,libc++,1,0.5,1,1000000,1000000,0,0,0,1000000,0,0,0,0,0,0,0,0.0,0.0,2.9957277863923437e-06,true,0.0,0.0,2.9957277863923437e-06,true,0.0,0.0,2.9957277863923437e-06,true,true,0,0.0,0.0,2.9957277863923437e-06,true,0,0,true,0,0,0,6.106529736055481e-08,0,0,0,0,0,0,0,0,0,1000000,100,4002
E2,seed,paired,LOG,float,libstdc++,1,0.5,1,1000000,1000000,0,0,0,1000000,0,0,0,0,0,0,0,0.0,0.0,2.9957277863923437e-06,true,0.0,0.0,2.9957277863923437e-06,true,0.0,0.0,2.9957277863923437e-06,true,true,0,0.0,0.0,2.9957277863923437e-06,true,0,0,true,0,0,0,6.108791998008686e-08,0,0,0,0,0,0,0,0,0,1000000,100,4002
E2,seed,paired,LOG,float,libc++,1,0.5,1,1000000,1000000,0,0,0,1000000,0,0,0,0,0,0,0,0.0,0.0,2.9957277863923437e-06,true,0.0,0.0,2.9957277863923437e-06,true,0.0,0.0,2.9957277863923437e-06,true,true,0,0.0,0.0,2.9957277863923437e-06,true,0,0,true,0,0,0,6.10660220768527e-08,0,0,0,0,0,0,0,0,0,1000000,100,4003
E2,seed,paired,LOG,float,libstdc++,1,0.5,1,1000000,1000000,0,0,0,1000000,0,0,0,0,0,0,0,0.0,0.0,2.9957277863923437e-06,true,0.0,0.0,2.9957277863923437e-06,true,0.0,0.0,2.9957277863923437e-06,true,true,0,0.0,0.0,2.9957277863923437e-06,true,0,0,true,0,0,0,6.108939608544484e-08,0,0,0,0,0,0,0,0,0,1000000,100,4003
E2,seed,paired,LOG,float,libc++,1,0.5,1,1000000,1000000,0,0,0,1000000,0,0,0,0,0,0,0,0.0,0.0,2.9957277863923437e-06,true,0.0,0.0,2.9957277863923437e-06,true,0.0,0.0,2.9957277863923437e-06,true,true,0,0.0,0.0,2.9957277863923437e-06,true,0,0,true,0,0,0,6.118514254684865e-08,0,0,0,0,0,0,0,0,0,1000000,100,4004
E2,seed,paired,LOG,float,libstdc++,1,0.5,1,1000000,1000000,0,0,0,1000000,0,0,0,0,0,0,0,0.0,0.0,2.9957277863923437e-06,true,0.0,0.0,2.9957277863923437e-06,true,0.0,0.0,2.9957277863923437e-06,true,true,0,0.0,0.0,2.9957277863923437e-06,true,0,0,true,0,0,0,6.10766668456871e-08,0,0,0,0,0,0,0,0,0,1000000,100,4004
E2,seed,paired,LOG,float,libc++,1,0.5,1,1000000,1000000,0,0,0,1000000,0,0,0,0,0,0,0,0.0,0.0,2.9957277863923437e-06,true,0.0,0.0,2.9957277863923437e-06,true,0.0,0.0,2.9957277863923437e-06,true,true,0,0.0,0.0,2.9957277863923437e-06,true,0,0,true,0,0,0,6.110308963596383e-08,0,0,0,0,0,0,0,0,0,1000000,100,4005
E2,seed,paired,LOG,float,libstdc++,1,0.5,1,1000000,1000000,0,0,0,1000000,0,0,0,0,0,0,0,0.0,0.0,2.9957277863923437e-06,true,0.0,0.0,2.9957277863923437e-06,true,0.0,0.0,2.9957277863923437e-06,true,true,0,0.0,0.0,2.9957277863923437e-06,true,0,0,true,0,0,0,6.103179987087856e-08,0,0,0,0,0,0,0,0,0,1000000,100,4005
E2,seed,paired,QF,float,libc++,1,0.5,1,1000000,1000000,0,0,0,1000000,0,0,0,0,0,0,0,0.0,0.0,2.9957277863923437e-06,true,0.0,0.0,2.9957277863923437e-06,true,0.0,0.0,2.9957277863923437e-06,true,true,0,0.0,0.0,2.9957277863923437e-06,true,0,0,true,0,0,0,6.113672531099861e-08,0,0,0,0,0,0,0,0,0,1000000,100,4001
E2,seed,paired,QF,float,libstdc++,1,0.5,1,1000000,1000000,0,0,0,1000000,0,0,0,0,0,0,0,0.0,0.0,2.9957277863923437e-06,true,0.0,0.0,2.9957277863923437e-06,true,0.0,0.0,2.9957277863923437e-06,true,true,0,0.0,0.0,2.9957277863923437e-06,true,0,0,true,0,0,0,6.10603182039338e-08,0,0,0,0,0,0,0,0,0,1000000,100,4001
E2,seed,paired,QF,float,libc++,1,0.5,1,1000000,1000000,0,0,0,1000000,0,0,0,0,0,0,0,0.0,0.0,2.9957277863923437e-06,true,0.0,0.0,2.9957277863923437e-06,true,0.0,0.0,2.9957277863923437e-06,true,true,0,0.0,0.0,2.9957277863923437e-06,true,0,0,true,0,0,0,6.106529736055481e-08,0,0,0,0,0,0,0,0,0,1000000,100,4002
E2,seed,paired,QF,float,libstdc++,1,0.5,1,1000000,1000000,0,0,0,1000000,0,0,0,0,0,0,0,0.0,0.0,2.9957277863923437e-06,true,0.0,0.0,2.9957277863923437e-06,true,0.0,0.0,2.9957277863923437e-06,true,true,0,0.0,0.0,2.9957277863923437e-06,true,0,0,true,0,0,0,6.108791998008686e-08,0,0,0,0,0,0,0,0,0,1000000,100,4002
E2,seed,paired,QF,float,libc++,1,0.5,1,1000000,1000000,0,0,0,1000000,0,0,0,0,0,0,0,0.0,0.0,2.9957277863923437e-06,true,0.0,0.0,2.9957277863923437e-06,true,0.0,0.0,2.9957277863923437e-06,true,true,0,0.0,0.0,2.9957277863923437e-06,true,0,0,true,0,0,0,6.10660220768527e-08,0,0,0,0,0,0,0,0,0,1000000,100,4003
E2,seed,paired,QF,float,libstdc++,1,0.5,1,1000000,1000000,0,0,0,1000000,0,0,0,0,0,0,0,0.0,0.0,2.9957277863923437e-06,true,0.0,0.0,2.9957277863923437e-06,true,0.0,0.0,2.9957277863923437e-06,true,true,0,0.0,0.0,2.9957277863923437e-06,true,0,0,true,0,0,0,6.108939608544484e-08,0,0,0,0,0,0,0,0,0,1000000,100,4003
E2,seed,paired,QF,float,libc++,1,0.5,1,1000000,1000000,0,0,0,1000000,0,0,0,0,0,0,0,0.0,0.0,2.9957277863923437e-06,true,0.0,0.0,2.9957277863923437e-06,true,0.0,0.0,2.9957277863923437e-06,true,true,0,0.0,0.0,2.9957277863923437e-06,true,0,0,true,0,0,0,6.118514254684865e-08,0,0,0,0,0,0,0,0,0,1000000,100,4004
E2,seed,paired,QF,float,libstdc++,1,0.5,1,1000000,1000000,0,0,0,1000000,0,0,0,0,0,0,0,0.0,0.0,2.9957277863923437e-06,true,0.0,0.0,2.9957277863923437e-06,true,0.0,0.0,2.9957277863923437e-06,true,true,0,0.0,0.0,2.9957277863923437e-06,true,0,0,true,0,0,0,6.10766668456871e-08,0,0,0,0,0,0,0,0,0,1000000,100,4004
E2,seed,paired,QF,float,libc++,1,0.5,1,1000000,1000000,0,0,0,1000000,0,0,0,0,0,0,0,0.0,0.0,2.9957277863923437e-06,true,0.0,0.0,2.9957277863923437e-06,true,0.0,0.0,2.9957277863923437e-06,true,true,0,0.0,0.0,2.9957277863923437e-06,true,0,0,true,0,0,0,6.110308963596383e-08,0,0,0,0,0,0,0,0,0,1000000,100,4005
E2,seed,paired,QF,float,libstdc++,1,0.5,1,1000000,1000000,0,0,0,1000000,0,0,0,0,0,0,0,0.0,0.0,2.9957277863923437e-06,true,0.0,0.0,2.9957277863923437e-06,true,0.0,0.0,2.9957277863923437e-06,true,true,0,0.0,0.0,2.9957277863923437e-06,true,0,0,true,0,0,0,6.103179987087856e-08,0,0,0,0,0,0,0,0,0,1000000,100,4005
E2,seed,paired,SPLIT,float,libc++,1,0.5,1,1000000,1000000,0,0,0,1000000,0,0,0,0,0,0,0,0.0,0.0,2.9957277863923437e-06,true,0.0,0.0,2.9957277863923437e-06,true,0.0,0.0,2.9957277863923437e-06,true,true,0,0.0,0.0,2.9957277863923437e-06,true,0,0,true,0,0,0,6.113672531099861e-08,0,0,0,0,0,0,0,0,0,1000000,100,4001
E2,seed,paired,SPLIT,float,libstdc++,1,0.5,1,1000000,1000000,0,0,0,1000000,0,0,0,0,0,0,0,0.0,0.0,2.9957277863923437e-06,true,0.0,0.0,2.9957277863923437e-06,true,0.0,0.0,2.9957277863923437e-06,true,true,0,0.0,0.0,2.9957277863923437e-06,true,0,0,true,0,0,0,6.10603182039338e-08,0,0,0,0,0,0,0,0,0,1000000,100,4001
E2,seed,paired,SPLIT,float,libc++,1,0.5,1,1000000,1000000,0,0,0,1000000,0,0,0,0,0,0,0,0.0,0.0,2.9957277863923437e-06,true,0.0,0.0,2.9957277863923437e-06,true,0.0,0.0,2.9957277863923437e-06,true,true,0,0.0,0.0,2.9957277863923437e-06,true,0,0,true,0,0,0,6.106529736055481e-08,0,0,0,0,0,0,0,0,0,1000000,100,4002
E2,seed,paired,SPLIT,float,libstdc++,1,0.5,1,1000000,1000000,0,0,0,1000000,0,0,0,0,0,0,0,0.0,0.0,2.9957277863923437e-06,true,0.0,0.0,2.9957277863923437e-06,true,0.0,0.0,2.9957277863923437e-06,true,true,0,0.0,0.0,2.9957277863923437e-06,true,0,0,true,0,0,0,6.108791998008686e-08,0,0,0,0,0,0,0,0,0,1000000,100,4002
E2,seed,paired,SPLIT,float,libc++,1,0.5,1,1000000,1000000,0,0,0,1000000,0,0,0,0,0,0,0,0.0,0.0,2.9957277863923437e-06,true,0.0,0.0,2.9957277863923437e-06,true,0.0,0.0,2.9957277863923437e-06,true,true,0,0.0,0.0,2.9957277863923437e-06,true,0,0,true,0,0,0,6.10660220768527e-08,0,0,0,0,0,0,0,0,0,1000000,100,4003
E2,seed,paired,SPLIT,float,libstdc++,1,0.5,1,1000000,1000000,0,0,0,1000000,0,0,0,0,0,0,0,0.0,0.0,2.9957277863923437e-06,true,0.0,0.0,2.9957277863923437e-06,true,0.0,0.0,2.9957277863923437e-06,true,true,0,0.0,0.0,2.9957277863923437e-06,true,0,0,true,0,0,0,6.108939608544484e-08,0,0,0,0,0,0,0,0,0,1000000,100,4003
E2,seed,paired,SPLIT,float,libc++,1,0.5,1,1000000,1000000,0,0,0,1000000,0,0,0,0,0,0,0,0.0,0.0,2.9957277863923437e-06,true,0.0,0.0,2.9957277863923437e-06,true,0.0,0.0,2.9957277863923437e-06,true,true,0,0.0,0.0,2.9957277863923437e-06,true,0,0,true,0,0,0,6.118514254684865e-08,0,0,0,0,0,0,0,0,0,1000000,100,4004
E2,seed,paired,SPLIT,float,libstdc++,1,0.5,1,1000000,1000000,0,0,0,1000000,0,0,0,0,0,0,0,0.0,0.0,2.9957277863923437e-06,true,0.0,0.0,2.9957277863923437e-06,true,0.0,0.0,2.9957277863923437e-06,true,true,0,0.0,0.0,2.9957277863923437e-06,true,0,0,true,0,0,0,6.10766668456871e-08,0,0,0,0,0,0,0,0,0,1000000,100,4004
E2,seed,paired,SPLIT,float,libc++,1,0.5,1,1000000,1000000,0,0,0,1000000,0,0,0,0,0,0,0,0.0,0.0,2.9957277863923437e-06,true,0.0,0.0,2.9957277863923437e-06,true,0.0,0.0,2.9957277863923437e-06,true,true,0,0.0,0.0,2.9957277863923437e-06,true,0,0,true,0,0,0,6.110308963596383e-08,0,0,0,0,0,0,0,0,0,1000000,100,4005
E2,seed,paired,SPLIT,float,libstdc++,1,0.5,1,1000000,1000000,0,0,0,1000000,0,0,0,0,0,0,0,0.0,0.0,2.9957277863923437e-06,true,0.0,0.0,2.9957277863923437e-06,true,0.0,0.0,2.9957277863923437e-06,true,true,0,0.0,0.0,2.9957277863923437e-06,true,0,0,true,0,0,0,6.103179987087856e-08,0,0,0,0,0,0,0,0,0,1000000,100,4005
E2,seed,paired,LOG,float,libc++,1.5,1.0,1,1000000,1000000,0,0,0,1000000,0,0,0,0,0,0,0,0.0,0.0,2.9957277863923437e-06,true,0.0,0.0,2.9957277863923437e-06,true,0.0,0.0,2.9957277863923437e-06,true,true,0,0.0,0.0,2.9957277863923437e-06,true,0,0,true,0,0,0,4.6608554301054e-08,0,0,0,0,0,0,0,0,0,1000000,100,4001
E2,seed,paired,LOG,float,libstdc++,1.5,1.0,1,1000000,1000000,0,0,0,1000000,0,0,0,0,0,0,0,0.0,0.0,2.9957277863923437e-06,true,0.0,0.0,2.9957277863923437e-06,true,0.0,0.0,2.9957277863923437e-06,true,true,0,0.0,0.0,2.9957277863923437e-06,true,0,0,true,0,0,0,4.6587589611724215e-08,0,0,0,0,0,0,0,0,0,1000000,100,4001
E2,seed,paired,LOG,float,libc++,1.5,1.0,1,1000000,1000000,0,0,0,1000000,0,0,0,0,0,0,0,0.0,0.0,2.9957277863923437e-06,true,0.0,0.0,2.9957277863923437e-06,true,0.0,0.0,2.9957277863923437e-06,true,true,0,0.0,0.0,2.9957277863923437e-06,true,0,0,true,0,0,0,4.662647914090755e-08,0,0,0,0,0,0,0,0,0,1000000,100,4002
E2,seed,paired,LOG,float,libstdc++,1.5,1.0,1,1000000,1000000,0,0,0,1000000,0,0,0,0,0,0,0,0.0,0.0,2.9957277863923437e-06,true,0.0,0.0,2.9957277863923437e-06,true,0.0,0.0,2.9957277863923437e-06,true,true,0,0.0,0.0,2.9957277863923437e-06,true,0,0,true,0,0,0,4.6671795208034634e-08,0,0,0,0,0,0,0,0,0,1000000,100,4002
E2,seed,paired,LOG,float,libc++,1.5,1.0,1,1000000,1000000,0,0,0,1000000,0,0,0,0,0,0,0,0.0,0.0,2.9957277863923437e-06,true,0.0,0.0,2.9957277863923437e-06,true,0.0,0.0,2.9957277863923437e-06,true,true,0,0.0,0.0,2.9957277863923437e-06,true,0,0,true,0,0,0,4.670880286318819e-08,0,0,0,0,0,0,0,0,0,1000000,100,4003
E2,seed,paired,LOG,float,libstdc++,1.5,1.0,1,1000000,1000000,0,0,0,1000000,0,0,0,0,0,0,0,0.0,0.0,2.9957277863923437e-06,true,0.0,0.0,2.9957277863923437e-06,true,0.0,0.0,2.9957277863923437e-06,true,true,0,0.0,0.0,2.9957277863923437e-06,true,0,0,true,0,0,0,4.6603305781294844e-08,0,0,0,0,0,0,0,0,0,1000000,100,4003
E2,seed,paired,LOG,float,libc++,1.5,1.0,1,1000000,1000000,0,0,0,1000000,0,0,0,0,0,0,0,0.0,0.0,2.9957277863923437e-06,true,0.0,0.0,2.9957277863923437e-06,true,0.0,0.0,2.9957277863923437e-06,true,true,0,0.0,0.0,2.9957277863923437e-06,true,0,0,true,0,0,0,4.657059011484205e-08,0,0,0,0,0,0,0,0,0,1000000,100,4004
E2,seed,paired,LOG,float,libstdc++,1.5,1.0,1,1000000,1000000,0,0,0,1000000,0,0,0,0,0,0,0,0.0,0.0,2.9957277863923437e-06,true,0.0,0.0,2.9957277863923437e-06,true,0.0,0.0,2.9957277863923437e-06,true,true,0,0.0,0.0,2.9957277863923437e-06,true,0,0,true,0,0,0,4.6602137786160484e-08,0,0,0,0,0,0,0,0,0,1000000,100,4004
E2,seed,paired,LOG,float,libc++,1.5,1.0,1,1000000,1000000,0,0,0,1000000,0,0,0,0,0,0,0,0.0,0.0,2.9957277863923437e-06,true,0.0,0.0,2.9957277863923437e-06,true,0.0,0.0,2.9957277863923437e-06,true,true,0,0.0,0.0,2.9957277863923437e-06,true,0,0,true,0,0,0,4.664620669296155e-08,0,0,0,0,0,0,0,0,0,1000000,100,4005
E2,seed,paired,LOG,float,libstdc++,1.5,1.0,1,1000000,1000000,0,0,0,1000000,0,0,0,0,0,0,0,0.0,0.0,2.9957277863923437e-06,true,0.0,0.0,2.9957277863923437e-06,true,0.0,0.0,2.9957277863923437e-06,true,true,0,0.0,0.0,2.9957277863923437e-06,true,0,0,true,0,0,0,4.6621540224574253e-08,0,0,0,0,0,0,0,0,0,1000000,100,4005
E2,seed,paired,QF,float,libc++,1.5,1.0,1,1000000,1000000,0,0,0,1000000,0,0,0,0,0,0,0,0.0,0.0,2.9957277863923437e-06,true,0.0,0.0,2.9957277863923437e-06,true,0.0,0.0,2.9957277863923437e-06,true,true,0,0.0,0.0,2.9957277863923437e-06,true,0,0,true,0,0,0,4.6608554301054e-08,0,0,0,0,0,0,0,0,0,1000000,100,4001
E2,seed,paired,QF,float,libstdc++,1.5,1.0,1,1000000,1000000,0,0,0,1000000,0,0,0,0,0,0,0,0.0,0.0,2.9957277863923437e-06,true,0.0,0.0,2.9957277863923437e-06,true,0.0,0.0,2.9957277863923437e-06,true,true,0,0.0,0.0,2.9957277863923437e-06,true,0,0,true,0,0,0,4.6587589611724215e-08,0,0,0,0,0,0,0,0,0,1000000,100,4001
E2,seed,paired,QF,float,libc++,1.5,1.0,1,1000000,1000000,0,0,0,1000000,0,0,0,0,0,0,0,0.0,0.0,2.9957277863923437e-06,true,0.0,0.0,2.9957277863923437e-06,true,0.0,0.0,2.9957277863923437e-06,true,true,0,0.0,0.0,2.9957277863923437e-06,true,0,0,true,0,0,0,4.662647914090755e-08,0,0,0,0,0,0,0,0,0,1000000,100,4002
E2,seed,paired,QF,float,libstdc++,1.5,1.0,1,1000000,1000000,0,0,0,1000000,0,0,0,0,0,0,0,0.0,0.0,2.9957277863923437e-06,true,0.0,0.0,2.9957277863923437e-06,true,0.0,0.0,2.9957277863923437e-06,true,true,0,0.0,0.0,2.9957277863923437e-06,true,0,0,true,0,0,0,4.6671795208034634e-08,0,0,0,0,0,0,0,0,0,1000000,100,4002
E2,seed,paired,QF,float,libc++,1.5,1.0,1,1000000,1000000,0,0,0,1000000,0,0,0,0,0,0,0,0.0,0.0,2.9957277863923437e-06,true,0.0,0.0,2.9957277863923437e-06,true,0.0,0.0,2.9957277863923437e-06,true,true,0,0.0,0.0,2.9957277863923437e-06,true,0,0,true,0,0,0,4.670880286318819e-08,0,0,0,0,0,0,0,0,0,1000000,100,4003
E2,seed,paired,QF,float,libstdc++,1.5,1.0,1,1000000,1000000,0,0,0,1000000,0,0,0,0,0,0,0,0.0,0.0,2.9957277863923437e-06,true,0.0,0.0,2.9957277863923437e-06,true,0.0,0.0,2.9957277863923437e-06,true,true,0,0.0,0.0,2.9957277863923437e-06,true,0,0,true,0,0,0,4.6603305781294844e-08,0,0,0,0,0,0,0,0,0,1000000,100,4003
E2,seed,paired,QF,float,libc++,1.5,1.0,1,1000000,1000000,0,0,0,1000000,0,0,0,0,0,0,0,0.0,0.0,2.9957277863923437e-06,true,0.0,0.0,2.9957277863923437e-06,true,0.0,0.0,2.9957277863923437e-06,true,true,0,0.0,0.0,2.9957277863923437e-06,true,0,0,true,0,0,0,4.657059011484205e-08,0,0,0,0,0,0,0,0,0,1000000,100,4004
E2,seed,paired,QF,float,libstdc++,1.5,1.0,1,1000000,1000000,0,0,0,1000000,0,0,0,0,0,0,0,0.0,0.0,2.9957277863923437e-06,true,0.0,0.0,2.9957277863923437e-06,true,0.0,0.0,2.9957277863923437e-06,true,true,0,0.0,0.0,2.9957277863923437e-06,true,0,0,true,0,0,0,4.6602137786160484e-08,0,0,0,0,0,0,0,0,0,1000000,100,4004
E2,seed,paired,QF,float,libc++,1.5,1.0,1,1000000,1000000,0,0,0,1000000,0,0,0,0,0,0,0,0.0,0.0,2.9957277863923437e-06,true,0.0,0.0,2.9957277863923437e-06,true,0.0,0.0,2.9957277863923437e-06,true,true,0,0.0,0.0,2.9957277863923437e-06,true,0,0,true,0,0,0,4.664620669296155e-08,0,0,0,0,0,0,0,0,0,1000000,100,4005
E2,seed,paired,QF,float,libstdc++,1.5,1.0,1,1000000,1000000,0,0,0,1000000,0,0,0,0,0,0,0,0.0,0.0,2.9957277863923437e-06,true,0.0,0.0,2.9957277863923437e-06,true,0.0,0.0,2.9957277863923437e-06,true,true,0,0.0,0.0,2.9957277863923437e-06,true,0,0,true,0,0,0,4.6621540224574253e-08,0,0,0,0,0,0,0,0,0,1000000,100,4005
E2,seed,paired,SPLIT,float,libc++,1.5,1.0,1,1000000,1000000,0,0,0,1000000,0,0,0,0,0,0,0,0.0,0.0,2.9957277863923437e-06,true,0.0,0.0,2.9957277863923437e-06,true,0.0,0.0,2.9957277863923437e-06,true,true,0,0.0,0.0,2.9957277863923437e-06,true,0,0,true,0,0,0,4.6608554301054e-08,0,0,0,0,0,0,0,0,0,1000000,100,4001
E2,seed,paired,SPLIT,float,libstdc++,1.5,1.0,1,1000000,1000000,0,0,0,1000000,0,0,0,0,0,0,0,0.0,0.0,2.9957277863923437e-06,true,0.0,0.0,2.9957277863923437e-06,true,0.0,0.0,2.9957277863923437e-06,true,true,0,0.0,0.0,2.9957277863923437e-06,true,0,0,true,0,0,0,4.6587589611724215e-08,0,0,0,0,0,0,0,0,0,1000000,100,4001
E2,seed,paired,SPLIT,float,libc++,1.5,1.0,1,1000000,1000000,0,0,0,1000000,0,0,0,0,0,0,0,0.0,0.0,2.9957277863923437e-06,true,0.0,0.0,2.9957277863923437e-06,true,0.0,0.0,2.9957277863923437e-06,true,true,0,0.0,0.0,2.9957277863923437e-06,true,0,0,true,0,0,0,4.662647914090755e-08,0,0,0,0,0,0,0,0,0,1000000,100,4002
E2,seed,paired,SPLIT,float,libstdc++,1.5,1.0,1,1000000,1000000,0,0,0,1000000,0,0,0,0,0,0,0,0.0,0.0,2.9957277863923437e-06,true,0.0,0.0,2.9957277863923437e-06,true,0.0,0.0,2.9957277863923437e-06,true,true,0,0.0,0.0,2.9957277863923437e-06,true,0,0,true,0,0,0,4.6671795208034634e-08,0,0,0,0,0,0,0,0,0,1000000,100,4002
E2,seed,paired,SPLIT,float,libc++,1.5,1.0,1,1000000,1000000,0,0,0,1000000,0,0,0,0,0,0,0,0.0,0.0,2.9957277863923437e-06,true,0.0,0.0,2.9957277863923437e-06,true,0.0,0.0,2.9957277863923437e-06,true,true,0,0.0,0.0,2.9957277863923437e-06,true,0,0,true,0,0,0,4.670880286318819e-08,0,0,0,0,0,0,0,0,0,1000000,100,4003
E2,seed,paired,SPLIT,float,libstdc++,1.5,1.0,1,1000000,1000000,0,0,0,1000000,0,0,0,0,0,0,0,0.0,0.0,2.9957277863923437e-06,true,0.0,0.0,2.9957277863923437e-06,true,0.0,0.0,2.9957277863923437e-06,true,true,0,0.0,0.0,2.9957277863923437e-06,true,0,0,true,0,0,0,4.6603305781294844e-08,0,0,0,0,0,0,0,0,0,1000000,100,4003
E2,seed,paired,SPLIT,float,libc++,1.5,1.0,1,1000000,1000000,0,0,0,1000000,0,0,0,0,0,0,0,0.0,0.0,2.9957277863923437e-06,true,0.0,0.0,2.9957277863923437e-06,true,0.0,0.0,2.9957277863923437e-06,true,true,0,0.0,0.0,2.9957277863923437e-06,true,0,0,true,0,0,0,4.657059011484205e-08,0,0,0,0,0,0,0,0,0,1000000,100,4004
E2,seed,paired,SPLIT,float,libstdc++,1.5,1.0,1,1000000,1000000,0,0,0,1000000,0,0,0,0,0,0,0,0.0,0.0,2.9957277863923437e-06,true,0.0,0.0,2.9957277863923437e-06,true,0.0,0.0,2.9957277863923437e-06,true,true,0,0.0,0.0,2.9957277863923437e-06,true,0,0,true,0,0,0,4.6602137786160484e-08,0,0,0,0,0,0,0,0,0,1000000,100,4004
E2,seed,paired,SPLIT,float,libc++,1.5,1.0,1,1000000,1000000,0,0,0,1000000,0,0,0,0,0,0,0,0.0,0.0,2.9957277863923437e-06,true,0.0,0.0,2.9957277863923437e-06,true,0.0,0.0,2.9957277863923437e-06,true,true,0,0.0,0.0,2.9957277863923437e-06,true,0,0,true,0,0,0,4.664620669296155e-08,0,0,0,0,0,0,0,0,0,1000000,100,4005
E2,seed,paired,SPLIT,float,libstdc++,1.5,1.0,1,1000000,1000000,0,0,0,1000000,0,0,0,0,0,0,0,0.0,0.0,2.9957277863923437e-06,true,0.0,0.0,2.9957277863923437e-06,true,0.0,0.0,2.9957277863923437e-06,true,true,0,0.0,0.0,2.9957277863923437e-06,true,0,0,true,0,0,0,4.6621540224574253e-08,0,0,0,0,0,0,0,0,0,1000000,100,4005
E2,seed,paired,LOG,float,libc++,2,1.5,1,1000000,1000000,0,0,0,1000000,0,0,0,0,0,0,0,0.0,0.0,2.9957277863923437e-06,true,0.0,0.0,2.9957277863923437e-06,true,0.0,0.0,2.9957277863923437e-06,true,true,0,0.0,0.0,2.9957277863923437e-06,true,0,0,true,0,0,0,4.670578707023869e-08,0,0,0,0,0,0,0,0,0,1000000,100,4001
E2,seed,paired,LOG,float,libstdc++,2,1.5,1,1000000,1000000,0,0,0,1000000,0,0,0,0,0,0,0,0.0,0.0,2.9957277863923437e-06,true,0.0,0.0,2.9957277863923437e-06,true,0.0,0.0,2.9957277863923437e-06,true,true,0,0.0,0.0,2.9957277863923437e-06,true,0,0,true,0,0,0,4.671617477429617e-08,0,0,0,0,0,0,0,0,0,1000000,100,4001
E2,seed,paired,LOG,float,libc++,2,1.5,1,1000000,1000000,0,0,0,1000000,0,0,0,0,0,0,0,0.0,0.0,2.9957277863923437e-06,true,0.0,0.0,2.9957277863923437e-06,true,0.0,0.0,2.9957277863923437e-06,true,true,0,0.0,0.0,2.9957277863923437e-06,true,0,0,true,0,0,0,4.6659151308789156e-08,0,0,0,0,0,0,0,0,0,1000000,100,4002
E2,seed,paired,LOG,float,libstdc++,2,1.5,1,1000000,1000000,0,0,0,1000000,0,0,0,0,0,0,0,0.0,0.0,2.9957277863923437e-06,true,0.0,0.0,2.9957277863923437e-06,true,0.0,0.0,2.9957277863923437e-06,true,true,0,0.0,0.0,2.9957277863923437e-06,true,0,0,true,0,0,0,4.670161954776235e-08,0,0,0,0,0,0,0,0,0,1000000,100,4002
E2,seed,paired,LOG,float,libc++,2,1.5,1,1000000,1000000,0,0,0,1000000,0,0,0,0,0,0,0,0.0,0.0,2.9957277863923437e-06,true,0.0,0.0,2.9957277863923437e-06,true,0.0,0.0,2.9957277863923437e-06,true,true,0,0.0,0.0,2.9957277863923437e-06,true,0,0,true,0,0,0,4.676155319976339e-08,0,0,0,0,0,0,0,0,0,1000000,100,4003
E2,seed,paired,LOG,float,libstdc++,2,1.5,1,1000000,1000000,0,0,0,1000000,0,0,0,0,0,0,0,0.0,0.0,2.9957277863923437e-06,true,0.0,0.0,2.9957277863923437e-06,true,0.0,0.0,2.9957277863923437e-06,true,true,0,0.0,0.0,2.9957277863923437e-06,true,0,0,true,0,0,0,4.669345529344361e-08,0,0,0,0,0,0,0,0,0,1000000,100,4003
E2,seed,paired,LOG,float,libc++,2,1.5,1,1000000,1000000,0,0,0,1000000,0,0,0,0,0,0,0,0.0,0.0,2.9957277863923437e-06,true,0.0,0.0,2.9957277863923437e-06,true,0.0,0.0,2.9957277863923437e-06,true,true,0,0.0,0.0,2.9957277863923437e-06,true,0,0,true,0,0,0,4.669294217249788e-08,0,0,0,0,0,0,0,0,0,1000000,100,4004
E2,seed,paired,LOG,float,libstdc++,2,1.5,1,1000000,1000000,0,0,0,1000000,0,0,0,0,0,0,0,0.0,0.0,2.9957277863923437e-06,true,0.0,0.0,2.9957277863923437e-06,true,0.0,0.0,2.9957277863923437e-06,true,true,0,0.0,0.0,2.9957277863923437e-06,true,0,0,true,0,0,0,4.6710126436016403e-08,0,0,0,0,0,0,0,0,0,1000000,100,4004
E2,seed,paired,LOG,float,libc++,2,1.5,1,1000000,1000000,0,0,0,1000000,0,0,0,0,0,0,0,0.0,0.0,2.9957277863923437e-06,true,0.0,0.0,2.9957277863923437e-06,true,0.0,0.0,2.9957277863923437e-06,true,true,0,0.0,0.0,2.9957277863923437e-06,true,0,0,true,0,0,0,4.677035145586209e-08,0,0,0,0,0,0,0,0,0,1000000,100,4005
E2,seed,paired,LOG,float,libstdc++,2,1.5,1,1000000,1000000,0,0,0,1000000,0,0,0,0,0,0,0,0.0,0.0,2.9957277863923437e-06,true,0.0,0.0,2.9957277863923437e-06,true,0.0,0.0,2.9957277863923437e-06,true,true,0,0.0,0.0,2.9957277863923437e-06,true,0,0,true,0,0,0,4.6670004167553395e-08,0,0,0,0,0,0,0,0,0,1000000,100,4005
E2,seed,paired,QF,float,libc++,2,1.5,1,1000000,1000000,0,0,0,1000000,0,0,0,0,0,0,0,0.0,0.0,2.9957277863923437e-06,true,0.0,0.0,2.9957277863923437e-06,true,0.0,0.0,2.9957277863923437e-06,true,true,0,0.0,0.0,2.9957277863923437e-06,true,0,0,true,0,0,0,4.670578707023869e-08,0,0,0,0,0,0,0,0,0,1000000,100,4001
E2,seed,paired,QF,float,libstdc++,2,1.5,1,1000000,1000000,0,0,0,1000000,0,0,0,0,0,0,0,0.0,0.0,2.9957277863923437e-06,true,0.0,0.0,2.9957277863923437e-06,true,0.0,0.0,2.9957277863923437e-06,true,true,0,0.0,0.0,2.9957277863923437e-06,true,0,0,true,0,0,0,4.671617477429617e-08,0,0,0,0,0,0,0,0,0,1000000,100,4001
E2,seed,paired,QF,float,libc++,2,1.5,1,1000000,1000000,0,0,0,1000000,0,0,0,0,0,0,0,0.0,0.0,2.9957277863923437e-06,true,0.0,0.0,2.9957277863923437e-06,true,0.0,0.0,2.9957277863923437e-06,true,true,0,0.0,0.0,2.9957277863923437e-06,true,0,0,true,0,0,0,4.6659151308789156e-08,0,0,0,0,0,0,0,0,0,1000000,100,4002
E2,seed,paired,QF,float,libstdc++,2,1.5,1,1000000,1000000,0,0,0,1000000,0,0,0,0,0,0,0,0.0,0.0,2.9957277863923437e-06,true,0.0,0.0,2.9957277863923437e-06,true,0.0,0.0,2.9957277863923437e-06,true,true,0,0.0,0.0,2.9957277863923437e-06,true,0,0,true,0,0,0,4.670161954776235e-08,0,0,0,0,0,0,0,0,0,1000000,100,4002
E2,seed,paired,QF,float,libc++,2,1.5,1,1000000,1000000,0,0,0,1000000,0,0,0,0,0,0,0,0.0,0.0,2.9957277863923437e-06,true,0.0,0.0,2.9957277863923437e-06,true,0.0,0.0,2.9957277863923437e-06,true,true,0,0.0,0.0,2.9957277863923437e-06,true,0,0,true,0,0,0,4.676155319976339e-08,0,0,0,0,0,0,0,0,0,1000000,100,4003
E2,seed,paired,QF,float,libstdc++,2,1.5,1,1000000,1000000,0,0,0,1000000,0,0,0,0,0,0,0,0.0,0.0,2.9957277863923437e-06,true,0.0,0.0,2.9957277863923437e-06,true,0.0,0.0,2.9957277863923437e-06,true,true,0,0.0,0.0,2.9957277863923437e-06,true,0,0,true,0,0,0,4.669345529344361e-08,0,0,0,0,0,0,0,0,0,1000000,100,4003
E2,seed,paired,QF,float,libc++,2,1.5,1,1000000,1000000,0,0,0,1000000,0,0,0,0,0,0,0,0.0,0.0,2.9957277863923437e-06,true,0.0,0.0,2.9957277863923437e-06,true,0.0,0.0,2.9957277863923437e-06,true,true,0,0.0,0.0,2.9957277863923437e-06,true,0,0,true,0,0,0,4.669294217249788e-08,0,0,0,0,0,0,0,0,0,1000000,100,4004
E2,seed,paired,QF,float,libstdc++,2,1.5,1,1000000,1000000,0,0,0,1000000,0,0,0,0,0,0,0,0.0,0.0,2.9957277863923437e-06,true,0.0,0.0,2.9957277863923437e-06,true,0.0,0.0,2.9957277863923437e-06,true,true,0,0.0,0.0,2.9957277863923437e-06,true,0,0,true,0,0,0,4.6710126436016403e-08,0,0,0,0,0,0,0,0,0,1000000,100,4004
E2,seed,paired,QF,float,libc++,2,1.5,1,1000000,1000000,0,0,0,1000000,0,0,0,0,0,0,0,0.0,0.0,2.9957277863923437e-06,true,0.0,0.0,2.9957277863923437e-06,true,0.0,0.0,2.9957277863923437e-06,true,true,0,0.0,0.0,2.9957277863923437e-06,true,0,0,true,0,0,0,4.677035145586209e-08,0,0,0,0,0,0,0,0,0,1000000,100,4005
E2,seed,paired,QF,float,libstdc++,2,1.5,1,1000000,1000000,0,0,0,1000000,0,0,0,0,0,0,0,0.0,0.0,2.9957277863923437e-06,true,0.0,0.0,2.9957277863923437e-06,true,0.0,0.0,2.9957277863923437e-06,true,true,0,0.0,0.0,2.9957277863923437e-06,true,0,0,true,0,0,0,4.6670004167553395e-08,0,0,0,0,0,0,0,0,0,1000000,100,4005
E2,seed,paired,SPLIT,float,libc++,2,1.5,1,1000000,1000000,0,0,0,1000000,0,0,0,0,0,0,0,0.0,0.0,2.9957277863923437e-06,true,0.0,0.0,2.9957277863923437e-06,true,0.0,0.0,2.9957277863923437e-06,true,true,0,0.0,0.0,2.9957277863923437e-06,true,0,0,true,0,0,0,4.670578707023869e-08,0,0,0,0,0,0,0,0,0,1000000,100,4001
E2,seed,paired,SPLIT,float,libstdc++,2,1.5,1,1000000,1000000,0,0,0,1000000,0,0,0,0,0,0,0,0.0,0.0,2.9957277863923437e-06,true,0.0,0.0,2.9957277863923437e-06,true,0.0,0.0,2.9957277863923437e-06,true,true,0,0.0,0.0,2.9957277863923437e-06,true,0,0,true,0,0,0,4.671617477429617e-08,0,0,0,0,0,0,0,0,0,1000000,100,4001
E2,seed,paired,SPLIT,float,libc++,2,1.5,1,1000000,1000000,0,0,0,1000000,0,0,0,0,0,0,0,0.0,0.0,2.9957277863923437e-06,true,0.0,0.0,2.9957277863923437e-06,true,0.0,0.0,2.9957277863923437e-06,true,true,0,0.0,0.0,2.9957277863923437e-06,true,0,0,true,0,0,0,4.6659151308789156e-08,0,0,0,0,0,0,0,0,0,1000000,100,4002
E2,seed,paired,SPLIT,float,libstdc++,2,1.5,1,1000000,1000000,0,0,0,1000000,0,0,0,0,0,0,0,0.0,0.0,2.9957277863923437e-06,true,0.0,0.0,2.9957277863923437e-06,true,0.0,0.0,2.9957277863923437e-06,true,true,0,0.0,0.0,2.9957277863923437e-06,true,0,0,true,0,0,0,4.670161954776235e-08,0,0,0,0,0,0,0,0,0,1000000,100,4002
E2,seed,paired,SPLIT,float,libc++,2,1.5,1,1000000,1000000,0,0,0,1000000,0,0,0,0,0,0,0,0.0,0.0,2.9957277863923437e-06,true,0.0,0.0,2.9957277863923437e-06,true,0.0,0.0,2.9957277863923437e-06,true,true,0,0.0,0.0,2.9957277863923437e-06,true,0,0,true,0,0,0,4.676155319976339e-08,0,0,0,0,0,0,0,0,0,1000000,100,4003
E2,seed,paired,SPLIT,float,libstdc++,2,1.5,1,1000000,1000000,0,0,0,1000000,0,0,0,0,0,0,0,0.0,0.0,2.9957277863923437e-06,true,0.0,0.0,2.9957277863923437e-06,true,0.0,0.0,2.9957277863923437e-06,true,true,0,0.0,0.0,2.9957277863923437e-06,true,0,0,true,0,0,0,4.669345529344361e-08,0,0,0,0,0,0,0,0,0,1000000,100,4003
E2,seed,paired,SPLIT,float,libc++,2,1.5,1,1000000,1000000,0,0,0,1000000,0,0,0,0,0,0,0,0.0,0.0,2.9957277863923437e-06,true,0.0,0.0,2.9957277863923437e-06,true,0.0,0.0,2.9957277863923437e-06,true,true,0,0.0,0.0,2.9957277863923437e-06,true,0,0,true,0,0,0,4.669294217249788e-08,0,0,0,0,0,0,0,0,0,1000000,100,4004
E2,seed,paired,SPLIT,float,libstdc++,2,1.5,1,1000000,1000000,0,0,0,1000000,0,0,0,0,0,0,0,0.0,0.0,2.9957277863923437e-06,true,0.0,0.0,2.9957277863923437e-06,true,0.0,0.0,2.9957277863923437e-06,true,true,0,0.0,0.0,2.9957277863923437e-06,true,0,0,true,0,0,0,4.6710126436016403e-08,0,0,0,0,0,0,0,0,0,1000000,100,4004
E2,seed,paired,SPLIT,float,libc++,2,1.5,1,1000000,1000000,0,0,0,1000000,0,0,0,0,0,0,0,0.0,0.0,2.9957277863923437e-06,true,0.0,0.0,2.9957277863923437e-06,true,0.0,0.0,2.9957277863923437e-06,true,true,0,0.0,0.0,2.9957277863923437e-06,true,0,0,true,0,0,0,4.677035145586209e-08,0,0,0,0,0,0,0,0,0,1000000,100,4005
E2,seed,paired,SPLIT,float,libstdc++,2,1.5,1,1000000,1000000,0,0,0,1000000,0,0,0,0,0,0,0,0.0,0.0,2.9957277863923437e-06,true,0.0,0.0,2.9957277863923437e-06,true,0.0,0.0,2.9957277863923437e-06,true,true,0,0.0,0.0,2.9957277863923437e-06,true,0,0,true,0,0,0,4.6670004167553395e-08,0,0,0,0,0,0,0,0,0,1000000,100,4005
E2,seed,paired,LOG,float,libc++,5,4.5,1,1000000,1000000,0,0,0,1000000,0,0,0,0,0,0,0,0.0,0.0,2.9957277863923437e-06,true,0.0,0.0,2.9957277863923437e-06,true,0.0,0.0,2.9957277863923437e-06,true,true,0,0.0,0.0,2.9957277863923437e-06,true,0,0,true,0,0,0,4.8753411609116634e-08,0,0,0,0,0,0,0,0,0,1000000,100,4001
E2,seed,paired,LOG,float,libstdc++,5,4.5,1,1000000,1000000,0,0,0,1000000,0,0,0,0,0,0,0,0.0,0.0,2.9957277863923437e-06,true,0.0,0.0,2.9957277863923437e-06,true,0.0,0.0,2.9957277863923437e-06,true,true,0,0.0,0.0,2.9957277863923437e-06,true,0,0,true,0,0,0,4.872949468830986e-08,0,0,0,0,0,0,0,0,0,1000000,100,4001
E2,seed,paired,LOG,float,libc++,5,4.5,1,1000000,1000000,0,0,0,1000000,0,0,0,0,0,0,0,0.0,0.0,2.9957277863923437e-06,true,0.0,0.0,2.9957277863923437e-06,true,0.0,0.0,2.9957277863923437e-06,true,true,0,0.0,0.0,2.9957277863923437e-06,true,0,0,true,0,0,0,4.8728070183554336e-08,0,0,0,0,0,0,0,0,0,1000000,100,4002
E2,seed,paired,LOG,float,libstdc++,5,4.5,1,1000000,1000000,0,0,0,1000000,0,0,0,0,0,0,0,0.0,0.0,2.9957277863923437e-06,true,0.0,0.0,2.9957277863923437e-06,true,0.0,0.0,2.9957277863923437e-06,true,true,0,0.0,0.0,2.9957277863923437e-06,true,0,0,true,0,0,0,4.871662433961725e-08,0,0,0,0,0,0,0,0,0,1000000,100,4002
E2,seed,paired,LOG,float,libc++,5,4.5,1,1000000,1000000,0,0,0,1000000,0,0,0,0,0,0,0,0.0,0.0,2.9957277863923437e-06,true,0.0,0.0,2.9957277863923437e-06,true,0.0,0.0,2.9957277863923437e-06,true,true,0,0.0,0.0,2.9957277863923437e-06,true,0,0,true,0,0,0,4.8734515525673504e-08,0,0,0,0,0,0,0,0,0,1000000,100,4003
E2,seed,paired,LOG,float,libstdc++,5,4.5,1,1000000,1000000,0,0,0,1000000,0,0,0,0,0,0,0,0.0,0.0,2.9957277863923437e-06,true,0.0,0.0,2.9957277863923437e-06,true,0.0,0.0,2.9957277863923437e-06,true,true,0,0.0,0.0,2.9957277863923437e-06,true,0,0,true,0,0,0,4.8747962325589124e-08,0,0,0,0,0,0,0,0,0,1000000,100,4003
E2,seed,paired,LOG,float,libc++,5,4.5,1,1000000,1000000,0,0,0,1000000,0,0,0,0,0,0,0,0.0,0.0,2.9957277863923437e-06,true,0.0,0.0,2.9957277863923437e-06,true,0.0,0.0,2.9957277863923437e-06,true,true,0,0.0,0.0,2.9957277863923437e-06,true,0,0,true,0,0,0,4.8769371170484956e-08,0,0,0,0,0,0,0,0,0,1000000,100,4004
E2,seed,paired,LOG,float,libstdc++,5,4.5,1,1000000,1000000,0,0,0,1000000,0,0,0,0,0,0,0,0.0,0.0,2.9957277863923437e-06,true,0.0,0.0,2.9957277863923437e-06,true,0.0,0.0,2.9957277863923437e-06,true,true,0,0.0,0.0,2.9957277863923437e-06,true,0,0,true,0,0,0,4.871095674891466e-08,0,0,0,0,0,0,0,0,0,1000000,100,4004
E2,seed,paired,LOG,float,libc++,5,4.5,1,1000000,1000000,0,0,0,1000000,0,0,0,0,0,0,0,0.0,0.0,2.9957277863923437e-06,true,0.0,0.0,2.9957277863923437e-06,true,0.0,0.0,2.9957277863923437e-06,true,true,0,0.0,0.0,2.9957277863923437e-06,true,0,0,true,0,0,0,4.877788339102333e-08,0,0,0,0,0,0,0,0,0,1000000,100,4005
E2,seed,paired,LOG,float,libstdc++,5,4.5,1,1000000,1000000,0,0,0,1000000,0,0,0,0,0,0,0,0.0,0.0,2.9957277863923437e-06,true,0.0,0.0,2.9957277863923437e-06,true,0.0,0.0,2.9957277863923437e-06,true,true,0,0.0,0.0,2.9957277863923437e-06,true,0,0,true,0,0,0,4.87859178653085e-08,0,0,0,0,0,0,0,0,0,1000000,100,4005
E2,seed,paired,QF,float,libc++,5,4.5,1,1000000,1000000,0,0,0,1000000,0,0,0,0,0,0,0,0.0,0.0,2.9957277863923437e-06,true,0.0,0.0,2.9957277863923437e-06,true,0.0,0.0,2.9957277863923437e-06,true,true,0,0.0,0.0,2.9957277863923437e-06,true,0,0,true,0,0,0,4.8753411609116634e-08,0,0,0,0,0,0,0,0,0,1000000,100,4001
E2,seed,paired,QF,float,libstdc++,5,4.5,1,1000000,1000000,0,0,0,1000000,0,0,0,0,0,0,0,0.0,0.0,2.9957277863923437e-06,true,0.0,0.0,2.9957277863923437e-06,true,0.0,0.0,2.9957277863923437e-06,true,true,0,0.0,0.0,2.9957277863923437e-06,true,0,0,true,0,0,0,4.872949468830986e-08,0,0,0,0,0,0,0,0,0,1000000,100,4001
E2,seed,paired,QF,float,libc++,5,4.5,1,1000000,1000000,0,0,0,1000000,0,0,0,0,0,0,0,0.0,0.0,2.9957277863923437e-06,true,0.0,0.0,2.9957277863923437e-06,true,0.0,0.0,2.9957277863923437e-06,true,true,0,0.0,0.0,2.9957277863923437e-06,true,0,0,true,0,0,0,4.8728070183554336e-08,0,0,0,0,0,0,0,0,0,1000000,100,4002
E2,seed,paired,QF,float,libstdc++,5,4.5,1,1000000,1000000,0,0,0,1000000,0,0,0,0,0,0,0,0.0,0.0,2.9957277863923437e-06,true,0.0,0.0,2.9957277863923437e-06,true,0.0,0.0,2.9957277863923437e-06,true,true,0,0.0,0.0,2.9957277863923437e-06,true,0,0,true,0,0,0,4.871662433961725e-08,0,0,0,0,0,0,0,0,0,1000000,100,4002
E2,seed,paired,QF,float,libc++,5,4.5,1,1000000,1000000,0,0,0,1000000,0,0,0,0,0,0,0,0.0,0.0,2.9957277863923437e-06,true,0.0,0.0,2.9957277863923437e-06,true,0.0,0.0,2.9957277863923437e-06,true,true,0,0.0,0.0,2.9957277863923437e-06,true,0,0,true,0,0,0,4.8734515525673504e-08,0,0,0,0,0,0,0,0,0,1000000,100,4003
E2,seed,paired,QF,float,libstdc++,5,4.5,1,1000000,1000000,0,0,0,1000000,0,0,0,0,0,0,0,0.0,0.0,2.9957277863923437e-06,true,0.0,0.0,2.9957277863923437e-06,true,0.0,0.0,2.9957277863923437e-06,true,true,0,0.0,0.0,2.9957277863923437e-06,true,0,0,true,0,0,0,4.8747962325589124e-08,0,0,0,0,0,0,0,0,0,1000000,100,4003
E2,seed,paired,QF,float,libc++,5,4.5,1,1000000,1000000,0,0,0,1000000,0,0,0,0,0,0,0,0.0,0.0,2.9957277863923437e-06,true,0.0,0.0,2.9957277863923437e-06,true,0.0,0.0,2.9957277863923437e-06,true,true,0,0.0,0.0,2.9957277863923437e-06,true,0,0,true,0,0,0,4.8769371170484956e-08,0,0,0,0,0,0,0,0,0,1000000,100,4004
E2,seed,paired,QF,float,libstdc++,5,4.5,1,1000000,1000000,0,0,0,1000000,0,0,0,0,0,0,0,0.0,0.0,2.9957277863923437e-06,true,0.0,0.0,2.9957277863923437e-06,true,0.0,0.0,2.9957277863923437e-06,true,true,0,0.0,0.0,2.9957277863923437e-06,true,0,0,true,0,0,0,4.871095674891466e-08,0,0,0,0,0,0,0,0,0,1000000,100,4004
E2,seed,paired,QF,float,libc++,5,4.5,1,1000000,1000000,0,0,0,1000000,0,0,0,0,0,0,0,0.0,0.0,2.9957277863923437e-06,true,0.0,0.0,2.9957277863923437e-06,true,0.0,0.0,2.9957277863923437e-06,true,true,0,0.0,0.0,2.9957277863923437e-06,true,0,0,true,0,0,0,4.877788339102333e-08,0,0,0,0,0,0,0,0,0,1000000,100,4005
E2,seed,paired,QF,float,libstdc++,5,4.5,1,1000000,1000000,0,0,0,1000000,0,0,0,0,0,0,0,0.0,0.0,2.9957277863923437e-06,true,0.0,0.0,2.9957277863923437e-06,true,0.0,0.0,2.9957277863923437e-06,true,true,0,0.0,0.0,2.9957277863923437e-06,true,0,0,true,0,0,0,4.87859178653085e-08,0,0,0,0,0,0,0,0,0,1000000,100,4005
E2,seed,paired,SPLIT,float,libc++,5,4.5,1,1000000,1000000,0,0,0,1000000,0,0,0,0,0,0,0,0.0,0.0,2.9957277863923437e-06,true,0.0,0.0,2.9957277863923437e-06,true,0.0,0.0,2.9957277863923437e-06,true,true,0,0.0,0.0,2.9957277863923437e-06,true,0,0,true,0,0,0,4.8753411609116634e-08,0,0,0,0,0,0,0,0,0,1000000,100,4001
E2,seed,paired,SPLIT,float,libstdc++,5,4.5,1,1000000,1000000,0,0,0,1000000,0,0,0,0,0,0,0,0.0,0.0,2.9957277863923437e-06,true,0.0,0.0,2.9957277863923437e-06,true,0.0,0.0,2.9957277863923437e-06,true,true,0,0.0,0.0,2.9957277863923437e-06,true,0,0,true,0,0,0,4.872949468830986e-08,0,0,0,0,0,0,0,0,0,1000000,100,4001
E2,seed,paired,SPLIT,float,libc++,5,4.5,1,1000000,1000000,0,0,0,1000000,0,0,0,0,0,0,0,0.0,0.0,2.9957277863923437e-06,true,0.0,0.0,2.9957277863923437e-06,true,0.0,0.0,2.9957277863923437e-06,true,true,0,0.0,0.0,2.9957277863923437e-06,true,0,0,true,0,0,0,4.8728070183554336e-08,0,0,0,0,0,0,0,0,0,1000000,100,4002
E2,seed,paired,SPLIT,float,libstdc++,5,4.5,1,1000000,1000000,0,0,0,1000000,0,0,0,0,0,0,0,0.0,0.0,2.9957277863923437e-06,true,0.0,0.0,2.9957277863923437e-06,true,0.0,0.0,2.9957277863923437e-06,true,true,0,0.0,0.0,2.9957277863923437e-06,true,0,0,true,0,0,0,4.871662433961725e-08,0,0,0,0,0,0,0,0,0,1000000,100,4002
E2,seed,paired,SPLIT,float,libc++,5,4.5,1,1000000,1000000,0,0,0,1000000,0,0,0,0,0,0,0,0.0,0.0,2.9957277863923437e-06,true,0.0,0.0,2.9957277863923437e-06,true,0.0,0.0,2.9957277863923437e-06,true,true,0,0.0,0.0,2.9957277863923437e-06,true,0,0,true,0,0,0,4.8734515525673504e-08,0,0,0,0,0,0,0,0,0,1000000,100,4003
E2,seed,paired,SPLIT,float,libstdc++,5,4.5,1,1000000,1000000,0,0,0,1000000,0,0,0,0,0,0,0,0.0,0.0,2.9957277863923437e-06,true,0.0,0.0,2.9957277863923437e-06,true,0.0,0.0,2.9957277863923437e-06,true,true,0,0.0,0.0,2.9957277863923437e-06,true,0,0,true,0,0,0,4.8747962325589124e-08,0,0,0,0,0,0,0,0,0,1000000,100,4003
E2,seed,paired,SPLIT,float,libc++,5,4.5,1,1000000,1000000,0,0,0,1000000,0,0,0,0,0,0,0,0.0,0.0,2.9957277863923437e-06,true,0.0,0.0,2.9957277863923437e-06,true,0.0,0.0,2.9957277863923437e-06,true,true,0,0.0,0.0,2.9957277863923437e-06,true,0,0,true,0,0,0,4.8769371170484956e-08,0,0,0,0,0,0,0,0,0,1000000,100,4004
E2,seed,paired,SPLIT,float,libstdc++,5,4.5,1,1000000,1000000,0,0,0,1000000,0,0,0,0,0,0,0,0.0,0.0,2.9957277863923437e-06,true,0.0,0.0,2.9957277863923437e-06,true,0.0,0.0,2.9957277863923437e-06,true,true,0,0.0,0.0,2.9957277863923437e-06,true,0,0,true,0,0,0,4.871095674891466e-08,0,0,0,0,0,0,0,0,0,1000000,100,4004
E2,seed,paired,SPLIT,float,libc++,5,4.5,1,1000000,1000000,0,0,0,1000000,0,0,0,0,0,0,0,0.0,0.0,2.9957277863923437e-06,true,0.0,0.0,2.9957277863923437e-06,true,0.0,0.0,2.9957277863923437e-06,true,true,0,0.0,0.0,2.9957277863923437e-06,true,0,0,true,0,0,0,4.877788339102333e-08,0,0,0,0,0,0,0,0,0,1000000,100,4005
E2,seed,paired,SPLIT,float,libstdc++,5,4.5,1,1000000,1000000,0,0,0,1000000,0,0,0,0,0,0,0,0.0,0.0,2.9957277863923437e-06,true,0.0,0.0,2.9957277863923437e-06,true,0.0,0.0,2.9957277863923437e-06,true,true,0,0.0,0.0,2.9957277863923437e-06,true,0,0,true,0,0,0,4.87859178653085e-08,0,0,0,0,0,0,0,0,0,1000000,100,4005
