phase,scope,layer,method,precision,stdlib,kappa,shape_a,n_seeds,n_attempted,n_finite,n_failed,n_avoidable,n_honest_overflow,cat_finite,cat_denominator_zero,cat_quotient_first_loss,cat_split_form_loss,cat_log_primitive_failure,cat_honest_overflow,cat_cap_reject,cat_cap_exhausted,failure_rate,failure_ci_lo,failure_ci_hi,failure_is_upper_bound,avoidable_rate,avoidable_ci_lo,avoidable_ci_hi,avoidable_is_upper_bound,honest_rate,honest_ci_lo,honest_ci_hi,honest_is_upper_bound,accounting_ok,honest_floor_count,honest_floor_rate,honest_floor_ci_lo,honest_floor_ci_hi,honest_floor_is_upper_bound,near_limit_band_count,honest_minus_floor,within_boundary_band,x2_zero,x2_subnormal,rotation_recoverable,mean_abs_rel_err_log_vs_split,seconds,audit_near_limit_total,audit_near_limit_audited,audit_method_disagreement_total,audit_method_disagreement_audited,audit_subnormal_denominator_total,audit_subnormal_denominator_audited,audit_bulk_failure_total,audit_bulk_failure_audited,audit_uniform_sample_total,audit_uniform_sample_audited,arch,available,completed,reason_not_run,seed,tag,case,out_of_domain
E5,pooled,native_scalar,LOG,double,libc++,0.5001,9.999999999998899e-05,5,5000000,661661,4338339,0,4338339,661661,0,0,0,0,4338339,0,0,0.8676678,0.8673704760608677,0.8679646980917886,false,0.0,0.0,5.991462752596988e-07,true,0.8676678,0.8673704760608677,0.8679646980917886,false,true,0,0.0,0.0,5.991462752596988e-07,true,0,4338339,false,4641525,0,0,NA,0.569786,0,0,0,0,0,0,0,0,0,0,arm64,true,true,NA,NA,NA,NA,NA
E5,pooled,native_scalar,LOG,double,libstdc++,0.5001,9.999999999998899e-05,5,5000000,662762,4337238,0,4337238,662762,0,0,0,0,4337238,0,0,0.8674476,0.867150066901021,0.8677447075068134,false,0.0,0.0,5.991462752596988e-07,true,0.8674476,0.867150066901021,0.8677447075068134,false,true,0,0.0,0.0,5.991462752596988e-07,true,0,4337238,false,4640986,0,0,NA,0.400039,0,0,0,0,0,0,0,0,0,0,arm64,true,true,NA,NA,NA,NA,NA
E5,pooled,native_scalar,QF,double,libc++,0.5001,9.999999999998899e-05,5,5000000,341952,4658048,4658048,0,341952,4641522,16526,0,0,0,0,0,0.9316096,0.9313880028516104,0.9318306971647269,false,0.9316096,0.9313880028516104,0.9318306971647269,false,0.0,0.0,5.991462752596988e-07,true,true,0,0.0,0.0,5.991462752596988e-07,true,0,0,true,4641522,17179,0,NA,0.464756,0,0,0,0,0,0,0,0,0,0,arm64,true,true,NA,NA,NA,NA,NA
E5,pooled,native_scalar,QF,double,libstdc++,0.5001,9.999999999998899e-05,5,5000000,342431,4657569,4657569,0,342431,4640915,16654,0,0,0,0,0,0.9315138,0.931292059386106,0.9317350407413998,false,0.9315138,0.931292059386106,0.9317350407413998,false,0.0,0.0,5.991462752596988e-07,true,true,0,0.0,0.0,5.991462752596988e-07,true,0,0,true,4640915,17324,0,NA,0.365867,0,0,0,0,0,0,0,0,0,0,arm64,true,true,NA,NA,NA,NA,NA
E5,pooled,native_scalar,SPLIT,double,libc++,0.5001,9.999999999998899e-05,5,5000000,358478,4641522,4641522,0,358478,4641522,0,0,0,0,0,0,0.9283044,0.9280779237937282,0.9285303800578198,false,0.9283044,0.9280779237937282,0.9285303800578198,false,0.0,0.0,5.991462752596988e-07,true,true,0,0.0,0.0,5.991462752596988e-07,true,0,0,true,4641522,17179,0,NA,0.4637905,0,0,0,0,0,0,0,0,0,0,arm64,true,true,NA,NA,NA,NA,NA
E5,pooled,native_scalar,SPLIT,double,libstdc++,0.5001,9.999999999998899e-05,5,5000000,359085,4640915,4640915,0,359085,4640915,0,0,0,0,0,0,0.928183,0.9279563472963979,0.9284091566960098,false,0.928183,0.9279563472963979,0.9284091566960098,false,0.0,0.0,5.991462752596988e-07,true,true,0,0.0,0.0,5.991462752596988e-07,true,0,0,true,4640915,17324,0,NA,0.364315,0,0,0,0,0,0,0,0,0,0,arm64,true,true,NA,NA,NA,NA,NA
E5,pooled,native_scalar,LOG,double,libc++,0.501,0.0010000000000000009,5,5000000,3791251,1208749,0,1208749,3791251,0,0,0,0,1208749,0,0,0.2417498,0.2413745722115809,0.24212532687609153,false,0.0,0.0,5.991462752596988e-07,true,0.2417498,0.2413745722115809,0.24212532687609153,false,true,0,0.0,0.0,5.991462752596988e-07,true,0,1208749,false,2375540,0,0,NA,0.653769,0,0,0,0,0,0,0,0,0,0,arm64,true,true,NA,NA,NA,NA,NA
E5,pooled,native_scalar,LOG,double,libstdc++,0.501,0.0010000000000000009,5,5000000,3793553,1206447,0,1206447,3793553,0,0,0,0,1206447,0,0,0.2412894,0.24091441619054887,0.24166468343039,false,0.0,0.0,5.991462752596988e-07,true,0.2412894,0.24091441619054887,0.24166468343039,false,true,0,0.0,0.0,5.991462752596988e-07,true,0,1206447,false,2371610,0,0,NA,0.481914,0,0,0,0,0,0,0,0,0,0,arm64,true,true,NA,NA,NA,NA,NA
E5,pooled,native_scalar,QF,double,libc++,0.501,0.0010000000000000009,5,5000000,2538674,2461326,2461326,0,2538674,2375531,85795,0,0,0,0,0,0.4922652,0.4918268957575251,0.4927035131999306,false,0.4922652,0.4918268957575251,0.4927035131999306,false,0.0,0.0,5.991462752596988e-07,true,true,0,0.0,0.0,5.991462752596988e-07,true,0,0,true,2375531,89107,0,NA,0.533454,0,0,0,0,0,0,0,0,0,0,arm64,true,true,NA,NA,NA,NA,NA
E5,pooled,native_scalar,QF,double,libstdc++,0.501,0.0010000000000000009,5,5000000,2540387,2459613,2459613,0,2540387,2374666,84947,0,0,0,0,0,0.4919226,0.49148430070486415,0.492360908649381,false,0.4919226,0.49148430070486415,0.492360908649381,false,0.0,0.0,5.991462752596988e-07,true,true,0,0.0,0.0,5.991462752596988e-07,true,0,0,true,2374666,88311,0,NA,0.44086400000000003,0,0,0,0,0,0,0,0,0,0,arm64,true,true,NA,NA,NA,NA,NA
E5,pooled,native_scalar,SPLIT,double,libc++,0.501,0.0010000000000000009,5,5000000,2624469,2375531,2375531,0,2624469,2375531,0,0,0,0,0,0,0.4751062,0.4746683967691715,0.4755440320596814,false,0.4751062,0.4746683967691715,0.4755440320596814,false,0.0,0.0,5.991462752596988e-07,true,true,0,0.0,0.0,5.991462752596988e-07,true,0,0,true,2375531,89107,0,NA,0.533556,0,0,0,0,0,0,0,0,0,0,arm64,true,true,NA,NA,NA,NA,NA
E5,pooled,native_scalar,SPLIT,double,libstdc++,0.501,0.0010000000000000009,5,5000000,2625334,2374666,2374666,0,2625334,2374666,0,0,0,0,0,0,0.4749332,0.4744954044547727,0.4753710245744077,false,0.4749332,0.4744954044547727,0.4753710245744077,false,0.0,0.0,5.991462752596988e-07,true,true,0,0.0,0.0,5.991462752596988e-07,true,0,0,true,2374666,88311,0,NA,0.43908400000000003,0,0,0,0,0,0,0,0,0,0,arm64,true,true,NA,NA,NA,NA,NA
E5,pooled,native_scalar,LOG,double,libc++,0.505,0.0050000000000000044,5,5000000,4995896,4104,0,4104,4995896,0,0,0,0,4104,0,0,0.0008208,0.000795887777481859,0.0008462931822062846,false,0.0,0.0,5.991462752596988e-07,true,0.0008208,0.000795887777481859,0.0008462931822062846,false,true,0,0.0,0.0,5.991462752596988e-07,true,0,4104,false,121058,0,0,NA,0.616475,0,0,0,0,0,0,0,0,0,0,arm64,true,true,NA,NA,NA,NA,NA
E5,pooled,native_scalar,LOG,double,libstdc++,0.505,0.0050000000000000044,5,5000000,4995998,4002,0,4002,4995998,0,0,0,0,4002,0,0,0.0008004,0.0007758014421027084,0.0008255795798195712,false,0.0,0.0,5.991462752596988e-07,true,0.0008004,0.0007758014421027084,0.0008255795798195712,false,true,0,0.0,0.0,5.991462752596988e-07,true,0,4002,false,120328,0,0,NA,0.45669,0,0,0,0,0,0,0,0,0,0,arm64,true,true,NA,NA,NA,NA,NA
E5,pooled,native_scalar,QF,double,libc++,0.505,0.0050000000000000044,5,5000000,4855626,144374,144374,0,4855626,121098,23276,0,0,0,0,0,0.0288748,0.028728195108378284,0.02902195081666804,false,0.0288748,0.028728195108378284,0.02902195081666804,false,0.0,0.0,5.991462752596988e-07,true,true,0,0.0,0.0,5.991462752596988e-07,true,0,0,true,121098,24288,0,NA,0.506389,0,0,0,0,0,0,0,0,0,0,arm64,true,true,NA,NA,NA,NA,NA
E5,pooled,native_scalar,QF,double,libstdc++,0.505,0.0050000000000000044,5,5000000,4855368,144632,144632,0,4855368,121373,23259,0,0,0,0,0,0.0289264,0.02877966789222652,0.029073677972600537,false,0.0289264,0.02877966789222652,0.029073677972600537,false,0.0,0.0,5.991462752596988e-07,true,true,0,0.0,0.0,5.991462752596988e-07,true,0,0,true,121373,24287,0,NA,0.402979,0,0,0,0,0,0,0,0,0,0,arm64,true,true,NA,NA,NA,NA,NA
E5,pooled,native_scalar,SPLIT,double,libc++,0.505,0.0050000000000000044,5,5000000,4878902,121098,121098,0,4878902,121098,0,0,0,0,0,0,0.0242196,0.02408502745726065,0.024354723906515992,false,0.0242196,0.02408502745726065,0.024354723906515992,false,0.0,0.0,5.991462752596988e-07,true,true,0,0.0,0.0,5.991462752596988e-07,true,0,0,true,121098,24288,0,NA,0.506106,0,0,0,0,0,0,0,0,0,0,arm64,true,true,NA,NA,NA,NA,NA
E5,pooled,native_scalar,SPLIT,double,libstdc++,0.505,0.0050000000000000044,5,5000000,4878627,121373,121373,0,4878627,121373,0,0,0,0,0,0,0.0242746,0.02413987831511247,0.02440987298432759,false,0.0242746,0.02413987831511247,0.02440987298432759,false,0.0,0.0,5.991462752596988e-07,true,true,0,0.0,0.0,5.991462752596988e-07,true,0,0,true,121373,24287,0,NA,0.403123,0,0,0,0,0,0,0,0,0,0,arm64,true,true,NA,NA,NA,NA,NA
E5,pooled,native_scalar,LOG,double,libc++,0.51,0.010000000000000009,5,5000000,4999994,6,0,6,4999994,0,0,0,0,6,0,0,1.2e-06,4.4037897392089116e-07,2.6118929606437516e-06,false,0.0,0.0,5.991462752596988e-07,true,1.2e-06,4.4037897392089116e-07,2.6118929606437516e-06,false,true,0,0.0,0.0,5.991462752596988e-07,true,0,6,false,2922,0,0,NA,0.616376,0,0,0,0,0,0,0,0,0,0,arm64,true,true,NA,NA,NA,NA,NA
E5,pooled,native_scalar,LOG,double,libstdc++,0.51,0.010000000000000009,5,5000000,5000000,0,0,0,5000000,0,0,0,0,0,0,0,0.0,0.0,5.991462752596988e-07,true,0.0,0.0,5.991462752596988e-07,true,0.0,0.0,5.991462752596988e-07,true,true,0,0.0,0.0,5.991462752596988e-07,true,0,0,true,2808,0,0,NA,0.45614,0,0,0,0,0,0,0,0,0,0,arm64,true,true,NA,NA,NA,NA,NA
E5,pooled,native_scalar,QF,double,libc++,0.51,0.010000000000000009,5,5000000,4995859,4141,4141,0,4995859,2932,1209,0,0,0,0,0,0.0008282,0.0008031749646620459,0.0008538059728040642,false,0.0008282,0.0008031749646620459,0.0008538059728040642,false,0.0,0.0,5.991462752596988e-07,true,true,0,0.0,0.0,5.991462752596988e-07,true,0,0,true,2932,1258,0,NA,0.507687,0,0,0,0,0,0,0,0,0,0,arm64,true,true,NA,NA,NA,NA,NA
E5,pooled,native_scalar,QF,double,libstdc++,0.51,0.010000000000000009,5,5000000,4995967,4033,4033,0,4995967,2811,1222,0,0,0,0,0,0.0008066,0.0007819056930998896,0.0008318753097536218,false,0.0008066,0.0007819056930998896,0.0008318753097536218,false,0.0,0.0,5.991462752596988e-07,true,true,0,0.0,0.0,5.991462752596988e-07,true,0,0,true,2811,1278,0,NA,0.408651,0,0,0,0,0,0,0,0,0,0,arm64,true,true,NA,NA,NA,NA,NA
E5,pooled,native_scalar,SPLIT,double,libc++,0.51,0.010000000000000009,5,5000000,4997068,2932,2932,0,4997068,2932,0,0,0,0,0,0,0.0005864,0.0005653703472055741,0.0006080114418922518,false,0.0005864,0.0005653703472055741,0.0006080114418922518,false,0.0,0.0,5.991462752596988e-07,true,true,0,0.0,0.0,5.991462752596988e-07,true,0,0,true,2932,1258,0,NA,0.5089589999999999,0,0,0,0,0,0,0,0,0,0,arm64,true,true,NA,NA,NA,NA,NA
E5,pooled,native_scalar,SPLIT,double,libstdc++,0.51,0.010000000000000009,5,5000000,4997189,2811,2811,0,4997189,2811,0,0,0,0,0,0,0.0005622,0.0005416125846657065,0.0005833693091858412,false,0.0005622,0.0005416125846657065,0.0005833693091858412,false,0.0,0.0,5.991462752596988e-07,true,true,0,0.0,0.0,5.991462752596988e-07,true,0,0,true,2811,1278,0,NA,0.407883,0,0,0,0,0,0,0,0,0,0,arm64,true,true,NA,NA,NA,NA,NA
E5,pooled,native_scalar,LOG,double,libc++,0.55,0.050000000000000044,5,5000000,5000000,0,0,0,5000000,0,0,0,0,0,0,0,0.0,0.0,5.991462752596988e-07,true,0.0,0.0,5.991462752596988e-07,true,0.0,0.0,5.991462752596988e-07,true,true,0,0.0,0.0,5.991462752596988e-07,true,0,0,true,0,0,0,NA,0.631829,0,0,0,0,0,0,0,0,0,0,arm64,true,true,NA,NA,NA,NA,NA
E5,pooled,native_scalar,LOG,double,libstdc++,0.55,0.050000000000000044,5,5000000,5000000,0,0,0,5000000,0,0,0,0,0,0,0,0.0,0.0,5.991462752596988e-07,true,0.0,0.0,5.991462752596988e-07,true,0.0,0.0,5.991462752596988e-07,true,true,0,0.0,0.0,5.991462752596988e-07,true,0,0,true,0,0,0,NA,0.473519,0,0,0,0,0,0,0,0,0,0,arm64,true,true,NA,NA,NA,NA,NA
E5,pooled,native_scalar,QF,double,libc++,0.55,0.050000000000000044,5,5000000,5000000,0,0,0,5000000,0,0,0,0,0,0,0,0.0,0.0,5.991462752596988e-07,true,0.0,0.0,5.991462752596988e-07,true,0.0,0.0,5.991462752596988e-07,true,true,0,0.0,0.0,5.991462752596988e-07,true,0,0,true,0,0,0,NA,0.527863,0,0,0,0,0,0,0,0,0,0,arm64,true,true,NA,NA,NA,NA,NA
E5,pooled,native_scalar,QF,double,libstdc++,0.55,0.050000000000000044,5,5000000,5000000,0,0,0,5000000,0,0,0,0,0,0,0,0.0,0.0,5.991462752596988e-07,true,0.0,0.0,5.991462752596988e-07,true,0.0,0.0,5.991462752596988e-07,true,true,0,0.0,0.0,5.991462752596988e-07,true,0,0,true,0,0,0,NA,0.41684299999999996,0,0,0,0,0,0,0,0,0,0,arm64,true,true,NA,NA,NA,NA,NA
E5,pooled,native_scalar,SPLIT,double,libc++,0.55,0.050000000000000044,5,5000000,5000000,0,0,0,5000000,0,0,0,0,0,0,0,0.0,0.0,5.991462752596988e-07,true,0.0,0.0,5.991462752596988e-07,true,0.0,0.0,5.991462752596988e-07,true,true,0,0.0,0.0,5.991462752596988e-07,true,0,0,true,0,0,0,NA,0.526337,0,0,0,0,0,0,0,0,0,0,arm64,true,true,NA,NA,NA,NA,NA
E5,pooled,native_scalar,SPLIT,double,libstdc++,0.55,0.050000000000000044,5,5000000,5000000,0,0,0,5000000,0,0,0,0,0,0,0,0.0,0.0,5.991462752596988e-07,true,0.0,0.0,5.991462752596988e-07,true,0.0,0.0,5.991462752596988e-07,true,true,0,0.0,0.0,5.991462752596988e-07,true,0,0,true,0,0,0,NA,0.418259,0,0,0,0,0,0,0,0,0,0,arm64,true,true,NA,NA,NA,NA,NA
E5,pooled,native_scalar,LOG,double,libc++,0.6,0.09999999999999998,5,5000000,5000000,0,0,0,5000000,0,0,0,0,0,0,0,0.0,0.0,5.991462752596988e-07,true,0.0,0.0,5.991462752596988e-07,true,0.0,0.0,5.991462752596988e-07,true,true,0,0.0,0.0,5.991462752596988e-07,true,0,0,true,0,0,0,NA,0.653543,0,0,0,0,0,0,0,0,0,0,arm64,true,true,NA,NA,NA,NA,NA
E5,pooled,native_scalar,LOG,double,libstdc++,0.6,0.09999999999999998,5,5000000,5000000,0,0,0,5000000,0,0,0,0,0,0,0,0.0,0.0,5.991462752596988e-07,true,0.0,0.0,5.991462752596988e-07,true,0.0,0.0,5.991462752596988e-07,true,true,0,0.0,0.0,5.991462752596988e-07,true,0,0,true,0,0,0,NA,0.500769,0,0,0,0,0,0,0,0,0,0,arm64,true,true,NA,NA,NA,NA,NA
E5,pooled,native_scalar,QF,double,libc++,0.6,0.09999999999999998,5,5000000,5000000,0,0,0,5000000,0,0,0,0,0,0,0,0.0,0.0,5.991462752596988e-07,true,0.0,0.0,5.991462752596988e-07,true,0.0,0.0,5.991462752596988e-07,true,true,0,0.0,0.0,5.991462752596988e-07,true,0,0,true,0,0,0,NA,0.545805,0,0,0,0,0,0,0,0,0,0,arm64,true,true,NA,NA,NA,NA,NA
E5,pooled,native_scalar,QF,double,libstdc++,0.6,0.09999999999999998,5,5000000,5000000,0,0,0,5000000,0,0,0,0,0,0,0,0.0,0.0,5.991462752596988e-07,true,0.0,0.0,5.991462752596988e-07,true,0.0,0.0,5.991462752596988e-07,true,true,0,0.0,0.0,5.991462752596988e-07,true,0,0,true,0,0,0,NA,0.431242,0,0,0,0,0,0,0,0,0,0,arm64,true,true,NA,NA,NA,NA,NA
E5,pooled,native_scalar,SPLIT,double,libc++,0.6,0.09999999999999998,5,5000000,5000000,0,0,0,5000000,0,0,0,0,0,0,0,0.0,0.0,5.991462752596988e-07,true,0.0,0.0,5.991462752596988e-07,true,0.0,0.0,5.991462752596988e-07,true,true,0,0.0,0.0,5.991462752596988e-07,true,0,0,true,0,0,0,NA,0.546448,0,0,0,0,0,0,0,0,0,0,arm64,true,true,NA,NA,NA,NA,NA
E5,pooled,native_scalar,SPLIT,double,libstdc++,0.6,0.09999999999999998,5,5000000,5000000,0,0,0,5000000,0,0,0,0,0,0,0,0.0,0.0,5.991462752596988e-07,true,0.0,0.0,5.991462752596988e-07,true,0.0,0.0,5.991462752596988e-07,true,true,0,0.0,0.0,5.991462752596988e-07,true,0,0,true,0,0,0,NA,0.432155,0,0,0,0,0,0,0,0,0,0,arm64,true,true,NA,NA,NA,NA,NA
E5,pooled,native_scalar,LOG,double,libc++,0.75,0.25,5,5000000,5000000,0,0,0,5000000,0,0,0,0,0,0,0,0.0,0.0,5.991462752596988e-07,true,0.0,0.0,5.991462752596988e-07,true,0.0,0.0,5.991462752596988e-07,true,true,0,0.0,0.0,5.991462752596988e-07,true,0,0,true,0,0,0,NA,0.710029,0,0,0,0,0,0,0,0,0,0,arm64,true,true,NA,NA,NA,NA,NA
E5,pooled,native_scalar,LOG,double,libstdc++,0.75,0.25,5,5000000,5000000,0,0,0,5000000,0,0,0,0,0,0,0,0.0,0.0,5.991462752596988e-07,true,0.0,0.0,5.991462752596988e-07,true,0.0,0.0,5.991462752596988e-07,true,true,0,0.0,0.0,5.991462752596988e-07,true,0,0,true,0,0,0,NA,0.5740419999999999,0,0,0,0,0,0,0,0,0,0,arm64,true,true,NA,NA,NA,NA,NA
E5,pooled,native_scalar,QF,double,libc++,0.75,0.25,5,5000000,5000000,0,0,0,5000000,0,0,0,0,0,0,0,0.0,0.0,5.991462752596988e-07,true,0.0,0.0,5.991462752596988e-07,true,0.0,0.0,5.991462752596988e-07,true,true,0,0.0,0.0,5.991462752596988e-07,true,0,0,true,0,0,0,NA,0.589567,0,0,0,0,0,0,0,0,0,0,arm64,true,true,NA,NA,NA,NA,NA
E5,pooled,native_scalar,QF,double,libstdc++,0.75,0.25,5,5000000,5000000,0,0,0,5000000,0,0,0,0,0,0,0,0.0,0.0,5.991462752596988e-07,true,0.0,0.0,5.991462752596988e-07,true,0.0,0.0,5.991462752596988e-07,true,true,0,0.0,0.0,5.991462752596988e-07,true,0,0,true,0,0,0,NA,0.456288,0,0,0,0,0,0,0,0,0,0,arm64,true,true,NA,NA,NA,NA,NA
E5,pooled,native_scalar,SPLIT,double,libc++,0.75,0.25,5,5000000,5000000,0,0,0,5000000,0,0,0,0,0,0,0,0.0,0.0,5.991462752596988e-07,true,0.0,0.0,5.991462752596988e-07,true,0.0,0.0,5.991462752596988e-07,true,true,0,0.0,0.0,5.991462752596988e-07,true,0,0,true,0,0,0,NA,0.5903079999999999,0,0,0,0,0,0,0,0,0,0,arm64,true,true,NA,NA,NA,NA,NA
E5,pooled,native_scalar,SPLIT,double,libstdc++,0.75,0.25,5,5000000,5000000,0,0,0,5000000,0,0,0,0,0,0,0,0.0,0.0,5.991462752596988e-07,true,0.0,0.0,5.991462752596988e-07,true,0.0,0.0,5.991462752596988e-07,true,true,0,0.0,0.0,5.991462752596988e-07,true,0,0,true,0,0,0,NA,0.456609,0,0,0,0,0,0,0,0,0,0,arm64,true,true,NA,NA,NA,NA,NA
E5,pooled,native_scalar,LOG,double,libc++,1,0.5,5,5000000,5000000,0,0,0,5000000,0,0,0,0,0,0,0,0.0,0.0,5.991462752596988e-07,true,0.0,0.0,5.991462752596988e-07,true,0.0,0.0,5.991462752596988e-07,true,true,0,0.0,0.0,5.991462752596988e-07,true,0,0,true,0,0,0,NA,0.806526,0,0,0,0,0,0,0,0,0,0,arm64,true,true,NA,NA,NA,NA,NA
E5,pooled,native_scalar,LOG,double,libstdc++,1,0.5,5,5000000,5000000,0,0,0,5000000,0,0,0,0,0,0,0,0.0,0.0,5.991462752596988e-07,true,0.0,0.0,5.991462752596988e-07,true,0.0,0.0,5.991462752596988e-07,true,true,0,0.0,0.0,5.991462752596988e-07,true,0,0,true,0,0,0,NA,0.6775370000000001,0,0,0,0,0,0,0,0,0,0,arm64,true,true,NA,NA,NA,NA,NA
E5,pooled,native_scalar,QF,double,libc++,1,0.5,5,5000000,5000000,0,0,0,5000000,0,0,0,0,0,0,0,0.0,0.0,5.991462752596988e-07,true,0.0,0.0,5.991462752596988e-07,true,0.0,0.0,5.991462752596988e-07,true,true,0,0.0,0.0,5.991462752596988e-07,true,0,0,true,0,0,0,NA,0.641783,0,0,0,0,0,0,0,0,0,0,arm64,true,true,NA,NA,NA,NA,NA
E5,pooled,native_scalar,QF,double,libstdc++,1,0.5,5,5000000,5000000,0,0,0,5000000,0,0,0,0,0,0,0,0.0,0.0,5.991462752596988e-07,true,0.0,0.0,5.991462752596988e-07,true,0.0,0.0,5.991462752596988e-07,true,true,0,0.0,0.0,5.991462752596988e-07,true,0,0,true,0,0,0,NA,0.48098399999999997,0,0,0,0,0,0,0,0,0,0,arm64,true,true,NA,NA,NA,NA,NA
E5,pooled,native_scalar,SPLIT,double,libc++,1,0.5,5,5000000,5000000,0,0,0,5000000,0,0,0,0,0,0,0,0.0,0.0,5.991462752596988e-07,true,0.0,0.0,5.991462752596988e-07,true,0.0,0.0,5.991462752596988e-07,true,true,0,0.0,0.0,5.991462752596988e-07,true,0,0,true,0,0,0,NA,0.639486,0,0,0,0,0,0,0,0,0,0,arm64,true,true,NA,NA,NA,NA,NA
E5,pooled,native_scalar,SPLIT,double,libstdc++,1,0.5,5,5000000,5000000,0,0,0,5000000,0,0,0,0,0,0,0,0.0,0.0,5.991462752596988e-07,true,0.0,0.0,5.991462752596988e-07,true,0.0,0.0,5.991462752596988e-07,true,true,0,0.0,0.0,5.991462752596988e-07,true,0,0,true,0,0,0,NA,0.478669,0,0,0,0,0,0,0,0,0,0,arm64,true,true,NA,NA,NA,NA,NA
E5,pooled,native_scalar,LOG,double,libc++,1.5,1.0,5,5000000,5000000,0,0,0,5000000,0,0,0,0,0,0,0,0.0,0.0,5.991462752596988e-07,true,0.0,0.0,5.991462752596988e-07,true,0.0,0.0,5.991462752596988e-07,true,true,0,0.0,0.0,5.991462752596988e-07,true,0,0,true,0,0,0,NA,0.663824,0,0,0,0,0,0,0,0,0,0,arm64,true,true,NA,NA,NA,NA,NA
E5,pooled,native_scalar,LOG,double,libstdc++,1.5,1.0,5,5000000,5000000,0,0,0,5000000,0,0,0,0,0,0,0,0.0,0.0,5.991462752596988e-07,true,0.0,0.0,5.991462752596988e-07,true,0.0,0.0,5.991462752596988e-07,true,true,0,0.0,0.0,5.991462752596988e-07,true,0,0,true,0,0,0,NA,0.56964,0,0,0,0,0,0,0,0,0,0,arm64,true,true,NA,NA,NA,NA,NA
E5,pooled,native_scalar,QF,double,libc++,1.5,1.0,5,5000000,5000000,0,0,0,5000000,0,0,0,0,0,0,0,0.0,0.0,5.991462752596988e-07,true,0.0,0.0,5.991462752596988e-07,true,0.0,0.0,5.991462752596988e-07,true,true,0,0.0,0.0,5.991462752596988e-07,true,0,0,true,0,0,0,NA,0.536489,0,0,0,0,0,0,0,0,0,0,arm64,true,true,NA,NA,NA,NA,NA
E5,pooled,native_scalar,QF,double,libstdc++,1.5,1.0,5,5000000,5000000,0,0,0,5000000,0,0,0,0,0,0,0,0.0,0.0,5.991462752596988e-07,true,0.0,0.0,5.991462752596988e-07,true,0.0,0.0,5.991462752596988e-07,true,true,0,0.0,0.0,5.991462752596988e-07,true,0,0,true,0,0,0,NA,0.461939,0,0,0,0,0,0,0,0,0,0,arm64,true,true,NA,NA,NA,NA,NA
E5,pooled,native_scalar,SPLIT,double,libc++,1.5,1.0,5,5000000,5000000,0,0,0,5000000,0,0,0,0,0,0,0,0.0,0.0,5.991462752596988e-07,true,0.0,0.0,5.991462752596988e-07,true,0.0,0.0,5.991462752596988e-07,true,true,0,0.0,0.0,5.991462752596988e-07,true,0,0,true,0,0,0,NA,0.536072,0,0,0,0,0,0,0,0,0,0,arm64,true,true,NA,NA,NA,NA,NA
E5,pooled,native_scalar,SPLIT,double,libstdc++,1.5,1.0,5,5000000,5000000,0,0,0,5000000,0,0,0,0,0,0,0,0.0,0.0,5.991462752596988e-07,true,0.0,0.0,5.991462752596988e-07,true,0.0,0.0,5.991462752596988e-07,true,true,0,0.0,0.0,5.991462752596988e-07,true,0,0,true,0,0,0,NA,0.45982,0,0,0,0,0,0,0,0,0,0,arm64,true,true,NA,NA,NA,NA,NA
E5,pooled,native_scalar,LOG,double,libc++,2,1.5,5,5000000,5000000,0,0,0,5000000,0,0,0,0,0,0,0,0.0,0.0,5.991462752596988e-07,true,0.0,0.0,5.991462752596988e-07,true,0.0,0.0,5.991462752596988e-07,true,true,0,0.0,0.0,5.991462752596988e-07,true,0,0,true,0,0,0,NA,0.853073,0,0,0,0,0,0,0,0,0,0,arm64,true,true,NA,NA,NA,NA,NA
E5,pooled,native_scalar,LOG,double,libstdc++,2,1.5,5,5000000,5000000,0,0,0,5000000,0,0,0,0,0,0,0,0.0,0.0,5.991462752596988e-07,true,0.0,0.0,5.991462752596988e-07,true,0.0,0.0,5.991462752596988e-07,true,true,0,0.0,0.0,5.991462752596988e-07,true,0,0,true,0,0,0,NA,0.568872,0,0,0,0,0,0,0,0,0,0,arm64,true,true,NA,NA,NA,NA,NA
E5,pooled,native_scalar,QF,double,libc++,2,1.5,5,5000000,5000000,0,0,0,5000000,0,0,0,0,0,0,0,0.0,0.0,5.991462752596988e-07,true,0.0,0.0,5.991462752596988e-07,true,0.0,0.0,5.991462752596988e-07,true,true,0,0.0,0.0,5.991462752596988e-07,true,0,0,true,0,0,0,NA,0.760131,0,0,0,0,0,0,0,0,0,0,arm64,true,true,NA,NA,NA,NA,NA
E5,pooled,native_scalar,QF,double,libstdc++,2,1.5,5,5000000,5000000,0,0,0,5000000,0,0,0,0,0,0,0,0.0,0.0,5.991462752596988e-07,true,0.0,0.0,5.991462752596988e-07,true,0.0,0.0,5.991462752596988e-07,true,true,0,0.0,0.0,5.991462752596988e-07,true,0,0,true,0,0,0,NA,0.462876,0,0,0,0,0,0,0,0,0,0,arm64,true,true,NA,NA,NA,NA,NA
E5,pooled,native_scalar,SPLIT,double,libc++,2,1.5,5,5000000,5000000,0,0,0,5000000,0,0,0,0,0,0,0,0.0,0.0,5.991462752596988e-07,true,0.0,0.0,5.991462752596988e-07,true,0.0,0.0,5.991462752596988e-07,true,true,0,0.0,0.0,5.991462752596988e-07,true,0,0,true,0,0,0,NA,0.759232,0,0,0,0,0,0,0,0,0,0,arm64,true,true,NA,NA,NA,NA,NA
E5,pooled,native_scalar,SPLIT,double,libstdc++,2,1.5,5,5000000,5000000,0,0,0,5000000,0,0,0,0,0,0,0,0.0,0.0,5.991462752596988e-07,true,0.0,0.0,5.991462752596988e-07,true,0.0,0.0,5.991462752596988e-07,true,true,0,0.0,0.0,5.991462752596988e-07,true,0,0,true,0,0,0,NA,0.46111,0,0,0,0,0,0,0,0,0,0,arm64,true,true,NA,NA,NA,NA,NA
E5,pooled,native_scalar,LOG,double,libc++,5,4.5,5,5000000,5000000,0,0,0,5000000,0,0,0,0,0,0,0,0.0,0.0,5.991462752596988e-07,true,0.0,0.0,5.991462752596988e-07,true,0.0,0.0,5.991462752596988e-07,true,true,0,0.0,0.0,5.991462752596988e-07,true,0,0,true,0,0,0,NA,0.809661,0,0,0,0,0,0,0,0,0,0,arm64,true,true,NA,NA,NA,NA,NA
E5,pooled,native_scalar,LOG,double,libstdc++,5,4.5,5,5000000,5000000,0,0,0,5000000,0,0,0,0,0,0,0,0.0,0.0,5.991462752596988e-07,true,0.0,0.0,5.991462752596988e-07,true,0.0,0.0,5.991462752596988e-07,true,true,0,0.0,0.0,5.991462752596988e-07,true,0,0,true,0,0,0,NA,0.567114,0,0,0,0,0,0,0,0,0,0,arm64,true,true,NA,NA,NA,NA,NA
E5,pooled,native_scalar,QF,double,libc++,5,4.5,5,5000000,5000000,0,0,0,5000000,0,0,0,0,0,0,0,0.0,0.0,5.991462752596988e-07,true,0.0,0.0,5.991462752596988e-07,true,0.0,0.0,5.991462752596988e-07,true,true,0,0.0,0.0,5.991462752596988e-07,true,0,0,true,0,0,0,NA,0.717383,0,0,0,0,0,0,0,0,0,0,arm64,true,true,NA,NA,NA,NA,NA
E5,pooled,native_scalar,QF,double,libstdc++,5,4.5,5,5000000,5000000,0,0,0,5000000,0,0,0,0,0,0,0,0.0,0.0,5.991462752596988e-07,true,0.0,0.0,5.991462752596988e-07,true,0.0,0.0,5.991462752596988e-07,true,true,0,0.0,0.0,5.991462752596988e-07,true,0,0,true,0,0,0,NA,0.45795199999999997,0,0,0,0,0,0,0,0,0,0,arm64,true,true,NA,NA,NA,NA,NA
E5,pooled,native_scalar,SPLIT,double,libc++,5,4.5,5,5000000,5000000,0,0,0,5000000,0,0,0,0,0,0,0,0.0,0.0,5.991462752596988e-07,true,0.0,0.0,5.991462752596988e-07,true,0.0,0.0,5.991462752596988e-07,true,true,0,0.0,0.0,5.991462752596988e-07,true,0,0,true,0,0,0,NA,0.712681,0,0,0,0,0,0,0,0,0,0,arm64,true,true,NA,NA,NA,NA,NA
E5,pooled,native_scalar,SPLIT,double,libstdc++,5,4.5,5,5000000,5000000,0,0,0,5000000,0,0,0,0,0,0,0,0.0,0.0,5.991462752596988e-07,true,0.0,0.0,5.991462752596988e-07,true,0.0,0.0,5.991462752596988e-07,true,true,0,0.0,0.0,5.991462752596988e-07,true,0,0,true,0,0,0,NA,0.457222,0,0,0,0,0,0,0,0,0,0,arm64,true,true,NA,NA,NA,NA,NA
E5,pooled,native_scalar,LOG,float,libc++,0.5001,0.00010001659393310547,5,5000000,88260,4911740,0,4911740,88260,0,0,0,0,4911740,0,0,0.982348,0.9822321971945072,0.9824632437387643,false,0.0,0.0,5.991462752596988e-07,true,0.982348,0.9822321971945072,0.9824632437387643,false,true,0,0.0,0.0,5.991462752596988e-07,true,0,4911740,false,4948297,0,0,NA,0.429942,0,0,0,0,0,0,0,0,0,0,arm64,true,true,NA,NA,NA,NA,NA
E5,pooled,native_scalar,LOG,float,libstdc++,0.5001,0.00010001659393310547,5,5000000,88308,4911692,0,4911692,88308,0,0,0,0,4911692,0,0,0.9823384,0.982222566382338,0.9824536745622313,false,0.0,0.0,5.991462752596988e-07,true,0.9823384,0.982222566382338,0.9824536745622313,false,true,0,0.0,0.0,5.991462752596988e-07,true,0,4911692,false,4948562,0,0,NA,0.260144,0,0,0,0,0,0,0,0,0,0,arm64,true,true,NA,NA,NA,NA,NA
E5,pooled,native_scalar,QF,float,libc++,0.5001,0.00010001659393310547,5,5000000,43873,4956127,4956127,0,43873,4948283,7844,0,0,0,0,0,0.9912254,0.9911432695804958,0.9913069607942939,false,0.9912254,0.9911432695804958,0.9913069607942939,false,0.0,0.0,5.991462752596988e-07,true,true,0,0.0,0.0,5.991462752596988e-07,true,0,0,true,4948283,8492,0,NA,0.3639324,0,0,0,0,0,0,0,0,0,0,arm64,true,true,NA,NA,NA,NA,NA
E5,pooled,native_scalar,QF,float,libstdc++,0.5001,0.00010001659393310547,5,5000000,44027,4955973,4955973,0,44027,4948353,7620,0,0,0,0,0,0.9911946,0.9911123275292386,0.9912763028828665,false,0.9911946,0.9911123275292386,0.9912763028828665,false,0.0,0.0,5.991462752596988e-07,true,true,0,0.0,0.0,5.991462752596988e-07,true,0,0,true,4948353,8289,0,NA,0.24512699999999998,0,0,0,0,0,0,0,0,0,0,arm64,true,true,NA,NA,NA,NA,NA
E5,pooled,native_scalar,SPLIT,float,libc++,0.5001,0.00010001659393310547,5,5000000,51717,4948283,4948283,0,51717,4948283,0,0,0,0,0,0,0.9896566,0.9895675335718813,0.9897450986939944,false,0.9896566,0.9895675335718813,0.9897450986939944,false,0.0,0.0,5.991462752596988e-07,true,true,0,0.0,0.0,5.991462752596988e-07,true,0,0,true,4948283,8492,0,NA,0.3662172,0,0,0,0,0,0,0,0,0,0,arm64,true,true,NA,NA,NA,NA,NA
E5,pooled,native_scalar,SPLIT,float,libstdc++,0.5001,0.00010001659393310547,5,5000000,51647,4948353,4948353,0,51647,4948353,0,0,0,0,0,0,0.9896706,0.9895815929734026,0.9897590392756725,false,0.9896706,0.9895815929734026,0.9897590392756725,false,0.0,0.0,5.991462752596988e-07,true,true,0,0.0,0.0,5.991462752596988e-07,true,0,0,true,4948353,8289,0,NA,0.242791,0,0,0,0,0,0,0,0,0,0,arm64,true,true,NA,NA,NA,NA,NA
E5,pooled,native_scalar,LOG,float,libc++,0.501,0.0009999871253967285,5,5000000,815208,4184792,0,4184792,815208,0,0,0,0,4184792,0,0,0.8369584,0.8366343143093329,0.8372820954265581,false,0.0,0.0,5.991462752596988e-07,true,0.8369584,0.8366343143093329,0.8372820954265581,false,true,0,0.0,0.0,5.991462752596988e-07,true,0,4184792,false,4508945,0,0,NA,0.4576505,0,0,0,0,0,0,0,0,0,0,arm64,true,true,NA,NA,NA,NA,NA
E5,pooled,native_scalar,LOG,float,libstdc++,0.501,0.0009999871253967285,5,5000000,814845,4185155,0,4185155,814845,0,0,0,0,4185155,0,0,0.837031,0.8367069723250486,0.8373546373267364,false,0.0,0.0,5.991462752596988e-07,true,0.837031,0.8367069723250486,0.8373546373267364,false,true,0,0.0,0.0,5.991462752596988e-07,true,0,4185155,false,4508957,0,0,NA,0.287347,0,0,0,0,0,0,0,0,0,0,arm64,true,true,NA,NA,NA,NA,NA
E5,pooled,native_scalar,QF,float,libc++,0.501,0.0009999871253967285,5,5000000,421818,4578182,4578182,0,421818,4508852,69330,0,0,0,0,0,0.9156364,0.9153924453049214,0.91587987324152,false,0.9156364,0.9153924453049214,0.91587987324152,false,0.0,0.0,5.991462752596988e-07,true,true,0,0.0,0.0,5.991462752596988e-07,true,0,0,true,4508852,75562,0,NA,0.3776217,0,0,0,0,0,0,0,0,0,0,arm64,true,true,NA,NA,NA,NA,NA
E5,pooled,native_scalar,QF,float,libstdc++,0.501,0.0009999871253967285,5,5000000,421856,4578144,4578144,0,421856,4509010,69134,0,0,0,0,0,0.9156288,0.9153848353475238,0.915872283207729,false,0.9156288,0.9153848353475238,0.915872283207729,false,0.0,0.0,5.991462752596988e-07,true,true,0,0.0,0.0,5.991462752596988e-07,true,0,0,true,4509010,75349,0,NA,0.257851,0,0,0,0,0,0,0,0,0,0,arm64,true,true,NA,NA,NA,NA,NA
E5,pooled,native_scalar,SPLIT,float,libc++,0.501,0.0009999871253967285,5,5000000,491148,4508852,4508852,0,491148,4508852,0,0,0,0,0,0,0.9017704,0.9015091924326459,0.9020311421922659,false,0.9017704,0.9015091924326459,0.9020311421922659,false,0.0,0.0,5.991462752596988e-07,true,true,0,0.0,0.0,5.991462752596988e-07,true,0,0,true,4508852,75562,0,NA,0.37570400000000004,0,0,0,0,0,0,0,0,0,0,arm64,true,true,NA,NA,NA,NA,NA
E5,pooled,native_scalar,SPLIT,float,libstdc++,0.501,0.0009999871253967285,5,5000000,490990,4509010,4509010,0,490990,4509010,0,0,0,0,0,0,0.901802,0.9015408298087494,0.9020627047795262,false,0.901802,0.9015408298087494,0.9020627047795262,false,0.0,0.0,5.991462752596988e-07,true,true,0,0.0,0.0,5.991462752596988e-07,true,0,0,true,4509010,75349,0,NA,0.257429,0,0,0,0,0,0,0,0,0,0,arm64,true,true,NA,NA,NA,NA,NA
E5,pooled,native_scalar,LOG,float,libc++,0.505,0.004999995231628418,5,5000000,2946969,2053031,0,2053031,2946969,0,0,0,0,2053031,0,0,0.4106062,0.4101749519945751,0.4110375515304417,false,0.0,0.0,5.991462752596988e-07,true,0.4106062,0.4101749519945751,0.4110375515304417,false,true,0,0.0,0.0,5.991462752596988e-07,true,0,2053031,false,2981896,0,0,NA,0.5441320000000001,0,0,0,0,0,0,0,0,0,0,arm64,true,true,NA,NA,NA,NA,NA
E5,pooled,native_scalar,LOG,float,libstdc++,0.505,0.004999995231628418,5,5000000,2945119,2054881,0,2054881,2945119,0,0,0,0,2054881,0,0,0.4109762,0.4105448929736021,0.4114076101229499,false,0.0,0.0,5.991462752596988e-07,true,0.4109762,0.4105448929736021,0.4114076101229499,false,true,0,0.0,0.0,5.991462752596988e-07,true,0,2054881,false,2982758,0,0,NA,0.36068500000000003,0,0,0,0,0,0,0,0,0,0,arm64,true,true,NA,NA,NA,NA,NA
E5,pooled,native_scalar,QF,float,libc++,0.505,0.004999995231628418,5,5000000,1781403,3218597,3218597,0,1781403,2981852,236745,0,0,0,0,0,0.6437194,0.6432994506677752,0.6441391828925161,false,0.6437194,0.6432994506677752,0.6441391828925161,false,0.0,0.0,5.991462752596988e-07,true,true,0,0.0,0.0,5.991462752596988e-07,true,0,0,true,2981852,258656,0,NA,0.4285979,0,0,0,0,0,0,0,0,0,0,arm64,true,true,NA,NA,NA,NA,NA
E5,pooled,native_scalar,QF,float,libstdc++,0.505,0.004999995231628418,5,5000000,1780731,3219269,3219269,0,1780731,2984063,235206,0,0,0,0,0,0.6438538,0.6434338859615365,0.6442735474431003,false,0.6438538,0.6434338859615365,0.6442735474431003,false,0.0,0.0,5.991462752596988e-07,true,true,0,0.0,0.0,5.991462752596988e-07,true,0,0,true,2984063,257092,0,NA,0.314934,0,0,0,0,0,0,0,0,0,0,arm64,true,true,NA,NA,NA,NA,NA
E5,pooled,native_scalar,SPLIT,float,libc++,0.505,0.004999995231628418,5,5000000,2018148,2981852,2981852,0,2018148,2981852,0,0,0,0,0,0,0.5963704,0.595940200557439,0.5968004878379849,false,0.5963704,0.595940200557439,0.5968004878379849,false,0.0,0.0,5.991462752596988e-07,true,true,0,0.0,0.0,5.991462752596988e-07,true,0,0,true,2981852,258656,0,NA,0.4254708,0,0,0,0,0,0,0,0,0,0,arm64,true,true,NA,NA,NA,NA,NA
E5,pooled,native_scalar,SPLIT,float,libstdc++,0.505,0.004999995231628418,5,5000000,2015937,2984063,2984063,0,2015937,2984063,0,0,0,0,0,0,0.5968126,0.5963824766163116,0.5972426112670228,false,0.5968126,0.5963824766163116,0.5972426112670228,false,0.0,0.0,5.991462752596988e-07,true,true,0,0.0,0.0,5.991462752596988e-07,true,0,0,true,2984063,257092,0,NA,0.311385,0,0,0,0,0,0,0,0,0,0,arm64,true,true,NA,NA,NA,NA,NA
E5,pooled,native_scalar,LOG,float,libc++,0.51,0.009999990463256836,5,5000000,4156617,843383,0,843383,4156617,0,0,0,0,843383,0,0,0.1686766,0.1683484640015097,0.16900511973403884,false,0.0,0.0,5.991462752596988e-07,true,0.1686766,0.1683484640015097,0.16900511973403884,false,true,0,0.0,0.0,5.991462752596988e-07,true,0,843383,false,1777038,0,0,NA,0.519517,0,0,0,0,0,0,0,0,0,0,arm64,true,true,NA,NA,NA,NA,NA
E5,pooled,native_scalar,LOG,float,libstdc++,0.51,0.009999990463256836,5,5000000,4156459,843541,0,843541,4156459,0,0,0,0,843541,0,0,0.1687082,0.16838003947832314,0.16903674422061743,false,0.0,0.0,5.991462752596988e-07,true,0.1687082,0.16838003947832314,0.16903674422061743,false,true,0,0.0,0.0,5.991462752596988e-07,true,0,843541,false,1777648,0,0,NA,0.356793,0,0,0,0,0,0,0,0,0,0,arm64,true,true,NA,NA,NA,NA,NA
E5,pooled,native_scalar,QF,float,libc++,0.51,0.009999990463256836,5,5000000,2929723,2070277,2070277,0,2929723,1776854,293423,0,0,0,0,0,0.4140554,0.4136236115519178,0.4144872879786277,false,0.4140554,0.4136236115519178,0.4144872879786277,false,0.0,0.0,5.991462752596988e-07,true,true,0,0.0,0.0,5.991462752596988e-07,true,0,0,true,1776854,321500,0,NA,0.44231390000000004,0,0,0,0,0,0,0,0,0,0,arm64,true,true,NA,NA,NA,NA,NA
E5,pooled,native_scalar,QF,float,libstdc++,0.51,0.009999990463256836,5,5000000,2927361,2072639,2072639,0,2927361,1778809,293830,0,0,0,0,0,0.4145278,0.4140959392336078,0.4149597597498473,false,0.4145278,0.4140959392336078,0.4149597597498473,false,0.0,0.0,5.991462752596988e-07,true,true,0,0.0,0.0,5.991462752596988e-07,true,0,0,true,1778809,321744,0,NA,0.322938,0,0,0,0,0,0,0,0,0,0,arm64,true,true,NA,NA,NA,NA,NA
E5,pooled,native_scalar,SPLIT,float,libc++,0.51,0.009999990463256836,5,5000000,3223146,1776854,1776854,0,3223146,1776854,0,0,0,0,0,0,0.3553708,0.3549512577809665,0.35579050971241594,false,0.3553708,0.3549512577809665,0.35579050971241594,false,0.0,0.0,5.991462752596988e-07,true,true,0,0.0,0.0,5.991462752596988e-07,true,0,0,true,1776854,321500,0,NA,0.4411622,0,0,0,0,0,0,0,0,0,0,arm64,true,true,NA,NA,NA,NA,NA
E5,pooled,native_scalar,SPLIT,float,libstdc++,0.51,0.009999990463256836,5,5000000,3221191,1778809,1778809,0,3221191,1778809,0,0,0,0,0,0,0.3557618,0.35534215414544296,0.3561816128951167,false,0.3557618,0.35534215414544296,0.3561816128951167,false,0.0,0.0,5.991462752596988e-07,true,true,0,0.0,0.0,5.991462752596988e-07,true,0,0,true,1778809,321744,0,NA,0.322515,0,0,0,0,0,0,0,0,0,0,arm64,true,true,NA,NA,NA,NA,NA
E5,pooled,native_scalar,LOG,float,libc++,0.55,0.050000011920928955,5,5000000,4999367,633,0,633,4999367,0,0,0,0,633,0,0,0.0001266,0.00011692899002353798,0.00013685746808029248,false,0.0,0.0,5.991462752596988e-07,true,0.0001266,0.00011692899002353798,0.00013685746808029248,false,true,0,0.0,0.0,5.991462752596988e-07,true,0,633,false,28262,0,0,NA,0.4812547,0,0,0,0,0,0,0,0,0,0,arm64,true,true,NA,NA,NA,NA,NA
E5,pooled,native_scalar,LOG,float,libstdc++,0.55,0.050000011920928955,5,5000000,4999330,670,0,670,4999330,0,0,0,0,670,0,0,0.000134,0.00012404486166787092,0.0001445413722087828,false,0.0,0.0,5.991462752596988e-07,true,0.000134,0.00012404486166787092,0.0001445413722087828,false,true,0,0.0,0.0,5.991462752596988e-07,true,0,670,false,28488,0,0,NA,0.346136,0,0,0,0,0,0,0,0,0,0,arm64,true,true,NA,NA,NA,NA,NA
E5,pooled,native_scalar,QF,float,libc++,0.55,0.050000011920928955,5,5000000,4939140,60860,60860,0,4939140,28179,32681,0,0,0,0,0,0.012172,0.012076068976754464,0.012268496571917949,false,0.012172,0.012076068976754464,0.012268496571917949,false,0.0,0.0,5.991462752596988e-07,true,true,0,0.0,0.0,5.991462752596988e-07,true,0,0,true,28179,36784,0,NA,0.4241688,0,0,0,0,0,0,0,0,0,0,arm64,true,true,NA,NA,NA,NA,NA
E5,pooled,native_scalar,QF,float,libstdc++,0.55,0.050000011920928955,5,5000000,4938750,61250,61250,0,4938750,28673,32577,0,0,0,0,0,0.01225,0.012153765274764515,0.012346800181027906,false,0.01225,0.012153765274764515,0.012346800181027906,false,0.0,0.0,5.991462752596988e-07,true,true,0,0.0,0.0,5.991462752596988e-07,true,0,0,true,28673,36606,0,NA,0.301483,0,0,0,0,0,0,0,0,0,0,arm64,true,true,NA,NA,NA,NA,NA
E5,pooled,native_scalar,SPLIT,float,libc++,0.55,0.050000011920928955,5,5000000,4971821,28179,28179,0,4971821,28179,0,0,0,0,0,0,0.0056358,0.005570369807304753,0.0057018036857307206,false,0.0056358,0.005570369807304753,0.0057018036857307206,false,0.0,0.0,5.991462752596988e-07,true,true,0,0.0,0.0,5.991462752596988e-07,true,0,0,true,28179,36784,0,NA,0.4224886,0,0,0,0,0,0,0,0,0,0,arm64,true,true,NA,NA,NA,NA,NA
E5,pooled,native_scalar,SPLIT,float,libstdc++,0.55,0.050000011920928955,5,5000000,4971327,28673,28673,0,4971327,28673,0,0,0,0,0,0,0.0057346,0.005668600380622819,0.0058011729878581055,false,0.0057346,0.005668600380622819,0.0058011729878581055,false,0.0,0.0,5.991462752596988e-07,true,true,0,0.0,0.0,5.991462752596988e-07,true,0,0,true,28673,36606,0,NA,0.300159,0,0,0,0,0,0,0,0,0,0,arm64,true,true,NA,NA,NA,NA,NA
E5,pooled,native_scalar,LOG,float,libc++,0.6,0.10000002384185791,5,5000000,5000000,0,0,0,5000000,0,0,0,0,0,0,0,0.0,0.0,5.991462752596988e-07,true,0.0,0.0,5.991462752596988e-07,true,0.0,0.0,5.991462752596988e-07,true,true,0,0.0,0.0,5.991462752596988e-07,true,0,0,true,154,0,0,NA,0.4952832,0,0,0,0,0,0,0,0,0,0,arm64,true,true,NA,NA,NA,NA,NA
E5,pooled,native_scalar,LOG,float,libstdc++,0.6,0.10000002384185791,5,5000000,5000000,0,0,0,5000000,0,0,0,0,0,0,0,0.0,0.0,5.991462752596988e-07,true,0.0,0.0,5.991462752596988e-07,true,0.0,0.0,5.991462752596988e-07,true,true,0,0.0,0.0,5.991462752596988e-07,true,0,0,true,137,0,0,NA,0.364927,0,0,0,0,0,0,0,0,0,0,arm64,true,true,NA,NA,NA,NA,NA
E5,pooled,native_scalar,QF,float,libc++,0.6,0.10000002384185791,5,5000000,4999321,679,679,0,4999321,163,516,0,0,0,0,0,0.0001358,0.00012577694514959124,0.0001464092368579607,false,0.0001358,0.00012577694514959124,0.0001464092368579607,false,0.0,0.0,5.991462752596988e-07,true,true,0,0.0,0.0,5.991462752596988e-07,true,0,0,true,163,624,0,NA,0.4374167,0,0,0,0,0,0,0,0,0,0,arm64,true,true,NA,NA,NA,NA,NA
E5,pooled,native_scalar,QF,float,libstdc++,0.6,0.10000002384185791,5,5000000,4999272,728,728,0,4999272,165,563,0,0,0,0,0,0.0001456,0.00013521483094956923,0.00015657108499395265,false,0.0001456,0.00013521483094956923,0.00015657108499395265,false,0.0,0.0,5.991462752596988e-07,true,true,0,0.0,0.0,5.991462752596988e-07,true,0,0,true,165,669,0,NA,0.312002,0,0,0,0,0,0,0,0,0,0,arm64,true,true,NA,NA,NA,NA,NA
E5,pooled,native_scalar,SPLIT,float,libc++,0.6,0.10000002384185791,5,5000000,4999837,163,163,0,4999837,163,0,0,0,0,0,0,3.26e-05,2.7787472424424216e-05,3.8006519466950834e-05,false,3.26e-05,2.7787472424424216e-05,3.8006519466950834e-05,false,0.0,0.0,5.991462752596988e-07,true,true,0,0.0,0.0,5.991462752596988e-07,true,0,0,true,163,624,0,NA,0.43906429999999996,0,0,0,0,0,0,0,0,0,0,arm64,true,true,NA,NA,NA,NA,NA
E5,pooled,native_scalar,SPLIT,float,libstdc++,0.6,0.10000002384185791,5,5000000,4999835,165,165,0,4999835,165,0,0,0,0,0,0,3.3e-05,2.815684877192659e-05,3.843705162708496e-05,false,3.3e-05,2.815684877192659e-05,3.843705162708496e-05,false,0.0,0.0,5.991462752596988e-07,true,true,0,0.0,0.0,5.991462752596988e-07,true,0,0,true,165,669,0,NA,0.311554,0,0,0,0,0,0,0,0,0,0,arm64,true,true,NA,NA,NA,NA,NA
E5,pooled,native_scalar,LOG,float,libc++,0.75,0.25,5,5000000,5000000,0,0,0,5000000,0,0,0,0,0,0,0,0.0,0.0,5.991462752596988e-07,true,0.0,0.0,5.991462752596988e-07,true,0.0,0.0,5.991462752596988e-07,true,true,0,0.0,0.0,5.991462752596988e-07,true,0,0,true,0,0,0,NA,0.541864,0,0,0,0,0,0,0,0,0,0,arm64,true,true,NA,NA,NA,NA,NA
E5,pooled,native_scalar,LOG,float,libstdc++,0.75,0.25,5,5000000,5000000,0,0,0,5000000,0,0,0,0,0,0,0,0.0,0.0,5.991462752596988e-07,true,0.0,0.0,5.991462752596988e-07,true,0.0,0.0,5.991462752596988e-07,true,true,0,0.0,0.0,5.991462752596988e-07,true,0,0,true,0,0,0,NA,0.415735,0,0,0,0,0,0,0,0,0,0,arm64,true,true,NA,NA,NA,NA,NA
E5,pooled,native_scalar,QF,float,libc++,0.75,0.25,5,5000000,5000000,0,0,0,5000000,0,0,0,0,0,0,0,0.0,0.0,5.991462752596988e-07,true,0.0,0.0,5.991462752596988e-07,true,0.0,0.0,5.991462752596988e-07,true,true,0,0.0,0.0,5.991462752596988e-07,true,0,0,true,0,0,0,NA,0.476323,0,0,0,0,0,0,0,0,0,0,arm64,true,true,NA,NA,NA,NA,NA
E5,pooled,native_scalar,QF,float,libstdc++,0.75,0.25,5,5000000,5000000,0,0,0,5000000,0,0,0,0,0,0,0,0.0,0.0,5.991462752596988e-07,true,0.0,0.0,5.991462752596988e-07,true,0.0,0.0,5.991462752596988e-07,true,true,0,0.0,0.0,5.991462752596988e-07,true,0,0,true,0,0,0,NA,0.334437,0,0,0,0,0,0,0,0,0,0,arm64,true,true,NA,NA,NA,NA,NA
E5,pooled,native_scalar,SPLIT,float,libc++,0.75,0.25,5,5000000,5000000,0,0,0,5000000,0,0,0,0,0,0,0,0.0,0.0,5.991462752596988e-07,true,0.0,0.0,5.991462752596988e-07,true,0.0,0.0,5.991462752596988e-07,true,true,0,0.0,0.0,5.991462752596988e-07,true,0,0,true,0,0,0,NA,0.47553500000000004,0,0,0,0,0,0,0,0,0,0,arm64,true,true,NA,NA,NA,NA,NA
E5,pooled,native_scalar,SPLIT,float,libstdc++,0.75,0.25,5,5000000,5000000,0,0,0,5000000,0,0,0,0,0,0,0,0.0,0.0,5.991462752596988e-07,true,0.0,0.0,5.991462752596988e-07,true,0.0,0.0,5.991462752596988e-07,true,true,0,0.0,0.0,5.991462752596988e-07,true,0,0,true,0,0,0,NA,0.336025,0,0,0,0,0,0,0,0,0,0,arm64,true,true,NA,NA,NA,NA,NA
E5,pooled,native_scalar,LOG,float,libc++,1,0.5,5,5000000,5000000,0,0,0,5000000,0,0,0,0,0,0,0,0.0,0.0,5.991462752596988e-07,true,0.0,0.0,5.991462752596988e-07,true,0.0,0.0,5.991462752596988e-07,true,true,0,0.0,0.0,5.991462752596988e-07,true,0,0,true,0,0,0,NA,0.615333,0,0,0,0,0,0,0,0,0,0,arm64,true,true,NA,NA,NA,NA,NA
E5,pooled,native_scalar,LOG,float,libstdc++,1,0.5,5,5000000,5000000,0,0,0,5000000,0,0,0,0,0,0,0,0.0,0.0,5.991462752596988e-07,true,0.0,0.0,5.991462752596988e-07,true,0.0,0.0,5.991462752596988e-07,true,true,0,0.0,0.0,5.991462752596988e-07,true,0,0,true,0,0,0,NA,0.489557,0,0,0,0,0,0,0,0,0,0,arm64,true,true,NA,NA,NA,NA,NA
E5,pooled,native_scalar,QF,float,libc++,1,0.5,5,5000000,5000000,0,0,0,5000000,0,0,0,0,0,0,0,0.0,0.0,5.991462752596988e-07,true,0.0,0.0,5.991462752596988e-07,true,0.0,0.0,5.991462752596988e-07,true,true,0,0.0,0.0,5.991462752596988e-07,true,0,0,true,0,0,0,NA,0.517072,0,0,0,0,0,0,0,0,0,0,arm64,true,true,NA,NA,NA,NA,NA
E5,pooled,native_scalar,QF,float,libstdc++,1,0.5,5,5000000,5000000,0,0,0,5000000,0,0,0,0,0,0,0,0.0,0.0,5.991462752596988e-07,true,0.0,0.0,5.991462752596988e-07,true,0.0,0.0,5.991462752596988e-07,true,true,0,0.0,0.0,5.991462752596988e-07,true,0,0,true,0,0,0,NA,0.353401,0,0,0,0,0,0,0,0,0,0,arm64,true,true,NA,NA,NA,NA,NA
E5,pooled,native_scalar,SPLIT,float,libc++,1,0.5,5,5000000,5000000,0,0,0,5000000,0,0,0,0,0,0,0,0.0,0.0,5.991462752596988e-07,true,0.0,0.0,5.991462752596988e-07,true,0.0,0.0,5.991462752596988e-07,true,true,0,0.0,0.0,5.991462752596988e-07,true,0,0,true,0,0,0,NA,0.516862,0,0,0,0,0,0,0,0,0,0,arm64,true,true,NA,NA,NA,NA,NA
E5,pooled,native_scalar,SPLIT,float,libstdc++,1,0.5,5,5000000,5000000,0,0,0,5000000,0,0,0,0,0,0,0,0.0,0.0,5.991462752596988e-07,true,0.0,0.0,5.991462752596988e-07,true,0.0,0.0,5.991462752596988e-07,true,true,0,0.0,0.0,5.991462752596988e-07,true,0,0,true,0,0,0,NA,0.354443,0,0,0,0,0,0,0,0,0,0,arm64,true,true,NA,NA,NA,NA,NA
E5,pooled,native_scalar,LOG,float,libc++,1.5,1.0,5,5000000,5000000,0,0,0,5000000,0,0,0,0,0,0,0,0.0,0.0,5.991462752596988e-07,true,0.0,0.0,5.991462752596988e-07,true,0.0,0.0,5.991462752596988e-07,true,true,0,0.0,0.0,5.991462752596988e-07,true,0,0,true,0,0,0,NA,0.48650689999999996,0,0,0,0,0,0,0,0,0,0,arm64,true,true,NA,NA,NA,NA,NA
E5,pooled,native_scalar,LOG,float,libstdc++,1.5,1.0,5,5000000,5000000,0,0,0,5000000,0,0,0,0,0,0,0,0.0,0.0,5.991462752596988e-07,true,0.0,0.0,5.991462752596988e-07,true,0.0,0.0,5.991462752596988e-07,true,true,0,0.0,0.0,5.991462752596988e-07,true,0,0,true,0,0,0,NA,0.413441,0,0,0,0,0,0,0,0,0,0,arm64,true,true,NA,NA,NA,NA,NA
E5,pooled,native_scalar,QF,float,libc++,1.5,1.0,5,5000000,5000000,0,0,0,5000000,0,0,0,0,0,0,0,0.0,0.0,5.991462752596988e-07,true,0.0,0.0,5.991462752596988e-07,true,0.0,0.0,5.991462752596988e-07,true,true,0,0.0,0.0,5.991462752596988e-07,true,0,0,true,0,0,0,NA,0.4300582,0,0,0,0,0,0,0,0,0,0,arm64,true,true,NA,NA,NA,NA,NA
E5,pooled,native_scalar,QF,float,libstdc++,1.5,1.0,5,5000000,5000000,0,0,0,5000000,0,0,0,0,0,0,0,0.0,0.0,5.991462752596988e-07,true,0.0,0.0,5.991462752596988e-07,true,0.0,0.0,5.991462752596988e-07,true,true,0,0.0,0.0,5.991462752596988e-07,true,0,0,true,0,0,0,NA,0.35217,0,0,0,0,0,0,0,0,0,0,arm64,true,true,NA,NA,NA,NA,NA
E5,pooled,native_scalar,SPLIT,float,libc++,1.5,1.0,5,5000000,5000000,0,0,0,5000000,0,0,0,0,0,0,0,0.0,0.0,5.991462752596988e-07,true,0.0,0.0,5.991462752596988e-07,true,0.0,0.0,5.991462752596988e-07,true,true,0,0.0,0.0,5.991462752596988e-07,true,0,0,true,0,0,0,NA,0.42874049999999997,0,0,0,0,0,0,0,0,0,0,arm64,true,true,NA,NA,NA,NA,NA
E5,pooled,native_scalar,SPLIT,float,libstdc++,1.5,1.0,5,5000000,5000000,0,0,0,5000000,0,0,0,0,0,0,0,0.0,0.0,5.991462752596988e-07,true,0.0,0.0,5.991462752596988e-07,true,0.0,0.0,5.991462752596988e-07,true,true,0,0.0,0.0,5.991462752596988e-07,true,0,0,true,0,0,0,NA,0.352342,0,0,0,0,0,0,0,0,0,0,arm64,true,true,NA,NA,NA,NA,NA
E5,pooled,native_scalar,LOG,float,libc++,2,1.5,5,5000000,5000000,0,0,0,5000000,0,0,0,0,0,0,0,0.0,0.0,5.991462752596988e-07,true,0.0,0.0,5.991462752596988e-07,true,0.0,0.0,5.991462752596988e-07,true,true,0,0.0,0.0,5.991462752596988e-07,true,0,0,true,0,0,0,NA,0.679481,0,0,0,0,0,0,0,0,0,0,arm64,true,true,NA,NA,NA,NA,NA
E5,pooled,native_scalar,LOG,float,libstdc++,2,1.5,5,5000000,5000000,0,0,0,5000000,0,0,0,0,0,0,0,0.0,0.0,5.991462752596988e-07,true,0.0,0.0,5.991462752596988e-07,true,0.0,0.0,5.991462752596988e-07,true,true,0,0.0,0.0,5.991462752596988e-07,true,0,0,true,0,0,0,NA,0.411298,0,0,0,0,0,0,0,0,0,0,arm64,true,true,NA,NA,NA,NA,NA
E5,pooled,native_scalar,QF,float,libc++,2,1.5,5,5000000,5000000,0,0,0,5000000,0,0,0,0,0,0,0,0.0,0.0,5.991462752596988e-07,true,0.0,0.0,5.991462752596988e-07,true,0.0,0.0,5.991462752596988e-07,true,true,0,0.0,0.0,5.991462752596988e-07,true,0,0,true,0,0,0,NA,0.620739,0,0,0,0,0,0,0,0,0,0,arm64,true,true,NA,NA,NA,NA,NA
E5,pooled,native_scalar,QF,float,libstdc++,2,1.5,5,5000000,5000000,0,0,0,5000000,0,0,0,0,0,0,0,0.0,0.0,5.991462752596988e-07,true,0.0,0.0,5.991462752596988e-07,true,0.0,0.0,5.991462752596988e-07,true,true,0,0.0,0.0,5.991462752596988e-07,true,0,0,true,0,0,0,NA,0.35282,0,0,0,0,0,0,0,0,0,0,arm64,true,true,NA,NA,NA,NA,NA
E5,pooled,native_scalar,SPLIT,float,libc++,2,1.5,5,5000000,5000000,0,0,0,5000000,0,0,0,0,0,0,0,0.0,0.0,5.991462752596988e-07,true,0.0,0.0,5.991462752596988e-07,true,0.0,0.0,5.991462752596988e-07,true,true,0,0.0,0.0,5.991462752596988e-07,true,0,0,true,0,0,0,NA,0.620405,0,0,0,0,0,0,0,0,0,0,arm64,true,true,NA,NA,NA,NA,NA
E5,pooled,native_scalar,SPLIT,float,libstdc++,2,1.5,5,5000000,5000000,0,0,0,5000000,0,0,0,0,0,0,0,0.0,0.0,5.991462752596988e-07,true,0.0,0.0,5.991462752596988e-07,true,0.0,0.0,5.991462752596988e-07,true,true,0,0.0,0.0,5.991462752596988e-07,true,0,0,true,0,0,0,NA,0.353267,0,0,0,0,0,0,0,0,0,0,arm64,true,true,NA,NA,NA,NA,NA
E5,pooled,native_scalar,LOG,float,libc++,5,4.5,5,5000000,5000000,0,0,0,5000000,0,0,0,0,0,0,0,0.0,0.0,5.991462752596988e-07,true,0.0,0.0,5.991462752596988e-07,true,0.0,0.0,5.991462752596988e-07,true,true,0,0.0,0.0,5.991462752596988e-07,true,0,0,true,0,0,0,NA,0.64456,0,0,0,0,0,0,0,0,0,0,arm64,true,true,NA,NA,NA,NA,NA
E5,pooled,native_scalar,LOG,float,libstdc++,5,4.5,5,5000000,5000000,0,0,0,5000000,0,0,0,0,0,0,0,0.0,0.0,5.991462752596988e-07,true,0.0,0.0,5.991462752596988e-07,true,0.0,0.0,5.991462752596988e-07,true,true,0,0.0,0.0,5.991462752596988e-07,true,0,0,true,0,0,0,NA,0.409188,0,0,0,0,0,0,0,0,0,0,arm64,true,true,NA,NA,NA,NA,NA
E5,pooled,native_scalar,QF,float,libc++,5,4.5,5,5000000,5000000,0,0,0,5000000,0,0,0,0,0,0,0,0.0,0.0,5.991462752596988e-07,true,0.0,0.0,5.991462752596988e-07,true,0.0,0.0,5.991462752596988e-07,true,true,0,0.0,0.0,5.991462752596988e-07,true,0,0,true,0,0,0,NA,0.581182,0,0,0,0,0,0,0,0,0,0,arm64,true,true,NA,NA,NA,NA,NA
E5,pooled,native_scalar,QF,float,libstdc++,5,4.5,5,5000000,5000000,0,0,0,5000000,0,0,0,0,0,0,0,0.0,0.0,5.991462752596988e-07,true,0.0,0.0,5.991462752596988e-07,true,0.0,0.0,5.991462752596988e-07,true,true,0,0.0,0.0,5.991462752596988e-07,true,0,0,true,0,0,0,NA,0.35347300000000004,0,0,0,0,0,0,0,0,0,0,arm64,true,true,NA,NA,NA,NA,NA
E5,pooled,native_scalar,SPLIT,float,libc++,5,4.5,5,5000000,5000000,0,0,0,5000000,0,0,0,0,0,0,0,0.0,0.0,5.991462752596988e-07,true,0.0,0.0,5.991462752596988e-07,true,0.0,0.0,5.991462752596988e-07,true,true,0,0.0,0.0,5.991462752596988e-07,true,0,0,true,0,0,0,NA,0.579563,0,0,0,0,0,0,0,0,0,0,arm64,true,true,NA,NA,NA,NA,NA
E5,pooled,native_scalar,SPLIT,float,libstdc++,5,4.5,5,5000000,5000000,0,0,0,5000000,0,0,0,0,0,0,0,0.0,0.0,5.991462752596988e-07,true,0.0,0.0,5.991462752596988e-07,true,0.0,0.0,5.991462752596988e-07,true,true,0,0.0,0.0,5.991462752596988e-07,true,0,0,true,0,0,0,NA,0.352004,0,0,0,0,0,0,0,0,0,0,arm64,true,true,NA,NA,NA,NA,NA
E5,seed,native_scalar,LOG,double,libc++,0.5001,9.999999999998899e-05,1,1000000,132155,867845,0,867845,132155,0,0,0,0,867845,0,0,0.867845,0.8671796747366598,0.8685081938264935,false,0.0,0.0,2.9957277863923437e-06,true,0.867845,0.8671796747366598,0.8685081938264935,false,true,0,0.0,0.0,2.9957277863923437e-06,true,0,867845,false,928493,0,0,NA,0.114322,0,0,0,0,0,0,0,0,0,0,arm64,true,true,NA,4001,NA,NA,NA
E5,seed,native_scalar,LOG,double,libstdc++,0.5001,9.999999999998899e-05,1,1000000,132439,867561,0,867561,132439,0,0,0,0,867561,0,0,0.867561,0.8668950714703307,0.8682247987403624,false,0.0,0.0,2.9957277863923437e-06,true,0.867561,0.8668950714703307,0.8682247987403624,false,true,0,0.0,0.0,2.9957277863923437e-06,true,0,867561,false,928236,0,0,NA,0.080677,0,0,0,0,0,0,0,0,0,0,arm64,true,true,NA,4001,NA,NA,NA
E5,seed,native_scalar,LOG,double,libc++,0.5001,9.999999999998899e-05,1,1000000,132997,867003,0,867003,132997,0,0,0,0,867003,0,0,0.867003,0.8663358891323286,0.8676679843153996,false,0.0,0.0,2.9957277863923437e-06,true,0.867003,0.8663358891323286,0.8676679843153996,false,true,0,0.0,0.0,2.9957277863923437e-06,true,0,867003,false,927901,0,0,NA,0.113613,0,0,0,0,0,0,0,0,0,0,arm64,true,true,NA,4002,NA,NA,NA
E5,seed,native_scalar,LOG,double,libstdc++,0.5001,9.999999999998899e-05,1,1000000,132946,867054,0,867054,132946,0,0,0,0,867054,0,0,0.867054,0.8663869970333813,0.8677188761184943,false,0.0,0.0,2.9957277863923437e-06,true,0.867054,0.8663869970333813,0.8677188761184943,false,true,0,0.0,0.0,2.9957277863923437e-06,true,0,867054,false,928021,0,0,NA,0.07966,0,0,0,0,0,0,0,0,0,0,arm64,true,true,NA,4002,NA,NA,NA
E5,seed,native_scalar,LOG,double,libc++,0.5001,9.999999999998899e-05,1,1000000,131950,868050,0,868050,131950,0,0,0,0,868050,0,0,0.86805,0.8673851108251371,0.8687127565487651,false,0.0,0.0,2.9957277863923437e-06,true,0.86805,0.8673851108251371,0.8687127565487651,false,true,0,0.0,0.0,2.9957277863923437e-06,true,0,868050,false,928896,0,0,NA,0.114557,0,0,0,0,0,0,0,0,0,0,arm64,true,true,NA,4003,NA,NA,NA
E5,seed,native_scalar,LOG,double,libstdc++,0.5001,9.999999999998899e-05,1,1000000,132264,867736,0,867736,132264,0,0,0,0,867736,0,0,0.867736,0.8670704430811766,0.8683994261143073,false,0.0,0.0,2.9957277863923437e-06,true,0.867736,0.8670704430811766,0.8683994261143073,false,true,0,0.0,0.0,2.9957277863923437e-06,true,0,867736,false,928609,0,0,NA,0.079981,0,0,0,0,0,0,0,0,0,0,arm64,true,true,NA,4003,NA,NA,NA
E5,seed,native_scalar,LOG,double,libc++,0.5001,9.999999999998899e-05,1,1000000,132219,867781,0,867781,132219,0,0,0,0,867781,0,0,0.867781,0.867115538700607,0.8684443302338256,false,0.0,0.0,2.9957277863923437e-06,true,0.867781,0.867115538700607,0.8684443302338256,false,true,0,0.0,0.0,2.9957277863923437e-06,true,0,867781,false,928092,0,0,NA,0.113662,0,0,0,0,0,0,0,0,0,0,arm64,true,true,NA,4004,NA,NA,NA
E5,seed,native_scalar,LOG,double,libstdc++,0.5001,9.999999999998899e-05,1,1000000,132403,867597,0,867597,132403,0,0,0,0,867597,0,0,0.867597,0.8669311478844922,0.8682607221173584,false,0.0,0.0,2.9957277863923437e-06,true,0.867597,0.8669311478844922,0.8682607221173584,false,true,0,0.0,0.0,2.9957277863923437e-06,true,0,867597,false,928267,0,0,NA,0.079901,0,0,0,0,0,0,0,0,0,0,arm64,true,true,NA,4004,NA,NA,NA
E5,seed,native_scalar,LOG,double,libc++,0.5001,9.999999999998899e-05,1,1000000,132340,867660,0,867660,132340,0,0,0,0,867660,0,0,0.86766,0.8669942816485228,0.8683235879878515,false,0.0,0.0,2.9957277863923437e-06,true,0.86766,0.8669942816485228,0.8683235879878515,false,true,0,0.0,0.0,2.9957277863923437e-06,true,0,867660,false,928143,0,0,NA,0.113632,0,0,0,0,0,0,0,0,0,0,arm64,true,true,NA,4005,NA,NA,NA
E5,seed,native_scalar,LOG,double,libstdc++,0.5001,9.999999999998899e-05,1,1000000,132710,867290,0,867290,132710,0,0,0,0,867290,0,0,0.86729,0.8666234967644552,0.8679543750183532,false,0.0,0.0,2.9957277863923437e-06,true,0.86729,0.8666234967644552,0.8679543750183532,false,true,0,0.0,0.0,2.9957277863923437e-06,true,0,867290,false,927853,0,0,NA,0.07982,0,0,0,0,0,0,0,0,0,0,arm64,true,true,NA,4005,NA,NA,NA
E5,seed,native_scalar,QF,double,libc++,0.5001,9.999999999998899e-05,1,1000000,68305,931695,931695,0,68305,928458,3237,0,0,0,0,0,0.931695,0.9311988112340767,0.9321886865026079,false,0.931695,0.9311988112340767,0.9321886865026079,false,0.0,0.0,2.9957277863923437e-06,true,true,0,0.0,0.0,2.9957277863923437e-06,true,0,0,true,928458,3369,0,NA,0.0922898,0,0,0,0,0,0,0,0,0,0,arm64,true,true,NA,4001,NA,NA,NA
E5,seed,native_scalar,QF,double,libstdc++,0.5001,9.999999999998899e-05,1,1000000,68270,931730,931730,0,68270,928425,3305,0,0,0,0,0,0.93173,0.9312339285401319,0.9322235689928848,false,0.93173,0.9312339285401319,0.9322235689928848,false,0.0,0.0,2.9957277863923437e-06,true,true,0,0.0,0.0,2.9957277863923437e-06,true,0,0,true,928425,3442,0,NA,0.072396,0,0,0,0,0,0,0,0,0,0,arm64,true,true,NA,4001,NA,NA,NA
E5,seed,native_scalar,QF,double,libc++,0.5001,9.999999999998899e-05,1,1000000,68805,931195,931195,0,68805,927921,3274,0,0,0,0,0,0.931195,0.9306971395025847,0.9316903611435712,false,0.931195,0.9306971395025847,0.9316903611435712,false,0.0,0.0,2.9957277863923437e-06,true,true,0,0.0,0.0,2.9957277863923437e-06,true,0,0,true,927921,3394,0,NA,0.0931004,0,0,0,0,0,0,0,0,0,0,arm64,true,true,NA,4002,NA,NA,NA
E5,seed,native_scalar,QF,double,libstdc++,0.5001,9.999999999998899e-05,1,1000000,68105,931895,931895,0,68105,928624,3271,0,0,0,0,0,0.931895,0.9313994820587821,0.9323880145140714,false,0.931895,0.9313994820587821,0.9323880145140714,false,0.0,0.0,2.9957277863923437e-06,true,true,0,0.0,0.0,2.9957277863923437e-06,true,0,0,true,928624,3410,0,NA,0.074497,0,0,0,0,0,0,0,0,0,0,arm64,true,true,NA,4002,NA,NA,NA
E5,seed,native_scalar,QF,double,libc++,0.5001,9.999999999998899e-05,1,1000000,67799,932201,932201,0,67799,928895,3306,0,0,0,0,0,0.932201,0.9317065107947853,0.9326929839973574,false,0.932201,0.9317065107947853,0.9326929839973574,false,0.0,0.0,2.9957277863923437e-06,true,true,0,0.0,0.0,2.9957277863923437e-06,true,0,0,true,928895,3437,0,NA,0.0933933,0,0,0,0,0,0,0,0,0,0,arm64,true,true,NA,4003,NA,NA,NA
E5,seed,native_scalar,QF,double,libstdc++,0.5001,9.999999999998899e-05,1,1000000,68563,931437,931437,0,68563,928119,3318,0,0,0,0,0,0.931437,0.9309399476727127,0.9319315515652777,false,0.931437,0.9309399476727127,0.9319315515652777,false,0.0,0.0,2.9957277863923437e-06,true,true,0,0.0,0.0,2.9957277863923437e-06,true,0,0,true,928119,3441,0,NA,0.072968,0,0,0,0,0,0,0,0,0,0,arm64,true,true,NA,4003,NA,NA,NA
E5,seed,native_scalar,QF,double,libc++,0.5001,9.999999999998899e-05,1,1000000,68556,931444,931444,0,68556,928085,3359,0,0,0,0,0,0.931444,0.930946971075953,0.9319385281213061,false,0.931444,0.930946971075953,0.9319385281213061,false,0.0,0.0,2.9957277863923437e-06,true,true,0,0.0,0.0,2.9957277863923437e-06,true,0,0,true,928085,3490,0,NA,0.093128,0,0,0,0,0,0,0,0,0,0,arm64,true,true,NA,4004,NA,NA,NA
E5,seed,native_scalar,QF,double,libstdc++,0.5001,9.999999999998899e-05,1,1000000,68394,931606,931606,0,68394,928302,3304,0,0,0,0,0,0.931606,0.9311095131098877,0.9320999851446943,false,0.931606,0.9311095131098877,0.9320999851446943,false,0.0,0.0,2.9957277863923437e-06,true,true,0,0.0,0.0,2.9957277863923437e-06,true,0,0,true,928302,3437,0,NA,0.073104,0,0,0,0,0,0,0,0,0,0,arm64,true,true,NA,4004,NA,NA,NA
E5,seed,native_scalar,QF,double,libc++,0.5001,9.999999999998899e-05,1,1000000,68487,931513,931513,0,68487,928163,3350,0,0,0,0,0,0.931513,0.9310162018446784,0.9320072969510712,false,0.931513,0.9310162018446784,0.9320072969510712,false,0.0,0.0,2.9957277863923437e-06,true,true,0,0.0,0.0,2.9957277863923437e-06,true,0,0,true,928163,3489,0,NA,0.0928445,0,0,0,0,0,0,0,0,0,0,arm64,true,true,NA,4005,NA,NA,NA
E5,seed,native_scalar,QF,double,libstdc++,0.5001,9.999999999998899e-05,1,1000000,69099,930901,930901,0,69099,927445,3456,0,0,0,0,0,0.930901,0.9304021600557597,0.9313973423010934,false,0.930901,0.9304021600557597,0.9313973423010934,false,0.0,0.0,2.9957277863923437e-06,true,true,0,0.0,0.0,2.9957277863923437e-06,true,0,0,true,927445,3594,0,NA,0.072902,0,0,0,0,0,0,0,0,0,0,arm64,true,true,NA,4005,NA,NA,NA
E5,seed,native_scalar,SPLIT,double,libc++,0.5001,9.999999999998899e-05,1,1000000,71542,928458,928458,0,71542,928458,0,0,0,0,0,0,0.928458,0.9279511203169094,0.9289623962530587,false,0.928458,0.9279511203169094,0.9289623962530587,false,0.0,0.0,2.9957277863923437e-06,true,true,0,0.0,0.0,2.9957277863923437e-06,true,0,0,true,928458,3369,0,NA,0.0933,0,0,0,0,0,0,0,0,0,0,arm64,true,true,NA,4001,NA,NA,NA
E5,seed,native_scalar,SPLIT,double,libstdc++,0.5001,9.999999999998899e-05,1,1000000,71575,928425,928425,0,71575,928425,0,0,0,0,0,0,0.928425,0.9279180129041436,0.9289295038577903,false,0.928425,0.9279180129041436,0.9289295038577903,false,0.0,0.0,2.9957277863923437e-06,true,true,0,0.0,0.0,2.9957277863923437e-06,true,0,0,true,928425,3442,0,NA,0.073583,0,0,0,0,0,0,0,0,0,0,arm64,true,true,NA,4001,NA,NA,NA
E5,seed,native_scalar,SPLIT,double,libc++,0.5001,9.999999999998899e-05,1,1000000,72079,927921,927921,0,72079,927921,0,0,0,0,0,0,0.927921,0.9274123762772918,0.9284271434164313,false,0.927921,0.9274123762772918,0.9284271434164313,false,0.0,0.0,2.9957277863923437e-06,true,true,0,0.0,0.0,2.9957277863923437e-06,true,0,0,true,927921,3394,0,NA,0.0931914,0,0,0,0,0,0,0,0,0,0,arm64,true,true,NA,4002,NA,NA,NA
E5,seed,native_scalar,SPLIT,double,libstdc++,0.5001,9.999999999998899e-05,1,1000000,71376,928624,928624,0,71376,928624,0,0,0,0,0,0,0.928624,0.9281176611088211,0.9291278544954823,false,0.928624,0.9281176611088211,0.9291278544954823,false,0.0,0.0,2.9957277863923437e-06,true,true,0,0.0,0.0,2.9957277863923437e-06,true,0,0,true,928624,3410,0,NA,0.072646,0,0,0,0,0,0,0,0,0,0,arm64,true,true,NA,4002,NA,NA,NA
E5,seed,native_scalar,SPLIT,double,libc++,0.5001,9.999999999998899e-05,1,1000000,71105,928895,928895,0,71105,928895,0,0,0,0,0,0,0.928895,0.9283895456693207,0.9293979683584782,false,0.928895,0.9283895456693207,0.9293979683584782,false,0.0,0.0,2.9957277863923437e-06,true,true,0,0.0,0.0,2.9957277863923437e-06,true,0,0,true,928895,3437,0,NA,0.0927383,0,0,0,0,0,0,0,0,0,0,arm64,true,true,NA,4003,NA,NA,NA
E5,seed,native_scalar,SPLIT,double,libstdc++,0.5001,9.999999999998899e-05,1,1000000,71881,928119,928119,0,71881,928119,0,0,0,0,0,0,0.928119,0.9276110183758288,0.928624500166136,false,0.928119,0.9276110183758288,0.928624500166136,false,0.0,0.0,2.9957277863923437e-06,true,true,0,0.0,0.0,2.9957277863923437e-06,true,0,0,true,928119,3441,0,NA,0.072729,0,0,0,0,0,0,0,0,0,0,arm64,true,true,NA,4003,NA,NA,NA
E5,seed,native_scalar,SPLIT,double,libc++,0.5001,9.999999999998899e-05,1,1000000,71915,928085,928085,0,71915,928085,0,0,0,0,0,0,0.928085,0.9275769080373262,0.9285906107024183,false,0.928085,0.9275769080373262,0.9285906107024183,false,0.0,0.0,2.9957277863923437e-06,true,true,0,0.0,0.0,2.9957277863923437e-06,true,0,0,true,928085,3490,0,NA,0.0925098,0,0,0,0,0,0,0,0,0,0,arm64,true,true,NA,4004,NA,NA,NA
E5,seed,native_scalar,SPLIT,double,libstdc++,0.5001,9.999999999998899e-05,1,1000000,71698,928302,928302,0,71698,928302,0,0,0,0,0,0,0.928302,0.9277946128217331,0.9288069046557099,false,0.928302,0.9277946128217331,0.9288069046557099,false,0.0,0.0,2.9957277863923437e-06,true,true,0,0.0,0.0,2.9957277863923437e-06,true,0,0,true,928302,3437,0,NA,0.072748,0,0,0,0,0,0,0,0,0,0,arm64,true,true,NA,4004,NA,NA,NA
E5,seed,native_scalar,SPLIT,double,libc++,0.5001,9.999999999998899e-05,1,1000000,71837,928163,928163,0,71837,928163,0,0,0,0,0,0,0.928163,0.9276551612156316,0.9286683570703858,false,0.928163,0.9276551612156316,0.9286683570703858,false,0.0,0.0,2.9957277863923437e-06,true,true,0,0.0,0.0,2.9957277863923437e-06,true,0,0,true,928163,3489,0,NA,0.092051,0,0,0,0,0,0,0,0,0,0,arm64,true,true,NA,4005,NA,NA,NA
E5,seed,native_scalar,SPLIT,double,libstdc++,0.5001,9.999999999998899e-05,1,1000000,72555,927445,927445,0,72555,927445,0,0,0,0,0,0,0.927445,0.9269348371824208,0.9279526852800888,false,0.927445,0.9269348371824208,0.9279526852800888,false,0.0,0.0,2.9957277863923437e-06,true,true,0,0.0,0.0,2.9957277863923437e-06,true,0,0,true,927445,3594,0,NA,0.072609,0,0,0,0,0,0,0,0,0,0,arm64,true,true,NA,4005,NA,NA,NA
E5,seed,native_scalar,LOG,double,libc++,0.501,0.0010000000000000009,1,1000000,758382,241618,0,241618,758382,0,0,0,0,241618,0,0,0.241618,0.2407792593276118,0.2424582375259964,false,0.0,0.0,2.9957277863923437e-06,true,0.241618,0.2407792593276118,0.2424582375259964,false,true,0,0.0,0.0,2.9957277863923437e-06,true,0,241618,false,475448,0,0,NA,0.129959,0,0,0,0,0,0,0,0,0,0,arm64,true,true,NA,4001,NA,NA,NA
E5,seed,native_scalar,LOG,double,libstdc++,0.501,0.0010000000000000009,1,1000000,758172,241828,0,241828,758172,0,0,0,0,241828,0,0,0.241828,0.24098901041783988,0.24266848521885215,false,0.0,0.0,2.9957277863923437e-06,true,0.241828,0.24098901041783988,0.24266848521885215,false,true,0,0.0,0.0,2.9957277863923437e-06,true,0,241828,false,475067,0,0,NA,0.096338,0,0,0,0,0,0,0,0,0,0,arm64,true,true,NA,4001,NA,NA,NA
E5,seed,native_scalar,LOG,double,libc++,0.501,0.0010000000000000009,1,1000000,758313,241687,0,241687,758313,0,0,0,0,241687,0,0,0.241687,0.24084817751259485,0.24252731894116583,false,0.0,0.0,2.9957277863923437e-06,true,0.241687,0.24084817751259485,0.24252731894116583,false,true,0,0.0,0.0,2.9957277863923437e-06,true,0,241687,false,475168,0,0,NA,0.130625,0,0,0,0,0,0,0,0,0,0,arm64,true,true,NA,4002,NA,NA,NA
E5,seed,native_scalar,LOG,double,libstdc++,0.501,0.0010000000000000009,1,1000000,759292,240708,0,240708,759292,0,0,0,0,240708,0,0,0.240708,0.23987034112316585,0.2415471610037589,false,0.0,0.0,2.9957277863923437e-06,true,0.240708,0.23987034112316585,0.2415471610037589,false,true,0,0.0,0.0,2.9957277863923437e-06,true,0,240708,false,473401,0,0,NA,0.096433,0,0,0,0,0,0,0,0,0,0,arm64,true,true,NA,4002,NA,NA,NA
E5,seed,native_scalar,LOG,double,libc++,0.501,0.0010000000000000009,1,1000000,758318,241682,0,241682,758318,0,0,0,0,241682,0,0,0.241682,0.24084318344022082,0.24252231304251828,false,0.0,0.0,2.9957277863923437e-06,true,0.241682,0.24084318344022082,0.24252231304251828,false,true,0,0.0,0.0,2.9957277863923437e-06,true,0,241682,false,475225,0,0,NA,0.129698,0,0,0,0,0,0,0,0,0,0,arm64,true,true,NA,4003,NA,NA,NA
E5,seed,native_scalar,LOG,double,libstdc++,0.501,0.0010000000000000009,1,1000000,759330,240670,0,240670,759330,0,0,0,0,240670,0,0,0.24067,0.23983238640986118,0.24150911593726873,false,0.0,0.0,2.9957277863923437e-06,true,0.24067,0.23983238640986118,0.24150911593726873,false,true,0,0.0,0.0,2.9957277863923437e-06,true,0,240670,false,474310,0,0,NA,0.096088,0,0,0,0,0,0,0,0,0,0,arm64,true,true,NA,4003,NA,NA,NA
E5,seed,native_scalar,LOG,double,libc++,0.501,0.0010000000000000009,1,1000000,758159,241841,0,241841,758159,0,0,0,0,241841,0,0,0.241841,0.2410019950181896,0.24268150054316562,false,0.0,0.0,2.9957277863923437e-06,true,0.241841,0.2410019950181896,0.24268150054316562,false,true,0,0.0,0.0,2.9957277863923437e-06,true,0,241841,false,475232,0,0,NA,0.133096,0,0,0,0,0,0,0,0,0,0,arm64,true,true,NA,4004,NA,NA,NA
E5,seed,native_scalar,LOG,double,libstdc++,0.501,0.0010000000000000009,1,1000000,758280,241720,0,241720,758280,0,0,0,0,241720,0,0,0.24172,0.24088113839418532,0.2425603578683457,false,0.0,0.0,2.9957277863923437e-06,true,0.24172,0.24088113839418532,0.2425603578683457,false,true,0,0.0,0.0,2.9957277863923437e-06,true,0,241720,false,474555,0,0,NA,0.096198,0,0,0,0,0,0,0,0,0,0,arm64,true,true,NA,4004,NA,NA,NA
E5,seed,native_scalar,LOG,double,libc++,0.501,0.0010000000000000009,1,1000000,758079,241921,0,241921,758079,0,0,0,0,241921,0,0,0.241921,0.24108190027432475,0.24276159482344647,false,0.0,0.0,2.9957277863923437e-06,true,0.241921,0.24108190027432475,0.24276159482344647,false,true,0,0.0,0.0,2.9957277863923437e-06,true,0,241921,false,474467,0,0,NA,0.130391,0,0,0,0,0,0,0,0,0,0,arm64,true,true,NA,4005,NA,NA,NA
E5,seed,native_scalar,LOG,double,libstdc++,0.501,0.0010000000000000009,1,1000000,758479,241521,0,241521,758479,0,0,0,0,241521,0,0,0.241521,0.24068237439321863,0.2423611230224906,false,0.0,0.0,2.9957277863923437e-06,true,0.241521,0.24068237439321863,0.2423611230224906,false,true,0,0.0,0.0,2.9957277863923437e-06,true,0,241521,false,474277,0,0,NA,0.096857,0,0,0,0,0,0,0,0,0,0,arm64,true,true,NA,4005,NA,NA,NA
E5,seed,native_scalar,QF,double,libc++,0.501,0.0010000000000000009,1,1000000,507256,492744,492744,0,507256,475469,17275,0,0,0,0,0,0.492744,0.4917636434069512,0.4937243986235925,false,0.492744,0.4917636434069512,0.4937243986235925,false,0.0,0.0,2.9957277863923437e-06,true,true,0,0.0,0.0,2.9957277863923437e-06,true,0,0,true,475469,17951,0,NA,0.106615,0,0,0,0,0,0,0,0,0,0,arm64,true,true,NA,4001,NA,NA,NA
E5,seed,native_scalar,QF,double,libstdc++,0.501,0.0010000000000000009,1,1000000,507712,492288,492288,0,507712,475206,17082,0,0,0,0,0,0.492288,0.49130765810667143,0.49326838656526417,false,0.492288,0.49130765810667143,0.49326838656526417,false,0.0,0.0,2.9957277863923437e-06,true,true,0,0.0,0.0,2.9957277863923437e-06,true,0,0,true,475206,17755,0,NA,0.088397,0,0,0,0,0,0,0,0,0,0,arm64,true,true,NA,4001,NA,NA,NA
E5,seed,native_scalar,QF,double,libc++,0.501,0.0010000000000000009,1,1000000,507827,492173,492173,0,507827,475197,16976,0,0,0,0,0,0.492173,0.4911926619425823,0.49315338339549386,false,0.492173,0.4911926619425823,0.49315338339549386,false,0.0,0.0,2.9957277863923437e-06,true,true,0,0.0,0.0,2.9957277863923437e-06,true,0,0,true,475197,17648,0,NA,0.106827,0,0,0,0,0,0,0,0,0,0,arm64,true,true,NA,4002,NA,NA,NA
E5,seed,native_scalar,QF,double,libstdc++,0.501,0.0010000000000000009,1,1000000,508404,491596,491596,0,508404,474797,16799,0,0,0,0,0,0.491596,0.4906156819717228,0.49257636670863847,false,0.491596,0.4906156819717228,0.49257636670863847,false,0.0,0.0,2.9957277863923437e-06,true,true,0,0.0,0.0,2.9957277863923437e-06,true,0,0,true,474797,17474,0,NA,0.088296,0,0,0,0,0,0,0,0,0,0,arm64,true,true,NA,4002,NA,NA,NA
E5,seed,native_scalar,QF,double,libc++,0.501,0.0010000000000000009,1,1000000,507534,492466,492466,0,507534,475232,17234,0,0,0,0,0,0.492466,0.49148565227160446,0.4934463913692617,false,0.492466,0.49148565227160446,0.4934463913692617,false,0.0,0.0,2.9957277863923437e-06,true,true,0,0.0,0.0,2.9957277863923437e-06,true,0,0,true,475232,17888,0,NA,0.106925,0,0,0,0,0,0,0,0,0,0,arm64,true,true,NA,4003,NA,NA,NA
E5,seed,native_scalar,QF,double,libstdc++,0.501,0.0010000000000000009,1,1000000,508300,491700,491700,0,508300,474553,17147,0,0,0,0,0,0.4917,0.4907196782651643,0.4926803698127765,false,0.4917,0.4907196782651643,0.4926803698127765,false,0.0,0.0,2.9957277863923437e-06,true,true,0,0.0,0.0,2.9957277863923437e-06,true,0,0,true,474553,17840,0,NA,0.088147,0,0,0,0,0,0,0,0,0,0,arm64,true,true,NA,4003,NA,NA,NA
E5,seed,native_scalar,QF,double,libc++,0.501,0.0010000000000000009,1,1000000,507574,492426,492426,0,507574,475225,17201,0,0,0,0,0,0.492426,0.4914456535720313,0.49340639030053796,false,0.492426,0.4914456535720313,0.49340639030053796,false,0.0,0.0,2.9957277863923437e-06,true,true,0,0.0,0.0,2.9957277863923437e-06,true,0,0,true,475225,17867,0,NA,0.106641,0,0,0,0,0,0,0,0,0,0,arm64,true,true,NA,4004,NA,NA,NA
E5,seed,native_scalar,QF,double,libstdc++,0.501,0.0010000000000000009,1,1000000,507570,492430,492430,0,507570,475645,16785,0,0,0,0,0,0.49243,0.49144965344170416,0.49341039040769313,false,0.49243,0.49144965344170416,0.49341039040769313,false,0.0,0.0,2.9957277863923437e-06,true,true,0,0.0,0.0,2.9957277863923437e-06,true,0,0,true,475645,17466,0,NA,0.08826,0,0,0,0,0,0,0,0,0,0,arm64,true,true,NA,4004,NA,NA,NA
E5,seed,native_scalar,QF,double,libc++,0.501,0.0010000000000000009,1,1000000,508483,491517,491517,0,508483,474408,17109,0,0,0,0,0,0.491517,0.49053668481562696,0.4924973643223472,false,0.491517,0.49053668481562696,0.4924973643223472,false,0.0,0.0,2.9957277863923437e-06,true,true,0,0.0,0.0,2.9957277863923437e-06,true,0,0,true,474408,17753,0,NA,0.106446,0,0,0,0,0,0,0,0,0,0,arm64,true,true,NA,4005,NA,NA,NA
E5,seed,native_scalar,QF,double,libstdc++,0.501,0.0010000000000000009,1,1000000,508401,491599,491599,0,508401,474465,17134,0,0,0,0,0,0.491599,0.4906186818642109,0.4925793667987724,false,0.491599,0.4906186818642109,0.4925793667987724,false,0.0,0.0,2.9957277863923437e-06,true,true,0,0.0,0.0,2.9957277863923437e-06,true,0,0,true,474465,17776,0,NA,0.087764,0,0,0,0,0,0,0,0,0,0,arm64,true,true,NA,4005,NA,NA,NA
E5,seed,native_scalar,SPLIT,double,libc++,0.501,0.0010000000000000009,1,1000000,524531,475469,475469,0,524531,475469,0,0,0,0,0,0,0.475469,0.4744897703986484,0.47644837169782855,false,0.475469,0.4744897703986484,0.47644837169782855,false,0.0,0.0,2.9957277863923437e-06,true,true,0,0.0,0.0,2.9957277863923437e-06,true,0,0,true,475469,17951,0,NA,0.106643,0,0,0,0,0,0,0,0,0,0,arm64,true,true,NA,4001,NA,NA,NA
E5,seed,native_scalar,SPLIT,double,libstdc++,0.501,0.0010000000000000009,1,1000000,524794,475206,475206,0,524794,475206,0,0,0,0,0,0,0.475206,0.4742267966168776,0.47618534700303816,false,0.475206,0.4742267966168776,0.47618534700303816,false,0.0,0.0,2.9957277863923437e-06,true,true,0,0.0,0.0,2.9957277863923437e-06,true,0,0,true,475206,17755,0,NA,0.088171,0,0,0,0,0,0,0,0,0,0,arm64,true,true,NA,4001,NA,NA,NA
E5,seed,native_scalar,SPLIT,double,libc++,0.501,0.0010000000000000009,1,1000000,524803,475197,475197,0,524803,475197,0,0,0,0,0,0,0.475197,0.4742177975188987,0.4761763461531567,false,0.475197,0.4742177975188987,0.4761763461531567,false,0.0,0.0,2.9957277863923437e-06,true,true,0,0.0,0.0,2.9957277863923437e-06,true,0,0,true,475197,17648,0,NA,0.106212,0,0,0,0,0,0,0,0,0,0,arm64,true,true,NA,4002,NA,NA,NA
E5,seed,native_scalar,SPLIT,double,libstdc++,0.501,0.0010000000000000009,1,1000000,525203,474797,474797,0,525203,474797,0,0,0,0,0,0,0.474797,0.4738178379304007,0.4757763080586637,false,0.474797,0.4738178379304007,0.4757763080586637,false,0.0,0.0,2.9957277863923437e-06,true,true,0,0.0,0.0,2.9957277863923437e-06,true,0,0,true,474797,17474,0,NA,0.087729,0,0,0,0,0,0,0,0,0,0,arm64,true,true,NA,4002,NA,NA,NA
E5,seed,native_scalar,SPLIT,double,libc++,0.501,0.0010000000000000009,1,1000000,524768,475232,475232,0,524768,475232,0,0,0,0,0,0,0.475232,0.4742527940128464,0.4762113494564712,false,0.475232,0.4742527940128464,0.4762113494564712,false,0.0,0.0,2.9957277863923437e-06,true,true,0,0.0,0.0,2.9957277863923437e-06,true,0,0,true,475232,17888,0,NA,0.10692,0,0,0,0,0,0,0,0,0,0,arm64,true,true,NA,4003,NA,NA,NA
E5,seed,native_scalar,SPLIT,double,libstdc++,0.501,0.0010000000000000009,1,1000000,525447,474553,474553,0,525447,474553,0,0,0,0,0,0,0.474553,0.47357386289057013,0.4755322845118743,false,0.474553,0.47357386289057013,0.4755322845118743,false,0.0,0.0,2.9957277863923437e-06,true,true,0,0.0,0.0,2.9957277863923437e-06,true,0,0,true,474553,17840,0,NA,0.087784,0,0,0,0,0,0,0,0,0,0,arm64,true,true,NA,4003,NA,NA,NA
E5,seed,native_scalar,SPLIT,double,libc++,0.501,0.0010000000000000009,1,1000000,524775,475225,475225,0,524775,475225,0,0,0,0,0,0,0.475225,0.4742457947136684,0.47620434879619356,false,0.475225,0.4742457947136684,0.47620434879619356,false,0.0,0.0,2.9957277863923437e-06,true,true,0,0.0,0.0,2.9957277863923437e-06,true,0,0,true,475225,17867,0,NA,0.106829,0,0,0,0,0,0,0,0,0,0,arm64,true,true,NA,4004,NA,NA,NA
E5,seed,native_scalar,SPLIT,double,libstdc++,0.501,0.0010000000000000009,1,1000000,524355,475645,475645,0,524355,475645,0,0,0,0,0,0,0.475645,0.47466575300535857,0.47662438807163116,false,0.475645,0.47466575300535857,0.47662438807163116,false,0.0,0.0,2.9957277863923437e-06,true,true,0,0.0,0.0,2.9957277863923437e-06,true,0,0,true,475645,17466,0,NA,0.087715,0,0,0,0,0,0,0,0,0,0,arm64,true,true,NA,4004,NA,NA,NA
E5,seed,native_scalar,SPLIT,double,libc++,0.501,0.0010000000000000009,1,1000000,525592,474408,474408,0,525592,474408,0,0,0,0,0,0,0.474408,0.4734288778344371,0.4753872704079196,false,0.474408,0.4734288778344371,0.4753872704079196,false,0.0,0.0,2.9957277863923437e-06,true,true,0,0.0,0.0,2.9957277863923437e-06,true,0,0,true,474408,17753,0,NA,0.106952,0,0,0,0,0,0,0,0,0,0,arm64,true,true,NA,4005,NA,NA,NA
E5,seed,native_scalar,SPLIT,double,libstdc++,0.501,0.0010000000000000009,1,1000000,525535,474465,474465,0,525535,474465,0,0,0,0,0,0,0.474465,0.47348587195008707,0.4754442759621052,false,0.474465,0.47348587195008707,0.4754442759621052,false,0.0,0.0,2.9957277863923437e-06,true,true,0,0.0,0.0,2.9957277863923437e-06,true,0,0,true,474465,17776,0,NA,0.087685,0,0,0,0,0,0,0,0,0,0,arm64,true,true,NA,4005,NA,NA,NA
E5,seed,native_scalar,LOG,double,libc++,0.505,0.0050000000000000044,1,1000000,999244,756,0,756,999244,0,0,0,0,756,0,0,0.000756,0.0007030814766712467,0.0008118438623623829,false,0.0,0.0,2.9957277863923437e-06,true,0.000756,0.0007030814766712467,0.0008118438623623829,false,true,0,0.0,0.0,2.9957277863923437e-06,true,0,756,false,24015,0,0,NA,0.123083,0,0,0,0,0,0,0,0,0,0,arm64,true,true,NA,4001,NA,NA,NA
E5,seed,native_scalar,LOG,double,libstdc++,0.505,0.0050000000000000044,1,1000000,999234,766,0,766,999234,0,0,0,0,766,0,0,0.000766,0.0007127265690039083,0.0008221984809659499,false,0.0,0.0,2.9957277863923437e-06,true,0.000766,0.0007127265690039083,0.0008221984809659499,false,true,0,0.0,0.0,2.9957277863923437e-06,true,0,766,false,24470,0,0,NA,0.090906,0,0,0,0,0,0,0,0,0,0,arm64,true,true,NA,4001,NA,NA,NA
E5,seed,native_scalar,LOG,double,libc++,0.505,0.0050000000000000044,1,1000000,999163,837,0,837,999163,0,0,0,0,837,0,0,0.000837,0.000781270781336398,0.0008956523367551565,false,0.0,0.0,2.9957277863923437e-06,true,0.000837,0.000781270781336398,0.0008956523367551565,false,true,0,0.0,0.0,2.9957277863923437e-06,true,0,837,false,24431,0,0,NA,0.123319,0,0,0,0,0,0,0,0,0,0,arm64,true,true,NA,4002,NA,NA,NA
E5,seed,native_scalar,LOG,double,libstdc++,0.505,0.0050000000000000044,1,1000000,999195,805,0,805,999195,0,0,0,0,805,0,0,0.000805,0.0007503641412318194,0.0008625598227477837,false,0.0,0.0,2.9957277863923437e-06,true,0.000805,0.0007503641412318194,0.0008625598227477837,false,true,0,0.0,0.0,2.9957277863923437e-06,true,0,805,false,24062,0,0,NA,0.091513,0,0,0,0,0,0,0,0,0,0,arm64,true,true,NA,4002,NA,NA,NA
E5,seed,native_scalar,LOG,double,libc++,0.505,0.0050000000000000044,1,1000000,999147,853,0,853,999147,0,0,0,0,853,0,0,0.000853,0.0007967319607365544,0.0009121907483794516,false,0.0,0.0,2.9957277863923437e-06,true,0.000853,0.0007967319607365544,0.0009121907483794516,false,true,0,0.0,0.0,2.9957277863923437e-06,true,0,853,false,24180,0,0,NA,0.122929,0,0,0,0,0,0,0,0,0,0,arm64,true,true,NA,4003,NA,NA,NA
E5,seed,native_scalar,LOG,double,libstdc++,0.505,0.0050000000000000044,1,1000000,999191,809,0,809,999191,0,0,0,0,809,0,0,0.000809,0.0007542262942604809,0.0008666975618543339,false,0.0,0.0,2.9957277863923437e-06,true,0.000809,0.0007542262942604809,0.0008666975618543339,false,true,0,0.0,0.0,2.9957277863923437e-06,true,0,809,false,23960,0,0,NA,0.090819,0,0,0,0,0,0,0,0,0,0,arm64,true,true,NA,4003,NA,NA,NA
E5,seed,native_scalar,LOG,double,libc++,0.505,0.0050000000000000044,1,1000000,999178,822,0,822,999178,0,0,0,0,822,0,0,0.000822,0.0007667806352728621,0.0008801428745456576,false,0.0,0.0,2.9957277863923437e-06,true,0.000822,0.0007667806352728621,0.0008801428745456576,false,true,0,0.0,0.0,2.9957277863923437e-06,true,0,822,false,24133,0,0,NA,0.123127,0,0,0,0,0,0,0,0,0,0,arm64,true,true,NA,4004,NA,NA,NA
E5,seed,native_scalar,LOG,double,libstdc++,0.505,0.0050000000000000044,1,1000000,999178,822,0,822,999178,0,0,0,0,822,0,0,0.000822,0.0007667806352728621,0.0008801428745456576,false,0.0,0.0,2.9957277863923437e-06,true,0.000822,0.0007667806352728621,0.0008801428745456576,false,true,0,0.0,0.0,2.9957277863923437e-06,true,0,822,false,23913,0,0,NA,0.091606,0,0,0,0,0,0,0,0,0,0,arm64,true,true,NA,4004,NA,NA,NA
E5,seed,native_scalar,LOG,double,libc++,0.505,0.0050000000000000044,1,1000000,999164,836,0,836,999164,0,0,0,0,836,0,0,0.000836,0.0007803046283637208,0.0008946185155884718,false,0.0,0.0,2.9957277863923437e-06,true,0.000836,0.0007803046283637208,0.0008946185155884718,false,true,0,0.0,0.0,2.9957277863923437e-06,true,0,836,false,24299,0,0,NA,0.124017,0,0,0,0,0,0,0,0,0,0,arm64,true,true,NA,4005,NA,NA,NA
E5,seed,native_scalar,LOG,double,libstdc++,0.505,0.0050000000000000044,1,1000000,999200,800,0,800,999200,0,0,0,0,800,0,0,0.0008,0.0007455369336849423,0.0008573871660137346,false,0.0,0.0,2.9957277863923437e-06,true,0.0008,0.0007455369336849423,0.0008573871660137346,false,true,0,0.0,0.0,2.9957277863923437e-06,true,0,800,false,23923,0,0,NA,0.091846,0,0,0,0,0,0,0,0,0,0,arm64,true,true,NA,4005,NA,NA,NA
E5,seed,native_scalar,QF,double,libc++,0.505,0.0050000000000000044,1,1000000,971393,28607,28607,0,971393,24010,4597,0,0,0,0,0,0.028607,0.028281141299722777,0.028935592945177682,false,0.028607,0.028281141299722777,0.028935592945177682,false,0.0,0.0,2.9957277863923437e-06,true,true,0,0.0,0.0,2.9957277863923437e-06,true,0,0,true,24010,4783,0,NA,0.101953,0,0,0,0,0,0,0,0,0,0,arm64,true,true,NA,4001,NA,NA,NA
E5,seed,native_scalar,QF,double,libstdc++,0.505,0.0050000000000000044,1,1000000,970928,29072,29072,0,970928,24347,4725,0,0,0,0,0,0.029072,0.028743574081359524,0.02940315742330572,false,0.029072,0.028743574081359524,0.02940315742330572,false,0.0,0.0,2.9957277863923437e-06,true,true,0,0.0,0.0,2.9957277863923437e-06,true,0,0,true,24347,4933,0,NA,0.080992,0,0,0,0,0,0,0,0,0,0,arm64,true,true,NA,4001,NA,NA,NA
E5,seed,native_scalar,QF,double,libc++,0.505,0.0050000000000000044,1,1000000,970932,29068,29068,0,970932,24453,4615,0,0,0,0,0,0.029068,0.02873959606894115,0.029399135459291056,false,0.029068,0.02873959606894115,0.029399135459291056,false,0.0,0.0,2.9957277863923437e-06,true,true,0,0.0,0.0,2.9957277863923437e-06,true,0,0,true,24453,4817,0,NA,0.101019,0,0,0,0,0,0,0,0,0,0,arm64,true,true,NA,4002,NA,NA,NA
E5,seed,native_scalar,QF,double,libstdc++,0.505,0.0050000000000000044,1,1000000,971286,28714,28714,0,971286,24082,4632,0,0,0,0,0,0.028714,0.028387548556964987,0.029043185057285772,false,0.028714,0.028387548556964987,0.029043185057285772,false,0.0,0.0,2.9957277863923437e-06,true,true,0,0.0,0.0,2.9957277863923437e-06,true,0,0,true,24082,4834,0,NA,0.081117,0,0,0,0,0,0,0,0,0,0,arm64,true,true,NA,4002,NA,NA,NA
E5,seed,native_scalar,QF,double,libc++,0.505,0.0050000000000000044,1,1000000,971141,28859,28859,0,971141,24188,4671,0,0,0,0,0,0.028859,0.028531747228277848,0.029188985531450815,false,0.028859,0.028531747228277848,0.029188985531450815,false,0.0,0.0,2.9957277863923437e-06,true,true,0,0.0,0.0,2.9957277863923437e-06,true,0,0,true,24188,4857,0,NA,0.100935,0,0,0,0,0,0,0,0,0,0,arm64,true,true,NA,4003,NA,NA,NA
E5,seed,native_scalar,QF,double,libstdc++,0.505,0.0050000000000000044,1,1000000,971204,28796,28796,0,971204,24195,4601,0,0,0,0,0,0.028796,0.02846909512107422,0.02912563800991576,false,0.028796,0.02846909512107422,0.02912563800991576,false,0.0,0.0,2.9957277863923437e-06,true,true,0,0.0,0.0,2.9957277863923437e-06,true,0,0,true,24195,4790,0,NA,0.080118,0,0,0,0,0,0,0,0,0,0,arm64,true,true,NA,4003,NA,NA,NA
E5,seed,native_scalar,QF,double,libc++,0.505,0.0050000000000000044,1,1000000,971093,28907,28907,0,971093,24154,4753,0,0,0,0,0,0.028907,0.028579482445384986,0.029237250031492003,false,0.028907,0.028579482445384986,0.029237250031492003,false,0.0,0.0,2.9957277863923437e-06,true,true,0,0.0,0.0,2.9957277863923437e-06,true,0,0,true,24154,5000,0,NA,0.101108,0,0,0,0,0,0,0,0,0,0,arm64,true,true,NA,4004,NA,NA,NA
E5,seed,native_scalar,QF,double,libstdc++,0.505,0.0050000000000000044,1,1000000,971181,28819,28819,0,971181,24211,4608,0,0,0,0,0,0.028819,0.028491968064469658,0.029148764930978312,false,0.028819,0.028491968064469658,0.029148764930978312,false,0.0,0.0,2.9957277863923437e-06,true,true,0,0.0,0.0,2.9957277863923437e-06,true,0,0,true,24211,4834,0,NA,0.080429,0,0,0,0,0,0,0,0,0,0,arm64,true,true,NA,4004,NA,NA,NA
E5,seed,native_scalar,QF,double,libc++,0.505,0.0050000000000000044,1,1000000,971067,28933,28933,0,971067,24293,4640,0,0,0,0,0,0.028933,0.02860533912157846,0.029263393202091852,false,0.028933,0.02860533912157846,0.029263393202091852,false,0.0,0.0,2.9957277863923437e-06,true,true,0,0.0,0.0,2.9957277863923437e-06,true,0,0,true,24293,4831,0,NA,0.101374,0,0,0,0,0,0,0,0,0,0,arm64,true,true,NA,4005,NA,NA,NA
E5,seed,native_scalar,QF,double,libstdc++,0.505,0.0050000000000000044,1,1000000,970769,29231,29231,0,970769,24538,4693,0,0,0,0,0,0.029231,0.028901701410446325,0.029563029157493762,false,0.029231,0.028901701410446325,0.029563029157493762,false,0.0,0.0,2.9957277863923437e-06,true,true,0,0.0,0.0,2.9957277863923437e-06,true,0,0,true,24538,4896,0,NA,0.080323,0,0,0,0,0,0,0,0,0,0,arm64,true,true,NA,4005,NA,NA,NA
E5,seed,native_scalar,SPLIT,double,libc++,0.505,0.0050000000000000044,1,1000000,975990,24010,24010,0,975990,24010,0,0,0,0,0,0,0.02401,0.02371084768366772,0.024311913722470213,false,0.02401,0.02371084768366772,0.024311913722470213,false,0.0,0.0,2.9957277863923437e-06,true,true,0,0.0,0.0,2.9957277863923437e-06,true,0,0,true,24010,4783,0,NA,0.101215,0,0,0,0,0,0,0,0,0,0,arm64,true,true,NA,4001,NA,NA,NA
E5,seed,native_scalar,SPLIT,double,libstdc++,0.505,0.0050000000000000044,1,1000000,975653,24347,24347,0,975653,24347,0,0,0,0,0,0,0.024347,0.02404580061237946,0.024650958797513892,false,0.024347,0.02404580061237946,0.024650958797513892,false,0.0,0.0,2.9957277863923437e-06,true,true,0,0.0,0.0,2.9957277863923437e-06,true,0,0,true,24347,4933,0,NA,0.0809,0,0,0,0,0,0,0,0,0,0,arm64,true,true,NA,4001,NA,NA,NA
E5,seed,native_scalar,SPLIT,double,libc++,0.505,0.0050000000000000044,1,1000000,975547,24453,24453,0,975547,24453,0,0,0,0,0,0,0.024453,0.024151159883526188,0.024757598898657827,false,0.024453,0.024151159883526188,0.024757598898657827,false,0.0,0.0,2.9957277863923437e-06,true,true,0,0.0,0.0,2.9957277863923437e-06,true,0,0,true,24453,4817,0,NA,0.101236,0,0,0,0,0,0,0,0,0,0,arm64,true,true,NA,4002,NA,NA,NA
E5,seed,native_scalar,SPLIT,double,libstdc++,0.505,0.0050000000000000044,1,1000000,975918,24082,24082,0,975918,24082,0,0,0,0,0,0,0.024082,0.023782409034800306,0.02438435194476225,false,0.024082,0.023782409034800306,0.02438435194476225,false,0.0,0.0,2.9957277863923437e-06,true,true,0,0.0,0.0,2.9957277863923437e-06,true,0,0,true,24082,4834,0,NA,0.08048,0,0,0,0,0,0,0,0,0,0,arm64,true,true,NA,4002,NA,NA,NA
E5,seed,native_scalar,SPLIT,double,libc++,0.505,0.0050000000000000044,1,1000000,975812,24188,24188,0,975812,24188,0,0,0,0,0,0,0.024188,0.023887764528320168,0.024490995823306123,false,0.024188,0.023887764528320168,0.024490995823306123,false,0.0,0.0,2.9957277863923437e-06,true,true,0,0.0,0.0,2.9957277863923437e-06,true,0,0,true,24188,4857,0,NA,0.100683,0,0,0,0,0,0,0,0,0,0,arm64,true,true,NA,4003,NA,NA,NA
E5,seed,native_scalar,SPLIT,double,libstdc++,0.505,0.0050000000000000044,1,1000000,975805,24195,24195,0,975805,24195,0,0,0,0,0,0,0.024195,0.023894722020120975,0.02449803829004088,false,0.024195,0.023894722020120975,0.02449803829004088,false,0.0,0.0,2.9957277863923437e-06,true,true,0,0.0,0.0,2.9957277863923437e-06,true,0,0,true,24195,4790,0,NA,0.080207,0,0,0,0,0,0,0,0,0,0,arm64,true,true,NA,4003,NA,NA,NA
E5,seed,native_scalar,SPLIT,double,libc++,0.505,0.0050000000000000044,1,1000000,975846,24154,24154,0,975846,24154,0,0,0,0,0,0,0.024154,0.023853971090950065,0.02445678946208009,false,0.024154,0.023853971090950065,0.02445678946208009,false,0.0,0.0,2.9957277863923437e-06,true,true,0,0.0,0.0,2.9957277863923437e-06,true,0,0,true,24154,5000,0,NA,0.101033,0,0,0,0,0,0,0,0,0,0,arm64,true,true,NA,4004,NA,NA,NA
E5,seed,native_scalar,SPLIT,double,libstdc++,0.505,0.0050000000000000044,1,1000000,975789,24211,24211,0,975789,24211,0,0,0,0,0,0,0.024211,0.023910624883371943,0.02451413533201608,false,0.024211,0.023910624883371943,0.02451413533201608,false,0.0,0.0,2.9957277863923437e-06,true,true,0,0.0,0.0,2.9957277863923437e-06,true,0,0,true,24211,4834,0,NA,0.080311,0,0,0,0,0,0,0,0,0,0,arm64,true,true,NA,4004,NA,NA,NA
E5,seed,native_scalar,SPLIT,double,libc++,0.505,0.0050000000000000044,1,1000000,975707,24293,24293,0,975707,24293,0,0,0,0,0,0,0.024293,0.02399212759899995,0.024596632130704333,false,0.024293,0.02399212759899995,0.024596632130704333,false,0.0,0.0,2.9957277863923437e-06,true,true,0,0.0,0.0,2.9957277863923437e-06,true,0,0,true,24293,4831,0,NA,0.101939,0,0,0,0,0,0,0,0,0,0,arm64,true,true,NA,4005,NA,NA,NA
E5,seed,native_scalar,SPLIT,double,libstdc++,0.505,0.0050000000000000044,1,1000000,975462,24538,24538,0,975462,24538,0,0,0,0,0,0,0.024538,0.0242356471715311,0.02484311110736604,false,0.024538,0.0242356471715311,0.02484311110736604,false,0.0,0.0,2.9957277863923437e-06,true,true,0,0.0,0.0,2.9957277863923437e-06,true,0,0,true,24538,4896,0,NA,0.081225,0,0,0,0,0,0,0,0,0,0,arm64,true,true,NA,4005,NA,NA,NA
E5,seed,native_scalar,LOG,double,libc++,0.51,0.010000000000000009,1,1000000,999998,2,0,2,999998,0,0,0,0,2,0,0,2e-06,2.4220937031600326e-07,7.2246687944522814e-06,false,0.0,0.0,2.9957277863923437e-06,true,2e-06,2.4220937031600326e-07,7.2246687944522814e-06,false,true,0,0.0,0.0,2.9957277863923437e-06,true,0,2,false,533,0,0,NA,0.123281,0,0,0,0,0,0,0,0,0,0,arm64,true,true,NA,4001,NA,NA,NA
E5,seed,native_scalar,LOG,double,libstdc++,0.51,0.010000000000000009,1,1000000,1000000,0,0,0,1000000,0,0,0,0,0,0,0,0.0,0.0,2.9957277863923437e-06,true,0.0,0.0,2.9957277863923437e-06,true,0.0,0.0,2.9957277863923437e-06,true,true,0,0.0,0.0,2.9957277863923437e-06,true,0,0,true,544,0,0,NA,0.091122,0,0,0,0,0,0,0,0,0,0,arm64,true,true,NA,4001,NA,NA,NA
E5,seed,native_scalar,LOG,double,libc++,0.51,0.010000000000000009,1,1000000,1000000,0,0,0,1000000,0,0,0,0,0,0,0,0.0,0.0,2.9957277863923437e-06,true,0.0,0.0,2.9957277863923437e-06,true,0.0,0.0,2.9957277863923437e-06,true,true,0,0.0,0.0,2.9957277863923437e-06,true,0,0,true,598,0,0,NA,0.122686,0,0,0,0,0,0,0,0,0,0,arm64,true,true,NA,4002,NA,NA,NA
E5,seed,native_scalar,LOG,double,libstdc++,0.51,0.010000000000000009,1,1000000,1000000,0,0,0,1000000,0,0,0,0,0,0,0,0.0,0.0,2.9957277863923437e-06,true,0.0,0.0,2.9957277863923437e-06,true,0.0,0.0,2.9957277863923437e-06,true,true,0,0.0,0.0,2.9957277863923437e-06,true,0,0,true,572,0,0,NA,0.091465,0,0,0,0,0,0,0,0,0,0,arm64,true,true,NA,4002,NA,NA,NA
E5,seed,native_scalar,LOG,double,libc++,0.51,0.010000000000000009,1,1000000,999998,2,0,2,999998,0,0,0,0,2,0,0,2e-06,2.4220937031600326e-07,7.2246687944522814e-06,false,0.0,0.0,2.9957277863923437e-06,true,2e-06,2.4220937031600326e-07,7.2246687944522814e-06,false,true,0,0.0,0.0,2.9957277863923437e-06,true,0,2,false,607,0,0,NA,0.123359,0,0,0,0,0,0,0,0,0,0,arm64,true,true,NA,4003,NA,NA,NA
E5,seed,native_scalar,LOG,double,libstdc++,0.51,0.010000000000000009,1,1000000,1000000,0,0,0,1000000,0,0,0,0,0,0,0,0.0,0.0,2.9957277863923437e-06,true,0.0,0.0,2.9957277863923437e-06,true,0.0,0.0,2.9957277863923437e-06,true,true,0,0.0,0.0,2.9957277863923437e-06,true,0,0,true,569,0,0,NA,0.091406,0,0,0,0,0,0,0,0,0,0,arm64,true,true,NA,4003,NA,NA,NA
E5,seed,native_scalar,LOG,double,libc++,0.51,0.010000000000000009,1,1000000,999999,1,0,1,999999,0,0,0,0,1,0,0,1e-06,2.53178076637942e-08,5.571630655166939e-06,false,0.0,0.0,2.9957277863923437e-06,true,1e-06,2.53178076637942e-08,5.571630655166939e-06,false,true,0,0.0,0.0,2.9957277863923437e-06,true,0,1,false,572,0,0,NA,0.123364,0,0,0,0,0,0,0,0,0,0,arm64,true,true,NA,4004,NA,NA,NA
E5,seed,native_scalar,LOG,double,libstdc++,0.51,0.010000000000000009,1,1000000,1000000,0,0,0,1000000,0,0,0,0,0,0,0,0.0,0.0,2.9957277863923437e-06,true,0.0,0.0,2.9957277863923437e-06,true,0.0,0.0,2.9957277863923437e-06,true,true,0,0.0,0.0,2.9957277863923437e-06,true,0,0,true,558,0,0,NA,0.090876,0,0,0,0,0,0,0,0,0,0,arm64,true,true,NA,4004,NA,NA,NA
E5,seed,native_scalar,LOG,double,libc++,0.51,0.010000000000000009,1,1000000,999999,1,0,1,999999,0,0,0,0,1,0,0,1e-06,2.53178076637942e-08,5.571630655166939e-06,false,0.0,0.0,2.9957277863923437e-06,true,1e-06,2.53178076637942e-08,5.571630655166939e-06,false,true,0,0.0,0.0,2.9957277863923437e-06,true,0,1,false,612,0,0,NA,0.123686,0,0,0,0,0,0,0,0,0,0,arm64,true,true,NA,4005,NA,NA,NA
E5,seed,native_scalar,LOG,double,libstdc++,0.51,0.010000000000000009,1,1000000,1000000,0,0,0,1000000,0,0,0,0,0,0,0,0.0,0.0,2.9957277863923437e-06,true,0.0,0.0,2.9957277863923437e-06,true,0.0,0.0,2.9957277863923437e-06,true,true,0,0.0,0.0,2.9957277863923437e-06,true,0,0,true,565,0,0,NA,0.091271,0,0,0,0,0,0,0,0,0,0,arm64,true,true,NA,4005,NA,NA,NA
E5,seed,native_scalar,QF,double,libc++,0.51,0.010000000000000009,1,1000000,999229,771,771,0,999229,529,242,0,0,0,0,0,0.000771,0.0007175499860329269,0.0008273749210876331,false,0.000771,0.0007175499860329269,0.0008273749210876331,false,0.0,0.0,2.9957277863923437e-06,true,true,0,0.0,0.0,2.9957277863923437e-06,true,0,0,true,529,248,0,NA,0.101903,0,0,0,0,0,0,0,0,0,0,arm64,true,true,NA,4001,NA,NA,NA
E5,seed,native_scalar,QF,double,libstdc++,0.51,0.010000000000000009,1,1000000,999225,775,775,0,999225,525,250,0,0,0,0,0,0.000775,0.0007214091325223238,0.0008315156611099634,false,0.000775,0.0007214091325223238,0.0008315156611099634,false,0.0,0.0,2.9957277863923437e-06,true,true,0,0.0,0.0,2.9957277863923437e-06,true,0,0,true,525,253,0,NA,0.080561,0,0,0,0,0,0,0,0,0,0,arm64,true,true,NA,4001,NA,NA,NA
E5,seed,native_scalar,QF,double,libc++,0.51,0.010000000000000009,1,1000000,999154,846,846,0,999154,609,237,0,0,0,0,0,0.000846,0.0007899670657511499,0.0009049558211920404,false,0.000846,0.0007899670657511499,0.0009049558211920404,false,0.0,0.0,2.9957277863923437e-06,true,true,0,0.0,0.0,2.9957277863923437e-06,true,0,0,true,609,248,0,NA,0.100955,0,0,0,0,0,0,0,0,0,0,arm64,true,true,NA,4002,NA,NA,NA
E5,seed,native_scalar,QF,double,libstdc++,0.51,0.010000000000000009,1,1000000,999166,834,834,0,999166,597,237,0,0,0,0,0,0.000834,0.0007783723833630208,0.0008925508124182144,false,0.000834,0.0007783723833630208,0.0008925508124182144,false,0.0,0.0,2.9957277863923437e-06,true,true,0,0.0,0.0,2.9957277863923437e-06,true,0,0,true,597,248,0,NA,0.083862,0,0,0,0,0,0,0,0,0,0,arm64,true,true,NA,4002,NA,NA,NA
E5,seed,native_scalar,QF,double,libc++,0.51,0.010000000000000009,1,1000000,999139,861,861,0,999139,612,249,0,0,0,0,0,0.000861,0.000804464450580049,0.0009204580573507893,false,0.000861,0.000804464450580049,0.0009204580573507893,false,0.0,0.0,2.9957277863923437e-06,true,true,0,0.0,0.0,2.9957277863923437e-06,true,0,0,true,612,262,0,NA,0.101228,0,0,0,0,0,0,0,0,0,0,arm64,true,true,NA,4003,NA,NA,NA
E5,seed,native_scalar,QF,double,libstdc++,0.51,0.010000000000000009,1,1000000,999181,819,819,0,999181,561,258,0,0,0,0,0,0.000819,0.0007638831642357954,0.0008770404249266203,false,0.000819,0.0007638831642357954,0.0008770404249266203,false,0.0,0.0,2.9957277863923437e-06,true,true,0,0.0,0.0,2.9957277863923437e-06,true,0,0,true,561,273,0,NA,0.082024,0,0,0,0,0,0,0,0,0,0,arm64,true,true,NA,4003,NA,NA,NA
E5,seed,native_scalar,QF,double,libc++,0.51,0.010000000000000009,1,1000000,999180,820,820,0,999180,572,248,0,0,0,0,0,0.00082,0.000764848967028068,0.0008780745956487663,false,0.00082,0.000764848967028068,0.0008780745956487663,false,0.0,0.0,2.9957277863923437e-06,true,true,0,0.0,0.0,2.9957277863923437e-06,true,0,0,true,572,261,0,NA,0.101492,0,0,0,0,0,0,0,0,0,0,arm64,true,true,NA,4004,NA,NA,NA
E5,seed,native_scalar,QF,double,libstdc++,0.51,0.010000000000000009,1,1000000,999199,801,801,0,999199,575,226,0,0,0,0,0,0.000801,0.0007465023319810692,0.0008584217404941983,false,0.000801,0.0007465023319810692,0.0008584217404941983,false,0.0,0.0,2.9957277863923437e-06,true,true,0,0.0,0.0,2.9957277863923437e-06,true,0,0,true,575,240,0,NA,0.080967,0,0,0,0,0,0,0,0,0,0,arm64,true,true,NA,4004,NA,NA,NA
E5,seed,native_scalar,QF,double,libc++,0.51,0.010000000000000009,1,1000000,999157,843,843,0,999157,610,233,0,0,0,0,0,0.000843,0.0007870681235017665,0.0009018548401736061,false,0.000843,0.0007870681235017665,0.0009018548401736061,false,0.0,0.0,2.9957277863923437e-06,true,true,0,0.0,0.0,2.9957277863923437e-06,true,0,0,true,610,239,0,NA,0.102109,0,0,0,0,0,0,0,0,0,0,arm64,true,true,NA,4005,NA,NA,NA
E5,seed,native_scalar,QF,double,libstdc++,0.51,0.010000000000000009,1,1000000,999196,804,804,0,999196,553,251,0,0,0,0,0,0.000804,0.0007493986565898436,0.0008615253344542267,false,0.000804,0.0007493986565898436,0.0008615253344542267,false,0.0,0.0,2.9957277863923437e-06,true,true,0,0.0,0.0,2.9957277863923437e-06,true,0,0,true,553,264,0,NA,0.081237,0,0,0,0,0,0,0,0,0,0,arm64,true,true,NA,4005,NA,NA,NA
E5,seed,native_scalar,SPLIT,double,libc++,0.51,0.010000000000000009,1,1000000,999471,529,529,0,999471,529,0,0,0,0,0,0,0.000529,0.0004848857828427724,0.0005760477604257332,false,0.000529,0.0004848857828427724,0.0005760477604257332,false,0.0,0.0,2.9957277863923437e-06,true,true,0,0.0,0.0,2.9957277863923437e-06,true,0,0,true,529,248,0,NA,0.101878,0,0,0,0,0,0,0,0,0,0,arm64,true,true,NA,4001,NA,NA,NA
E5,seed,native_scalar,SPLIT,double,libstdc++,0.51,0.010000000000000009,1,1000000,999475,525,525,0,999475,525,0,0,0,0,0,0,0.000525,0.00048105644163476505,0.0005718772848136576,false,0.000525,0.00048105644163476505,0.0005718772848136576,false,0.0,0.0,2.9957277863923437e-06,true,true,0,0.0,0.0,2.9957277863923437e-06,true,0,0,true,525,253,0,NA,0.081766,0,0,0,0,0,0,0,0,0,0,arm64,true,true,NA,4001,NA,NA,NA
E5,seed,native_scalar,SPLIT,double,libc++,0.51,0.010000000000000009,1,1000000,999391,609,609,0,999391,609,0,0,0,0,0,0,0.000609,0.0005615991969858373,0.0006593310199858026,false,0.000609,0.0005615991969858373,0.0006593310199858026,false,0.0,0.0,2.9957277863923437e-06,true,true,0,0.0,0.0,2.9957277863923437e-06,true,0,0,true,609,248,0,NA,0.100904,0,0,0,0,0,0,0,0,0,0,arm64,true,true,NA,4002,NA,NA,NA
E5,seed,native_scalar,SPLIT,double,libstdc++,0.51,0.010000000000000009,1,1000000,999403,597,597,0,999403,597,0,0,0,0,0,0,0.000597,0.0005500777664915238,0.0006468529126068999,false,0.000597,0.0005500777664915238,0.0006468529126068999,false,0.0,0.0,2.9957277863923437e-06,true,true,0,0.0,0.0,2.9957277863923437e-06,true,0,0,true,597,248,0,NA,0.083984,0,0,0,0,0,0,0,0,0,0,arm64,true,true,NA,4002,NA,NA,NA
E5,seed,native_scalar,SPLIT,double,libc++,0.51,0.010000000000000009,1,1000000,999388,612,612,0,999388,612,0,0,0,0,0,0,0.000612,0.0005644802946564575,0.0006624498085835744,false,0.000612,0.0005644802946564575,0.0006624498085835744,false,0.0,0.0,2.9957277863923437e-06,true,true,0,0.0,0.0,2.9957277863923437e-06,true,0,0,true,612,262,0,NA,0.103555,0,0,0,0,0,0,0,0,0,0,arm64,true,true,NA,4003,NA,NA,NA
E5,seed,native_scalar,SPLIT,double,libstdc++,0.51,0.010000000000000009,1,1000000,999439,561,561,0,999439,561,0,0,0,0,0,0,0.000561,0.0005155431467822112,0.0006093889929847955,false,0.000561,0.0005155431467822112,0.0006093889929847955,false,0.0,0.0,2.9957277863923437e-06,true,true,0,0.0,0.0,2.9957277863923437e-06,true,0,0,true,561,273,0,NA,0.080546,0,0,0,0,0,0,0,0,0,0,arm64,true,true,NA,4003,NA,NA,NA
E5,seed,native_scalar,SPLIT,double,libc++,0.51,0.010000000000000009,1,1000000,999428,572,572,0,999428,572,0,0,0,0,0,0,0.000572,0.0005260905185877506,0.0006208411624088099,false,0.000572,0.0005260905185877506,0.0006208411624088099,false,0.0,0.0,2.9957277863923437e-06,true,true,0,0.0,0.0,2.9957277863923437e-06,true,0,0,true,572,261,0,NA,0.100795,0,0,0,0,0,0,0,0,0,0,arm64,true,true,NA,4004,NA,NA,NA
E5,seed,native_scalar,SPLIT,double,libstdc++,0.51,0.010000000000000009,1,1000000,999425,575,575,0,999425,575,0,0,0,0,0,0,0.000575,0.000528967833010975,0.0006239637248289983,false,0.000575,0.000528967833010975,0.0006239637248289983,false,0.0,0.0,2.9957277863923437e-06,true,true,0,0.0,0.0,2.9957277863923437e-06,true,0,0,true,575,240,0,NA,0.080781,0,0,0,0,0,0,0,0,0,0,arm64,true,true,NA,4004,NA,NA,NA
E5,seed,native_scalar,SPLIT,double,libc++,0.51,0.010000000000000009,1,1000000,999390,610,610,0,999390,610,0,0,0,0,0,0,0.00061,0.0005625595303362963,0.0006603706486462212,false,0.00061,0.0005625595303362963,0.0006603706486462212,false,0.0,0.0,2.9957277863923437e-06,true,true,0,0.0,0.0,2.9957277863923437e-06,true,0,0,true,610,239,0,NA,0.101827,0,0,0,0,0,0,0,0,0,0,arm64,true,true,NA,4005,NA,NA,NA
E5,seed,native_scalar,SPLIT,double,libstdc++,0.51,0.010000000000000009,1,1000000,999447,553,553,0,999447,553,0,0,0,0,0,0,0.000553,0.0005078751298767888,0.0006010573508779793,false,0.000553,0.0005078751298767888,0.0006010573508779793,false,0.0,0.0,2.9957277863923437e-06,true,true,0,0.0,0.0,2.9957277863923437e-06,true,0,0,true,553,264,0,NA,0.080806,0,0,0,0,0,0,0,0,0,0,arm64,true,true,NA,4005,NA,NA,NA
E5,seed,native_scalar,LOG,double,libc++,0.55,0.050000000000000044,1,1000000,1000000,0,0,0,1000000,0,0,0,0,0,0,0,0.0,0.0,2.9957277863923437e-06,true,0.0,0.0,2.9957277863923437e-06,true,0.0,0.0,2.9957277863923437e-06,true,true,0,0.0,0.0,2.9957277863923437e-06,true,0,0,true,0,0,0,NA,0.126233,0,0,0,0,0,0,0,0,0,0,arm64,true,true,NA,4001,NA,NA,NA
E5,seed,native_scalar,LOG,double,libstdc++,0.55,0.050000000000000044,1,1000000,1000000,0,0,0,1000000,0,0,0,0,0,0,0,0.0,0.0,2.9957277863923437e-06,true,0.0,0.0,2.9957277863923437e-06,true,0.0,0.0,2.9957277863923437e-06,true,true,0,0.0,0.0,2.9957277863923437e-06,true,0,0,true,0,0,0,NA,0.094546,0,0,0,0,0,0,0,0,0,0,arm64,true,true,NA,4001,NA,NA,NA
E5,seed,native_scalar,LOG,double,libc++,0.55,0.050000000000000044,1,1000000,1000000,0,0,0,1000000,0,0,0,0,0,0,0,0.0,0.0,2.9957277863923437e-06,true,0.0,0.0,2.9957277863923437e-06,true,0.0,0.0,2.9957277863923437e-06,true,true,0,0.0,0.0,2.9957277863923437e-06,true,0,0,true,0,0,0,NA,0.127114,0,0,0,0,0,0,0,0,0,0,arm64,true,true,NA,4002,NA,NA,NA
E5,seed,native_scalar,LOG,double,libstdc++,0.55,0.050000000000000044,1,1000000,1000000,0,0,0,1000000,0,0,0,0,0,0,0,0.0,0.0,2.9957277863923437e-06,true,0.0,0.0,2.9957277863923437e-06,true,0.0,0.0,2.9957277863923437e-06,true,true,0,0.0,0.0,2.9957277863923437e-06,true,0,0,true,0,0,0,NA,0.094514,0,0,0,0,0,0,0,0,0,0,arm64,true,true,NA,4002,NA,NA,NA
E5,seed,native_scalar,LOG,double,libc++,0.55,0.050000000000000044,1,1000000,1000000,0,0,0,1000000,0,0,0,0,0,0,0,0.0,0.0,2.9957277863923437e-06,true,0.0,0.0,2.9957277863923437e-06,true,0.0,0.0,2.9957277863923437e-06,true,true,0,0.0,0.0,2.9957277863923437e-06,true,0,0,true,0,0,0,NA,0.126863,0,0,0,0,0,0,0,0,0,0,arm64,true,true,NA,4003,NA,NA,NA
E5,seed,native_scalar,LOG,double,libstdc++,0.55,0.050000000000000044,1,1000000,1000000,0,0,0,1000000,0,0,0,0,0,0,0,0.0,0.0,2.9957277863923437e-06,true,0.0,0.0,2.9957277863923437e-06,true,0.0,0.0,2.9957277863923437e-06,true,true,0,0.0,0.0,2.9957277863923437e-06,true,0,0,true,0,0,0,NA,0.095438,0,0,0,0,0,0,0,0,0,0,arm64,true,true,NA,4003,NA,NA,NA
E5,seed,native_scalar,LOG,double,libc++,0.55,0.050000000000000044,1,1000000,1000000,0,0,0,1000000,0,0,0,0,0,0,0,0.0,0.0,2.9957277863923437e-06,true,0.0,0.0,2.9957277863923437e-06,true,0.0,0.0,2.9957277863923437e-06,true,true,0,0.0,0.0,2.9957277863923437e-06,true,0,0,true,0,0,0,NA,0.126118,0,0,0,0,0,0,0,0,0,0,arm64,true,true,NA,4004,NA,NA,NA
E5,seed,native_scalar,LOG,double,libstdc++,0.55,0.050000000000000044,1,1000000,1000000,0,0,0,1000000,0,0,0,0,0,0,0,0.0,0.0,2.9957277863923437e-06,true,0.0,0.0,2.9957277863923437e-06,true,0.0,0.0,2.9957277863923437e-06,true,true,0,0.0,0.0,2.9957277863923437e-06,true,0,0,true,0,0,0,NA,0.094374,0,0,0,0,0,0,0,0,0,0,arm64,true,true,NA,4004,NA,NA,NA
E5,seed,native_scalar,LOG,double,libc++,0.55,0.050000000000000044,1,1000000,1000000,0,0,0,1000000,0,0,0,0,0,0,0,0.0,0.0,2.9957277863923437e-06,true,0.0,0.0,2.9957277863923437e-06,true,0.0,0.0,2.9957277863923437e-06,true,true,0,0.0,0.0,2.9957277863923437e-06,true,0,0,true,0,0,0,NA,0.125501,0,0,0,0,0,0,0,0,0,0,arm64,true,true,NA,4005,NA,NA,NA
E5,seed,native_scalar,LOG,double,libstdc++,0.55,0.050000000000000044,1,1000000,1000000,0,0,0,1000000,0,0,0,0,0,0,0,0.0,0.0,2.9957277863923437e-06,true,0.0,0.0,2.9957277863923437e-06,true,0.0,0.0,2.9957277863923437e-06,true,true,0,0.0,0.0,2.9957277863923437e-06,true,0,0,true,0,0,0,NA,0.094647,0,0,0,0,0,0,0,0,0,0,arm64,true,true,NA,4005,NA,NA,NA
E5,seed,native_scalar,QF,double,libc++,0.55,0.050000000000000044,1,1000000,1000000,0,0,0,1000000,0,0,0,0,0,0,0,0.0,0.0,2.9957277863923437e-06,true,0.0,0.0,2.9957277863923437e-06,true,0.0,0.0,2.9957277863923437e-06,true,true,0,0.0,0.0,2.9957277863923437e-06,true,0,0,true,0,0,0,NA,0.105067,0,0,0,0,0,0,0,0,0,0,arm64,true,true,NA,4001,NA,NA,NA
E5,seed,native_scalar,QF,double,libstdc++,0.55,0.050000000000000044,1,1000000,1000000,0,0,0,1000000,0,0,0,0,0,0,0,0.0,0.0,2.9957277863923437e-06,true,0.0,0.0,2.9957277863923437e-06,true,0.0,0.0,2.9957277863923437e-06,true,true,0,0.0,0.0,2.9957277863923437e-06,true,0,0,true,0,0,0,NA,0.083106,0,0,0,0,0,0,0,0,0,0,arm64,true,true,NA,4001,NA,NA,NA
E5,seed,native_scalar,QF,double,libc++,0.55,0.050000000000000044,1,1000000,1000000,0,0,0,1000000,0,0,0,0,0,0,0,0.0,0.0,2.9957277863923437e-06,true,0.0,0.0,2.9957277863923437e-06,true,0.0,0.0,2.9957277863923437e-06,true,true,0,0.0,0.0,2.9957277863923437e-06,true,0,0,true,0,0,0,NA,0.105601,0,0,0,0,0,0,0,0,0,0,arm64,true,true,NA,4002,NA,NA,NA
E5,seed,native_scalar,QF,double,libstdc++,0.55,0.050000000000000044,1,1000000,1000000,0,0,0,1000000,0,0,0,0,0,0,0,0.0,0.0,2.9957277863923437e-06,true,0.0,0.0,2.9957277863923437e-06,true,0.0,0.0,2.9957277863923437e-06,true,true,0,0.0,0.0,2.9957277863923437e-06,true,0,0,true,0,0,0,NA,0.082881,0,0,0,0,0,0,0,0,0,0,arm64,true,true,NA,4002,NA,NA,NA
E5,seed,native_scalar,QF,double,libc++,0.55,0.050000000000000044,1,1000000,1000000,0,0,0,1000000,0,0,0,0,0,0,0,0.0,0.0,2.9957277863923437e-06,true,0.0,0.0,2.9957277863923437e-06,true,0.0,0.0,2.9957277863923437e-06,true,true,0,0.0,0.0,2.9957277863923437e-06,true,0,0,true,0,0,0,NA,0.105391,0,0,0,0,0,0,0,0,0,0,arm64,true,true,NA,4003,NA,NA,NA
E5,seed,native_scalar,QF,double,libstdc++,0.55,0.050000000000000044,1,1000000,1000000,0,0,0,1000000,0,0,0,0,0,0,0,0.0,0.0,2.9957277863923437e-06,true,0.0,0.0,2.9957277863923437e-06,true,0.0,0.0,2.9957277863923437e-06,true,true,0,0.0,0.0,2.9957277863923437e-06,true,0,0,true,0,0,0,NA,0.083688,0,0,0,0,0,0,0,0,0,0,arm64,true,true,NA,4003,NA,NA,NA
E5,seed,native_scalar,QF,double,libc++,0.55,0.050000000000000044,1,1000000,1000000,0,0,0,1000000,0,0,0,0,0,0,0,0.0,0.0,2.9957277863923437e-06,true,0.0,0.0,2.9957277863923437e-06,true,0.0,0.0,2.9957277863923437e-06,true,true,0,0.0,0.0,2.9957277863923437e-06,true,0,0,true,0,0,0,NA,0.106601,0,0,0,0,0,0,0,0,0,0,arm64,true,true,NA,4004,NA,NA,NA
E5,seed,native_scalar,QF,double,libstdc++,0.55,0.050000000000000044,1,1000000,1000000,0,0,0,1000000,0,0,0,0,0,0,0,0.0,0.0,2.9957277863923437e-06,true,0.0,0.0,2.9957277863923437e-06,true,0.0,0.0,2.9957277863923437e-06,true,true,0,0.0,0.0,2.9957277863923437e-06,true,0,0,true,0,0,0,NA,0.083562,0,0,0,0,0,0,0,0,0,0,arm64,true,true,NA,4004,NA,NA,NA
E5,seed,native_scalar,QF,double,libc++,0.55,0.050000000000000044,1,1000000,1000000,0,0,0,1000000,0,0,0,0,0,0,0,0.0,0.0,2.9957277863923437e-06,true,0.0,0.0,2.9957277863923437e-06,true,0.0,0.0,2.9957277863923437e-06,true,true,0,0.0,0.0,2.9957277863923437e-06,true,0,0,true,0,0,0,NA,0.105203,0,0,0,0,0,0,0,0,0,0,arm64,true,true,NA,4005,NA,NA,NA
E5,seed,native_scalar,QF,double,libstdc++,0.55,0.050000000000000044,1,1000000,1000000,0,0,0,1000000,0,0,0,0,0,0,0,0.0,0.0,2.9957277863923437e-06,true,0.0,0.0,2.9957277863923437e-06,true,0.0,0.0,2.9957277863923437e-06,true,true,0,0.0,0.0,2.9957277863923437e-06,true,0,0,true,0,0,0,NA,0.083606,0,0,0,0,0,0,0,0,0,0,arm64,true,true,NA,4005,NA,NA,NA
E5,seed,native_scalar,SPLIT,double,libc++,0.55,0.050000000000000044,1,1000000,1000000,0,0,0,1000000,0,0,0,0,0,0,0,0.0,0.0,2.9957277863923437e-06,true,0.0,0.0,2.9957277863923437e-06,true,0.0,0.0,2.9957277863923437e-06,true,true,0,0.0,0.0,2.9957277863923437e-06,true,0,0,true,0,0,0,NA,0.104851,0,0,0,0,0,0,0,0,0,0,arm64,true,true,NA,4001,NA,NA,NA
E5,seed,native_scalar,SPLIT,double,libstdc++,0.55,0.050000000000000044,1,1000000,1000000,0,0,0,1000000,0,0,0,0,0,0,0,0.0,0.0,2.9957277863923437e-06,true,0.0,0.0,2.9957277863923437e-06,true,0.0,0.0,2.9957277863923437e-06,true,true,0,0.0,0.0,2.9957277863923437e-06,true,0,0,true,0,0,0,NA,0.083641,0,0,0,0,0,0,0,0,0,0,arm64,true,true,NA,4001,NA,NA,NA
E5,seed,native_scalar,SPLIT,double,libc++,0.55,0.050000000000000044,1,1000000,1000000,0,0,0,1000000,0,0,0,0,0,0,0,0.0,0.0,2.9957277863923437e-06,true,0.0,0.0,2.9957277863923437e-06,true,0.0,0.0,2.9957277863923437e-06,true,true,0,0.0,0.0,2.9957277863923437e-06,true,0,0,true,0,0,0,NA,0.105337,0,0,0,0,0,0,0,0,0,0,arm64,true,true,NA,4002,NA,NA,NA
E5,seed,native_scalar,SPLIT,double,libstdc++,0.55,0.050000000000000044,1,1000000,1000000,0,0,0,1000000,0,0,0,0,0,0,0,0.0,0.0,2.9957277863923437e-06,true,0.0,0.0,2.9957277863923437e-06,true,0.0,0.0,2.9957277863923437e-06,true,true,0,0.0,0.0,2.9957277863923437e-06,true,0,0,true,0,0,0,NA,0.083388,0,0,0,0,0,0,0,0,0,0,arm64,true,true,NA,4002,NA,NA,NA
E5,seed,native_scalar,SPLIT,double,libc++,0.55,0.050000000000000044,1,1000000,1000000,0,0,0,1000000,0,0,0,0,0,0,0,0.0,0.0,2.9957277863923437e-06,true,0.0,0.0,2.9957277863923437e-06,true,0.0,0.0,2.9957277863923437e-06,true,true,0,0.0,0.0,2.9957277863923437e-06,true,0,0,true,0,0,0,NA,0.10528,0,0,0,0,0,0,0,0,0,0,arm64,true,true,NA,4003,NA,NA,NA
E5,seed,native_scalar,SPLIT,double,libstdc++,0.55,0.050000000000000044,1,1000000,1000000,0,0,0,1000000,0,0,0,0,0,0,0,0.0,0.0,2.9957277863923437e-06,true,0.0,0.0,2.9957277863923437e-06,true,0.0,0.0,2.9957277863923437e-06,true,true,0,0.0,0.0,2.9957277863923437e-06,true,0,0,true,0,0,0,NA,0.08384,0,0,0,0,0,0,0,0,0,0,arm64,true,true,NA,4003,NA,NA,NA
E5,seed,native_scalar,SPLIT,double,libc++,0.55,0.050000000000000044,1,1000000,1000000,0,0,0,1000000,0,0,0,0,0,0,0,0.0,0.0,2.9957277863923437e-06,true,0.0,0.0,2.9957277863923437e-06,true,0.0,0.0,2.9957277863923437e-06,true,true,0,0.0,0.0,2.9957277863923437e-06,true,0,0,true,0,0,0,NA,0.105029,0,0,0,0,0,0,0,0,0,0,arm64,true,true,NA,4004,NA,NA,NA
E5,seed,native_scalar,SPLIT,double,libstdc++,0.55,0.050000000000000044,1,1000000,1000000,0,0,0,1000000,0,0,0,0,0,0,0,0.0,0.0,2.9957277863923437e-06,true,0.0,0.0,2.9957277863923437e-06,true,0.0,0.0,2.9957277863923437e-06,true,true,0,0.0,0.0,2.9957277863923437e-06,true,0,0,true,0,0,0,NA,0.083663,0,0,0,0,0,0,0,0,0,0,arm64,true,true,NA,4004,NA,NA,NA
E5,seed,native_scalar,SPLIT,double,libc++,0.55,0.050000000000000044,1,1000000,1000000,0,0,0,1000000,0,0,0,0,0,0,0,0.0,0.0,2.9957277863923437e-06,true,0.0,0.0,2.9957277863923437e-06,true,0.0,0.0,2.9957277863923437e-06,true,true,0,0.0,0.0,2.9957277863923437e-06,true,0,0,true,0,0,0,NA,0.10584,0,0,0,0,0,0,0,0,0,0,arm64,true,true,NA,4005,NA,NA,NA
E5,seed,native_scalar,SPLIT,double,libstdc++,0.55,0.050000000000000044,1,1000000,1000000,0,0,0,1000000,0,0,0,0,0,0,0,0.0,0.0,2.9957277863923437e-06,true,0.0,0.0,2.9957277863923437e-06,true,0.0,0.0,2.9957277863923437e-06,true,true,0,0.0,0.0,2.9957277863923437e-06,true,0,0,true,0,0,0,NA,0.083727,0,0,0,0,0,0,0,0,0,0,arm64,true,true,NA,4005,NA,NA,NA
E5,seed,native_scalar,LOG,double,libc++,0.6,0.09999999999999998,1,1000000,1000000,0,0,0,1000000,0,0,0,0,0,0,0,0.0,0.0,2.9957277863923437e-06,true,0.0,0.0,2.9957277863923437e-06,true,0.0,0.0,2.9957277863923437e-06,true,true,0,0.0,0.0,2.9957277863923437e-06,true,0,0,true,0,0,0,NA,0.129597,0,0,0,0,0,0,0,0,0,0,arm64,true,true,NA,4001,NA,NA,NA
E5,seed,native_scalar,LOG,double,libstdc++,0.6,0.09999999999999998,1,1000000,1000000,0,0,0,1000000,0,0,0,0,0,0,0,0.0,0.0,2.9957277863923437e-06,true,0.0,0.0,2.9957277863923437e-06,true,0.0,0.0,2.9957277863923437e-06,true,true,0,0.0,0.0,2.9957277863923437e-06,true,0,0,true,0,0,0,NA,0.100143,0,0,0,0,0,0,0,0,0,0,arm64,true,true,NA,4001,NA,NA,NA
E5,seed,native_scalar,LOG,double,libc++,0.6,0.09999999999999998,1,1000000,1000000,0,0,0,1000000,0,0,0,0,0,0,0,0.0,0.0,2.9957277863923437e-06,true,0.0,0.0,2.9957277863923437e-06,true,0.0,0.0,2.9957277863923437e-06,true,true,0,0.0,0.0,2.9957277863923437e-06,true,0,0,true,0,0,0,NA,0.130569,0,0,0,0,0,0,0,0,0,0,arm64,true,true,NA,4002,NA,NA,NA
E5,seed,native_scalar,LOG,double,libstdc++,0.6,0.09999999999999998,1,1000000,1000000,0,0,0,1000000,0,0,0,0,0,0,0,0.0,0.0,2.9957277863923437e-06,true,0.0,0.0,2.9957277863923437e-06,true,0.0,0.0,2.9957277863923437e-06,true,true,0,0.0,0.0,2.9957277863923437e-06,true,0,0,true,0,0,0,NA,0.100344,0,0,0,0,0,0,0,0,0,0,arm64,true,true,NA,4002,NA,NA,NA
E5,seed,native_scalar,LOG,double,libc++,0.6,0.09999999999999998,1,1000000,1000000,0,0,0,1000000,0,0,0,0,0,0,0,0.0,0.0,2.9957277863923437e-06,true,0.0,0.0,2.9957277863923437e-06,true,0.0,0.0,2.9957277863923437e-06,true,true,0,0.0,0.0,2.9957277863923437e-06,true,0,0,true,0,0,0,NA,0.130327,0,0,0,0,0,0,0,0,0,0,arm64,true,true,NA,4003,NA,NA,NA
E5,seed,native_scalar,LOG,double,libstdc++,0.6,0.09999999999999998,1,1000000,1000000,0,0,0,1000000,0,0,0,0,0,0,0,0.0,0.0,2.9957277863923437e-06,true,0.0,0.0,2.9957277863923437e-06,true,0.0,0.0,2.9957277863923437e-06,true,true,0,0.0,0.0,2.9957277863923437e-06,true,0,0,true,0,0,0,NA,0.100316,0,0,0,0,0,0,0,0,0,0,arm64,true,true,NA,4003,NA,NA,NA
E5,seed,native_scalar,LOG,double,libc++,0.6,0.09999999999999998,1,1000000,1000000,0,0,0,1000000,0,0,0,0,0,0,0,0.0,0.0,2.9957277863923437e-06,true,0.0,0.0,2.9957277863923437e-06,true,0.0,0.0,2.9957277863923437e-06,true,true,0,0.0,0.0,2.9957277863923437e-06,true,0,0,true,0,0,0,NA,0.129787,0,0,0,0,0,0,0,0,0,0,arm64,true,true,NA,4004,NA,NA,NA
E5,seed,native_scalar,LOG,double,libstdc++,0.6,0.09999999999999998,1,1000000,1000000,0,0,0,1000000,0,0,0,0,0,0,0,0.0,0.0,2.9957277863923437e-06,true,0.0,0.0,2.9957277863923437e-06,true,0.0,0.0,2.9957277863923437e-06,true,true,0,0.0,0.0,2.9957277863923437e-06,true,0,0,true,0,0,0,NA,0.09984,0,0,0,0,0,0,0,0,0,0,arm64,true,true,NA,4004,NA,NA,NA
E5,seed,native_scalar,LOG,double,libc++,0.6,0.09999999999999998,1,1000000,1000000,0,0,0,1000000,0,0,0,0,0,0,0,0.0,0.0,2.9957277863923437e-06,true,0.0,0.0,2.9957277863923437e-06,true,0.0,0.0,2.9957277863923437e-06,true,true,0,0.0,0.0,2.9957277863923437e-06,true,0,0,true,0,0,0,NA,0.133263,0,0,0,0,0,0,0,0,0,0,arm64,true,true,NA,4005,NA,NA,NA
E5,seed,native_scalar,LOG,double,libstdc++,0.6,0.09999999999999998,1,1000000,1000000,0,0,0,1000000,0,0,0,0,0,0,0,0.0,0.0,2.9957277863923437e-06,true,0.0,0.0,2.9957277863923437e-06,true,0.0,0.0,2.9957277863923437e-06,true,true,0,0.0,0.0,2.9957277863923437e-06,true,0,0,true,0,0,0,NA,0.100126,0,0,0,0,0,0,0,0,0,0,arm64,true,true,NA,4005,NA,NA,NA
E5,seed,native_scalar,QF,double,libc++,0.6,0.09999999999999998,1,1000000,1000000,0,0,0,1000000,0,0,0,0,0,0,0,0.0,0.0,2.9957277863923437e-06,true,0.0,0.0,2.9957277863923437e-06,true,0.0,0.0,2.9957277863923437e-06,true,true,0,0.0,0.0,2.9957277863923437e-06,true,0,0,true,0,0,0,NA,0.109359,0,0,0,0,0,0,0,0,0,0,arm64,true,true,NA,4001,NA,NA,NA
E5,seed,native_scalar,QF,double,libstdc++,0.6,0.09999999999999998,1,1000000,1000000,0,0,0,1000000,0,0,0,0,0,0,0,0.0,0.0,2.9957277863923437e-06,true,0.0,0.0,2.9957277863923437e-06,true,0.0,0.0,2.9957277863923437e-06,true,true,0,0.0,0.0,2.9957277863923437e-06,true,0,0,true,0,0,0,NA,0.085741,0,0,0,0,0,0,0,0,0,0,arm64,true,true,NA,4001,NA,NA,NA
E5,seed,native_scalar,QF,double,libc++,0.6,0.09999999999999998,1,1000000,1000000,0,0,0,1000000,0,0,0,0,0,0,0,0.0,0.0,2.9957277863923437e-06,true,0.0,0.0,2.9957277863923437e-06,true,0.0,0.0,2.9957277863923437e-06,true,true,0,0.0,0.0,2.9957277863923437e-06,true,0,0,true,0,0,0,NA,0.108575,0,0,0,0,0,0,0,0,0,0,arm64,true,true,NA,4002,NA,NA,NA
E5,seed,native_scalar,QF,double,libstdc++,0.6,0.09999999999999998,1,1000000,1000000,0,0,0,1000000,0,0,0,0,0,0,0,0.0,0.0,2.9957277863923437e-06,true,0.0,0.0,2.9957277863923437e-06,true,0.0,0.0,2.9957277863923437e-06,true,true,0,0.0,0.0,2.9957277863923437e-06,true,0,0,true,0,0,0,NA,0.086567,0,0,0,0,0,0,0,0,0,0,arm64,true,true,NA,4002,NA,NA,NA
E5,seed,native_scalar,QF,double,libc++,0.6,0.09999999999999998,1,1000000,1000000,0,0,0,1000000,0,0,0,0,0,0,0,0.0,0.0,2.9957277863923437e-06,true,0.0,0.0,2.9957277863923437e-06,true,0.0,0.0,2.9957277863923437e-06,true,true,0,0.0,0.0,2.9957277863923437e-06,true,0,0,true,0,0,0,NA,0.10957,0,0,0,0,0,0,0,0,0,0,arm64,true,true,NA,4003,NA,NA,NA
E5,seed,native_scalar,QF,double,libstdc++,0.6,0.09999999999999998,1,1000000,1000000,0,0,0,1000000,0,0,0,0,0,0,0,0.0,0.0,2.9957277863923437e-06,true,0.0,0.0,2.9957277863923437e-06,true,0.0,0.0,2.9957277863923437e-06,true,true,0,0.0,0.0,2.9957277863923437e-06,true,0,0,true,0,0,0,NA,0.086481,0,0,0,0,0,0,0,0,0,0,arm64,true,true,NA,4003,NA,NA,NA
E5,seed,native_scalar,QF,double,libc++,0.6,0.09999999999999998,1,1000000,1000000,0,0,0,1000000,0,0,0,0,0,0,0,0.0,0.0,2.9957277863923437e-06,true,0.0,0.0,2.9957277863923437e-06,true,0.0,0.0,2.9957277863923437e-06,true,true,0,0.0,0.0,2.9957277863923437e-06,true,0,0,true,0,0,0,NA,0.109138,0,0,0,0,0,0,0,0,0,0,arm64,true,true,NA,4004,NA,NA,NA
E5,seed,native_scalar,QF,double,libstdc++,0.6,0.09999999999999998,1,1000000,1000000,0,0,0,1000000,0,0,0,0,0,0,0,0.0,0.0,2.9957277863923437e-06,true,0.0,0.0,2.9957277863923437e-06,true,0.0,0.0,2.9957277863923437e-06,true,true,0,0.0,0.0,2.9957277863923437e-06,true,0,0,true,0,0,0,NA,0.086318,0,0,0,0,0,0,0,0,0,0,arm64,true,true,NA,4004,NA,NA,NA
E5,seed,native_scalar,QF,double,libc++,0.6,0.09999999999999998,1,1000000,1000000,0,0,0,1000000,0,0,0,0,0,0,0,0.0,0.0,2.9957277863923437e-06,true,0.0,0.0,2.9957277863923437e-06,true,0.0,0.0,2.9957277863923437e-06,true,true,0,0.0,0.0,2.9957277863923437e-06,true,0,0,true,0,0,0,NA,0.109163,0,0,0,0,0,0,0,0,0,0,arm64,true,true,NA,4005,NA,NA,NA
E5,seed,native_scalar,QF,double,libstdc++,0.6,0.09999999999999998,1,1000000,1000000,0,0,0,1000000,0,0,0,0,0,0,0,0.0,0.0,2.9957277863923437e-06,true,0.0,0.0,2.9957277863923437e-06,true,0.0,0.0,2.9957277863923437e-06,true,true,0,0.0,0.0,2.9957277863923437e-06,true,0,0,true,0,0,0,NA,0.086135,0,0,0,0,0,0,0,0,0,0,arm64,true,true,NA,4005,NA,NA,NA
E5,seed,native_scalar,SPLIT,double,libc++,0.6,0.09999999999999998,1,1000000,1000000,0,0,0,1000000,0,0,0,0,0,0,0,0.0,0.0,2.9957277863923437e-06,true,0.0,0.0,2.9957277863923437e-06,true,0.0,0.0,2.9957277863923437e-06,true,true,0,0.0,0.0,2.9957277863923437e-06,true,0,0,true,0,0,0,NA,0.108273,0,0,0,0,0,0,0,0,0,0,arm64,true,true,NA,4001,NA,NA,NA
E5,seed,native_scalar,SPLIT,double,libstdc++,0.6,0.09999999999999998,1,1000000,1000000,0,0,0,1000000,0,0,0,0,0,0,0,0.0,0.0,2.9957277863923437e-06,true,0.0,0.0,2.9957277863923437e-06,true,0.0,0.0,2.9957277863923437e-06,true,true,0,0.0,0.0,2.9957277863923437e-06,true,0,0,true,0,0,0,NA,0.086276,0,0,0,0,0,0,0,0,0,0,arm64,true,true,NA,4001,NA,NA,NA
E5,seed,native_scalar,SPLIT,double,libc++,0.6,0.09999999999999998,1,1000000,1000000,0,0,0,1000000,0,0,0,0,0,0,0,0.0,0.0,2.9957277863923437e-06,true,0.0,0.0,2.9957277863923437e-06,true,0.0,0.0,2.9957277863923437e-06,true,true,0,0.0,0.0,2.9957277863923437e-06,true,0,0,true,0,0,0,NA,0.109741,0,0,0,0,0,0,0,0,0,0,arm64,true,true,NA,4002,NA,NA,NA
E5,seed,native_scalar,SPLIT,double,libstdc++,0.6,0.09999999999999998,1,1000000,1000000,0,0,0,1000000,0,0,0,0,0,0,0,0.0,0.0,2.9957277863923437e-06,true,0.0,0.0,2.9957277863923437e-06,true,0.0,0.0,2.9957277863923437e-06,true,true,0,0.0,0.0,2.9957277863923437e-06,true,0,0,true,0,0,0,NA,0.087049,0,0,0,0,0,0,0,0,0,0,arm64,true,true,NA,4002,NA,NA,NA
E5,seed,native_scalar,SPLIT,double,libc++,0.6,0.09999999999999998,1,1000000,1000000,0,0,0,1000000,0,0,0,0,0,0,0,0.0,0.0,2.9957277863923437e-06,true,0.0,0.0,2.9957277863923437e-06,true,0.0,0.0,2.9957277863923437e-06,true,true,0,0.0,0.0,2.9957277863923437e-06,true,0,0,true,0,0,0,NA,0.109381,0,0,0,0,0,0,0,0,0,0,arm64,true,true,NA,4003,NA,NA,NA
E5,seed,native_scalar,SPLIT,double,libstdc++,0.6,0.09999999999999998,1,1000000,1000000,0,0,0,1000000,0,0,0,0,0,0,0,0.0,0.0,2.9957277863923437e-06,true,0.0,0.0,2.9957277863923437e-06,true,0.0,0.0,2.9957277863923437e-06,true,true,0,0.0,0.0,2.9957277863923437e-06,true,0,0,true,0,0,0,NA,0.086473,0,0,0,0,0,0,0,0,0,0,arm64,true,true,NA,4003,NA,NA,NA
E5,seed,native_scalar,SPLIT,double,libc++,0.6,0.09999999999999998,1,1000000,1000000,0,0,0,1000000,0,0,0,0,0,0,0,0.0,0.0,2.9957277863923437e-06,true,0.0,0.0,2.9957277863923437e-06,true,0.0,0.0,2.9957277863923437e-06,true,true,0,0.0,0.0,2.9957277863923437e-06,true,0,0,true,0,0,0,NA,0.109674,0,0,0,0,0,0,0,0,0,0,arm64,true,true,NA,4004,NA,NA,NA
E5,seed,native_scalar,SPLIT,double,libstdc++,0.6,0.09999999999999998,1,1000000,1000000,0,0,0,1000000,0,0,0,0,0,0,0,0.0,0.0,2.9957277863923437e-06,true,0.0,0.0,2.9957277863923437e-06,true,0.0,0.0,2.9957277863923437e-06,true,true,0,0.0,0.0,2.9957277863923437e-06,true,0,0,true,0,0,0,NA,0.086104,0,0,0,0,0,0,0,0,0,0,arm64,true,true,NA,4004,NA,NA,NA
E5,seed,native_scalar,SPLIT,double,libc++,0.6,0.09999999999999998,1,1000000,1000000,0,0,0,1000000,0,0,0,0,0,0,0,0.0,0.0,2.9957277863923437e-06,true,0.0,0.0,2.9957277863923437e-06,true,0.0,0.0,2.9957277863923437e-06,true,true,0,0.0,0.0,2.9957277863923437e-06,true,0,0,true,0,0,0,NA,0.109379,0,0,0,0,0,0,0,0,0,0,arm64,true,true,NA,4005,NA,NA,NA
E5,seed,native_scalar,SPLIT,double,libstdc++,0.6,0.09999999999999998,1,1000000,1000000,0,0,0,1000000,0,0,0,0,0,0,0,0.0,0.0,2.9957277863923437e-06,true,0.0,0.0,2.9957277863923437e-06,true,0.0,0.0,2.9957277863923437e-06,true,true,0,0.0,0.0,2.9957277863923437e-06,true,0,0,true,0,0,0,NA,0.086253,0,0,0,0,0,0,0,0,0,0,arm64,true,true,NA,4005,NA,NA,NA
E5,seed,native_scalar,LOG,double,libc++,0.75,0.25,1,1000000,1000000,0,0,0,1000000,0,0,0,0,0,0,0,0.0,0.0,2.9957277863923437e-06,true,0.0,0.0,2.9957277863923437e-06,true,0.0,0.0,2.9957277863923437e-06,true,true,0,0.0,0.0,2.9957277863923437e-06,true,0,0,true,0,0,0,NA,0.142428,0,0,0,0,0,0,0,0,0,0,arm64,true,true,NA,4001,NA,NA,NA
E5,seed,native_scalar,LOG,double,libstdc++,0.75,0.25,1,1000000,1000000,0,0,0,1000000,0,0,0,0,0,0,0,0.0,0.0,2.9957277863923437e-06,true,0.0,0.0,2.9957277863923437e-06,true,0.0,0.0,2.9957277863923437e-06,true,true,0,0.0,0.0,2.9957277863923437e-06,true,0,0,true,0,0,0,NA,0.115513,0,0,0,0,0,0,0,0,0,0,arm64,true,true,NA,4001,NA,NA,NA
E5,seed,native_scalar,LOG,double,libc++,0.75,0.25,1,1000000,1000000,0,0,0,1000000,0,0,0,0,0,0,0,0.0,0.0,2.9957277863923437e-06,true,0.0,0.0,2.9957277863923437e-06,true,0.0,0.0,2.9957277863923437e-06,true,true,0,0.0,0.0,2.9957277863923437e-06,true,0,0,true,0,0,0,NA,0.142047,0,0,0,0,0,0,0,0,0,0,arm64,true,true,NA,4002,NA,NA,NA
E5,seed,native_scalar,LOG,double,libstdc++,0.75,0.25,1,1000000,1000000,0,0,0,1000000,0,0,0,0,0,0,0,0.0,0.0,2.9957277863923437e-06,true,0.0,0.0,2.9957277863923437e-06,true,0.0,0.0,2.9957277863923437e-06,true,true,0,0.0,0.0,2.9957277863923437e-06,true,0,0,true,0,0,0,NA,0.114436,0,0,0,0,0,0,0,0,0,0,arm64,true,true,NA,4002,NA,NA,NA
E5,seed,native_scalar,LOG,double,libc++,0.75,0.25,1,1000000,1000000,0,0,0,1000000,0,0,0,0,0,0,0,0.0,0.0,2.9957277863923437e-06,true,0.0,0.0,2.9957277863923437e-06,true,0.0,0.0,2.9957277863923437e-06,true,true,0,0.0,0.0,2.9957277863923437e-06,true,0,0,true,0,0,0,NA,0.14187,0,0,0,0,0,0,0,0,0,0,arm64,true,true,NA,4003,NA,NA,NA
E5,seed,native_scalar,LOG,double,libstdc++,0.75,0.25,1,1000000,1000000,0,0,0,1000000,0,0,0,0,0,0,0,0.0,0.0,2.9957277863923437e-06,true,0.0,0.0,2.9957277863923437e-06,true,0.0,0.0,2.9957277863923437e-06,true,true,0,0.0,0.0,2.9957277863923437e-06,true,0,0,true,0,0,0,NA,0.115021,0,0,0,0,0,0,0,0,0,0,arm64,true,true,NA,4003,NA,NA,NA
E5,seed,native_scalar,LOG,double,libc++,0.75,0.25,1,1000000,1000000,0,0,0,1000000,0,0,0,0,0,0,0,0.0,0.0,2.9957277863923437e-06,true,0.0,0.0,2.9957277863923437e-06,true,0.0,0.0,2.9957277863923437e-06,true,true,0,0.0,0.0,2.9957277863923437e-06,true,0,0,true,0,0,0,NA,0.142162,0,0,0,0,0,0,0,0,0,0,arm64,true,true,NA,4004,NA,NA,NA
E5,seed,native_scalar,LOG,double,libstdc++,0.75,0.25,1,1000000,1000000,0,0,0,1000000,0,0,0,0,0,0,0,0.0,0.0,2.9957277863923437e-06,true,0.0,0.0,2.9957277863923437e-06,true,0.0,0.0,2.9957277863923437e-06,true,true,0,0.0,0.0,2.9957277863923437e-06,true,0,0,true,0,0,0,NA,0.11458,0,0,0,0,0,0,0,0,0,0,arm64,true,true,NA,4004,NA,NA,NA
E5,seed,native_scalar,LOG,double,libc++,0.75,0.25,1,1000000,1000000,0,0,0,1000000,0,0,0,0,0,0,0,0.0,0.0,2.9957277863923437e-06,true,0.0,0.0,2.9957277863923437e-06,true,0.0,0.0,2.9957277863923437e-06,true,true,0,0.0,0.0,2.9957277863923437e-06,true,0,0,true,0,0,0,NA,0.141522,0,0,0,0,0,0,0,0,0,0,arm64,true,true,NA,4005,NA,NA,NA
E5,seed,native_scalar,LOG,double,libstdc++,0.75,0.25,1,1000000,1000000,0,0,0,1000000,0,0,0,0,0,0,0,0.0,0.0,2.9957277863923437e-06,true,0.0,0.0,2.9957277863923437e-06,true,0.0,0.0,2.9957277863923437e-06,true,true,0,0.0,0.0,2.9957277863923437e-06,true,0,0,true,0,0,0,NA,0.114492,0,0,0,0,0,0,0,0,0,0,arm64,true,true,NA,4005,NA,NA,NA
E5,seed,native_scalar,QF,double,libc++,0.75,0.25,1,1000000,1000000,0,0,0,1000000,0,0,0,0,0,0,0,0.0,0.0,2.9957277863923437e-06,true,0.0,0.0,2.9957277863923437e-06,true,0.0,0.0,2.9957277863923437e-06,true,true,0,0.0,0.0,2.9957277863923437e-06,true,0,0,true,0,0,0,NA,0.118319,0,0,0,0,0,0,0,0,0,0,arm64,true,true,NA,4001,NA,NA,NA
E5,seed,native_scalar,QF,double,libstdc++,0.75,0.25,1,1000000,1000000,0,0,0,1000000,0,0,0,0,0,0,0,0.0,0.0,2.9957277863923437e-06,true,0.0,0.0,2.9957277863923437e-06,true,0.0,0.0,2.9957277863923437e-06,true,true,0,0.0,0.0,2.9957277863923437e-06,true,0,0,true,0,0,0,NA,0.091647,0,0,0,0,0,0,0,0,0,0,arm64,true,true,NA,4001,NA,NA,NA
E5,seed,native_scalar,QF,double,libc++,0.75,0.25,1,1000000,1000000,0,0,0,1000000,0,0,0,0,0,0,0,0.0,0.0,2.9957277863923437e-06,true,0.0,0.0,2.9957277863923437e-06,true,0.0,0.0,2.9957277863923437e-06,true,true,0,0.0,0.0,2.9957277863923437e-06,true,0,0,true,0,0,0,NA,0.117653,0,0,0,0,0,0,0,0,0,0,arm64,true,true,NA,4002,NA,NA,NA
E5,seed,native_scalar,QF,double,libstdc++,0.75,0.25,1,1000000,1000000,0,0,0,1000000,0,0,0,0,0,0,0,0.0,0.0,2.9957277863923437e-06,true,0.0,0.0,2.9957277863923437e-06,true,0.0,0.0,2.9957277863923437e-06,true,true,0,0.0,0.0,2.9957277863923437e-06,true,0,0,true,0,0,0,NA,0.09137,0,0,0,0,0,0,0,0,0,0,arm64,true,true,NA,4002,NA,NA,NA
E5,seed,native_scalar,QF,double,libc++,0.75,0.25,1,1000000,1000000,0,0,0,1000000,0,0,0,0,0,0,0,0.0,0.0,2.9957277863923437e-06,true,0.0,0.0,2.9957277863923437e-06,true,0.0,0.0,2.9957277863923437e-06,true,true,0,0.0,0.0,2.9957277863923437e-06,true,0,0,true,0,0,0,NA,0.117645,0,0,0,0,0,0,0,0,0,0,arm64,true,true,NA,4003,NA,NA,NA
E5,seed,native_scalar,QF,double,libstdc++,0.75,0.25,1,1000000,1000000,0,0,0,1000000,0,0,0,0,0,0,0,0.0,0.0,2.9957277863923437e-06,true,0.0,0.0,2.9957277863923437e-06,true,0.0,0.0,2.9957277863923437e-06,true,true,0,0.0,0.0,2.9957277863923437e-06,true,0,0,true,0,0,0,NA,0.091046,0,0,0,0,0,0,0,0,0,0,arm64,true,true,NA,4003,NA,NA,NA
E5,seed,native_scalar,QF,double,libc++,0.75,0.25,1,1000000,1000000,0,0,0,1000000,0,0,0,0,0,0,0,0.0,0.0,2.9957277863923437e-06,true,0.0,0.0,2.9957277863923437e-06,true,0.0,0.0,2.9957277863923437e-06,true,true,0,0.0,0.0,2.9957277863923437e-06,true,0,0,true,0,0,0,NA,0.117556,0,0,0,0,0,0,0,0,0,0,arm64,true,true,NA,4004,NA,NA,NA
E5,seed,native_scalar,QF,double,libstdc++,0.75,0.25,1,1000000,1000000,0,0,0,1000000,0,0,0,0,0,0,0,0.0,0.0,2.9957277863923437e-06,true,0.0,0.0,2.9957277863923437e-06,true,0.0,0.0,2.9957277863923437e-06,true,true,0,0.0,0.0,2.9957277863923437e-06,true,0,0,true,0,0,0,NA,0.090957,0,0,0,0,0,0,0,0,0,0,arm64,true,true,NA,4004,NA,NA,NA
E5,seed,native_scalar,QF,double,libc++,0.75,0.25,1,1000000,1000000,0,0,0,1000000,0,0,0,0,0,0,0,0.0,0.0,2.9957277863923437e-06,true,0.0,0.0,2.9957277863923437e-06,true,0.0,0.0,2.9957277863923437e-06,true,true,0,0.0,0.0,2.9957277863923437e-06,true,0,0,true,0,0,0,NA,0.118394,0,0,0,0,0,0,0,0,0,0,arm64,true,true,NA,4005,NA,NA,NA
E5,seed,native_scalar,QF,double,libstdc++,0.75,0.25,1,1000000,1000000,0,0,0,1000000,0,0,0,0,0,0,0,0.0,0.0,2.9957277863923437e-06,true,0.0,0.0,2.9957277863923437e-06,true,0.0,0.0,2.9957277863923437e-06,true,true,0,0.0,0.0,2.9957277863923437e-06,true,0,0,true,0,0,0,NA,0.091268,0,0,0,0,0,0,0,0,0,0,arm64,true,true,NA,4005,NA,NA,NA
E5,seed,native_scalar,SPLIT,double,libc++,0.75,0.25,1,1000000,1000000,0,0,0,1000000,0,0,0,0,0,0,0,0.0,0.0,2.9957277863923437e-06,true,0.0,0.0,2.9957277863923437e-06,true,0.0,0.0,2.9957277863923437e-06,true,true,0,0.0,0.0,2.9957277863923437e-06,true,0,0,true,0,0,0,NA,0.118697,0,0,0,0,0,0,0,0,0,0,arm64,true,true,NA,4001,NA,NA,NA
E5,seed,native_scalar,SPLIT,double,libstdc++,0.75,0.25,1,1000000,1000000,0,0,0,1000000,0,0,0,0,0,0,0,0.0,0.0,2.9957277863923437e-06,true,0.0,0.0,2.9957277863923437e-06,true,0.0,0.0,2.9957277863923437e-06,true,true,0,0.0,0.0,2.9957277863923437e-06,true,0,0,true,0,0,0,NA,0.091812,0,0,0,0,0,0,0,0,0,0,arm64,true,true,NA,4001,NA,NA,NA
E5,seed,native_scalar,SPLIT,double,libc++,0.75,0.25,1,1000000,1000000,0,0,0,1000000,0,0,0,0,0,0,0,0.0,0.0,2.9957277863923437e-06,true,0.0,0.0,2.9957277863923437e-06,true,0.0,0.0,2.9957277863923437e-06,true,true,0,0.0,0.0,2.9957277863923437e-06,true,0,0,true,0,0,0,NA,0.11748,0,0,0,0,0,0,0,0,0,0,arm64,true,true,NA,4002,NA,NA,NA
E5,seed,native_scalar,SPLIT,double,libstdc++,0.75,0.25,1,1000000,1000000,0,0,0,1000000,0,0,0,0,0,0,0,0.0,0.0,2.9957277863923437e-06,true,0.0,0.0,2.9957277863923437e-06,true,0.0,0.0,2.9957277863923437e-06,true,true,0,0.0,0.0,2.9957277863923437e-06,true,0,0,true,0,0,0,NA,0.090908,0,0,0,0,0,0,0,0,0,0,arm64,true,true,NA,4002,NA,NA,NA
E5,seed,native_scalar,SPLIT,double,libc++,0.75,0.25,1,1000000,1000000,0,0,0,1000000,0,0,0,0,0,0,0,0.0,0.0,2.9957277863923437e-06,true,0.0,0.0,2.9957277863923437e-06,true,0.0,0.0,2.9957277863923437e-06,true,true,0,0.0,0.0,2.9957277863923437e-06,true,0,0,true,0,0,0,NA,0.117988,0,0,0,0,0,0,0,0,0,0,arm64,true,true,NA,4003,NA,NA,NA
E5,seed,native_scalar,SPLIT,double,libstdc++,0.75,0.25,1,1000000,1000000,0,0,0,1000000,0,0,0,0,0,0,0,0.0,0.0,2.9957277863923437e-06,true,0.0,0.0,2.9957277863923437e-06,true,0.0,0.0,2.9957277863923437e-06,true,true,0,0.0,0.0,2.9957277863923437e-06,true,0,0,true,0,0,0,NA,0.091232,0,0,0,0,0,0,0,0,0,0,arm64,true,true,NA,4003,NA,NA,NA
E5,seed,native_scalar,SPLIT,double,libc++,0.75,0.25,1,1000000,1000000,0,0,0,1000000,0,0,0,0,0,0,0,0.0,0.0,2.9957277863923437e-06,true,0.0,0.0,2.9957277863923437e-06,true,0.0,0.0,2.9957277863923437e-06,true,true,0,0.0,0.0,2.9957277863923437e-06,true,0,0,true,0,0,0,NA,0.118596,0,0,0,0,0,0,0,0,0,0,arm64,true,true,NA,4004,NA,NA,NA
E5,seed,native_scalar,SPLIT,double,libstdc++,0.75,0.25,1,1000000,1000000,0,0,0,1000000,0,0,0,0,0,0,0,0.0,0.0,2.9957277863923437e-06,true,0.0,0.0,2.9957277863923437e-06,true,0.0,0.0,2.9957277863923437e-06,true,true,0,0.0,0.0,2.9957277863923437e-06,true,0,0,true,0,0,0,NA,0.091544,0,0,0,0,0,0,0,0,0,0,arm64,true,true,NA,4004,NA,NA,NA
E5,seed,native_scalar,SPLIT,double,libc++,0.75,0.25,1,1000000,1000000,0,0,0,1000000,0,0,0,0,0,0,0,0.0,0.0,2.9957277863923437e-06,true,0.0,0.0,2.9957277863923437e-06,true,0.0,0.0,2.9957277863923437e-06,true,true,0,0.0,0.0,2.9957277863923437e-06,true,0,0,true,0,0,0,NA,0.117547,0,0,0,0,0,0,0,0,0,0,arm64,true,true,NA,4005,NA,NA,NA
E5,seed,native_scalar,SPLIT,double,libstdc++,0.75,0.25,1,1000000,1000000,0,0,0,1000000,0,0,0,0,0,0,0,0.0,0.0,2.9957277863923437e-06,true,0.0,0.0,2.9957277863923437e-06,true,0.0,0.0,2.9957277863923437e-06,true,true,0,0.0,0.0,2.9957277863923437e-06,true,0,0,true,0,0,0,NA,0.091113,0,0,0,0,0,0,0,0,0,0,arm64,true,true,NA,4005,NA,NA,NA
E5,seed,native_scalar,LOG,double,libc++,1,0.5,1,1000000,1000000,0,0,0,1000000,0,0,0,0,0,0,0,0.0,0.0,2.9957277863923437e-06,true,0.0,0.0,2.9957277863923437e-06,true,0.0,0.0,2.9957277863923437e-06,true,true,0,0.0,0.0,2.9957277863923437e-06,true,0,0,true,0,0,0,NA,0.160622,0,0,0,0,0,0,0,0,0,0,arm64,true,true,NA,4001,NA,NA,NA
E5,seed,native_scalar,LOG,double,libstdc++,1,0.5,1,1000000,1000000,0,0,0,1000000,0,0,0,0,0,0,0,0.0,0.0,2.9957277863923437e-06,true,0.0,0.0,2.9957277863923437e-06,true,0.0,0.0,2.9957277863923437e-06,true,true,0,0.0,0.0,2.9957277863923437e-06,true,0,0,true,0,0,0,NA,0.136213,0,0,0,0,0,0,0,0,0,0,arm64,true,true,NA,4001,NA,NA,NA
E5,seed,native_scalar,LOG,double,libc++,1,0.5,1,1000000,1000000,0,0,0,1000000,0,0,0,0,0,0,0,0.0,0.0,2.9957277863923437e-06,true,0.0,0.0,2.9957277863923437e-06,true,0.0,0.0,2.9957277863923437e-06,true,true,0,0.0,0.0,2.9957277863923437e-06,true,0,0,true,0,0,0,NA,0.162217,0,0,0,0,0,0,0,0,0,0,arm64,true,true,NA,4002,NA,NA,NA
E5,seed,native_scalar,LOG,double,libstdc++,1,0.5,1,1000000,1000000,0,0,0,1000000,0,0,0,0,0,0,0,0.0,0.0,2.9957277863923437e-06,true,0.0,0.0,2.9957277863923437e-06,true,0.0,0.0,2.9957277863923437e-06,true,true,0,0.0,0.0,2.9957277863923437e-06,true,0,0,true,0,0,0,NA,0.135649,0,0,0,0,0,0,0,0,0,0,arm64,true,true,NA,4002,NA,NA,NA
E5,seed,native_scalar,LOG,double,libc++,1,0.5,1,1000000,1000000,0,0,0,1000000,0,0,0,0,0,0,0,0.0,0.0,2.9957277863923437e-06,true,0.0,0.0,2.9957277863923437e-06,true,0.0,0.0,2.9957277863923437e-06,true,true,0,0.0,0.0,2.9957277863923437e-06,true,0,0,true,0,0,0,NA,0.161767,0,0,0,0,0,0,0,0,0,0,arm64,true,true,NA,4003,NA,NA,NA
E5,seed,native_scalar,LOG,double,libstdc++,1,0.5,1,1000000,1000000,0,0,0,1000000,0,0,0,0,0,0,0,0.0,0.0,2.9957277863923437e-06,true,0.0,0.0,2.9957277863923437e-06,true,0.0,0.0,2.9957277863923437e-06,true,true,0,0.0,0.0,2.9957277863923437e-06,true,0,0,true,0,0,0,NA,0.135079,0,0,0,0,0,0,0,0,0,0,arm64,true,true,NA,4003,NA,NA,NA
E5,seed,native_scalar,LOG,double,libc++,1,0.5,1,1000000,1000000,0,0,0,1000000,0,0,0,0,0,0,0,0.0,0.0,2.9957277863923437e-06,true,0.0,0.0,2.9957277863923437e-06,true,0.0,0.0,2.9957277863923437e-06,true,true,0,0.0,0.0,2.9957277863923437e-06,true,0,0,true,0,0,0,NA,0.161043,0,0,0,0,0,0,0,0,0,0,arm64,true,true,NA,4004,NA,NA,NA
E5,seed,native_scalar,LOG,double,libstdc++,1,0.5,1,1000000,1000000,0,0,0,1000000,0,0,0,0,0,0,0,0.0,0.0,2.9957277863923437e-06,true,0.0,0.0,2.9957277863923437e-06,true,0.0,0.0,2.9957277863923437e-06,true,true,0,0.0,0.0,2.9957277863923437e-06,true,0,0,true,0,0,0,NA,0.13502,0,0,0,0,0,0,0,0,0,0,arm64,true,true,NA,4004,NA,NA,NA
E5,seed,native_scalar,LOG,double,libc++,1,0.5,1,1000000,1000000,0,0,0,1000000,0,0,0,0,0,0,0,0.0,0.0,2.9957277863923437e-06,true,0.0,0.0,2.9957277863923437e-06,true,0.0,0.0,2.9957277863923437e-06,true,true,0,0.0,0.0,2.9957277863923437e-06,true,0,0,true,0,0,0,NA,0.160877,0,0,0,0,0,0,0,0,0,0,arm64,true,true,NA,4005,NA,NA,NA
E5,seed,native_scalar,LOG,double,libstdc++,1,0.5,1,1000000,1000000,0,0,0,1000000,0,0,0,0,0,0,0,0.0,0.0,2.9957277863923437e-06,true,0.0,0.0,2.9957277863923437e-06,true,0.0,0.0,2.9957277863923437e-06,true,true,0,0.0,0.0,2.9957277863923437e-06,true,0,0,true,0,0,0,NA,0.135576,0,0,0,0,0,0,0,0,0,0,arm64,true,true,NA,4005,NA,NA,NA
E5,seed,native_scalar,QF,double,libc++,1,0.5,1,1000000,1000000,0,0,0,1000000,0,0,0,0,0,0,0,0.0,0.0,2.9957277863923437e-06,true,0.0,0.0,2.9957277863923437e-06,true,0.0,0.0,2.9957277863923437e-06,true,true,0,0.0,0.0,2.9957277863923437e-06,true,0,0,true,0,0,0,NA,0.127008,0,0,0,0,0,0,0,0,0,0,arm64,true,true,NA,4001,NA,NA,NA
E5,seed,native_scalar,QF,double,libstdc++,1,0.5,1,1000000,1000000,0,0,0,1000000,0,0,0,0,0,0,0,0.0,0.0,2.9957277863923437e-06,true,0.0,0.0,2.9957277863923437e-06,true,0.0,0.0,2.9957277863923437e-06,true,true,0,0.0,0.0,2.9957277863923437e-06,true,0,0,true,0,0,0,NA,0.098051,0,0,0,0,0,0,0,0,0,0,arm64,true,true,NA,4001,NA,NA,NA
E5,seed,native_scalar,QF,double,libc++,1,0.5,1,1000000,1000000,0,0,0,1000000,0,0,0,0,0,0,0,0.0,0.0,2.9957277863923437e-06,true,0.0,0.0,2.9957277863923437e-06,true,0.0,0.0,2.9957277863923437e-06,true,true,0,0.0,0.0,2.9957277863923437e-06,true,0,0,true,0,0,0,NA,0.129621,0,0,0,0,0,0,0,0,0,0,arm64,true,true,NA,4002,NA,NA,NA
E5,seed,native_scalar,QF,double,libstdc++,1,0.5,1,1000000,1000000,0,0,0,1000000,0,0,0,0,0,0,0,0.0,0.0,2.9957277863923437e-06,true,0.0,0.0,2.9957277863923437e-06,true,0.0,0.0,2.9957277863923437e-06,true,true,0,0.0,0.0,2.9957277863923437e-06,true,0,0,true,0,0,0,NA,0.095117,0,0,0,0,0,0,0,0,0,0,arm64,true,true,NA,4002,NA,NA,NA
E5,seed,native_scalar,QF,double,libc++,1,0.5,1,1000000,1000000,0,0,0,1000000,0,0,0,0,0,0,0,0.0,0.0,2.9957277863923437e-06,true,0.0,0.0,2.9957277863923437e-06,true,0.0,0.0,2.9957277863923437e-06,true,true,0,0.0,0.0,2.9957277863923437e-06,true,0,0,true,0,0,0,NA,0.128237,0,0,0,0,0,0,0,0,0,0,arm64,true,true,NA,4003,NA,NA,NA
E5,seed,native_scalar,QF,double,libstdc++,1,0.5,1,1000000,1000000,0,0,0,1000000,0,0,0,0,0,0,0,0.0,0.0,2.9957277863923437e-06,true,0.0,0.0,2.9957277863923437e-06,true,0.0,0.0,2.9957277863923437e-06,true,true,0,0.0,0.0,2.9957277863923437e-06,true,0,0,true,0,0,0,NA,0.095325,0,0,0,0,0,0,0,0,0,0,arm64,true,true,NA,4003,NA,NA,NA
E5,seed,native_scalar,QF,double,libc++,1,0.5,1,1000000,1000000,0,0,0,1000000,0,0,0,0,0,0,0,0.0,0.0,2.9957277863923437e-06,true,0.0,0.0,2.9957277863923437e-06,true,0.0,0.0,2.9957277863923437e-06,true,true,0,0.0,0.0,2.9957277863923437e-06,true,0,0,true,0,0,0,NA,0.129559,0,0,0,0,0,0,0,0,0,0,arm64,true,true,NA,4004,NA,NA,NA
E5,seed,native_scalar,QF,double,libstdc++,1,0.5,1,1000000,1000000,0,0,0,1000000,0,0,0,0,0,0,0,0.0,0.0,2.9957277863923437e-06,true,0.0,0.0,2.9957277863923437e-06,true,0.0,0.0,2.9957277863923437e-06,true,true,0,0.0,0.0,2.9957277863923437e-06,true,0,0,true,0,0,0,NA,0.097805,0,0,0,0,0,0,0,0,0,0,arm64,true,true,NA,4004,NA,NA,NA
E5,seed,native_scalar,QF,double,libc++,1,0.5,1,1000000,1000000,0,0,0,1000000,0,0,0,0,0,0,0,0.0,0.0,2.9957277863923437e-06,true,0.0,0.0,2.9957277863923437e-06,true,0.0,0.0,2.9957277863923437e-06,true,true,0,0.0,0.0,2.9957277863923437e-06,true,0,0,true,0,0,0,NA,0.127358,0,0,0,0,0,0,0,0,0,0,arm64,true,true,NA,4005,NA,NA,NA
E5,seed,native_scalar,QF,double,libstdc++,1,0.5,1,1000000,1000000,0,0,0,1000000,0,0,0,0,0,0,0,0.0,0.0,2.9957277863923437e-06,true,0.0,0.0,2.9957277863923437e-06,true,0.0,0.0,2.9957277863923437e-06,true,true,0,0.0,0.0,2.9957277863923437e-06,true,0,0,true,0,0,0,NA,0.094686,0,0,0,0,0,0,0,0,0,0,arm64,true,true,NA,4005,NA,NA,NA
E5,seed,native_scalar,SPLIT,double,libc++,1,0.5,1,1000000,1000000,0,0,0,1000000,0,0,0,0,0,0,0,0.0,0.0,2.9957277863923437e-06,true,0.0,0.0,2.9957277863923437e-06,true,0.0,0.0,2.9957277863923437e-06,true,true,0,0.0,0.0,2.9957277863923437e-06,true,0,0,true,0,0,0,NA,0.12681,0,0,0,0,0,0,0,0,0,0,arm64,true,true,NA,4001,NA,NA,NA
E5,seed,native_scalar,SPLIT,double,libstdc++,1,0.5,1,1000000,1000000,0,0,0,1000000,0,0,0,0,0,0,0,0.0,0.0,2.9957277863923437e-06,true,0.0,0.0,2.9957277863923437e-06,true,0.0,0.0,2.9957277863923437e-06,true,true,0,0.0,0.0,2.9957277863923437e-06,true,0,0,true,0,0,0,NA,0.094984,0,0,0,0,0,0,0,0,0,0,arm64,true,true,NA,4001,NA,NA,NA
E5,seed,native_scalar,SPLIT,double,libc++,1,0.5,1,1000000,1000000,0,0,0,1000000,0,0,0,0,0,0,0,0.0,0.0,2.9957277863923437e-06,true,0.0,0.0,2.9957277863923437e-06,true,0.0,0.0,2.9957277863923437e-06,true,true,0,0.0,0.0,2.9957277863923437e-06,true,0,0,true,0,0,0,NA,0.127994,0,0,0,0,0,0,0,0,0,0,arm64,true,true,NA,4002,NA,NA,NA
E5,seed,native_scalar,SPLIT,double,libstdc++,1,0.5,1,1000000,1000000,0,0,0,1000000,0,0,0,0,0,0,0,0.0,0.0,2.9957277863923437e-06,true,0.0,0.0,2.9957277863923437e-06,true,0.0,0.0,2.9957277863923437e-06,true,true,0,0.0,0.0,2.9957277863923437e-06,true,0,0,true,0,0,0,NA,0.094692,0,0,0,0,0,0,0,0,0,0,arm64,true,true,NA,4002,NA,NA,NA
E5,seed,native_scalar,SPLIT,double,libc++,1,0.5,1,1000000,1000000,0,0,0,1000000,0,0,0,0,0,0,0,0.0,0.0,2.9957277863923437e-06,true,0.0,0.0,2.9957277863923437e-06,true,0.0,0.0,2.9957277863923437e-06,true,true,0,0.0,0.0,2.9957277863923437e-06,true,0,0,true,0,0,0,NA,0.129245,0,0,0,0,0,0,0,0,0,0,arm64,true,true,NA,4003,NA,NA,NA
E5,seed,native_scalar,SPLIT,double,libstdc++,1,0.5,1,1000000,1000000,0,0,0,1000000,0,0,0,0,0,0,0,0.0,0.0,2.9957277863923437e-06,true,0.0,0.0,2.9957277863923437e-06,true,0.0,0.0,2.9957277863923437e-06,true,true,0,0.0,0.0,2.9957277863923437e-06,true,0,0,true,0,0,0,NA,0.095381,0,0,0,0,0,0,0,0,0,0,arm64,true,true,NA,4003,NA,NA,NA
E5,seed,native_scalar,SPLIT,double,libc++,1,0.5,1,1000000,1000000,0,0,0,1000000,0,0,0,0,0,0,0,0.0,0.0,2.9957277863923437e-06,true,0.0,0.0,2.9957277863923437e-06,true,0.0,0.0,2.9957277863923437e-06,true,true,0,0.0,0.0,2.9957277863923437e-06,true,0,0,true,0,0,0,NA,0.128344,0,0,0,0,0,0,0,0,0,0,arm64,true,true,NA,4004,NA,NA,NA
E5,seed,native_scalar,SPLIT,double,libstdc++,1,0.5,1,1000000,1000000,0,0,0,1000000,0,0,0,0,0,0,0,0.0,0.0,2.9957277863923437e-06,true,0.0,0.0,2.9957277863923437e-06,true,0.0,0.0,2.9957277863923437e-06,true,true,0,0.0,0.0,2.9957277863923437e-06,true,0,0,true,0,0,0,NA,0.097904,0,0,0,0,0,0,0,0,0,0,arm64,true,true,NA,4004,NA,NA,NA
E5,seed,native_scalar,SPLIT,double,libc++,1,0.5,1,1000000,1000000,0,0,0,1000000,0,0,0,0,0,0,0,0.0,0.0,2.9957277863923437e-06,true,0.0,0.0,2.9957277863923437e-06,true,0.0,0.0,2.9957277863923437e-06,true,true,0,0.0,0.0,2.9957277863923437e-06,true,0,0,true,0,0,0,NA,0.127093,0,0,0,0,0,0,0,0,0,0,arm64,true,true,NA,4005,NA,NA,NA
E5,seed,native_scalar,SPLIT,double,libstdc++,1,0.5,1,1000000,1000000,0,0,0,1000000,0,0,0,0,0,0,0,0.0,0.0,2.9957277863923437e-06,true,0.0,0.0,2.9957277863923437e-06,true,0.0,0.0,2.9957277863923437e-06,true,true,0,0.0,0.0,2.9957277863923437e-06,true,0,0,true,0,0,0,NA,0.095708,0,0,0,0,0,0,0,0,0,0,arm64,true,true,NA,4005,NA,NA,NA
E5,seed,native_scalar,LOG,double,libc++,1.5,1.0,1,1000000,1000000,0,0,0,1000000,0,0,0,0,0,0,0,0.0,0.0,2.9957277863923437e-06,true,0.0,0.0,2.9957277863923437e-06,true,0.0,0.0,2.9957277863923437e-06,true,true,0,0.0,0.0,2.9957277863923437e-06,true,0,0,true,0,0,0,NA,0.132051,0,0,0,0,0,0,0,0,0,0,arm64,true,true,NA,4001,NA,NA,NA
E5,seed,native_scalar,LOG,double,libstdc++,1.5,1.0,1,1000000,1000000,0,0,0,1000000,0,0,0,0,0,0,0,0.0,0.0,2.9957277863923437e-06,true,0.0,0.0,2.9957277863923437e-06,true,0.0,0.0,2.9957277863923437e-06,true,true,0,0.0,0.0,2.9957277863923437e-06,true,0,0,true,0,0,0,NA,0.114218,0,0,0,0,0,0,0,0,0,0,arm64,true,true,NA,4001,NA,NA,NA
E5,seed,native_scalar,LOG,double,libc++,1.5,1.0,1,1000000,1000000,0,0,0,1000000,0,0,0,0,0,0,0,0.0,0.0,2.9957277863923437e-06,true,0.0,0.0,2.9957277863923437e-06,true,0.0,0.0,2.9957277863923437e-06,true,true,0,0.0,0.0,2.9957277863923437e-06,true,0,0,true,0,0,0,NA,0.133049,0,0,0,0,0,0,0,0,0,0,arm64,true,true,NA,4002,NA,NA,NA
E5,seed,native_scalar,LOG,double,libstdc++,1.5,1.0,1,1000000,1000000,0,0,0,1000000,0,0,0,0,0,0,0,0.0,0.0,2.9957277863923437e-06,true,0.0,0.0,2.9957277863923437e-06,true,0.0,0.0,2.9957277863923437e-06,true,true,0,0.0,0.0,2.9957277863923437e-06,true,0,0,true,0,0,0,NA,0.114149,0,0,0,0,0,0,0,0,0,0,arm64,true,true,NA,4002,NA,NA,NA
E5,seed,native_scalar,LOG,double,libc++,1.5,1.0,1,1000000,1000000,0,0,0,1000000,0,0,0,0,0,0,0,0.0,0.0,2.9957277863923437e-06,true,0.0,0.0,2.9957277863923437e-06,true,0.0,0.0,2.9957277863923437e-06,true,true,0,0.0,0.0,2.9957277863923437e-06,true,0,0,true,0,0,0,NA,0.13219,0,0,0,0,0,0,0,0,0,0,arm64,true,true,NA,4003,NA,NA,NA
E5,seed,native_scalar,LOG,double,libstdc++,1.5,1.0,1,1000000,1000000,0,0,0,1000000,0,0,0,0,0,0,0,0.0,0.0,2.9957277863923437e-06,true,0.0,0.0,2.9957277863923437e-06,true,0.0,0.0,2.9957277863923437e-06,true,true,0,0.0,0.0,2.9957277863923437e-06,true,0,0,true,0,0,0,NA,0.113181,0,0,0,0,0,0,0,0,0,0,arm64,true,true,NA,4003,NA,NA,NA
E5,seed,native_scalar,LOG,double,libc++,1.5,1.0,1,1000000,1000000,0,0,0,1000000,0,0,0,0,0,0,0,0.0,0.0,2.9957277863923437e-06,true,0.0,0.0,2.9957277863923437e-06,true,0.0,0.0,2.9957277863923437e-06,true,true,0,0.0,0.0,2.9957277863923437e-06,true,0,0,true,0,0,0,NA,0.134084,0,0,0,0,0,0,0,0,0,0,arm64,true,true,NA,4004,NA,NA,NA
E5,seed,native_scalar,LOG,double,libstdc++,1.5,1.0,1,1000000,1000000,0,0,0,1000000,0,0,0,0,0,0,0,0.0,0.0,2.9957277863923437e-06,true,0.0,0.0,2.9957277863923437e-06,true,0.0,0.0,2.9957277863923437e-06,true,true,0,0.0,0.0,2.9957277863923437e-06,true,0,0,true,0,0,0,NA,0.114868,0,0,0,0,0,0,0,0,0,0,arm64,true,true,NA,4004,NA,NA,NA
E5,seed,native_scalar,LOG,double,libc++,1.5,1.0,1,1000000,1000000,0,0,0,1000000,0,0,0,0,0,0,0,0.0,0.0,2.9957277863923437e-06,true,0.0,0.0,2.9957277863923437e-06,true,0.0,0.0,2.9957277863923437e-06,true,true,0,0.0,0.0,2.9957277863923437e-06,true,0,0,true,0,0,0,NA,0.13245,0,0,0,0,0,0,0,0,0,0,arm64,true,true,NA,4005,NA,NA,NA
E5,seed,native_scalar,LOG,double,libstdc++,1.5,1.0,1,1000000,1000000,0,0,0,1000000,0,0,0,0,0,0,0,0.0,0.0,2.9957277863923437e-06,true,0.0,0.0,2.9957277863923437e-06,true,0.0,0.0,2.9957277863923437e-06,true,true,0,0.0,0.0,2.9957277863923437e-06,true,0,0,true,0,0,0,NA,0.113224,0,0,0,0,0,0,0,0,0,0,arm64,true,true,NA,4005,NA,NA,NA
E5,seed,native_scalar,QF,double,libc++,1.5,1.0,1,1000000,1000000,0,0,0,1000000,0,0,0,0,0,0,0,0.0,0.0,2.9957277863923437e-06,true,0.0,0.0,2.9957277863923437e-06,true,0.0,0.0,2.9957277863923437e-06,true,true,0,0.0,0.0,2.9957277863923437e-06,true,0,0,true,0,0,0,NA,0.107766,0,0,0,0,0,0,0,0,0,0,arm64,true,true,NA,4001,NA,NA,NA
E5,seed,native_scalar,QF,double,libstdc++,1.5,1.0,1,1000000,1000000,0,0,0,1000000,0,0,0,0,0,0,0,0.0,0.0,2.9957277863923437e-06,true,0.0,0.0,2.9957277863923437e-06,true,0.0,0.0,2.9957277863923437e-06,true,true,0,0.0,0.0,2.9957277863923437e-06,true,0,0,true,0,0,0,NA,0.092129,0,0,0,0,0,0,0,0,0,0,arm64,true,true,NA,4001,NA,NA,NA
E5,seed,native_scalar,QF,double,libc++,1.5,1.0,1,1000000,1000000,0,0,0,1000000,0,0,0,0,0,0,0,0.0,0.0,2.9957277863923437e-06,true,0.0,0.0,2.9957277863923437e-06,true,0.0,0.0,2.9957277863923437e-06,true,true,0,0.0,0.0,2.9957277863923437e-06,true,0,0,true,0,0,0,NA,0.105992,0,0,0,0,0,0,0,0,0,0,arm64,true,true,NA,4002,NA,NA,NA
E5,seed,native_scalar,QF,double,libstdc++,1.5,1.0,1,1000000,1000000,0,0,0,1000000,0,0,0,0,0,0,0,0.0,0.0,2.9957277863923437e-06,true,0.0,0.0,2.9957277863923437e-06,true,0.0,0.0,2.9957277863923437e-06,true,true,0,0.0,0.0,2.9957277863923437e-06,true,0,0,true,0,0,0,NA,0.095657,0,0,0,0,0,0,0,0,0,0,arm64,true,true,NA,4002,NA,NA,NA
E5,seed,native_scalar,QF,double,libc++,1.5,1.0,1,1000000,1000000,0,0,0,1000000,0,0,0,0,0,0,0,0.0,0.0,2.9957277863923437e-06,true,0.0,0.0,2.9957277863923437e-06,true,0.0,0.0,2.9957277863923437e-06,true,true,0,0.0,0.0,2.9957277863923437e-06,true,0,0,true,0,0,0,NA,0.107709,0,0,0,0,0,0,0,0,0,0,arm64,true,true,NA,4003,NA,NA,NA
E5,seed,native_scalar,QF,double,libstdc++,1.5,1.0,1,1000000,1000000,0,0,0,1000000,0,0,0,0,0,0,0,0.0,0.0,2.9957277863923437e-06,true,0.0,0.0,2.9957277863923437e-06,true,0.0,0.0,2.9957277863923437e-06,true,true,0,0.0,0.0,2.9957277863923437e-06,true,0,0,true,0,0,0,NA,0.091268,0,0,0,0,0,0,0,0,0,0,arm64,true,true,NA,4003,NA,NA,NA
E5,seed,native_scalar,QF,double,libc++,1.5,1.0,1,1000000,1000000,0,0,0,1000000,0,0,0,0,0,0,0,0.0,0.0,2.9957277863923437e-06,true,0.0,0.0,2.9957277863923437e-06,true,0.0,0.0,2.9957277863923437e-06,true,true,0,0.0,0.0,2.9957277863923437e-06,true,0,0,true,0,0,0,NA,0.108335,0,0,0,0,0,0,0,0,0,0,arm64,true,true,NA,4004,NA,NA,NA
E5,seed,native_scalar,QF,double,libstdc++,1.5,1.0,1,1000000,1000000,0,0,0,1000000,0,0,0,0,0,0,0,0.0,0.0,2.9957277863923437e-06,true,0.0,0.0,2.9957277863923437e-06,true,0.0,0.0,2.9957277863923437e-06,true,true,0,0.0,0.0,2.9957277863923437e-06,true,0,0,true,0,0,0,NA,0.091627,0,0,0,0,0,0,0,0,0,0,arm64,true,true,NA,4004,NA,NA,NA
E5,seed,native_scalar,QF,double,libc++,1.5,1.0,1,1000000,1000000,0,0,0,1000000,0,0,0,0,0,0,0,0.0,0.0,2.9957277863923437e-06,true,0.0,0.0,2.9957277863923437e-06,true,0.0,0.0,2.9957277863923437e-06,true,true,0,0.0,0.0,2.9957277863923437e-06,true,0,0,true,0,0,0,NA,0.106687,0,0,0,0,0,0,0,0,0,0,arm64,true,true,NA,4005,NA,NA,NA
E5,seed,native_scalar,QF,double,libstdc++,1.5,1.0,1,1000000,1000000,0,0,0,1000000,0,0,0,0,0,0,0,0.0,0.0,2.9957277863923437e-06,true,0.0,0.0,2.9957277863923437e-06,true,0.0,0.0,2.9957277863923437e-06,true,true,0,0.0,0.0,2.9957277863923437e-06,true,0,0,true,0,0,0,NA,0.091258,0,0,0,0,0,0,0,0,0,0,arm64,true,true,NA,4005,NA,NA,NA
E5,seed,native_scalar,SPLIT,double,libc++,1.5,1.0,1,1000000,1000000,0,0,0,1000000,0,0,0,0,0,0,0,0.0,0.0,2.9957277863923437e-06,true,0.0,0.0,2.9957277863923437e-06,true,0.0,0.0,2.9957277863923437e-06,true,true,0,0.0,0.0,2.9957277863923437e-06,true,0,0,true,0,0,0,NA,0.107417,0,0,0,0,0,0,0,0,0,0,arm64,true,true,NA,4001,NA,NA,NA
E5,seed,native_scalar,SPLIT,double,libstdc++,1.5,1.0,1,1000000,1000000,0,0,0,1000000,0,0,0,0,0,0,0,0.0,0.0,2.9957277863923437e-06,true,0.0,0.0,2.9957277863923437e-06,true,0.0,0.0,2.9957277863923437e-06,true,true,0,0.0,0.0,2.9957277863923437e-06,true,0,0,true,0,0,0,NA,0.092256,0,0,0,0,0,0,0,0,0,0,arm64,true,true,NA,4001,NA,NA,NA
E5,seed,native_scalar,SPLIT,double,libc++,1.5,1.0,1,1000000,1000000,0,0,0,1000000,0,0,0,0,0,0,0,0.0,0.0,2.9957277863923437e-06,true,0.0,0.0,2.9957277863923437e-06,true,0.0,0.0,2.9957277863923437e-06,true,true,0,0.0,0.0,2.9957277863923437e-06,true,0,0,true,0,0,0,NA,0.107036,0,0,0,0,0,0,0,0,0,0,arm64,true,true,NA,4002,NA,NA,NA
E5,seed,native_scalar,SPLIT,double,libstdc++,1.5,1.0,1,1000000,1000000,0,0,0,1000000,0,0,0,0,0,0,0,0.0,0.0,2.9957277863923437e-06,true,0.0,0.0,2.9957277863923437e-06,true,0.0,0.0,2.9957277863923437e-06,true,true,0,0.0,0.0,2.9957277863923437e-06,true,0,0,true,0,0,0,NA,0.092265,0,0,0,0,0,0,0,0,0,0,arm64,true,true,NA,4002,NA,NA,NA
E5,seed,native_scalar,SPLIT,double,libc++,1.5,1.0,1,1000000,1000000,0,0,0,1000000,0,0,0,0,0,0,0,0.0,0.0,2.9957277863923437e-06,true,0.0,0.0,2.9957277863923437e-06,true,0.0,0.0,2.9957277863923437e-06,true,true,0,0.0,0.0,2.9957277863923437e-06,true,0,0,true,0,0,0,NA,0.107011,0,0,0,0,0,0,0,0,0,0,arm64,true,true,NA,4003,NA,NA,NA
E5,seed,native_scalar,SPLIT,double,libstdc++,1.5,1.0,1,1000000,1000000,0,0,0,1000000,0,0,0,0,0,0,0,0.0,0.0,2.9957277863923437e-06,true,0.0,0.0,2.9957277863923437e-06,true,0.0,0.0,2.9957277863923437e-06,true,true,0,0.0,0.0,2.9957277863923437e-06,true,0,0,true,0,0,0,NA,0.092325,0,0,0,0,0,0,0,0,0,0,arm64,true,true,NA,4003,NA,NA,NA
E5,seed,native_scalar,SPLIT,double,libc++,1.5,1.0,1,1000000,1000000,0,0,0,1000000,0,0,0,0,0,0,0,0.0,0.0,2.9957277863923437e-06,true,0.0,0.0,2.9957277863923437e-06,true,0.0,0.0,2.9957277863923437e-06,true,true,0,0.0,0.0,2.9957277863923437e-06,true,0,0,true,0,0,0,NA,0.107891,0,0,0,0,0,0,0,0,0,0,arm64,true,true,NA,4004,NA,NA,NA
E5,seed,native_scalar,SPLIT,double,libstdc++,1.5,1.0,1,1000000,1000000,0,0,0,1000000,0,0,0,0,0,0,0,0.0,0.0,2.9957277863923437e-06,true,0.0,0.0,2.9957277863923437e-06,true,0.0,0.0,2.9957277863923437e-06,true,true,0,0.0,0.0,2.9957277863923437e-06,true,0,0,true,0,0,0,NA,0.091667,0,0,0,0,0,0,0,0,0,0,arm64,true,true,NA,4004,NA,NA,NA
E5,seed,native_scalar,SPLIT,double,libc++,1.5,1.0,1,1000000,1000000,0,0,0,1000000,0,0,0,0,0,0,0,0.0,0.0,2.9957277863923437e-06,true,0.0,0.0,2.9957277863923437e-06,true,0.0,0.0,2.9957277863923437e-06,true,true,0,0.0,0.0,2.9957277863923437e-06,true,0,0,true,0,0,0,NA,0.106717,0,0,0,0,0,0,0,0,0,0,arm64,true,true,NA,4005,NA,NA,NA
E5,seed,native_scalar,SPLIT,double,libstdc++,1.5,1.0,1,1000000,1000000,0,0,0,1000000,0,0,0,0,0,0,0,0.0,0.0,2.9957277863923437e-06,true,0.0,0.0,2.9957277863923437e-06,true,0.0,0.0,2.9957277863923437e-06,true,true,0,0.0,0.0,2.9957277863923437e-06,true,0,0,true,0,0,0,NA,0.091307,0,0,0,0,0,0,0,0,0,0,arm64,true,true,NA,4005,NA,NA,NA
E5,seed,native_scalar,LOG,double,libc++,2,1.5,1,1000000,1000000,0,0,0,1000000,0,0,0,0,0,0,0,0.0,0.0,2.9957277863923437e-06,true,0.0,0.0,2.9957277863923437e-06,true,0.0,0.0,2.9957277863923437e-06,true,true,0,0.0,0.0,2.9957277863923437e-06,true,0,0,true,0,0,0,NA,0.170804,0,0,0,0,0,0,0,0,0,0,arm64,true,true,NA,4001,NA,NA,NA
E5,seed,native_scalar,LOG,double,libstdc++,2,1.5,1,1000000,1000000,0,0,0,1000000,0,0,0,0,0,0,0,0.0,0.0,2.9957277863923437e-06,true,0.0,0.0,2.9957277863923437e-06,true,0.0,0.0,2.9957277863923437e-06,true,true,0,0.0,0.0,2.9957277863923437e-06,true,0,0,true,0,0,0,NA,0.113163,0,0,0,0,0,0,0,0,0,0,arm64,true,true,NA,4001,NA,NA,NA
E5,seed,native_scalar,LOG,double,libc++,2,1.5,1,1000000,1000000,0,0,0,1000000,0,0,0,0,0,0,0,0.0,0.0,2.9957277863923437e-06,true,0.0,0.0,2.9957277863923437e-06,true,0.0,0.0,2.9957277863923437e-06,true,true,0,0.0,0.0,2.9957277863923437e-06,true,0,0,true,0,0,0,NA,0.1707,0,0,0,0,0,0,0,0,0,0,arm64,true,true,NA,4002,NA,NA,NA
E5,seed,native_scalar,LOG,double,libstdc++,2,1.5,1,1000000,1000000,0,0,0,1000000,0,0,0,0,0,0,0,0.0,0.0,2.9957277863923437e-06,true,0.0,0.0,2.9957277863923437e-06,true,0.0,0.0,2.9957277863923437e-06,true,true,0,0.0,0.0,2.9957277863923437e-06,true,0,0,true,0,0,0,NA,0.113601,0,0,0,0,0,0,0,0,0,0,arm64,true,true,NA,4002,NA,NA,NA
E5,seed,native_scalar,LOG,double,libc++,2,1.5,1,1000000,1000000,0,0,0,1000000,0,0,0,0,0,0,0,0.0,0.0,2.9957277863923437e-06,true,0.0,0.0,2.9957277863923437e-06,true,0.0,0.0,2.9957277863923437e-06,true,true,0,0.0,0.0,2.9957277863923437e-06,true,0,0,true,0,0,0,NA,0.171323,0,0,0,0,0,0,0,0,0,0,arm64,true,true,NA,4003,NA,NA,NA
E5,seed,native_scalar,LOG,double,libstdc++,2,1.5,1,1000000,1000000,0,0,0,1000000,0,0,0,0,0,0,0,0.0,0.0,2.9957277863923437e-06,true,0.0,0.0,2.9957277863923437e-06,true,0.0,0.0,2.9957277863923437e-06,true,true,0,0.0,0.0,2.9957277863923437e-06,true,0,0,true,0,0,0,NA,0.114294,0,0,0,0,0,0,0,0,0,0,arm64,true,true,NA,4003,NA,NA,NA
E5,seed,native_scalar,LOG,double,libc++,2,1.5,1,1000000,1000000,0,0,0,1000000,0,0,0,0,0,0,0,0.0,0.0,2.9957277863923437e-06,true,0.0,0.0,2.9957277863923437e-06,true,0.0,0.0,2.9957277863923437e-06,true,true,0,0.0,0.0,2.9957277863923437e-06,true,0,0,true,0,0,0,NA,0.170698,0,0,0,0,0,0,0,0,0,0,arm64,true,true,NA,4004,NA,NA,NA
E5,seed,native_scalar,LOG,double,libstdc++,2,1.5,1,1000000,1000000,0,0,0,1000000,0,0,0,0,0,0,0,0.0,0.0,2.9957277863923437e-06,true,0.0,0.0,2.9957277863923437e-06,true,0.0,0.0,2.9957277863923437e-06,true,true,0,0.0,0.0,2.9957277863923437e-06,true,0,0,true,0,0,0,NA,0.113838,0,0,0,0,0,0,0,0,0,0,arm64,true,true,NA,4004,NA,NA,NA
E5,seed,native_scalar,LOG,double,libc++,2,1.5,1,1000000,1000000,0,0,0,1000000,0,0,0,0,0,0,0,0.0,0.0,2.9957277863923437e-06,true,0.0,0.0,2.9957277863923437e-06,true,0.0,0.0,2.9957277863923437e-06,true,true,0,0.0,0.0,2.9957277863923437e-06,true,0,0,true,0,0,0,NA,0.169548,0,0,0,0,0,0,0,0,0,0,arm64,true,true,NA,4005,NA,NA,NA
E5,seed,native_scalar,LOG,double,libstdc++,2,1.5,1,1000000,1000000,0,0,0,1000000,0,0,0,0,0,0,0,0.0,0.0,2.9957277863923437e-06,true,0.0,0.0,2.9957277863923437e-06,true,0.0,0.0,2.9957277863923437e-06,true,true,0,0.0,0.0,2.9957277863923437e-06,true,0,0,true,0,0,0,NA,0.113976,0,0,0,0,0,0,0,0,0,0,arm64,true,true,NA,4005,NA,NA,NA
E5,seed,native_scalar,QF,double,libc++,2,1.5,1,1000000,1000000,0,0,0,1000000,0,0,0,0,0,0,0,0.0,0.0,2.9957277863923437e-06,true,0.0,0.0,2.9957277863923437e-06,true,0.0,0.0,2.9957277863923437e-06,true,true,0,0.0,0.0,2.9957277863923437e-06,true,0,0,true,0,0,0,NA,0.154023,0,0,0,0,0,0,0,0,0,0,arm64,true,true,NA,4001,NA,NA,NA
E5,seed,native_scalar,QF,double,libstdc++,2,1.5,1,1000000,1000000,0,0,0,1000000,0,0,0,0,0,0,0,0.0,0.0,2.9957277863923437e-06,true,0.0,0.0,2.9957277863923437e-06,true,0.0,0.0,2.9957277863923437e-06,true,true,0,0.0,0.0,2.9957277863923437e-06,true,0,0,true,0,0,0,NA,0.092193,0,0,0,0,0,0,0,0,0,0,arm64,true,true,NA,4001,NA,NA,NA
E5,seed,native_scalar,QF,double,libc++,2,1.5,1,1000000,1000000,0,0,0,1000000,0,0,0,0,0,0,0,0.0,0.0,2.9957277863923437e-06,true,0.0,0.0,2.9957277863923437e-06,true,0.0,0.0,2.9957277863923437e-06,true,true,0,0.0,0.0,2.9957277863923437e-06,true,0,0,true,0,0,0,NA,0.151605,0,0,0,0,0,0,0,0,0,0,arm64,true,true,NA,4002,NA,NA,NA
E5,seed,native_scalar,QF,double,libstdc++,2,1.5,1,1000000,1000000,0,0,0,1000000,0,0,0,0,0,0,0,0.0,0.0,2.9957277863923437e-06,true,0.0,0.0,2.9957277863923437e-06,true,0.0,0.0,2.9957277863923437e-06,true,true,0,0.0,0.0,2.9957277863923437e-06,true,0,0,true,0,0,0,NA,0.092261,0,0,0,0,0,0,0,0,0,0,arm64,true,true,NA,4002,NA,NA,NA
E5,seed,native_scalar,QF,double,libc++,2,1.5,1,1000000,1000000,0,0,0,1000000,0,0,0,0,0,0,0,0.0,0.0,2.9957277863923437e-06,true,0.0,0.0,2.9957277863923437e-06,true,0.0,0.0,2.9957277863923437e-06,true,true,0,0.0,0.0,2.9957277863923437e-06,true,0,0,true,0,0,0,NA,0.151125,0,0,0,0,0,0,0,0,0,0,arm64,true,true,NA,4003,NA,NA,NA
E5,seed,native_scalar,QF,double,libstdc++,2,1.5,1,1000000,1000000,0,0,0,1000000,0,0,0,0,0,0,0,0.0,0.0,2.9957277863923437e-06,true,0.0,0.0,2.9957277863923437e-06,true,0.0,0.0,2.9957277863923437e-06,true,true,0,0.0,0.0,2.9957277863923437e-06,true,0,0,true,0,0,0,NA,0.09238,0,0,0,0,0,0,0,0,0,0,arm64,true,true,NA,4003,NA,NA,NA
E5,seed,native_scalar,QF,double,libc++,2,1.5,1,1000000,1000000,0,0,0,1000000,0,0,0,0,0,0,0,0.0,0.0,2.9957277863923437e-06,true,0.0,0.0,2.9957277863923437e-06,true,0.0,0.0,2.9957277863923437e-06,true,true,0,0.0,0.0,2.9957277863923437e-06,true,0,0,true,0,0,0,NA,0.150606,0,0,0,0,0,0,0,0,0,0,arm64,true,true,NA,4004,NA,NA,NA
E5,seed,native_scalar,QF,double,libstdc++,2,1.5,1,1000000,1000000,0,0,0,1000000,0,0,0,0,0,0,0,0.0,0.0,2.9957277863923437e-06,true,0.0,0.0,2.9957277863923437e-06,true,0.0,0.0,2.9957277863923437e-06,true,true,0,0.0,0.0,2.9957277863923437e-06,true,0,0,true,0,0,0,NA,0.091737,0,0,0,0,0,0,0,0,0,0,arm64,true,true,NA,4004,NA,NA,NA
E5,seed,native_scalar,QF,double,libc++,2,1.5,1,1000000,1000000,0,0,0,1000000,0,0,0,0,0,0,0,0.0,0.0,2.9957277863923437e-06,true,0.0,0.0,2.9957277863923437e-06,true,0.0,0.0,2.9957277863923437e-06,true,true,0,0.0,0.0,2.9957277863923437e-06,true,0,0,true,0,0,0,NA,0.152772,0,0,0,0,0,0,0,0,0,0,arm64,true,true,NA,4005,NA,NA,NA
E5,seed,native_scalar,QF,double,libstdc++,2,1.5,1,1000000,1000000,0,0,0,1000000,0,0,0,0,0,0,0,0.0,0.0,2.9957277863923437e-06,true,0.0,0.0,2.9957277863923437e-06,true,0.0,0.0,2.9957277863923437e-06,true,true,0,0.0,0.0,2.9957277863923437e-06,true,0,0,true,0,0,0,NA,0.094305,0,0,0,0,0,0,0,0,0,0,arm64,true,true,NA,4005,NA,NA,NA
E5,seed,native_scalar,SPLIT,double,libc++,2,1.5,1,1000000,1000000,0,0,0,1000000,0,0,0,0,0,0,0,0.0,0.0,2.9957277863923437e-06,true,0.0,0.0,2.9957277863923437e-06,true,0.0,0.0,2.9957277863923437e-06,true,true,0,0.0,0.0,2.9957277863923437e-06,true,0,0,true,0,0,0,NA,0.152732,0,0,0,0,0,0,0,0,0,0,arm64,true,true,NA,4001,NA,NA,NA
E5,seed,native_scalar,SPLIT,double,libstdc++,2,1.5,1,1000000,1000000,0,0,0,1000000,0,0,0,0,0,0,0,0.0,0.0,2.9957277863923437e-06,true,0.0,0.0,2.9957277863923437e-06,true,0.0,0.0,2.9957277863923437e-06,true,true,0,0.0,0.0,2.9957277863923437e-06,true,0,0,true,0,0,0,NA,0.092332,0,0,0,0,0,0,0,0,0,0,arm64,true,true,NA,4001,NA,NA,NA
E5,seed,native_scalar,SPLIT,double,libc++,2,1.5,1,1000000,1000000,0,0,0,1000000,0,0,0,0,0,0,0,0.0,0.0,2.9957277863923437e-06,true,0.0,0.0,2.9957277863923437e-06,true,0.0,0.0,2.9957277863923437e-06,true,true,0,0.0,0.0,2.9957277863923437e-06,true,0,0,true,0,0,0,NA,0.150488,0,0,0,0,0,0,0,0,0,0,arm64,true,true,NA,4002,NA,NA,NA
E5,seed,native_scalar,SPLIT,double,libstdc++,2,1.5,1,1000000,1000000,0,0,0,1000000,0,0,0,0,0,0,0,0.0,0.0,2.9957277863923437e-06,true,0.0,0.0,2.9957277863923437e-06,true,0.0,0.0,2.9957277863923437e-06,true,true,0,0.0,0.0,2.9957277863923437e-06,true,0,0,true,0,0,0,NA,0.092354,0,0,0,0,0,0,0,0,0,0,arm64,true,true,NA,4002,NA,NA,NA
E5,seed,native_scalar,SPLIT,double,libc++,2,1.5,1,1000000,1000000,0,0,0,1000000,0,0,0,0,0,0,0,0.0,0.0,2.9957277863923437e-06,true,0.0,0.0,2.9957277863923437e-06,true,0.0,0.0,2.9957277863923437e-06,true,true,0,0.0,0.0,2.9957277863923437e-06,true,0,0,true,0,0,0,NA,0.152456,0,0,0,0,0,0,0,0,0,0,arm64,true,true,NA,4003,NA,NA,NA
E5,seed,native_scalar,SPLIT,double,libstdc++,2,1.5,1,1000000,1000000,0,0,0,1000000,0,0,0,0,0,0,0,0.0,0.0,2.9957277863923437e-06,true,0.0,0.0,2.9957277863923437e-06,true,0.0,0.0,2.9957277863923437e-06,true,true,0,0.0,0.0,2.9957277863923437e-06,true,0,0,true,0,0,0,NA,0.092694,0,0,0,0,0,0,0,0,0,0,arm64,true,true,NA,4003,NA,NA,NA
E5,seed,native_scalar,SPLIT,double,libc++,2,1.5,1,1000000,1000000,0,0,0,1000000,0,0,0,0,0,0,0,0.0,0.0,2.9957277863923437e-06,true,0.0,0.0,2.9957277863923437e-06,true,0.0,0.0,2.9957277863923437e-06,true,true,0,0.0,0.0,2.9957277863923437e-06,true,0,0,true,0,0,0,NA,0.1511,0,0,0,0,0,0,0,0,0,0,arm64,true,true,NA,4004,NA,NA,NA
E5,seed,native_scalar,SPLIT,double,libstdc++,2,1.5,1,1000000,1000000,0,0,0,1000000,0,0,0,0,0,0,0,0.0,0.0,2.9957277863923437e-06,true,0.0,0.0,2.9957277863923437e-06,true,0.0,0.0,2.9957277863923437e-06,true,true,0,0.0,0.0,2.9957277863923437e-06,true,0,0,true,0,0,0,NA,0.091953,0,0,0,0,0,0,0,0,0,0,arm64,true,true,NA,4004,NA,NA,NA
E5,seed,native_scalar,SPLIT,double,libc++,2,1.5,1,1000000,1000000,0,0,0,1000000,0,0,0,0,0,0,0,0.0,0.0,2.9957277863923437e-06,true,0.0,0.0,2.9957277863923437e-06,true,0.0,0.0,2.9957277863923437e-06,true,true,0,0.0,0.0,2.9957277863923437e-06,true,0,0,true,0,0,0,NA,0.152456,0,0,0,0,0,0,0,0,0,0,arm64,true,true,NA,4005,NA,NA,NA
E5,seed,native_scalar,SPLIT,double,libstdc++,2,1.5,1,1000000,1000000,0,0,0,1000000,0,0,0,0,0,0,0,0.0,0.0,2.9957277863923437e-06,true,0.0,0.0,2.9957277863923437e-06,true,0.0,0.0,2.9957277863923437e-06,true,true,0,0.0,0.0,2.9957277863923437e-06,true,0,0,true,0,0,0,NA,0.091777,0,0,0,0,0,0,0,0,0,0,arm64,true,true,NA,4005,NA,NA,NA
E5,seed,native_scalar,LOG,double,libc++,5,4.5,1,1000000,1000000,0,0,0,1000000,0,0,0,0,0,0,0,0.0,0.0,2.9957277863923437e-06,true,0.0,0.0,2.9957277863923437e-06,true,0.0,0.0,2.9957277863923437e-06,true,true,0,0.0,0.0,2.9957277863923437e-06,true,0,0,true,0,0,0,NA,0.162583,0,0,0,0,0,0,0,0,0,0,arm64,true,true,NA,4001,NA,NA,NA
E5,seed,native_scalar,LOG,double,libstdc++,5,4.5,1,1000000,1000000,0,0,0,1000000,0,0,0,0,0,0,0,0.0,0.0,2.9957277863923437e-06,true,0.0,0.0,2.9957277863923437e-06,true,0.0,0.0,2.9957277863923437e-06,true,true,0,0.0,0.0,2.9957277863923437e-06,true,0,0,true,0,0,0,NA,0.112872,0,0,0,0,0,0,0,0,0,0,arm64,true,true,NA,4001,NA,NA,NA
E5,seed,native_scalar,LOG,double,libc++,5,4.5,1,1000000,1000000,0,0,0,1000000,0,0,0,0,0,0,0,0.0,0.0,2.9957277863923437e-06,true,0.0,0.0,2.9957277863923437e-06,true,0.0,0.0,2.9957277863923437e-06,true,true,0,0.0,0.0,2.9957277863923437e-06,true,0,0,true,0,0,0,NA,0.161229,0,0,0,0,0,0,0,0,0,0,arm64,true,true,NA,4002,NA,NA,NA
E5,seed,native_scalar,LOG,double,libstdc++,5,4.5,1,1000000,1000000,0,0,0,1000000,0,0,0,0,0,0,0,0.0,0.0,2.9957277863923437e-06,true,0.0,0.0,2.9957277863923437e-06,true,0.0,0.0,2.9957277863923437e-06,true,true,0,0.0,0.0,2.9957277863923437e-06,true,0,0,true,0,0,0,NA,0.114649,0,0,0,0,0,0,0,0,0,0,arm64,true,true,NA,4002,NA,NA,NA
E5,seed,native_scalar,LOG,double,libc++,5,4.5,1,1000000,1000000,0,0,0,1000000,0,0,0,0,0,0,0,0.0,0.0,2.9957277863923437e-06,true,0.0,0.0,2.9957277863923437e-06,true,0.0,0.0,2.9957277863923437e-06,true,true,0,0.0,0.0,2.9957277863923437e-06,true,0,0,true,0,0,0,NA,0.162689,0,0,0,0,0,0,0,0,0,0,arm64,true,true,NA,4003,NA,NA,NA
E5,seed,native_scalar,LOG,double,libstdc++,5,4.5,1,1000000,1000000,0,0,0,1000000,0,0,0,0,0,0,0,0.0,0.0,2.9957277863923437e-06,true,0.0,0.0,2.9957277863923437e-06,true,0.0,0.0,2.9957277863923437e-06,true,true,0,0.0,0.0,2.9957277863923437e-06,true,0,0,true,0,0,0,NA,0.11203,0,0,0,0,0,0,0,0,0,0,arm64,true,true,NA,4003,NA,NA,NA
E5,seed,native_scalar,LOG,double,libc++,5,4.5,1,1000000,1000000,0,0,0,1000000,0,0,0,0,0,0,0,0.0,0.0,2.9957277863923437e-06,true,0.0,0.0,2.9957277863923437e-06,true,0.0,0.0,2.9957277863923437e-06,true,true,0,0.0,0.0,2.9957277863923437e-06,true,0,0,true,0,0,0,NA,0.161756,0,0,0,0,0,0,0,0,0,0,arm64,true,true,NA,4004,NA,NA,NA
E5,seed,native_scalar,LOG,double,libstdc++,5,4.5,1,1000000,1000000,0,0,0,1000000,0,0,0,0,0,0,0,0.0,0.0,2.9957277863923437e-06,true,0.0,0.0,2.9957277863923437e-06,true,0.0,0.0,2.9957277863923437e-06,true,true,0,0.0,0.0,2.9957277863923437e-06,true,0,0,true,0,0,0,NA,0.11444,0,0,0,0,0,0,0,0,0,0,arm64,true,true,NA,4004,NA,NA,NA
E5,seed,native_scalar,LOG,double,libc++,5,4.5,1,1000000,1000000,0,0,0,1000000,0,0,0,0,0,0,0,0.0,0.0,2.9957277863923437e-06,true,0.0,0.0,2.9957277863923437e-06,true,0.0,0.0,2.9957277863923437e-06,true,true,0,0.0,0.0,2.9957277863923437e-06,true,0,0,true,0,0,0,NA,0.161404,0,0,0,0,0,0,0,0,0,0,arm64,true,true,NA,4005,NA,NA,NA
E5,seed,native_scalar,LOG,double,libstdc++,5,4.5,1,1000000,1000000,0,0,0,1000000,0,0,0,0,0,0,0,0.0,0.0,2.9957277863923437e-06,true,0.0,0.0,2.9957277863923437e-06,true,0.0,0.0,2.9957277863923437e-06,true,true,0,0.0,0.0,2.9957277863923437e-06,true,0,0,true,0,0,0,NA,0.113123,0,0,0,0,0,0,0,0,0,0,arm64,true,true,NA,4005,NA,NA,NA
E5,seed,native_scalar,QF,double,libc++,5,4.5,1,1000000,1000000,0,0,0,1000000,0,0,0,0,0,0,0,0.0,0.0,2.9957277863923437e-06,true,0.0,0.0,2.9957277863923437e-06,true,0.0,0.0,2.9957277863923437e-06,true,true,0,0.0,0.0,2.9957277863923437e-06,true,0,0,true,0,0,0,NA,0.1422,0,0,0,0,0,0,0,0,0,0,arm64,true,true,NA,4001,NA,NA,NA
E5,seed,native_scalar,QF,double,libstdc++,5,4.5,1,1000000,1000000,0,0,0,1000000,0,0,0,0,0,0,0,0.0,0.0,2.9957277863923437e-06,true,0.0,0.0,2.9957277863923437e-06,true,0.0,0.0,2.9957277863923437e-06,true,true,0,0.0,0.0,2.9957277863923437e-06,true,0,0,true,0,0,0,NA,0.093121,0,0,0,0,0,0,0,0,0,0,arm64,true,true,NA,4001,NA,NA,NA
E5,seed,native_scalar,QF,double,libc++,5,4.5,1,1000000,1000000,0,0,0,1000000,0,0,0,0,0,0,0,0.0,0.0,2.9957277863923437e-06,true,0.0,0.0,2.9957277863923437e-06,true,0.0,0.0,2.9957277863923437e-06,true,true,0,0.0,0.0,2.9957277863923437e-06,true,0,0,true,0,0,0,NA,0.144668,0,0,0,0,0,0,0,0,0,0,arm64,true,true,NA,4002,NA,NA,NA
E5,seed,native_scalar,QF,double,libstdc++,5,4.5,1,1000000,1000000,0,0,0,1000000,0,0,0,0,0,0,0,0.0,0.0,2.9957277863923437e-06,true,0.0,0.0,2.9957277863923437e-06,true,0.0,0.0,2.9957277863923437e-06,true,true,0,0.0,0.0,2.9957277863923437e-06,true,0,0,true,0,0,0,NA,0.091306,0,0,0,0,0,0,0,0,0,0,arm64,true,true,NA,4002,NA,NA,NA
E5,seed,native_scalar,QF,double,libc++,5,4.5,1,1000000,1000000,0,0,0,1000000,0,0,0,0,0,0,0,0.0,0.0,2.9957277863923437e-06,true,0.0,0.0,2.9957277863923437e-06,true,0.0,0.0,2.9957277863923437e-06,true,true,0,0.0,0.0,2.9957277863923437e-06,true,0,0,true,0,0,0,NA,0.143174,0,0,0,0,0,0,0,0,0,0,arm64,true,true,NA,4003,NA,NA,NA
E5,seed,native_scalar,QF,double,libstdc++,5,4.5,1,1000000,1000000,0,0,0,1000000,0,0,0,0,0,0,0,0.0,0.0,2.9957277863923437e-06,true,0.0,0.0,2.9957277863923437e-06,true,0.0,0.0,2.9957277863923437e-06,true,true,0,0.0,0.0,2.9957277863923437e-06,true,0,0,true,0,0,0,NA,0.090625,0,0,0,0,0,0,0,0,0,0,arm64,true,true,NA,4003,NA,NA,NA
E5,seed,native_scalar,QF,double,libc++,5,4.5,1,1000000,1000000,0,0,0,1000000,0,0,0,0,0,0,0,0.0,0.0,2.9957277863923437e-06,true,0.0,0.0,2.9957277863923437e-06,true,0.0,0.0,2.9957277863923437e-06,true,true,0,0.0,0.0,2.9957277863923437e-06,true,0,0,true,0,0,0,NA,0.144153,0,0,0,0,0,0,0,0,0,0,arm64,true,true,NA,4004,NA,NA,NA
E5,seed,native_scalar,QF,double,libstdc++,5,4.5,1,1000000,1000000,0,0,0,1000000,0,0,0,0,0,0,0,0.0,0.0,2.9957277863923437e-06,true,0.0,0.0,2.9957277863923437e-06,true,0.0,0.0,2.9957277863923437e-06,true,true,0,0.0,0.0,2.9957277863923437e-06,true,0,0,true,0,0,0,NA,0.091568,0,0,0,0,0,0,0,0,0,0,arm64,true,true,NA,4004,NA,NA,NA
E5,seed,native_scalar,QF,double,libc++,5,4.5,1,1000000,1000000,0,0,0,1000000,0,0,0,0,0,0,0,0.0,0.0,2.9957277863923437e-06,true,0.0,0.0,2.9957277863923437e-06,true,0.0,0.0,2.9957277863923437e-06,true,true,0,0.0,0.0,2.9957277863923437e-06,true,0,0,true,0,0,0,NA,0.143188,0,0,0,0,0,0,0,0,0,0,arm64,true,true,NA,4005,NA,NA,NA
E5,seed,native_scalar,QF,double,libstdc++,5,4.5,1,1000000,1000000,0,0,0,1000000,0,0,0,0,0,0,0,0.0,0.0,2.9957277863923437e-06,true,0.0,0.0,2.9957277863923437e-06,true,0.0,0.0,2.9957277863923437e-06,true,true,0,0.0,0.0,2.9957277863923437e-06,true,0,0,true,0,0,0,NA,0.091332,0,0,0,0,0,0,0,0,0,0,arm64,true,true,NA,4005,NA,NA,NA
E5,seed,native_scalar,SPLIT,double,libc++,5,4.5,1,1000000,1000000,0,0,0,1000000,0,0,0,0,0,0,0,0.0,0.0,2.9957277863923437e-06,true,0.0,0.0,2.9957277863923437e-06,true,0.0,0.0,2.9957277863923437e-06,true,true,0,0.0,0.0,2.9957277863923437e-06,true,0,0,true,0,0,0,NA,0.143322,0,0,0,0,0,0,0,0,0,0,arm64,true,true,NA,4001,NA,NA,NA
E5,seed,native_scalar,SPLIT,double,libstdc++,5,4.5,1,1000000,1000000,0,0,0,1000000,0,0,0,0,0,0,0,0.0,0.0,2.9957277863923437e-06,true,0.0,0.0,2.9957277863923437e-06,true,0.0,0.0,2.9957277863923437e-06,true,true,0,0.0,0.0,2.9957277863923437e-06,true,0,0,true,0,0,0,NA,0.091153,0,0,0,0,0,0,0,0,0,0,arm64,true,true,NA,4001,NA,NA,NA
E5,seed,native_scalar,SPLIT,double,libc++,5,4.5,1,1000000,1000000,0,0,0,1000000,0,0,0,0,0,0,0,0.0,0.0,2.9957277863923437e-06,true,0.0,0.0,2.9957277863923437e-06,true,0.0,0.0,2.9957277863923437e-06,true,true,0,0.0,0.0,2.9957277863923437e-06,true,0,0,true,0,0,0,NA,0.143479,0,0,0,0,0,0,0,0,0,0,arm64,true,true,NA,4002,NA,NA,NA
E5,seed,native_scalar,SPLIT,double,libstdc++,5,4.5,1,1000000,1000000,0,0,0,1000000,0,0,0,0,0,0,0,0.0,0.0,2.9957277863923437e-06,true,0.0,0.0,2.9957277863923437e-06,true,0.0,0.0,2.9957277863923437e-06,true,true,0,0.0,0.0,2.9957277863923437e-06,true,0,0,true,0,0,0,NA,0.091384,0,0,0,0,0,0,0,0,0,0,arm64,true,true,NA,4002,NA,NA,NA
E5,seed,native_scalar,SPLIT,double,libc++,5,4.5,1,1000000,1000000,0,0,0,1000000,0,0,0,0,0,0,0,0.0,0.0,2.9957277863923437e-06,true,0.0,0.0,2.9957277863923437e-06,true,0.0,0.0,2.9957277863923437e-06,true,true,0,0.0,0.0,2.9957277863923437e-06,true,0,0,true,0,0,0,NA,0.141067,0,0,0,0,0,0,0,0,0,0,arm64,true,true,NA,4003,NA,NA,NA
E5,seed,native_scalar,SPLIT,double,libstdc++,5,4.5,1,1000000,1000000,0,0,0,1000000,0,0,0,0,0,0,0,0.0,0.0,2.9957277863923437e-06,true,0.0,0.0,2.9957277863923437e-06,true,0.0,0.0,2.9957277863923437e-06,true,true,0,0.0,0.0,2.9957277863923437e-06,true,0,0,true,0,0,0,NA,0.091285,0,0,0,0,0,0,0,0,0,0,arm64,true,true,NA,4003,NA,NA,NA
E5,seed,native_scalar,SPLIT,double,libc++,5,4.5,1,1000000,1000000,0,0,0,1000000,0,0,0,0,0,0,0,0.0,0.0,2.9957277863923437e-06,true,0.0,0.0,2.9957277863923437e-06,true,0.0,0.0,2.9957277863923437e-06,true,true,0,0.0,0.0,2.9957277863923437e-06,true,0,0,true,0,0,0,NA,0.143014,0,0,0,0,0,0,0,0,0,0,arm64,true,true,NA,4004,NA,NA,NA
E5,seed,native_scalar,SPLIT,double,libstdc++,5,4.5,1,1000000,1000000,0,0,0,1000000,0,0,0,0,0,0,0,0.0,0.0,2.9957277863923437e-06,true,0.0,0.0,2.9957277863923437e-06,true,0.0,0.0,2.9957277863923437e-06,true,true,0,0.0,0.0,2.9957277863923437e-06,true,0,0,true,0,0,0,NA,0.091913,0,0,0,0,0,0,0,0,0,0,arm64,true,true,NA,4004,NA,NA,NA
E5,seed,native_scalar,SPLIT,double,libc++,5,4.5,1,1000000,1000000,0,0,0,1000000,0,0,0,0,0,0,0,0.0,0.0,2.9957277863923437e-06,true,0.0,0.0,2.9957277863923437e-06,true,0.0,0.0,2.9957277863923437e-06,true,true,0,0.0,0.0,2.9957277863923437e-06,true,0,0,true,0,0,0,NA,0.141799,0,0,0,0,0,0,0,0,0,0,arm64,true,true,NA,4005,NA,NA,NA
E5,seed,native_scalar,SPLIT,double,libstdc++,5,4.5,1,1000000,1000000,0,0,0,1000000,0,0,0,0,0,0,0,0.0,0.0,2.9957277863923437e-06,true,0.0,0.0,2.9957277863923437e-06,true,0.0,0.0,2.9957277863923437e-06,true,true,0,0.0,0.0,2.9957277863923437e-06,true,0,0,true,0,0,0,NA,0.091487,0,0,0,0,0,0,0,0,0,0,arm64,true,true,NA,4005,NA,NA,NA
E5,seed,native_scalar,LOG,float,libc++,0.5001,0.00010001659393310547,1,1000000,17550,982450,0,982450,17550,0,0,0,0,982450,0,0,0.98245,0.9821907376123247,0.9827064624823931,false,0.0,0.0,2.9957277863923437e-06,true,0.98245,0.9821907376123247,0.9827064624823931,false,true,0,0.0,0.0,2.9957277863923437e-06,true,0,982450,false,989700,0,0,NA,0.0855425,0,0,0,0,0,0,0,0,0,0,arm64,true,true,NA,4001,NA,NA,NA
E5,seed,native_scalar,LOG,float,libstdc++,0.5001,0.00010001659393310547,1,1000000,17703,982297,0,982297,17703,0,0,0,0,982297,0,0,0.982297,0.9820366388182564,0.9825545621949515,false,0.0,0.0,2.9957277863923437e-06,true,0.982297,0.9820366388182564,0.9825545621949515,false,true,0,0.0,0.0,2.9957277863923437e-06,true,0,982297,false,989730,0,0,NA,0.052308,0,0,0,0,0,0,0,0,0,0,arm64,true,true,NA,4001,NA,NA,NA
E5,seed,native_scalar,LOG,float,libc++,0.5001,0.00010001659393310547,1,1000000,17621,982379,0,982379,17621,0,0,0,0,982379,0,0,0.982379,0.98211922708838,0.9826359734326174,false,0.0,0.0,2.9957277863923437e-06,true,0.982379,0.98211922708838,0.9826359734326174,false,true,0,0.0,0.0,2.9957277863923437e-06,true,0,982379,false,989687,0,0,NA,0.0850944,0,0,0,0,0,0,0,0,0,0,arm64,true,true,NA,4002,NA,NA,NA
E5,seed,native_scalar,LOG,float,libstdc++,0.5001,0.00010001659393310547,1,1000000,17534,982466,0,982466,17534,0,0,0,0,982466,0,0,0.982466,0.982206852810364,0.982722347188278,false,0.0,0.0,2.9957277863923437e-06,true,0.982466,0.982206852810364,0.982722347188278,false,true,0,0.0,0.0,2.9957277863923437e-06,true,0,982466,false,989787,0,0,NA,0.051739,0,0,0,0,0,0,0,0,0,0,arm64,true,true,NA,4002,NA,NA,NA
E5,seed,native_scalar,LOG,float,libc++,0.5001,0.00010001659393310547,1,1000000,17660,982340,0,982340,17660,0,0,0,0,982340,0,0,0.98234,0.982079947121593,0.9825972536335195,false,0.0,0.0,2.9957277863923437e-06,true,0.98234,0.982079947121593,0.9825972536335195,false,true,0,0.0,0.0,2.9957277863923437e-06,true,0,982340,false,989586,0,0,NA,0.0873091,0,0,0,0,0,0,0,0,0,0,arm64,true,true,NA,4003,NA,NA,NA
E5,seed,native_scalar,LOG,float,libstdc++,0.5001,0.00010001659393310547,1,1000000,17761,982239,0,982239,17761,0,0,0,0,982239,0,0,0.982239,0.9819782235927957,0.982496977768489,false,0.0,0.0,2.9957277863923437e-06,true,0.982239,0.9819782235927957,0.982496977768489,false,true,0,0.0,0.0,2.9957277863923437e-06,true,0,982239,false,989642,0,0,NA,0.052762,0,0,0,0,0,0,0,0,0,0,arm64,true,true,NA,4003,NA,NA,NA
E5,seed,native_scalar,LOG,float,libc++,0.5001,0.00010001659393310547,1,1000000,17610,982390,0,982390,17610,0,0,0,0,982390,0,0,0.98239,0.9821303061124846,0.9826468943424752,false,0.0,0.0,2.9957277863923437e-06,true,0.98239,0.9821303061124846,0.9826468943424752,false,true,0,0.0,0.0,2.9957277863923437e-06,true,0,982390,false,989774,0,0,NA,0.0862726,0,0,0,0,0,0,0,0,0,0,arm64,true,true,NA,4004,NA,NA,NA
E5,seed,native_scalar,LOG,float,libstdc++,0.5001,0.00010001659393310547,1,1000000,17463,982537,0,982537,17463,0,0,0,0,982537,0,0,0.982537,0.9822783646719759,0.9827928349002744,false,0.0,0.0,2.9957277863923437e-06,true,0.982537,0.9822783646719759,0.9827928349002744,false,true,0,0.0,0.0,2.9957277863923437e-06,true,0,982537,false,989847,0,0,NA,0.051568,0,0,0,0,0,0,0,0,0,0,arm64,true,true,NA,4004,NA,NA,NA
E5,seed,native_scalar,LOG,float,libc++,0.5001,0.00010001659393310547,1,1000000,17819,982181,0,982181,17819,0,0,0,0,982181,0,0,0.982181,0.9819198090826353,0.982439392626667,false,0.0,0.0,2.9957277863923437e-06,true,0.982181,0.9819198090826353,0.982439392626667,false,true,0,0.0,0.0,2.9957277863923437e-06,true,0,982181,false,989550,0,0,NA,0.0857234,0,0,0,0,0,0,0,0,0,0,arm64,true,true,NA,4005,NA,NA,NA
E5,seed,native_scalar,LOG,float,libstdc++,0.5001,0.00010001659393310547,1,1000000,17847,982153,0,982153,17847,0,0,0,0,982153,0,0,0.982153,0.9818916092292771,0.9824115926480128,false,0.0,0.0,2.9957277863923437e-06,true,0.982153,0.9818916092292771,0.9824115926480128,false,true,0,0.0,0.0,2.9957277863923437e-06,true,0,982153,false,989556,0,0,NA,0.051767,0,0,0,0,0,0,0,0,0,0,arm64,true,true,NA,4005,NA,NA,NA
E5,seed,native_scalar,QF,float,libc++,0.5001,0.00010001659393310547,1,1000000,8661,991339,991339,0,8661,989714,1625,0,0,0,0,0,0.991339,0.9911554581933434,0.9915196872629679,false,0.991339,0.9911554581933434,0.9915196872629679,false,0.0,0.0,2.9957277863923437e-06,true,true,0,0.0,0.0,2.9957277863923437e-06,true,0,0,true,989714,1742,0,NA,0.0728681,0,0,0,0,0,0,0,0,0,0,arm64,true,true,NA,4001,NA,NA,NA
E5,seed,native_scalar,QF,float,libstdc++,0.5001,0.00010001659393310547,1,1000000,8831,991169,991169,0,8831,989624,1545,0,0,0,0,0,0.991169,0.9909837008043744,0.9913514457388888,false,0.991169,0.9909837008043744,0.9913514457388888,false,0.0,0.0,2.9957277863923437e-06,true,true,0,0.0,0.0,2.9957277863923437e-06,true,0,0,true,989624,1673,0,NA,0.048941,0,0,0,0,0,0,0,0,0,0,arm64,true,true,NA,4001,NA,NA,NA
E5,seed,native_scalar,QF,float,libc++,0.5001,0.00010001659393310547,1,1000000,8761,991239,991239,0,8761,989693,1546,0,0,0,0,0,0.991239,0.9910544223126302,0.9914207237834238,false,0.991239,0.9910544223126302,0.9914207237834238,false,0.0,0.0,2.9957277863923437e-06,true,true,0,0.0,0.0,2.9957277863923437e-06,true,0,0,true,989693,1679,0,NA,0.0732172,0,0,0,0,0,0,0,0,0,0,arm64,true,true,NA,4002,NA,NA,NA
E5,seed,native_scalar,QF,float,libstdc++,0.5001,0.00010001659393310547,1,1000000,8762,991238,991238,0,8762,989712,1526,0,0,0,0,0,0.991238,0.9910534119845671,0.9914197341178791,false,0.991238,0.9910534119845671,0.9914197341178791,false,0.0,0.0,2.9957277863923437e-06,true,true,0,0.0,0.0,2.9957277863923437e-06,true,0,0,true,989712,1647,0,NA,0.048449,0,0,0,0,0,0,0,0,0,0,arm64,true,true,NA,4002,NA,NA,NA
E5,seed,native_scalar,QF,float,libc++,0.5001,0.00010001659393310547,1,1000000,8853,991147,991147,0,8853,989553,1594,0,0,0,0,0,0.991147,0.9909614746517172,0.9913296720319955,false,0.991147,0.9909614746517172,0.9913296720319955,false,0.0,0.0,2.9957277863923437e-06,true,true,0,0.0,0.0,2.9957277863923437e-06,true,0,0,true,989553,1707,0,NA,0.0727824,0,0,0,0,0,0,0,0,0,0,arm64,true,true,NA,4003,NA,NA,NA
E5,seed,native_scalar,QF,float,libstdc++,0.5001,0.00010001659393310547,1,1000000,8760,991240,991240,0,8760,989710,1530,0,0,0,0,0,0.99124,0.9910554326412985,0.9914217134483632,false,0.99124,0.9910554326412985,0.9914217134483632,false,0.0,0.0,2.9957277863923437e-06,true,true,0,0.0,0.0,2.9957277863923437e-06,true,0,0,true,989710,1673,0,NA,0.048567,0,0,0,0,0,0,0,0,0,0,arm64,true,true,NA,4003,NA,NA,NA
E5,seed,native_scalar,QF,float,libc++,0.5001,0.00010001659393310547,1,1000000,8783,991217,991217,0,8783,989766,1451,0,0,0,0,0,0.991217,0.9910321952349059,0.991398951001753,false,0.991217,0.9910321952349059,0.991398951001753,false,0.0,0.0,2.9957277863923437e-06,true,true,0,0.0,0.0,2.9957277863923437e-06,true,0,0,true,989766,1599,0,NA,0.0727245,0,0,0,0,0,0,0,0,0,0,arm64,true,true,NA,4004,NA,NA,NA
E5,seed,native_scalar,QF,float,libstdc++,0.5001,0.00010001659393310547,1,1000000,8802,991198,991198,0,8802,989759,1439,0,0,0,0,0,0.991198,0.9910129993572845,0.9913801470007665,false,0.991198,0.9910129993572845,0.9913801470007665,false,0.0,0.0,2.9957277863923437e-06,true,true,0,0.0,0.0,2.9957277863923437e-06,true,0,0,true,989759,1593,0,NA,0.048459,0,0,0,0,0,0,0,0,0,0,arm64,true,true,NA,4004,NA,NA,NA
E5,seed,native_scalar,QF,float,libc++,0.5001,0.00010001659393310547,1,1000000,8815,991185,991185,0,8815,989557,1628,0,0,0,0,0,0.991185,0.9909998654608447,0.991367280980243,false,0.991185,0.9909998654608447,0.991367280980243,false,0.0,0.0,2.9957277863923437e-06,true,true,0,0.0,0.0,2.9957277863923437e-06,true,0,0,true,989557,1765,0,NA,0.0723402,0,0,0,0,0,0,0,0,0,0,arm64,true,true,NA,4005,NA,NA,NA
E5,seed,native_scalar,QF,float,libstdc++,0.5001,0.00010001659393310547,1,1000000,8872,991128,991128,0,8872,989548,1580,0,0,0,0,0,0.991128,0.9909422795702606,0.9913108672347105,false,0.991128,0.9909422795702606,0.9913108672347105,false,0.0,0.0,2.9957277863923437e-06,true,true,0,0.0,0.0,2.9957277863923437e-06,true,0,0,true,989548,1703,0,NA,0.050711,0,0,0,0,0,0,0,0,0,0,arm64,true,true,NA,4005,NA,NA,NA
E5,seed,native_scalar,SPLIT,float,libc++,0.5001,0.00010001659393310547,1,1000000,10286,989714,989714,0,10286,989714,0,0,0,0,0,0,0.989714,0.9895143206633502,0.9899108350768597,false,0.989714,0.9895143206633502,0.9899108350768597,false,0.0,0.0,2.9957277863923437e-06,true,true,0,0.0,0.0,2.9957277863923437e-06,true,0,0,true,989714,1742,0,NA,0.0725228,0,0,0,0,0,0,0,0,0,0,arm64,true,true,NA,4001,NA,NA,NA
E5,seed,native_scalar,SPLIT,float,libstdc++,0.5001,0.00010001659393310547,1,1000000,10376,989624,989624,0,10376,989624,0,0,0,0,0,0,0.989624,0.9894234667238028,0.9898216895799213,false,0.989624,0.9894234667238028,0.9898216895799213,false,0.0,0.0,2.9957277863923437e-06,true,true,0,0.0,0.0,2.9957277863923437e-06,true,0,0,true,989624,1673,0,NA,0.048604,0,0,0,0,0,0,0,0,0,0,arm64,true,true,NA,4001,NA,NA,NA
E5,seed,native_scalar,SPLIT,float,libc++,0.5001,0.00010001659393310547,1,1000000,10307,989693,989693,0,10307,989693,0,0,0,0,0,0,0.989693,0.9894931210670508,0.9898900348046952,false,0.989693,0.9894931210670508,0.9898900348046952,false,0.0,0.0,2.9957277863923437e-06,true,true,0,0.0,0.0,2.9957277863923437e-06,true,0,0,true,989693,1679,0,NA,0.07258,0,0,0,0,0,0,0,0,0,0,arm64,true,true,NA,4002,NA,NA,NA
E5,seed,native_scalar,SPLIT,float,libstdc++,0.5001,0.00010001659393310547,1,1000000,10288,989712,989712,0,10288,989712,0,0,0,0,0,0,0.989712,0.9895123016451262,0.9899088541076123,false,0.989712,0.9895123016451262,0.9899088541076123,false,0.0,0.0,2.9957277863923437e-06,true,true,0,0.0,0.0,2.9957277863923437e-06,true,0,0,true,989712,1647,0,NA,0.048811,0,0,0,0,0,0,0,0,0,0,arm64,true,true,NA,4002,NA,NA,NA
E5,seed,native_scalar,SPLIT,float,libc++,0.5001,0.00010001659393310547,1,1000000,10447,989553,989553,0,10447,989553,0,0,0,0,0,0,0.989553,0.9893517957540366,0.9897513609938532,false,0.989553,0.9893517957540366,0.9897513609938532,false,0.0,0.0,2.9957277863923437e-06,true,true,0,0.0,0.0,2.9957277863923437e-06,true,0,0,true,989553,1707,0,NA,0.0722988,0,0,0,0,0,0,0,0,0,0,arm64,true,true,NA,4003,NA,NA,NA
E5,seed,native_scalar,SPLIT,float,libstdc++,0.5001,0.00010001659393310547,1,1000000,10290,989710,989710,0,10290,989710,0,0,0,0,0,0,0.98971,0.9895102826288095,0.9899068731364572,false,0.98971,0.9895102826288095,0.9899068731364572,false,0.0,0.0,2.9957277863923437e-06,true,true,0,0.0,0.0,2.9957277863923437e-06,true,0,0,true,989710,1673,0,NA,0.048512,0,0,0,0,0,0,0,0,0,0,arm64,true,true,NA,4003,NA,NA,NA
E5,seed,native_scalar,SPLIT,float,libc++,0.5001,0.00010001659393310547,1,1000000,10234,989766,989766,0,10234,989766,0,0,0,0,0,0,0.989766,0.9895668158084724,0.9899623396058991,false,0.989766,0.9895668158084724,0.9899623396058991,false,0.0,0.0,2.9957277863923437e-06,true,true,0,0.0,0.0,2.9957277863923437e-06,true,0,0,true,989766,1599,0,NA,0.0762788,0,0,0,0,0,0,0,0,0,0,arm64,true,true,NA,4004,NA,NA,NA
E5,seed,native_scalar,SPLIT,float,libstdc++,0.5001,0.00010001659393310547,1,1000000,10241,989759,989759,0,10241,989759,0,0,0,0,0,0,0.989759,0.9895597490788447,0.9899554063794006,false,0.989759,0.9895597490788447,0.9899554063794006,false,0.0,0.0,2.9957277863923437e-06,true,true,0,0.0,0.0,2.9957277863923437e-06,true,0,0,true,989759,1593,0,NA,0.048392,0,0,0,0,0,0,0,0,0,0,arm64,true,true,NA,4004,NA,NA,NA
E5,seed,native_scalar,SPLIT,float,libc++,0.5001,0.00010001659393310547,1,1000000,10443,989557,989557,0,10443,989557,0,0,0,0,0,0,0.989557,0.9893558334924685,0.9897553232304068,false,0.989557,0.9893558334924685,0.9897553232304068,false,0.0,0.0,2.9957277863923437e-06,true,true,0,0.0,0.0,2.9957277863923437e-06,true,0,0,true,989557,1765,0,NA,0.0725368,0,0,0,0,0,0,0,0,0,0,arm64,true,true,NA,4005,NA,NA,NA
E5,seed,native_scalar,SPLIT,float,libstdc++,0.5001,0.00010001659393310547,1,1000000,10452,989548,989548,0,10452,989548,0,0,0,0,0,0,0.989548,0.9893467485914841,0.9897464081876725,false,0.989548,0.9893467485914841,0.9897464081876725,false,0.0,0.0,2.9957277863923437e-06,true,true,0,0.0,0.0,2.9957277863923437e-06,true,0,0,true,989548,1703,0,NA,0.048472,0,0,0,0,0,0,0,0,0,0,arm64,true,true,NA,4005,NA,NA,NA
E5,seed,native_scalar,LOG,float,libc++,0.501,0.0009999871253967285,1,1000000,163060,836940,0,836940,163060,0,0,0,0,836940,0,0,0.83694,0.8362144736963658,0.837663574104613,false,0.0,0.0,2.9957277863923437e-06,true,0.83694,0.8362144736963658,0.837663574104613,false,true,0,0.0,0.0,2.9957277863923437e-06,true,0,836940,false,901470,0,0,NA,0.0915107,0,0,0,0,0,0,0,0,0,0,arm64,true,true,NA,4001,NA,NA,NA
E5,seed,native_scalar,LOG,float,libstdc++,0.501,0.0009999871253967285,1,1000000,162925,837075,0,837075,162925,0,0,0,0,837075,0,0,0.837075,0.8363497147240764,0.8377983322941216,false,0.0,0.0,2.9957277863923437e-06,true,0.837075,0.8363497147240764,0.8377983322941216,false,true,0,0.0,0.0,2.9957277863923437e-06,true,0,837075,false,902193,0,0,NA,0.056936,0,0,0,0,0,0,0,0,0,0,arm64,true,true,NA,4001,NA,NA,NA
E5,seed,native_scalar,LOG,float,libc++,0.501,0.0009999871253967285,1,1000000,162978,837022,0,837022,162978,0,0,0,0,837022,0,0,0.837022,0.8362966200772561,0.8377454272482583,false,0.0,0.0,2.9957277863923437e-06,true,0.837022,0.8362966200772561,0.8377454272482583,false,true,0,0.0,0.0,2.9957277863923437e-06,true,0,837022,false,901844,0,0,NA,0.0919013,0,0,0,0,0,0,0,0,0,0,arm64,true,true,NA,4002,NA,NA,NA
E5,seed,native_scalar,LOG,float,libstdc++,0.501,0.0009999871253967285,1,1000000,162894,837106,0,837106,162894,0,0,0,0,837106,0,0,0.837106,0.836380770096212,0.837829276742244,false,0.0,0.0,2.9957277863923437e-06,true,0.837106,0.836380770096212,0.837829276742244,false,true,0,0.0,0.0,2.9957277863923437e-06,true,0,837106,false,901789,0,0,NA,0.057772,0,0,0,0,0,0,0,0,0,0,arm64,true,true,NA,4002,NA,NA,NA
E5,seed,native_scalar,LOG,float,libc++,0.501,0.0009999871253967285,1,1000000,162657,837343,0,837343,162657,0,0,0,0,837343,0,0,0.837343,0.8366181937342743,0.8380658517299749,false,0.0,0.0,2.9957277863923437e-06,true,0.837343,0.8366181937342743,0.8380658517299749,false,true,0,0.0,0.0,2.9957277863923437e-06,true,0,837343,false,902252,0,0,NA,0.0911757,0,0,0,0,0,0,0,0,0,0,arm64,true,true,NA,4003,NA,NA,NA
E5,seed,native_scalar,LOG,float,libstdc++,0.501,0.0009999871253967285,1,1000000,163070,836930,0,836930,163070,0,0,0,0,836930,0,0,0.83693,0.8362044558495099,0.8376535920094478,false,0.0,0.0,2.9957277863923437e-06,true,0.83693,0.8362044558495099,0.8376535920094478,false,true,0,0.0,0.0,2.9957277863923437e-06,true,0,836930,false,901572,0,0,NA,0.057142,0,0,0,0,0,0,0,0,0,0,arm64,true,true,NA,4003,NA,NA,NA
E5,seed,native_scalar,LOG,float,libc++,0.501,0.0009999871253967285,1,1000000,162934,837066,0,837066,162934,0,0,0,0,837066,0,0,0.837066,0.8363406986500512,0.8377893484203411,false,0.0,0.0,2.9957277863923437e-06,true,0.837066,0.8363406986500512,0.8377893484203411,false,true,0,0.0,0.0,2.9957277863923437e-06,true,0,837066,false,901907,0,0,NA,0.0915212,0,0,0,0,0,0,0,0,0,0,arm64,true,true,NA,4004,NA,NA,NA
E5,seed,native_scalar,LOG,float,libstdc++,0.501,0.0009999871253967285,1,1000000,162999,837001,0,837001,162999,0,0,0,0,837001,0,0,0.837001,0.836275582583239,0.8377244648640432,false,0.0,0.0,2.9957277863923437e-06,true,0.837001,0.836275582583239,0.8377244648640432,false,true,0,0.0,0.0,2.9957277863923437e-06,true,0,837001,false,901860,0,0,NA,0.057259,0,0,0,0,0,0,0,0,0,0,arm64,true,true,NA,4004,NA,NA,NA
E5,seed,native_scalar,LOG,float,libc++,0.501,0.0009999871253967285,1,1000000,163579,836421,0,836421,163579,0,0,0,0,836421,0,0,0.836421,0.8356945487265879,0.8371455020837071,false,0.0,0.0,2.9957277863923437e-06,true,0.836421,0.8356945487265879,0.8371455020837071,false,true,0,0.0,0.0,2.9957277863923437e-06,true,0,836421,false,901472,0,0,NA,0.0915416,0,0,0,0,0,0,0,0,0,0,arm64,true,true,NA,4005,NA,NA,NA
E5,seed,native_scalar,LOG,float,libstdc++,0.501,0.0009999871253967285,1,1000000,162957,837043,0,837043,162957,0,0,0,0,837043,0,0,0.837043,0.83631765757556,0.8377663896281934,false,0.0,0.0,2.9957277863923437e-06,true,0.837043,0.83631765757556,0.8377663896281934,false,true,0,0.0,0.0,2.9957277863923437e-06,true,0,837043,false,901543,0,0,NA,0.058238,0,0,0,0,0,0,0,0,0,0,arm64,true,true,NA,4005,NA,NA,NA
E5,seed,native_scalar,QF,float,libc++,0.501,0.0009999871253967285,1,1000000,84569,915431,915431,0,84569,901452,13979,0,0,0,0,0,0.915431,0.9148839571041714,0.915975635205596,false,0.915431,0.9148839571041714,0.915975635205596,false,0.0,0.0,2.9957277863923437e-06,true,true,0,0.0,0.0,2.9957277863923437e-06,true,0,0,true,901452,15228,0,NA,0.0756235,0,0,0,0,0,0,0,0,0,0,arm64,true,true,NA,4001,NA,NA,NA
E5,seed,native_scalar,QF,float,libstdc++,0.501,0.0009999871253967285,1,1000000,84315,915685,915685,0,84315,901688,13997,0,0,0,0,0,0.915685,0.915138700394839,0.9162288904388386,false,0.915685,0.915138700394839,0.9162288904388386,false,0.0,0.0,2.9957277863923437e-06,true,true,0,0.0,0.0,2.9957277863923437e-06,true,0,0,true,901688,15302,0,NA,0.051832,0,0,0,0,0,0,0,0,0,0,arm64,true,true,NA,4001,NA,NA,NA
E5,seed,native_scalar,QF,float,libc++,0.501,0.0009999871253967285,1,1000000,84429,915571,915571,0,84429,901817,13754,0,0,0,0,0,0.915571,0.9150243666100348,0.9161152248861446,false,0.915571,0.9150243666100348,0.9161152248861446,false,0.0,0.0,2.9957277863923437e-06,true,true,0,0.0,0.0,2.9957277863923437e-06,true,0,0,true,901817,14979,0,NA,0.0758366,0,0,0,0,0,0,0,0,0,0,arm64,true,true,NA,4002,NA,NA,NA
E5,seed,native_scalar,QF,float,libstdc++,0.501,0.0009999871253967285,1,1000000,84145,915855,915855,0,84145,902283,13572,0,0,0,0,0,0.915855,0.9153091986956468,0.9163983911500855,false,0.915855,0.9153091986956468,0.9163983911500855,false,0.0,0.0,2.9957277863923437e-06,true,true,0,0.0,0.0,2.9957277863923437e-06,true,0,0,true,902283,14821,0,NA,0.051588,0,0,0,0,0,0,0,0,0,0,arm64,true,true,NA,4002,NA,NA,NA
E5,seed,native_scalar,QF,float,libc++,0.501,0.0009999871253967285,1,1000000,84151,915849,915849,0,84151,902146,13703,0,0,0,0,0,0.915849,0.9153031810973005,0.9163924087832979,false,0.915849,0.9153031810973005,0.9163924087832979,false,0.0,0.0,2.9957277863923437e-06,true,true,0,0.0,0.0,2.9957277863923437e-06,true,0,0,true,902146,14996,0,NA,0.0749928,0,0,0,0,0,0,0,0,0,0,arm64,true,true,NA,4003,NA,NA,NA
E5,seed,native_scalar,QF,float,libstdc++,0.501,0.0009999871253967285,1,1000000,84564,915436,915436,0,84564,901665,13771,0,0,0,0,0,0.915436,0.9148889717216975,0.9159806205590153,false,0.915436,0.9148889717216975,0.9159806205590153,false,0.0,0.0,2.9957277863923437e-06,true,true,0,0.0,0.0,2.9957277863923437e-06,true,0,0,true,901665,14931,0,NA,0.051488,0,0,0,0,0,0,0,0,0,0,arm64,true,true,NA,4003,NA,NA,NA
E5,seed,native_scalar,QF,float,libc++,0.501,0.0009999871253967285,1,1000000,84003,915997,915997,0,84003,901969,14028,0,0,0,0,0,0.915997,0.9154516154306589,0.9165399735898369,false,0.915997,0.9154516154306589,0.9165399735898369,false,0.0,0.0,2.9957277863923437e-06,true,true,0,0.0,0.0,2.9957277863923437e-06,true,0,0,true,901969,15311,0,NA,0.075632,0,0,0,0,0,0,0,0,0,0,arm64,true,true,NA,4004,NA,NA,NA
E5,seed,native_scalar,QF,float,libstdc++,0.501,0.0009999871253967285,1,1000000,83831,916169,916169,0,83831,902332,13837,0,0,0,0,0,0.916169,0.9156241208282863,0.916711467192619,false,0.916169,0.9156241208282863,0.916711467192619,false,0.0,0.0,2.9957277863923437e-06,true,true,0,0.0,0.0,2.9957277863923437e-06,true,0,0,true,902332,15112,0,NA,0.051393,0,0,0,0,0,0,0,0,0,0,arm64,true,true,NA,4004,NA,NA,NA
E5,seed,native_scalar,QF,float,libc++,0.501,0.0009999871253967285,1,1000000,84666,915334,915334,0,84666,901468,13866,0,0,0,0,0,0.915334,0.9147866736366361,0.9158789192368303,false,0.915334,0.9147866736366361,0.9158789192368303,false,0.0,0.0,2.9957277863923437e-06,true,true,0,0.0,0.0,2.9957277863923437e-06,true,0,0,true,901468,15048,0,NA,0.0755368,0,0,0,0,0,0,0,0,0,0,arm64,true,true,NA,4005,NA,NA,NA
E5,seed,native_scalar,QF,float,libstdc++,0.501,0.0009999871253967285,1,1000000,85001,914999,914999,0,85001,901042,13957,0,0,0,0,0,0.914999,0.9144506962921433,0.9155448985280867,false,0.914999,0.9144506962921433,0.9155448985280867,false,0.0,0.0,2.9957277863923437e-06,true,true,0,0.0,0.0,2.9957277863923437e-06,true,0,0,true,901042,15183,0,NA,0.05155,0,0,0,0,0,0,0,0,0,0,arm64,true,true,NA,4005,NA,NA,NA
E5,seed,native_scalar,SPLIT,float,libc++,0.501,0.0009999871253967285,1,1000000,98548,901452,901452,0,98548,901452,0,0,0,0,0,0,0.901452,0.900866161328147,0.9020355121867496,false,0.901452,0.900866161328147,0.9020355121867496,false,0.0,0.0,2.9957277863923437e-06,true,true,0,0.0,0.0,2.9957277863923437e-06,true,0,0,true,901452,15228,0,NA,0.0753468,0,0,0,0,0,0,0,0,0,0,arm64,true,true,NA,4001,NA,NA,NA
E5,seed,native_scalar,SPLIT,float,libstdc++,0.501,0.0009999871253967285,1,1000000,98312,901688,901688,0,98312,901688,0,0,0,0,0,0,0.901688,0.9011027841715094,0.9022708879729062,false,0.901688,0.9011027841715094,0.9022708879729062,false,0.0,0.0,2.9957277863923437e-06,true,true,0,0.0,0.0,2.9957277863923437e-06,true,0,0,true,901688,15302,0,NA,0.051676,0,0,0,0,0,0,0,0,0,0,arm64,true,true,NA,4001,NA,NA,NA
E5,seed,native_scalar,SPLIT,float,libc++,0.501,0.0009999871253967285,1,1000000,98183,901817,901817,0,98183,901817,0,0,0,0,0,0,0.901817,0.9012321250608715,0.9023995463344161,false,0.901817,0.9012321250608715,0.9023995463344161,false,0.0,0.0,2.9957277863923437e-06,true,true,0,0.0,0.0,2.9957277863923437e-06,true,0,0,true,901817,14979,0,NA,0.0754205,0,0,0,0,0,0,0,0,0,0,arm64,true,true,NA,4002,NA,NA,NA
E5,seed,native_scalar,SPLIT,float,libstdc++,0.501,0.0009999871253967285,1,1000000,97717,902283,902283,0,97717,902283,0,0,0,0,0,0,0.902283,0.9016993590728644,0.9028643096162488,false,0.902283,0.9016993590728644,0.9028643096162488,false,0.0,0.0,2.9957277863923437e-06,true,true,0,0.0,0.0,2.9957277863923437e-06,true,0,0,true,902283,14821,0,NA,0.051507,0,0,0,0,0,0,0,0,0,0,arm64,true,true,NA,4002,NA,NA,NA
E5,seed,native_scalar,SPLIT,float,libc++,0.501,0.0009999871253967285,1,1000000,97854,902146,902146,0,97854,902146,0,0,0,0,0,0,0.902146,0.9015619958632943,0.9027276736214169,false,0.902146,0.9015619958632943,0.9027276736214169,false,0.0,0.0,2.9957277863923437e-06,true,true,0,0.0,0.0,2.9957277863923437e-06,true,0,0,true,902146,14996,0,NA,0.0747519,0,0,0,0,0,0,0,0,0,0,arm64,true,true,NA,4003,NA,NA,NA
E5,seed,native_scalar,SPLIT,float,libstdc++,0.501,0.0009999871253967285,1,1000000,98335,901665,901665,0,98335,901665,0,0,0,0,0,0,0.901665,0.901079723425251,0.9022479488527274,false,0.901665,0.901079723425251,0.9022479488527274,false,0.0,0.0,2.9957277863923437e-06,true,true,0,0.0,0.0,2.9957277863923437e-06,true,0,0,true,901665,14931,0,NA,0.051649,0,0,0,0,0,0,0,0,0,0,arm64,true,true,NA,4003,NA,NA,NA
E5,seed,native_scalar,SPLIT,float,libc++,0.501,0.0009999871253967285,1,1000000,98031,901969,901969,0,98031,901969,0,0,0,0,0,0,0.901969,0.9013845271261668,0.9025511433864278,false,0.901969,0.9013845271261668,0.9025511433864278,false,0.0,0.0,2.9957277863923437e-06,true,true,0,0.0,0.0,2.9957277863923437e-06,true,0,0,true,901969,15311,0,NA,0.0753618,0,0,0,0,0,0,0,0,0,0,arm64,true,true,NA,4004,NA,NA,NA
E5,seed,native_scalar,SPLIT,float,libstdc++,0.501,0.0009999871253967285,1,1000000,97668,902332,902332,0,97668,902332,0,0,0,0,0,0,0.902332,0.90174848906519,0.902913179339364,false,0.902332,0.90174848906519,0.902913179339364,false,0.0,0.0,2.9957277863923437e-06,true,true,0,0.0,0.0,2.9957277863923437e-06,true,0,0,true,902332,15112,0,NA,0.051313,0,0,0,0,0,0,0,0,0,0,arm64,true,true,NA,4004,NA,NA,NA
E5,seed,native_scalar,SPLIT,float,libc++,0.501,0.0009999871253967285,1,1000000,98532,901468,901468,0,98532,901468,0,0,0,0,0,0,0.901468,0.9008822035222087,0.9020514698997744,false,0.901468,0.9008822035222087,0.9020514698997744,false,0.0,0.0,2.9957277863923437e-06,true,true,0,0.0,0.0,2.9957277863923437e-06,true,0,0,true,901468,15048,0,NA,0.074823,0,0,0,0,0,0,0,0,0,0,arm64,true,true,NA,4005,NA,NA,NA
E5,seed,native_scalar,SPLIT,float,libstdc++,0.501,0.0009999871253967285,1,1000000,98958,901042,901042,0,98958,901042,0,0,0,0,0,0,0.901042,0.9004550817185061,0.9016265941772764,false,0.901042,0.9004550817185061,0.9016265941772764,false,0.0,0.0,2.9957277863923437e-06,true,true,0,0.0,0.0,2.9957277863923437e-06,true,0,0,true,901042,15183,0,NA,0.051284,0,0,0,0,0,0,0,0,0,0,arm64,true,true,NA,4005,NA,NA,NA
E5,seed,native_scalar,LOG,float,libc++,0.505,0.004999995231628418,1,1000000,588691,411309,0,411309,588691,0,0,0,0,411309,0,0,0.411309,0.4103443165110573,0.4122741972391395,false,0.0,0.0,2.9957277863923437e-06,true,0.411309,0.4103443165110573,0.4122741972391395,false,true,0,0.0,0.0,2.9957277863923437e-06,true,0,411309,false,596751,0,0,NA,0.108608,0,0,0,0,0,0,0,0,0,0,arm64,true,true,NA,4001,NA,NA,NA
E5,seed,native_scalar,LOG,float,libstdc++,0.505,0.004999995231628418,1,1000000,588433,411567,0,411567,588433,0,0,0,0,411567,0,0,0.411567,0.4106022247586804,0.41253228749699905,false,0.0,0.0,2.9957277863923437e-06,true,0.411567,0.4106022247586804,0.41253228749699905,false,true,0,0.0,0.0,2.9957277863923437e-06,true,0,411567,false,597361,0,0,NA,0.072076,0,0,0,0,0,0,0,0,0,0,arm64,true,true,NA,4001,NA,NA,NA
E5,seed,native_scalar,LOG,float,libc++,0.505,0.004999995231628418,1,1000000,589573,410427,0,410427,589573,0,0,0,0,410427,0,0,0.410427,0.4094626322441493,0.41139188661522014,false,0.0,0.0,2.9957277863923437e-06,true,0.410427,0.4094626322441493,0.41139188661522014,false,true,0,0.0,0.0,2.9957277863923437e-06,true,0,410427,false,596480,0,0,NA,0.108629,0,0,0,0,0,0,0,0,0,0,arm64,true,true,NA,4002,NA,NA,NA
E5,seed,native_scalar,LOG,float,libstdc++,0.505,0.004999995231628418,1,1000000,589063,410937,0,410937,589063,0,0,0,0,410937,0,0,0.410937,0.40997244928710797,0.4119020666179756,false,0.0,0.0,2.9957277863923437e-06,true,0.410937,0.40997244928710797,0.4119020666179756,false,true,0,0.0,0.0,2.9957277863923437e-06,true,0,410937,false,596308,0,0,NA,0.073263,0,0,0,0,0,0,0,0,0,0,arm64,true,true,NA,4002,NA,NA,NA
E5,seed,native_scalar,LOG,float,libc++,0.505,0.004999995231628418,1,1000000,588981,411019,0,411019,588981,0,0,0,0,411019,0,0,0.411019,0.4100544199703544,0.4119840954597244,false,0.0,0.0,2.9957277863923437e-06,true,0.411019,0.4100544199703544,0.4119840954597244,false,true,0,0.0,0.0,2.9957277863923437e-06,true,0,411019,false,596552,0,0,NA,0.108567,0,0,0,0,0,0,0,0,0,0,arm64,true,true,NA,4003,NA,NA,NA
E5,seed,native_scalar,LOG,float,libstdc++,0.505,0.004999995231628418,1,1000000,589386,410614,0,410614,589386,0,0,0,0,410614,0,0,0.410614,0.4096495650356133,0.411578952740517,false,0.0,0.0,2.9957277863923437e-06,true,0.410614,0.4096495650356133,0.411578952740517,false,true,0,0.0,0.0,2.9957277863923437e-06,true,0,410614,false,596290,0,0,NA,0.071508,0,0,0,0,0,0,0,0,0,0,arm64,true,true,NA,4003,NA,NA,NA
E5,seed,native_scalar,LOG,float,libc++,0.505,0.004999995231628418,1,1000000,589930,410070,0,410070,589930,0,0,0,0,410070,0,0,0.41007,0.409105760951114,0.41103475997626454,false,0.0,0.0,2.9957277863923437e-06,true,0.41007,0.409105760951114,0.41103475997626454,false,true,0,0.0,0.0,2.9957277863923437e-06,true,0,410070,false,596171,0,0,NA,0.109446,0,0,0,0,0,0,0,0,0,0,arm64,true,true,NA,4004,NA,NA,NA
E5,seed,native_scalar,LOG,float,libstdc++,0.505,0.004999995231628418,1,1000000,588678,411322,0,411322,588678,0,0,0,0,411322,0,0,0.411322,0.4103573118813296,0.41228720179356615,false,0.0,0.0,2.9957277863923437e-06,true,0.411322,0.4103573118813296,0.41228720179356615,false,true,0,0.0,0.0,2.9957277863923437e-06,true,0,411322,false,596555,0,0,NA,0.0713,0,0,0,0,0,0,0,0,0,0,arm64,true,true,NA,4004,NA,NA,NA
E5,seed,native_scalar,LOG,float,libc++,0.505,0.004999995231628418,1,1000000,589794,410206,0,410206,589794,0,0,0,0,410206,0,0,0.410206,0.4092417118580117,0.41117080828155583,false,0.0,0.0,2.9957277863923437e-06,true,0.410206,0.4092417118580117,0.41117080828155583,false,true,0,0.0,0.0,2.9957277863923437e-06,true,0,410206,false,595942,0,0,NA,0.108882,0,0,0,0,0,0,0,0,0,0,arm64,true,true,NA,4005,NA,NA,NA
E5,seed,native_scalar,LOG,float,libstdc++,0.505,0.004999995231628418,1,1000000,589559,410441,0,410441,589559,0,0,0,0,410441,0,0,0.410441,0.40947662720751227,0.4114058915707657,false,0.0,0.0,2.9957277863923437e-06,true,0.410441,0.40947662720751227,0.4114058915707657,false,true,0,0.0,0.0,2.9957277863923437e-06,true,0,410441,false,596244,0,0,NA,0.072538,0,0,0,0,0,0,0,0,0,0,arm64,true,true,NA,4005,NA,NA,NA
E5,seed,native_scalar,QF,float,libc++,0.505,0.004999995231628418,1,1000000,356225,643775,643775,0,356225,596677,47098,0,0,0,0,0,0.643775,0.6428354915922995,0.644713675562967,false,0.643775,0.6428354915922995,0.644713675562967,false,0.0,0.0,2.9957277863923437e-06,true,true,0,0.0,0.0,2.9957277863923437e-06,true,0,0,true,596677,51501,0,NA,0.0859535,0,0,0,0,0,0,0,0,0,0,arm64,true,true,NA,4001,NA,NA,NA
E5,seed,native_scalar,QF,float,libstdc++,0.505,0.004999995231628418,1,1000000,356241,643759,643759,0,356241,596755,47004,0,0,0,0,0,0.643759,0.6428194822241989,0.6446976850237505,false,0.643759,0.6428194822241989,0.6446976850237505,false,0.0,0.0,2.9957277863923437e-06,true,true,0,0.0,0.0,2.9957277863923437e-06,true,0,0,true,596755,51333,0,NA,0.062659,0,0,0,0,0,0,0,0,0,0,arm64,true,true,NA,4001,NA,NA,NA
E5,seed,native_scalar,QF,float,libc++,0.505,0.004999995231628418,1,1000000,355968,644032,644032,0,355968,596554,47478,0,0,0,0,0,0.644032,0.643092642223966,0.6449705234424836,false,0.644032,0.643092642223966,0.6449705234424836,false,0.0,0.0,2.9957277863923437e-06,true,true,0,0.0,0.0,2.9957277863923437e-06,true,0,0,true,596554,51811,0,NA,0.0853887,0,0,0,0,0,0,0,0,0,0,arm64,true,true,NA,4002,NA,NA,NA
E5,seed,native_scalar,QF,float,libstdc++,0.505,0.004999995231628418,1,1000000,355819,644181,644181,0,355819,597404,46777,0,0,0,0,0,0.644181,0.6432417296901675,0.645119435113117,false,0.644181,0.6432417296901675,0.645119435113117,false,0.0,0.0,2.9957277863923437e-06,true,true,0,0.0,0.0,2.9957277863923437e-06,true,0,0,true,597404,51128,0,NA,0.062452,0,0,0,0,0,0,0,0,0,0,arm64,true,true,NA,4002,NA,NA,NA
E5,seed,native_scalar,QF,float,libc++,0.505,0.004999995231628418,1,1000000,356038,643962,643962,0,356038,596375,47587,0,0,0,0,0,0.643962,0.6430226011666715,0.6449005649052926,false,0.643962,0.6430226011666715,0.6449005649052926,false,0.0,0.0,2.9957277863923437e-06,true,true,0,0.0,0.0,2.9957277863923437e-06,true,0,0,true,596375,52045,0,NA,0.0847328,0,0,0,0,0,0,0,0,0,0,arm64,true,true,NA,4003,NA,NA,NA
E5,seed,native_scalar,QF,float,libstdc++,0.505,0.004999995231628418,1,1000000,356364,643636,643636,0,356364,596664,46972,0,0,0,0,0,0.643636,0.6426964102450636,0.6445747577154413,false,0.643636,0.6426964102450636,0.6445747577154413,false,0.0,0.0,2.9957277863923437e-06,true,true,0,0.0,0.0,2.9957277863923437e-06,true,0,0,true,596664,51342,0,NA,0.062261,0,0,0,0,0,0,0,0,0,0,arm64,true,true,NA,4003,NA,NA,NA
E5,seed,native_scalar,QF,float,libc++,0.505,0.004999995231628418,1,1000000,356528,643472,643472,0,356528,596306,47166,0,0,0,0,0,0.643472,0.642532314377845,0.6444108545327187,false,0.643472,0.642532314377845,0.6444108545327187,false,0.0,0.0,2.9957277863923437e-06,true,true,0,0.0,0.0,2.9957277863923437e-06,true,0,0,true,596306,51586,0,NA,0.0849593,0,0,0,0,0,0,0,0,0,0,arm64,true,true,NA,4004,NA,NA,NA
E5,seed,native_scalar,QF,float,libstdc++,0.505,0.004999995231628418,1,1000000,355745,644255,644255,0,355745,596961,47294,0,0,0,0,0,0.644255,0.643315773166597,0.6451933912079975,false,0.644255,0.643315773166597,0.6451933912079975,false,0.0,0.0,2.9957277863923437e-06,true,true,0,0.0,0.0,2.9957277863923437e-06,true,0,0,true,596961,51769,0,NA,0.064763,0,0,0,0,0,0,0,0,0,0,arm64,true,true,NA,4004,NA,NA,NA
E5,seed,native_scalar,QF,float,libc++,0.505,0.004999995231628418,1,1000000,356644,643356,643356,0,356644,595940,47416,0,0,0,0,0,0.643356,0.6424162466417458,0.6442949229408064,false,0.643356,0.6424162466417458,0.6442949229408064,false,0.0,0.0,2.9957277863923437e-06,true,true,0,0.0,0.0,2.9957277863923437e-06,true,0,0,true,595940,51713,0,NA,0.0875636,0,0,0,0,0,0,0,0,0,0,arm64,true,true,NA,4005,NA,NA,NA
E5,seed,native_scalar,QF,float,libstdc++,0.505,0.004999995231628418,1,1000000,356562,643438,643438,0,356562,596279,47159,0,0,0,0,0,0.643438,0.6424982945179493,0.6443768745895775,false,0.643438,0.6424982945179493,0.6443768745895775,false,0.0,0.0,2.9957277863923437e-06,true,true,0,0.0,0.0,2.9957277863923437e-06,true,0,0,true,596279,51520,0,NA,0.062799,0,0,0,0,0,0,0,0,0,0,arm64,true,true,NA,4005,NA,NA,NA
E5,seed,native_scalar,SPLIT,float,libc++,0.505,0.004999995231628418,1,1000000,403323,596677,596677,0,403323,596677,0,0,0,0,0,0,0.596677,0.59571473232543,0.5976387076636032,false,0.596677,0.59571473232543,0.5976387076636032,false,0.0,0.0,2.9957277863923437e-06,true,true,0,0.0,0.0,2.9957277863923437e-06,true,0,0,true,596677,51501,0,NA,0.0857029,0,0,0,0,0,0,0,0,0,0,arm64,true,true,NA,4001,NA,NA,NA
E5,seed,native_scalar,SPLIT,float,libstdc++,0.505,0.004999995231628418,1,1000000,403245,596755,596755,0,403245,596755,0,0,0,0,0,0,0.596755,0.595792762240024,0.5977166772971794,false,0.596755,0.595792762240024,0.5977166772971794,false,0.0,0.0,2.9957277863923437e-06,true,true,0,0.0,0.0,2.9957277863923437e-06,true,0,0,true,596755,51333,0,NA,0.062449,0,0,0,0,0,0,0,0,0,0,arm64,true,true,NA,4001,NA,NA,NA
E5,seed,native_scalar,SPLIT,float,libc++,0.505,0.004999995231628418,1,1000000,403446,596554,596554,0,403446,596554,0,0,0,0,0,0,0.596554,0.5955916852037224,0.5975157554978189,false,0.596554,0.5955916852037224,0.5975157554978189,false,0.0,0.0,2.9957277863923437e-06,true,true,0,0.0,0.0,2.9957277863923437e-06,true,0,0,true,596554,51811,0,NA,0.0849422,0,0,0,0,0,0,0,0,0,0,arm64,true,true,NA,4002,NA,NA,NA
E5,seed,native_scalar,SPLIT,float,libstdc++,0.505,0.004999995231628418,1,1000000,402596,597404,597404,0,402596,597404,0,0,0,0,0,0,0.597404,0.5964420121242267,0.5983654236534725,false,0.597404,0.5964420121242267,0.5983654236534725,false,0.0,0.0,2.9957277863923437e-06,true,true,0,0.0,0.0,2.9957277863923437e-06,true,0,0,true,597404,51128,0,NA,0.061852,0,0,0,0,0,0,0,0,0,0,arm64,true,true,NA,4002,NA,NA,NA
E5,seed,native_scalar,SPLIT,float,libc++,0.505,0.004999995231628418,1,1000000,403625,596375,596375,0,403625,596375,0,0,0,0,0,0,0.596375,0.5954126167404055,0.5973368249980446,false,0.596375,0.5954126167404055,0.5973368249980446,false,0.0,0.0,2.9957277863923437e-06,true,true,0,0.0,0.0,2.9957277863923437e-06,true,0,0,true,596375,52045,0,NA,0.0849748,0,0,0,0,0,0,0,0,0,0,arm64,true,true,NA,4003,NA,NA,NA
E5,seed,native_scalar,SPLIT,float,libstdc++,0.505,0.004999995231628418,1,1000000,403336,596664,596664,0,403336,596664,0,0,0,0,0,0,0.596664,0.5957017273421201,0.5976257127222189,false,0.596664,0.5957017273421201,0.5976257127222189,false,0.0,0.0,2.9957277863923437e-06,true,true,0,0.0,0.0,2.9957277863923437e-06,true,0,0,true,596664,51342,0,NA,0.061954,0,0,0,0,0,0,0,0,0,0,arm64,true,true,NA,4003,NA,NA,NA
E5,seed,native_scalar,SPLIT,float,libc++,0.505,0.004999995231628418,1,1000000,403694,596306,596306,0,403694,596306,0,0,0,0,0,0,0.596306,0.5953435903850152,0.5972678517531337,false,0.596306,0.5953435903850152,0.5972678517531337,false,0.0,0.0,2.9957277863923437e-06,true,true,0,0.0,0.0,2.9957277863923437e-06,true,0,0,true,596306,51586,0,NA,0.0848333,0,0,0,0,0,0,0,0,0,0,arm64,true,true,NA,4004,NA,NA,NA
E5,seed,native_scalar,SPLIT,float,libstdc++,0.505,0.004999995231628418,1,1000000,403039,596961,596961,0,403039,596961,0,0,0,0,0,0,0.596961,0.5959988413666586,0.5979225969772383,false,0.596961,0.5959988413666586,0.5979225969772383,false,0.0,0.0,2.9957277863923437e-06,true,true,0,0.0,0.0,2.9957277863923437e-06,true,0,0,true,596961,51769,0,NA,0.06245,0,0,0,0,0,0,0,0,0,0,arm64,true,true,NA,4004,NA,NA,NA
E5,seed,native_scalar,SPLIT,float,libc++,0.505,0.004999995231628418,1,1000000,404060,595940,595940,0,404060,595940,0,0,0,0,0,0,0.59594,0.5949774509170649,0.5969019933412262,false,0.59594,0.5949774509170649,0.5969019933412262,false,0.0,0.0,2.9957277863923437e-06,true,true,0,0.0,0.0,2.9957277863923437e-06,true,0,0,true,595940,51713,0,NA,0.0850176,0,0,0,0,0,0,0,0,0,0,arm64,true,true,NA,4005,NA,NA,NA
E5,seed,native_scalar,SPLIT,float,libstdc++,0.505,0.004999995231628418,1,1000000,403721,596279,596279,0,403721,596279,0,0,0,0,0,0,0.596279,0.5953165800774132,0.5972408622171443,false,0.596279,0.5953165800774132,0.5972408622171443,false,0.0,0.0,2.9957277863923437e-06,true,true,0,0.0,0.0,2.9957277863923437e-06,true,0,0,true,596279,51520,0,NA,0.06268,0,0,0,0,0,0,0,0,0,0,arm64,true,true,NA,4005,NA,NA,NA
E5,seed,native_scalar,LOG,float,libc++,0.51,0.009999990463256836,1,1000000,830948,169052,0,169052,830948,0,0,0,0,169052,0,0,0.169052,0.16831786897819684,0.16978804847855988,false,0.0,0.0,2.9957277863923437e-06,true,0.169052,0.16831786897819684,0.16978804847855988,false,true,0,0.0,0.0,2.9957277863923437e-06,true,0,169052,false,356138,0,0,NA,0.104108,0,0,0,0,0,0,0,0,0,0,arm64,true,true,NA,4001,NA,NA,NA
E5,seed,native_scalar,LOG,float,libstdc++,0.51,0.009999990463256836,1,1000000,831112,168888,0,168888,831112,0,0,0,0,168888,0,0,0.168888,0.16815415340557446,0.16962376500204532,false,0.0,0.0,2.9957277863923437e-06,true,0.168888,0.16815415340557446,0.16962376500204532,false,true,0,0.0,0.0,2.9957277863923437e-06,true,0,168888,false,356166,0,0,NA,0.071882,0,0,0,0,0,0,0,0,0,0,arm64,true,true,NA,4001,NA,NA,NA
E5,seed,native_scalar,LOG,float,libc++,0.51,0.009999990463256836,1,1000000,831195,168805,0,168805,831195,0,0,0,0,168805,0,0,0.168805,0.16807129744906724,0.1695406214397769,false,0.0,0.0,2.9957277863923437e-06,true,0.168805,0.16807129744906724,0.1695406214397769,false,true,0,0.0,0.0,2.9957277863923437e-06,true,0,168805,false,355118,0,0,NA,0.103602,0,0,0,0,0,0,0,0,0,0,arm64,true,true,NA,4002,NA,NA,NA
E5,seed,native_scalar,LOG,float,libstdc++,0.51,0.009999990463256836,1,1000000,831300,168700,0,168700,831300,0,0,0,0,168700,0,0,0.1687,0.16796647976478243,0.1694354397328452,false,0.0,0.0,2.9957277863923437e-06,true,0.1687,0.16796647976478243,0.1694354397328452,false,true,0,0.0,0.0,2.9957277863923437e-06,true,0,168700,false,355310,0,0,NA,0.071464,0,0,0,0,0,0,0,0,0,0,arm64,true,true,NA,4002,NA,NA,NA
E5,seed,native_scalar,LOG,float,libc++,0.51,0.009999990463256836,1,1000000,831180,168820,0,168820,831180,0,0,0,0,168820,0,0,0.16882,0.16808627141235627,0.16955564738951878,false,0.0,0.0,2.9957277863923437e-06,true,0.16882,0.16808627141235627,0.16955564738951878,false,true,0,0.0,0.0,2.9957277863923437e-06,true,0,168820,false,355373,0,0,NA,0.104288,0,0,0,0,0,0,0,0,0,0,arm64,true,true,NA,4003,NA,NA,NA
E5,seed,native_scalar,LOG,float,libstdc++,0.51,0.009999990463256836,1,1000000,831459,168541,0,168541,831459,0,0,0,0,168541,0,0,0.168541,0.16780775603871012,0.16927616438078605,false,0.0,0.0,2.9957277863923437e-06,true,0.168541,0.16780775603871012,0.16927616438078605,false,true,0,0.0,0.0,2.9957277863923437e-06,true,0,168541,false,355439,0,0,NA,0.07119,0,0,0,0,0,0,0,0,0,0,arm64,true,true,NA,4003,NA,NA,NA
E5,seed,native_scalar,LOG,float,libc++,0.51,0.009999990463256836,1,1000000,831580,168420,0,168420,831580,0,0,0,0,168420,0,0,0.16842,0.16768696644311842,0.16915495467792482,false,0.0,0.0,2.9957277863923437e-06,true,0.16842,0.16768696644311842,0.16915495467792482,false,true,0,0.0,0.0,2.9957277863923437e-06,true,0,168420,false,354973,0,0,NA,0.103909,0,0,0,0,0,0,0,0,0,0,arm64,true,true,NA,4004,NA,NA,NA
E5,seed,native_scalar,LOG,float,libstdc++,0.51,0.009999990463256836,1,1000000,831282,168718,0,168718,831282,0,0,0,0,168718,0,0,0.168718,0.1679844485033569,0.1694534708899086,false,0.0,0.0,2.9957277863923437e-06,true,0.168718,0.1679844485033569,0.1694534708899086,false,true,0,0.0,0.0,2.9957277863923437e-06,true,0,168718,false,355553,0,0,NA,0.07113,0,0,0,0,0,0,0,0,0,0,arm64,true,true,NA,4004,NA,NA,NA
E5,seed,native_scalar,LOG,float,libc++,0.51,0.009999990463256836,1,1000000,831714,168286,0,168286,831714,0,0,0,0,168286,0,0,0.168286,0.16755319961268705,0.16902072228528892,false,0.0,0.0,2.9957277863923437e-06,true,0.168286,0.16755319961268705,0.16902072228528892,false,true,0,0.0,0.0,2.9957277863923437e-06,true,0,168286,false,355436,0,0,NA,0.10361,0,0,0,0,0,0,0,0,0,0,arm64,true,true,NA,4005,NA,NA,NA
E5,seed,native_scalar,LOG,float,libstdc++,0.51,0.009999990463256836,1,1000000,831306,168694,0,168694,831306,0,0,0,0,168694,0,0,0.168694,0.1679604901859307,0.16942942934648036,false,0.0,0.0,2.9957277863923437e-06,true,0.168694,0.1679604901859307,0.16942942934648036,false,true,0,0.0,0.0,2.9957277863923437e-06,true,0,168694,false,355180,0,0,NA,0.071127,0,0,0,0,0,0,0,0,0,0,arm64,true,true,NA,4005,NA,NA,NA
E5,seed,native_scalar,QF,float,libc++,0.51,0.009999990463256836,1,1000000,585247,414753,414753,0,585247,356158,58595,0,0,0,0,0,0.414753,0.4137871142555112,0.4157193795446004,false,0.414753,0.4137871142555112,0.4157193795446004,false,0.0,0.0,2.9957277863923437e-06,true,true,0,0.0,0.0,2.9957277863923437e-06,true,0,0,true,356158,64117,0,NA,0.0884975,0,0,0,0,0,0,0,0,0,0,arm64,true,true,NA,4001,NA,NA,NA
E5,seed,native_scalar,QF,float,libstdc++,0.51,0.009999990463256836,1,1000000,585280,414720,414720,0,585280,355747,58973,0,0,0,0,0,0.41472,0.4137541255444982,0.41568636844677676,false,0.41472,0.4137541255444982,0.41568636844677676,false,0.0,0.0,2.9957277863923437e-06,true,true,0,0.0,0.0,2.9957277863923437e-06,true,0,0,true,355747,64533,0,NA,0.064838,0,0,0,0,0,0,0,0,0,0,arm64,true,true,NA,4001,NA,NA,NA
E5,seed,native_scalar,QF,float,libc++,0.51,0.009999990463256836,1,1000000,586101,413899,413899,0,586101,355146,58753,0,0,0,0,0,0.413899,0.41293340783757415,0.41486509090950086,false,0.413899,0.41293340783757415,0.41486509090950086,false,0.0,0.0,2.9957277863923437e-06,true,true,0,0.0,0.0,2.9957277863923437e-06,true,0,0,true,355146,64289,0,NA,0.087757,0,0,0,0,0,0,0,0,0,0,arm64,true,true,NA,4002,NA,NA,NA
E5,seed,native_scalar,QF,float,libstdc++,0.51,0.009999990463256836,1,1000000,585453,414547,414547,0,585453,355725,58822,0,0,0,0,0,0.414547,0.4135811847991589,0.4155133101942507,false,0.414547,0.4135811847991589,0.4155133101942507,false,0.0,0.0,2.9957277863923437e-06,true,true,0,0.0,0.0,2.9957277863923437e-06,true,0,0,true,355725,64363,0,NA,0.064754,0,0,0,0,0,0,0,0,0,0,arm64,true,true,NA,4002,NA,NA,NA
E5,seed,native_scalar,QF,float,libc++,0.51,0.009999990463256836,1,1000000,585590,414410,414410,0,585590,355289,59121,0,0,0,0,0,0.41441,0.41344423181039675,0.4153762639766108,false,0.41441,0.41344423181039675,0.4153762639766108,false,0.0,0.0,2.9957277863923437e-06,true,true,0,0.0,0.0,2.9957277863923437e-06,true,0,0,true,355289,64786,0,NA,0.0886228,0,0,0,0,0,0,0,0,0,0,arm64,true,true,NA,4003,NA,NA,NA
E5,seed,native_scalar,QF,float,libstdc++,0.51,0.009999990463256836,1,1000000,585445,414555,414555,0,585445,356155,58400,0,0,0,0,0,0.414555,0.4135891820563524,0.41552131289071204,false,0.414555,0.4135891820563524,0.41552131289071204,false,0.0,0.0,2.9957277863923437e-06,true,true,0,0.0,0.0,2.9957277863923437e-06,true,0,0,true,356155,64013,0,NA,0.064292,0,0,0,0,0,0,0,0,0,0,arm64,true,true,NA,4003,NA,NA,NA
E5,seed,native_scalar,QF,float,libc++,0.51,0.009999990463256836,1,1000000,586486,413514,413514,0,586486,354899,58615,0,0,0,0,0,0.413514,0.4125485411680952,0.4144799598091779,false,0.413514,0.4125485411680952,0.4144799598091779,false,0.0,0.0,2.9957277863923437e-06,true,true,0,0.0,0.0,2.9957277863923437e-06,true,0,0,true,354899,64202,0,NA,0.0888716,0,0,0,0,0,0,0,0,0,0,arm64,true,true,NA,4004,NA,NA,NA
E5,seed,native_scalar,QF,float,libstdc++,0.51,0.009999990463256836,1,1000000,585454,414546,414546,0,585454,355645,58901,0,0,0,0,0,0.414546,0.4135801851420264,0.41551230985717286,false,0.414546,0.4135801851420264,0.41551230985717286,false,0.0,0.0,2.9957277863923437e-06,true,true,0,0.0,0.0,2.9957277863923437e-06,true,0,0,true,355645,64457,0,NA,0.064547,0,0,0,0,0,0,0,0,0,0,arm64,true,true,NA,4004,NA,NA,NA
E5,seed,native_scalar,QF,float,libc++,0.51,0.009999990463256836,1,1000000,586299,413701,413701,0,586299,355362,58339,0,0,0,0,0,0.413701,0.4127354763316189,0.41466702356240853,false,0.413701,0.4127354763316189,0.41466702356240853,false,0.0,0.0,2.9957277863923437e-06,true,true,0,0.0,0.0,2.9957277863923437e-06,true,0,0,true,355362,64106,0,NA,0.088565,0,0,0,0,0,0,0,0,0,0,arm64,true,true,NA,4005,NA,NA,NA
E5,seed,native_scalar,QF,float,libstdc++,0.51,0.009999990463256836,1,1000000,585729,414271,414271,0,585729,355537,58734,0,0,0,0,0,0.414271,0.41330527958654906,0.4152372170056401,false,0.414271,0.41330527958654906,0.4152372170056401,false,0.0,0.0,2.9957277863923437e-06,true,true,0,0.0,0.0,2.9957277863923437e-06,true,0,0,true,355537,64378,0,NA,0.064507,0,0,0,0,0,0,0,0,0,0,arm64,true,true,NA,4005,NA,NA,NA
E5,seed,native_scalar,SPLIT,float,libc++,0.51,0.009999990463256836,1,1000000,643842,356158,356158,0,643842,356158,0,0,0,0,0,0,0.356158,0.3552193640664999,0.3570974691663685,false,0.356158,0.3552193640664999,0.3570974691663685,false,0.0,0.0,2.9957277863923437e-06,true,true,0,0.0,0.0,2.9957277863923437e-06,true,0,0,true,356158,64117,0,NA,0.0891406,0,0,0,0,0,0,0,0,0,0,arm64,true,true,NA,4001,NA,NA,NA
E5,seed,native_scalar,SPLIT,float,libstdc++,0.51,0.009999990463256836,1,1000000,644253,355747,355747,0,644253,355747,0,0,0,0,0,0,0.355747,0.3548086076050578,0.3566862280087649,false,0.355747,0.3548086076050578,0.3566862280087649,false,0.0,0.0,2.9957277863923437e-06,true,true,0,0.0,0.0,2.9957277863923437e-06,true,0,0,true,355747,64533,0,NA,0.064648,0,0,0,0,0,0,0,0,0,0,arm64,true,true,NA,4001,NA,NA,NA
E5,seed,native_scalar,SPLIT,float,libc++,0.51,0.009999990463256836,1,1000000,644854,355146,355146,0,644854,355146,0,0,0,0,0,0,0.355146,0.35420796508656477,0.35608487400889005,false,0.355146,0.35420796508656477,0.35608487400889005,false,0.0,0.0,2.9957277863923437e-06,true,true,0,0.0,0.0,2.9957277863923437e-06,true,0,0,true,355146,64289,0,NA,0.0874448,0,0,0,0,0,0,0,0,0,0,arm64,true,true,NA,4002,NA,NA,NA
E5,seed,native_scalar,SPLIT,float,libstdc++,0.51,0.009999990463256836,1,1000000,644275,355725,355725,0,644275,355725,0,0,0,0,0,0,0.355725,0.3547866206624504,0.35666421507881835,false,0.355725,0.3547866206624504,0.35666421507881835,false,0.0,0.0,2.9957277863923437e-06,true,true,0,0.0,0.0,2.9957277863923437e-06,true,0,0,true,355725,64363,0,NA,0.064272,0,0,0,0,0,0,0,0,0,0,arm64,true,true,NA,4002,NA,NA,NA
E5,seed,native_scalar,SPLIT,float,libc++,0.51,0.009999990463256836,1,1000000,644711,355289,355289,0,644711,355289,0,0,0,0,0,0,0.355289,0.3543508798822399,0.35622795838481425,false,0.355289,0.3543508798822399,0.35622795838481425,false,0.0,0.0,2.9957277863923437e-06,true,true,0,0.0,0.0,2.9957277863923437e-06,true,0,0,true,355289,64786,0,NA,0.0882609,0,0,0,0,0,0,0,0,0,0,arm64,true,true,NA,4003,NA,NA,NA
E5,seed,native_scalar,SPLIT,float,libstdc++,0.51,0.009999990463256836,1,1000000,643845,356155,356155,0,643845,356155,0,0,0,0,0,0,0.356155,0.3552163658414179,0.3570944674088332,false,0.356155,0.3552163658414179,0.3570944674088332,false,0.0,0.0,2.9957277863923437e-06,true,true,0,0.0,0.0,2.9957277863923437e-06,true,0,0,true,356155,64013,0,NA,0.064141,0,0,0,0,0,0,0,0,0,0,arm64,true,true,NA,4003,NA,NA,NA
E5,seed,native_scalar,SPLIT,float,libc++,0.51,0.009999990463256836,1,1000000,645101,354899,354899,0,645101,354899,0,0,0,0,0,0,0.354899,0.35396111247303796,0.3558377280533046,false,0.354899,0.35396111247303796,0.3558377280533046,false,0.0,0.0,2.9957277863923437e-06,true,true,0,0.0,0.0,2.9957277863923437e-06,true,0,0,true,354899,64202,0,NA,0.0880982,0,0,0,0,0,0,0,0,0,0,arm64,true,true,NA,4004,NA,NA,NA
E5,seed,native_scalar,SPLIT,float,libstdc++,0.51,0.009999990463256836,1,1000000,644355,355645,355645,0,644355,355645,0,0,0,0,0,0,0.355645,0.35470666816209767,0.35658416804261345,false,0.355645,0.35470666816209767,0.35658416804261345,false,0.0,0.0,2.9957277863923437e-06,true,true,0,0.0,0.0,2.9957277863923437e-06,true,0,0,true,355645,64457,0,NA,0.065001,0,0,0,0,0,0,0,0,0,0,arm64,true,true,NA,4004,NA,NA,NA
E5,seed,native_scalar,SPLIT,float,libc++,0.51,0.009999990463256836,1,1000000,644638,355362,355362,0,644638,355362,0,0,0,0,0,0,0.355362,0.3544238364215575,0.3563010014225999,false,0.355362,0.3544238364215575,0.3563010014225999,false,0.0,0.0,2.9957277863923437e-06,true,true,0,0.0,0.0,2.9957277863923437e-06,true,0,0,true,355362,64106,0,NA,0.0882177,0,0,0,0,0,0,0,0,0,0,arm64,true,true,NA,4005,NA,NA,NA
E5,seed,native_scalar,SPLIT,float,libstdc++,0.51,0.009999990463256836,1,1000000,644463,355537,355537,0,644463,355537,0,0,0,0,0,0,0.355537,0.3545987323319693,0.3564761044983978,false,0.355537,0.3545987323319693,0.3564761044983978,false,0.0,0.0,2.9957277863923437e-06,true,true,0,0.0,0.0,2.9957277863923437e-06,true,0,0,true,355537,64378,0,NA,0.064453,0,0,0,0,0,0,0,0,0,0,arm64,true,true,NA,4005,NA,NA,NA
E5,seed,native_scalar,LOG,float,libc++,0.55,0.050000011920928955,1,1000000,999886,114,0,114,999886,0,0,0,0,114,0,0,0.000114,9.403683384519133e-05,0.00013694725214737376,false,0.0,0.0,2.9957277863923437e-06,true,0.000114,9.403683384519133e-05,0.00013694725214737376,false,true,0,0.0,0.0,2.9957277863923437e-06,true,0,114,false,5544,0,0,NA,0.096143,0,0,0,0,0,0,0,0,0,0,arm64,true,true,NA,4001,NA,NA,NA
E5,seed,native_scalar,LOG,float,libstdc++,0.55,0.050000011920928955,1,1000000,999890,110,0,110,999890,0,0,0,0,110,0,0,0.00011,9.040746260357576e-05,0.00013257825018956728,false,0.0,0.0,2.9957277863923437e-06,true,0.00011,9.040746260357576e-05,0.00013257825018956728,false,true,0,0.0,0.0,2.9957277863923437e-06,true,0,110,false,5761,0,0,NA,0.069342,0,0,0,0,0,0,0,0,0,0,arm64,true,true,NA,4001,NA,NA,NA
E5,seed,native_scalar,LOG,float,libc++,0.55,0.050000011920928955,1,1000000,999855,145,0,145,999855,0,0,0,0,145,0,0,0.000145,0.00012236117530756586,0.00017061262301688916,false,0.0,0.0,2.9957277863923437e-06,true,0.000145,0.00012236117530756586,0.00017061262301688916,false,true,0,0.0,0.0,2.9957277863923437e-06,true,0,145,false,5663,0,0,NA,0.0964588,0,0,0,0,0,0,0,0,0,0,arm64,true,true,NA,4002,NA,NA,NA
E5,seed,native_scalar,LOG,float,libstdc++,0.55,0.050000011920928955,1,1000000,999852,148,0,148,999852,0,0,0,0,148,0,0,0.000148,0.00012511818575313338,0.00017385478773086107,false,0.0,0.0,2.9957277863923437e-06,true,0.000148,0.00012511818575313338,0.00017385478773086107,false,true,0,0.0,0.0,2.9957277863923437e-06,true,0,148,false,5793,0,0,NA,0.069607,0,0,0,0,0,0,0,0,0,0,arm64,true,true,NA,4002,NA,NA,NA
E5,seed,native_scalar,LOG,float,libc++,0.55,0.050000011920928955,1,1000000,999869,131,0,131,999869,0,0,0,0,131,0,0,0.000131,0.00010952994099792687,0.00015544806243000312,false,0.0,0.0,2.9957277863923437e-06,true,0.000131,0.00010952994099792687,0.00015544806243000312,false,true,0,0.0,0.0,2.9957277863923437e-06,true,0,131,false,5658,0,0,NA,0.0963632,0,0,0,0,0,0,0,0,0,0,arm64,true,true,NA,4003,NA,NA,NA
E5,seed,native_scalar,LOG,float,libstdc++,0.55,0.050000011920928955,1,1000000,999853,147,0,147,999853,0,0,0,0,147,0,0,0.000147,0.00012419890589196776,0.00017277433981881357,false,0.0,0.0,2.9957277863923437e-06,true,0.000147,0.00012419890589196776,0.00017277433981881357,false,true,0,0.0,0.0,2.9957277863923437e-06,true,0,147,false,5624,0,0,NA,0.069194,0,0,0,0,0,0,0,0,0,0,arm64,true,true,NA,4003,NA,NA,NA
E5,seed,native_scalar,LOG,float,libc++,0.55,0.050000011920928955,1,1000000,999872,128,0,128,999872,0,0,0,0,128,0,0,0.000128,0.00010678841306404032,0.0001521905774230967,false,0.0,0.0,2.9957277863923437e-06,true,0.000128,0.00010678841306404032,0.0001521905774230967,false,true,0,0.0,0.0,2.9957277863923437e-06,true,0,128,false,5697,0,0,NA,0.0961924,0,0,0,0,0,0,0,0,0,0,arm64,true,true,NA,4004,NA,NA,NA
E5,seed,native_scalar,LOG,float,libstdc++,0.55,0.050000011920928955,1,1000000,999873,127,0,127,999873,0,0,0,0,127,0,0,0.000127,0.00010587524329518294,0.00015110408373720873,false,0.0,0.0,2.9957277863923437e-06,true,0.000127,0.00010587524329518294,0.00015110408373720873,false,true,0,0.0,0.0,2.9957277863923437e-06,true,0,127,false,5674,0,0,NA,0.06879,0,0,0,0,0,0,0,0,0,0,arm64,true,true,NA,4004,NA,NA,NA
E5,seed,native_scalar,LOG,float,libc++,0.55,0.050000011920928955,1,1000000,999885,115,0,115,999885,0,0,0,0,115,0,0,0.000115,9.494519890874632e-05,0.0001380384933592208,false,0.0,0.0,2.9957277863923437e-06,true,0.000115,9.494519890874632e-05,0.0001380384933592208,false,true,0,0.0,0.0,2.9957277863923437e-06,true,0,115,false,5700,0,0,NA,0.0960973,0,0,0,0,0,0,0,0,0,0,arm64,true,true,NA,4005,NA,NA,NA
E5,seed,native_scalar,LOG,float,libstdc++,0.55,0.050000011920928955,1,1000000,999862,138,0,138,999862,0,0,0,0,138,0,0,0.000138,0.00011593813272449321,0.00016303769051662225,false,0.0,0.0,2.9957277863923437e-06,true,0.000138,0.00011593813272449321,0.00016303769051662225,false,true,0,0.0,0.0,2.9957277863923437e-06,true,0,138,false,5636,0,0,NA,0.069203,0,0,0,0,0,0,0,0,0,0,arm64,true,true,NA,4005,NA,NA,NA
E5,seed,native_scalar,QF,float,libc++,0.55,0.050000011920928955,1,1000000,987907,12093,12093,0,987907,5564,6529,0,0,0,0,0,0.012093,0.011879687530640231,0.012309145507299394,false,0.012093,0.011879687530640231,0.012309145507299394,false,0.0,0.0,2.9957277863923437e-06,true,true,0,0.0,0.0,2.9957277863923437e-06,true,0,0,true,5564,7393,0,NA,0.0844031,0,0,0,0,0,0,0,0,0,0,arm64,true,true,NA,4001,NA,NA,NA
E5,seed,native_scalar,QF,float,libstdc++,0.55,0.050000011920928955,1,1000000,987850,12150,12150,0,987850,5653,6497,0,0,0,0,0,0.01215,0.011936189275965106,0.012366643410763342,false,0.01215,0.011936189275965106,0.012366643410763342,false,0.0,0.0,2.9957277863923437e-06,true,true,0,0.0,0.0,2.9957277863923437e-06,true,0,0,true,5653,7309,0,NA,0.05998,0,0,0,0,0,0,0,0,0,0,arm64,true,true,NA,4001,NA,NA,NA
E5,seed,native_scalar,QF,float,libc++,0.55,0.050000011920928955,1,1000000,987863,12137,12137,0,987863,5592,6545,0,0,0,0,0,0.012137,0.011923302806115654,0.012353529960700656,false,0.012137,0.011923302806115654,0.012353529960700656,false,0.0,0.0,2.9957277863923437e-06,true,true,0,0.0,0.0,2.9957277863923437e-06,true,0,0,true,5592,7359,0,NA,0.08504,0,0,0,0,0,0,0,0,0,0,arm64,true,true,NA,4002,NA,NA,NA
E5,seed,native_scalar,QF,float,libstdc++,0.55,0.050000011920928955,1,1000000,987810,12190,12190,0,987810,5742,6448,0,0,0,0,0,0.01219,0.011975840346997006,0.012406992093355483,false,0.01219,0.011975840346997006,0.012406992093355483,false,0.0,0.0,2.9957277863923437e-06,true,true,0,0.0,0.0,2.9957277863923437e-06,true,0,0,true,5742,7220,0,NA,0.061698,0,0,0,0,0,0,0,0,0,0,arm64,true,true,NA,4002,NA,NA,NA
E5,seed,native_scalar,QF,float,libc++,0.55,0.050000011920928955,1,1000000,987883,12117,12117,0,987883,5628,6489,0,0,0,0,0,0.012117,0.01190347759108886,0.012333355298954383,false,0.012117,0.01190347759108886,0.012333355298954383,false,0.0,0.0,2.9957277863923437e-06,true,true,0,0.0,0.0,2.9957277863923437e-06,true,0,0,true,5628,7308,0,NA,0.08511,0,0,0,0,0,0,0,0,0,0,arm64,true,true,NA,4003,NA,NA,NA
E5,seed,native_scalar,QF,float,libstdc++,0.55,0.050000011920928955,1,1000000,987652,12348,12348,0,987652,5758,6590,0,0,0,0,0,0.012348,0.01213246785068854,0.012566363617175693,false,0.012348,0.01213246785068854,0.012566363617175693,false,0.0,0.0,2.9957277863923437e-06,true,true,0,0.0,0.0,2.9957277863923437e-06,true,0,0,true,5758,7444,0,NA,0.059803,0,0,0,0,0,0,0,0,0,0,arm64,true,true,NA,4003,NA,NA,NA
E5,seed,native_scalar,QF,float,libc++,0.55,0.050000011920928955,1,1000000,987819,12181,12181,0,987819,5682,6499,0,0,0,0,0,0.012181,0.011966918804180333,0.012397913691600407,false,0.012181,0.011966918804180333,0.012397913691600407,false,0.0,0.0,2.9957277863923437e-06,true,true,0,0.0,0.0,2.9957277863923437e-06,true,0,0,true,5682,7327,0,NA,0.0842325,0,0,0,0,0,0,0,0,0,0,arm64,true,true,NA,4004,NA,NA,NA
E5,seed,native_scalar,QF,float,libstdc++,0.55,0.050000011920928955,1,1000000,987696,12304,12304,0,987696,5756,6548,0,0,0,0,0,0.012304,0.012088849144937434,0.012521982593635739,false,0.012304,0.012088849144937434,0.012521982593635739,false,0.0,0.0,2.9957277863923437e-06,true,true,0,0.0,0.0,2.9957277863923437e-06,true,0,0,true,5756,7329,0,NA,0.059792,0,0,0,0,0,0,0,0,0,0,arm64,true,true,NA,4004,NA,NA,NA
E5,seed,native_scalar,QF,float,libc++,0.55,0.050000011920928955,1,1000000,987668,12332,12332,0,987668,5713,6619,0,0,0,0,0,0.012332,0.012116606421449232,0.012550225144844794,false,0.012332,0.012116606421449232,0.012550225144844794,false,0.0,0.0,2.9957277863923437e-06,true,true,0,0.0,0.0,2.9957277863923437e-06,true,0,0,true,5713,7397,0,NA,0.0853832,0,0,0,0,0,0,0,0,0,0,arm64,true,true,NA,4005,NA,NA,NA
E5,seed,native_scalar,QF,float,libstdc++,0.55,0.050000011920928955,1,1000000,987742,12258,12258,0,987742,5764,6494,0,0,0,0,0,0.012258,0.012043248527923028,0.012475583493754798,false,0.012258,0.012043248527923028,0.012475583493754798,false,0.0,0.0,2.9957277863923437e-06,true,true,0,0.0,0.0,2.9957277863923437e-06,true,0,0,true,5764,7304,0,NA,0.06021,0,0,0,0,0,0,0,0,0,0,arm64,true,true,NA,4005,NA,NA,NA
E5,seed,native_scalar,SPLIT,float,libc++,0.55,0.050000011920928955,1,1000000,994436,5564,5564,0,994436,5564,0,0,0,0,0,0,0.005564,0.005419142761995072,0.00571173233516904,false,0.005564,0.005419142761995072,0.00571173233516904,false,0.0,0.0,2.9957277863923437e-06,true,true,0,0.0,0.0,2.9957277863923437e-06,true,0,0,true,5564,7393,0,NA,0.083807,0,0,0,0,0,0,0,0,0,0,arm64,true,true,NA,4001,NA,NA,NA
E5,seed,native_scalar,SPLIT,float,libstdc++,0.55,0.050000011920928955,1,1000000,994347,5653,5653,0,994347,5653,0,0,0,0,0,0,0.005653,0.005506987678122952,0.0058018867995398475,false,0.005653,0.005506987678122952,0.0058018867995398475,false,0.0,0.0,2.9957277863923437e-06,true,true,0,0.0,0.0,2.9957277863923437e-06,true,0,0,true,5653,7309,0,NA,0.060109,0,0,0,0,0,0,0,0,0,0,arm64,true,true,NA,4001,NA,NA,NA
E5,seed,native_scalar,SPLIT,float,libc++,0.55,0.050000011920928955,1,1000000,994408,5592,5592,0,994408,5592,0,0,0,0,0,0,0.005592,0.005446778358577283,0.005740096543421047,false,0.005592,0.005446778358577283,0.005740096543421047,false,0.0,0.0,2.9957277863923437e-06,true,true,0,0.0,0.0,2.9957277863923437e-06,true,0,0,true,5592,7359,0,NA,0.0851027,0,0,0,0,0,0,0,0,0,0,arm64,true,true,NA,4002,NA,NA,NA
E5,seed,native_scalar,SPLIT,float,libstdc++,0.55,0.050000011920928955,1,1000000,994258,5742,5742,0,994258,5742,0,0,0,0,0,0,0.005742,0.005594841805006301,0.005892032055573181,false,0.005742,0.005594841805006301,0.005892032055573181,false,0.0,0.0,2.9957277863923437e-06,true,true,0,0.0,0.0,2.9957277863923437e-06,true,0,0,true,5742,7220,0,NA,0.060314,0,0,0,0,0,0,0,0,0,0,arm64,true,true,NA,4002,NA,NA,NA
E5,seed,native_scalar,SPLIT,float,libc++,0.55,0.050000011920928955,1,1000000,994372,5628,5628,0,994372,5628,0,0,0,0,0,0,0.005628,0.0054823112002698755,0.005776563451161833,false,0.005628,0.0054823112002698755,0.005776563451161833,false,0.0,0.0,2.9957277863923437e-06,true,true,0,0.0,0.0,2.9957277863923437e-06,true,0,0,true,5628,7308,0,NA,0.0843966,0,0,0,0,0,0,0,0,0,0,arm64,true,true,NA,4003,NA,NA,NA
E5,seed,native_scalar,SPLIT,float,libstdc++,0.55,0.050000011920928955,1,1000000,994242,5758,5758,0,994242,5758,0,0,0,0,0,0,0.005758,0.005610636765644371,0.005908236984248,false,0.005758,0.005610636765644371,0.005908236984248,false,0.0,0.0,2.9957277863923437e-06,true,true,0,0.0,0.0,2.9957277863923437e-06,true,0,0,true,5758,7444,0,NA,0.059801,0,0,0,0,0,0,0,0,0,0,arm64,true,true,NA,4003,NA,NA,NA
E5,seed,native_scalar,SPLIT,float,libc++,0.55,0.050000011920928955,1,1000000,994318,5682,5682,0,994318,5682,0,0,0,0,0,0,0.005682,0.005535613302542603,0.005831260973787117,false,0.005682,0.005535613302542603,0.005831260973787117,false,0.0,0.0,2.9957277863923437e-06,true,true,0,0.0,0.0,2.9957277863923437e-06,true,0,0,true,5682,7327,0,NA,0.0846323,0,0,0,0,0,0,0,0,0,0,arm64,true,true,NA,4004,NA,NA,NA
E5,seed,native_scalar,SPLIT,float,libstdc++,0.55,0.050000011920928955,1,1000000,994244,5756,5756,0,994244,5756,0,0,0,0,0,0,0.005756,0.005608662379702354,0.005906211384021806,false,0.005756,0.005608662379702354,0.005906211384021806,false,0.0,0.0,2.9957277863923437e-06,true,true,0,0.0,0.0,2.9957277863923437e-06,true,0,0,true,5756,7329,0,NA,0.059787,0,0,0,0,0,0,0,0,0,0,arm64,true,true,NA,4004,NA,NA,NA
E5,seed,native_scalar,SPLIT,float,libc++,0.55,0.050000011920928955,1,1000000,994287,5713,5713,0,994287,5713,0,0,0,0,0,0,0.005713,0.005566214180903167,0.005862659880488609,false,0.005713,0.005566214180903167,0.005862659880488609,false,0.0,0.0,2.9957277863923437e-06,true,true,0,0.0,0.0,2.9957277863923437e-06,true,0,0,true,5713,7397,0,NA,0.08455,0,0,0,0,0,0,0,0,0,0,arm64,true,true,NA,4005,NA,NA,NA
E5,seed,native_scalar,SPLIT,float,libstdc++,0.55,0.050000011920928955,1,1000000,994236,5764,5764,0,994236,5764,0,0,0,0,0,0,0.005764,0.005616559950611232,0.005914313757792742,false,0.005764,0.005616559950611232,0.005914313757792742,false,0.0,0.0,2.9957277863923437e-06,true,true,0,0.0,0.0,2.9957277863923437e-06,true,0,0,true,5764,7304,0,NA,0.060148,0,0,0,0,0,0,0,0,0,0,arm64,true,true,NA,4005,NA,NA,NA
E5,seed,native_scalar,LOG,float,libc++,0.6,0.10000002384185791,1,1000000,1000000,0,0,0,1000000,0,0,0,0,0,0,0,0.0,0.0,2.9957277863923437e-06,true,0.0,0.0,2.9957277863923437e-06,true,0.0,0.0,2.9957277863923437e-06,true,true,0,0.0,0.0,2.9957277863923437e-06,true,0,0,true,18,0,0,NA,0.0993193,0,0,0,0,0,0,0,0,0,0,arm64,true,true,NA,4001,NA,NA,NA
E5,seed,native_scalar,LOG,float,libstdc++,0.6,0.10000002384185791,1,1000000,1000000,0,0,0,1000000,0,0,0,0,0,0,0,0.0,0.0,2.9957277863923437e-06,true,0.0,0.0,2.9957277863923437e-06,true,0.0,0.0,2.9957277863923437e-06,true,true,0,0.0,0.0,2.9957277863923437e-06,true,0,0,true,19,0,0,NA,0.072532,0,0,0,0,0,0,0,0,0,0,arm64,true,true,NA,4001,NA,NA,NA
E5,seed,native_scalar,LOG,float,libc++,0.6,0.10000002384185791,1,1000000,1000000,0,0,0,1000000,0,0,0,0,0,0,0,0.0,0.0,2.9957277863923437e-06,true,0.0,0.0,2.9957277863923437e-06,true,0.0,0.0,2.9957277863923437e-06,true,true,0,0.0,0.0,2.9957277863923437e-06,true,0,0,true,37,0,0,NA,0.0987484,0,0,0,0,0,0,0,0,0,0,arm64,true,true,NA,4002,NA,NA,NA
E5,seed,native_scalar,LOG,float,libstdc++,0.6,0.10000002384185791,1,1000000,1000000,0,0,0,1000000,0,0,0,0,0,0,0,0.0,0.0,2.9957277863923437e-06,true,0.0,0.0,2.9957277863923437e-06,true,0.0,0.0,2.9957277863923437e-06,true,true,0,0.0,0.0,2.9957277863923437e-06,true,0,0,true,28,0,0,NA,0.073008,0,0,0,0,0,0,0,0,0,0,arm64,true,true,NA,4002,NA,NA,NA
E5,seed,native_scalar,LOG,float,libc++,0.6,0.10000002384185791,1,1000000,1000000,0,0,0,1000000,0,0,0,0,0,0,0,0.0,0.0,2.9957277863923437e-06,true,0.0,0.0,2.9957277863923437e-06,true,0.0,0.0,2.9957277863923437e-06,true,true,0,0.0,0.0,2.9957277863923437e-06,true,0,0,true,42,0,0,NA,0.0993722,0,0,0,0,0,0,0,0,0,0,arm64,true,true,NA,4003,NA,NA,NA
E5,seed,native_scalar,LOG,float,libstdc++,0.6,0.10000002384185791,1,1000000,1000000,0,0,0,1000000,0,0,0,0,0,0,0,0.0,0.0,2.9957277863923437e-06,true,0.0,0.0,2.9957277863923437e-06,true,0.0,0.0,2.9957277863923437e-06,true,true,0,0.0,0.0,2.9957277863923437e-06,true,0,0,true,34,0,0,NA,0.07273,0,0,0,0,0,0,0,0,0,0,arm64,true,true,NA,4003,NA,NA,NA
E5,seed,native_scalar,LOG,float,libc++,0.6,0.10000002384185791,1,1000000,1000000,0,0,0,1000000,0,0,0,0,0,0,0,0.0,0.0,2.9957277863923437e-06,true,0.0,0.0,2.9957277863923437e-06,true,0.0,0.0,2.9957277863923437e-06,true,true,0,0.0,0.0,2.9957277863923437e-06,true,0,0,true,28,0,0,NA,0.0987786,0,0,0,0,0,0,0,0,0,0,arm64,true,true,NA,4004,NA,NA,NA
E5,seed,native_scalar,LOG,float,libstdc++,0.6,0.10000002384185791,1,1000000,1000000,0,0,0,1000000,0,0,0,0,0,0,0,0.0,0.0,2.9957277863923437e-06,true,0.0,0.0,2.9957277863923437e-06,true,0.0,0.0,2.9957277863923437e-06,true,true,0,0.0,0.0,2.9957277863923437e-06,true,0,0,true,27,0,0,NA,0.073272,0,0,0,0,0,0,0,0,0,0,arm64,true,true,NA,4004,NA,NA,NA
E5,seed,native_scalar,LOG,float,libc++,0.6,0.10000002384185791,1,1000000,1000000,0,0,0,1000000,0,0,0,0,0,0,0,0.0,0.0,2.9957277863923437e-06,true,0.0,0.0,2.9957277863923437e-06,true,0.0,0.0,2.9957277863923437e-06,true,true,0,0.0,0.0,2.9957277863923437e-06,true,0,0,true,29,0,0,NA,0.0990647,0,0,0,0,0,0,0,0,0,0,arm64,true,true,NA,4005,NA,NA,NA
E5,seed,native_scalar,LOG,float,libstdc++,0.6,0.10000002384185791,1,1000000,1000000,0,0,0,1000000,0,0,0,0,0,0,0,0.0,0.0,2.9957277863923437e-06,true,0.0,0.0,2.9957277863923437e-06,true,0.0,0.0,2.9957277863923437e-06,true,true,0,0.0,0.0,2.9957277863923437e-06,true,0,0,true,29,0,0,NA,0.073385,0,0,0,0,0,0,0,0,0,0,arm64,true,true,NA,4005,NA,NA,NA
E5,seed,native_scalar,QF,float,libc++,0.6,0.10000002384185791,1,1000000,999884,116,116,0,999884,23,93,0,0,0,0,0,0.000116,9.585396218156182e-05,0.0001391293413298196,false,0.000116,9.585396218156182e-05,0.0001391293413298196,false,0.0,0.0,2.9957277863923437e-06,true,true,0,0.0,0.0,2.9957277863923437e-06,true,0,0,true,23,112,0,NA,0.0871699,0,0,0,0,0,0,0,0,0,0,arm64,true,true,NA,4001,NA,NA,NA
E5,seed,native_scalar,QF,float,libstdc++,0.6,0.10000002384185791,1,1000000,999856,144,144,0,999856,32,112,0,0,0,0,0,0.000144,0.0001214427303077469,0.0001695313484970007,false,0.000144,0.0001214427303077469,0.0001695313484970007,false,0.0,0.0,2.9957277863923437e-06,true,true,0,0.0,0.0,2.9957277863923437e-06,true,0,0,true,32,134,0,NA,0.063078,0,0,0,0,0,0,0,0,0,0,arm64,true,true,NA,4001,NA,NA,NA
E5,seed,native_scalar,QF,float,libc++,0.6,0.10000002384185791,1,1000000,999839,161,161,0,999839,40,121,0,0,0,0,0,0.000161,0.00013709267999267218,0.00018787698149887194,false,0.000161,0.00013709267999267218,0.00018787698149887194,false,0.0,0.0,2.9957277863923437e-06,true,true,0,0.0,0.0,2.9957277863923437e-06,true,0,0,true,40,145,0,NA,0.0879357,0,0,0,0,0,0,0,0,0,0,arm64,true,true,NA,4002,NA,NA,NA
E5,seed,native_scalar,QF,float,libstdc++,0.6,0.10000002384185791,1,1000000,999862,138,138,0,999862,36,102,0,0,0,0,0,0.000138,0.00011593813272449321,0.00016303769051662225,false,0.000138,0.00011593813272449321,0.00016303769051662225,false,0.0,0.0,2.9957277863923437e-06,true,true,0,0.0,0.0,2.9957277863923437e-06,true,0,0,true,36,120,0,NA,0.061926,0,0,0,0,0,0,0,0,0,0,arm64,true,true,NA,4002,NA,NA,NA
E5,seed,native_scalar,QF,float,libc++,0.6,0.10000002384185791,1,1000000,999871,129,129,0,999871,36,93,0,0,0,0,0,0.000129,0.00010770192188409886,0.00015327673586871857,false,0.000129,0.00010770192188409886,0.00015327673586871857,false,0.0,0.0,2.9957277863923437e-06,true,true,0,0.0,0.0,2.9957277863923437e-06,true,0,0,true,36,113,0,NA,0.0876181,0,0,0,0,0,0,0,0,0,0,arm64,true,true,NA,4003,NA,NA,NA
E5,seed,native_scalar,QF,float,libstdc++,0.6,0.10000002384185791,1,1000000,999849,151,151,0,999849,28,123,0,0,0,0,0,0.000151,0.0001278776502779289,0.00017709452230811295,false,0.000151,0.0001278776502779289,0.00017709452230811295,false,0.0,0.0,2.9957277863923437e-06,true,true,0,0.0,0.0,2.9957277863923437e-06,true,0,0,true,28,147,0,NA,0.062721,0,0,0,0,0,0,0,0,0,0,arm64,true,true,NA,4003,NA,NA,NA
E5,seed,native_scalar,QF,float,libc++,0.6,0.10000002384185791,1,1000000,999856,144,144,0,999856,34,110,0,0,0,0,0,0.000144,0.0001214427303077469,0.0001695313484970007,false,0.000144,0.0001214427303077469,0.0001695313484970007,false,0.0,0.0,2.9957277863923437e-06,true,true,0,0.0,0.0,2.9957277863923437e-06,true,0,0,true,34,127,0,NA,0.0873209,0,0,0,0,0,0,0,0,0,0,arm64,true,true,NA,4004,NA,NA,NA
E5,seed,native_scalar,QF,float,libstdc++,0.6,0.10000002384185791,1,1000000,999863,137,137,0,999863,32,105,0,0,0,0,0,0.000137,0.00011502174101923613,0.00016195438371272524,false,0.000137,0.00011502174101923613,0.00016195438371272524,false,0.0,0.0,2.9957277863923437e-06,true,true,0,0.0,0.0,2.9957277863923437e-06,true,0,0,true,32,123,0,NA,0.061835,0,0,0,0,0,0,0,0,0,0,arm64,true,true,NA,4004,NA,NA,NA
E5,seed,native_scalar,QF,float,libc++,0.6,0.10000002384185791,1,1000000,999871,129,129,0,999871,30,99,0,0,0,0,0,0.000129,0.00010770192188409886,0.00015327673586871857,false,0.000129,0.00010770192188409886,0.00015327673586871857,false,0.0,0.0,2.9957277863923437e-06,true,true,0,0.0,0.0,2.9957277863923437e-06,true,0,0,true,30,127,0,NA,0.0873721,0,0,0,0,0,0,0,0,0,0,arm64,true,true,NA,4005,NA,NA,NA
E5,seed,native_scalar,QF,float,libstdc++,0.6,0.10000002384185791,1,1000000,999842,158,158,0,999842,37,121,0,0,0,0,0,0.000158,0.00013432554188211839,0.00018464484866843184,false,0.000158,0.00013432554188211839,0.00018464484866843184,false,0.0,0.0,2.9957277863923437e-06,true,true,0,0.0,0.0,2.9957277863923437e-06,true,0,0,true,37,145,0,NA,0.062442,0,0,0,0,0,0,0,0,0,0,arm64,true,true,NA,4005,NA,NA,NA
E5,seed,native_scalar,SPLIT,float,libc++,0.6,0.10000002384185791,1,1000000,999977,23,23,0,999977,23,0,0,0,0,0,0,2.3e-05,1.4580081129205914e-05,3.4511094259847725e-05,false,2.3e-05,1.4580081129205914e-05,3.4511094259847725e-05,false,0.0,0.0,2.9957277863923437e-06,true,true,0,0.0,0.0,2.9957277863923437e-06,true,0,0,true,23,112,0,NA,0.0881088,0,0,0,0,0,0,0,0,0,0,arm64,true,true,NA,4001,NA,NA,NA
E5,seed,native_scalar,SPLIT,float,libstdc++,0.6,0.10000002384185791,1,1000000,999968,32,32,0,999968,32,0,0,0,0,0,0,3.2e-05,2.1888076034296295e-05,4.517415450414004e-05,false,3.2e-05,2.1888076034296295e-05,4.517415450414004e-05,false,0.0,0.0,2.9957277863923437e-06,true,true,0,0.0,0.0,2.9957277863923437e-06,true,0,0,true,32,134,0,NA,0.062378,0,0,0,0,0,0,0,0,0,0,arm64,true,true,NA,4001,NA,NA,NA
E5,seed,native_scalar,SPLIT,float,libc++,0.6,0.10000002384185791,1,1000000,999960,40,40,0,999960,40,0,0,0,0,0,0,4e-05,2.8576735376640718e-05,5.44682529183138e-05,false,4e-05,2.8576735376640718e-05,5.44682529183138e-05,false,0.0,0.0,2.9957277863923437e-06,true,true,0,0.0,0.0,2.9957277863923437e-06,true,0,0,true,40,145,0,NA,0.087715,0,0,0,0,0,0,0,0,0,0,arm64,true,true,NA,4002,NA,NA,NA
E5,seed,native_scalar,SPLIT,float,libstdc++,0.6,0.10000002384185791,1,1000000,999964,36,36,0,999964,36,0,0,0,0,0,0,3.6e-05,2.5214080791301227e-05,4.9838829621356686e-05,false,3.6e-05,2.5214080791301227e-05,4.9838829621356686e-05,false,0.0,0.0,2.9957277863923437e-06,true,true,0,0.0,0.0,2.9957277863923437e-06,true,0,0,true,36,120,0,NA,0.062371,0,0,0,0,0,0,0,0,0,0,arm64,true,true,NA,4002,NA,NA,NA
E5,seed,native_scalar,SPLIT,float,libc++,0.6,0.10000002384185791,1,1000000,999964,36,36,0,999964,36,0,0,0,0,0,0,3.6e-05,2.5214080791301227e-05,4.9838829621356686e-05,false,3.6e-05,2.5214080791301227e-05,4.9838829621356686e-05,false,0.0,0.0,2.9957277863923437e-06,true,true,0,0.0,0.0,2.9957277863923437e-06,true,0,0,true,36,113,0,NA,0.0879763,0,0,0,0,0,0,0,0,0,0,arm64,true,true,NA,4003,NA,NA,NA
E5,seed,native_scalar,SPLIT,float,libstdc++,0.6,0.10000002384185791,1,1000000,999972,28,28,0,999972,28,0,0,0,0,0,0,2.8e-05,1.8605874747065275e-05,4.046754367067208e-05,false,2.8e-05,1.8605874747065275e-05,4.046754367067208e-05,false,0.0,0.0,2.9957277863923437e-06,true,true,0,0.0,0.0,2.9957277863923437e-06,true,0,0,true,28,147,0,NA,0.062259,0,0,0,0,0,0,0,0,0,0,arm64,true,true,NA,4003,NA,NA,NA
E5,seed,native_scalar,SPLIT,float,libc++,0.6,0.10000002384185791,1,1000000,999966,34,34,0,999966,34,0,0,0,0,0,0,3.4e-05,2.3546099687929872e-05,4.7511271115428914e-05,false,3.4e-05,2.3546099687929872e-05,4.7511271115428914e-05,false,0.0,0.0,2.9957277863923437e-06,true,true,0,0.0,0.0,2.9957277863923437e-06,true,0,0,true,34,127,0,NA,0.0868847,0,0,0,0,0,0,0,0,0,0,arm64,true,true,NA,4004,NA,NA,NA
E5,seed,native_scalar,SPLIT,float,libstdc++,0.6,0.10000002384185791,1,1000000,999968,32,32,0,999968,32,0,0,0,0,0,0,3.2e-05,2.1888076034296295e-05,4.517415450414004e-05,false,3.2e-05,2.1888076034296295e-05,4.517415450414004e-05,false,0.0,0.0,2.9957277863923437e-06,true,true,0,0.0,0.0,2.9957277863923437e-06,true,0,0,true,32,123,0,NA,0.062092,0,0,0,0,0,0,0,0,0,0,arm64,true,true,NA,4004,NA,NA,NA
E5,seed,native_scalar,SPLIT,float,libc++,0.6,0.10000002384185791,1,1000000,999970,30,30,0,999970,30,0,0,0,0,0,0,3e-05,2.0240962668554107e-05,4.28265907266867e-05,false,3e-05,2.0240962668554107e-05,4.28265907266867e-05,false,0.0,0.0,2.9957277863923437e-06,true,true,0,0.0,0.0,2.9957277863923437e-06,true,0,0,true,30,127,0,NA,0.0883795,0,0,0,0,0,0,0,0,0,0,arm64,true,true,NA,4005,NA,NA,NA
E5,seed,native_scalar,SPLIT,float,libstdc++,0.6,0.10000002384185791,1,1000000,999963,37,37,0,999963,37,0,0,0,0,0,0,3.7e-05,2.605154415614196e-05,5.099926915260212e-05,false,3.7e-05,2.605154415614196e-05,5.099926915260212e-05,false,0.0,0.0,2.9957277863923437e-06,true,true,0,0.0,0.0,2.9957277863923437e-06,true,0,0,true,37,145,0,NA,0.062454,0,0,0,0,0,0,0,0,0,0,arm64,true,true,NA,4005,NA,NA,NA
E5,seed,native_scalar,LOG,float,libc++,0.75,0.25,1,1000000,1000000,0,0,0,1000000,0,0,0,0,0,0,0,0.0,0.0,2.9957277863923437e-06,true,0.0,0.0,2.9957277863923437e-06,true,0.0,0.0,2.9957277863923437e-06,true,true,0,0.0,0.0,2.9957277863923437e-06,true,0,0,true,0,0,0,NA,0.108275,0,0,0,0,0,0,0,0,0,0,arm64,true,true,NA,4001,NA,NA,NA
E5,seed,native_scalar,LOG,float,libstdc++,0.75,0.25,1,1000000,1000000,0,0,0,1000000,0,0,0,0,0,0,0,0.0,0.0,2.9957277863923437e-06,true,0.0,0.0,2.9957277863923437e-06,true,0.0,0.0,2.9957277863923437e-06,true,true,0,0.0,0.0,2.9957277863923437e-06,true,0,0,true,0,0,0,NA,0.085278,0,0,0,0,0,0,0,0,0,0,arm64,true,true,NA,4001,NA,NA,NA
E5,seed,native_scalar,LOG,float,libc++,0.75,0.25,1,1000000,1000000,0,0,0,1000000,0,0,0,0,0,0,0,0.0,0.0,2.9957277863923437e-06,true,0.0,0.0,2.9957277863923437e-06,true,0.0,0.0,2.9957277863923437e-06,true,true,0,0.0,0.0,2.9957277863923437e-06,true,0,0,true,0,0,0,NA,0.108295,0,0,0,0,0,0,0,0,0,0,arm64,true,true,NA,4002,NA,NA,NA
E5,seed,native_scalar,LOG,float,libstdc++,0.75,0.25,1,1000000,1000000,0,0,0,1000000,0,0,0,0,0,0,0,0.0,0.0,2.9957277863923437e-06,true,0.0,0.0,2.9957277863923437e-06,true,0.0,0.0,2.9957277863923437e-06,true,true,0,0.0,0.0,2.9957277863923437e-06,true,0,0,true,0,0,0,NA,0.08234,0,0,0,0,0,0,0,0,0,0,arm64,true,true,NA,4002,NA,NA,NA
E5,seed,native_scalar,LOG,float,libc++,0.75,0.25,1,1000000,1000000,0,0,0,1000000,0,0,0,0,0,0,0,0.0,0.0,2.9957277863923437e-06,true,0.0,0.0,2.9957277863923437e-06,true,0.0,0.0,2.9957277863923437e-06,true,true,0,0.0,0.0,2.9957277863923437e-06,true,0,0,true,0,0,0,NA,0.107874,0,0,0,0,0,0,0,0,0,0,arm64,true,true,NA,4003,NA,NA,NA
E5,seed,native_scalar,LOG,float,libstdc++,0.75,0.25,1,1000000,1000000,0,0,0,1000000,0,0,0,0,0,0,0,0.0,0.0,2.9957277863923437e-06,true,0.0,0.0,2.9957277863923437e-06,true,0.0,0.0,2.9957277863923437e-06,true,true,0,0.0,0.0,2.9957277863923437e-06,true,0,0,true,0,0,0,NA,0.083111,0,0,0,0,0,0,0,0,0,0,arm64,true,true,NA,4003,NA,NA,NA
E5,seed,native_scalar,LOG,float,libc++,0.75,0.25,1,1000000,1000000,0,0,0,1000000,0,0,0,0,0,0,0,0.0,0.0,2.9957277863923437e-06,true,0.0,0.0,2.9957277863923437e-06,true,0.0,0.0,2.9957277863923437e-06,true,true,0,0.0,0.0,2.9957277863923437e-06,true,0,0,true,0,0,0,NA,0.108674,0,0,0,0,0,0,0,0,0,0,arm64,true,true,NA,4004,NA,NA,NA
E5,seed,native_scalar,LOG,float,libstdc++,0.75,0.25,1,1000000,1000000,0,0,0,1000000,0,0,0,0,0,0,0,0.0,0.0,2.9957277863923437e-06,true,0.0,0.0,2.9957277863923437e-06,true,0.0,0.0,2.9957277863923437e-06,true,true,0,0.0,0.0,2.9957277863923437e-06,true,0,0,true,0,0,0,NA,0.082908,0,0,0,0,0,0,0,0,0,0,arm64,true,true,NA,4004,NA,NA,NA
E5,seed,native_scalar,LOG,float,libc++,0.75,0.25,1,1000000,1000000,0,0,0,1000000,0,0,0,0,0,0,0,0.0,0.0,2.9957277863923437e-06,true,0.0,0.0,2.9957277863923437e-06,true,0.0,0.0,2.9957277863923437e-06,true,true,0,0.0,0.0,2.9957277863923437e-06,true,0,0,true,0,0,0,NA,0.108746,0,0,0,0,0,0,0,0,0,0,arm64,true,true,NA,4005,NA,NA,NA
E5,seed,native_scalar,LOG,float,libstdc++,0.75,0.25,1,1000000,1000000,0,0,0,1000000,0,0,0,0,0,0,0,0.0,0.0,2.9957277863923437e-06,true,0.0,0.0,2.9957277863923437e-06,true,0.0,0.0,2.9957277863923437e-06,true,true,0,0.0,0.0,2.9957277863923437e-06,true,0,0,true,0,0,0,NA,0.082098,0,0,0,0,0,0,0,0,0,0,arm64,true,true,NA,4005,NA,NA,NA
E5,seed,native_scalar,QF,float,libc++,0.75,0.25,1,1000000,1000000,0,0,0,1000000,0,0,0,0,0,0,0,0.0,0.0,2.9957277863923437e-06,true,0.0,0.0,2.9957277863923437e-06,true,0.0,0.0,2.9957277863923437e-06,true,true,0,0.0,0.0,2.9957277863923437e-06,true,0,0,true,0,0,0,NA,0.0957138,0,0,0,0,0,0,0,0,0,0,arm64,true,true,NA,4001,NA,NA,NA
E5,seed,native_scalar,QF,float,libstdc++,0.75,0.25,1,1000000,1000000,0,0,0,1000000,0,0,0,0,0,0,0,0.0,0.0,2.9957277863923437e-06,true,0.0,0.0,2.9957277863923437e-06,true,0.0,0.0,2.9957277863923437e-06,true,true,0,0.0,0.0,2.9957277863923437e-06,true,0,0,true,0,0,0,NA,0.06693,0,0,0,0,0,0,0,0,0,0,arm64,true,true,NA,4001,NA,NA,NA
E5,seed,native_scalar,QF,float,libc++,0.75,0.25,1,1000000,1000000,0,0,0,1000000,0,0,0,0,0,0,0,0.0,0.0,2.9957277863923437e-06,true,0.0,0.0,2.9957277863923437e-06,true,0.0,0.0,2.9957277863923437e-06,true,true,0,0.0,0.0,2.9957277863923437e-06,true,0,0,true,0,0,0,NA,0.0951602,0,0,0,0,0,0,0,0,0,0,arm64,true,true,NA,4002,NA,NA,NA
E5,seed,native_scalar,QF,float,libstdc++,0.75,0.25,1,1000000,1000000,0,0,0,1000000,0,0,0,0,0,0,0,0.0,0.0,2.9957277863923437e-06,true,0.0,0.0,2.9957277863923437e-06,true,0.0,0.0,2.9957277863923437e-06,true,true,0,0.0,0.0,2.9957277863923437e-06,true,0,0,true,0,0,0,NA,0.06671,0,0,0,0,0,0,0,0,0,0,arm64,true,true,NA,4002,NA,NA,NA
E5,seed,native_scalar,QF,float,libc++,0.75,0.25,1,1000000,1000000,0,0,0,1000000,0,0,0,0,0,0,0,0.0,0.0,2.9957277863923437e-06,true,0.0,0.0,2.9957277863923437e-06,true,0.0,0.0,2.9957277863923437e-06,true,true,0,0.0,0.0,2.9957277863923437e-06,true,0,0,true,0,0,0,NA,0.0954065,0,0,0,0,0,0,0,0,0,0,arm64,true,true,NA,4003,NA,NA,NA
E5,seed,native_scalar,QF,float,libstdc++,0.75,0.25,1,1000000,1000000,0,0,0,1000000,0,0,0,0,0,0,0,0.0,0.0,2.9957277863923437e-06,true,0.0,0.0,2.9957277863923437e-06,true,0.0,0.0,2.9957277863923437e-06,true,true,0,0.0,0.0,2.9957277863923437e-06,true,0,0,true,0,0,0,NA,0.066865,0,0,0,0,0,0,0,0,0,0,arm64,true,true,NA,4003,NA,NA,NA
E5,seed,native_scalar,QF,float,libc++,0.75,0.25,1,1000000,1000000,0,0,0,1000000,0,0,0,0,0,0,0,0.0,0.0,2.9957277863923437e-06,true,0.0,0.0,2.9957277863923437e-06,true,0.0,0.0,2.9957277863923437e-06,true,true,0,0.0,0.0,2.9957277863923437e-06,true,0,0,true,0,0,0,NA,0.0952722,0,0,0,0,0,0,0,0,0,0,arm64,true,true,NA,4004,NA,NA,NA
E5,seed,native_scalar,QF,float,libstdc++,0.75,0.25,1,1000000,1000000,0,0,0,1000000,0,0,0,0,0,0,0,0.0,0.0,2.9957277863923437e-06,true,0.0,0.0,2.9957277863923437e-06,true,0.0,0.0,2.9957277863923437e-06,true,true,0,0.0,0.0,2.9957277863923437e-06,true,0,0,true,0,0,0,NA,0.067161,0,0,0,0,0,0,0,0,0,0,arm64,true,true,NA,4004,NA,NA,NA
E5,seed,native_scalar,QF,float,libc++,0.75,0.25,1,1000000,1000000,0,0,0,1000000,0,0,0,0,0,0,0,0.0,0.0,2.9957277863923437e-06,true,0.0,0.0,2.9957277863923437e-06,true,0.0,0.0,2.9957277863923437e-06,true,true,0,0.0,0.0,2.9957277863923437e-06,true,0,0,true,0,0,0,NA,0.0947703,0,0,0,0,0,0,0,0,0,0,arm64,true,true,NA,4005,NA,NA,NA
E5,seed,native_scalar,QF,float,libstdc++,0.75,0.25,1,1000000,1000000,0,0,0,1000000,0,0,0,0,0,0,0,0.0,0.0,2.9957277863923437e-06,true,0.0,0.0,2.9957277863923437e-06,true,0.0,0.0,2.9957277863923437e-06,true,true,0,0.0,0.0,2.9957277863923437e-06,true,0,0,true,0,0,0,NA,0.066771,0,0,0,0,0,0,0,0,0,0,arm64,true,true,NA,4005,NA,NA,NA
E5,seed,native_scalar,SPLIT,float,libc++,0.75,0.25,1,1000000,1000000,0,0,0,1000000,0,0,0,0,0,0,0,0.0,0.0,2.9957277863923437e-06,true,0.0,0.0,2.9957277863923437e-06,true,0.0,0.0,2.9957277863923437e-06,true,true,0,0.0,0.0,2.9957277863923437e-06,true,0,0,true,0,0,0,NA,0.0960049,0,0,0,0,0,0,0,0,0,0,arm64,true,true,NA,4001,NA,NA,NA
E5,seed,native_scalar,SPLIT,float,libstdc++,0.75,0.25,1,1000000,1000000,0,0,0,1000000,0,0,0,0,0,0,0,0.0,0.0,2.9957277863923437e-06,true,0.0,0.0,2.9957277863923437e-06,true,0.0,0.0,2.9957277863923437e-06,true,true,0,0.0,0.0,2.9957277863923437e-06,true,0,0,true,0,0,0,NA,0.067402,0,0,0,0,0,0,0,0,0,0,arm64,true,true,NA,4001,NA,NA,NA
E5,seed,native_scalar,SPLIT,float,libc++,0.75,0.25,1,1000000,1000000,0,0,0,1000000,0,0,0,0,0,0,0,0.0,0.0,2.9957277863923437e-06,true,0.0,0.0,2.9957277863923437e-06,true,0.0,0.0,2.9957277863923437e-06,true,true,0,0.0,0.0,2.9957277863923437e-06,true,0,0,true,0,0,0,NA,0.0943355,0,0,0,0,0,0,0,0,0,0,arm64,true,true,NA,4002,NA,NA,NA
E5,seed,native_scalar,SPLIT,float,libstdc++,0.75,0.25,1,1000000,1000000,0,0,0,1000000,0,0,0,0,0,0,0,0.0,0.0,2.9957277863923437e-06,true,0.0,0.0,2.9957277863923437e-06,true,0.0,0.0,2.9957277863923437e-06,true,true,0,0.0,0.0,2.9957277863923437e-06,true,0,0,true,0,0,0,NA,0.067255,0,0,0,0,0,0,0,0,0,0,arm64,true,true,NA,4002,NA,NA,NA
E5,seed,native_scalar,SPLIT,float,libc++,0.75,0.25,1,1000000,1000000,0,0,0,1000000,0,0,0,0,0,0,0,0.0,0.0,2.9957277863923437e-06,true,0.0,0.0,2.9957277863923437e-06,true,0.0,0.0,2.9957277863923437e-06,true,true,0,0.0,0.0,2.9957277863923437e-06,true,0,0,true,0,0,0,NA,0.0949484,0,0,0,0,0,0,0,0,0,0,arm64,true,true,NA,4003,NA,NA,NA
E5,seed,native_scalar,SPLIT,float,libstdc++,0.75,0.25,1,1000000,1000000,0,0,0,1000000,0,0,0,0,0,0,0,0.0,0.0,2.9957277863923437e-06,true,0.0,0.0,2.9957277863923437e-06,true,0.0,0.0,2.9957277863923437e-06,true,true,0,0.0,0.0,2.9957277863923437e-06,true,0,0,true,0,0,0,NA,0.066972,0,0,0,0,0,0,0,0,0,0,arm64,true,true,NA,4003,NA,NA,NA
E5,seed,native_scalar,SPLIT,float,libc++,0.75,0.25,1,1000000,1000000,0,0,0,1000000,0,0,0,0,0,0,0,0.0,0.0,2.9957277863923437e-06,true,0.0,0.0,2.9957277863923437e-06,true,0.0,0.0,2.9957277863923437e-06,true,true,0,0.0,0.0,2.9957277863923437e-06,true,0,0,true,0,0,0,NA,0.0950256,0,0,0,0,0,0,0,0,0,0,arm64,true,true,NA,4004,NA,NA,NA
E5,seed,native_scalar,SPLIT,float,libstdc++,0.75,0.25,1,1000000,1000000,0,0,0,1000000,0,0,0,0,0,0,0,0.0,0.0,2.9957277863923437e-06,true,0.0,0.0,2.9957277863923437e-06,true,0.0,0.0,2.9957277863923437e-06,true,true,0,0.0,0.0,2.9957277863923437e-06,true,0,0,true,0,0,0,NA,0.067446,0,0,0,0,0,0,0,0,0,0,arm64,true,true,NA,4004,NA,NA,NA
E5,seed,native_scalar,SPLIT,float,libc++,0.75,0.25,1,1000000,1000000,0,0,0,1000000,0,0,0,0,0,0,0,0.0,0.0,2.9957277863923437e-06,true,0.0,0.0,2.9957277863923437e-06,true,0.0,0.0,2.9957277863923437e-06,true,true,0,0.0,0.0,2.9957277863923437e-06,true,0,0,true,0,0,0,NA,0.0952206,0,0,0,0,0,0,0,0,0,0,arm64,true,true,NA,4005,NA,NA,NA
E5,seed,native_scalar,SPLIT,float,libstdc++,0.75,0.25,1,1000000,1000000,0,0,0,1000000,0,0,0,0,0,0,0,0.0,0.0,2.9957277863923437e-06,true,0.0,0.0,2.9957277863923437e-06,true,0.0,0.0,2.9957277863923437e-06,true,true,0,0.0,0.0,2.9957277863923437e-06,true,0,0,true,0,0,0,NA,0.06695,0,0,0,0,0,0,0,0,0,0,arm64,true,true,NA,4005,NA,NA,NA
E5,seed,native_scalar,LOG,float,libc++,1,0.5,1,1000000,1000000,0,0,0,1000000,0,0,0,0,0,0,0,0.0,0.0,2.9957277863923437e-06,true,0.0,0.0,2.9957277863923437e-06,true,0.0,0.0,2.9957277863923437e-06,true,true,0,0.0,0.0,2.9957277863923437e-06,true,0,0,true,0,0,0,NA,0.122288,0,0,0,0,0,0,0,0,0,0,arm64,true,true,NA,4001,NA,NA,NA
E5,seed,native_scalar,LOG,float,libstdc++,1,0.5,1,1000000,1000000,0,0,0,1000000,0,0,0,0,0,0,0,0.0,0.0,2.9957277863923437e-06,true,0.0,0.0,2.9957277863923437e-06,true,0.0,0.0,2.9957277863923437e-06,true,true,0,0.0,0.0,2.9957277863923437e-06,true,0,0,true,0,0,0,NA,0.098273,0,0,0,0,0,0,0,0,0,0,arm64,true,true,NA,4001,NA,NA,NA
E5,seed,native_scalar,LOG,float,libc++,1,0.5,1,1000000,1000000,0,0,0,1000000,0,0,0,0,0,0,0,0.0,0.0,2.9957277863923437e-06,true,0.0,0.0,2.9957277863923437e-06,true,0.0,0.0,2.9957277863923437e-06,true,true,0,0.0,0.0,2.9957277863923437e-06,true,0,0,true,0,0,0,NA,0.123269,0,0,0,0,0,0,0,0,0,0,arm64,true,true,NA,4002,NA,NA,NA
E5,seed,native_scalar,LOG,float,libstdc++,1,0.5,1,1000000,1000000,0,0,0,1000000,0,0,0,0,0,0,0,0.0,0.0,2.9957277863923437e-06,true,0.0,0.0,2.9957277863923437e-06,true,0.0,0.0,2.9957277863923437e-06,true,true,0,0.0,0.0,2.9957277863923437e-06,true,0,0,true,0,0,0,NA,0.098618,0,0,0,0,0,0,0,0,0,0,arm64,true,true,NA,4002,NA,NA,NA
E5,seed,native_scalar,LOG,float,libc++,1,0.5,1,1000000,1000000,0,0,0,1000000,0,0,0,0,0,0,0,0.0,0.0,2.9957277863923437e-06,true,0.0,0.0,2.9957277863923437e-06,true,0.0,0.0,2.9957277863923437e-06,true,true,0,0.0,0.0,2.9957277863923437e-06,true,0,0,true,0,0,0,NA,0.123539,0,0,0,0,0,0,0,0,0,0,arm64,true,true,NA,4003,NA,NA,NA
E5,seed,native_scalar,LOG,float,libstdc++,1,0.5,1,1000000,1000000,0,0,0,1000000,0,0,0,0,0,0,0,0.0,0.0,2.9957277863923437e-06,true,0.0,0.0,2.9957277863923437e-06,true,0.0,0.0,2.9957277863923437e-06,true,true,0,0.0,0.0,2.9957277863923437e-06,true,0,0,true,0,0,0,NA,0.098222,0,0,0,0,0,0,0,0,0,0,arm64,true,true,NA,4003,NA,NA,NA
E5,seed,native_scalar,LOG,float,libc++,1,0.5,1,1000000,1000000,0,0,0,1000000,0,0,0,0,0,0,0,0.0,0.0,2.9957277863923437e-06,true,0.0,0.0,2.9957277863923437e-06,true,0.0,0.0,2.9957277863923437e-06,true,true,0,0.0,0.0,2.9957277863923437e-06,true,0,0,true,0,0,0,NA,0.122923,0,0,0,0,0,0,0,0,0,0,arm64,true,true,NA,4004,NA,NA,NA
E5,seed,native_scalar,LOG,float,libstdc++,1,0.5,1,1000000,1000000,0,0,0,1000000,0,0,0,0,0,0,0,0.0,0.0,2.9957277863923437e-06,true,0.0,0.0,2.9957277863923437e-06,true,0.0,0.0,2.9957277863923437e-06,true,true,0,0.0,0.0,2.9957277863923437e-06,true,0,0,true,0,0,0,NA,0.096873,0,0,0,0,0,0,0,0,0,0,arm64,true,true,NA,4004,NA,NA,NA
E5,seed,native_scalar,LOG,float,libc++,1,0.5,1,1000000,1000000,0,0,0,1000000,0,0,0,0,0,0,0,0.0,0.0,2.9957277863923437e-06,true,0.0,0.0,2.9957277863923437e-06,true,0.0,0.0,2.9957277863923437e-06,true,true,0,0.0,0.0,2.9957277863923437e-06,true,0,0,true,0,0,0,NA,0.123314,0,0,0,0,0,0,0,0,0,0,arm64,true,true,NA,4005,NA,NA,NA
E5,seed,native_scalar,LOG,float,libstdc++,1,0.5,1,1000000,1000000,0,0,0,1000000,0,0,0,0,0,0,0,0.0,0.0,2.9957277863923437e-06,true,0.0,0.0,2.9957277863923437e-06,true,0.0,0.0,2.9957277863923437e-06,true,true,0,0.0,0.0,2.9957277863923437e-06,true,0,0,true,0,0,0,NA,0.097571,0,0,0,0,0,0,0,0,0,0,arm64,true,true,NA,4005,NA,NA,NA
E5,seed,native_scalar,QF,float,libc++,1,0.5,1,1000000,1000000,0,0,0,1000000,0,0,0,0,0,0,0,0.0,0.0,2.9957277863923437e-06,true,0.0,0.0,2.9957277863923437e-06,true,0.0,0.0,2.9957277863923437e-06,true,true,0,0.0,0.0,2.9957277863923437e-06,true,0,0,true,0,0,0,NA,0.102469,0,0,0,0,0,0,0,0,0,0,arm64,true,true,NA,4001,NA,NA,NA
E5,seed,native_scalar,QF,float,libstdc++,1,0.5,1,1000000,1000000,0,0,0,1000000,0,0,0,0,0,0,0,0.0,0.0,2.9957277863923437e-06,true,0.0,0.0,2.9957277863923437e-06,true,0.0,0.0,2.9957277863923437e-06,true,true,0,0.0,0.0,2.9957277863923437e-06,true,0,0,true,0,0,0,NA,0.071422,0,0,0,0,0,0,0,0,0,0,arm64,true,true,NA,4001,NA,NA,NA
E5,seed,native_scalar,QF,float,libc++,1,0.5,1,1000000,1000000,0,0,0,1000000,0,0,0,0,0,0,0,0.0,0.0,2.9957277863923437e-06,true,0.0,0.0,2.9957277863923437e-06,true,0.0,0.0,2.9957277863923437e-06,true,true,0,0.0,0.0,2.9957277863923437e-06,true,0,0,true,0,0,0,NA,0.103704,0,0,0,0,0,0,0,0,0,0,arm64,true,true,NA,4002,NA,NA,NA
E5,seed,native_scalar,QF,float,libstdc++,1,0.5,1,1000000,1000000,0,0,0,1000000,0,0,0,0,0,0,0,0.0,0.0,2.9957277863923437e-06,true,0.0,0.0,2.9957277863923437e-06,true,0.0,0.0,2.9957277863923437e-06,true,true,0,0.0,0.0,2.9957277863923437e-06,true,0,0,true,0,0,0,NA,0.070359,0,0,0,0,0,0,0,0,0,0,arm64,true,true,NA,4002,NA,NA,NA
E5,seed,native_scalar,QF,float,libc++,1,0.5,1,1000000,1000000,0,0,0,1000000,0,0,0,0,0,0,0,0.0,0.0,2.9957277863923437e-06,true,0.0,0.0,2.9957277863923437e-06,true,0.0,0.0,2.9957277863923437e-06,true,true,0,0.0,0.0,2.9957277863923437e-06,true,0,0,true,0,0,0,NA,0.104366,0,0,0,0,0,0,0,0,0,0,arm64,true,true,NA,4003,NA,NA,NA
E5,seed,native_scalar,QF,float,libstdc++,1,0.5,1,1000000,1000000,0,0,0,1000000,0,0,0,0,0,0,0,0.0,0.0,2.9957277863923437e-06,true,0.0,0.0,2.9957277863923437e-06,true,0.0,0.0,2.9957277863923437e-06,true,true,0,0.0,0.0,2.9957277863923437e-06,true,0,0,true,0,0,0,NA,0.070429,0,0,0,0,0,0,0,0,0,0,arm64,true,true,NA,4003,NA,NA,NA
E5,seed,native_scalar,QF,float,libc++,1,0.5,1,1000000,1000000,0,0,0,1000000,0,0,0,0,0,0,0,0.0,0.0,2.9957277863923437e-06,true,0.0,0.0,2.9957277863923437e-06,true,0.0,0.0,2.9957277863923437e-06,true,true,0,0.0,0.0,2.9957277863923437e-06,true,0,0,true,0,0,0,NA,0.103119,0,0,0,0,0,0,0,0,0,0,arm64,true,true,NA,4004,NA,NA,NA
E5,seed,native_scalar,QF,float,libstdc++,1,0.5,1,1000000,1000000,0,0,0,1000000,0,0,0,0,0,0,0,0.0,0.0,2.9957277863923437e-06,true,0.0,0.0,2.9957277863923437e-06,true,0.0,0.0,2.9957277863923437e-06,true,true,0,0.0,0.0,2.9957277863923437e-06,true,0,0,true,0,0,0,NA,0.070542,0,0,0,0,0,0,0,0,0,0,arm64,true,true,NA,4004,NA,NA,NA
E5,seed,native_scalar,QF,float,libc++,1,0.5,1,1000000,1000000,0,0,0,1000000,0,0,0,0,0,0,0,0.0,0.0,2.9957277863923437e-06,true,0.0,0.0,2.9957277863923437e-06,true,0.0,0.0,2.9957277863923437e-06,true,true,0,0.0,0.0,2.9957277863923437e-06,true,0,0,true,0,0,0,NA,0.103414,0,0,0,0,0,0,0,0,0,0,arm64,true,true,NA,4005,NA,NA,NA
E5,seed,native_scalar,QF,float,libstdc++,1,0.5,1,1000000,1000000,0,0,0,1000000,0,0,0,0,0,0,0,0.0,0.0,2.9957277863923437e-06,true,0.0,0.0,2.9957277863923437e-06,true,0.0,0.0,2.9957277863923437e-06,true,true,0,0.0,0.0,2.9957277863923437e-06,true,0,0,true,0,0,0,NA,0.070649,0,0,0,0,0,0,0,0,0,0,arm64,true,true,NA,4005,NA,NA,NA
E5,seed,native_scalar,SPLIT,float,libc++,1,0.5,1,1000000,1000000,0,0,0,1000000,0,0,0,0,0,0,0,0.0,0.0,2.9957277863923437e-06,true,0.0,0.0,2.9957277863923437e-06,true,0.0,0.0,2.9957277863923437e-06,true,true,0,0.0,0.0,2.9957277863923437e-06,true,0,0,true,0,0,0,NA,0.102546,0,0,0,0,0,0,0,0,0,0,arm64,true,true,NA,4001,NA,NA,NA
E5,seed,native_scalar,SPLIT,float,libstdc++,1,0.5,1,1000000,1000000,0,0,0,1000000,0,0,0,0,0,0,0,0.0,0.0,2.9957277863923437e-06,true,0.0,0.0,2.9957277863923437e-06,true,0.0,0.0,2.9957277863923437e-06,true,true,0,0.0,0.0,2.9957277863923437e-06,true,0,0,true,0,0,0,NA,0.071178,0,0,0,0,0,0,0,0,0,0,arm64,true,true,NA,4001,NA,NA,NA
E5,seed,native_scalar,SPLIT,float,libc++,1,0.5,1,1000000,1000000,0,0,0,1000000,0,0,0,0,0,0,0,0.0,0.0,2.9957277863923437e-06,true,0.0,0.0,2.9957277863923437e-06,true,0.0,0.0,2.9957277863923437e-06,true,true,0,0.0,0.0,2.9957277863923437e-06,true,0,0,true,0,0,0,NA,0.103012,0,0,0,0,0,0,0,0,0,0,arm64,true,true,NA,4002,NA,NA,NA
E5,seed,native_scalar,SPLIT,float,libstdc++,1,0.5,1,1000000,1000000,0,0,0,1000000,0,0,0,0,0,0,0,0.0,0.0,2.9957277863923437e-06,true,0.0,0.0,2.9957277863923437e-06,true,0.0,0.0,2.9957277863923437e-06,true,true,0,0.0,0.0,2.9957277863923437e-06,true,0,0,true,0,0,0,NA,0.071056,0,0,0,0,0,0,0,0,0,0,arm64,true,true,NA,4002,NA,NA,NA
E5,seed,native_scalar,SPLIT,float,libc++,1,0.5,1,1000000,1000000,0,0,0,1000000,0,0,0,0,0,0,0,0.0,0.0,2.9957277863923437e-06,true,0.0,0.0,2.9957277863923437e-06,true,0.0,0.0,2.9957277863923437e-06,true,true,0,0.0,0.0,2.9957277863923437e-06,true,0,0,true,0,0,0,NA,0.104505,0,0,0,0,0,0,0,0,0,0,arm64,true,true,NA,4003,NA,NA,NA
E5,seed,native_scalar,SPLIT,float,libstdc++,1,0.5,1,1000000,1000000,0,0,0,1000000,0,0,0,0,0,0,0,0.0,0.0,2.9957277863923437e-06,true,0.0,0.0,2.9957277863923437e-06,true,0.0,0.0,2.9957277863923437e-06,true,true,0,0.0,0.0,2.9957277863923437e-06,true,0,0,true,0,0,0,NA,0.07107,0,0,0,0,0,0,0,0,0,0,arm64,true,true,NA,4003,NA,NA,NA
E5,seed,native_scalar,SPLIT,float,libc++,1,0.5,1,1000000,1000000,0,0,0,1000000,0,0,0,0,0,0,0,0.0,0.0,2.9957277863923437e-06,true,0.0,0.0,2.9957277863923437e-06,true,0.0,0.0,2.9957277863923437e-06,true,true,0,0.0,0.0,2.9957277863923437e-06,true,0,0,true,0,0,0,NA,0.104127,0,0,0,0,0,0,0,0,0,0,arm64,true,true,NA,4004,NA,NA,NA
E5,seed,native_scalar,SPLIT,float,libstdc++,1,0.5,1,1000000,1000000,0,0,0,1000000,0,0,0,0,0,0,0,0.0,0.0,2.9957277863923437e-06,true,0.0,0.0,2.9957277863923437e-06,true,0.0,0.0,2.9957277863923437e-06,true,true,0,0.0,0.0,2.9957277863923437e-06,true,0,0,true,0,0,0,NA,0.070496,0,0,0,0,0,0,0,0,0,0,arm64,true,true,NA,4004,NA,NA,NA
E5,seed,native_scalar,SPLIT,float,libc++,1,0.5,1,1000000,1000000,0,0,0,1000000,0,0,0,0,0,0,0,0.0,0.0,2.9957277863923437e-06,true,0.0,0.0,2.9957277863923437e-06,true,0.0,0.0,2.9957277863923437e-06,true,true,0,0.0,0.0,2.9957277863923437e-06,true,0,0,true,0,0,0,NA,0.102672,0,0,0,0,0,0,0,0,0,0,arm64,true,true,NA,4005,NA,NA,NA
E5,seed,native_scalar,SPLIT,float,libstdc++,1,0.5,1,1000000,1000000,0,0,0,1000000,0,0,0,0,0,0,0,0.0,0.0,2.9957277863923437e-06,true,0.0,0.0,2.9957277863923437e-06,true,0.0,0.0,2.9957277863923437e-06,true,true,0,0.0,0.0,2.9957277863923437e-06,true,0,0,true,0,0,0,NA,0.070643,0,0,0,0,0,0,0,0,0,0,arm64,true,true,NA,4005,NA,NA,NA
E5,seed,native_scalar,LOG,float,libc++,1.5,1.0,1,1000000,1000000,0,0,0,1000000,0,0,0,0,0,0,0,0.0,0.0,2.9957277863923437e-06,true,0.0,0.0,2.9957277863923437e-06,true,0.0,0.0,2.9957277863923437e-06,true,true,0,0.0,0.0,2.9957277863923437e-06,true,0,0,true,0,0,0,NA,0.0979765,0,0,0,0,0,0,0,0,0,0,arm64,true,true,NA,4001,NA,NA,NA
E5,seed,native_scalar,LOG,float,libstdc++,1.5,1.0,1,1000000,1000000,0,0,0,1000000,0,0,0,0,0,0,0,0.0,0.0,2.9957277863923437e-06,true,0.0,0.0,2.9957277863923437e-06,true,0.0,0.0,2.9957277863923437e-06,true,true,0,0.0,0.0,2.9957277863923437e-06,true,0,0,true,0,0,0,NA,0.084473,0,0,0,0,0,0,0,0,0,0,arm64,true,true,NA,4001,NA,NA,NA
E5,seed,native_scalar,LOG,float,libc++,1.5,1.0,1,1000000,1000000,0,0,0,1000000,0,0,0,0,0,0,0,0.0,0.0,2.9957277863923437e-06,true,0.0,0.0,2.9957277863923437e-06,true,0.0,0.0,2.9957277863923437e-06,true,true,0,0.0,0.0,2.9957277863923437e-06,true,0,0,true,0,0,0,NA,0.0967903,0,0,0,0,0,0,0,0,0,0,arm64,true,true,NA,4002,NA,NA,NA
E5,seed,native_scalar,LOG,float,libstdc++,1.5,1.0,1,1000000,1000000,0,0,0,1000000,0,0,0,0,0,0,0,0.0,0.0,2.9957277863923437e-06,true,0.0,0.0,2.9957277863923437e-06,true,0.0,0.0,2.9957277863923437e-06,true,true,0,0.0,0.0,2.9957277863923437e-06,true,0,0,true,0,0,0,NA,0.081865,0,0,0,0,0,0,0,0,0,0,arm64,true,true,NA,4002,NA,NA,NA
E5,seed,native_scalar,LOG,float,libc++,1.5,1.0,1,1000000,1000000,0,0,0,1000000,0,0,0,0,0,0,0,0.0,0.0,2.9957277863923437e-06,true,0.0,0.0,2.9957277863923437e-06,true,0.0,0.0,2.9957277863923437e-06,true,true,0,0.0,0.0,2.9957277863923437e-06,true,0,0,true,0,0,0,NA,0.0967932,0,0,0,0,0,0,0,0,0,0,arm64,true,true,NA,4003,NA,NA,NA
E5,seed,native_scalar,LOG,float,libstdc++,1.5,1.0,1,1000000,1000000,0,0,0,1000000,0,0,0,0,0,0,0,0.0,0.0,2.9957277863923437e-06,true,0.0,0.0,2.9957277863923437e-06,true,0.0,0.0,2.9957277863923437e-06,true,true,0,0.0,0.0,2.9957277863923437e-06,true,0,0,true,0,0,0,NA,0.082047,0,0,0,0,0,0,0,0,0,0,arm64,true,true,NA,4003,NA,NA,NA
E5,seed,native_scalar,LOG,float,libc++,1.5,1.0,1,1000000,1000000,0,0,0,1000000,0,0,0,0,0,0,0,0.0,0.0,2.9957277863923437e-06,true,0.0,0.0,2.9957277863923437e-06,true,0.0,0.0,2.9957277863923437e-06,true,true,0,0.0,0.0,2.9957277863923437e-06,true,0,0,true,0,0,0,NA,0.097675,0,0,0,0,0,0,0,0,0,0,arm64,true,true,NA,4004,NA,NA,NA
E5,seed,native_scalar,LOG,float,libstdc++,1.5,1.0,1,1000000,1000000,0,0,0,1000000,0,0,0,0,0,0,0,0.0,0.0,2.9957277863923437e-06,true,0.0,0.0,2.9957277863923437e-06,true,0.0,0.0,2.9957277863923437e-06,true,true,0,0.0,0.0,2.9957277863923437e-06,true,0,0,true,0,0,0,NA,0.081769,0,0,0,0,0,0,0,0,0,0,arm64,true,true,NA,4004,NA,NA,NA
E5,seed,native_scalar,LOG,float,libc++,1.5,1.0,1,1000000,1000000,0,0,0,1000000,0,0,0,0,0,0,0,0.0,0.0,2.9957277863923437e-06,true,0.0,0.0,2.9957277863923437e-06,true,0.0,0.0,2.9957277863923437e-06,true,true,0,0.0,0.0,2.9957277863923437e-06,true,0,0,true,0,0,0,NA,0.0972719,0,0,0,0,0,0,0,0,0,0,arm64,true,true,NA,4005,NA,NA,NA
E5,seed,native_scalar,LOG,float,libstdc++,1.5,1.0,1,1000000,1000000,0,0,0,1000000,0,0,0,0,0,0,0,0.0,0.0,2.9957277863923437e-06,true,0.0,0.0,2.9957277863923437e-06,true,0.0,0.0,2.9957277863923437e-06,true,true,0,0.0,0.0,2.9957277863923437e-06,true,0,0,true,0,0,0,NA,0.083287,0,0,0,0,0,0,0,0,0,0,arm64,true,true,NA,4005,NA,NA,NA
E5,seed,native_scalar,QF,float,libc++,1.5,1.0,1,1000000,1000000,0,0,0,1000000,0,0,0,0,0,0,0,0.0,0.0,2.9957277863923437e-06,true,0.0,0.0,2.9957277863923437e-06,true,0.0,0.0,2.9957277863923437e-06,true,true,0,0.0,0.0,2.9957277863923437e-06,true,0,0,true,0,0,0,NA,0.0863095,0,0,0,0,0,0,0,0,0,0,arm64,true,true,NA,4001,NA,NA,NA
E5,seed,native_scalar,QF,float,libstdc++,1.5,1.0,1,1000000,1000000,0,0,0,1000000,0,0,0,0,0,0,0,0.0,0.0,2.9957277863923437e-06,true,0.0,0.0,2.9957277863923437e-06,true,0.0,0.0,2.9957277863923437e-06,true,true,0,0.0,0.0,2.9957277863923437e-06,true,0,0,true,0,0,0,NA,0.070488,0,0,0,0,0,0,0,0,0,0,arm64,true,true,NA,4001,NA,NA,NA
E5,seed,native_scalar,QF,float,libc++,1.5,1.0,1,1000000,1000000,0,0,0,1000000,0,0,0,0,0,0,0,0.0,0.0,2.9957277863923437e-06,true,0.0,0.0,2.9957277863923437e-06,true,0.0,0.0,2.9957277863923437e-06,true,true,0,0.0,0.0,2.9957277863923437e-06,true,0,0,true,0,0,0,NA,0.086555,0,0,0,0,0,0,0,0,0,0,arm64,true,true,NA,4002,NA,NA,NA
E5,seed,native_scalar,QF,float,libstdc++,1.5,1.0,1,1000000,1000000,0,0,0,1000000,0,0,0,0,0,0,0,0.0,0.0,2.9957277863923437e-06,true,0.0,0.0,2.9957277863923437e-06,true,0.0,0.0,2.9957277863923437e-06,true,true,0,0.0,0.0,2.9957277863923437e-06,true,0,0,true,0,0,0,NA,0.070332,0,0,0,0,0,0,0,0,0,0,arm64,true,true,NA,4002,NA,NA,NA
E5,seed,native_scalar,QF,float,libc++,1.5,1.0,1,1000000,1000000,0,0,0,1000000,0,0,0,0,0,0,0,0.0,0.0,2.9957277863923437e-06,true,0.0,0.0,2.9957277863923437e-06,true,0.0,0.0,2.9957277863923437e-06,true,true,0,0.0,0.0,2.9957277863923437e-06,true,0,0,true,0,0,0,NA,0.0859712,0,0,0,0,0,0,0,0,0,0,arm64,true,true,NA,4003,NA,NA,NA
E5,seed,native_scalar,QF,float,libstdc++,1.5,1.0,1,1000000,1000000,0,0,0,1000000,0,0,0,0,0,0,0,0.0,0.0,2.9957277863923437e-06,true,0.0,0.0,2.9957277863923437e-06,true,0.0,0.0,2.9957277863923437e-06,true,true,0,0.0,0.0,2.9957277863923437e-06,true,0,0,true,0,0,0,NA,0.070307,0,0,0,0,0,0,0,0,0,0,arm64,true,true,NA,4003,NA,NA,NA
E5,seed,native_scalar,QF,float,libc++,1.5,1.0,1,1000000,1000000,0,0,0,1000000,0,0,0,0,0,0,0,0.0,0.0,2.9957277863923437e-06,true,0.0,0.0,2.9957277863923437e-06,true,0.0,0.0,2.9957277863923437e-06,true,true,0,0.0,0.0,2.9957277863923437e-06,true,0,0,true,0,0,0,NA,0.0859494,0,0,0,0,0,0,0,0,0,0,arm64,true,true,NA,4004,NA,NA,NA
E5,seed,native_scalar,QF,float,libstdc++,1.5,1.0,1,1000000,1000000,0,0,0,1000000,0,0,0,0,0,0,0,0.0,0.0,2.9957277863923437e-06,true,0.0,0.0,2.9957277863923437e-06,true,0.0,0.0,2.9957277863923437e-06,true,true,0,0.0,0.0,2.9957277863923437e-06,true,0,0,true,0,0,0,NA,0.070718,0,0,0,0,0,0,0,0,0,0,arm64,true,true,NA,4004,NA,NA,NA
E5,seed,native_scalar,QF,float,libc++,1.5,1.0,1,1000000,1000000,0,0,0,1000000,0,0,0,0,0,0,0,0.0,0.0,2.9957277863923437e-06,true,0.0,0.0,2.9957277863923437e-06,true,0.0,0.0,2.9957277863923437e-06,true,true,0,0.0,0.0,2.9957277863923437e-06,true,0,0,true,0,0,0,NA,0.0852731,0,0,0,0,0,0,0,0,0,0,arm64,true,true,NA,4005,NA,NA,NA
E5,seed,native_scalar,QF,float,libstdc++,1.5,1.0,1,1000000,1000000,0,0,0,1000000,0,0,0,0,0,0,0,0.0,0.0,2.9957277863923437e-06,true,0.0,0.0,2.9957277863923437e-06,true,0.0,0.0,2.9957277863923437e-06,true,true,0,0.0,0.0,2.9957277863923437e-06,true,0,0,true,0,0,0,NA,0.070325,0,0,0,0,0,0,0,0,0,0,arm64,true,true,NA,4005,NA,NA,NA
E5,seed,native_scalar,SPLIT,float,libc++,1.5,1.0,1,1000000,1000000,0,0,0,1000000,0,0,0,0,0,0,0,0.0,0.0,2.9957277863923437e-06,true,0.0,0.0,2.9957277863923437e-06,true,0.0,0.0,2.9957277863923437e-06,true,true,0,0.0,0.0,2.9957277863923437e-06,true,0,0,true,0,0,0,NA,0.0854784,0,0,0,0,0,0,0,0,0,0,arm64,true,true,NA,4001,NA,NA,NA
E5,seed,native_scalar,SPLIT,float,libstdc++,1.5,1.0,1,1000000,1000000,0,0,0,1000000,0,0,0,0,0,0,0,0.0,0.0,2.9957277863923437e-06,true,0.0,0.0,2.9957277863923437e-06,true,0.0,0.0,2.9957277863923437e-06,true,true,0,0.0,0.0,2.9957277863923437e-06,true,0,0,true,0,0,0,NA,0.07065,0,0,0,0,0,0,0,0,0,0,arm64,true,true,NA,4001,NA,NA,NA
E5,seed,native_scalar,SPLIT,float,libc++,1.5,1.0,1,1000000,1000000,0,0,0,1000000,0,0,0,0,0,0,0,0.0,0.0,2.9957277863923437e-06,true,0.0,0.0,2.9957277863923437e-06,true,0.0,0.0,2.9957277863923437e-06,true,true,0,0.0,0.0,2.9957277863923437e-06,true,0,0,true,0,0,0,NA,0.0849047,0,0,0,0,0,0,0,0,0,0,arm64,true,true,NA,4002,NA,NA,NA
E5,seed,native_scalar,SPLIT,float,libstdc++,1.5,1.0,1,1000000,1000000,0,0,0,1000000,0,0,0,0,0,0,0,0.0,0.0,2.9957277863923437e-06,true,0.0,0.0,2.9957277863923437e-06,true,0.0,0.0,2.9957277863923437e-06,true,true,0,0.0,0.0,2.9957277863923437e-06,true,0,0,true,0,0,0,NA,0.070864,0,0,0,0,0,0,0,0,0,0,arm64,true,true,NA,4002,NA,NA,NA
E5,seed,native_scalar,SPLIT,float,libc++,1.5,1.0,1,1000000,1000000,0,0,0,1000000,0,0,0,0,0,0,0,0.0,0.0,2.9957277863923437e-06,true,0.0,0.0,2.9957277863923437e-06,true,0.0,0.0,2.9957277863923437e-06,true,true,0,0.0,0.0,2.9957277863923437e-06,true,0,0,true,0,0,0,NA,0.0856897,0,0,0,0,0,0,0,0,0,0,arm64,true,true,NA,4003,NA,NA,NA
E5,seed,native_scalar,SPLIT,float,libstdc++,1.5,1.0,1,1000000,1000000,0,0,0,1000000,0,0,0,0,0,0,0,0.0,0.0,2.9957277863923437e-06,true,0.0,0.0,2.9957277863923437e-06,true,0.0,0.0,2.9957277863923437e-06,true,true,0,0.0,0.0,2.9957277863923437e-06,true,0,0,true,0,0,0,NA,0.070518,0,0,0,0,0,0,0,0,0,0,arm64,true,true,NA,4003,NA,NA,NA
E5,seed,native_scalar,SPLIT,float,libc++,1.5,1.0,1,1000000,1000000,0,0,0,1000000,0,0,0,0,0,0,0,0.0,0.0,2.9957277863923437e-06,true,0.0,0.0,2.9957277863923437e-06,true,0.0,0.0,2.9957277863923437e-06,true,true,0,0.0,0.0,2.9957277863923437e-06,true,0,0,true,0,0,0,NA,0.0870316,0,0,0,0,0,0,0,0,0,0,arm64,true,true,NA,4004,NA,NA,NA
E5,seed,native_scalar,SPLIT,float,libstdc++,1.5,1.0,1,1000000,1000000,0,0,0,1000000,0,0,0,0,0,0,0,0.0,0.0,2.9957277863923437e-06,true,0.0,0.0,2.9957277863923437e-06,true,0.0,0.0,2.9957277863923437e-06,true,true,0,0.0,0.0,2.9957277863923437e-06,true,0,0,true,0,0,0,NA,0.069917,0,0,0,0,0,0,0,0,0,0,arm64,true,true,NA,4004,NA,NA,NA
E5,seed,native_scalar,SPLIT,float,libc++,1.5,1.0,1,1000000,1000000,0,0,0,1000000,0,0,0,0,0,0,0,0.0,0.0,2.9957277863923437e-06,true,0.0,0.0,2.9957277863923437e-06,true,0.0,0.0,2.9957277863923437e-06,true,true,0,0.0,0.0,2.9957277863923437e-06,true,0,0,true,0,0,0,NA,0.0856361,0,0,0,0,0,0,0,0,0,0,arm64,true,true,NA,4005,NA,NA,NA
E5,seed,native_scalar,SPLIT,float,libstdc++,1.5,1.0,1,1000000,1000000,0,0,0,1000000,0,0,0,0,0,0,0,0.0,0.0,2.9957277863923437e-06,true,0.0,0.0,2.9957277863923437e-06,true,0.0,0.0,2.9957277863923437e-06,true,true,0,0.0,0.0,2.9957277863923437e-06,true,0,0,true,0,0,0,NA,0.070393,0,0,0,0,0,0,0,0,0,0,arm64,true,true,NA,4005,NA,NA,NA
E5,seed,native_scalar,LOG,float,libc++,2,1.5,1,1000000,1000000,0,0,0,1000000,0,0,0,0,0,0,0,0.0,0.0,2.9957277863923437e-06,true,0.0,0.0,2.9957277863923437e-06,true,0.0,0.0,2.9957277863923437e-06,true,true,0,0.0,0.0,2.9957277863923437e-06,true,0,0,true,0,0,0,NA,0.135097,0,0,0,0,0,0,0,0,0,0,arm64,true,true,NA,4001,NA,NA,NA
E5,seed,native_scalar,LOG,float,libstdc++,2,1.5,1,1000000,1000000,0,0,0,1000000,0,0,0,0,0,0,0,0.0,0.0,2.9957277863923437e-06,true,0.0,0.0,2.9957277863923437e-06,true,0.0,0.0,2.9957277863923437e-06,true,true,0,0.0,0.0,2.9957277863923437e-06,true,0,0,true,0,0,0,NA,0.082846,0,0,0,0,0,0,0,0,0,0,arm64,true,true,NA,4001,NA,NA,NA
E5,seed,native_scalar,LOG,float,libc++,2,1.5,1,1000000,1000000,0,0,0,1000000,0,0,0,0,0,0,0,0.0,0.0,2.9957277863923437e-06,true,0.0,0.0,2.9957277863923437e-06,true,0.0,0.0,2.9957277863923437e-06,true,true,0,0.0,0.0,2.9957277863923437e-06,true,0,0,true,0,0,0,NA,0.13686,0,0,0,0,0,0,0,0,0,0,arm64,true,true,NA,4002,NA,NA,NA
E5,seed,native_scalar,LOG,float,libstdc++,2,1.5,1,1000000,1000000,0,0,0,1000000,0,0,0,0,0,0,0,0.0,0.0,2.9957277863923437e-06,true,0.0,0.0,2.9957277863923437e-06,true,0.0,0.0,2.9957277863923437e-06,true,true,0,0.0,0.0,2.9957277863923437e-06,true,0,0,true,0,0,0,NA,0.081809,0,0,0,0,0,0,0,0,0,0,arm64,true,true,NA,4002,NA,NA,NA
E5,seed,native_scalar,LOG,float,libc++,2,1.5,1,1000000,1000000,0,0,0,1000000,0,0,0,0,0,0,0,0.0,0.0,2.9957277863923437e-06,true,0.0,0.0,2.9957277863923437e-06,true,0.0,0.0,2.9957277863923437e-06,true,true,0,0.0,0.0,2.9957277863923437e-06,true,0,0,true,0,0,0,NA,0.135239,0,0,0,0,0,0,0,0,0,0,arm64,true,true,NA,4003,NA,NA,NA
E5,seed,native_scalar,LOG,float,libstdc++,2,1.5,1,1000000,1000000,0,0,0,1000000,0,0,0,0,0,0,0,0.0,0.0,2.9957277863923437e-06,true,0.0,0.0,2.9957277863923437e-06,true,0.0,0.0,2.9957277863923437e-06,true,true,0,0.0,0.0,2.9957277863923437e-06,true,0,0,true,0,0,0,NA,0.082414,0,0,0,0,0,0,0,0,0,0,arm64,true,true,NA,4003,NA,NA,NA
E5,seed,native_scalar,LOG,float,libc++,2,1.5,1,1000000,1000000,0,0,0,1000000,0,0,0,0,0,0,0,0.0,0.0,2.9957277863923437e-06,true,0.0,0.0,2.9957277863923437e-06,true,0.0,0.0,2.9957277863923437e-06,true,true,0,0.0,0.0,2.9957277863923437e-06,true,0,0,true,0,0,0,NA,0.13626,0,0,0,0,0,0,0,0,0,0,arm64,true,true,NA,4004,NA,NA,NA
E5,seed,native_scalar,LOG,float,libstdc++,2,1.5,1,1000000,1000000,0,0,0,1000000,0,0,0,0,0,0,0,0.0,0.0,2.9957277863923437e-06,true,0.0,0.0,2.9957277863923437e-06,true,0.0,0.0,2.9957277863923437e-06,true,true,0,0.0,0.0,2.9957277863923437e-06,true,0,0,true,0,0,0,NA,0.08177,0,0,0,0,0,0,0,0,0,0,arm64,true,true,NA,4004,NA,NA,NA
E5,seed,native_scalar,LOG,float,libc++,2,1.5,1,1000000,1000000,0,0,0,1000000,0,0,0,0,0,0,0,0.0,0.0,2.9957277863923437e-06,true,0.0,0.0,2.9957277863923437e-06,true,0.0,0.0,2.9957277863923437e-06,true,true,0,0.0,0.0,2.9957277863923437e-06,true,0,0,true,0,0,0,NA,0.136025,0,0,0,0,0,0,0,0,0,0,arm64,true,true,NA,4005,NA,NA,NA
E5,seed,native_scalar,LOG,float,libstdc++,2,1.5,1,1000000,1000000,0,0,0,1000000,0,0,0,0,0,0,0,0.0,0.0,2.9957277863923437e-06,true,0.0,0.0,2.9957277863923437e-06,true,0.0,0.0,2.9957277863923437e-06,true,true,0,0.0,0.0,2.9957277863923437e-06,true,0,0,true,0,0,0,NA,0.082459,0,0,0,0,0,0,0,0,0,0,arm64,true,true,NA,4005,NA,NA,NA
E5,seed,native_scalar,QF,float,libc++,2,1.5,1,1000000,1000000,0,0,0,1000000,0,0,0,0,0,0,0,0.0,0.0,2.9957277863923437e-06,true,0.0,0.0,2.9957277863923437e-06,true,0.0,0.0,2.9957277863923437e-06,true,true,0,0.0,0.0,2.9957277863923437e-06,true,0,0,true,0,0,0,NA,0.124394,0,0,0,0,0,0,0,0,0,0,arm64,true,true,NA,4001,NA,NA,NA
E5,seed,native_scalar,QF,float,libstdc++,2,1.5,1,1000000,1000000,0,0,0,1000000,0,0,0,0,0,0,0,0.0,0.0,2.9957277863923437e-06,true,0.0,0.0,2.9957277863923437e-06,true,0.0,0.0,2.9957277863923437e-06,true,true,0,0.0,0.0,2.9957277863923437e-06,true,0,0,true,0,0,0,NA,0.070964,0,0,0,0,0,0,0,0,0,0,arm64,true,true,NA,4001,NA,NA,NA
E5,seed,native_scalar,QF,float,libc++,2,1.5,1,1000000,1000000,0,0,0,1000000,0,0,0,0,0,0,0,0.0,0.0,2.9957277863923437e-06,true,0.0,0.0,2.9957277863923437e-06,true,0.0,0.0,2.9957277863923437e-06,true,true,0,0.0,0.0,2.9957277863923437e-06,true,0,0,true,0,0,0,NA,0.123172,0,0,0,0,0,0,0,0,0,0,arm64,true,true,NA,4002,NA,NA,NA
E5,seed,native_scalar,QF,float,libstdc++,2,1.5,1,1000000,1000000,0,0,0,1000000,0,0,0,0,0,0,0,0.0,0.0,2.9957277863923437e-06,true,0.0,0.0,2.9957277863923437e-06,true,0.0,0.0,2.9957277863923437e-06,true,true,0,0.0,0.0,2.9957277863923437e-06,true,0,0,true,0,0,0,NA,0.070677,0,0,0,0,0,0,0,0,0,0,arm64,true,true,NA,4002,NA,NA,NA
E5,seed,native_scalar,QF,float,libc++,2,1.5,1,1000000,1000000,0,0,0,1000000,0,0,0,0,0,0,0,0.0,0.0,2.9957277863923437e-06,true,0.0,0.0,2.9957277863923437e-06,true,0.0,0.0,2.9957277863923437e-06,true,true,0,0.0,0.0,2.9957277863923437e-06,true,0,0,true,0,0,0,NA,0.124831,0,0,0,0,0,0,0,0,0,0,arm64,true,true,NA,4003,NA,NA,NA
E5,seed,native_scalar,QF,float,libstdc++,2,1.5,1,1000000,1000000,0,0,0,1000000,0,0,0,0,0,0,0,0.0,0.0,2.9957277863923437e-06,true,0.0,0.0,2.9957277863923437e-06,true,0.0,0.0,2.9957277863923437e-06,true,true,0,0.0,0.0,2.9957277863923437e-06,true,0,0,true,0,0,0,NA,0.070356,0,0,0,0,0,0,0,0,0,0,arm64,true,true,NA,4003,NA,NA,NA
E5,seed,native_scalar,QF,float,libc++,2,1.5,1,1000000,1000000,0,0,0,1000000,0,0,0,0,0,0,0,0.0,0.0,2.9957277863923437e-06,true,0.0,0.0,2.9957277863923437e-06,true,0.0,0.0,2.9957277863923437e-06,true,true,0,0.0,0.0,2.9957277863923437e-06,true,0,0,true,0,0,0,NA,0.124199,0,0,0,0,0,0,0,0,0,0,arm64,true,true,NA,4004,NA,NA,NA
E5,seed,native_scalar,QF,float,libstdc++,2,1.5,1,1000000,1000000,0,0,0,1000000,0,0,0,0,0,0,0,0.0,0.0,2.9957277863923437e-06,true,0.0,0.0,2.9957277863923437e-06,true,0.0,0.0,2.9957277863923437e-06,true,true,0,0.0,0.0,2.9957277863923437e-06,true,0,0,true,0,0,0,NA,0.070424,0,0,0,0,0,0,0,0,0,0,arm64,true,true,NA,4004,NA,NA,NA
E5,seed,native_scalar,QF,float,libc++,2,1.5,1,1000000,1000000,0,0,0,1000000,0,0,0,0,0,0,0,0.0,0.0,2.9957277863923437e-06,true,0.0,0.0,2.9957277863923437e-06,true,0.0,0.0,2.9957277863923437e-06,true,true,0,0.0,0.0,2.9957277863923437e-06,true,0,0,true,0,0,0,NA,0.124143,0,0,0,0,0,0,0,0,0,0,arm64,true,true,NA,4005,NA,NA,NA
E5,seed,native_scalar,QF,float,libstdc++,2,1.5,1,1000000,1000000,0,0,0,1000000,0,0,0,0,0,0,0,0.0,0.0,2.9957277863923437e-06,true,0.0,0.0,2.9957277863923437e-06,true,0.0,0.0,2.9957277863923437e-06,true,true,0,0.0,0.0,2.9957277863923437e-06,true,0,0,true,0,0,0,NA,0.070399,0,0,0,0,0,0,0,0,0,0,arm64,true,true,NA,4005,NA,NA,NA
E5,seed,native_scalar,SPLIT,float,libc++,2,1.5,1,1000000,1000000,0,0,0,1000000,0,0,0,0,0,0,0,0.0,0.0,2.9957277863923437e-06,true,0.0,0.0,2.9957277863923437e-06,true,0.0,0.0,2.9957277863923437e-06,true,true,0,0.0,0.0,2.9957277863923437e-06,true,0,0,true,0,0,0,NA,0.12353,0,0,0,0,0,0,0,0,0,0,arm64,true,true,NA,4001,NA,NA,NA
E5,seed,native_scalar,SPLIT,float,libstdc++,2,1.5,1,1000000,1000000,0,0,0,1000000,0,0,0,0,0,0,0,0.0,0.0,2.9957277863923437e-06,true,0.0,0.0,2.9957277863923437e-06,true,0.0,0.0,2.9957277863923437e-06,true,true,0,0.0,0.0,2.9957277863923437e-06,true,0,0,true,0,0,0,NA,0.071193,0,0,0,0,0,0,0,0,0,0,arm64,true,true,NA,4001,NA,NA,NA
E5,seed,native_scalar,SPLIT,float,libc++,2,1.5,1,1000000,1000000,0,0,0,1000000,0,0,0,0,0,0,0,0.0,0.0,2.9957277863923437e-06,true,0.0,0.0,2.9957277863923437e-06,true,0.0,0.0,2.9957277863923437e-06,true,true,0,0.0,0.0,2.9957277863923437e-06,true,0,0,true,0,0,0,NA,0.125211,0,0,0,0,0,0,0,0,0,0,arm64,true,true,NA,4002,NA,NA,NA
E5,seed,native_scalar,SPLIT,float,libstdc++,2,1.5,1,1000000,1000000,0,0,0,1000000,0,0,0,0,0,0,0,0.0,0.0,2.9957277863923437e-06,true,0.0,0.0,2.9957277863923437e-06,true,0.0,0.0,2.9957277863923437e-06,true,true,0,0.0,0.0,2.9957277863923437e-06,true,0,0,true,0,0,0,NA,0.070484,0,0,0,0,0,0,0,0,0,0,arm64,true,true,NA,4002,NA,NA,NA
E5,seed,native_scalar,SPLIT,float,libc++,2,1.5,1,1000000,1000000,0,0,0,1000000,0,0,0,0,0,0,0,0.0,0.0,2.9957277863923437e-06,true,0.0,0.0,2.9957277863923437e-06,true,0.0,0.0,2.9957277863923437e-06,true,true,0,0.0,0.0,2.9957277863923437e-06,true,0,0,true,0,0,0,NA,0.125104,0,0,0,0,0,0,0,0,0,0,arm64,true,true,NA,4003,NA,NA,NA
E5,seed,native_scalar,SPLIT,float,libstdc++,2,1.5,1,1000000,1000000,0,0,0,1000000,0,0,0,0,0,0,0,0.0,0.0,2.9957277863923437e-06,true,0.0,0.0,2.9957277863923437e-06,true,0.0,0.0,2.9957277863923437e-06,true,true,0,0.0,0.0,2.9957277863923437e-06,true,0,0,true,0,0,0,NA,0.070756,0,0,0,0,0,0,0,0,0,0,arm64,true,true,NA,4003,NA,NA,NA
E5,seed,native_scalar,SPLIT,float,libc++,2,1.5,1,1000000,1000000,0,0,0,1000000,0,0,0,0,0,0,0,0.0,0.0,2.9957277863923437e-06,true,0.0,0.0,2.9957277863923437e-06,true,0.0,0.0,2.9957277863923437e-06,true,true,0,0.0,0.0,2.9957277863923437e-06,true,0,0,true,0,0,0,NA,0.123605,0,0,0,0,0,0,0,0,0,0,arm64,true,true,NA,4004,NA,NA,NA
E5,seed,native_scalar,SPLIT,float,libstdc++,2,1.5,1,1000000,1000000,0,0,0,1000000,0,0,0,0,0,0,0,0.0,0.0,2.9957277863923437e-06,true,0.0,0.0,2.9957277863923437e-06,true,0.0,0.0,2.9957277863923437e-06,true,true,0,0.0,0.0,2.9957277863923437e-06,true,0,0,true,0,0,0,NA,0.070346,0,0,0,0,0,0,0,0,0,0,arm64,true,true,NA,4004,NA,NA,NA
E5,seed,native_scalar,SPLIT,float,libc++,2,1.5,1,1000000,1000000,0,0,0,1000000,0,0,0,0,0,0,0,0.0,0.0,2.9957277863923437e-06,true,0.0,0.0,2.9957277863923437e-06,true,0.0,0.0,2.9957277863923437e-06,true,true,0,0.0,0.0,2.9957277863923437e-06,true,0,0,true,0,0,0,NA,0.122955,0,0,0,0,0,0,0,0,0,0,arm64,true,true,NA,4005,NA,NA,NA
E5,seed,native_scalar,SPLIT,float,libstdc++,2,1.5,1,1000000,1000000,0,0,0,1000000,0,0,0,0,0,0,0,0.0,0.0,2.9957277863923437e-06,true,0.0,0.0,2.9957277863923437e-06,true,0.0,0.0,2.9957277863923437e-06,true,true,0,0.0,0.0,2.9957277863923437e-06,true,0,0,true,0,0,0,NA,0.070488,0,0,0,0,0,0,0,0,0,0,arm64,true,true,NA,4005,NA,NA,NA
E5,seed,native_scalar,LOG,float,libc++,5,4.5,1,1000000,1000000,0,0,0,1000000,0,0,0,0,0,0,0,0.0,0.0,2.9957277863923437e-06,true,0.0,0.0,2.9957277863923437e-06,true,0.0,0.0,2.9957277863923437e-06,true,true,0,0.0,0.0,2.9957277863923437e-06,true,0,0,true,0,0,0,NA,0.129123,0,0,0,0,0,0,0,0,0,0,arm64,true,true,NA,4001,NA,NA,NA
E5,seed,native_scalar,LOG,float,libstdc++,5,4.5,1,1000000,1000000,0,0,0,1000000,0,0,0,0,0,0,0,0.0,0.0,2.9957277863923437e-06,true,0.0,0.0,2.9957277863923437e-06,true,0.0,0.0,2.9957277863923437e-06,true,true,0,0.0,0.0,2.9957277863923437e-06,true,0,0,true,0,0,0,NA,0.081385,0,0,0,0,0,0,0,0,0,0,arm64,true,true,NA,4001,NA,NA,NA
E5,seed,native_scalar,LOG,float,libc++,5,4.5,1,1000000,1000000,0,0,0,1000000,0,0,0,0,0,0,0,0.0,0.0,2.9957277863923437e-06,true,0.0,0.0,2.9957277863923437e-06,true,0.0,0.0,2.9957277863923437e-06,true,true,0,0.0,0.0,2.9957277863923437e-06,true,0,0,true,0,0,0,NA,0.12981,0,0,0,0,0,0,0,0,0,0,arm64,true,true,NA,4002,NA,NA,NA
E5,seed,native_scalar,LOG,float,libstdc++,5,4.5,1,1000000,1000000,0,0,0,1000000,0,0,0,0,0,0,0,0.0,0.0,2.9957277863923437e-06,true,0.0,0.0,2.9957277863923437e-06,true,0.0,0.0,2.9957277863923437e-06,true,true,0,0.0,0.0,2.9957277863923437e-06,true,0,0,true,0,0,0,NA,0.082644,0,0,0,0,0,0,0,0,0,0,arm64,true,true,NA,4002,NA,NA,NA
E5,seed,native_scalar,LOG,float,libc++,5,4.5,1,1000000,1000000,0,0,0,1000000,0,0,0,0,0,0,0,0.0,0.0,2.9957277863923437e-06,true,0.0,0.0,2.9957277863923437e-06,true,0.0,0.0,2.9957277863923437e-06,true,true,0,0.0,0.0,2.9957277863923437e-06,true,0,0,true,0,0,0,NA,0.129502,0,0,0,0,0,0,0,0,0,0,arm64,true,true,NA,4003,NA,NA,NA
E5,seed,native_scalar,LOG,float,libstdc++,5,4.5,1,1000000,1000000,0,0,0,1000000,0,0,0,0,0,0,0,0.0,0.0,2.9957277863923437e-06,true,0.0,0.0,2.9957277863923437e-06,true,0.0,0.0,2.9957277863923437e-06,true,true,0,0.0,0.0,2.9957277863923437e-06,true,0,0,true,0,0,0,NA,0.08168,0,0,0,0,0,0,0,0,0,0,arm64,true,true,NA,4003,NA,NA,NA
E5,seed,native_scalar,LOG,float,libc++,5,4.5,1,1000000,1000000,0,0,0,1000000,0,0,0,0,0,0,0,0.0,0.0,2.9957277863923437e-06,true,0.0,0.0,2.9957277863923437e-06,true,0.0,0.0,2.9957277863923437e-06,true,true,0,0.0,0.0,2.9957277863923437e-06,true,0,0,true,0,0,0,NA,0.128458,0,0,0,0,0,0,0,0,0,0,arm64,true,true,NA,4004,NA,NA,NA
E5,seed,native_scalar,LOG,float,libstdc++,5,4.5,1,1000000,1000000,0,0,0,1000000,0,0,0,0,0,0,0,0.0,0.0,2.9957277863923437e-06,true,0.0,0.0,2.9957277863923437e-06,true,0.0,0.0,2.9957277863923437e-06,true,true,0,0.0,0.0,2.9957277863923437e-06,true,0,0,true,0,0,0,NA,0.081475,0,0,0,0,0,0,0,0,0,0,arm64,true,true,NA,4004,NA,NA,NA
E5,seed,native_scalar,LOG,float,libc++,5,4.5,1,1000000,1000000,0,0,0,1000000,0,0,0,0,0,0,0,0.0,0.0,2.9957277863923437e-06,true,0.0,0.0,2.9957277863923437e-06,true,0.0,0.0,2.9957277863923437e-06,true,true,0,0.0,0.0,2.9957277863923437e-06,true,0,0,true,0,0,0,NA,0.127667,0,0,0,0,0,0,0,0,0,0,arm64,true,true,NA,4005,NA,NA,NA
E5,seed,native_scalar,LOG,float,libstdc++,5,4.5,1,1000000,1000000,0,0,0,1000000,0,0,0,0,0,0,0,0.0,0.0,2.9957277863923437e-06,true,0.0,0.0,2.9957277863923437e-06,true,0.0,0.0,2.9957277863923437e-06,true,true,0,0.0,0.0,2.9957277863923437e-06,true,0,0,true,0,0,0,NA,0.082004,0,0,0,0,0,0,0,0,0,0,arm64,true,true,NA,4005,NA,NA,NA
E5,seed,native_scalar,QF,float,libc++,5,4.5,1,1000000,1000000,0,0,0,1000000,0,0,0,0,0,0,0,0.0,0.0,2.9957277863923437e-06,true,0.0,0.0,2.9957277863923437e-06,true,0.0,0.0,2.9957277863923437e-06,true,true,0,0.0,0.0,2.9957277863923437e-06,true,0,0,true,0,0,0,NA,0.117483,0,0,0,0,0,0,0,0,0,0,arm64,true,true,NA,4001,NA,NA,NA
E5,seed,native_scalar,QF,float,libstdc++,5,4.5,1,1000000,1000000,0,0,0,1000000,0,0,0,0,0,0,0,0.0,0.0,2.9957277863923437e-06,true,0.0,0.0,2.9957277863923437e-06,true,0.0,0.0,2.9957277863923437e-06,true,true,0,0.0,0.0,2.9957277863923437e-06,true,0,0,true,0,0,0,NA,0.070167,0,0,0,0,0,0,0,0,0,0,arm64,true,true,NA,4001,NA,NA,NA
E5,seed,native_scalar,QF,float,libc++,5,4.5,1,1000000,1000000,0,0,0,1000000,0,0,0,0,0,0,0,0.0,0.0,2.9957277863923437e-06,true,0.0,0.0,2.9957277863923437e-06,true,0.0,0.0,2.9957277863923437e-06,true,true,0,0.0,0.0,2.9957277863923437e-06,true,0,0,true,0,0,0,NA,0.115669,0,0,0,0,0,0,0,0,0,0,arm64,true,true,NA,4002,NA,NA,NA
E5,seed,native_scalar,QF,float,libstdc++,5,4.5,1,1000000,1000000,0,0,0,1000000,0,0,0,0,0,0,0,0.0,0.0,2.9957277863923437e-06,true,0.0,0.0,2.9957277863923437e-06,true,0.0,0.0,2.9957277863923437e-06,true,true,0,0.0,0.0,2.9957277863923437e-06,true,0,0,true,0,0,0,NA,0.070596,0,0,0,0,0,0,0,0,0,0,arm64,true,true,NA,4002,NA,NA,NA
E5,seed,native_scalar,QF,float,libc++,5,4.5,1,1000000,1000000,0,0,0,1000000,0,0,0,0,0,0,0,0.0,0.0,2.9957277863923437e-06,true,0.0,0.0,2.9957277863923437e-06,true,0.0,0.0,2.9957277863923437e-06,true,true,0,0.0,0.0,2.9957277863923437e-06,true,0,0,true,0,0,0,NA,0.115629,0,0,0,0,0,0,0,0,0,0,arm64,true,true,NA,4003,NA,NA,NA
E5,seed,native_scalar,QF,float,libstdc++,5,4.5,1,1000000,1000000,0,0,0,1000000,0,0,0,0,0,0,0,0.0,0.0,2.9957277863923437e-06,true,0.0,0.0,2.9957277863923437e-06,true,0.0,0.0,2.9957277863923437e-06,true,true,0,0.0,0.0,2.9957277863923437e-06,true,0,0,true,0,0,0,NA,0.070319,0,0,0,0,0,0,0,0,0,0,arm64,true,true,NA,4003,NA,NA,NA
E5,seed,native_scalar,QF,float,libc++,5,4.5,1,1000000,1000000,0,0,0,1000000,0,0,0,0,0,0,0,0.0,0.0,2.9957277863923437e-06,true,0.0,0.0,2.9957277863923437e-06,true,0.0,0.0,2.9957277863923437e-06,true,true,0,0.0,0.0,2.9957277863923437e-06,true,0,0,true,0,0,0,NA,0.116546,0,0,0,0,0,0,0,0,0,0,arm64,true,true,NA,4004,NA,NA,NA
E5,seed,native_scalar,QF,float,libstdc++,5,4.5,1,1000000,1000000,0,0,0,1000000,0,0,0,0,0,0,0,0.0,0.0,2.9957277863923437e-06,true,0.0,0.0,2.9957277863923437e-06,true,0.0,0.0,2.9957277863923437e-06,true,true,0,0.0,0.0,2.9957277863923437e-06,true,0,0,true,0,0,0,NA,0.072146,0,0,0,0,0,0,0,0,0,0,arm64,true,true,NA,4004,NA,NA,NA
E5,seed,native_scalar,QF,float,libc++,5,4.5,1,1000000,1000000,0,0,0,1000000,0,0,0,0,0,0,0,0.0,0.0,2.9957277863923437e-06,true,0.0,0.0,2.9957277863923437e-06,true,0.0,0.0,2.9957277863923437e-06,true,true,0,0.0,0.0,2.9957277863923437e-06,true,0,0,true,0,0,0,NA,0.115855,0,0,0,0,0,0,0,0,0,0,arm64,true,true,NA,4005,NA,NA,NA
E5,seed,native_scalar,QF,float,libstdc++,5,4.5,1,1000000,1000000,0,0,0,1000000,0,0,0,0,0,0,0,0.0,0.0,2.9957277863923437e-06,true,0.0,0.0,2.9957277863923437e-06,true,0.0,0.0,2.9957277863923437e-06,true,true,0,0.0,0.0,2.9957277863923437e-06,true,0,0,true,0,0,0,NA,0.070245,0,0,0,0,0,0,0,0,0,0,arm64,true,true,NA,4005,NA,NA,NA
E5,seed,native_scalar,SPLIT,float,libc++,5,4.5,1,1000000,1000000,0,0,0,1000000,0,0,0,0,0,0,0,0.0,0.0,2.9957277863923437e-06,true,0.0,0.0,2.9957277863923437e-06,true,0.0,0.0,2.9957277863923437e-06,true,true,0,0.0,0.0,2.9957277863923437e-06,true,0,0,true,0,0,0,NA,0.117251,0,0,0,0,0,0,0,0,0,0,arm64,true,true,NA,4001,NA,NA,NA
E5,seed,native_scalar,SPLIT,float,libstdc++,5,4.5,1,1000000,1000000,0,0,0,1000000,0,0,0,0,0,0,0,0.0,0.0,2.9957277863923437e-06,true,0.0,0.0,2.9957277863923437e-06,true,0.0,0.0,2.9957277863923437e-06,true,true,0,0.0,0.0,2.9957277863923437e-06,true,0,0,true,0,0,0,NA,0.070312,0,0,0,0,0,0,0,0,0,0,arm64,true,true,NA,4001,NA,NA,NA
E5,seed,native_scalar,SPLIT,float,libc++,5,4.5,1,1000000,1000000,0,0,0,1000000,0,0,0,0,0,0,0,0.0,0.0,2.9957277863923437e-06,true,0.0,0.0,2.9957277863923437e-06,true,0.0,0.0,2.9957277863923437e-06,true,true,0,0.0,0.0,2.9957277863923437e-06,true,0,0,true,0,0,0,NA,0.114537,0,0,0,0,0,0,0,0,0,0,arm64,true,true,NA,4002,NA,NA,NA
E5,seed,native_scalar,SPLIT,float,libstdc++,5,4.5,1,1000000,1000000,0,0,0,1000000,0,0,0,0,0,0,0,0.0,0.0,2.9957277863923437e-06,true,0.0,0.0,2.9957277863923437e-06,true,0.0,0.0,2.9957277863923437e-06,true,true,0,0.0,0.0,2.9957277863923437e-06,true,0,0,true,0,0,0,NA,0.070066,0,0,0,0,0,0,0,0,0,0,arm64,true,true,NA,4002,NA,NA,NA
E5,seed,native_scalar,SPLIT,float,libc++,5,4.5,1,1000000,1000000,0,0,0,1000000,0,0,0,0,0,0,0,0.0,0.0,2.9957277863923437e-06,true,0.0,0.0,2.9957277863923437e-06,true,0.0,0.0,2.9957277863923437e-06,true,true,0,0.0,0.0,2.9957277863923437e-06,true,0,0,true,0,0,0,NA,0.116826,0,0,0,0,0,0,0,0,0,0,arm64,true,true,NA,4003,NA,NA,NA
E5,seed,native_scalar,SPLIT,float,libstdc++,5,4.5,1,1000000,1000000,0,0,0,1000000,0,0,0,0,0,0,0,0.0,0.0,2.9957277863923437e-06,true,0.0,0.0,2.9957277863923437e-06,true,0.0,0.0,2.9957277863923437e-06,true,true,0,0.0,0.0,2.9957277863923437e-06,true,0,0,true,0,0,0,NA,0.070539,0,0,0,0,0,0,0,0,0,0,arm64,true,true,NA,4003,NA,NA,NA
E5,seed,native_scalar,SPLIT,float,libc++,5,4.5,1,1000000,1000000,0,0,0,1000000,0,0,0,0,0,0,0,0.0,0.0,2.9957277863923437e-06,true,0.0,0.0,2.9957277863923437e-06,true,0.0,0.0,2.9957277863923437e-06,true,true,0,0.0,0.0,2.9957277863923437e-06,true,0,0,true,0,0,0,NA,0.116314,0,0,0,0,0,0,0,0,0,0,arm64,true,true,NA,4004,NA,NA,NA
E5,seed,native_scalar,SPLIT,float,libstdc++,5,4.5,1,1000000,1000000,0,0,0,1000000,0,0,0,0,0,0,0,0.0,0.0,2.9957277863923437e-06,true,0.0,0.0,2.9957277863923437e-06,true,0.0,0.0,2.9957277863923437e-06,true,true,0,0.0,0.0,2.9957277863923437e-06,true,0,0,true,0,0,0,NA,0.070534,0,0,0,0,0,0,0,0,0,0,arm64,true,true,NA,4004,NA,NA,NA
E5,seed,native_scalar,SPLIT,float,libc++,5,4.5,1,1000000,1000000,0,0,0,1000000,0,0,0,0,0,0,0,0.0,0.0,2.9957277863923437e-06,true,0.0,0.0,2.9957277863923437e-06,true,0.0,0.0,2.9957277863923437e-06,true,true,0,0.0,0.0,2.9957277863923437e-06,true,0,0,true,0,0,0,NA,0.114635,0,0,0,0,0,0,0,0,0,0,arm64,true,true,NA,4005,NA,NA,NA
E5,seed,native_scalar,SPLIT,float,libstdc++,5,4.5,1,1000000,1000000,0,0,0,1000000,0,0,0,0,0,0,0,0.0,0.0,2.9957277863923437e-06,true,0.0,0.0,2.9957277863923437e-06,true,0.0,0.0,2.9957277863923437e-06,true,true,0,0.0,0.0,2.9957277863923437e-06,true,0,0,true,0,0,0,NA,0.070553,0,0,0,0,0,0,0,0,0,0,arm64,true,true,NA,4005,NA,NA,NA
E5,pooled,end_to_end,SPLIT,double,libc++,2,1.5,5,500000,NA,0,NA,NA,NA,NA,NA,NA,NA,NA,NA,NA,0.0,0.0,5.991446598296868e-06,true,NA,NA,NA,NA,NA,NA,NA,NA,NA,NA,NA,NA,NA,NA,NA,NA,NA,NA,NA,NA,NA,NA,NA,NA,NA,NA,NA,NA,NA,NA,NA,NA,arm64,true,true,NA,NA,libcxx,C0,0
E5,pooled,end_to_end,LOG,double,libc++,2,1.5,5,500000,NA,0,NA,NA,NA,NA,NA,NA,NA,NA,NA,NA,0.0,0.0,5.991446598296868e-06,true,NA,NA,NA,NA,NA,NA,NA,NA,NA,NA,NA,NA,NA,NA,NA,NA,NA,NA,NA,NA,NA,NA,NA,NA,NA,NA,NA,NA,NA,NA,NA,NA,arm64,true,true,NA,NA,libcxx,C0,500000
E5,pooled,end_to_end,SPLIT,double,libc++,0.51,0.010000000000000009,5,500000,NA,278,NA,NA,NA,NA,NA,NA,NA,NA,NA,NA,0.000556,0.0004925713018884403,0.0006253272613664885,false,NA,NA,NA,NA,NA,NA,NA,NA,NA,NA,NA,NA,NA,NA,NA,NA,NA,NA,NA,NA,NA,NA,NA,NA,NA,NA,NA,NA,NA,NA,NA,NA,arm64,true,true,NA,NA,libcxx,C1,0
E5,pooled,end_to_end,LOG,double,libc++,0.51,0.010000000000000009,5,500000,NA,2,NA,NA,NA,NA,NA,NA,NA,NA,NA,NA,4e-06,4.84418924176348e-07,1.4449299842163099e-05,false,NA,NA,NA,NA,NA,NA,NA,NA,NA,NA,NA,NA,NA,NA,NA,NA,NA,NA,NA,NA,NA,NA,NA,NA,NA,NA,NA,NA,NA,NA,NA,NA,arm64,true,true,NA,NA,libcxx,C1,0
E5,pooled,end_to_end,SPLIT,float,libc++,0.55,0.050000011920928955,5,500000,NA,2863,NA,NA,NA,NA,NA,NA,NA,NA,NA,NA,0.005726,0.005518725861053089,0.005939032661061321,false,NA,NA,NA,NA,NA,NA,NA,NA,NA,NA,NA,NA,NA,NA,NA,NA,NA,NA,NA,NA,NA,NA,NA,NA,NA,NA,NA,NA,NA,NA,NA,NA,arm64,true,true,NA,NA,libcxx,C3,0
E5,pooled,end_to_end,LOG,float,libc++,0.55,0.050000011920928955,5,500000,NA,78,NA,NA,NA,NA,NA,NA,NA,NA,NA,NA,0.000156,0.00012331341862667613,0.00019469129313994614,false,NA,NA,NA,NA,NA,NA,NA,NA,NA,NA,NA,NA,NA,NA,NA,NA,NA,NA,NA,NA,NA,NA,NA,NA,NA,NA,NA,NA,NA,NA,NA,NA,arm64,true,true,NA,NA,libcxx,C3,0
E5,pooled,end_to_end,SPLIT,double,libstdc++,2,1.5,5,500000,NA,0,NA,NA,NA,NA,NA,NA,NA,NA,NA,NA,0.0,0.0,5.991446598296868e-06,true,NA,NA,NA,NA,NA,NA,NA,NA,NA,NA,NA,NA,NA,NA,NA,NA,NA,NA,NA,NA,NA,NA,NA,NA,NA,NA,NA,NA,NA,NA,NA,NA,arm64,true,true,NA,NA,libstdcxx,C0,0
E5,pooled,end_to_end,LOG,double,libstdc++,2,1.5,5,500000,NA,0,NA,NA,NA,NA,NA,NA,NA,NA,NA,NA,0.0,0.0,5.991446598296868e-06,true,NA,NA,NA,NA,NA,NA,NA,NA,NA,NA,NA,NA,NA,NA,NA,NA,NA,NA,NA,NA,NA,NA,NA,NA,NA,NA,NA,NA,NA,NA,NA,NA,arm64,true,true,NA,NA,libstdcxx,C0,500000
E5,pooled,end_to_end,SPLIT,double,libstdc++,0.51,0.010000000000000009,5,500000,NA,298,NA,NA,NA,NA,NA,NA,NA,NA,NA,NA,0.000596,0.0005302622151387156,0.0006676319408978598,false,NA,NA,NA,NA,NA,NA,NA,NA,NA,NA,NA,NA,NA,NA,NA,NA,NA,NA,NA,NA,NA,NA,NA,NA,NA,NA,NA,NA,NA,NA,NA,NA,arm64,true,true,NA,NA,libstdcxx,C1,0
E5,pooled,end_to_end,LOG,double,libstdc++,0.51,0.010000000000000009,5,500000,NA,0,NA,NA,NA,NA,NA,NA,NA,NA,NA,NA,0.0,0.0,5.991446598296868e-06,true,NA,NA,NA,NA,NA,NA,NA,NA,NA,NA,NA,NA,NA,NA,NA,NA,NA,NA,NA,NA,NA,NA,NA,NA,NA,NA,NA,NA,NA,NA,NA,NA,arm64,true,true,NA,NA,libstdcxx,C1,0
E5,pooled,end_to_end,SPLIT,float,libstdc++,0.55,0.050000011920928955,5,500000,NA,2895,NA,NA,NA,NA,NA,NA,NA,NA,NA,NA,0.00579,0.005581566674635843,0.006004190902850592,false,NA,NA,NA,NA,NA,NA,NA,NA,NA,NA,NA,NA,NA,NA,NA,NA,NA,NA,NA,NA,NA,NA,NA,NA,NA,NA,NA,NA,NA,NA,NA,NA,arm64,true,true,NA,NA,libstdcxx,C3,0
E5,pooled,end_to_end,LOG,float,libstdc++,0.55,0.050000011920928955,5,500000,NA,74,NA,NA,NA,NA,NA,NA,NA,NA,NA,NA,0.000148,0.00011621356343864578,0.00018579693525271044,false,NA,NA,NA,NA,NA,NA,NA,NA,NA,NA,NA,NA,NA,NA,NA,NA,NA,NA,NA,NA,NA,NA,NA,NA,NA,NA,NA,NA,NA,NA,NA,NA,arm64,true,true,NA,NA,libstdcxx,C3,0
E5,pooled,native_scalar,SPLIT,NA,libc++,NA,NA,NA,0,NA,0,NA,NA,NA,NA,NA,NA,NA,NA,NA,NA,NA,NA,NA,NA,NA,NA,NA,NA,NA,NA,NA,NA,NA,NA,NA,NA,NA,NA,NA,NA,NA,NA,NA,NA,NA,NA,NA,NA,NA,NA,NA,NA,NA,NA,NA,NA,x86_64,false,false,"no x86_64 host available on the machine this experiment ran on. Rosetta or any other emulation is not accepted as a substitute, so this cell is left open rather than filled. To close it, on an x86_64 host at the archived commit: `cd experiments/exp6_low_kappa_stabilization && make selftest && make preflight && make portability && make loader`, then copy back raw/portability/ and raw/loader/ and rerun `make analyze`. The clang/libc++ toolchain must be present; the build flags are recorded in raw/environment.json.",NA,NA,NA,NA
E5,pooled,native_scalar,SPLIT,NA,libstdc++,NA,NA,NA,0,NA,0,NA,NA,NA,NA,NA,NA,NA,NA,NA,NA,NA,NA,NA,NA,NA,NA,NA,NA,NA,NA,NA,NA,NA,NA,NA,NA,NA,NA,NA,NA,NA,NA,NA,NA,NA,NA,NA,NA,NA,NA,NA,NA,NA,NA,NA,NA,x86_64,false,false,"no x86_64 host available on the machine this experiment ran on. Rosetta or any other emulation is not accepted as a substitute, so this cell is left open rather than filled. To close it, on an x86_64 host at the archived commit: `cd experiments/exp6_low_kappa_stabilization && make selftest && make preflight && make portability && make loader`, then copy back raw/portability/ and raw/loader/ and rerun `make analyze`. The GCC/libstdc++ toolchain must be present; the build flags are recorded in raw/environment.json.",NA,NA,NA,NA
