phase,scope,layer,method,precision,stdlib,kappa,shape_a,n_seeds,n_attempted,n_finite,n_failed,n_avoidable,n_honest_overflow,cat_finite,cat_denominator_zero,cat_quotient_first_loss,cat_split_form_loss,cat_log_primitive_failure,cat_honest_overflow,cat_cap_reject,cat_cap_exhausted,failure_rate,failure_ci_lo,failure_ci_hi,failure_is_upper_bound,avoidable_rate,avoidable_ci_lo,avoidable_ci_hi,avoidable_is_upper_bound,honest_rate,honest_ci_lo,honest_ci_hi,honest_is_upper_bound,accounting_ok,honest_floor_count,honest_floor_rate,honest_floor_ci_lo,honest_floor_ci_hi,honest_floor_is_upper_bound,near_limit_band_count,honest_minus_floor,within_boundary_band,x2_zero,x2_subnormal,rotation_recoverable,mean_abs_rel_err_log_vs_split,seconds,audit_near_limit_total,audit_near_limit_audited,audit_method_disagreement_total,audit_method_disagreement_audited,audit_subnormal_denominator_total,audit_subnormal_denominator_audited,audit_bulk_failure_total,audit_bulk_failure_audited,audit_uniform_sample_total,audit_uniform_sample_audited,arch,available,completed,reason_not_run,tag,case,out_of_domain
E2,pooled,native,LOG,double,libc++,0.5001,9.999999999998899e-05,5,5000000,661661,4338339,0,4338339,661661,0,0,0,0,4338339,0,0,0.8676678,0.8673704760608677,0.8679646980917886,false,0.0,0.0,5.991462752596988e-07,true,0.8676678,0.8673704760608677,0.8679646980917886,false,true,0,0.0,0.0,5.991462752596988e-07,true,0,4338339,false,4641525,0,0,NA,0.569443,0,0,0,0,0,0,0,0,0,0,NA,NA,NA,NA,NA,NA,NA
E2,pooled,native,LOG,double,libstdc++,0.5001,9.999999999998899e-05,5,5000000,662762,4337238,0,4337238,662762,0,0,0,0,4337238,0,0,0.8674476,0.867150066901021,0.8677447075068134,false,0.0,0.0,5.991462752596988e-07,true,0.8674476,0.867150066901021,0.8677447075068134,false,true,0,0.0,0.0,5.991462752596988e-07,true,0,4337238,false,4640986,0,0,NA,0.403122,0,0,0,0,0,0,0,0,0,0,NA,NA,NA,NA,NA,NA,NA
E2,pooled,native,QF,double,libc++,0.5001,9.999999999998899e-05,5,5000000,341952,4658048,4658048,0,341952,4641522,16526,0,0,0,0,0,0.9316096,0.9313880028516104,0.9318306971647269,false,0.9316096,0.9313880028516104,0.9318306971647269,false,0.0,0.0,5.991462752596988e-07,true,true,0,0.0,0.0,5.991462752596988e-07,true,0,0,true,4641522,17179,0,NA,0.4664487,0,0,0,0,0,0,0,0,0,0,NA,NA,NA,NA,NA,NA,NA
E2,pooled,native,QF,double,libstdc++,0.5001,9.999999999998899e-05,5,5000000,342431,4657569,4657569,0,342431,4640915,16654,0,0,0,0,0,0.9315138,0.931292059386106,0.9317350407413998,false,0.9315138,0.931292059386106,0.9317350407413998,false,0.0,0.0,5.991462752596988e-07,true,true,0,0.0,0.0,5.991462752596988e-07,true,0,0,true,4640915,17324,0,NA,0.365032,0,0,0,0,0,0,0,0,0,0,NA,NA,NA,NA,NA,NA,NA
E2,pooled,native,SPLIT,double,libc++,0.5001,9.999999999998899e-05,5,5000000,358478,4641522,4641522,0,358478,4641522,0,0,0,0,0,0,0.9283044,0.9280779237937282,0.9285303800578198,false,0.9283044,0.9280779237937282,0.9285303800578198,false,0.0,0.0,5.991462752596988e-07,true,true,0,0.0,0.0,5.991462752596988e-07,true,0,0,true,4641522,17179,0,NA,0.46508550000000004,0,0,0,0,0,0,0,0,0,0,NA,NA,NA,NA,NA,NA,NA
E2,pooled,native,SPLIT,double,libstdc++,0.5001,9.999999999998899e-05,5,5000000,359085,4640915,4640915,0,359085,4640915,0,0,0,0,0,0,0.928183,0.9279563472963979,0.9284091566960098,false,0.928183,0.9279563472963979,0.9284091566960098,false,0.0,0.0,5.991462752596988e-07,true,true,0,0.0,0.0,5.991462752596988e-07,true,0,0,true,4640915,17324,0,NA,0.36448400000000003,0,0,0,0,0,0,0,0,0,0,NA,NA,NA,NA,NA,NA,NA
E2,pooled,native,LOG,double,libc++,0.501,0.0010000000000000009,5,5000000,3791251,1208749,0,1208749,3791251,0,0,0,0,1208749,0,0,0.2417498,0.2413745722115809,0.24212532687609153,false,0.0,0.0,5.991462752596988e-07,true,0.2417498,0.2413745722115809,0.24212532687609153,false,true,0,0.0,0.0,5.991462752596988e-07,true,0,1208749,false,2375540,0,0,NA,0.650908,0,0,0,0,0,0,0,0,0,0,NA,NA,NA,NA,NA,NA,NA
E2,pooled,native,LOG,double,libstdc++,0.501,0.0010000000000000009,5,5000000,3793553,1206447,0,1206447,3793553,0,0,0,0,1206447,0,0,0.2412894,0.24091441619054887,0.24166468343039,false,0.0,0.0,5.991462752596988e-07,true,0.2412894,0.24091441619054887,0.24166468343039,false,true,0,0.0,0.0,5.991462752596988e-07,true,0,1206447,false,2371610,0,0,NA,0.48226199999999997,0,0,0,0,0,0,0,0,0,0,NA,NA,NA,NA,NA,NA,NA
E2,pooled,native,QF,double,libc++,0.501,0.0010000000000000009,5,5000000,2538674,2461326,2461326,0,2538674,2375531,85795,0,0,0,0,0,0.4922652,0.4918268957575251,0.4927035131999306,false,0.4922652,0.4918268957575251,0.4927035131999306,false,0.0,0.0,5.991462752596988e-07,true,true,0,0.0,0.0,5.991462752596988e-07,true,0,0,true,2375531,89107,0,NA,0.538903,0,0,0,0,0,0,0,0,0,0,NA,NA,NA,NA,NA,NA,NA
E2,pooled,native,QF,double,libstdc++,0.501,0.0010000000000000009,5,5000000,2540387,2459613,2459613,0,2540387,2374666,84947,0,0,0,0,0,0.4919226,0.49148430070486415,0.492360908649381,false,0.4919226,0.49148430070486415,0.492360908649381,false,0.0,0.0,5.991462752596988e-07,true,true,0,0.0,0.0,5.991462752596988e-07,true,0,0,true,2374666,88311,0,NA,0.44155,0,0,0,0,0,0,0,0,0,0,NA,NA,NA,NA,NA,NA,NA
E2,pooled,native,SPLIT,double,libc++,0.501,0.0010000000000000009,5,5000000,2624469,2375531,2375531,0,2624469,2375531,0,0,0,0,0,0,0.4751062,0.4746683967691715,0.4755440320596814,false,0.4751062,0.4746683967691715,0.4755440320596814,false,0.0,0.0,5.991462752596988e-07,true,true,0,0.0,0.0,5.991462752596988e-07,true,0,0,true,2375531,89107,0,NA,0.536184,0,0,0,0,0,0,0,0,0,0,NA,NA,NA,NA,NA,NA,NA
E2,pooled,native,SPLIT,double,libstdc++,0.501,0.0010000000000000009,5,5000000,2625334,2374666,2374666,0,2625334,2374666,0,0,0,0,0,0,0.4749332,0.4744954044547727,0.4753710245744077,false,0.4749332,0.4744954044547727,0.4753710245744077,false,0.0,0.0,5.991462752596988e-07,true,true,0,0.0,0.0,5.991462752596988e-07,true,0,0,true,2374666,88311,0,NA,0.440747,0,0,0,0,0,0,0,0,0,0,NA,NA,NA,NA,NA,NA,NA
E2,pooled,native,LOG,double,libc++,0.505,0.0050000000000000044,5,5000000,4995896,4104,0,4104,4995896,0,0,0,0,4104,0,0,0.0008208,0.000795887777481859,0.0008462931822062846,false,0.0,0.0,5.991462752596988e-07,true,0.0008208,0.000795887777481859,0.0008462931822062846,false,true,0,0.0,0.0,5.991462752596988e-07,true,0,4104,false,121058,0,0,NA,0.619128,0,0,0,0,0,0,0,0,0,0,NA,NA,NA,NA,NA,NA,NA
E2,pooled,native,LOG,double,libstdc++,0.505,0.0050000000000000044,5,5000000,4995998,4002,0,4002,4995998,0,0,0,0,4002,0,0,0.0008004,0.0007758014421027084,0.0008255795798195712,false,0.0,0.0,5.991462752596988e-07,true,0.0008004,0.0007758014421027084,0.0008255795798195712,false,true,0,0.0,0.0,5.991462752596988e-07,true,0,4002,false,120328,0,0,NA,0.455016,0,0,0,0,0,0,0,0,0,0,NA,NA,NA,NA,NA,NA,NA
E2,pooled,native,QF,double,libc++,0.505,0.0050000000000000044,5,5000000,4855626,144374,144374,0,4855626,121098,23276,0,0,0,0,0,0.0288748,0.028728195108378284,0.02902195081666804,false,0.0288748,0.028728195108378284,0.02902195081666804,false,0.0,0.0,5.991462752596988e-07,true,true,0,0.0,0.0,5.991462752596988e-07,true,0,0,true,121098,24288,0,NA,0.510883,0,0,0,0,0,0,0,0,0,0,NA,NA,NA,NA,NA,NA,NA
E2,pooled,native,QF,double,libstdc++,0.505,0.0050000000000000044,5,5000000,4855368,144632,144632,0,4855368,121373,23259,0,0,0,0,0,0.0289264,0.02877966789222652,0.029073677972600537,false,0.0289264,0.02877966789222652,0.029073677972600537,false,0.0,0.0,5.991462752596988e-07,true,true,0,0.0,0.0,5.991462752596988e-07,true,0,0,true,121373,24287,0,NA,0.404597,0,0,0,0,0,0,0,0,0,0,NA,NA,NA,NA,NA,NA,NA
E2,pooled,native,SPLIT,double,libc++,0.505,0.0050000000000000044,5,5000000,4878902,121098,121098,0,4878902,121098,0,0,0,0,0,0,0.0242196,0.02408502745726065,0.024354723906515992,false,0.0242196,0.02408502745726065,0.024354723906515992,false,0.0,0.0,5.991462752596988e-07,true,true,0,0.0,0.0,5.991462752596988e-07,true,0,0,true,121098,24288,0,NA,0.507903,0,0,0,0,0,0,0,0,0,0,NA,NA,NA,NA,NA,NA,NA
E2,pooled,native,SPLIT,double,libstdc++,0.505,0.0050000000000000044,5,5000000,4878627,121373,121373,0,4878627,121373,0,0,0,0,0,0,0.0242746,0.02413987831511247,0.02440987298432759,false,0.0242746,0.02413987831511247,0.02440987298432759,false,0.0,0.0,5.991462752596988e-07,true,true,0,0.0,0.0,5.991462752596988e-07,true,0,0,true,121373,24287,0,NA,0.40358700000000003,0,0,0,0,0,0,0,0,0,0,NA,NA,NA,NA,NA,NA,NA
E2,pooled,native,LOG,double,libc++,0.51,0.010000000000000009,5,5000000,4999994,6,0,6,4999994,0,0,0,0,6,0,0,1.2e-06,4.4037897392089116e-07,2.6118929606437516e-06,false,0.0,0.0,5.991462752596988e-07,true,1.2e-06,4.4037897392089116e-07,2.6118929606437516e-06,false,true,0,0.0,0.0,5.991462752596988e-07,true,0,6,false,2922,0,0,NA,0.618823,0,0,0,0,0,0,0,0,0,0,NA,NA,NA,NA,NA,NA,NA
E2,pooled,native,LOG,double,libstdc++,0.51,0.010000000000000009,5,5000000,5000000,0,0,0,5000000,0,0,0,0,0,0,0,0.0,0.0,5.991462752596988e-07,true,0.0,0.0,5.991462752596988e-07,true,0.0,0.0,5.991462752596988e-07,true,true,0,0.0,0.0,5.991462752596988e-07,true,0,0,true,2808,0,0,NA,0.45779600000000004,0,0,0,0,0,0,0,0,0,0,NA,NA,NA,NA,NA,NA,NA
E2,pooled,native,QF,double,libc++,0.51,0.010000000000000009,5,5000000,4995859,4141,4141,0,4995859,2932,1209,0,0,0,0,0,0.0008282,0.0008031749646620459,0.0008538059728040642,false,0.0008282,0.0008031749646620459,0.0008538059728040642,false,0.0,0.0,5.991462752596988e-07,true,true,0,0.0,0.0,5.991462752596988e-07,true,0,0,true,2932,1258,0,NA,0.509381,0,0,0,0,0,0,0,0,0,0,NA,NA,NA,NA,NA,NA,NA
E2,pooled,native,QF,double,libstdc++,0.51,0.010000000000000009,5,5000000,4995967,4033,4033,0,4995967,2811,1222,0,0,0,0,0,0.0008066,0.0007819056930998896,0.0008318753097536218,false,0.0008066,0.0007819056930998896,0.0008318753097536218,false,0.0,0.0,5.991462752596988e-07,true,true,0,0.0,0.0,5.991462752596988e-07,true,0,0,true,2811,1278,0,NA,0.40490000000000004,0,0,0,0,0,0,0,0,0,0,NA,NA,NA,NA,NA,NA,NA
E2,pooled,native,SPLIT,double,libc++,0.51,0.010000000000000009,5,5000000,4997068,2932,2932,0,4997068,2932,0,0,0,0,0,0,0.0005864,0.0005653703472055741,0.0006080114418922518,false,0.0005864,0.0005653703472055741,0.0006080114418922518,false,0.0,0.0,5.991462752596988e-07,true,true,0,0.0,0.0,5.991462752596988e-07,true,0,0,true,2932,1258,0,NA,0.5106729999999999,0,0,0,0,0,0,0,0,0,0,NA,NA,NA,NA,NA,NA,NA
E2,pooled,native,SPLIT,double,libstdc++,0.51,0.010000000000000009,5,5000000,4997189,2811,2811,0,4997189,2811,0,0,0,0,0,0,0.0005622,0.0005416125846657065,0.0005833693091858412,false,0.0005622,0.0005416125846657065,0.0005833693091858412,false,0.0,0.0,5.991462752596988e-07,true,true,0,0.0,0.0,5.991462752596988e-07,true,0,0,true,2811,1278,0,NA,0.406594,0,0,0,0,0,0,0,0,0,0,NA,NA,NA,NA,NA,NA,NA
E2,pooled,native,LOG,double,libc++,0.55,0.050000000000000044,5,5000000,5000000,0,0,0,5000000,0,0,0,0,0,0,0,0.0,0.0,5.991462752596988e-07,true,0.0,0.0,5.991462752596988e-07,true,0.0,0.0,5.991462752596988e-07,true,true,0,0.0,0.0,5.991462752596988e-07,true,0,0,true,0,0,0,NA,0.633644,0,0,0,0,0,0,0,0,0,0,NA,NA,NA,NA,NA,NA,NA
E2,pooled,native,LOG,double,libstdc++,0.55,0.050000000000000044,5,5000000,5000000,0,0,0,5000000,0,0,0,0,0,0,0,0.0,0.0,5.991462752596988e-07,true,0.0,0.0,5.991462752596988e-07,true,0.0,0.0,5.991462752596988e-07,true,true,0,0.0,0.0,5.991462752596988e-07,true,0,0,true,0,0,0,NA,0.47392500000000004,0,0,0,0,0,0,0,0,0,0,NA,NA,NA,NA,NA,NA,NA
E2,pooled,native,QF,double,libc++,0.55,0.050000000000000044,5,5000000,5000000,0,0,0,5000000,0,0,0,0,0,0,0,0.0,0.0,5.991462752596988e-07,true,0.0,0.0,5.991462752596988e-07,true,0.0,0.0,5.991462752596988e-07,true,true,0,0.0,0.0,5.991462752596988e-07,true,0,0,true,0,0,0,NA,0.526329,0,0,0,0,0,0,0,0,0,0,NA,NA,NA,NA,NA,NA,NA
E2,pooled,native,QF,double,libstdc++,0.55,0.050000000000000044,5,5000000,5000000,0,0,0,5000000,0,0,0,0,0,0,0,0.0,0.0,5.991462752596988e-07,true,0.0,0.0,5.991462752596988e-07,true,0.0,0.0,5.991462752596988e-07,true,true,0,0.0,0.0,5.991462752596988e-07,true,0,0,true,0,0,0,NA,0.416801,0,0,0,0,0,0,0,0,0,0,NA,NA,NA,NA,NA,NA,NA
E2,pooled,native,SPLIT,double,libc++,0.55,0.050000000000000044,5,5000000,5000000,0,0,0,5000000,0,0,0,0,0,0,0,0.0,0.0,5.991462752596988e-07,true,0.0,0.0,5.991462752596988e-07,true,0.0,0.0,5.991462752596988e-07,true,true,0,0.0,0.0,5.991462752596988e-07,true,0,0,true,0,0,0,NA,0.52634,0,0,0,0,0,0,0,0,0,0,NA,NA,NA,NA,NA,NA,NA
E2,pooled,native,SPLIT,double,libstdc++,0.55,0.050000000000000044,5,5000000,5000000,0,0,0,5000000,0,0,0,0,0,0,0,0.0,0.0,5.991462752596988e-07,true,0.0,0.0,5.991462752596988e-07,true,0.0,0.0,5.991462752596988e-07,true,true,0,0.0,0.0,5.991462752596988e-07,true,0,0,true,0,0,0,NA,0.416883,0,0,0,0,0,0,0,0,0,0,NA,NA,NA,NA,NA,NA,NA
E2,pooled,native,LOG,double,libc++,0.6,0.09999999999999998,5,5000000,5000000,0,0,0,5000000,0,0,0,0,0,0,0,0.0,0.0,5.991462752596988e-07,true,0.0,0.0,5.991462752596988e-07,true,0.0,0.0,5.991462752596988e-07,true,true,0,0.0,0.0,5.991462752596988e-07,true,0,0,true,0,0,0,NA,0.651865,0,0,0,0,0,0,0,0,0,0,NA,NA,NA,NA,NA,NA,NA
E2,pooled,native,LOG,double,libstdc++,0.6,0.09999999999999998,5,5000000,5000000,0,0,0,5000000,0,0,0,0,0,0,0,0.0,0.0,5.991462752596988e-07,true,0.0,0.0,5.991462752596988e-07,true,0.0,0.0,5.991462752596988e-07,true,true,0,0.0,0.0,5.991462752596988e-07,true,0,0,true,0,0,0,NA,0.501139,0,0,0,0,0,0,0,0,0,0,NA,NA,NA,NA,NA,NA,NA
E2,pooled,native,QF,double,libc++,0.6,0.09999999999999998,5,5000000,5000000,0,0,0,5000000,0,0,0,0,0,0,0,0.0,0.0,5.991462752596988e-07,true,0.0,0.0,5.991462752596988e-07,true,0.0,0.0,5.991462752596988e-07,true,true,0,0.0,0.0,5.991462752596988e-07,true,0,0,true,0,0,0,NA,0.545171,0,0,0,0,0,0,0,0,0,0,NA,NA,NA,NA,NA,NA,NA
E2,pooled,native,QF,double,libstdc++,0.6,0.09999999999999998,5,5000000,5000000,0,0,0,5000000,0,0,0,0,0,0,0,0.0,0.0,5.991462752596988e-07,true,0.0,0.0,5.991462752596988e-07,true,0.0,0.0,5.991462752596988e-07,true,true,0,0.0,0.0,5.991462752596988e-07,true,0,0,true,0,0,0,NA,0.431275,0,0,0,0,0,0,0,0,0,0,NA,NA,NA,NA,NA,NA,NA
E2,pooled,native,SPLIT,double,libc++,0.6,0.09999999999999998,5,5000000,5000000,0,0,0,5000000,0,0,0,0,0,0,0,0.0,0.0,5.991462752596988e-07,true,0.0,0.0,5.991462752596988e-07,true,0.0,0.0,5.991462752596988e-07,true,true,0,0.0,0.0,5.991462752596988e-07,true,0,0,true,0,0,0,NA,0.544402,0,0,0,0,0,0,0,0,0,0,NA,NA,NA,NA,NA,NA,NA
E2,pooled,native,SPLIT,double,libstdc++,0.6,0.09999999999999998,5,5000000,5000000,0,0,0,5000000,0,0,0,0,0,0,0,0.0,0.0,5.991462752596988e-07,true,0.0,0.0,5.991462752596988e-07,true,0.0,0.0,5.991462752596988e-07,true,true,0,0.0,0.0,5.991462752596988e-07,true,0,0,true,0,0,0,NA,0.431195,0,0,0,0,0,0,0,0,0,0,NA,NA,NA,NA,NA,NA,NA
E2,pooled,native,LOG,double,libc++,0.75,0.25,5,5000000,5000000,0,0,0,5000000,0,0,0,0,0,0,0,0.0,0.0,5.991462752596988e-07,true,0.0,0.0,5.991462752596988e-07,true,0.0,0.0,5.991462752596988e-07,true,true,0,0.0,0.0,5.991462752596988e-07,true,0,0,true,0,0,0,NA,0.712089,0,0,0,0,0,0,0,0,0,0,NA,NA,NA,NA,NA,NA,NA
E2,pooled,native,LOG,double,libstdc++,0.75,0.25,5,5000000,5000000,0,0,0,5000000,0,0,0,0,0,0,0,0.0,0.0,5.991462752596988e-07,true,0.0,0.0,5.991462752596988e-07,true,0.0,0.0,5.991462752596988e-07,true,true,0,0.0,0.0,5.991462752596988e-07,true,0,0,true,0,0,0,NA,0.576381,0,0,0,0,0,0,0,0,0,0,NA,NA,NA,NA,NA,NA,NA
E2,pooled,native,QF,double,libc++,0.75,0.25,5,5000000,5000000,0,0,0,5000000,0,0,0,0,0,0,0,0.0,0.0,5.991462752596988e-07,true,0.0,0.0,5.991462752596988e-07,true,0.0,0.0,5.991462752596988e-07,true,true,0,0.0,0.0,5.991462752596988e-07,true,0,0,true,0,0,0,NA,0.59303,0,0,0,0,0,0,0,0,0,0,NA,NA,NA,NA,NA,NA,NA
E2,pooled,native,QF,double,libstdc++,0.75,0.25,5,5000000,5000000,0,0,0,5000000,0,0,0,0,0,0,0,0.0,0.0,5.991462752596988e-07,true,0.0,0.0,5.991462752596988e-07,true,0.0,0.0,5.991462752596988e-07,true,true,0,0.0,0.0,5.991462752596988e-07,true,0,0,true,0,0,0,NA,0.457464,0,0,0,0,0,0,0,0,0,0,NA,NA,NA,NA,NA,NA,NA
E2,pooled,native,SPLIT,double,libc++,0.75,0.25,5,5000000,5000000,0,0,0,5000000,0,0,0,0,0,0,0,0.0,0.0,5.991462752596988e-07,true,0.0,0.0,5.991462752596988e-07,true,0.0,0.0,5.991462752596988e-07,true,true,0,0.0,0.0,5.991462752596988e-07,true,0,0,true,0,0,0,NA,0.591015,0,0,0,0,0,0,0,0,0,0,NA,NA,NA,NA,NA,NA,NA
E2,pooled,native,SPLIT,double,libstdc++,0.75,0.25,5,5000000,5000000,0,0,0,5000000,0,0,0,0,0,0,0,0.0,0.0,5.991462752596988e-07,true,0.0,0.0,5.991462752596988e-07,true,0.0,0.0,5.991462752596988e-07,true,true,0,0.0,0.0,5.991462752596988e-07,true,0,0,true,0,0,0,NA,0.456127,0,0,0,0,0,0,0,0,0,0,NA,NA,NA,NA,NA,NA,NA
E2,pooled,native,LOG,double,libc++,1,0.5,5,5000000,5000000,0,0,0,5000000,0,0,0,0,0,0,0,0.0,0.0,5.991462752596988e-07,true,0.0,0.0,5.991462752596988e-07,true,0.0,0.0,5.991462752596988e-07,true,true,0,0.0,0.0,5.991462752596988e-07,true,0,0,true,0,0,0,NA,0.803963,0,0,0,0,0,0,0,0,0,0,NA,NA,NA,NA,NA,NA,NA
E2,pooled,native,LOG,double,libstdc++,1,0.5,5,5000000,5000000,0,0,0,5000000,0,0,0,0,0,0,0,0.0,0.0,5.991462752596988e-07,true,0.0,0.0,5.991462752596988e-07,true,0.0,0.0,5.991462752596988e-07,true,true,0,0.0,0.0,5.991462752596988e-07,true,0,0,true,0,0,0,NA,0.68294,0,0,0,0,0,0,0,0,0,0,NA,NA,NA,NA,NA,NA,NA
E2,pooled,native,QF,double,libc++,1,0.5,5,5000000,5000000,0,0,0,5000000,0,0,0,0,0,0,0,0.0,0.0,5.991462752596988e-07,true,0.0,0.0,5.991462752596988e-07,true,0.0,0.0,5.991462752596988e-07,true,true,0,0.0,0.0,5.991462752596988e-07,true,0,0,true,0,0,0,NA,0.6384920000000001,0,0,0,0,0,0,0,0,0,0,NA,NA,NA,NA,NA,NA,NA
E2,pooled,native,QF,double,libstdc++,1,0.5,5,5000000,5000000,0,0,0,5000000,0,0,0,0,0,0,0,0.0,0.0,5.991462752596988e-07,true,0.0,0.0,5.991462752596988e-07,true,0.0,0.0,5.991462752596988e-07,true,true,0,0.0,0.0,5.991462752596988e-07,true,0,0,true,0,0,0,NA,0.475956,0,0,0,0,0,0,0,0,0,0,NA,NA,NA,NA,NA,NA,NA
E2,pooled,native,SPLIT,double,libc++,1,0.5,5,5000000,5000000,0,0,0,5000000,0,0,0,0,0,0,0,0.0,0.0,5.991462752596988e-07,true,0.0,0.0,5.991462752596988e-07,true,0.0,0.0,5.991462752596988e-07,true,true,0,0.0,0.0,5.991462752596988e-07,true,0,0,true,0,0,0,NA,0.638951,0,0,0,0,0,0,0,0,0,0,NA,NA,NA,NA,NA,NA,NA
E2,pooled,native,SPLIT,double,libstdc++,1,0.5,5,5000000,5000000,0,0,0,5000000,0,0,0,0,0,0,0,0.0,0.0,5.991462752596988e-07,true,0.0,0.0,5.991462752596988e-07,true,0.0,0.0,5.991462752596988e-07,true,true,0,0.0,0.0,5.991462752596988e-07,true,0,0,true,0,0,0,NA,0.475775,0,0,0,0,0,0,0,0,0,0,NA,NA,NA,NA,NA,NA,NA
E2,pooled,native,LOG,double,libc++,1.5,1.0,5,5000000,5000000,0,0,0,5000000,0,0,0,0,0,0,0,0.0,0.0,5.991462752596988e-07,true,0.0,0.0,5.991462752596988e-07,true,0.0,0.0,5.991462752596988e-07,true,true,0,0.0,0.0,5.991462752596988e-07,true,0,0,true,0,0,0,NA,0.659461,0,0,0,0,0,0,0,0,0,0,NA,NA,NA,NA,NA,NA,NA
E2,pooled,native,LOG,double,libstdc++,1.5,1.0,5,5000000,5000000,0,0,0,5000000,0,0,0,0,0,0,0,0.0,0.0,5.991462752596988e-07,true,0.0,0.0,5.991462752596988e-07,true,0.0,0.0,5.991462752596988e-07,true,true,0,0.0,0.0,5.991462752596988e-07,true,0,0,true,0,0,0,NA,0.5689,0,0,0,0,0,0,0,0,0,0,NA,NA,NA,NA,NA,NA,NA
E2,pooled,native,QF,double,libc++,1.5,1.0,5,5000000,5000000,0,0,0,5000000,0,0,0,0,0,0,0,0.0,0.0,5.991462752596988e-07,true,0.0,0.0,5.991462752596988e-07,true,0.0,0.0,5.991462752596988e-07,true,true,0,0.0,0.0,5.991462752596988e-07,true,0,0,true,0,0,0,NA,0.533261,0,0,0,0,0,0,0,0,0,0,NA,NA,NA,NA,NA,NA,NA
E2,pooled,native,QF,double,libstdc++,1.5,1.0,5,5000000,5000000,0,0,0,5000000,0,0,0,0,0,0,0,0.0,0.0,5.991462752596988e-07,true,0.0,0.0,5.991462752596988e-07,true,0.0,0.0,5.991462752596988e-07,true,true,0,0.0,0.0,5.991462752596988e-07,true,0,0,true,0,0,0,NA,0.45838500000000004,0,0,0,0,0,0,0,0,0,0,NA,NA,NA,NA,NA,NA,NA
E2,pooled,native,SPLIT,double,libc++,1.5,1.0,5,5000000,5000000,0,0,0,5000000,0,0,0,0,0,0,0,0.0,0.0,5.991462752596988e-07,true,0.0,0.0,5.991462752596988e-07,true,0.0,0.0,5.991462752596988e-07,true,true,0,0.0,0.0,5.991462752596988e-07,true,0,0,true,0,0,0,NA,0.533472,0,0,0,0,0,0,0,0,0,0,NA,NA,NA,NA,NA,NA,NA
E2,pooled,native,SPLIT,double,libstdc++,1.5,1.0,5,5000000,5000000,0,0,0,5000000,0,0,0,0,0,0,0,0.0,0.0,5.991462752596988e-07,true,0.0,0.0,5.991462752596988e-07,true,0.0,0.0,5.991462752596988e-07,true,true,0,0.0,0.0,5.991462752596988e-07,true,0,0,true,0,0,0,NA,0.459012,0,0,0,0,0,0,0,0,0,0,NA,NA,NA,NA,NA,NA,NA
E2,pooled,native,LOG,double,libc++,2,1.5,5,5000000,5000000,0,0,0,5000000,0,0,0,0,0,0,0,0.0,0.0,5.991462752596988e-07,true,0.0,0.0,5.991462752596988e-07,true,0.0,0.0,5.991462752596988e-07,true,true,0,0.0,0.0,5.991462752596988e-07,true,0,0,true,0,0,0,NA,0.852634,0,0,0,0,0,0,0,0,0,0,NA,NA,NA,NA,NA,NA,NA
E2,pooled,native,LOG,double,libstdc++,2,1.5,5,5000000,5000000,0,0,0,5000000,0,0,0,0,0,0,0,0.0,0.0,5.991462752596988e-07,true,0.0,0.0,5.991462752596988e-07,true,0.0,0.0,5.991462752596988e-07,true,true,0,0.0,0.0,5.991462752596988e-07,true,0,0,true,0,0,0,NA,0.569438,0,0,0,0,0,0,0,0,0,0,NA,NA,NA,NA,NA,NA,NA
E2,pooled,native,QF,double,libc++,2,1.5,5,5000000,5000000,0,0,0,5000000,0,0,0,0,0,0,0,0.0,0.0,5.991462752596988e-07,true,0.0,0.0,5.991462752596988e-07,true,0.0,0.0,5.991462752596988e-07,true,true,0,0.0,0.0,5.991462752596988e-07,true,0,0,true,0,0,0,NA,0.757904,0,0,0,0,0,0,0,0,0,0,NA,NA,NA,NA,NA,NA,NA
E2,pooled,native,QF,double,libstdc++,2,1.5,5,5000000,5000000,0,0,0,5000000,0,0,0,0,0,0,0,0.0,0.0,5.991462752596988e-07,true,0.0,0.0,5.991462752596988e-07,true,0.0,0.0,5.991462752596988e-07,true,true,0,0.0,0.0,5.991462752596988e-07,true,0,0,true,0,0,0,NA,0.460625,0,0,0,0,0,0,0,0,0,0,NA,NA,NA,NA,NA,NA,NA
E2,pooled,native,SPLIT,double,libc++,2,1.5,5,5000000,5000000,0,0,0,5000000,0,0,0,0,0,0,0,0.0,0.0,5.991462752596988e-07,true,0.0,0.0,5.991462752596988e-07,true,0.0,0.0,5.991462752596988e-07,true,true,0,0.0,0.0,5.991462752596988e-07,true,0,0,true,0,0,0,NA,0.75837,0,0,0,0,0,0,0,0,0,0,NA,NA,NA,NA,NA,NA,NA
E2,pooled,native,SPLIT,double,libstdc++,2,1.5,5,5000000,5000000,0,0,0,5000000,0,0,0,0,0,0,0,0.0,0.0,5.991462752596988e-07,true,0.0,0.0,5.991462752596988e-07,true,0.0,0.0,5.991462752596988e-07,true,true,0,0.0,0.0,5.991462752596988e-07,true,0,0,true,0,0,0,NA,0.464612,0,0,0,0,0,0,0,0,0,0,NA,NA,NA,NA,NA,NA,NA
E2,pooled,native,LOG,double,libc++,5,4.5,5,5000000,5000000,0,0,0,5000000,0,0,0,0,0,0,0,0.0,0.0,5.991462752596988e-07,true,0.0,0.0,5.991462752596988e-07,true,0.0,0.0,5.991462752596988e-07,true,true,0,0.0,0.0,5.991462752596988e-07,true,0,0,true,0,0,0,NA,0.810878,0,0,0,0,0,0,0,0,0,0,NA,NA,NA,NA,NA,NA,NA
E2,pooled,native,LOG,double,libstdc++,5,4.5,5,5000000,5000000,0,0,0,5000000,0,0,0,0,0,0,0,0.0,0.0,5.991462752596988e-07,true,0.0,0.0,5.991462752596988e-07,true,0.0,0.0,5.991462752596988e-07,true,true,0,0.0,0.0,5.991462752596988e-07,true,0,0,true,0,0,0,NA,0.560337,0,0,0,0,0,0,0,0,0,0,NA,NA,NA,NA,NA,NA,NA
E2,pooled,native,QF,double,libc++,5,4.5,5,5000000,5000000,0,0,0,5000000,0,0,0,0,0,0,0,0.0,0.0,5.991462752596988e-07,true,0.0,0.0,5.991462752596988e-07,true,0.0,0.0,5.991462752596988e-07,true,true,0,0.0,0.0,5.991462752596988e-07,true,0,0,true,0,0,0,NA,0.7166,0,0,0,0,0,0,0,0,0,0,NA,NA,NA,NA,NA,NA,NA
E2,pooled,native,QF,double,libstdc++,5,4.5,5,5000000,5000000,0,0,0,5000000,0,0,0,0,0,0,0,0.0,0.0,5.991462752596988e-07,true,0.0,0.0,5.991462752596988e-07,true,0.0,0.0,5.991462752596988e-07,true,true,0,0.0,0.0,5.991462752596988e-07,true,0,0,true,0,0,0,NA,0.45598,0,0,0,0,0,0,0,0,0,0,NA,NA,NA,NA,NA,NA,NA
E2,pooled,native,SPLIT,double,libc++,5,4.5,5,5000000,5000000,0,0,0,5000000,0,0,0,0,0,0,0,0.0,0.0,5.991462752596988e-07,true,0.0,0.0,5.991462752596988e-07,true,0.0,0.0,5.991462752596988e-07,true,true,0,0.0,0.0,5.991462752596988e-07,true,0,0,true,0,0,0,NA,0.713431,0,0,0,0,0,0,0,0,0,0,NA,NA,NA,NA,NA,NA,NA
E2,pooled,native,SPLIT,double,libstdc++,5,4.5,5,5000000,5000000,0,0,0,5000000,0,0,0,0,0,0,0,0.0,0.0,5.991462752596988e-07,true,0.0,0.0,5.991462752596988e-07,true,0.0,0.0,5.991462752596988e-07,true,true,0,0.0,0.0,5.991462752596988e-07,true,0,0,true,0,0,0,NA,0.459353,0,0,0,0,0,0,0,0,0,0,NA,NA,NA,NA,NA,NA,NA
E2,pooled,native,LOG,float,libc++,0.5001,0.00010001659393310547,5,5000000,88260,4911740,0,4911740,88260,0,0,0,0,4911740,0,0,0.982348,0.9822321971945072,0.9824632437387643,false,0.0,0.0,5.991462752596988e-07,true,0.982348,0.9822321971945072,0.9824632437387643,false,true,0,0.0,0.0,5.991462752596988e-07,true,0,4911740,false,4948297,0,0,NA,0.43048190000000003,0,0,0,0,0,0,0,0,0,0,NA,NA,NA,NA,NA,NA,NA
E2,pooled,native,LOG,float,libstdc++,0.5001,0.00010001659393310547,5,5000000,88308,4911692,0,4911692,88308,0,0,0,0,4911692,0,0,0.9823384,0.982222566382338,0.9824536745622313,false,0.0,0.0,5.991462752596988e-07,true,0.9823384,0.982222566382338,0.9824536745622313,false,true,0,0.0,0.0,5.991462752596988e-07,true,0,4911692,false,4948562,0,0,NA,0.260904,0,0,0,0,0,0,0,0,0,0,NA,NA,NA,NA,NA,NA,NA
E2,pooled,native,QF,float,libc++,0.5001,0.00010001659393310547,5,5000000,43873,4956127,4956127,0,43873,4948283,7844,0,0,0,0,0,0.9912254,0.9911432695804958,0.9913069607942939,false,0.9912254,0.9911432695804958,0.9913069607942939,false,0.0,0.0,5.991462752596988e-07,true,true,0,0.0,0.0,5.991462752596988e-07,true,0,0,true,4948283,8492,0,NA,0.3638287,0,0,0,0,0,0,0,0,0,0,NA,NA,NA,NA,NA,NA,NA
E2,pooled,native,QF,float,libstdc++,0.5001,0.00010001659393310547,5,5000000,44027,4955973,4955973,0,44027,4948353,7620,0,0,0,0,0,0.9911946,0.9911123275292386,0.9912763028828665,false,0.9911946,0.9911123275292386,0.9912763028828665,false,0.0,0.0,5.991462752596988e-07,true,true,0,0.0,0.0,5.991462752596988e-07,true,0,0,true,4948353,8289,0,NA,0.24555300000000002,0,0,0,0,0,0,0,0,0,0,NA,NA,NA,NA,NA,NA,NA
E2,pooled,native,SPLIT,float,libc++,0.5001,0.00010001659393310547,5,5000000,51717,4948283,4948283,0,51717,4948283,0,0,0,0,0,0,0.9896566,0.9895675335718813,0.9897450986939944,false,0.9896566,0.9895675335718813,0.9897450986939944,false,0.0,0.0,5.991462752596988e-07,true,true,0,0.0,0.0,5.991462752596988e-07,true,0,0,true,4948283,8492,0,NA,0.36347490000000005,0,0,0,0,0,0,0,0,0,0,NA,NA,NA,NA,NA,NA,NA
E2,pooled,native,SPLIT,float,libstdc++,0.5001,0.00010001659393310547,5,5000000,51647,4948353,4948353,0,51647,4948353,0,0,0,0,0,0,0.9896706,0.9895815929734026,0.9897590392756725,false,0.9896706,0.9895815929734026,0.9897590392756725,false,0.0,0.0,5.991462752596988e-07,true,true,0,0.0,0.0,5.991462752596988e-07,true,0,0,true,4948353,8289,0,NA,0.24479,0,0,0,0,0,0,0,0,0,0,NA,NA,NA,NA,NA,NA,NA
E2,pooled,native,LOG,float,libc++,0.501,0.0009999871253967285,5,5000000,815208,4184792,0,4184792,815208,0,0,0,0,4184792,0,0,0.8369584,0.8366343143093329,0.8372820954265581,false,0.0,0.0,5.991462752596988e-07,true,0.8369584,0.8366343143093329,0.8372820954265581,false,true,0,0.0,0.0,5.991462752596988e-07,true,0,4184792,false,4508945,0,0,NA,0.45968169999999997,0,0,0,0,0,0,0,0,0,0,NA,NA,NA,NA,NA,NA,NA
E2,pooled,native,LOG,float,libstdc++,0.501,0.0009999871253967285,5,5000000,814845,4185155,0,4185155,814845,0,0,0,0,4185155,0,0,0.837031,0.8367069723250486,0.8373546373267364,false,0.0,0.0,5.991462752596988e-07,true,0.837031,0.8367069723250486,0.8373546373267364,false,true,0,0.0,0.0,5.991462752596988e-07,true,0,4185155,false,4508957,0,0,NA,0.285376,0,0,0,0,0,0,0,0,0,0,NA,NA,NA,NA,NA,NA,NA
E2,pooled,native,QF,float,libc++,0.501,0.0009999871253967285,5,5000000,421818,4578182,4578182,0,421818,4508852,69330,0,0,0,0,0,0.9156364,0.9153924453049214,0.91587987324152,false,0.9156364,0.9153924453049214,0.91587987324152,false,0.0,0.0,5.991462752596988e-07,true,true,0,0.0,0.0,5.991462752596988e-07,true,0,0,true,4508852,75562,0,NA,0.3775381,0,0,0,0,0,0,0,0,0,0,NA,NA,NA,NA,NA,NA,NA
E2,pooled,native,QF,float,libstdc++,0.501,0.0009999871253967285,5,5000000,421856,4578144,4578144,0,421856,4509010,69134,0,0,0,0,0,0.9156288,0.9153848353475238,0.915872283207729,false,0.9156288,0.9153848353475238,0.915872283207729,false,0.0,0.0,5.991462752596988e-07,true,true,0,0.0,0.0,5.991462752596988e-07,true,0,0,true,4509010,75349,0,NA,0.260016,0,0,0,0,0,0,0,0,0,0,NA,NA,NA,NA,NA,NA,NA
E2,pooled,native,SPLIT,float,libc++,0.501,0.0009999871253967285,5,5000000,491148,4508852,4508852,0,491148,4508852,0,0,0,0,0,0,0.9017704,0.9015091924326459,0.9020311421922659,false,0.9017704,0.9015091924326459,0.9020311421922659,false,0.0,0.0,5.991462752596988e-07,true,true,0,0.0,0.0,5.991462752596988e-07,true,0,0,true,4508852,75562,0,NA,0.3770378,0,0,0,0,0,0,0,0,0,0,NA,NA,NA,NA,NA,NA,NA
E2,pooled,native,SPLIT,float,libstdc++,0.501,0.0009999871253967285,5,5000000,490990,4509010,4509010,0,490990,4509010,0,0,0,0,0,0,0.901802,0.9015408298087494,0.9020627047795262,false,0.901802,0.9015408298087494,0.9020627047795262,false,0.0,0.0,5.991462752596988e-07,true,true,0,0.0,0.0,5.991462752596988e-07,true,0,0,true,4509010,75349,0,NA,0.259194,0,0,0,0,0,0,0,0,0,0,NA,NA,NA,NA,NA,NA,NA
E2,pooled,native,LOG,float,libc++,0.505,0.004999995231628418,5,5000000,2946969,2053031,0,2053031,2946969,0,0,0,0,2053031,0,0,0.4106062,0.4101749519945751,0.4110375515304417,false,0.0,0.0,5.991462752596988e-07,true,0.4106062,0.4101749519945751,0.4110375515304417,false,true,0,0.0,0.0,5.991462752596988e-07,true,0,2053031,false,2981896,0,0,NA,0.548646,0,0,0,0,0,0,0,0,0,0,NA,NA,NA,NA,NA,NA,NA
E2,pooled,native,LOG,float,libstdc++,0.505,0.004999995231628418,5,5000000,2945119,2054881,0,2054881,2945119,0,0,0,0,2054881,0,0,0.4109762,0.4105448929736021,0.4114076101229499,false,0.0,0.0,5.991462752596988e-07,true,0.4109762,0.4105448929736021,0.4114076101229499,false,true,0,0.0,0.0,5.991462752596988e-07,true,0,2054881,false,2982758,0,0,NA,0.361182,0,0,0,0,0,0,0,0,0,0,NA,NA,NA,NA,NA,NA,NA
E2,pooled,native,QF,float,libc++,0.505,0.004999995231628418,5,5000000,1781403,3218597,3218597,0,1781403,2981852,236745,0,0,0,0,0,0.6437194,0.6432994506677752,0.6441391828925161,false,0.6437194,0.6432994506677752,0.6441391828925161,false,0.0,0.0,5.991462752596988e-07,true,true,0,0.0,0.0,5.991462752596988e-07,true,0,0,true,2981852,258656,0,NA,0.4337506,0,0,0,0,0,0,0,0,0,0,NA,NA,NA,NA,NA,NA,NA
E2,pooled,native,QF,float,libstdc++,0.505,0.004999995231628418,5,5000000,1780731,3219269,3219269,0,1780731,2984063,235206,0,0,0,0,0,0.6438538,0.6434338859615365,0.6442735474431003,false,0.6438538,0.6434338859615365,0.6442735474431003,false,0.0,0.0,5.991462752596988e-07,true,true,0,0.0,0.0,5.991462752596988e-07,true,0,0,true,2984063,257092,0,NA,0.314323,0,0,0,0,0,0,0,0,0,0,NA,NA,NA,NA,NA,NA,NA
E2,pooled,native,SPLIT,float,libc++,0.505,0.004999995231628418,5,5000000,2018148,2981852,2981852,0,2018148,2981852,0,0,0,0,0,0,0.5963704,0.595940200557439,0.5968004878379849,false,0.5963704,0.595940200557439,0.5968004878379849,false,0.0,0.0,5.991462752596988e-07,true,true,0,0.0,0.0,5.991462752596988e-07,true,0,0,true,2981852,258656,0,NA,0.4274231,0,0,0,0,0,0,0,0,0,0,NA,NA,NA,NA,NA,NA,NA
E2,pooled,native,SPLIT,float,libstdc++,0.505,0.004999995231628418,5,5000000,2015937,2984063,2984063,0,2015937,2984063,0,0,0,0,0,0,0.5968126,0.5963824766163116,0.5972426112670228,false,0.5968126,0.5963824766163116,0.5972426112670228,false,0.0,0.0,5.991462752596988e-07,true,true,0,0.0,0.0,5.991462752596988e-07,true,0,0,true,2984063,257092,0,NA,0.31204,0,0,0,0,0,0,0,0,0,0,NA,NA,NA,NA,NA,NA,NA
E2,pooled,native,LOG,float,libc++,0.51,0.009999990463256836,5,5000000,4156617,843383,0,843383,4156617,0,0,0,0,843383,0,0,0.1686766,0.1683484640015097,0.16900511973403884,false,0.0,0.0,5.991462752596988e-07,true,0.1686766,0.1683484640015097,0.16900511973403884,false,true,0,0.0,0.0,5.991462752596988e-07,true,0,843383,false,1777038,0,0,NA,0.521613,0,0,0,0,0,0,0,0,0,0,NA,NA,NA,NA,NA,NA,NA
E2,pooled,native,LOG,float,libstdc++,0.51,0.009999990463256836,5,5000000,4156459,843541,0,843541,4156459,0,0,0,0,843541,0,0,0.1687082,0.16838003947832314,0.16903674422061743,false,0.0,0.0,5.991462752596988e-07,true,0.1687082,0.16838003947832314,0.16903674422061743,false,true,0,0.0,0.0,5.991462752596988e-07,true,0,843541,false,1777648,0,0,NA,0.357136,0,0,0,0,0,0,0,0,0,0,NA,NA,NA,NA,NA,NA,NA
E2,pooled,native,QF,float,libc++,0.51,0.009999990463256836,5,5000000,2929723,2070277,2070277,0,2929723,1776854,293423,0,0,0,0,0,0.4140554,0.4136236115519178,0.4144872879786277,false,0.4140554,0.4136236115519178,0.4144872879786277,false,0.0,0.0,5.991462752596988e-07,true,true,0,0.0,0.0,5.991462752596988e-07,true,0,0,true,1776854,321500,0,NA,0.4420431,0,0,0,0,0,0,0,0,0,0,NA,NA,NA,NA,NA,NA,NA
E2,pooled,native,QF,float,libstdc++,0.51,0.009999990463256836,5,5000000,2927361,2072639,2072639,0,2927361,1778809,293830,0,0,0,0,0,0.4145278,0.4140959392336078,0.4149597597498473,false,0.4145278,0.4140959392336078,0.4149597597498473,false,0.0,0.0,5.991462752596988e-07,true,true,0,0.0,0.0,5.991462752596988e-07,true,0,0,true,1778809,321744,0,NA,0.325912,0,0,0,0,0,0,0,0,0,0,NA,NA,NA,NA,NA,NA,NA
E2,pooled,native,SPLIT,float,libc++,0.51,0.009999990463256836,5,5000000,3223146,1776854,1776854,0,3223146,1776854,0,0,0,0,0,0,0.3553708,0.3549512577809665,0.35579050971241594,false,0.3553708,0.3549512577809665,0.35579050971241594,false,0.0,0.0,5.991462752596988e-07,true,true,0,0.0,0.0,5.991462752596988e-07,true,0,0,true,1776854,321500,0,NA,0.44197190000000003,0,0,0,0,0,0,0,0,0,0,NA,NA,NA,NA,NA,NA,NA
E2,pooled,native,SPLIT,float,libstdc++,0.51,0.009999990463256836,5,5000000,3221191,1778809,1778809,0,3221191,1778809,0,0,0,0,0,0,0.3557618,0.35534215414544296,0.3561816128951167,false,0.3557618,0.35534215414544296,0.3561816128951167,false,0.0,0.0,5.991462752596988e-07,true,true,0,0.0,0.0,5.991462752596988e-07,true,0,0,true,1778809,321744,0,NA,0.323208,0,0,0,0,0,0,0,0,0,0,NA,NA,NA,NA,NA,NA,NA
E2,pooled,native,LOG,float,libc++,0.55,0.050000011920928955,5,5000000,4999367,633,0,633,4999367,0,0,0,0,633,0,0,0.0001266,0.00011692899002353798,0.00013685746808029248,false,0.0,0.0,5.991462752596988e-07,true,0.0001266,0.00011692899002353798,0.00013685746808029248,false,true,0,0.0,0.0,5.991462752596988e-07,true,0,633,false,28262,0,0,NA,0.4805113,0,0,0,0,0,0,0,0,0,0,NA,NA,NA,NA,NA,NA,NA
E2,pooled,native,LOG,float,libstdc++,0.55,0.050000011920928955,5,5000000,4999330,670,0,670,4999330,0,0,0,0,670,0,0,0.000134,0.00012404486166787092,0.0001445413722087828,false,0.0,0.0,5.991462752596988e-07,true,0.000134,0.00012404486166787092,0.0001445413722087828,false,true,0,0.0,0.0,5.991462752596988e-07,true,0,670,false,28488,0,0,NA,0.34654,0,0,0,0,0,0,0,0,0,0,NA,NA,NA,NA,NA,NA,NA
E2,pooled,native,QF,float,libc++,0.55,0.050000011920928955,5,5000000,4939140,60860,60860,0,4939140,28179,32681,0,0,0,0,0,0.012172,0.012076068976754464,0.012268496571917949,false,0.012172,0.012076068976754464,0.012268496571917949,false,0.0,0.0,5.991462752596988e-07,true,true,0,0.0,0.0,5.991462752596988e-07,true,0,0,true,28179,36784,0,NA,0.4262685,0,0,0,0,0,0,0,0,0,0,NA,NA,NA,NA,NA,NA,NA
E2,pooled,native,QF,float,libstdc++,0.55,0.050000011920928955,5,5000000,4938750,61250,61250,0,4938750,28673,32577,0,0,0,0,0,0.01225,0.012153765274764515,0.012346800181027906,false,0.01225,0.012153765274764515,0.012346800181027906,false,0.0,0.0,5.991462752596988e-07,true,true,0,0.0,0.0,5.991462752596988e-07,true,0,0,true,28673,36606,0,NA,0.299968,0,0,0,0,0,0,0,0,0,0,NA,NA,NA,NA,NA,NA,NA
E2,pooled,native,SPLIT,float,libc++,0.55,0.050000011920928955,5,5000000,4971821,28179,28179,0,4971821,28179,0,0,0,0,0,0,0.0056358,0.005570369807304753,0.0057018036857307206,false,0.0056358,0.005570369807304753,0.0057018036857307206,false,0.0,0.0,5.991462752596988e-07,true,true,0,0.0,0.0,5.991462752596988e-07,true,0,0,true,28179,36784,0,NA,0.4245502,0,0,0,0,0,0,0,0,0,0,NA,NA,NA,NA,NA,NA,NA
E2,pooled,native,SPLIT,float,libstdc++,0.55,0.050000011920928955,5,5000000,4971327,28673,28673,0,4971327,28673,0,0,0,0,0,0,0.0057346,0.005668600380622819,0.0058011729878581055,false,0.0057346,0.005668600380622819,0.0058011729878581055,false,0.0,0.0,5.991462752596988e-07,true,true,0,0.0,0.0,5.991462752596988e-07,true,0,0,true,28673,36606,0,NA,0.300082,0,0,0,0,0,0,0,0,0,0,NA,NA,NA,NA,NA,NA,NA
E2,pooled,native,LOG,float,libc++,0.6,0.10000002384185791,5,5000000,5000000,0,0,0,5000000,0,0,0,0,0,0,0,0.0,0.0,5.991462752596988e-07,true,0.0,0.0,5.991462752596988e-07,true,0.0,0.0,5.991462752596988e-07,true,true,0,0.0,0.0,5.991462752596988e-07,true,0,0,true,154,0,0,NA,0.4962217,0,0,0,0,0,0,0,0,0,0,NA,NA,NA,NA,NA,NA,NA
E2,pooled,native,LOG,float,libstdc++,0.6,0.10000002384185791,5,5000000,5000000,0,0,0,5000000,0,0,0,0,0,0,0,0.0,0.0,5.991462752596988e-07,true,0.0,0.0,5.991462752596988e-07,true,0.0,0.0,5.991462752596988e-07,true,true,0,0.0,0.0,5.991462752596988e-07,true,0,0,true,137,0,0,NA,0.364397,0,0,0,0,0,0,0,0,0,0,NA,NA,NA,NA,NA,NA,NA
E2,pooled,native,QF,float,libc++,0.6,0.10000002384185791,5,5000000,4999321,679,679,0,4999321,163,516,0,0,0,0,0,0.0001358,0.00012577694514959124,0.0001464092368579607,false,0.0001358,0.00012577694514959124,0.0001464092368579607,false,0.0,0.0,5.991462752596988e-07,true,true,0,0.0,0.0,5.991462752596988e-07,true,0,0,true,163,624,0,NA,0.4421793,0,0,0,0,0,0,0,0,0,0,NA,NA,NA,NA,NA,NA,NA
E2,pooled,native,QF,float,libstdc++,0.6,0.10000002384185791,5,5000000,4999272,728,728,0,4999272,165,563,0,0,0,0,0,0.0001456,0.00013521483094956923,0.00015657108499395265,false,0.0001456,0.00013521483094956923,0.00015657108499395265,false,0.0,0.0,5.991462752596988e-07,true,true,0,0.0,0.0,5.991462752596988e-07,true,0,0,true,165,669,0,NA,0.314088,0,0,0,0,0,0,0,0,0,0,NA,NA,NA,NA,NA,NA,NA
E2,pooled,native,SPLIT,float,libc++,0.6,0.10000002384185791,5,5000000,4999837,163,163,0,4999837,163,0,0,0,0,0,0,3.26e-05,2.7787472424424216e-05,3.8006519466950834e-05,false,3.26e-05,2.7787472424424216e-05,3.8006519466950834e-05,false,0.0,0.0,5.991462752596988e-07,true,true,0,0.0,0.0,5.991462752596988e-07,true,0,0,true,163,624,0,NA,0.4404703,0,0,0,0,0,0,0,0,0,0,NA,NA,NA,NA,NA,NA,NA
E2,pooled,native,SPLIT,float,libstdc++,0.6,0.10000002384185791,5,5000000,4999835,165,165,0,4999835,165,0,0,0,0,0,0,3.3e-05,2.815684877192659e-05,3.843705162708496e-05,false,3.3e-05,2.815684877192659e-05,3.843705162708496e-05,false,0.0,0.0,5.991462752596988e-07,true,true,0,0.0,0.0,5.991462752596988e-07,true,0,0,true,165,669,0,NA,0.313794,0,0,0,0,0,0,0,0,0,0,NA,NA,NA,NA,NA,NA,NA
E2,pooled,native,LOG,float,libc++,0.75,0.25,5,5000000,5000000,0,0,0,5000000,0,0,0,0,0,0,0,0.0,0.0,5.991462752596988e-07,true,0.0,0.0,5.991462752596988e-07,true,0.0,0.0,5.991462752596988e-07,true,true,0,0.0,0.0,5.991462752596988e-07,true,0,0,true,0,0,0,NA,0.544611,0,0,0,0,0,0,0,0,0,0,NA,NA,NA,NA,NA,NA,NA
E2,pooled,native,LOG,float,libstdc++,0.75,0.25,5,5000000,5000000,0,0,0,5000000,0,0,0,0,0,0,0,0.0,0.0,5.991462752596988e-07,true,0.0,0.0,5.991462752596988e-07,true,0.0,0.0,5.991462752596988e-07,true,true,0,0.0,0.0,5.991462752596988e-07,true,0,0,true,0,0,0,NA,0.414995,0,0,0,0,0,0,0,0,0,0,NA,NA,NA,NA,NA,NA,NA
E2,pooled,native,QF,float,libc++,0.75,0.25,5,5000000,5000000,0,0,0,5000000,0,0,0,0,0,0,0,0.0,0.0,5.991462752596988e-07,true,0.0,0.0,5.991462752596988e-07,true,0.0,0.0,5.991462752596988e-07,true,true,0,0.0,0.0,5.991462752596988e-07,true,0,0,true,0,0,0,NA,0.4793544,0,0,0,0,0,0,0,0,0,0,NA,NA,NA,NA,NA,NA,NA
E2,pooled,native,QF,float,libstdc++,0.75,0.25,5,5000000,5000000,0,0,0,5000000,0,0,0,0,0,0,0,0.0,0.0,5.991462752596988e-07,true,0.0,0.0,5.991462752596988e-07,true,0.0,0.0,5.991462752596988e-07,true,true,0,0.0,0.0,5.991462752596988e-07,true,0,0,true,0,0,0,NA,0.33892,0,0,0,0,0,0,0,0,0,0,NA,NA,NA,NA,NA,NA,NA
E2,pooled,native,SPLIT,float,libc++,0.75,0.25,5,5000000,5000000,0,0,0,5000000,0,0,0,0,0,0,0,0.0,0.0,5.991462752596988e-07,true,0.0,0.0,5.991462752596988e-07,true,0.0,0.0,5.991462752596988e-07,true,true,0,0.0,0.0,5.991462752596988e-07,true,0,0,true,0,0,0,NA,0.4761908,0,0,0,0,0,0,0,0,0,0,NA,NA,NA,NA,NA,NA,NA
E2,pooled,native,SPLIT,float,libstdc++,0.75,0.25,5,5000000,5000000,0,0,0,5000000,0,0,0,0,0,0,0,0.0,0.0,5.991462752596988e-07,true,0.0,0.0,5.991462752596988e-07,true,0.0,0.0,5.991462752596988e-07,true,true,0,0.0,0.0,5.991462752596988e-07,true,0,0,true,0,0,0,NA,0.337179,0,0,0,0,0,0,0,0,0,0,NA,NA,NA,NA,NA,NA,NA
E2,pooled,native,LOG,float,libc++,1,0.5,5,5000000,5000000,0,0,0,5000000,0,0,0,0,0,0,0,0.0,0.0,5.991462752596988e-07,true,0.0,0.0,5.991462752596988e-07,true,0.0,0.0,5.991462752596988e-07,true,true,0,0.0,0.0,5.991462752596988e-07,true,0,0,true,0,0,0,NA,0.61461,0,0,0,0,0,0,0,0,0,0,NA,NA,NA,NA,NA,NA,NA
E2,pooled,native,LOG,float,libstdc++,1,0.5,5,5000000,5000000,0,0,0,5000000,0,0,0,0,0,0,0,0.0,0.0,5.991462752596988e-07,true,0.0,0.0,5.991462752596988e-07,true,0.0,0.0,5.991462752596988e-07,true,true,0,0.0,0.0,5.991462752596988e-07,true,0,0,true,0,0,0,NA,0.489312,0,0,0,0,0,0,0,0,0,0,NA,NA,NA,NA,NA,NA,NA
E2,pooled,native,QF,float,libc++,1,0.5,5,5000000,5000000,0,0,0,5000000,0,0,0,0,0,0,0,0.0,0.0,5.991462752596988e-07,true,0.0,0.0,5.991462752596988e-07,true,0.0,0.0,5.991462752596988e-07,true,true,0,0.0,0.0,5.991462752596988e-07,true,0,0,true,0,0,0,NA,0.514717,0,0,0,0,0,0,0,0,0,0,NA,NA,NA,NA,NA,NA,NA
E2,pooled,native,QF,float,libstdc++,1,0.5,5,5000000,5000000,0,0,0,5000000,0,0,0,0,0,0,0,0.0,0.0,5.991462752596988e-07,true,0.0,0.0,5.991462752596988e-07,true,0.0,0.0,5.991462752596988e-07,true,true,0,0.0,0.0,5.991462752596988e-07,true,0,0,true,0,0,0,NA,0.35567000000000004,0,0,0,0,0,0,0,0,0,0,NA,NA,NA,NA,NA,NA,NA
E2,pooled,native,SPLIT,float,libc++,1,0.5,5,5000000,5000000,0,0,0,5000000,0,0,0,0,0,0,0,0.0,0.0,5.991462752596988e-07,true,0.0,0.0,5.991462752596988e-07,true,0.0,0.0,5.991462752596988e-07,true,true,0,0.0,0.0,5.991462752596988e-07,true,0,0,true,0,0,0,NA,0.514596,0,0,0,0,0,0,0,0,0,0,NA,NA,NA,NA,NA,NA,NA
E2,pooled,native,SPLIT,float,libstdc++,1,0.5,5,5000000,5000000,0,0,0,5000000,0,0,0,0,0,0,0,0.0,0.0,5.991462752596988e-07,true,0.0,0.0,5.991462752596988e-07,true,0.0,0.0,5.991462752596988e-07,true,true,0,0.0,0.0,5.991462752596988e-07,true,0,0,true,0,0,0,NA,0.356439,0,0,0,0,0,0,0,0,0,0,NA,NA,NA,NA,NA,NA,NA
E2,pooled,native,LOG,float,libc++,1.5,1.0,5,5000000,5000000,0,0,0,5000000,0,0,0,0,0,0,0,0.0,0.0,5.991462752596988e-07,true,0.0,0.0,5.991462752596988e-07,true,0.0,0.0,5.991462752596988e-07,true,true,0,0.0,0.0,5.991462752596988e-07,true,0,0,true,0,0,0,NA,0.4790125,0,0,0,0,0,0,0,0,0,0,NA,NA,NA,NA,NA,NA,NA
E2,pooled,native,LOG,float,libstdc++,1.5,1.0,5,5000000,5000000,0,0,0,5000000,0,0,0,0,0,0,0,0.0,0.0,5.991462752596988e-07,true,0.0,0.0,5.991462752596988e-07,true,0.0,0.0,5.991462752596988e-07,true,true,0,0.0,0.0,5.991462752596988e-07,true,0,0,true,0,0,0,NA,0.410757,0,0,0,0,0,0,0,0,0,0,NA,NA,NA,NA,NA,NA,NA
E2,pooled,native,QF,float,libc++,1.5,1.0,5,5000000,5000000,0,0,0,5000000,0,0,0,0,0,0,0,0.0,0.0,5.991462752596988e-07,true,0.0,0.0,5.991462752596988e-07,true,0.0,0.0,5.991462752596988e-07,true,true,0,0.0,0.0,5.991462752596988e-07,true,0,0,true,0,0,0,NA,0.42334289999999997,0,0,0,0,0,0,0,0,0,0,NA,NA,NA,NA,NA,NA,NA
E2,pooled,native,QF,float,libstdc++,1.5,1.0,5,5000000,5000000,0,0,0,5000000,0,0,0,0,0,0,0,0.0,0.0,5.991462752596988e-07,true,0.0,0.0,5.991462752596988e-07,true,0.0,0.0,5.991462752596988e-07,true,true,0,0.0,0.0,5.991462752596988e-07,true,0,0,true,0,0,0,NA,0.354419,0,0,0,0,0,0,0,0,0,0,NA,NA,NA,NA,NA,NA,NA
E2,pooled,native,SPLIT,float,libc++,1.5,1.0,5,5000000,5000000,0,0,0,5000000,0,0,0,0,0,0,0,0.0,0.0,5.991462752596988e-07,true,0.0,0.0,5.991462752596988e-07,true,0.0,0.0,5.991462752596988e-07,true,true,0,0.0,0.0,5.991462752596988e-07,true,0,0,true,0,0,0,NA,0.42295910000000003,0,0,0,0,0,0,0,0,0,0,NA,NA,NA,NA,NA,NA,NA
E2,pooled,native,SPLIT,float,libstdc++,1.5,1.0,5,5000000,5000000,0,0,0,5000000,0,0,0,0,0,0,0,0.0,0.0,5.991462752596988e-07,true,0.0,0.0,5.991462752596988e-07,true,0.0,0.0,5.991462752596988e-07,true,true,0,0.0,0.0,5.991462752596988e-07,true,0,0,true,0,0,0,NA,0.35157099999999997,0,0,0,0,0,0,0,0,0,0,NA,NA,NA,NA,NA,NA,NA
E2,pooled,native,LOG,float,libc++,2,1.5,5,5000000,5000000,0,0,0,5000000,0,0,0,0,0,0,0,0.0,0.0,5.991462752596988e-07,true,0.0,0.0,5.991462752596988e-07,true,0.0,0.0,5.991462752596988e-07,true,true,0,0.0,0.0,5.991462752596988e-07,true,0,0,true,0,0,0,NA,0.67793,0,0,0,0,0,0,0,0,0,0,NA,NA,NA,NA,NA,NA,NA
E2,pooled,native,LOG,float,libstdc++,2,1.5,5,5000000,5000000,0,0,0,5000000,0,0,0,0,0,0,0,0.0,0.0,5.991462752596988e-07,true,0.0,0.0,5.991462752596988e-07,true,0.0,0.0,5.991462752596988e-07,true,true,0,0.0,0.0,5.991462752596988e-07,true,0,0,true,0,0,0,NA,0.412807,0,0,0,0,0,0,0,0,0,0,NA,NA,NA,NA,NA,NA,NA
E2,pooled,native,QF,float,libc++,2,1.5,5,5000000,5000000,0,0,0,5000000,0,0,0,0,0,0,0,0.0,0.0,5.991462752596988e-07,true,0.0,0.0,5.991462752596988e-07,true,0.0,0.0,5.991462752596988e-07,true,true,0,0.0,0.0,5.991462752596988e-07,true,0,0,true,0,0,0,NA,0.620208,0,0,0,0,0,0,0,0,0,0,NA,NA,NA,NA,NA,NA,NA
E2,pooled,native,QF,float,libstdc++,2,1.5,5,5000000,5000000,0,0,0,5000000,0,0,0,0,0,0,0,0.0,0.0,5.991462752596988e-07,true,0.0,0.0,5.991462752596988e-07,true,0.0,0.0,5.991462752596988e-07,true,true,0,0.0,0.0,5.991462752596988e-07,true,0,0,true,0,0,0,NA,0.357206,0,0,0,0,0,0,0,0,0,0,NA,NA,NA,NA,NA,NA,NA
E2,pooled,native,SPLIT,float,libc++,2,1.5,5,5000000,5000000,0,0,0,5000000,0,0,0,0,0,0,0,0.0,0.0,5.991462752596988e-07,true,0.0,0.0,5.991462752596988e-07,true,0.0,0.0,5.991462752596988e-07,true,true,0,0.0,0.0,5.991462752596988e-07,true,0,0,true,0,0,0,NA,0.619615,0,0,0,0,0,0,0,0,0,0,NA,NA,NA,NA,NA,NA,NA
E2,pooled,native,SPLIT,float,libstdc++,2,1.5,5,5000000,5000000,0,0,0,5000000,0,0,0,0,0,0,0,0.0,0.0,5.991462752596988e-07,true,0.0,0.0,5.991462752596988e-07,true,0.0,0.0,5.991462752596988e-07,true,true,0,0.0,0.0,5.991462752596988e-07,true,0,0,true,0,0,0,NA,0.354553,0,0,0,0,0,0,0,0,0,0,NA,NA,NA,NA,NA,NA,NA
E2,pooled,native,LOG,float,libc++,5,4.5,5,5000000,5000000,0,0,0,5000000,0,0,0,0,0,0,0,0.0,0.0,5.991462752596988e-07,true,0.0,0.0,5.991462752596988e-07,true,0.0,0.0,5.991462752596988e-07,true,true,0,0.0,0.0,5.991462752596988e-07,true,0,0,true,0,0,0,NA,0.633968,0,0,0,0,0,0,0,0,0,0,NA,NA,NA,NA,NA,NA,NA
E2,pooled,native,LOG,float,libstdc++,5,4.5,5,5000000,5000000,0,0,0,5000000,0,0,0,0,0,0,0,0.0,0.0,5.991462752596988e-07,true,0.0,0.0,5.991462752596988e-07,true,0.0,0.0,5.991462752596988e-07,true,true,0,0.0,0.0,5.991462752596988e-07,true,0,0,true,0,0,0,NA,0.411112,0,0,0,0,0,0,0,0,0,0,NA,NA,NA,NA,NA,NA,NA
E2,pooled,native,QF,float,libc++,5,4.5,5,5000000,5000000,0,0,0,5000000,0,0,0,0,0,0,0,0.0,0.0,5.991462752596988e-07,true,0.0,0.0,5.991462752596988e-07,true,0.0,0.0,5.991462752596988e-07,true,true,0,0.0,0.0,5.991462752596988e-07,true,0,0,true,0,0,0,NA,0.577269,0,0,0,0,0,0,0,0,0,0,NA,NA,NA,NA,NA,NA,NA
E2,pooled,native,QF,float,libstdc++,5,4.5,5,5000000,5000000,0,0,0,5000000,0,0,0,0,0,0,0,0.0,0.0,5.991462752596988e-07,true,0.0,0.0,5.991462752596988e-07,true,0.0,0.0,5.991462752596988e-07,true,true,0,0.0,0.0,5.991462752596988e-07,true,0,0,true,0,0,0,NA,0.35127200000000003,0,0,0,0,0,0,0,0,0,0,NA,NA,NA,NA,NA,NA,NA
E2,pooled,native,SPLIT,float,libc++,5,4.5,5,5000000,5000000,0,0,0,5000000,0,0,0,0,0,0,0,0.0,0.0,5.991462752596988e-07,true,0.0,0.0,5.991462752596988e-07,true,0.0,0.0,5.991462752596988e-07,true,true,0,0.0,0.0,5.991462752596988e-07,true,0,0,true,0,0,0,NA,0.580203,0,0,0,0,0,0,0,0,0,0,NA,NA,NA,NA,NA,NA,NA
E2,pooled,native,SPLIT,float,libstdc++,5,4.5,5,5000000,5000000,0,0,0,5000000,0,0,0,0,0,0,0,0.0,0.0,5.991462752596988e-07,true,0.0,0.0,5.991462752596988e-07,true,0.0,0.0,5.991462752596988e-07,true,true,0,0.0,0.0,5.991462752596988e-07,true,0,0,true,0,0,0,NA,0.352054,0,0,0,0,0,0,0,0,0,0,NA,NA,NA,NA,NA,NA,NA
E2,pooled,paired,LOG,double,libc++,0.5001,9.999999999998899e-05,5,5000000,661633,4338367,0,4338367,661633,0,0,0,0,4338367,0,0,0.8676734,0.8673760813836622,0.8679702927625117,false,0.0,0.0,5.991462752596988e-07,true,0.8676734,0.8673760813836622,0.8679702927625117,false,true,4338367,0.8676734,0.8673760813836622,0.8679702927625117,false,3527,0,true,4641456,17009,0,0.00040980113229987147,0,3527,3527,317764,3208,615,65,4336563,870,341531,35,NA,NA,NA,NA,NA,NA,NA
E2,pooled,paired,LOG,double,libstdc++,0.5001,9.999999999998899e-05,5,5000000,663228,4336772,0,4336772,663228,0,0,0,0,4336772,0,0,0.8673544,0.867056778455896,0.8676515960599425,false,0.0,0.0,5.991462752596988e-07,true,0.8673544,0.867056778455896,0.8676515960599425,false,true,4336772,0.8673544,0.867056778455896,0.8676515960599425,false,3475,0,true,4640976,17263,0,0.0004136992420879817,0,3475,3475,319051,3232,672,69,4335043,861,341759,35,NA,NA,NA,NA,NA,NA,NA
E2,pooled,paired,QF,double,libc++,0.5001,9.999999999998899e-05,5,5000000,342146,4657854,319487,4338367,342146,303089,16398,0,0,4338367,0,0,0.9315708,0.9313491447315301,0.9317919553298302,false,0.0638974,0.06368318137784004,0.0641121238202979,false,0.8676734,0.8673760813836622,0.8679702927625117,false,true,4338367,0.8676734,0.8673760813836622,0.8679702927625117,false,3527,0,true,4641456,17009,0,0.00040980113229987147,0,3527,3527,317764,3208,615,65,4336563,870,341531,35,NA,NA,NA,NA,NA,NA,NA
E2,pooled,paired,QF,double,libstdc++,0.5001,9.999999999998899e-05,5,5000000,342431,4657569,320797,4336772,342431,304204,16593,0,0,4336772,0,0,0.9315138,0.931292059386106,0.9317350407413998,false,0.0641594,0.06394477224323422,0.0643745326507988,false,0.8673544,0.867056778455896,0.8676515960599425,false,true,4336772,0.8673544,0.867056778455896,0.8676515960599425,false,3475,0,true,4640976,17263,0,0.0004136992420879817,0,3475,3475,319051,3232,672,69,4335043,861,341759,35,NA,NA,NA,NA,NA,NA,NA
E2,pooled,paired,SPLIT,double,libc++,0.5001,9.999999999998899e-05,5,5000000,358544,4641456,303089,4338367,358544,303089,0,0,0,4338367,0,0,0.9282912,0.9280647045938111,0.9285171992730538,false,0.0606178,0.06040879171401521,0.06082731729117501,false,0.8676734,0.8673760813836622,0.8679702927625117,false,true,4338367,0.8676734,0.8673760813836622,0.8679702927625117,false,3527,0,true,4641456,17009,0,0.00040980113229987147,0,3527,3527,317764,3208,615,65,4336563,870,341531,35,NA,NA,NA,NA,NA,NA,NA
E2,pooled,paired,SPLIT,double,libstdc++,0.5001,9.999999999998899e-05,5,5000000,359024,4640976,304204,4336772,359024,304204,0,0,0,4336772,0,0,0.9281952,0.9279685650248755,0.9284213389533789,false,0.0608408,0.060631432079134996,0.06105067666716699,false,0.8673544,0.867056778455896,0.8676515960599425,false,true,4336772,0.8673544,0.867056778455896,0.8676515960599425,false,3475,0,true,4640976,17263,0,0.0004136992420879817,0,3475,3475,319051,3232,672,69,4335043,861,341759,35,NA,NA,NA,NA,NA,NA,NA
E2,pooled,paired,LOG,double,libc++,0.501,0.0010000000000000009,5,5000000,3792359,1207641,0,1207641,3792359,0,0,0,0,1207641,0,0,0.2415282,0.2411530895697333,0.24190360977461667,false,0.0,0.0,5.991462752596988e-07,true,0.2415282,0.2411530895697333,0.24190360977461667,false,true,1207641,0.2415282,0.2411530895697333,0.24190360977461667,false,9705,0,true,2375957,88463,0,0.00027524833194147525,0,9705,9705,1248488,12606,3414,343,1202828,254,2535565,255,NA,NA,NA,NA,NA,NA,NA
E2,pooled,paired,LOG,double,libstdc++,0.501,0.0010000000000000009,5,5000000,3791426,1208574,0,1208574,3791426,0,0,0,0,1208574,0,0,0.2417148,0.24133959073827654,0.24209030838994078,false,0.0,0.0,5.991462752596988e-07,true,0.2417148,0.24133959073827654,0.24209030838994078,false,true,1208574,0.2417148,0.24133959073827654,0.24209030838994078,false,9555,0,true,2374881,88096,0,0.00028165779988434516,0,9555,9555,1246308,12570,3385,340,1203750,251,2537002,255,NA,NA,NA,NA,NA,NA,NA
E2,pooled,paired,QF,double,libc++,0.501,0.0010000000000000009,5,5000000,2538979,2461021,1253380,1207641,2538979,1168316,85064,0,0,1207641,0,0,0.4922042,0.49176589662333764,0.4926425124047684,false,0.250676,0.2502961575757075,0.2510561311730055,false,0.2415282,0.2411530895697333,0.24190360977461667,false,true,1207641,0.2415282,0.2411530895697333,0.24190360977461667,false,9705,0,true,2375957,88463,0,0.00027524833194147525,0,9705,9705,1248488,12606,3414,343,1202828,254,2535565,255,NA,NA,NA,NA,NA,NA,NA
E2,pooled,paired,QF,double,libstdc++,0.501,0.0010000000000000009,5,5000000,2540387,2459613,1251039,1208574,2540387,1166307,84732,0,0,1208574,0,0,0.4919226,0.49148430070486415,0.492360908649381,false,0.2502078,0.24982819422639452,0.2505876950646196,false,0.2417148,0.24133959073827654,0.24209030838994078,false,true,1208574,0.2417148,0.24133959073827654,0.24209030838994078,false,9555,0,true,2374881,88096,0,0.00028165779988434516,0,9555,9555,1246308,12570,3385,340,1203750,251,2537002,255,NA,NA,NA,NA,NA,NA,NA
E2,pooled,paired,SPLIT,double,libc++,0.501,0.0010000000000000009,5,5000000,2624043,2375957,1168316,1207641,2624043,1168316,0,0,0,1207641,0,0,0.4751914,0.474753593003498,0.4756292357266683,false,0.2336632,0.23329234468474327,0.2340343637695534,false,0.2415282,0.2411530895697333,0.24190360977461667,false,true,1207641,0.2415282,0.2411530895697333,0.24190360977461667,false,9705,0,true,2375957,88463,0,0.00027524833194147525,0,9705,9705,1248488,12606,3414,343,1202828,254,2535565,255,NA,NA,NA,NA,NA,NA,NA
E2,pooled,paired,SPLIT,double,libstdc++,0.501,0.0010000000000000009,5,5000000,2625119,2374881,1166307,1208574,2625119,1166307,0,0,0,1208574,0,0,0.4749762,0.47453840253955093,0.47541402643984115,false,0.2332614,0.23289076681696425,0.23363234210273956,false,0.2417148,0.24133959073827654,0.24209030838994078,false,true,1208574,0.2417148,0.24133959073827654,0.24209030838994078,false,9555,0,true,2374881,88096,0,0.00028165779988434516,0,9555,9555,1246308,12570,3385,340,1203750,251,2537002,255,NA,NA,NA,NA,NA,NA,NA
E2,pooled,paired,LOG,double,libc++,0.505,0.0050000000000000044,5,5000000,4995933,4067,0,4067,4995933,0,0,0,0,4067,0,0,0.0008134,0.0007886011012578936,0.0008387798808377632,false,0.0,0.0,5.991462752596988e-07,true,0.0008134,0.0007886011012578936,0.0008387798808377632,false,true,4067,0.0008134,0.0007886011012578936,0.0008387798808377632,false,165,0,true,120495,24240,0,3.9458174376739435e-05,0,165,165,139613,1409,985,101,3983,5,4855254,490,NA,NA,NA,NA,NA,NA,NA
E2,pooled,paired,LOG,double,libstdc++,0.505,0.0050000000000000044,5,5000000,4995983,4017,0,4017,4995983,0,0,0,0,4017,0,0,0.0008034,0.0007787550656970521,0.0008286259469812543,false,0.0,0.0,5.991462752596988e-07,true,0.0008034,0.0007787550656970521,0.0008286259469812543,false,true,4017,0.0008034,0.0007787550656970521,0.0008286259469812543,false,181,0,true,121409,24251,0,3.924827591292911e-05,0,181,181,140532,1419,1034,105,3919,5,4854334,490,NA,NA,NA,NA,NA,NA,NA
E2,pooled,paired,QF,double,libc++,0.505,0.0050000000000000044,5,5000000,4856239,143761,139694,4067,4856239,116428,23266,0,0,4067,0,0,0.0287522,0.028605897868939842,0.02889904819919005,false,0.0279388,0.027794524646786625,0.028083622370828003,false,0.0008134,0.0007886011012578936,0.0008387798808377632,false,true,4067,0.0008134,0.0007886011012578936,0.0008387798808377632,false,165,0,true,120495,24240,0,3.9458174376739435e-05,0,165,165,139613,1409,985,101,3983,5,4855254,490,NA,NA,NA,NA,NA,NA,NA
E2,pooled,paired,QF,double,libstdc++,0.505,0.0050000000000000044,5,5000000,4855368,144632,140615,4017,4855368,117392,23223,0,0,4017,0,0,0.0289264,0.02877966789222652,0.029073677972600537,false,0.028123,0.02797826288008726,0.028268283922481218,false,0.0008034,0.0007787550656970521,0.0008286259469812543,false,true,4017,0.0008034,0.0007787550656970521,0.0008286259469812543,false,181,0,true,121409,24251,0,3.924827591292911e-05,0,181,181,140532,1419,1034,105,3919,5,4854334,490,NA,NA,NA,NA,NA,NA,NA
E2,pooled,paired,SPLIT,double,libc++,0.505,0.0050000000000000044,5,5000000,4879505,120495,116428,4067,4879505,116428,0,0,0,4067,0,0,0.024099,0.02396475512481927,0.024233796380037434,false,0.0232856,0.023153588524533805,0.02341816393214084,false,0.0008134,0.0007886011012578936,0.0008387798808377632,false,true,4067,0.0008134,0.0007886011012578936,0.0008387798808377632,false,165,0,true,120495,24240,0,3.9458174376739435e-05,0,165,165,139613,1409,985,101,3983,5,4855254,490,NA,NA,NA,NA,NA,NA,NA
E2,pooled,paired,SPLIT,double,libstdc++,0.505,0.0050000000000000044,5,5000000,4878591,121409,117392,4017,4878591,117392,0,0,0,4017,0,0,0.0242818,0.024147058804523287,0.02441709248649487,false,0.0234784,0.0233458553990063,0.023611496832012954,false,0.0008034,0.0007787550656970521,0.0008286259469812543,false,true,4017,0.0008034,0.0007787550656970521,0.0008286259469812543,false,181,0,true,121409,24251,0,3.924827591292911e-05,0,181,181,140532,1419,1034,105,3919,5,4854334,490,NA,NA,NA,NA,NA,NA,NA
E2,pooled,paired,LOG,double,libc++,0.51,0.010000000000000009,5,5000000,4999995,5,0,5,4999995,0,0,0,0,5,0,0,1e-06,3.246973551884662e-07,2.3336648596986128e-06,false,0.0,0.0,5.991462752596988e-07,true,1e-06,3.246973551884662e-07,2.3336648596986128e-06,false,true,5,1e-06,3.246973551884662e-07,2.3336648596986128e-06,false,0,0,true,2837,1308,0,1.9391363600411416e-06,0,0,0,4088,44,52,7,5,4,4995855,500,NA,NA,NA,NA,NA,NA,NA
E2,pooled,paired,LOG,double,libstdc++,0.51,0.010000000000000009,5,5000000,4999995,5,0,5,4999995,0,0,0,0,5,0,0,1e-06,3.246973551884662e-07,2.3336648596986128e-06,false,0.0,0.0,5.991462752596988e-07,true,1e-06,3.246973551884662e-07,2.3336648596986128e-06,false,true,5,1e-06,3.246973551884662e-07,2.3336648596986128e-06,false,0,0,true,2814,1275,0,1.3396150030747627e-06,0,0,0,4028,43,57,9,5,3,4995910,500,NA,NA,NA,NA,NA,NA,NA
E2,pooled,paired,QF,double,libc++,0.51,0.010000000000000009,5,5000000,4995907,4093,4088,5,4995907,2832,1256,0,0,5,0,0,0.0008186,0.0007937214146494472,0.0008440595516808256,false,0.0008176,0.0007927367192492472,0.0008430442501056234,false,1e-06,3.246973551884662e-07,2.3336648596986128e-06,false,true,5,1e-06,3.246973551884662e-07,2.3336648596986128e-06,false,0,0,true,2837,1308,0,1.9391363600411416e-06,0,0,0,4088,44,52,7,5,4,4995855,500,NA,NA,NA,NA,NA,NA,NA
E2,pooled,paired,QF,double,libstdc++,0.51,0.010000000000000009,5,5000000,4995967,4033,4028,5,4995967,2809,1219,0,0,5,0,0,0.0008066,0.0007819056930998896,0.0008318753097536218,false,0.0008056,0.0007809211114733593,0.0008308598944464889,false,1e-06,3.246973551884662e-07,2.3336648596986128e-06,false,true,5,1e-06,3.246973551884662e-07,2.3336648596986128e-06,false,0,0,true,2814,1275,0,1.3396150030747627e-06,0,0,0,4028,43,57,9,5,3,4995910,500,NA,NA,NA,NA,NA,NA,NA
E2,pooled,paired,SPLIT,double,libc++,0.51,0.010000000000000009,5,5000000,4997163,2837,2832,5,4997163,2832,0,0,0,5,0,0,0.0005674,0.0005467167662713344,0.0005886651046588643,false,0.0005664,0.0005457351586185964,0.0005876467167015129,false,1e-06,3.246973551884662e-07,2.3336648596986128e-06,false,true,5,1e-06,3.246973551884662e-07,2.3336648596986128e-06,false,0,0,true,2837,1308,0,1.9391363600411416e-06,0,0,0,4088,44,52,7,5,4,4995855,500,NA,NA,NA,NA,NA,NA,NA
E2,pooled,paired,SPLIT,double,libstdc++,0.51,0.010000000000000009,5,5000000,4997186,2814,2809,5,4997186,2809,0,0,0,5,0,0,0.0005628,0.0005422015061069221,0.0005839803850879355,false,0.0005618,0.0005412199736617896,0.000582961921962624,false,1e-06,3.246973551884662e-07,2.3336648596986128e-06,false,true,5,1e-06,3.246973551884662e-07,2.3336648596986128e-06,false,0,0,true,2814,1275,0,1.3396150030747627e-06,0,0,0,4028,43,57,9,5,3,4995910,500,NA,NA,NA,NA,NA,NA,NA
E2,pooled,paired,LOG,double,libc++,0.55,0.050000000000000044,5,5000000,5000000,0,0,0,5000000,0,0,0,0,0,0,0,0.0,0.0,5.991462752596988e-07,true,0.0,0.0,5.991462752596988e-07,true,0.0,0.0,5.991462752596988e-07,true,true,0,0.0,0.0,5.991462752596988e-07,true,0,0,true,0,0,0,6.80462983612003e-16,0,0,0,0,0,0,0,0,0,5000000,500,NA,NA,NA,NA,NA,NA,NA
E2,pooled,paired,LOG,double,libstdc++,0.55,0.050000000000000044,5,5000000,5000000,0,0,0,5000000,0,0,0,0,0,0,0,0.0,0.0,5.991462752596988e-07,true,0.0,0.0,5.991462752596988e-07,true,0.0,0.0,5.991462752596988e-07,true,true,0,0.0,0.0,5.991462752596988e-07,true,0,0,true,0,0,0,6.80419231905597e-16,0,0,0,0,0,0,0,0,0,5000000,500,NA,NA,NA,NA,NA,NA,NA
E2,pooled,paired,QF,double,libc++,0.55,0.050000000000000044,5,5000000,5000000,0,0,0,5000000,0,0,0,0,0,0,0,0.0,0.0,5.991462752596988e-07,true,0.0,0.0,5.991462752596988e-07,true,0.0,0.0,5.991462752596988e-07,true,true,0,0.0,0.0,5.991462752596988e-07,true,0,0,true,0,0,0,6.80462983612003e-16,0,0,0,0,0,0,0,0,0,5000000,500,NA,NA,NA,NA,NA,NA,NA
E2,pooled,paired,QF,double,libstdc++,0.55,0.050000000000000044,5,5000000,5000000,0,0,0,5000000,0,0,0,0,0,0,0,0.0,0.0,5.991462752596988e-07,true,0.0,0.0,5.991462752596988e-07,true,0.0,0.0,5.991462752596988e-07,true,true,0,0.0,0.0,5.991462752596988e-07,true,0,0,true,0,0,0,6.80419231905597e-16,0,0,0,0,0,0,0,0,0,5000000,500,NA,NA,NA,NA,NA,NA,NA
E2,pooled,paired,SPLIT,double,libc++,0.55,0.050000000000000044,5,5000000,5000000,0,0,0,5000000,0,0,0,0,0,0,0,0.0,0.0,5.991462752596988e-07,true,0.0,0.0,5.991462752596988e-07,true,0.0,0.0,5.991462752596988e-07,true,true,0,0.0,0.0,5.991462752596988e-07,true,0,0,true,0,0,0,6.80462983612003e-16,0,0,0,0,0,0,0,0,0,5000000,500,NA,NA,NA,NA,NA,NA,NA
E2,pooled,paired,SPLIT,double,libstdc++,0.55,0.050000000000000044,5,5000000,5000000,0,0,0,5000000,0,0,0,0,0,0,0,0.0,0.0,5.991462752596988e-07,true,0.0,0.0,5.991462752596988e-07,true,0.0,0.0,5.991462752596988e-07,true,true,0,0.0,0.0,5.991462752596988e-07,true,0,0,true,0,0,0,6.80419231905597e-16,0,0,0,0,0,0,0,0,0,5000000,500,NA,NA,NA,NA,NA,NA,NA
E2,pooled,paired,LOG,double,libc++,0.6,0.09999999999999998,5,5000000,5000000,0,0,0,5000000,0,0,0,0,0,0,0,0.0,0.0,5.991462752596988e-07,true,0.0,0.0,5.991462752596988e-07,true,0.0,0.0,5.991462752596988e-07,true,true,0,0.0,0.0,5.991462752596988e-07,true,0,0,true,0,0,0,4.0040326897951485e-16,0,0,0,0,0,0,0,0,0,5000000,500,NA,NA,NA,NA,NA,NA,NA
E2,pooled,paired,LOG,double,libstdc++,0.6,0.09999999999999998,5,5000000,5000000,0,0,0,5000000,0,0,0,0,0,0,0,0.0,0.0,5.991462752596988e-07,true,0.0,0.0,5.991462752596988e-07,true,0.0,0.0,5.991462752596988e-07,true,true,0,0.0,0.0,5.991462752596988e-07,true,0,0,true,0,0,0,4.01388898652219e-16,0,0,0,0,0,0,0,0,0,5000000,500,NA,NA,NA,NA,NA,NA,NA
E2,pooled,paired,QF,double,libc++,0.6,0.09999999999999998,5,5000000,5000000,0,0,0,5000000,0,0,0,0,0,0,0,0.0,0.0,5.991462752596988e-07,true,0.0,0.0,5.991462752596988e-07,true,0.0,0.0,5.991462752596988e-07,true,true,0,0.0,0.0,5.991462752596988e-07,true,0,0,true,0,0,0,4.0040326897951485e-16,0,0,0,0,0,0,0,0,0,5000000,500,NA,NA,NA,NA,NA,NA,NA
E2,pooled,paired,QF,double,libstdc++,0.6,0.09999999999999998,5,5000000,5000000,0,0,0,5000000,0,0,0,0,0,0,0,0.0,0.0,5.991462752596988e-07,true,0.0,0.0,5.991462752596988e-07,true,0.0,0.0,5.991462752596988e-07,true,true,0,0.0,0.0,5.991462752596988e-07,true,0,0,true,0,0,0,4.01388898652219e-16,0,0,0,0,0,0,0,0,0,5000000,500,NA,NA,NA,NA,NA,NA,NA
E2,pooled,paired,SPLIT,double,libc++,0.6,0.09999999999999998,5,5000000,5000000,0,0,0,5000000,0,0,0,0,0,0,0,0.0,0.0,5.991462752596988e-07,true,0.0,0.0,5.991462752596988e-07,true,0.0,0.0,5.991462752596988e-07,true,true,0,0.0,0.0,5.991462752596988e-07,true,0,0,true,0,0,0,4.0040326897951485e-16,0,0,0,0,0,0,0,0,0,5000000,500,NA,NA,NA,NA,NA,NA,NA
E2,pooled,paired,SPLIT,double,libstdc++,0.6,0.09999999999999998,5,5000000,5000000,0,0,0,5000000,0,0,0,0,0,0,0,0.0,0.0,5.991462752596988e-07,true,0.0,0.0,5.991462752596988e-07,true,0.0,0.0,5.991462752596988e-07,true,true,0,0.0,0.0,5.991462752596988e-07,true,0,0,true,0,0,0,4.01388898652219e-16,0,0,0,0,0,0,0,0,0,5000000,500,NA,NA,NA,NA,NA,NA,NA
E2,pooled,paired,LOG,double,libc++,0.75,0.25,5,5000000,5000000,0,0,0,5000000,0,0,0,0,0,0,0,0.0,0.0,5.991462752596988e-07,true,0.0,0.0,5.991462752596988e-07,true,0.0,0.0,5.991462752596988e-07,true,true,0,0.0,0.0,5.991462752596988e-07,true,0,0,true,0,0,0,1.4888434958431154e-16,0,0,0,0,0,0,0,0,0,5000000,500,NA,NA,NA,NA,NA,NA,NA
E2,pooled,paired,LOG,double,libstdc++,0.75,0.25,5,5000000,5000000,0,0,0,5000000,0,0,0,0,0,0,0,0.0,0.0,5.991462752596988e-07,true,0.0,0.0,5.991462752596988e-07,true,0.0,0.0,5.991462752596988e-07,true,true,0,0.0,0.0,5.991462752596988e-07,true,0,0,true,0,0,0,1.4878550690240763e-16,0,0,0,0,0,0,0,0,0,5000000,500,NA,NA,NA,NA,NA,NA,NA
E2,pooled,paired,QF,double,libc++,0.75,0.25,5,5000000,5000000,0,0,0,5000000,0,0,0,0,0,0,0,0.0,0.0,5.991462752596988e-07,true,0.0,0.0,5.991462752596988e-07,true,0.0,0.0,5.991462752596988e-07,true,true,0,0.0,0.0,5.991462752596988e-07,true,0,0,true,0,0,0,1.4888434958431154e-16,0,0,0,0,0,0,0,0,0,5000000,500,NA,NA,NA,NA,NA,NA,NA
E2,pooled,paired,QF,double,libstdc++,0.75,0.25,5,5000000,5000000,0,0,0,5000000,0,0,0,0,0,0,0,0.0,0.0,5.991462752596988e-07,true,0.0,0.0,5.991462752596988e-07,true,0.0,0.0,5.991462752596988e-07,true,true,0,0.0,0.0,5.991462752596988e-07,true,0,0,true,0,0,0,1.4878550690240763e-16,0,0,0,0,0,0,0,0,0,5000000,500,NA,NA,NA,NA,NA,NA,NA
E2,pooled,paired,SPLIT,double,libc++,0.75,0.25,5,5000000,5000000,0,0,0,5000000,0,0,0,0,0,0,0,0.0,0.0,5.991462752596988e-07,true,0.0,0.0,5.991462752596988e-07,true,0.0,0.0,5.991462752596988e-07,true,true,0,0.0,0.0,5.991462752596988e-07,true,0,0,true,0,0,0,1.4888434958431154e-16,0,0,0,0,0,0,0,0,0,5000000,500,NA,NA,NA,NA,NA,NA,NA
E2,pooled,paired,SPLIT,double,libstdc++,0.75,0.25,5,5000000,5000000,0,0,0,5000000,0,0,0,0,0,0,0,0.0,0.0,5.991462752596988e-07,true,0.0,0.0,5.991462752596988e-07,true,0.0,0.0,5.991462752596988e-07,true,true,0,0.0,0.0,5.991462752596988e-07,true,0,0,true,0,0,0,1.4878550690240763e-16,0,0,0,0,0,0,0,0,0,5000000,500,NA,NA,NA,NA,NA,NA,NA
E2,pooled,paired,LOG,double,libc++,1,0.5,5,5000000,5000000,0,0,0,5000000,0,0,0,0,0,0,0,0.0,0.0,5.991462752596988e-07,true,0.0,0.0,5.991462752596988e-07,true,0.0,0.0,5.991462752596988e-07,true,true,0,0.0,0.0,5.991462752596988e-07,true,0,0,true,0,0,0,1.0288207512950476e-16,0,0,0,0,0,0,0,0,0,5000000,500,NA,NA,NA,NA,NA,NA,NA
E2,pooled,paired,LOG,double,libstdc++,1,0.5,5,5000000,5000000,0,0,0,5000000,0,0,0,0,0,0,0,0.0,0.0,5.991462752596988e-07,true,0.0,0.0,5.991462752596988e-07,true,0.0,0.0,5.991462752596988e-07,true,true,0,0.0,0.0,5.991462752596988e-07,true,0,0,true,0,0,0,1.0283642966366537e-16,0,0,0,0,0,0,0,0,0,5000000,500,NA,NA,NA,NA,NA,NA,NA
E2,pooled,paired,QF,double,libc++,1,0.5,5,5000000,5000000,0,0,0,5000000,0,0,0,0,0,0,0,0.0,0.0,5.991462752596988e-07,true,0.0,0.0,5.991462752596988e-07,true,0.0,0.0,5.991462752596988e-07,true,true,0,0.0,0.0,5.991462752596988e-07,true,0,0,true,0,0,0,1.0288207512950476e-16,0,0,0,0,0,0,0,0,0,5000000,500,NA,NA,NA,NA,NA,NA,NA
E2,pooled,paired,QF,double,libstdc++,1,0.5,5,5000000,5000000,0,0,0,5000000,0,0,0,0,0,0,0,0.0,0.0,5.991462752596988e-07,true,0.0,0.0,5.991462752596988e-07,true,0.0,0.0,5.991462752596988e-07,true,true,0,0.0,0.0,5.991462752596988e-07,true,0,0,true,0,0,0,1.0283642966366537e-16,0,0,0,0,0,0,0,0,0,5000000,500,NA,NA,NA,NA,NA,NA,NA
E2,pooled,paired,SPLIT,double,libc++,1,0.5,5,5000000,5000000,0,0,0,5000000,0,0,0,0,0,0,0,0.0,0.0,5.991462752596988e-07,true,0.0,0.0,5.991462752596988e-07,true,0.0,0.0,5.991462752596988e-07,true,true,0,0.0,0.0,5.991462752596988e-07,true,0,0,true,0,0,0,1.0288207512950476e-16,0,0,0,0,0,0,0,0,0,5000000,500,NA,NA,NA,NA,NA,NA,NA
E2,pooled,paired,SPLIT,double,libstdc++,1,0.5,5,5000000,5000000,0,0,0,5000000,0,0,0,0,0,0,0,0.0,0.0,5.991462752596988e-07,true,0.0,0.0,5.991462752596988e-07,true,0.0,0.0,5.991462752596988e-07,true,true,0,0.0,0.0,5.991462752596988e-07,true,0,0,true,0,0,0,1.0283642966366537e-16,0,0,0,0,0,0,0,0,0,5000000,500,NA,NA,NA,NA,NA,NA,NA
E2,pooled,paired,LOG,double,libc++,1.5,1.0,5,5000000,5000000,0,0,0,5000000,0,0,0,0,0,0,0,0.0,0.0,5.991462752596988e-07,true,0.0,0.0,5.991462752596988e-07,true,0.0,0.0,5.991462752596988e-07,true,true,0,0.0,0.0,5.991462752596988e-07,true,0,0,true,0,0,0,8.17902209174201e-17,0,0,0,0,0,0,0,0,0,5000000,500,NA,NA,NA,NA,NA,NA,NA
E2,pooled,paired,LOG,double,libstdc++,1.5,1.0,5,5000000,5000000,0,0,0,5000000,0,0,0,0,0,0,0,0.0,0.0,5.991462752596988e-07,true,0.0,0.0,5.991462752596988e-07,true,0.0,0.0,5.991462752596988e-07,true,true,0,0.0,0.0,5.991462752596988e-07,true,0,0,true,0,0,0,8.177663547788361e-17,0,0,0,0,0,0,0,0,0,5000000,500,NA,NA,NA,NA,NA,NA,NA
E2,pooled,paired,QF,double,libc++,1.5,1.0,5,5000000,5000000,0,0,0,5000000,0,0,0,0,0,0,0,0.0,0.0,5.991462752596988e-07,true,0.0,0.0,5.991462752596988e-07,true,0.0,0.0,5.991462752596988e-07,true,true,0,0.0,0.0,5.991462752596988e-07,true,0,0,true,0,0,0,8.17902209174201e-17,0,0,0,0,0,0,0,0,0,5000000,500,NA,NA,NA,NA,NA,NA,NA
E2,pooled,paired,QF,double,libstdc++,1.5,1.0,5,5000000,5000000,0,0,0,5000000,0,0,0,0,0,0,0,0.0,0.0,5.991462752596988e-07,true,0.0,0.0,5.991462752596988e-07,true,0.0,0.0,5.991462752596988e-07,true,true,0,0.0,0.0,5.991462752596988e-07,true,0,0,true,0,0,0,8.177663547788361e-17,0,0,0,0,0,0,0,0,0,5000000,500,NA,NA,NA,NA,NA,NA,NA
E2,pooled,paired,SPLIT,double,libc++,1.5,1.0,5,5000000,5000000,0,0,0,5000000,0,0,0,0,0,0,0,0.0,0.0,5.991462752596988e-07,true,0.0,0.0,5.991462752596988e-07,true,0.0,0.0,5.991462752596988e-07,true,true,0,0.0,0.0,5.991462752596988e-07,true,0,0,true,0,0,0,8.17902209174201e-17,0,0,0,0,0,0,0,0,0,5000000,500,NA,NA,NA,NA,NA,NA,NA
E2,pooled,paired,SPLIT,double,libstdc++,1.5,1.0,5,5000000,5000000,0,0,0,5000000,0,0,0,0,0,0,0,0.0,0.0,5.991462752596988e-07,true,0.0,0.0,5.991462752596988e-07,true,0.0,0.0,5.991462752596988e-07,true,true,0,0.0,0.0,5.991462752596988e-07,true,0,0,true,0,0,0,8.177663547788361e-17,0,0,0,0,0,0,0,0,0,5000000,500,NA,NA,NA,NA,NA,NA,NA
E2,pooled,paired,LOG,double,libc++,2,1.5,5,5000000,5000000,0,0,0,5000000,0,0,0,0,0,0,0,0.0,0.0,5.991462752596988e-07,true,0.0,0.0,5.991462752596988e-07,true,0.0,0.0,5.991462752596988e-07,true,true,0,0.0,0.0,5.991462752596988e-07,true,0,0,true,0,0,0,8.361346291643783e-17,0,0,0,0,0,0,0,0,0,5000000,500,NA,NA,NA,NA,NA,NA,NA
E2,pooled,paired,LOG,double,libstdc++,2,1.5,5,5000000,5000000,0,0,0,5000000,0,0,0,0,0,0,0,0.0,0.0,5.991462752596988e-07,true,0.0,0.0,5.991462752596988e-07,true,0.0,0.0,5.991462752596988e-07,true,true,0,0.0,0.0,5.991462752596988e-07,true,0,0,true,0,0,0,8.360660572780912e-17,0,0,0,0,0,0,0,0,0,5000000,500,NA,NA,NA,NA,NA,NA,NA
E2,pooled,paired,QF,double,libc++,2,1.5,5,5000000,5000000,0,0,0,5000000,0,0,0,0,0,0,0,0.0,0.0,5.991462752596988e-07,true,0.0,0.0,5.991462752596988e-07,true,0.0,0.0,5.991462752596988e-07,true,true,0,0.0,0.0,5.991462752596988e-07,true,0,0,true,0,0,0,8.361346291643783e-17,0,0,0,0,0,0,0,0,0,5000000,500,NA,NA,NA,NA,NA,NA,NA
E2,pooled,paired,QF,double,libstdc++,2,1.5,5,5000000,5000000,0,0,0,5000000,0,0,0,0,0,0,0,0.0,0.0,5.991462752596988e-07,true,0.0,0.0,5.991462752596988e-07,true,0.0,0.0,5.991462752596988e-07,true,true,0,0.0,0.0,5.991462752596988e-07,true,0,0,true,0,0,0,8.360660572780912e-17,0,0,0,0,0,0,0,0,0,5000000,500,NA,NA,NA,NA,NA,NA,NA
E2,pooled,paired,SPLIT,double,libc++,2,1.5,5,5000000,5000000,0,0,0,5000000,0,0,0,0,0,0,0,0.0,0.0,5.991462752596988e-07,true,0.0,0.0,5.991462752596988e-07,true,0.0,0.0,5.991462752596988e-07,true,true,0,0.0,0.0,5.991462752596988e-07,true,0,0,true,0,0,0,8.361346291643783e-17,0,0,0,0,0,0,0,0,0,5000000,500,NA,NA,NA,NA,NA,NA,NA
E2,pooled,paired,SPLIT,double,libstdc++,2,1.5,5,5000000,5000000,0,0,0,5000000,0,0,0,0,0,0,0,0.0,0.0,5.991462752596988e-07,true,0.0,0.0,5.991462752596988e-07,true,0.0,0.0,5.991462752596988e-07,true,true,0,0.0,0.0,5.991462752596988e-07,true,0,0,true,0,0,0,8.360660572780912e-17,0,0,0,0,0,0,0,0,0,5000000,500,NA,NA,NA,NA,NA,NA,NA
E2,pooled,paired,LOG,double,libc++,5,4.5,5,5000000,5000000,0,0,0,5000000,0,0,0,0,0,0,0,0.0,0.0,5.991462752596988e-07,true,0.0,0.0,5.991462752596988e-07,true,0.0,0.0,5.991462752596988e-07,true,true,0,0.0,0.0,5.991462752596988e-07,true,0,0,true,0,0,0,8.57236471298776e-17,0,0,0,0,0,0,0,0,0,5000000,500,NA,NA,NA,NA,NA,NA,NA
E2,pooled,paired,LOG,double,libstdc++,5,4.5,5,5000000,5000000,0,0,0,5000000,0,0,0,0,0,0,0,0.0,0.0,5.991462752596988e-07,true,0.0,0.0,5.991462752596988e-07,true,0.0,0.0,5.991462752596988e-07,true,true,0,0.0,0.0,5.991462752596988e-07,true,0,0,true,0,0,0,8.559866812106506e-17,0,0,0,0,0,0,0,0,0,5000000,500,NA,NA,NA,NA,NA,NA,NA
E2,pooled,paired,QF,double,libc++,5,4.5,5,5000000,5000000,0,0,0,5000000,0,0,0,0,0,0,0,0.0,0.0,5.991462752596988e-07,true,0.0,0.0,5.991462752596988e-07,true,0.0,0.0,5.991462752596988e-07,true,true,0,0.0,0.0,5.991462752596988e-07,true,0,0,true,0,0,0,8.57236471298776e-17,0,0,0,0,0,0,0,0,0,5000000,500,NA,NA,NA,NA,NA,NA,NA
E2,pooled,paired,QF,double,libstdc++,5,4.5,5,5000000,5000000,0,0,0,5000000,0,0,0,0,0,0,0,0.0,0.0,5.991462752596988e-07,true,0.0,0.0,5.991462752596988e-07,true,0.0,0.0,5.991462752596988e-07,true,true,0,0.0,0.0,5.991462752596988e-07,true,0,0,true,0,0,0,8.559866812106506e-17,0,0,0,0,0,0,0,0,0,5000000,500,NA,NA,NA,NA,NA,NA,NA
E2,pooled,paired,SPLIT,double,libc++,5,4.5,5,5000000,5000000,0,0,0,5000000,0,0,0,0,0,0,0,0.0,0.0,5.991462752596988e-07,true,0.0,0.0,5.991462752596988e-07,true,0.0,0.0,5.991462752596988e-07,true,true,0,0.0,0.0,5.991462752596988e-07,true,0,0,true,0,0,0,8.57236471298776e-17,0,0,0,0,0,0,0,0,0,5000000,500,NA,NA,NA,NA,NA,NA,NA
E2,pooled,paired,SPLIT,double,libstdc++,5,4.5,5,5000000,5000000,0,0,0,5000000,0,0,0,0,0,0,0,0.0,0.0,5.991462752596988e-07,true,0.0,0.0,5.991462752596988e-07,true,0.0,0.0,5.991462752596988e-07,true,true,0,0.0,0.0,5.991462752596988e-07,true,0,0,true,0,0,0,8.559866812106506e-17,0,0,0,0,0,0,0,0,0,5000000,500,NA,NA,NA,NA,NA,NA,NA
E2,pooled,paired,LOG,float,libc++,0.5001,0.00010001659393310547,5,5000000,87895,4912105,0,4912105,87895,0,0,0,0,4912105,0,0,0.982421,0.9823054317852116,0.9825360090621421,false,0.0,0.0,5.991462752596988e-07,true,0.982421,0.9823054317852116,0.9825360090621421,false,true,4912105,0.982421,0.9823054317852116,0.9825360090621421,false,3975,0,true,4948938,8042,0,0.002981780550002274,0,3975,3975,42233,427,618,64,4910156,978,43018,5,NA,NA,NA,NA,NA,NA,NA
E2,pooled,paired,LOG,float,libstdc++,0.5001,0.00010001659393310547,5,5000000,88366,4911634,0,4911634,88366,0,0,0,0,4911634,0,0,0.9823268,0.9822109291627564,0.982442111795465,false,0.0,0.0,5.991462752596988e-07,true,0.9823268,0.9822109291627564,0.982442111795465,false,true,4911634,0.9823268,0.9822109291627564,0.982442111795465,false,3875,0,true,4948399,8243,0,0.0030227723063016043,0,3875,3875,42406,429,676,70,4909692,984,43351,5,NA,NA,NA,NA,NA,NA,NA
E2,pooled,paired,QF,float,libc++,0.5001,0.00010001659393310547,5,5000000,43636,4956364,44259,4912105,43636,36833,7426,0,0,4912105,0,0,0.9912728,0.991190888692983,0.9913541416243628,false,0.0088518,0.008769883542538544,0.008934285989157112,false,0.982421,0.9823054317852116,0.9825360090621421,false,true,4912105,0.982421,0.9823054317852116,0.9825360090621421,false,3975,0,true,4948938,8042,0,0.002981780550002274,0,3975,3975,42233,427,618,64,4910156,978,43018,5,NA,NA,NA,NA,NA,NA,NA
E2,pooled,paired,QF,float,libstdc++,0.5001,0.00010001659393310547,5,5000000,44027,4955973,44339,4911634,44027,36765,7574,0,0,4911634,0,0,0.9911946,0.9911123275292386,0.9912763028828665,false,0.0088678,0.008785810029468143,0.00895035948285277,false,0.9823268,0.9822109291627564,0.982442111795465,false,true,4911634,0.9823268,0.9822109291627564,0.982442111795465,false,3875,0,true,4948399,8243,0,0.0030227723063016043,0,3875,3875,42406,429,676,70,4909692,984,43351,5,NA,NA,NA,NA,NA,NA,NA
E2,pooled,paired,SPLIT,float,libc++,0.5001,0.00010001659393310547,5,5000000,51062,4948938,36833,4912105,51062,36833,0,0,0,4912105,0,0,0.9897876,0.9896990910331696,0.9898755410754552,false,0.0073666,0.007291832011467817,0.007441939330253692,false,0.982421,0.9823054317852116,0.9825360090621421,false,true,4912105,0.982421,0.9823054317852116,0.9825360090621421,false,3975,0,true,4948938,8042,0,0.002981780550002274,0,3975,3975,42233,427,618,64,4910156,978,43018,5,NA,NA,NA,NA,NA,NA,NA
E2,pooled,paired,SPLIT,float,libstdc++,0.5001,0.00010001659393310547,5,5000000,51601,4948399,36765,4911634,51601,36765,0,0,0,4911634,0,0,0.9896798,0.9895908320313082,0.9897682002067262,false,0.007353,0.007278300726797773,0.007428270631621874,false,0.9823268,0.9822109291627564,0.982442111795465,false,true,4911634,0.9823268,0.9822109291627564,0.982442111795465,false,3875,0,true,4948399,8243,0,0.0030227723063016043,0,3875,3875,42406,429,676,70,4909692,984,43351,5,NA,NA,NA,NA,NA,NA,NA
E2,pooled,paired,LOG,float,libc++,0.501,0.0009999871253967285,5,5000000,814432,4185568,0,4185568,814432,0,0,0,0,4185568,0,0,0.8371136,0.8367896383597719,0.8374371711963104,false,0.0,0.0,5.991462752596988e-07,true,0.8371136,0.8367896383597719,0.8374371711963104,false,true,4185568,0.8371136,0.8367896383597719,0.8374371711963104,false,33758,0,true,4509624,74809,0,0.002902119497776376,0,33758,33758,375860,3790,6067,611,4168799,835,415516,45,NA,NA,NA,NA,NA,NA,NA
E2,pooled,paired,LOG,float,libstdc++,0.501,0.0009999871253967285,5,5000000,815446,4184554,0,4184554,815446,0,0,0,0,4184554,0,0,0.8369108,0.8365866762839251,0.8372345335071115,false,0.0,0.0,5.991462752596988e-07,true,0.8369108,0.8365866762839251,0.8372345335071115,false,true,4184554,0.8369108,0.8365866762839251,0.8372345335071115,false,33673,0,true,4509462,74897,0,0.002835487997628893,0,33673,33673,376586,3799,6257,631,4167885,837,415599,45,NA,NA,NA,NA,NA,NA,NA
E2,pooled,paired,QF,float,libc++,0.501,0.0009999871253967285,5,5000000,421583,4578417,392849,4185568,421583,324056,68793,0,0,4185568,0,0,0.9156834,0.9154395068966571,0.9159268115952727,false,0.0785698,0.07833410153414114,0.07880598663943743,false,0.8371136,0.8367896383597719,0.8374371711963104,false,true,4185568,0.8371136,0.8367896383597719,0.8374371711963104,false,33758,0,true,4509624,74809,0,0.002902119497776376,0,33758,33758,375860,3790,6067,611,4168799,835,415516,45,NA,NA,NA,NA,NA,NA,NA
E2,pooled,paired,QF,float,libstdc++,0.501,0.0009999871253967285,5,5000000,421856,4578144,393590,4184554,421856,324908,68682,0,0,4184554,0,0,0.9156288,0.9153848353475238,0.915872283207729,false,0.078718,0.07848209811231753,0.07895438988935606,false,0.8369108,0.8365866762839251,0.8372345335071115,false,true,4184554,0.8369108,0.8365866762839251,0.8372345335071115,false,33673,0,true,4509462,74897,0,0.002835487997628893,0,33673,33673,376586,3799,6257,631,4167885,837,415599,45,NA,NA,NA,NA,NA,NA,NA
E2,pooled,paired,SPLIT,float,libc++,0.501,0.0009999871253967285,5,5000000,490376,4509624,324056,4185568,490376,324056,0,0,0,4185568,0,0,0.9019248,0.9016637751339835,0.9021853593119165,false,0.0648112,0.06459555882686108,0.06502734531063929,false,0.8371136,0.8367896383597719,0.8374371711963104,false,true,4185568,0.8371136,0.8367896383597719,0.8374371711963104,false,33758,0,true,4509624,74809,0,0.002902119497776376,0,33758,33758,375860,3790,6067,611,4168799,835,415516,45,NA,NA,NA,NA,NA,NA,NA
E2,pooled,paired,SPLIT,float,libstdc++,0.501,0.0009999871253967285,5,5000000,490538,4509462,324908,4184554,490538,324908,0,0,0,4184554,0,0,0.9018924,0.9016313367786575,0.9021529977048091,false,0.0649816,0.06476569492183347,0.06519800901789241,false,0.8369108,0.8365866762839251,0.8372345335071115,false,true,4184554,0.8369108,0.8365866762839251,0.8372345335071115,false,33673,0,true,4509462,74897,0,0.002835487997628893,0,33673,33673,376586,3799,6257,631,4167885,837,415599,45,NA,NA,NA,NA,NA,NA,NA
E2,pooled,paired,LOG,float,libc++,0.505,0.004999995231628418,5,5000000,2944713,2055287,2,2055285,2944713,0,0,0,2,2055285,0,0,0.4110574,0.4106260800545755,0.4114888229479089,false,4e-07,4.844185937967241e-08,1.444936778675406e-06,false,0.411057,0.41062568011818257,0.41148842288477006,false,true,2055285,0.411057,0.41062568011818257,0.41148842288477006,false,82508,0,true,2985691,254603,0,0.0023068986936223804,0,82508,82508,1121890,11329,21832,2191,2014244,409,1759526,180,NA,NA,NA,NA,NA,NA,NA
E2,pooled,paired,LOG,float,libstdc++,0.505,0.004999995231628418,5,5000000,2944732,2055268,0,2055268,2944732,0,0,0,0,2055268,0,0,0.4110536,0.41062228065887707,0.411485022348006,false,0.0,0.0,5.991462752596988e-07,true,0.4110536,0.41062228065887707,0.411485022348006,false,true,2055268,0.4110536,0.41062228065887707,0.411485022348006,false,82456,0,true,2985358,255797,0,0.0022536995222855244,0,82456,82456,1122573,11337,22054,2209,2014240,413,1758677,180,NA,NA,NA,NA,NA,NA,NA
E2,pooled,paired,QF,float,libc++,0.505,0.004999995231628418,5,5000000,1781358,3218642,1163357,2055285,1781358,930406,232951,0,0,2055285,0,0,0.6437284,0.6433084530300723,0.6441481805197875,false,0.2326714,0.2323010938420761,0.23304201576103062,false,0.411057,0.41062568011818257,0.41148842288477006,false,true,2055285,0.411057,0.41062568011818257,0.41148842288477006,false,82508,0,true,2985691,254603,0,0.0023068986936223804,0,82508,82508,1121890,11329,21832,2191,2014244,409,1759526,180,NA,NA,NA,NA,NA,NA,NA
E2,pooled,paired,QF,float,libstdc++,0.505,0.004999995231628418,5,5000000,1780731,3219269,1164001,2055268,1780731,930090,233911,0,0,2055268,0,0,0.6438538,0.6434338859615365,0.6442735474431003,false,0.2328002,0.232429822364653,0.2331708870892638,false,0.4110536,0.41062228065887707,0.411485022348006,false,true,2055268,0.4110536,0.41062228065887707,0.411485022348006,false,82456,0,true,2985358,255797,0,0.0022536995222855244,0,82456,82456,1122573,11337,22054,2209,2014240,413,1758677,180,NA,NA,NA,NA,NA,NA,NA
E2,pooled,paired,SPLIT,float,libc++,0.505,0.004999995231628418,5,5000000,2014309,2985691,930406,2055285,2014309,930406,0,0,0,2055285,0,0,0.5971382,0.5967081328519123,0.5975681546543472,false,0.1860812,0.18574016365051368,0.18642259992164248,false,0.411057,0.41062568011818257,0.41148842288477006,false,true,2055285,0.411057,0.41062568011818257,0.41148842288477006,false,82508,0,true,2985691,254603,0,0.0023068986936223804,0,82508,82508,1121890,11329,21832,2191,2014244,409,1759526,180,NA,NA,NA,NA,NA,NA,NA
E2,pooled,paired,SPLIT,float,libstdc++,0.505,0.004999995231628418,5,5000000,2014642,2985358,930090,2055268,2014642,930090,0,0,0,2055268,0,0,0.5970716,0.5966415213331581,0.5975015662502152,false,0.186018,0.18567700837890247,0.18635935526647393,false,0.4110536,0.41062228065887707,0.411485022348006,false,true,2055268,0.4110536,0.41062228065887707,0.411485022348006,false,82456,0,true,2985358,255797,0,0.0022536995222855244,0,82456,82456,1122573,11337,22054,2209,2014240,413,1758677,180,NA,NA,NA,NA,NA,NA,NA
E2,pooled,paired,LOG,float,libc++,0.51,0.009999990463256836,5,5000000,4156235,843765,0,843765,4156235,0,0,0,0,843765,0,0,0.168753,0.1684248047184032,0.16908157892862943,false,0.0,0.0,5.991462752596988e-07,true,0.168753,0.1684248047184032,0.16908157892862943,false,true,843765,0.168753,0.1684248047184032,0.16908157892862943,false,67709,0,true,1780388,320272,0,0.00177483217692078,0,67709,67709,1194620,12063,28150,2820,810390,166,2899131,293,NA,NA,NA,NA,NA,NA,NA
E2,pooled,paired,LOG,float,libstdc++,0.51,0.009999990463256836,5,5000000,4156349,843651,0,843651,4156349,0,0,0,0,843651,0,0,0.1687302,0.1684020224076706,0.1690587612657696,false,0.0,0.0,5.991462752596988e-07,true,0.1687302,0.1684020224076706,0.1690587612657696,false,true,843651,0.1687302,0.1684020224076706,0.1690587612657696,false,67606,0,true,1780292,320261,0,0.001766013042544832,0,67606,67606,1194718,12051,28120,2817,810315,153,2899241,291,NA,NA,NA,NA,NA,NA,NA
E2,pooled,paired,QF,float,libc++,0.51,0.009999990463256836,5,5000000,2927281,2072719,1228954,843765,2927281,936623,292331,0,0,843765,0,0,0.4145438,0.4141119367913973,0.4149757621735581,false,0.2457908,0.24541345603946726,0.24616843836760488,false,0.168753,0.1684248047184032,0.16908157892862943,false,true,843765,0.168753,0.1684248047184032,0.16908157892862943,false,67709,0,true,1780388,320272,0,0.00177483217692078,0,67709,67709,1194620,12063,28150,2820,810390,166,2899131,293,NA,NA,NA,NA,NA,NA,NA
E2,pooled,paired,QF,float,libstdc++,0.51,0.009999990463256836,5,5000000,2927361,2072639,1228988,843651,2927361,936641,292347,0,0,843651,0,0,0.4145278,0.4140959392336078,0.4149597597498473,false,0.2457976,0.24542025251647823,0.24617524188273154,false,0.1687302,0.1684020224076706,0.1690587612657696,false,true,843651,0.1687302,0.1684020224076706,0.1690587612657696,false,67606,0,true,1780292,320261,0,0.001766013042544832,0,67606,67606,1194718,12051,28120,2817,810315,153,2899241,291,NA,NA,NA,NA,NA,NA,NA
E2,pooled,paired,SPLIT,float,libc++,0.51,0.009999990463256836,5,5000000,3219612,1780388,936623,843765,3219612,936623,0,0,0,843765,0,0,0.3560776,0.3556578706647566,0.35649749601004044,false,0.1873246,0.18698268667463286,0.1876668754570996,false,0.168753,0.1684248047184032,0.16908157892862943,false,true,843765,0.168753,0.1684248047184032,0.16908157892862943,false,67709,0,true,1780388,320272,0,0.00177483217692078,0,67709,67709,1194620,12063,28150,2820,810390,166,2899131,293,NA,NA,NA,NA,NA,NA,NA
E2,pooled,paired,SPLIT,float,libstdc++,0.51,0.009999990463256836,5,5000000,3219708,1780292,936641,843651,3219708,936641,0,0,0,843651,0,0,0.3560584,0.3556386757345355,0.3564782909625264,false,0.1873282,0.18698628414383847,0.18767047798372133,false,0.1687302,0.1684020224076706,0.1690587612657696,false,true,843651,0.1687302,0.1684020224076706,0.1690587612657696,false,67606,0,true,1780292,320261,0,0.001766013042544832,0,67606,67606,1194718,12051,28120,2817,810315,153,2899241,291,NA,NA,NA,NA,NA,NA,NA
E2,pooled,paired,LOG,float,libc++,0.55,0.050000011920928955,5,5000000,4999327,673,0,673,4999327,0,0,0,0,673,0,0,0.0001346,0.00012462217239401564,0.00014516404408248493,false,0.0,0.0,5.991462752596988e-07,true,0.0001346,0.00012462217239401564,0.00014516404408248493,false,true,673,0.0001346,0.00012462217239401564,0.00014516404408248493,false,266,0,true,28577,36453,0,9.232666130734354e-05,0,266,266,60083,611,4153,418,551,6,4934947,495,NA,NA,NA,NA,NA,NA,NA
E2,pooled,paired,LOG,float,libstdc++,0.55,0.050000011920928955,5,5000000,4999317,683,0,683,4999317,0,0,0,0,683,0,0,0.0001366,0.00012654690465777543,0.00014723925461204,false,0.0,0.0,5.991462752596988e-07,true,0.0001366,0.00012654690465777543,0.00014723925461204,false,true,683,0.0001366,0.00012654690465777543,0.00014723925461204,false,300,0,true,28759,36520,0,9.34715556608906e-05,0,300,300,60401,620,4068,410,549,5,4934682,495,NA,NA,NA,NA,NA,NA,NA
E2,pooled,paired,QF,float,libc++,0.55,0.050000011920928955,5,5000000,4939100,60900,60227,673,4939100,27904,32323,0,0,673,0,0,0.01218,0.012084037781457216,0.012276527757687929,false,0.0120454,0.011949964065275267,0.01214140163420108,false,0.0001346,0.00012462217239401564,0.00014516404408248493,false,true,673,0.0001346,0.00012462217239401564,0.00014516404408248493,false,266,0,true,28577,36453,0,9.232666130734354e-05,0,266,266,60083,611,4153,418,551,6,4934947,495,NA,NA,NA,NA,NA,NA,NA
E2,pooled,paired,QF,float,libstdc++,0.55,0.050000011920928955,5,5000000,4938750,61250,60567,683,4938750,28076,32491,0,0,683,0,0,0.01225,0.012153765274764515,0.012346800181027906,false,0.0121134,0.012017697807300965,0.012209667811166834,false,0.0001366,0.00012654690465777543,0.00014723925461204,false,true,683,0.0001366,0.00012654690465777543,0.00014723925461204,false,300,0,true,28759,36520,0,9.34715556608906e-05,0,300,300,60401,620,4068,410,549,5,4934682,495,NA,NA,NA,NA,NA,NA,NA
E2,pooled,paired,SPLIT,float,libc++,0.55,0.050000011920928955,5,5000000,4971423,28577,27904,673,4971423,27904,0,0,0,673,0,0,0.0057154,0.005649510645476014,0.0057818627471894,false,0.0055808,0.005515688996711057,0.005646484565777407,false,0.0001346,0.00012462217239401564,0.00014516404408248493,false,true,673,0.0001346,0.00012462217239401564,0.00014516404408248493,false,266,0,true,28577,36453,0,9.232666130734354e-05,0,266,266,60083,611,4153,418,551,6,4934947,495,NA,NA,NA,NA,NA,NA,NA
E2,pooled,paired,SPLIT,float,libstdc++,0.55,0.050000011920928955,5,5000000,4971241,28759,28076,683,4971241,28076,0,0,0,683,0,0,0.0057518,0.00568570176105036,0.005818471585773705,false,0.0056152,0.005549889171926957,0.005681084347111891,false,0.0001366,0.00012654690465777543,0.00014723925461204,false,true,683,0.0001366,0.00012654690465777543,0.00014723925461204,false,300,0,true,28759,36520,0,9.34715556608906e-05,0,300,300,60401,620,4068,410,549,5,4934682,495,NA,NA,NA,NA,NA,NA,NA
E2,pooled,paired,LOG,float,libc++,0.6,0.10000002384185791,5,5000000,5000000,0,0,0,5000000,0,0,0,0,0,0,0,0.0,0.0,5.991462752596988e-07,true,0.0,0.0,5.991462752596988e-07,true,0.0,0.0,5.991462752596988e-07,true,true,0,0.0,0.0,5.991462752596988e-07,true,0,0,true,166,683,0,1.8238677649631067e-06,0,0,0,753,10,97,12,0,0,4999150,500,NA,NA,NA,NA,NA,NA,NA
E2,pooled,paired,LOG,float,libstdc++,0.6,0.10000002384185791,5,5000000,5000000,0,0,0,5000000,0,0,0,0,0,0,0,0.0,0.0,5.991462752596988e-07,true,0.0,0.0,5.991462752596988e-07,true,0.0,0.0,5.991462752596988e-07,true,true,0,0.0,0.0,5.991462752596988e-07,true,0,0,true,167,667,0,1.186031409053893e-06,0,0,0,728,10,109,13,0,0,4999163,500,NA,NA,NA,NA,NA,NA,NA
E2,pooled,paired,QF,float,libc++,0.6,0.10000002384185791,5,5000000,4999247,753,753,0,4999247,166,587,0,0,0,0,0,0.0001506,0.00014003477754454913,0.0001617510123011413,false,0.0001506,0.00014003477754454913,0.0001617510123011413,false,0.0,0.0,5.991462752596988e-07,true,true,0,0.0,0.0,5.991462752596988e-07,true,0,0,true,166,683,0,1.8238677649631067e-06,0,0,0,753,10,97,12,0,0,4999150,500,NA,NA,NA,NA,NA,NA,NA
E2,pooled,paired,QF,float,libstdc++,0.6,0.10000002384185791,5,5000000,4999272,728,728,0,4999272,167,561,0,0,0,0,0,0.0001456,0.00013521483094956923,0.00015657108499395265,false,0.0001456,0.00013521483094956923,0.00015657108499395265,false,0.0,0.0,5.991462752596988e-07,true,true,0,0.0,0.0,5.991462752596988e-07,true,0,0,true,167,667,0,1.186031409053893e-06,0,0,0,728,10,109,13,0,0,4999163,500,NA,NA,NA,NA,NA,NA,NA
E2,pooled,paired,SPLIT,float,libc++,0.6,0.10000002384185791,5,5000000,4999834,166,166,0,4999834,166,0,0,0,0,0,0,3.32e-05,2.8341606618887448e-05,3.8652248646318015e-05,false,3.32e-05,2.8341606618887448e-05,3.8652248646318015e-05,false,0.0,0.0,5.991462752596988e-07,true,true,0,0.0,0.0,5.991462752596988e-07,true,0,0,true,166,683,0,1.8238677649631067e-06,0,0,0,753,10,97,12,0,0,4999150,500,NA,NA,NA,NA,NA,NA,NA
E2,pooled,paired,SPLIT,float,libstdc++,0.6,0.10000002384185791,5,5000000,4999833,167,167,0,4999833,167,0,0,0,0,0,0,3.34e-05,2.8526410354949732e-05,3.886740017660143e-05,false,3.34e-05,2.8526410354949732e-05,3.886740017660143e-05,false,0.0,0.0,5.991462752596988e-07,true,true,0,0.0,0.0,5.991462752596988e-07,true,0,0,true,167,667,0,1.186031409053893e-06,0,0,0,728,10,109,13,0,0,4999163,500,NA,NA,NA,NA,NA,NA,NA
E2,pooled,paired,LOG,float,libc++,0.75,0.25,5,5000000,5000000,0,0,0,5000000,0,0,0,0,0,0,0,0.0,0.0,5.991462752596988e-07,true,0.0,0.0,5.991462752596988e-07,true,0.0,0.0,5.991462752596988e-07,true,true,0,0.0,0.0,5.991462752596988e-07,true,0,0,true,0,0,0,9.255629014438244e-08,0,0,0,0,0,0,0,0,0,5000000,500,NA,NA,NA,NA,NA,NA,NA
E2,pooled,paired,LOG,float,libstdc++,0.75,0.25,5,5000000,5000000,0,0,0,5000000,0,0,0,0,0,0,0,0.0,0.0,5.991462752596988e-07,true,0.0,0.0,5.991462752596988e-07,true,0.0,0.0,5.991462752596988e-07,true,true,0,0.0,0.0,5.991462752596988e-07,true,0,0,true,0,0,0,9.260806090824974e-08,0,0,0,0,0,0,0,0,0,5000000,500,NA,NA,NA,NA,NA,NA,NA
E2,pooled,paired,QF,float,libc++,0.75,0.25,5,5000000,5000000,0,0,0,5000000,0,0,0,0,0,0,0,0.0,0.0,5.991462752596988e-07,true,0.0,0.0,5.991462752596988e-07,true,0.0,0.0,5.991462752596988e-07,true,true,0,0.0,0.0,5.991462752596988e-07,true,0,0,true,0,0,0,9.255629014438244e-08,0,0,0,0,0,0,0,0,0,5000000,500,NA,NA,NA,NA,NA,NA,NA
E2,pooled,paired,QF,float,libstdc++,0.75,0.25,5,5000000,5000000,0,0,0,5000000,0,0,0,0,0,0,0,0.0,0.0,5.991462752596988e-07,true,0.0,0.0,5.991462752596988e-07,true,0.0,0.0,5.991462752596988e-07,true,true,0,0.0,0.0,5.991462752596988e-07,true,0,0,true,0,0,0,9.260806090824974e-08,0,0,0,0,0,0,0,0,0,5000000,500,NA,NA,NA,NA,NA,NA,NA
E2,pooled,paired,SPLIT,float,libc++,0.75,0.25,5,5000000,5000000,0,0,0,5000000,0,0,0,0,0,0,0,0.0,0.0,5.991462752596988e-07,true,0.0,0.0,5.991462752596988e-07,true,0.0,0.0,5.991462752596988e-07,true,true,0,0.0,0.0,5.991462752596988e-07,true,0,0,true,0,0,0,9.255629014438244e-08,0,0,0,0,0,0,0,0,0,5000000,500,NA,NA,NA,NA,NA,NA,NA
E2,pooled,paired,SPLIT,float,libstdc++,0.75,0.25,5,5000000,5000000,0,0,0,5000000,0,0,0,0,0,0,0,0.0,0.0,5.991462752596988e-07,true,0.0,0.0,5.991462752596988e-07,true,0.0,0.0,5.991462752596988e-07,true,true,0,0.0,0.0,5.991462752596988e-07,true,0,0,true,0,0,0,9.260806090824974e-08,0,0,0,0,0,0,0,0,0,5000000,500,NA,NA,NA,NA,NA,NA,NA
E2,pooled,paired,LOG,float,libc++,1,0.5,5,5000000,5000000,0,0,0,5000000,0,0,0,0,0,0,0,0.0,0.0,5.991462752596988e-07,true,0.0,0.0,5.991462752596988e-07,true,0.0,0.0,5.991462752596988e-07,true,true,0,0.0,0.0,5.991462752596988e-07,true,0,0,true,0,0,0,6.111125538624372e-08,0,0,0,0,0,0,0,0,0,5000000,500,NA,NA,NA,NA,NA,NA,NA
E2,pooled,paired,LOG,float,libstdc++,1,0.5,5,5000000,5000000,0,0,0,5000000,0,0,0,0,0,0,0,0.0,0.0,5.991462752596988e-07,true,0.0,0.0,5.991462752596988e-07,true,0.0,0.0,5.991462752596988e-07,true,true,0,0.0,0.0,5.991462752596988e-07,true,0,0,true,0,0,0,6.106922019720623e-08,0,0,0,0,0,0,0,0,0,5000000,500,NA,NA,NA,NA,NA,NA,NA
E2,pooled,paired,QF,float,libc++,1,0.5,5,5000000,5000000,0,0,0,5000000,0,0,0,0,0,0,0,0.0,0.0,5.991462752596988e-07,true,0.0,0.0,5.991462752596988e-07,true,0.0,0.0,5.991462752596988e-07,true,true,0,0.0,0.0,5.991462752596988e-07,true,0,0,true,0,0,0,6.111125538624372e-08,0,0,0,0,0,0,0,0,0,5000000,500,NA,NA,NA,NA,NA,NA,NA
E2,pooled,paired,QF,float,libstdc++,1,0.5,5,5000000,5000000,0,0,0,5000000,0,0,0,0,0,0,0,0.0,0.0,5.991462752596988e-07,true,0.0,0.0,5.991462752596988e-07,true,0.0,0.0,5.991462752596988e-07,true,true,0,0.0,0.0,5.991462752596988e-07,true,0,0,true,0,0,0,6.106922019720623e-08,0,0,0,0,0,0,0,0,0,5000000,500,NA,NA,NA,NA,NA,NA,NA
E2,pooled,paired,SPLIT,float,libc++,1,0.5,5,5000000,5000000,0,0,0,5000000,0,0,0,0,0,0,0,0.0,0.0,5.991462752596988e-07,true,0.0,0.0,5.991462752596988e-07,true,0.0,0.0,5.991462752596988e-07,true,true,0,0.0,0.0,5.991462752596988e-07,true,0,0,true,0,0,0,6.111125538624372e-08,0,0,0,0,0,0,0,0,0,5000000,500,NA,NA,NA,NA,NA,NA,NA
E2,pooled,paired,SPLIT,float,libstdc++,1,0.5,5,5000000,5000000,0,0,0,5000000,0,0,0,0,0,0,0,0.0,0.0,5.991462752596988e-07,true,0.0,0.0,5.991462752596988e-07,true,0.0,0.0,5.991462752596988e-07,true,true,0,0.0,0.0,5.991462752596988e-07,true,0,0,true,0,0,0,6.106922019720623e-08,0,0,0,0,0,0,0,0,0,5000000,500,NA,NA,NA,NA,NA,NA,NA
E2,pooled,paired,LOG,float,libc++,1.5,1.0,5,5000000,5000000,0,0,0,5000000,0,0,0,0,0,0,0,0.0,0.0,5.991462752596988e-07,true,0.0,0.0,5.991462752596988e-07,true,0.0,0.0,5.991462752596988e-07,true,true,0,0.0,0.0,5.991462752596988e-07,true,0,0,true,0,0,0,4.663212662259067e-08,0,0,0,0,0,0,0,0,0,5000000,500,NA,NA,NA,NA,NA,NA,NA
E2,pooled,paired,LOG,float,libstdc++,1.5,1.0,5,5000000,5000000,0,0,0,5000000,0,0,0,0,0,0,0,0.0,0.0,5.991462752596988e-07,true,0.0,0.0,5.991462752596988e-07,true,0.0,0.0,5.991462752596988e-07,true,true,0,0.0,0.0,5.991462752596988e-07,true,0,0,true,0,0,0,4.661727372235768e-08,0,0,0,0,0,0,0,0,0,5000000,500,NA,NA,NA,NA,NA,NA,NA
E2,pooled,paired,QF,float,libc++,1.5,1.0,5,5000000,5000000,0,0,0,5000000,0,0,0,0,0,0,0,0.0,0.0,5.991462752596988e-07,true,0.0,0.0,5.991462752596988e-07,true,0.0,0.0,5.991462752596988e-07,true,true,0,0.0,0.0,5.991462752596988e-07,true,0,0,true,0,0,0,4.663212662259067e-08,0,0,0,0,0,0,0,0,0,5000000,500,NA,NA,NA,NA,NA,NA,NA
E2,pooled,paired,QF,float,libstdc++,1.5,1.0,5,5000000,5000000,0,0,0,5000000,0,0,0,0,0,0,0,0.0,0.0,5.991462752596988e-07,true,0.0,0.0,5.991462752596988e-07,true,0.0,0.0,5.991462752596988e-07,true,true,0,0.0,0.0,5.991462752596988e-07,true,0,0,true,0,0,0,4.661727372235768e-08,0,0,0,0,0,0,0,0,0,5000000,500,NA,NA,NA,NA,NA,NA,NA
E2,pooled,paired,SPLIT,float,libc++,1.5,1.0,5,5000000,5000000,0,0,0,5000000,0,0,0,0,0,0,0,0.0,0.0,5.991462752596988e-07,true,0.0,0.0,5.991462752596988e-07,true,0.0,0.0,5.991462752596988e-07,true,true,0,0.0,0.0,5.991462752596988e-07,true,0,0,true,0,0,0,4.663212662259067e-08,0,0,0,0,0,0,0,0,0,5000000,500,NA,NA,NA,NA,NA,NA,NA
E2,pooled,paired,SPLIT,float,libstdc++,1.5,1.0,5,5000000,5000000,0,0,0,5000000,0,0,0,0,0,0,0,0.0,0.0,5.991462752596988e-07,true,0.0,0.0,5.991462752596988e-07,true,0.0,0.0,5.991462752596988e-07,true,true,0,0.0,0.0,5.991462752596988e-07,true,0,0,true,0,0,0,4.661727372235768e-08,0,0,0,0,0,0,0,0,0,5000000,500,NA,NA,NA,NA,NA,NA,NA
E2,pooled,paired,LOG,float,libc++,2,1.5,5,5000000,5000000,0,0,0,5000000,0,0,0,0,0,0,0,0.0,0.0,5.991462752596988e-07,true,0.0,0.0,5.991462752596988e-07,true,0.0,0.0,5.991462752596988e-07,true,true,0,0.0,0.0,5.991462752596988e-07,true,0,0,true,0,0,0,4.671795704143023e-08,0,0,0,0,0,0,0,0,0,5000000,500,NA,NA,NA,NA,NA,NA,NA
E2,pooled,paired,LOG,float,libstdc++,2,1.5,5,5000000,5000000,0,0,0,5000000,0,0,0,0,0,0,0,0.0,0.0,5.991462752596988e-07,true,0.0,0.0,5.991462752596988e-07,true,0.0,0.0,5.991462752596988e-07,true,true,0,0.0,0.0,5.991462752596988e-07,true,0,0,true,0,0,0,4.669827604381439e-08,0,0,0,0,0,0,0,0,0,5000000,500,NA,NA,NA,NA,NA,NA,NA
E2,pooled,paired,QF,float,libc++,2,1.5,5,5000000,5000000,0,0,0,5000000,0,0,0,0,0,0,0,0.0,0.0,5.991462752596988e-07,true,0.0,0.0,5.991462752596988e-07,true,0.0,0.0,5.991462752596988e-07,true,true,0,0.0,0.0,5.991462752596988e-07,true,0,0,true,0,0,0,4.671795704143023e-08,0,0,0,0,0,0,0,0,0,5000000,500,NA,NA,NA,NA,NA,NA,NA
E2,pooled,paired,QF,float,libstdc++,2,1.5,5,5000000,5000000,0,0,0,5000000,0,0,0,0,0,0,0,0.0,0.0,5.991462752596988e-07,true,0.0,0.0,5.991462752596988e-07,true,0.0,0.0,5.991462752596988e-07,true,true,0,0.0,0.0,5.991462752596988e-07,true,0,0,true,0,0,0,4.669827604381439e-08,0,0,0,0,0,0,0,0,0,5000000,500,NA,NA,NA,NA,NA,NA,NA
E2,pooled,paired,SPLIT,float,libc++,2,1.5,5,5000000,5000000,0,0,0,5000000,0,0,0,0,0,0,0,0.0,0.0,5.991462752596988e-07,true,0.0,0.0,5.991462752596988e-07,true,0.0,0.0,5.991462752596988e-07,true,true,0,0.0,0.0,5.991462752596988e-07,true,0,0,true,0,0,0,4.671795704143023e-08,0,0,0,0,0,0,0,0,0,5000000,500,NA,NA,NA,NA,NA,NA,NA
E2,pooled,paired,SPLIT,float,libstdc++,2,1.5,5,5000000,5000000,0,0,0,5000000,0,0,0,0,0,0,0,0.0,0.0,5.991462752596988e-07,true,0.0,0.0,5.991462752596988e-07,true,0.0,0.0,5.991462752596988e-07,true,true,0,0.0,0.0,5.991462752596988e-07,true,0,0,true,0,0,0,4.669827604381439e-08,0,0,0,0,0,0,0,0,0,5000000,500,NA,NA,NA,NA,NA,NA,NA
E2,pooled,paired,LOG,float,libc++,5,4.5,5,5000000,5000000,0,0,0,5000000,0,0,0,0,0,0,0,0.0,0.0,5.991462752596988e-07,true,0.0,0.0,5.991462752596988e-07,true,0.0,0.0,5.991462752596988e-07,true,true,0,0.0,0.0,5.991462752596988e-07,true,0,0,true,0,0,0,4.8752650375970556e-08,0,0,0,0,0,0,0,0,0,5000000,500,NA,NA,NA,NA,NA,NA,NA
E2,pooled,paired,LOG,float,libstdc++,5,4.5,5,5000000,5000000,0,0,0,5000000,0,0,0,0,0,0,0,0.0,0.0,5.991462752596988e-07,true,0.0,0.0,5.991462752596988e-07,true,0.0,0.0,5.991462752596988e-07,true,true,0,0.0,0.0,5.991462752596988e-07,true,0,0,true,0,0,0,4.8738191193547876e-08,0,0,0,0,0,0,0,0,0,5000000,500,NA,NA,NA,NA,NA,NA,NA
E2,pooled,paired,QF,float,libc++,5,4.5,5,5000000,5000000,0,0,0,5000000,0,0,0,0,0,0,0,0.0,0.0,5.991462752596988e-07,true,0.0,0.0,5.991462752596988e-07,true,0.0,0.0,5.991462752596988e-07,true,true,0,0.0,0.0,5.991462752596988e-07,true,0,0,true,0,0,0,4.8752650375970556e-08,0,0,0,0,0,0,0,0,0,5000000,500,NA,NA,NA,NA,NA,NA,NA
E2,pooled,paired,QF,float,libstdc++,5,4.5,5,5000000,5000000,0,0,0,5000000,0,0,0,0,0,0,0,0.0,0.0,5.991462752596988e-07,true,0.0,0.0,5.991462752596988e-07,true,0.0,0.0,5.991462752596988e-07,true,true,0,0.0,0.0,5.991462752596988e-07,true,0,0,true,0,0,0,4.8738191193547876e-08,0,0,0,0,0,0,0,0,0,5000000,500,NA,NA,NA,NA,NA,NA,NA
E2,pooled,paired,SPLIT,float,libc++,5,4.5,5,5000000,5000000,0,0,0,5000000,0,0,0,0,0,0,0,0.0,0.0,5.991462752596988e-07,true,0.0,0.0,5.991462752596988e-07,true,0.0,0.0,5.991462752596988e-07,true,true,0,0.0,0.0,5.991462752596988e-07,true,0,0,true,0,0,0,4.8752650375970556e-08,0,0,0,0,0,0,0,0,0,5000000,500,NA,NA,NA,NA,NA,NA,NA
E2,pooled,paired,SPLIT,float,libstdc++,5,4.5,5,5000000,5000000,0,0,0,5000000,0,0,0,0,0,0,0,0.0,0.0,5.991462752596988e-07,true,0.0,0.0,5.991462752596988e-07,true,0.0,0.0,5.991462752596988e-07,true,true,0,0.0,0.0,5.991462752596988e-07,true,0,0,true,0,0,0,4.8738191193547876e-08,0,0,0,0,0,0,0,0,0,5000000,500,NA,NA,NA,NA,NA,NA,NA
E5,pooled,native_scalar,LOG,double,libc++,0.5001,9.999999999998899e-05,5,5000000,661661,4338339,0,4338339,661661,0,0,0,0,4338339,0,0,0.8676678,0.8673704760608677,0.8679646980917886,false,0.0,0.0,5.991462752596988e-07,true,0.8676678,0.8673704760608677,0.8679646980917886,false,true,0,0.0,0.0,5.991462752596988e-07,true,0,4338339,false,4641525,0,0,NA,0.569786,0,0,0,0,0,0,0,0,0,0,arm64,true,true,NA,NA,NA,NA
E5,pooled,native_scalar,LOG,double,libstdc++,0.5001,9.999999999998899e-05,5,5000000,662762,4337238,0,4337238,662762,0,0,0,0,4337238,0,0,0.8674476,0.867150066901021,0.8677447075068134,false,0.0,0.0,5.991462752596988e-07,true,0.8674476,0.867150066901021,0.8677447075068134,false,true,0,0.0,0.0,5.991462752596988e-07,true,0,4337238,false,4640986,0,0,NA,0.400039,0,0,0,0,0,0,0,0,0,0,arm64,true,true,NA,NA,NA,NA
E5,pooled,native_scalar,QF,double,libc++,0.5001,9.999999999998899e-05,5,5000000,341952,4658048,4658048,0,341952,4641522,16526,0,0,0,0,0,0.9316096,0.9313880028516104,0.9318306971647269,false,0.9316096,0.9313880028516104,0.9318306971647269,false,0.0,0.0,5.991462752596988e-07,true,true,0,0.0,0.0,5.991462752596988e-07,true,0,0,true,4641522,17179,0,NA,0.464756,0,0,0,0,0,0,0,0,0,0,arm64,true,true,NA,NA,NA,NA
E5,pooled,native_scalar,QF,double,libstdc++,0.5001,9.999999999998899e-05,5,5000000,342431,4657569,4657569,0,342431,4640915,16654,0,0,0,0,0,0.9315138,0.931292059386106,0.9317350407413998,false,0.9315138,0.931292059386106,0.9317350407413998,false,0.0,0.0,5.991462752596988e-07,true,true,0,0.0,0.0,5.991462752596988e-07,true,0,0,true,4640915,17324,0,NA,0.365867,0,0,0,0,0,0,0,0,0,0,arm64,true,true,NA,NA,NA,NA
E5,pooled,native_scalar,SPLIT,double,libc++,0.5001,9.999999999998899e-05,5,5000000,358478,4641522,4641522,0,358478,4641522,0,0,0,0,0,0,0.9283044,0.9280779237937282,0.9285303800578198,false,0.9283044,0.9280779237937282,0.9285303800578198,false,0.0,0.0,5.991462752596988e-07,true,true,0,0.0,0.0,5.991462752596988e-07,true,0,0,true,4641522,17179,0,NA,0.4637905,0,0,0,0,0,0,0,0,0,0,arm64,true,true,NA,NA,NA,NA
E5,pooled,native_scalar,SPLIT,double,libstdc++,0.5001,9.999999999998899e-05,5,5000000,359085,4640915,4640915,0,359085,4640915,0,0,0,0,0,0,0.928183,0.9279563472963979,0.9284091566960098,false,0.928183,0.9279563472963979,0.9284091566960098,false,0.0,0.0,5.991462752596988e-07,true,true,0,0.0,0.0,5.991462752596988e-07,true,0,0,true,4640915,17324,0,NA,0.364315,0,0,0,0,0,0,0,0,0,0,arm64,true,true,NA,NA,NA,NA
E5,pooled,native_scalar,LOG,double,libc++,0.501,0.0010000000000000009,5,5000000,3791251,1208749,0,1208749,3791251,0,0,0,0,1208749,0,0,0.2417498,0.2413745722115809,0.24212532687609153,false,0.0,0.0,5.991462752596988e-07,true,0.2417498,0.2413745722115809,0.24212532687609153,false,true,0,0.0,0.0,5.991462752596988e-07,true,0,1208749,false,2375540,0,0,NA,0.653769,0,0,0,0,0,0,0,0,0,0,arm64,true,true,NA,NA,NA,NA
E5,pooled,native_scalar,LOG,double,libstdc++,0.501,0.0010000000000000009,5,5000000,3793553,1206447,0,1206447,3793553,0,0,0,0,1206447,0,0,0.2412894,0.24091441619054887,0.24166468343039,false,0.0,0.0,5.991462752596988e-07,true,0.2412894,0.24091441619054887,0.24166468343039,false,true,0,0.0,0.0,5.991462752596988e-07,true,0,1206447,false,2371610,0,0,NA,0.481914,0,0,0,0,0,0,0,0,0,0,arm64,true,true,NA,NA,NA,NA
E5,pooled,native_scalar,QF,double,libc++,0.501,0.0010000000000000009,5,5000000,2538674,2461326,2461326,0,2538674,2375531,85795,0,0,0,0,0,0.4922652,0.4918268957575251,0.4927035131999306,false,0.4922652,0.4918268957575251,0.4927035131999306,false,0.0,0.0,5.991462752596988e-07,true,true,0,0.0,0.0,5.991462752596988e-07,true,0,0,true,2375531,89107,0,NA,0.533454,0,0,0,0,0,0,0,0,0,0,arm64,true,true,NA,NA,NA,NA
E5,pooled,native_scalar,QF,double,libstdc++,0.501,0.0010000000000000009,5,5000000,2540387,2459613,2459613,0,2540387,2374666,84947,0,0,0,0,0,0.4919226,0.49148430070486415,0.492360908649381,false,0.4919226,0.49148430070486415,0.492360908649381,false,0.0,0.0,5.991462752596988e-07,true,true,0,0.0,0.0,5.991462752596988e-07,true,0,0,true,2374666,88311,0,NA,0.44086400000000003,0,0,0,0,0,0,0,0,0,0,arm64,true,true,NA,NA,NA,NA
E5,pooled,native_scalar,SPLIT,double,libc++,0.501,0.0010000000000000009,5,5000000,2624469,2375531,2375531,0,2624469,2375531,0,0,0,0,0,0,0.4751062,0.4746683967691715,0.4755440320596814,false,0.4751062,0.4746683967691715,0.4755440320596814,false,0.0,0.0,5.991462752596988e-07,true,true,0,0.0,0.0,5.991462752596988e-07,true,0,0,true,2375531,89107,0,NA,0.533556,0,0,0,0,0,0,0,0,0,0,arm64,true,true,NA,NA,NA,NA
E5,pooled,native_scalar,SPLIT,double,libstdc++,0.501,0.0010000000000000009,5,5000000,2625334,2374666,2374666,0,2625334,2374666,0,0,0,0,0,0,0.4749332,0.4744954044547727,0.4753710245744077,false,0.4749332,0.4744954044547727,0.4753710245744077,false,0.0,0.0,5.991462752596988e-07,true,true,0,0.0,0.0,5.991462752596988e-07,true,0,0,true,2374666,88311,0,NA,0.43908400000000003,0,0,0,0,0,0,0,0,0,0,arm64,true,true,NA,NA,NA,NA
E5,pooled,native_scalar,LOG,double,libc++,0.505,0.0050000000000000044,5,5000000,4995896,4104,0,4104,4995896,0,0,0,0,4104,0,0,0.0008208,0.000795887777481859,0.0008462931822062846,false,0.0,0.0,5.991462752596988e-07,true,0.0008208,0.000795887777481859,0.0008462931822062846,false,true,0,0.0,0.0,5.991462752596988e-07,true,0,4104,false,121058,0,0,NA,0.616475,0,0,0,0,0,0,0,0,0,0,arm64,true,true,NA,NA,NA,NA
E5,pooled,native_scalar,LOG,double,libstdc++,0.505,0.0050000000000000044,5,5000000,4995998,4002,0,4002,4995998,0,0,0,0,4002,0,0,0.0008004,0.0007758014421027084,0.0008255795798195712,false,0.0,0.0,5.991462752596988e-07,true,0.0008004,0.0007758014421027084,0.0008255795798195712,false,true,0,0.0,0.0,5.991462752596988e-07,true,0,4002,false,120328,0,0,NA,0.45669,0,0,0,0,0,0,0,0,0,0,arm64,true,true,NA,NA,NA,NA
E5,pooled,native_scalar,QF,double,libc++,0.505,0.0050000000000000044,5,5000000,4855626,144374,144374,0,4855626,121098,23276,0,0,0,0,0,0.0288748,0.028728195108378284,0.02902195081666804,false,0.0288748,0.028728195108378284,0.02902195081666804,false,0.0,0.0,5.991462752596988e-07,true,true,0,0.0,0.0,5.991462752596988e-07,true,0,0,true,121098,24288,0,NA,0.506389,0,0,0,0,0,0,0,0,0,0,arm64,true,true,NA,NA,NA,NA
E5,pooled,native_scalar,QF,double,libstdc++,0.505,0.0050000000000000044,5,5000000,4855368,144632,144632,0,4855368,121373,23259,0,0,0,0,0,0.0289264,0.02877966789222652,0.029073677972600537,false,0.0289264,0.02877966789222652,0.029073677972600537,false,0.0,0.0,5.991462752596988e-07,true,true,0,0.0,0.0,5.991462752596988e-07,true,0,0,true,121373,24287,0,NA,0.402979,0,0,0,0,0,0,0,0,0,0,arm64,true,true,NA,NA,NA,NA
E5,pooled,native_scalar,SPLIT,double,libc++,0.505,0.0050000000000000044,5,5000000,4878902,121098,121098,0,4878902,121098,0,0,0,0,0,0,0.0242196,0.02408502745726065,0.024354723906515992,false,0.0242196,0.02408502745726065,0.024354723906515992,false,0.0,0.0,5.991462752596988e-07,true,true,0,0.0,0.0,5.991462752596988e-07,true,0,0,true,121098,24288,0,NA,0.506106,0,0,0,0,0,0,0,0,0,0,arm64,true,true,NA,NA,NA,NA
E5,pooled,native_scalar,SPLIT,double,libstdc++,0.505,0.0050000000000000044,5,5000000,4878627,121373,121373,0,4878627,121373,0,0,0,0,0,0,0.0242746,0.02413987831511247,0.02440987298432759,false,0.0242746,0.02413987831511247,0.02440987298432759,false,0.0,0.0,5.991462752596988e-07,true,true,0,0.0,0.0,5.991462752596988e-07,true,0,0,true,121373,24287,0,NA,0.403123,0,0,0,0,0,0,0,0,0,0,arm64,true,true,NA,NA,NA,NA
E5,pooled,native_scalar,LOG,double,libc++,0.51,0.010000000000000009,5,5000000,4999994,6,0,6,4999994,0,0,0,0,6,0,0,1.2e-06,4.4037897392089116e-07,2.6118929606437516e-06,false,0.0,0.0,5.991462752596988e-07,true,1.2e-06,4.4037897392089116e-07,2.6118929606437516e-06,false,true,0,0.0,0.0,5.991462752596988e-07,true,0,6,false,2922,0,0,NA,0.616376,0,0,0,0,0,0,0,0,0,0,arm64,true,true,NA,NA,NA,NA
E5,pooled,native_scalar,LOG,double,libstdc++,0.51,0.010000000000000009,5,5000000,5000000,0,0,0,5000000,0,0,0,0,0,0,0,0.0,0.0,5.991462752596988e-07,true,0.0,0.0,5.991462752596988e-07,true,0.0,0.0,5.991462752596988e-07,true,true,0,0.0,0.0,5.991462752596988e-07,true,0,0,true,2808,0,0,NA,0.45614,0,0,0,0,0,0,0,0,0,0,arm64,true,true,NA,NA,NA,NA
E5,pooled,native_scalar,QF,double,libc++,0.51,0.010000000000000009,5,5000000,4995859,4141,4141,0,4995859,2932,1209,0,0,0,0,0,0.0008282,0.0008031749646620459,0.0008538059728040642,false,0.0008282,0.0008031749646620459,0.0008538059728040642,false,0.0,0.0,5.991462752596988e-07,true,true,0,0.0,0.0,5.991462752596988e-07,true,0,0,true,2932,1258,0,NA,0.507687,0,0,0,0,0,0,0,0,0,0,arm64,true,true,NA,NA,NA,NA
E5,pooled,native_scalar,QF,double,libstdc++,0.51,0.010000000000000009,5,5000000,4995967,4033,4033,0,4995967,2811,1222,0,0,0,0,0,0.0008066,0.0007819056930998896,0.0008318753097536218,false,0.0008066,0.0007819056930998896,0.0008318753097536218,false,0.0,0.0,5.991462752596988e-07,true,true,0,0.0,0.0,5.991462752596988e-07,true,0,0,true,2811,1278,0,NA,0.408651,0,0,0,0,0,0,0,0,0,0,arm64,true,true,NA,NA,NA,NA
E5,pooled,native_scalar,SPLIT,double,libc++,0.51,0.010000000000000009,5,5000000,4997068,2932,2932,0,4997068,2932,0,0,0,0,0,0,0.0005864,0.0005653703472055741,0.0006080114418922518,false,0.0005864,0.0005653703472055741,0.0006080114418922518,false,0.0,0.0,5.991462752596988e-07,true,true,0,0.0,0.0,5.991462752596988e-07,true,0,0,true,2932,1258,0,NA,0.5089589999999999,0,0,0,0,0,0,0,0,0,0,arm64,true,true,NA,NA,NA,NA
E5,pooled,native_scalar,SPLIT,double,libstdc++,0.51,0.010000000000000009,5,5000000,4997189,2811,2811,0,4997189,2811,0,0,0,0,0,0,0.0005622,0.0005416125846657065,0.0005833693091858412,false,0.0005622,0.0005416125846657065,0.0005833693091858412,false,0.0,0.0,5.991462752596988e-07,true,true,0,0.0,0.0,5.991462752596988e-07,true,0,0,true,2811,1278,0,NA,0.407883,0,0,0,0,0,0,0,0,0,0,arm64,true,true,NA,NA,NA,NA
E5,pooled,native_scalar,LOG,double,libc++,0.55,0.050000000000000044,5,5000000,5000000,0,0,0,5000000,0,0,0,0,0,0,0,0.0,0.0,5.991462752596988e-07,true,0.0,0.0,5.991462752596988e-07,true,0.0,0.0,5.991462752596988e-07,true,true,0,0.0,0.0,5.991462752596988e-07,true,0,0,true,0,0,0,NA,0.631829,0,0,0,0,0,0,0,0,0,0,arm64,true,true,NA,NA,NA,NA
E5,pooled,native_scalar,LOG,double,libstdc++,0.55,0.050000000000000044,5,5000000,5000000,0,0,0,5000000,0,0,0,0,0,0,0,0.0,0.0,5.991462752596988e-07,true,0.0,0.0,5.991462752596988e-07,true,0.0,0.0,5.991462752596988e-07,true,true,0,0.0,0.0,5.991462752596988e-07,true,0,0,true,0,0,0,NA,0.473519,0,0,0,0,0,0,0,0,0,0,arm64,true,true,NA,NA,NA,NA
E5,pooled,native_scalar,QF,double,libc++,0.55,0.050000000000000044,5,5000000,5000000,0,0,0,5000000,0,0,0,0,0,0,0,0.0,0.0,5.991462752596988e-07,true,0.0,0.0,5.991462752596988e-07,true,0.0,0.0,5.991462752596988e-07,true,true,0,0.0,0.0,5.991462752596988e-07,true,0,0,true,0,0,0,NA,0.527863,0,0,0,0,0,0,0,0,0,0,arm64,true,true,NA,NA,NA,NA
E5,pooled,native_scalar,QF,double,libstdc++,0.55,0.050000000000000044,5,5000000,5000000,0,0,0,5000000,0,0,0,0,0,0,0,0.0,0.0,5.991462752596988e-07,true,0.0,0.0,5.991462752596988e-07,true,0.0,0.0,5.991462752596988e-07,true,true,0,0.0,0.0,5.991462752596988e-07,true,0,0,true,0,0,0,NA,0.41684299999999996,0,0,0,0,0,0,0,0,0,0,arm64,true,true,NA,NA,NA,NA
E5,pooled,native_scalar,SPLIT,double,libc++,0.55,0.050000000000000044,5,5000000,5000000,0,0,0,5000000,0,0,0,0,0,0,0,0.0,0.0,5.991462752596988e-07,true,0.0,0.0,5.991462752596988e-07,true,0.0,0.0,5.991462752596988e-07,true,true,0,0.0,0.0,5.991462752596988e-07,true,0,0,true,0,0,0,NA,0.526337,0,0,0,0,0,0,0,0,0,0,arm64,true,true,NA,NA,NA,NA
E5,pooled,native_scalar,SPLIT,double,libstdc++,0.55,0.050000000000000044,5,5000000,5000000,0,0,0,5000000,0,0,0,0,0,0,0,0.0,0.0,5.991462752596988e-07,true,0.0,0.0,5.991462752596988e-07,true,0.0,0.0,5.991462752596988e-07,true,true,0,0.0,0.0,5.991462752596988e-07,true,0,0,true,0,0,0,NA,0.418259,0,0,0,0,0,0,0,0,0,0,arm64,true,true,NA,NA,NA,NA
E5,pooled,native_scalar,LOG,double,libc++,0.6,0.09999999999999998,5,5000000,5000000,0,0,0,5000000,0,0,0,0,0,0,0,0.0,0.0,5.991462752596988e-07,true,0.0,0.0,5.991462752596988e-07,true,0.0,0.0,5.991462752596988e-07,true,true,0,0.0,0.0,5.991462752596988e-07,true,0,0,true,0,0,0,NA,0.653543,0,0,0,0,0,0,0,0,0,0,arm64,true,true,NA,NA,NA,NA
E5,pooled,native_scalar,LOG,double,libstdc++,0.6,0.09999999999999998,5,5000000,5000000,0,0,0,5000000,0,0,0,0,0,0,0,0.0,0.0,5.991462752596988e-07,true,0.0,0.0,5.991462752596988e-07,true,0.0,0.0,5.991462752596988e-07,true,true,0,0.0,0.0,5.991462752596988e-07,true,0,0,true,0,0,0,NA,0.500769,0,0,0,0,0,0,0,0,0,0,arm64,true,true,NA,NA,NA,NA
E5,pooled,native_scalar,QF,double,libc++,0.6,0.09999999999999998,5,5000000,5000000,0,0,0,5000000,0,0,0,0,0,0,0,0.0,0.0,5.991462752596988e-07,true,0.0,0.0,5.991462752596988e-07,true,0.0,0.0,5.991462752596988e-07,true,true,0,0.0,0.0,5.991462752596988e-07,true,0,0,true,0,0,0,NA,0.545805,0,0,0,0,0,0,0,0,0,0,arm64,true,true,NA,NA,NA,NA
E5,pooled,native_scalar,QF,double,libstdc++,0.6,0.09999999999999998,5,5000000,5000000,0,0,0,5000000,0,0,0,0,0,0,0,0.0,0.0,5.991462752596988e-07,true,0.0,0.0,5.991462752596988e-07,true,0.0,0.0,5.991462752596988e-07,true,true,0,0.0,0.0,5.991462752596988e-07,true,0,0,true,0,0,0,NA,0.431242,0,0,0,0,0,0,0,0,0,0,arm64,true,true,NA,NA,NA,NA
E5,pooled,native_scalar,SPLIT,double,libc++,0.6,0.09999999999999998,5,5000000,5000000,0,0,0,5000000,0,0,0,0,0,0,0,0.0,0.0,5.991462752596988e-07,true,0.0,0.0,5.991462752596988e-07,true,0.0,0.0,5.991462752596988e-07,true,true,0,0.0,0.0,5.991462752596988e-07,true,0,0,true,0,0,0,NA,0.546448,0,0,0,0,0,0,0,0,0,0,arm64,true,true,NA,NA,NA,NA
E5,pooled,native_scalar,SPLIT,double,libstdc++,0.6,0.09999999999999998,5,5000000,5000000,0,0,0,5000000,0,0,0,0,0,0,0,0.0,0.0,5.991462752596988e-07,true,0.0,0.0,5.991462752596988e-07,true,0.0,0.0,5.991462752596988e-07,true,true,0,0.0,0.0,5.991462752596988e-07,true,0,0,true,0,0,0,NA,0.432155,0,0,0,0,0,0,0,0,0,0,arm64,true,true,NA,NA,NA,NA
E5,pooled,native_scalar,LOG,double,libc++,0.75,0.25,5,5000000,5000000,0,0,0,5000000,0,0,0,0,0,0,0,0.0,0.0,5.991462752596988e-07,true,0.0,0.0,5.991462752596988e-07,true,0.0,0.0,5.991462752596988e-07,true,true,0,0.0,0.0,5.991462752596988e-07,true,0,0,true,0,0,0,NA,0.710029,0,0,0,0,0,0,0,0,0,0,arm64,true,true,NA,NA,NA,NA
E5,pooled,native_scalar,LOG,double,libstdc++,0.75,0.25,5,5000000,5000000,0,0,0,5000000,0,0,0,0,0,0,0,0.0,0.0,5.991462752596988e-07,true,0.0,0.0,5.991462752596988e-07,true,0.0,0.0,5.991462752596988e-07,true,true,0,0.0,0.0,5.991462752596988e-07,true,0,0,true,0,0,0,NA,0.5740419999999999,0,0,0,0,0,0,0,0,0,0,arm64,true,true,NA,NA,NA,NA
E5,pooled,native_scalar,QF,double,libc++,0.75,0.25,5,5000000,5000000,0,0,0,5000000,0,0,0,0,0,0,0,0.0,0.0,5.991462752596988e-07,true,0.0,0.0,5.991462752596988e-07,true,0.0,0.0,5.991462752596988e-07,true,true,0,0.0,0.0,5.991462752596988e-07,true,0,0,true,0,0,0,NA,0.589567,0,0,0,0,0,0,0,0,0,0,arm64,true,true,NA,NA,NA,NA
E5,pooled,native_scalar,QF,double,libstdc++,0.75,0.25,5,5000000,5000000,0,0,0,5000000,0,0,0,0,0,0,0,0.0,0.0,5.991462752596988e-07,true,0.0,0.0,5.991462752596988e-07,true,0.0,0.0,5.991462752596988e-07,true,true,0,0.0,0.0,5.991462752596988e-07,true,0,0,true,0,0,0,NA,0.456288,0,0,0,0,0,0,0,0,0,0,arm64,true,true,NA,NA,NA,NA
E5,pooled,native_scalar,SPLIT,double,libc++,0.75,0.25,5,5000000,5000000,0,0,0,5000000,0,0,0,0,0,0,0,0.0,0.0,5.991462752596988e-07,true,0.0,0.0,5.991462752596988e-07,true,0.0,0.0,5.991462752596988e-07,true,true,0,0.0,0.0,5.991462752596988e-07,true,0,0,true,0,0,0,NA,0.5903079999999999,0,0,0,0,0,0,0,0,0,0,arm64,true,true,NA,NA,NA,NA
E5,pooled,native_scalar,SPLIT,double,libstdc++,0.75,0.25,5,5000000,5000000,0,0,0,5000000,0,0,0,0,0,0,0,0.0,0.0,5.991462752596988e-07,true,0.0,0.0,5.991462752596988e-07,true,0.0,0.0,5.991462752596988e-07,true,true,0,0.0,0.0,5.991462752596988e-07,true,0,0,true,0,0,0,NA,0.456609,0,0,0,0,0,0,0,0,0,0,arm64,true,true,NA,NA,NA,NA
E5,pooled,native_scalar,LOG,double,libc++,1,0.5,5,5000000,5000000,0,0,0,5000000,0,0,0,0,0,0,0,0.0,0.0,5.991462752596988e-07,true,0.0,0.0,5.991462752596988e-07,true,0.0,0.0,5.991462752596988e-07,true,true,0,0.0,0.0,5.991462752596988e-07,true,0,0,true,0,0,0,NA,0.806526,0,0,0,0,0,0,0,0,0,0,arm64,true,true,NA,NA,NA,NA
E5,pooled,native_scalar,LOG,double,libstdc++,1,0.5,5,5000000,5000000,0,0,0,5000000,0,0,0,0,0,0,0,0.0,0.0,5.991462752596988e-07,true,0.0,0.0,5.991462752596988e-07,true,0.0,0.0,5.991462752596988e-07,true,true,0,0.0,0.0,5.991462752596988e-07,true,0,0,true,0,0,0,NA,0.6775370000000001,0,0,0,0,0,0,0,0,0,0,arm64,true,true,NA,NA,NA,NA
E5,pooled,native_scalar,QF,double,libc++,1,0.5,5,5000000,5000000,0,0,0,5000000,0,0,0,0,0,0,0,0.0,0.0,5.991462752596988e-07,true,0.0,0.0,5.991462752596988e-07,true,0.0,0.0,5.991462752596988e-07,true,true,0,0.0,0.0,5.991462752596988e-07,true,0,0,true,0,0,0,NA,0.641783,0,0,0,0,0,0,0,0,0,0,arm64,true,true,NA,NA,NA,NA
E5,pooled,native_scalar,QF,double,libstdc++,1,0.5,5,5000000,5000000,0,0,0,5000000,0,0,0,0,0,0,0,0.0,0.0,5.991462752596988e-07,true,0.0,0.0,5.991462752596988e-07,true,0.0,0.0,5.991462752596988e-07,true,true,0,0.0,0.0,5.991462752596988e-07,true,0,0,true,0,0,0,NA,0.48098399999999997,0,0,0,0,0,0,0,0,0,0,arm64,true,true,NA,NA,NA,NA
E5,pooled,native_scalar,SPLIT,double,libc++,1,0.5,5,5000000,5000000,0,0,0,5000000,0,0,0,0,0,0,0,0.0,0.0,5.991462752596988e-07,true,0.0,0.0,5.991462752596988e-07,true,0.0,0.0,5.991462752596988e-07,true,true,0,0.0,0.0,5.991462752596988e-07,true,0,0,true,0,0,0,NA,0.639486,0,0,0,0,0,0,0,0,0,0,arm64,true,true,NA,NA,NA,NA
E5,pooled,native_scalar,SPLIT,double,libstdc++,1,0.5,5,5000000,5000000,0,0,0,5000000,0,0,0,0,0,0,0,0.0,0.0,5.991462752596988e-07,true,0.0,0.0,5.991462752596988e-07,true,0.0,0.0,5.991462752596988e-07,true,true,0,0.0,0.0,5.991462752596988e-07,true,0,0,true,0,0,0,NA,0.478669,0,0,0,0,0,0,0,0,0,0,arm64,true,true,NA,NA,NA,NA
E5,pooled,native_scalar,LOG,double,libc++,1.5,1.0,5,5000000,5000000,0,0,0,5000000,0,0,0,0,0,0,0,0.0,0.0,5.991462752596988e-07,true,0.0,0.0,5.991462752596988e-07,true,0.0,0.0,5.991462752596988e-07,true,true,0,0.0,0.0,5.991462752596988e-07,true,0,0,true,0,0,0,NA,0.663824,0,0,0,0,0,0,0,0,0,0,arm64,true,true,NA,NA,NA,NA
E5,pooled,native_scalar,LOG,double,libstdc++,1.5,1.0,5,5000000,5000000,0,0,0,5000000,0,0,0,0,0,0,0,0.0,0.0,5.991462752596988e-07,true,0.0,0.0,5.991462752596988e-07,true,0.0,0.0,5.991462752596988e-07,true,true,0,0.0,0.0,5.991462752596988e-07,true,0,0,true,0,0,0,NA,0.56964,0,0,0,0,0,0,0,0,0,0,arm64,true,true,NA,NA,NA,NA
E5,pooled,native_scalar,QF,double,libc++,1.5,1.0,5,5000000,5000000,0,0,0,5000000,0,0,0,0,0,0,0,0.0,0.0,5.991462752596988e-07,true,0.0,0.0,5.991462752596988e-07,true,0.0,0.0,5.991462752596988e-07,true,true,0,0.0,0.0,5.991462752596988e-07,true,0,0,true,0,0,0,NA,0.536489,0,0,0,0,0,0,0,0,0,0,arm64,true,true,NA,NA,NA,NA
E5,pooled,native_scalar,QF,double,libstdc++,1.5,1.0,5,5000000,5000000,0,0,0,5000000,0,0,0,0,0,0,0,0.0,0.0,5.991462752596988e-07,true,0.0,0.0,5.991462752596988e-07,true,0.0,0.0,5.991462752596988e-07,true,true,0,0.0,0.0,5.991462752596988e-07,true,0,0,true,0,0,0,NA,0.461939,0,0,0,0,0,0,0,0,0,0,arm64,true,true,NA,NA,NA,NA
E5,pooled,native_scalar,SPLIT,double,libc++,1.5,1.0,5,5000000,5000000,0,0,0,5000000,0,0,0,0,0,0,0,0.0,0.0,5.991462752596988e-07,true,0.0,0.0,5.991462752596988e-07,true,0.0,0.0,5.991462752596988e-07,true,true,0,0.0,0.0,5.991462752596988e-07,true,0,0,true,0,0,0,NA,0.536072,0,0,0,0,0,0,0,0,0,0,arm64,true,true,NA,NA,NA,NA
E5,pooled,native_scalar,SPLIT,double,libstdc++,1.5,1.0,5,5000000,5000000,0,0,0,5000000,0,0,0,0,0,0,0,0.0,0.0,5.991462752596988e-07,true,0.0,0.0,5.991462752596988e-07,true,0.0,0.0,5.991462752596988e-07,true,true,0,0.0,0.0,5.991462752596988e-07,true,0,0,true,0,0,0,NA,0.45982,0,0,0,0,0,0,0,0,0,0,arm64,true,true,NA,NA,NA,NA
E5,pooled,native_scalar,LOG,double,libc++,2,1.5,5,5000000,5000000,0,0,0,5000000,0,0,0,0,0,0,0,0.0,0.0,5.991462752596988e-07,true,0.0,0.0,5.991462752596988e-07,true,0.0,0.0,5.991462752596988e-07,true,true,0,0.0,0.0,5.991462752596988e-07,true,0,0,true,0,0,0,NA,0.853073,0,0,0,0,0,0,0,0,0,0,arm64,true,true,NA,NA,NA,NA
E5,pooled,native_scalar,LOG,double,libstdc++,2,1.5,5,5000000,5000000,0,0,0,5000000,0,0,0,0,0,0,0,0.0,0.0,5.991462752596988e-07,true,0.0,0.0,5.991462752596988e-07,true,0.0,0.0,5.991462752596988e-07,true,true,0,0.0,0.0,5.991462752596988e-07,true,0,0,true,0,0,0,NA,0.568872,0,0,0,0,0,0,0,0,0,0,arm64,true,true,NA,NA,NA,NA
E5,pooled,native_scalar,QF,double,libc++,2,1.5,5,5000000,5000000,0,0,0,5000000,0,0,0,0,0,0,0,0.0,0.0,5.991462752596988e-07,true,0.0,0.0,5.991462752596988e-07,true,0.0,0.0,5.991462752596988e-07,true,true,0,0.0,0.0,5.991462752596988e-07,true,0,0,true,0,0,0,NA,0.760131,0,0,0,0,0,0,0,0,0,0,arm64,true,true,NA,NA,NA,NA
E5,pooled,native_scalar,QF,double,libstdc++,2,1.5,5,5000000,5000000,0,0,0,5000000,0,0,0,0,0,0,0,0.0,0.0,5.991462752596988e-07,true,0.0,0.0,5.991462752596988e-07,true,0.0,0.0,5.991462752596988e-07,true,true,0,0.0,0.0,5.991462752596988e-07,true,0,0,true,0,0,0,NA,0.462876,0,0,0,0,0,0,0,0,0,0,arm64,true,true,NA,NA,NA,NA
E5,pooled,native_scalar,SPLIT,double,libc++,2,1.5,5,5000000,5000000,0,0,0,5000000,0,0,0,0,0,0,0,0.0,0.0,5.991462752596988e-07,true,0.0,0.0,5.991462752596988e-07,true,0.0,0.0,5.991462752596988e-07,true,true,0,0.0,0.0,5.991462752596988e-07,true,0,0,true,0,0,0,NA,0.759232,0,0,0,0,0,0,0,0,0,0,arm64,true,true,NA,NA,NA,NA
E5,pooled,native_scalar,SPLIT,double,libstdc++,2,1.5,5,5000000,5000000,0,0,0,5000000,0,0,0,0,0,0,0,0.0,0.0,5.991462752596988e-07,true,0.0,0.0,5.991462752596988e-07,true,0.0,0.0,5.991462752596988e-07,true,true,0,0.0,0.0,5.991462752596988e-07,true,0,0,true,0,0,0,NA,0.46111,0,0,0,0,0,0,0,0,0,0,arm64,true,true,NA,NA,NA,NA
E5,pooled,native_scalar,LOG,double,libc++,5,4.5,5,5000000,5000000,0,0,0,5000000,0,0,0,0,0,0,0,0.0,0.0,5.991462752596988e-07,true,0.0,0.0,5.991462752596988e-07,true,0.0,0.0,5.991462752596988e-07,true,true,0,0.0,0.0,5.991462752596988e-07,true,0,0,true,0,0,0,NA,0.809661,0,0,0,0,0,0,0,0,0,0,arm64,true,true,NA,NA,NA,NA
E5,pooled,native_scalar,LOG,double,libstdc++,5,4.5,5,5000000,5000000,0,0,0,5000000,0,0,0,0,0,0,0,0.0,0.0,5.991462752596988e-07,true,0.0,0.0,5.991462752596988e-07,true,0.0,0.0,5.991462752596988e-07,true,true,0,0.0,0.0,5.991462752596988e-07,true,0,0,true,0,0,0,NA,0.567114,0,0,0,0,0,0,0,0,0,0,arm64,true,true,NA,NA,NA,NA
E5,pooled,native_scalar,QF,double,libc++,5,4.5,5,5000000,5000000,0,0,0,5000000,0,0,0,0,0,0,0,0.0,0.0,5.991462752596988e-07,true,0.0,0.0,5.991462752596988e-07,true,0.0,0.0,5.991462752596988e-07,true,true,0,0.0,0.0,5.991462752596988e-07,true,0,0,true,0,0,0,NA,0.717383,0,0,0,0,0,0,0,0,0,0,arm64,true,true,NA,NA,NA,NA
E5,pooled,native_scalar,QF,double,libstdc++,5,4.5,5,5000000,5000000,0,0,0,5000000,0,0,0,0,0,0,0,0.0,0.0,5.991462752596988e-07,true,0.0,0.0,5.991462752596988e-07,true,0.0,0.0,5.991462752596988e-07,true,true,0,0.0,0.0,5.991462752596988e-07,true,0,0,true,0,0,0,NA,0.45795199999999997,0,0,0,0,0,0,0,0,0,0,arm64,true,true,NA,NA,NA,NA
E5,pooled,native_scalar,SPLIT,double,libc++,5,4.5,5,5000000,5000000,0,0,0,5000000,0,0,0,0,0,0,0,0.0,0.0,5.991462752596988e-07,true,0.0,0.0,5.991462752596988e-07,true,0.0,0.0,5.991462752596988e-07,true,true,0,0.0,0.0,5.991462752596988e-07,true,0,0,true,0,0,0,NA,0.712681,0,0,0,0,0,0,0,0,0,0,arm64,true,true,NA,NA,NA,NA
E5,pooled,native_scalar,SPLIT,double,libstdc++,5,4.5,5,5000000,5000000,0,0,0,5000000,0,0,0,0,0,0,0,0.0,0.0,5.991462752596988e-07,true,0.0,0.0,5.991462752596988e-07,true,0.0,0.0,5.991462752596988e-07,true,true,0,0.0,0.0,5.991462752596988e-07,true,0,0,true,0,0,0,NA,0.457222,0,0,0,0,0,0,0,0,0,0,arm64,true,true,NA,NA,NA,NA
E5,pooled,native_scalar,LOG,float,libc++,0.5001,0.00010001659393310547,5,5000000,88260,4911740,0,4911740,88260,0,0,0,0,4911740,0,0,0.982348,0.9822321971945072,0.9824632437387643,false,0.0,0.0,5.991462752596988e-07,true,0.982348,0.9822321971945072,0.9824632437387643,false,true,0,0.0,0.0,5.991462752596988e-07,true,0,4911740,false,4948297,0,0,NA,0.429942,0,0,0,0,0,0,0,0,0,0,arm64,true,true,NA,NA,NA,NA
E5,pooled,native_scalar,LOG,float,libstdc++,0.5001,0.00010001659393310547,5,5000000,88308,4911692,0,4911692,88308,0,0,0,0,4911692,0,0,0.9823384,0.982222566382338,0.9824536745622313,false,0.0,0.0,5.991462752596988e-07,true,0.9823384,0.982222566382338,0.9824536745622313,false,true,0,0.0,0.0,5.991462752596988e-07,true,0,4911692,false,4948562,0,0,NA,0.260144,0,0,0,0,0,0,0,0,0,0,arm64,true,true,NA,NA,NA,NA
E5,pooled,native_scalar,QF,float,libc++,0.5001,0.00010001659393310547,5,5000000,43873,4956127,4956127,0,43873,4948283,7844,0,0,0,0,0,0.9912254,0.9911432695804958,0.9913069607942939,false,0.9912254,0.9911432695804958,0.9913069607942939,false,0.0,0.0,5.991462752596988e-07,true,true,0,0.0,0.0,5.991462752596988e-07,true,0,0,true,4948283,8492,0,NA,0.3639324,0,0,0,0,0,0,0,0,0,0,arm64,true,true,NA,NA,NA,NA
E5,pooled,native_scalar,QF,float,libstdc++,0.5001,0.00010001659393310547,5,5000000,44027,4955973,4955973,0,44027,4948353,7620,0,0,0,0,0,0.9911946,0.9911123275292386,0.9912763028828665,false,0.9911946,0.9911123275292386,0.9912763028828665,false,0.0,0.0,5.991462752596988e-07,true,true,0,0.0,0.0,5.991462752596988e-07,true,0,0,true,4948353,8289,0,NA,0.24512699999999998,0,0,0,0,0,0,0,0,0,0,arm64,true,true,NA,NA,NA,NA
E5,pooled,native_scalar,SPLIT,float,libc++,0.5001,0.00010001659393310547,5,5000000,51717,4948283,4948283,0,51717,4948283,0,0,0,0,0,0,0.9896566,0.9895675335718813,0.9897450986939944,false,0.9896566,0.9895675335718813,0.9897450986939944,false,0.0,0.0,5.991462752596988e-07,true,true,0,0.0,0.0,5.991462752596988e-07,true,0,0,true,4948283,8492,0,NA,0.3662172,0,0,0,0,0,0,0,0,0,0,arm64,true,true,NA,NA,NA,NA
E5,pooled,native_scalar,SPLIT,float,libstdc++,0.5001,0.00010001659393310547,5,5000000,51647,4948353,4948353,0,51647,4948353,0,0,0,0,0,0,0.9896706,0.9895815929734026,0.9897590392756725,false,0.9896706,0.9895815929734026,0.9897590392756725,false,0.0,0.0,5.991462752596988e-07,true,true,0,0.0,0.0,5.991462752596988e-07,true,0,0,true,4948353,8289,0,NA,0.242791,0,0,0,0,0,0,0,0,0,0,arm64,true,true,NA,NA,NA,NA
E5,pooled,native_scalar,LOG,float,libc++,0.501,0.0009999871253967285,5,5000000,815208,4184792,0,4184792,815208,0,0,0,0,4184792,0,0,0.8369584,0.8366343143093329,0.8372820954265581,false,0.0,0.0,5.991462752596988e-07,true,0.8369584,0.8366343143093329,0.8372820954265581,false,true,0,0.0,0.0,5.991462752596988e-07,true,0,4184792,false,4508945,0,0,NA,0.4576505,0,0,0,0,0,0,0,0,0,0,arm64,true,true,NA,NA,NA,NA
E5,pooled,native_scalar,LOG,float,libstdc++,0.501,0.0009999871253967285,5,5000000,814845,4185155,0,4185155,814845,0,0,0,0,4185155,0,0,0.837031,0.8367069723250486,0.8373546373267364,false,0.0,0.0,5.991462752596988e-07,true,0.837031,0.8367069723250486,0.8373546373267364,false,true,0,0.0,0.0,5.991462752596988e-07,true,0,4185155,false,4508957,0,0,NA,0.287347,0,0,0,0,0,0,0,0,0,0,arm64,true,true,NA,NA,NA,NA
E5,pooled,native_scalar,QF,float,libc++,0.501,0.0009999871253967285,5,5000000,421818,4578182,4578182,0,421818,4508852,69330,0,0,0,0,0,0.9156364,0.9153924453049214,0.91587987324152,false,0.9156364,0.9153924453049214,0.91587987324152,false,0.0,0.0,5.991462752596988e-07,true,true,0,0.0,0.0,5.991462752596988e-07,true,0,0,true,4508852,75562,0,NA,0.3776217,0,0,0,0,0,0,0,0,0,0,arm64,true,true,NA,NA,NA,NA
E5,pooled,native_scalar,QF,float,libstdc++,0.501,0.0009999871253967285,5,5000000,421856,4578144,4578144,0,421856,4509010,69134,0,0,0,0,0,0.9156288,0.9153848353475238,0.915872283207729,false,0.9156288,0.9153848353475238,0.915872283207729,false,0.0,0.0,5.991462752596988e-07,true,true,0,0.0,0.0,5.991462752596988e-07,true,0,0,true,4509010,75349,0,NA,0.257851,0,0,0,0,0,0,0,0,0,0,arm64,true,true,NA,NA,NA,NA
E5,pooled,native_scalar,SPLIT,float,libc++,0.501,0.0009999871253967285,5,5000000,491148,4508852,4508852,0,491148,4508852,0,0,0,0,0,0,0.9017704,0.9015091924326459,0.9020311421922659,false,0.9017704,0.9015091924326459,0.9020311421922659,false,0.0,0.0,5.991462752596988e-07,true,true,0,0.0,0.0,5.991462752596988e-07,true,0,0,true,4508852,75562,0,NA,0.37570400000000004,0,0,0,0,0,0,0,0,0,0,arm64,true,true,NA,NA,NA,NA
E5,pooled,native_scalar,SPLIT,float,libstdc++,0.501,0.0009999871253967285,5,5000000,490990,4509010,4509010,0,490990,4509010,0,0,0,0,0,0,0.901802,0.9015408298087494,0.9020627047795262,false,0.901802,0.9015408298087494,0.9020627047795262,false,0.0,0.0,5.991462752596988e-07,true,true,0,0.0,0.0,5.991462752596988e-07,true,0,0,true,4509010,75349,0,NA,0.257429,0,0,0,0,0,0,0,0,0,0,arm64,true,true,NA,NA,NA,NA
E5,pooled,native_scalar,LOG,float,libc++,0.505,0.004999995231628418,5,5000000,2946969,2053031,0,2053031,2946969,0,0,0,0,2053031,0,0,0.4106062,0.4101749519945751,0.4110375515304417,false,0.0,0.0,5.991462752596988e-07,true,0.4106062,0.4101749519945751,0.4110375515304417,false,true,0,0.0,0.0,5.991462752596988e-07,true,0,2053031,false,2981896,0,0,NA,0.5441320000000001,0,0,0,0,0,0,0,0,0,0,arm64,true,true,NA,NA,NA,NA
E5,pooled,native_scalar,LOG,float,libstdc++,0.505,0.004999995231628418,5,5000000,2945119,2054881,0,2054881,2945119,0,0,0,0,2054881,0,0,0.4109762,0.4105448929736021,0.4114076101229499,false,0.0,0.0,5.991462752596988e-07,true,0.4109762,0.4105448929736021,0.4114076101229499,false,true,0,0.0,0.0,5.991462752596988e-07,true,0,2054881,false,2982758,0,0,NA,0.36068500000000003,0,0,0,0,0,0,0,0,0,0,arm64,true,true,NA,NA,NA,NA
E5,pooled,native_scalar,QF,float,libc++,0.505,0.004999995231628418,5,5000000,1781403,3218597,3218597,0,1781403,2981852,236745,0,0,0,0,0,0.6437194,0.6432994506677752,0.6441391828925161,false,0.6437194,0.6432994506677752,0.6441391828925161,false,0.0,0.0,5.991462752596988e-07,true,true,0,0.0,0.0,5.991462752596988e-07,true,0,0,true,2981852,258656,0,NA,0.4285979,0,0,0,0,0,0,0,0,0,0,arm64,true,true,NA,NA,NA,NA
E5,pooled,native_scalar,QF,float,libstdc++,0.505,0.004999995231628418,5,5000000,1780731,3219269,3219269,0,1780731,2984063,235206,0,0,0,0,0,0.6438538,0.6434338859615365,0.6442735474431003,false,0.6438538,0.6434338859615365,0.6442735474431003,false,0.0,0.0,5.991462752596988e-07,true,true,0,0.0,0.0,5.991462752596988e-07,true,0,0,true,2984063,257092,0,NA,0.314934,0,0,0,0,0,0,0,0,0,0,arm64,true,true,NA,NA,NA,NA
E5,pooled,native_scalar,SPLIT,float,libc++,0.505,0.004999995231628418,5,5000000,2018148,2981852,2981852,0,2018148,2981852,0,0,0,0,0,0,0.5963704,0.595940200557439,0.5968004878379849,false,0.5963704,0.595940200557439,0.5968004878379849,false,0.0,0.0,5.991462752596988e-07,true,true,0,0.0,0.0,5.991462752596988e-07,true,0,0,true,2981852,258656,0,NA,0.4254708,0,0,0,0,0,0,0,0,0,0,arm64,true,true,NA,NA,NA,NA
E5,pooled,native_scalar,SPLIT,float,libstdc++,0.505,0.004999995231628418,5,5000000,2015937,2984063,2984063,0,2015937,2984063,0,0,0,0,0,0,0.5968126,0.5963824766163116,0.5972426112670228,false,0.5968126,0.5963824766163116,0.5972426112670228,false,0.0,0.0,5.991462752596988e-07,true,true,0,0.0,0.0,5.991462752596988e-07,true,0,0,true,2984063,257092,0,NA,0.311385,0,0,0,0,0,0,0,0,0,0,arm64,true,true,NA,NA,NA,NA
E5,pooled,native_scalar,LOG,float,libc++,0.51,0.009999990463256836,5,5000000,4156617,843383,0,843383,4156617,0,0,0,0,843383,0,0,0.1686766,0.1683484640015097,0.16900511973403884,false,0.0,0.0,5.991462752596988e-07,true,0.1686766,0.1683484640015097,0.16900511973403884,false,true,0,0.0,0.0,5.991462752596988e-07,true,0,843383,false,1777038,0,0,NA,0.519517,0,0,0,0,0,0,0,0,0,0,arm64,true,true,NA,NA,NA,NA
E5,pooled,native_scalar,LOG,float,libstdc++,0.51,0.009999990463256836,5,5000000,4156459,843541,0,843541,4156459,0,0,0,0,843541,0,0,0.1687082,0.16838003947832314,0.16903674422061743,false,0.0,0.0,5.991462752596988e-07,true,0.1687082,0.16838003947832314,0.16903674422061743,false,true,0,0.0,0.0,5.991462752596988e-07,true,0,843541,false,1777648,0,0,NA,0.356793,0,0,0,0,0,0,0,0,0,0,arm64,true,true,NA,NA,NA,NA
E5,pooled,native_scalar,QF,float,libc++,0.51,0.009999990463256836,5,5000000,2929723,2070277,2070277,0,2929723,1776854,293423,0,0,0,0,0,0.4140554,0.4136236115519178,0.4144872879786277,false,0.4140554,0.4136236115519178,0.4144872879786277,false,0.0,0.0,5.991462752596988e-07,true,true,0,0.0,0.0,5.991462752596988e-07,true,0,0,true,1776854,321500,0,NA,0.44231390000000004,0,0,0,0,0,0,0,0,0,0,arm64,true,true,NA,NA,NA,NA
E5,pooled,native_scalar,QF,float,libstdc++,0.51,0.009999990463256836,5,5000000,2927361,2072639,2072639,0,2927361,1778809,293830,0,0,0,0,0,0.4145278,0.4140959392336078,0.4149597597498473,false,0.4145278,0.4140959392336078,0.4149597597498473,false,0.0,0.0,5.991462752596988e-07,true,true,0,0.0,0.0,5.991462752596988e-07,true,0,0,true,1778809,321744,0,NA,0.322938,0,0,0,0,0,0,0,0,0,0,arm64,true,true,NA,NA,NA,NA
E5,pooled,native_scalar,SPLIT,float,libc++,0.51,0.009999990463256836,5,5000000,3223146,1776854,1776854,0,3223146,1776854,0,0,0,0,0,0,0.3553708,0.3549512577809665,0.35579050971241594,false,0.3553708,0.3549512577809665,0.35579050971241594,false,0.0,0.0,5.991462752596988e-07,true,true,0,0.0,0.0,5.991462752596988e-07,true,0,0,true,1776854,321500,0,NA,0.4411622,0,0,0,0,0,0,0,0,0,0,arm64,true,true,NA,NA,NA,NA
E5,pooled,native_scalar,SPLIT,float,libstdc++,0.51,0.009999990463256836,5,5000000,3221191,1778809,1778809,0,3221191,1778809,0,0,0,0,0,0,0.3557618,0.35534215414544296,0.3561816128951167,false,0.3557618,0.35534215414544296,0.3561816128951167,false,0.0,0.0,5.991462752596988e-07,true,true,0,0.0,0.0,5.991462752596988e-07,true,0,0,true,1778809,321744,0,NA,0.322515,0,0,0,0,0,0,0,0,0,0,arm64,true,true,NA,NA,NA,NA
E5,pooled,native_scalar,LOG,float,libc++,0.55,0.050000011920928955,5,5000000,4999367,633,0,633,4999367,0,0,0,0,633,0,0,0.0001266,0.00011692899002353798,0.00013685746808029248,false,0.0,0.0,5.991462752596988e-07,true,0.0001266,0.00011692899002353798,0.00013685746808029248,false,true,0,0.0,0.0,5.991462752596988e-07,true,0,633,false,28262,0,0,NA,0.4812547,0,0,0,0,0,0,0,0,0,0,arm64,true,true,NA,NA,NA,NA
E5,pooled,native_scalar,LOG,float,libstdc++,0.55,0.050000011920928955,5,5000000,4999330,670,0,670,4999330,0,0,0,0,670,0,0,0.000134,0.00012404486166787092,0.0001445413722087828,false,0.0,0.0,5.991462752596988e-07,true,0.000134,0.00012404486166787092,0.0001445413722087828,false,true,0,0.0,0.0,5.991462752596988e-07,true,0,670,false,28488,0,0,NA,0.346136,0,0,0,0,0,0,0,0,0,0,arm64,true,true,NA,NA,NA,NA
E5,pooled,native_scalar,QF,float,libc++,0.55,0.050000011920928955,5,5000000,4939140,60860,60860,0,4939140,28179,32681,0,0,0,0,0,0.012172,0.012076068976754464,0.012268496571917949,false,0.012172,0.012076068976754464,0.012268496571917949,false,0.0,0.0,5.991462752596988e-07,true,true,0,0.0,0.0,5.991462752596988e-07,true,0,0,true,28179,36784,0,NA,0.4241688,0,0,0,0,0,0,0,0,0,0,arm64,true,true,NA,NA,NA,NA
E5,pooled,native_scalar,QF,float,libstdc++,0.55,0.050000011920928955,5,5000000,4938750,61250,61250,0,4938750,28673,32577,0,0,0,0,0,0.01225,0.012153765274764515,0.012346800181027906,false,0.01225,0.012153765274764515,0.012346800181027906,false,0.0,0.0,5.991462752596988e-07,true,true,0,0.0,0.0,5.991462752596988e-07,true,0,0,true,28673,36606,0,NA,0.301483,0,0,0,0,0,0,0,0,0,0,arm64,true,true,NA,NA,NA,NA
E5,pooled,native_scalar,SPLIT,float,libc++,0.55,0.050000011920928955,5,5000000,4971821,28179,28179,0,4971821,28179,0,0,0,0,0,0,0.0056358,0.005570369807304753,0.0057018036857307206,false,0.0056358,0.005570369807304753,0.0057018036857307206,false,0.0,0.0,5.991462752596988e-07,true,true,0,0.0,0.0,5.991462752596988e-07,true,0,0,true,28179,36784,0,NA,0.4224886,0,0,0,0,0,0,0,0,0,0,arm64,true,true,NA,NA,NA,NA
E5,pooled,native_scalar,SPLIT,float,libstdc++,0.55,0.050000011920928955,5,5000000,4971327,28673,28673,0,4971327,28673,0,0,0,0,0,0,0.0057346,0.005668600380622819,0.0058011729878581055,false,0.0057346,0.005668600380622819,0.0058011729878581055,false,0.0,0.0,5.991462752596988e-07,true,true,0,0.0,0.0,5.991462752596988e-07,true,0,0,true,28673,36606,0,NA,0.300159,0,0,0,0,0,0,0,0,0,0,arm64,true,true,NA,NA,NA,NA
E5,pooled,native_scalar,LOG,float,libc++,0.6,0.10000002384185791,5,5000000,5000000,0,0,0,5000000,0,0,0,0,0,0,0,0.0,0.0,5.991462752596988e-07,true,0.0,0.0,5.991462752596988e-07,true,0.0,0.0,5.991462752596988e-07,true,true,0,0.0,0.0,5.991462752596988e-07,true,0,0,true,154,0,0,NA,0.4952832,0,0,0,0,0,0,0,0,0,0,arm64,true,true,NA,NA,NA,NA
E5,pooled,native_scalar,LOG,float,libstdc++,0.6,0.10000002384185791,5,5000000,5000000,0,0,0,5000000,0,0,0,0,0,0,0,0.0,0.0,5.991462752596988e-07,true,0.0,0.0,5.991462752596988e-07,true,0.0,0.0,5.991462752596988e-07,true,true,0,0.0,0.0,5.991462752596988e-07,true,0,0,true,137,0,0,NA,0.364927,0,0,0,0,0,0,0,0,0,0,arm64,true,true,NA,NA,NA,NA
E5,pooled,native_scalar,QF,float,libc++,0.6,0.10000002384185791,5,5000000,4999321,679,679,0,4999321,163,516,0,0,0,0,0,0.0001358,0.00012577694514959124,0.0001464092368579607,false,0.0001358,0.00012577694514959124,0.0001464092368579607,false,0.0,0.0,5.991462752596988e-07,true,true,0,0.0,0.0,5.991462752596988e-07,true,0,0,true,163,624,0,NA,0.4374167,0,0,0,0,0,0,0,0,0,0,arm64,true,true,NA,NA,NA,NA
E5,pooled,native_scalar,QF,float,libstdc++,0.6,0.10000002384185791,5,5000000,4999272,728,728,0,4999272,165,563,0,0,0,0,0,0.0001456,0.00013521483094956923,0.00015657108499395265,false,0.0001456,0.00013521483094956923,0.00015657108499395265,false,0.0,0.0,5.991462752596988e-07,true,true,0,0.0,0.0,5.991462752596988e-07,true,0,0,true,165,669,0,NA,0.312002,0,0,0,0,0,0,0,0,0,0,arm64,true,true,NA,NA,NA,NA
E5,pooled,native_scalar,SPLIT,float,libc++,0.6,0.10000002384185791,5,5000000,4999837,163,163,0,4999837,163,0,0,0,0,0,0,3.26e-05,2.7787472424424216e-05,3.8006519466950834e-05,false,3.26e-05,2.7787472424424216e-05,3.8006519466950834e-05,false,0.0,0.0,5.991462752596988e-07,true,true,0,0.0,0.0,5.991462752596988e-07,true,0,0,true,163,624,0,NA,0.43906429999999996,0,0,0,0,0,0,0,0,0,0,arm64,true,true,NA,NA,NA,NA
E5,pooled,native_scalar,SPLIT,float,libstdc++,0.6,0.10000002384185791,5,5000000,4999835,165,165,0,4999835,165,0,0,0,0,0,0,3.3e-05,2.815684877192659e-05,3.843705162708496e-05,false,3.3e-05,2.815684877192659e-05,3.843705162708496e-05,false,0.0,0.0,5.991462752596988e-07,true,true,0,0.0,0.0,5.991462752596988e-07,true,0,0,true,165,669,0,NA,0.311554,0,0,0,0,0,0,0,0,0,0,arm64,true,true,NA,NA,NA,NA
E5,pooled,native_scalar,LOG,float,libc++,0.75,0.25,5,5000000,5000000,0,0,0,5000000,0,0,0,0,0,0,0,0.0,0.0,5.991462752596988e-07,true,0.0,0.0,5.991462752596988e-07,true,0.0,0.0,5.991462752596988e-07,true,true,0,0.0,0.0,5.991462752596988e-07,true,0,0,true,0,0,0,NA,0.541864,0,0,0,0,0,0,0,0,0,0,arm64,true,true,NA,NA,NA,NA
E5,pooled,native_scalar,LOG,float,libstdc++,0.75,0.25,5,5000000,5000000,0,0,0,5000000,0,0,0,0,0,0,0,0.0,0.0,5.991462752596988e-07,true,0.0,0.0,5.991462752596988e-07,true,0.0,0.0,5.991462752596988e-07,true,true,0,0.0,0.0,5.991462752596988e-07,true,0,0,true,0,0,0,NA,0.415735,0,0,0,0,0,0,0,0,0,0,arm64,true,true,NA,NA,NA,NA
E5,pooled,native_scalar,QF,float,libc++,0.75,0.25,5,5000000,5000000,0,0,0,5000000,0,0,0,0,0,0,0,0.0,0.0,5.991462752596988e-07,true,0.0,0.0,5.991462752596988e-07,true,0.0,0.0,5.991462752596988e-07,true,true,0,0.0,0.0,5.991462752596988e-07,true,0,0,true,0,0,0,NA,0.476323,0,0,0,0,0,0,0,0,0,0,arm64,true,true,NA,NA,NA,NA
E5,pooled,native_scalar,QF,float,libstdc++,0.75,0.25,5,5000000,5000000,0,0,0,5000000,0,0,0,0,0,0,0,0.0,0.0,5.991462752596988e-07,true,0.0,0.0,5.991462752596988e-07,true,0.0,0.0,5.991462752596988e-07,true,true,0,0.0,0.0,5.991462752596988e-07,true,0,0,true,0,0,0,NA,0.334437,0,0,0,0,0,0,0,0,0,0,arm64,true,true,NA,NA,NA,NA
E5,pooled,native_scalar,SPLIT,float,libc++,0.75,0.25,5,5000000,5000000,0,0,0,5000000,0,0,0,0,0,0,0,0.0,0.0,5.991462752596988e-07,true,0.0,0.0,5.991462752596988e-07,true,0.0,0.0,5.991462752596988e-07,true,true,0,0.0,0.0,5.991462752596988e-07,true,0,0,true,0,0,0,NA,0.47553500000000004,0,0,0,0,0,0,0,0,0,0,arm64,true,true,NA,NA,NA,NA
E5,pooled,native_scalar,SPLIT,float,libstdc++,0.75,0.25,5,5000000,5000000,0,0,0,5000000,0,0,0,0,0,0,0,0.0,0.0,5.991462752596988e-07,true,0.0,0.0,5.991462752596988e-07,true,0.0,0.0,5.991462752596988e-07,true,true,0,0.0,0.0,5.991462752596988e-07,true,0,0,true,0,0,0,NA,0.336025,0,0,0,0,0,0,0,0,0,0,arm64,true,true,NA,NA,NA,NA
E5,pooled,native_scalar,LOG,float,libc++,1,0.5,5,5000000,5000000,0,0,0,5000000,0,0,0,0,0,0,0,0.0,0.0,5.991462752596988e-07,true,0.0,0.0,5.991462752596988e-07,true,0.0,0.0,5.991462752596988e-07,true,true,0,0.0,0.0,5.991462752596988e-07,true,0,0,true,0,0,0,NA,0.615333,0,0,0,0,0,0,0,0,0,0,arm64,true,true,NA,NA,NA,NA
E5,pooled,native_scalar,LOG,float,libstdc++,1,0.5,5,5000000,5000000,0,0,0,5000000,0,0,0,0,0,0,0,0.0,0.0,5.991462752596988e-07,true,0.0,0.0,5.991462752596988e-07,true,0.0,0.0,5.991462752596988e-07,true,true,0,0.0,0.0,5.991462752596988e-07,true,0,0,true,0,0,0,NA,0.489557,0,0,0,0,0,0,0,0,0,0,arm64,true,true,NA,NA,NA,NA
E5,pooled,native_scalar,QF,float,libc++,1,0.5,5,5000000,5000000,0,0,0,5000000,0,0,0,0,0,0,0,0.0,0.0,5.991462752596988e-07,true,0.0,0.0,5.991462752596988e-07,true,0.0,0.0,5.991462752596988e-07,true,true,0,0.0,0.0,5.991462752596988e-07,true,0,0,true,0,0,0,NA,0.517072,0,0,0,0,0,0,0,0,0,0,arm64,true,true,NA,NA,NA,NA
E5,pooled,native_scalar,QF,float,libstdc++,1,0.5,5,5000000,5000000,0,0,0,5000000,0,0,0,0,0,0,0,0.0,0.0,5.991462752596988e-07,true,0.0,0.0,5.991462752596988e-07,true,0.0,0.0,5.991462752596988e-07,true,true,0,0.0,0.0,5.991462752596988e-07,true,0,0,true,0,0,0,NA,0.353401,0,0,0,0,0,0,0,0,0,0,arm64,true,true,NA,NA,NA,NA
E5,pooled,native_scalar,SPLIT,float,libc++,1,0.5,5,5000000,5000000,0,0,0,5000000,0,0,0,0,0,0,0,0.0,0.0,5.991462752596988e-07,true,0.0,0.0,5.991462752596988e-07,true,0.0,0.0,5.991462752596988e-07,true,true,0,0.0,0.0,5.991462752596988e-07,true,0,0,true,0,0,0,NA,0.516862,0,0,0,0,0,0,0,0,0,0,arm64,true,true,NA,NA,NA,NA
E5,pooled,native_scalar,SPLIT,float,libstdc++,1,0.5,5,5000000,5000000,0,0,0,5000000,0,0,0,0,0,0,0,0.0,0.0,5.991462752596988e-07,true,0.0,0.0,5.991462752596988e-07,true,0.0,0.0,5.991462752596988e-07,true,true,0,0.0,0.0,5.991462752596988e-07,true,0,0,true,0,0,0,NA,0.354443,0,0,0,0,0,0,0,0,0,0,arm64,true,true,NA,NA,NA,NA
E5,pooled,native_scalar,LOG,float,libc++,1.5,1.0,5,5000000,5000000,0,0,0,5000000,0,0,0,0,0,0,0,0.0,0.0,5.991462752596988e-07,true,0.0,0.0,5.991462752596988e-07,true,0.0,0.0,5.991462752596988e-07,true,true,0,0.0,0.0,5.991462752596988e-07,true,0,0,true,0,0,0,NA,0.48650689999999996,0,0,0,0,0,0,0,0,0,0,arm64,true,true,NA,NA,NA,NA
E5,pooled,native_scalar,LOG,float,libstdc++,1.5,1.0,5,5000000,5000000,0,0,0,5000000,0,0,0,0,0,0,0,0.0,0.0,5.991462752596988e-07,true,0.0,0.0,5.991462752596988e-07,true,0.0,0.0,5.991462752596988e-07,true,true,0,0.0,0.0,5.991462752596988e-07,true,0,0,true,0,0,0,NA,0.413441,0,0,0,0,0,0,0,0,0,0,arm64,true,true,NA,NA,NA,NA
E5,pooled,native_scalar,QF,float,libc++,1.5,1.0,5,5000000,5000000,0,0,0,5000000,0,0,0,0,0,0,0,0.0,0.0,5.991462752596988e-07,true,0.0,0.0,5.991462752596988e-07,true,0.0,0.0,5.991462752596988e-07,true,true,0,0.0,0.0,5.991462752596988e-07,true,0,0,true,0,0,0,NA,0.4300582,0,0,0,0,0,0,0,0,0,0,arm64,true,true,NA,NA,NA,NA
E5,pooled,native_scalar,QF,float,libstdc++,1.5,1.0,5,5000000,5000000,0,0,0,5000000,0,0,0,0,0,0,0,0.0,0.0,5.991462752596988e-07,true,0.0,0.0,5.991462752596988e-07,true,0.0,0.0,5.991462752596988e-07,true,true,0,0.0,0.0,5.991462752596988e-07,true,0,0,true,0,0,0,NA,0.35217,0,0,0,0,0,0,0,0,0,0,arm64,true,true,NA,NA,NA,NA
E5,pooled,native_scalar,SPLIT,float,libc++,1.5,1.0,5,5000000,5000000,0,0,0,5000000,0,0,0,0,0,0,0,0.0,0.0,5.991462752596988e-07,true,0.0,0.0,5.991462752596988e-07,true,0.0,0.0,5.991462752596988e-07,true,true,0,0.0,0.0,5.991462752596988e-07,true,0,0,true,0,0,0,NA,0.42874049999999997,0,0,0,0,0,0,0,0,0,0,arm64,true,true,NA,NA,NA,NA
E5,pooled,native_scalar,SPLIT,float,libstdc++,1.5,1.0,5,5000000,5000000,0,0,0,5000000,0,0,0,0,0,0,0,0.0,0.0,5.991462752596988e-07,true,0.0,0.0,5.991462752596988e-07,true,0.0,0.0,5.991462752596988e-07,true,true,0,0.0,0.0,5.991462752596988e-07,true,0,0,true,0,0,0,NA,0.352342,0,0,0,0,0,0,0,0,0,0,arm64,true,true,NA,NA,NA,NA
E5,pooled,native_scalar,LOG,float,libc++,2,1.5,5,5000000,5000000,0,0,0,5000000,0,0,0,0,0,0,0,0.0,0.0,5.991462752596988e-07,true,0.0,0.0,5.991462752596988e-07,true,0.0,0.0,5.991462752596988e-07,true,true,0,0.0,0.0,5.991462752596988e-07,true,0,0,true,0,0,0,NA,0.679481,0,0,0,0,0,0,0,0,0,0,arm64,true,true,NA,NA,NA,NA
E5,pooled,native_scalar,LOG,float,libstdc++,2,1.5,5,5000000,5000000,0,0,0,5000000,0,0,0,0,0,0,0,0.0,0.0,5.991462752596988e-07,true,0.0,0.0,5.991462752596988e-07,true,0.0,0.0,5.991462752596988e-07,true,true,0,0.0,0.0,5.991462752596988e-07,true,0,0,true,0,0,0,NA,0.411298,0,0,0,0,0,0,0,0,0,0,arm64,true,true,NA,NA,NA,NA
E5,pooled,native_scalar,QF,float,libc++,2,1.5,5,5000000,5000000,0,0,0,5000000,0,0,0,0,0,0,0,0.0,0.0,5.991462752596988e-07,true,0.0,0.0,5.991462752596988e-07,true,0.0,0.0,5.991462752596988e-07,true,true,0,0.0,0.0,5.991462752596988e-07,true,0,0,true,0,0,0,NA,0.620739,0,0,0,0,0,0,0,0,0,0,arm64,true,true,NA,NA,NA,NA
E5,pooled,native_scalar,QF,float,libstdc++,2,1.5,5,5000000,5000000,0,0,0,5000000,0,0,0,0,0,0,0,0.0,0.0,5.991462752596988e-07,true,0.0,0.0,5.991462752596988e-07,true,0.0,0.0,5.991462752596988e-07,true,true,0,0.0,0.0,5.991462752596988e-07,true,0,0,true,0,0,0,NA,0.35282,0,0,0,0,0,0,0,0,0,0,arm64,true,true,NA,NA,NA,NA
E5,pooled,native_scalar,SPLIT,float,libc++,2,1.5,5,5000000,5000000,0,0,0,5000000,0,0,0,0,0,0,0,0.0,0.0,5.991462752596988e-07,true,0.0,0.0,5.991462752596988e-07,true,0.0,0.0,5.991462752596988e-07,true,true,0,0.0,0.0,5.991462752596988e-07,true,0,0,true,0,0,0,NA,0.620405,0,0,0,0,0,0,0,0,0,0,arm64,true,true,NA,NA,NA,NA
E5,pooled,native_scalar,SPLIT,float,libstdc++,2,1.5,5,5000000,5000000,0,0,0,5000000,0,0,0,0,0,0,0,0.0,0.0,5.991462752596988e-07,true,0.0,0.0,5.991462752596988e-07,true,0.0,0.0,5.991462752596988e-07,true,true,0,0.0,0.0,5.991462752596988e-07,true,0,0,true,0,0,0,NA,0.353267,0,0,0,0,0,0,0,0,0,0,arm64,true,true,NA,NA,NA,NA
E5,pooled,native_scalar,LOG,float,libc++,5,4.5,5,5000000,5000000,0,0,0,5000000,0,0,0,0,0,0,0,0.0,0.0,5.991462752596988e-07,true,0.0,0.0,5.991462752596988e-07,true,0.0,0.0,5.991462752596988e-07,true,true,0,0.0,0.0,5.991462752596988e-07,true,0,0,true,0,0,0,NA,0.64456,0,0,0,0,0,0,0,0,0,0,arm64,true,true,NA,NA,NA,NA
E5,pooled,native_scalar,LOG,float,libstdc++,5,4.5,5,5000000,5000000,0,0,0,5000000,0,0,0,0,0,0,0,0.0,0.0,5.991462752596988e-07,true,0.0,0.0,5.991462752596988e-07,true,0.0,0.0,5.991462752596988e-07,true,true,0,0.0,0.0,5.991462752596988e-07,true,0,0,true,0,0,0,NA,0.409188,0,0,0,0,0,0,0,0,0,0,arm64,true,true,NA,NA,NA,NA
E5,pooled,native_scalar,QF,float,libc++,5,4.5,5,5000000,5000000,0,0,0,5000000,0,0,0,0,0,0,0,0.0,0.0,5.991462752596988e-07,true,0.0,0.0,5.991462752596988e-07,true,0.0,0.0,5.991462752596988e-07,true,true,0,0.0,0.0,5.991462752596988e-07,true,0,0,true,0,0,0,NA,0.581182,0,0,0,0,0,0,0,0,0,0,arm64,true,true,NA,NA,NA,NA
E5,pooled,native_scalar,QF,float,libstdc++,5,4.5,5,5000000,5000000,0,0,0,5000000,0,0,0,0,0,0,0,0.0,0.0,5.991462752596988e-07,true,0.0,0.0,5.991462752596988e-07,true,0.0,0.0,5.991462752596988e-07,true,true,0,0.0,0.0,5.991462752596988e-07,true,0,0,true,0,0,0,NA,0.35347300000000004,0,0,0,0,0,0,0,0,0,0,arm64,true,true,NA,NA,NA,NA
E5,pooled,native_scalar,SPLIT,float,libc++,5,4.5,5,5000000,5000000,0,0,0,5000000,0,0,0,0,0,0,0,0.0,0.0,5.991462752596988e-07,true,0.0,0.0,5.991462752596988e-07,true,0.0,0.0,5.991462752596988e-07,true,true,0,0.0,0.0,5.991462752596988e-07,true,0,0,true,0,0,0,NA,0.579563,0,0,0,0,0,0,0,0,0,0,arm64,true,true,NA,NA,NA,NA
E5,pooled,native_scalar,SPLIT,float,libstdc++,5,4.5,5,5000000,5000000,0,0,0,5000000,0,0,0,0,0,0,0,0.0,0.0,5.991462752596988e-07,true,0.0,0.0,5.991462752596988e-07,true,0.0,0.0,5.991462752596988e-07,true,true,0,0.0,0.0,5.991462752596988e-07,true,0,0,true,0,0,0,NA,0.352004,0,0,0,0,0,0,0,0,0,0,arm64,true,true,NA,NA,NA,NA
E5,pooled,end_to_end,SPLIT,double,libc++,2,1.5,5,500000,NA,0,NA,NA,NA,NA,NA,NA,NA,NA,NA,NA,0.0,0.0,5.991446598296868e-06,true,NA,NA,NA,NA,NA,NA,NA,NA,NA,NA,NA,NA,NA,NA,NA,NA,NA,NA,NA,NA,NA,NA,NA,NA,NA,NA,NA,NA,NA,NA,NA,NA,arm64,true,true,NA,libcxx,C0,0
E5,pooled,end_to_end,LOG,double,libc++,2,1.5,5,500000,NA,0,NA,NA,NA,NA,NA,NA,NA,NA,NA,NA,0.0,0.0,5.991446598296868e-06,true,NA,NA,NA,NA,NA,NA,NA,NA,NA,NA,NA,NA,NA,NA,NA,NA,NA,NA,NA,NA,NA,NA,NA,NA,NA,NA,NA,NA,NA,NA,NA,NA,arm64,true,true,NA,libcxx,C0,500000
E5,pooled,end_to_end,SPLIT,double,libc++,0.51,0.010000000000000009,5,500000,NA,278,NA,NA,NA,NA,NA,NA,NA,NA,NA,NA,0.000556,0.0004925713018884403,0.0006253272613664885,false,NA,NA,NA,NA,NA,NA,NA,NA,NA,NA,NA,NA,NA,NA,NA,NA,NA,NA,NA,NA,NA,NA,NA,NA,NA,NA,NA,NA,NA,NA,NA,NA,arm64,true,true,NA,libcxx,C1,0
E5,pooled,end_to_end,LOG,double,libc++,0.51,0.010000000000000009,5,500000,NA,2,NA,NA,NA,NA,NA,NA,NA,NA,NA,NA,4e-06,4.84418924176348e-07,1.4449299842163099e-05,false,NA,NA,NA,NA,NA,NA,NA,NA,NA,NA,NA,NA,NA,NA,NA,NA,NA,NA,NA,NA,NA,NA,NA,NA,NA,NA,NA,NA,NA,NA,NA,NA,arm64,true,true,NA,libcxx,C1,0
E5,pooled,end_to_end,SPLIT,float,libc++,0.55,0.050000011920928955,5,500000,NA,2863,NA,NA,NA,NA,NA,NA,NA,NA,NA,NA,0.005726,0.005518725861053089,0.005939032661061321,false,NA,NA,NA,NA,NA,NA,NA,NA,NA,NA,NA,NA,NA,NA,NA,NA,NA,NA,NA,NA,NA,NA,NA,NA,NA,NA,NA,NA,NA,NA,NA,NA,arm64,true,true,NA,libcxx,C3,0
E5,pooled,end_to_end,LOG,float,libc++,0.55,0.050000011920928955,5,500000,NA,78,NA,NA,NA,NA,NA,NA,NA,NA,NA,NA,0.000156,0.00012331341862667613,0.00019469129313994614,false,NA,NA,NA,NA,NA,NA,NA,NA,NA,NA,NA,NA,NA,NA,NA,NA,NA,NA,NA,NA,NA,NA,NA,NA,NA,NA,NA,NA,NA,NA,NA,NA,arm64,true,true,NA,libcxx,C3,0
E5,pooled,end_to_end,SPLIT,double,libstdc++,2,1.5,5,500000,NA,0,NA,NA,NA,NA,NA,NA,NA,NA,NA,NA,0.0,0.0,5.991446598296868e-06,true,NA,NA,NA,NA,NA,NA,NA,NA,NA,NA,NA,NA,NA,NA,NA,NA,NA,NA,NA,NA,NA,NA,NA,NA,NA,NA,NA,NA,NA,NA,NA,NA,arm64,true,true,NA,libstdcxx,C0,0
E5,pooled,end_to_end,LOG,double,libstdc++,2,1.5,5,500000,NA,0,NA,NA,NA,NA,NA,NA,NA,NA,NA,NA,0.0,0.0,5.991446598296868e-06,true,NA,NA,NA,NA,NA,NA,NA,NA,NA,NA,NA,NA,NA,NA,NA,NA,NA,NA,NA,NA,NA,NA,NA,NA,NA,NA,NA,NA,NA,NA,NA,NA,arm64,true,true,NA,libstdcxx,C0,500000
E5,pooled,end_to_end,SPLIT,double,libstdc++,0.51,0.010000000000000009,5,500000,NA,298,NA,NA,NA,NA,NA,NA,NA,NA,NA,NA,0.000596,0.0005302622151387156,0.0006676319408978598,false,NA,NA,NA,NA,NA,NA,NA,NA,NA,NA,NA,NA,NA,NA,NA,NA,NA,NA,NA,NA,NA,NA,NA,NA,NA,NA,NA,NA,NA,NA,NA,NA,arm64,true,true,NA,libstdcxx,C1,0
E5,pooled,end_to_end,LOG,double,libstdc++,0.51,0.010000000000000009,5,500000,NA,0,NA,NA,NA,NA,NA,NA,NA,NA,NA,NA,0.0,0.0,5.991446598296868e-06,true,NA,NA,NA,NA,NA,NA,NA,NA,NA,NA,NA,NA,NA,NA,NA,NA,NA,NA,NA,NA,NA,NA,NA,NA,NA,NA,NA,NA,NA,NA,NA,NA,arm64,true,true,NA,libstdcxx,C1,0
E5,pooled,end_to_end,SPLIT,float,libstdc++,0.55,0.050000011920928955,5,500000,NA,2895,NA,NA,NA,NA,NA,NA,NA,NA,NA,NA,0.00579,0.005581566674635843,0.006004190902850592,false,NA,NA,NA,NA,NA,NA,NA,NA,NA,NA,NA,NA,NA,NA,NA,NA,NA,NA,NA,NA,NA,NA,NA,NA,NA,NA,NA,NA,NA,NA,NA,NA,arm64,true,true,NA,libstdcxx,C3,0
E5,pooled,end_to_end,LOG,float,libstdc++,0.55,0.050000011920928955,5,500000,NA,74,NA,NA,NA,NA,NA,NA,NA,NA,NA,NA,0.000148,0.00011621356343864578,0.00018579693525271044,false,NA,NA,NA,NA,NA,NA,NA,NA,NA,NA,NA,NA,NA,NA,NA,NA,NA,NA,NA,NA,NA,NA,NA,NA,NA,NA,NA,NA,NA,NA,NA,NA,arm64,true,true,NA,libstdcxx,C3,0
