manifest_schema,run_utc,phase,layer,method,precision,case,kappa,seed,file,format,n_records,record_size,schema,record_kind,bytes,sha256,probe,probe_sha256,cxxflags,compiler,stdlib,arch,env_tag,execution,protocol_sha256,smoke
exp7-manifest-1,2026-09-20T20:47:05Z,p1,tail,LEGACY,double,-,0.50009999999999999,9001,raw/p1/p1_tail_libcxx_LEGACY_k0.5001_s9001_double.bin,bin,0,8,1,5,96,e1ea36ce7bf9f8f95ac605e5ee1be057c09489685858da0d2773fad5637ee93b,./exp7_probe_libcxx.exe,7874afeb97cb5ba7d7a5b1c5771c15ff2d40228ba92d0c52efe8dcd87431ac67,-Wall -Wextra -std=c++11 -O2 -ffp-contract=off -I src,clang 21.0.0 (clang-2100.3.34.2),libc++,arm64,libcxx,native,c3b4a0a07877c0f8e2370ff7fdae98d3f3d96c15465aadb9eae00a280391c6a6,false
exp7-manifest-1,2026-09-20T20:47:05Z,p1,tail,CANDIDATE,double,-,0.50009999999999999,9001,raw/p1/p1_tail_libcxx_CANDIDATE_k0.5001_s9001_double.bin,bin,9991,8,1,5,80024,171425703a764f9a6ea2b0b79d0c0d18a2e88b62523565c002c5cf301c06d218,./exp7_probe_libcxx.exe,7874afeb97cb5ba7d7a5b1c5771c15ff2d40228ba92d0c52efe8dcd87431ac67,-Wall -Wextra -std=c++11 -O2 -ffp-contract=off -I src,clang 21.0.0 (clang-2100.3.34.2),libc++,arm64,libcxx,native,c3b4a0a07877c0f8e2370ff7fdae98d3f3d96c15465aadb9eae00a280391c6a6,false
exp7-manifest-1,2026-09-20T20:47:05Z,p1,tail,LEGACY,double,-,0.50009999999999999,9002,raw/p1/p1_tail_libcxx_LEGACY_k0.5001_s9002_double.bin,bin,0,8,1,5,96,98537698e14921812ba696617d318b76bcaab0ecbfc7439eb3a71083417e7eb1,./exp7_probe_libcxx.exe,7874afeb97cb5ba7d7a5b1c5771c15ff2d40228ba92d0c52efe8dcd87431ac67,-Wall -Wextra -std=c++11 -O2 -ffp-contract=off -I src,clang 21.0.0 (clang-2100.3.34.2),libc++,arm64,libcxx,native,c3b4a0a07877c0f8e2370ff7fdae98d3f3d96c15465aadb9eae00a280391c6a6,false
exp7-manifest-1,2026-09-20T20:47:05Z,p1,tail,CANDIDATE,double,-,0.50009999999999999,9002,raw/p1/p1_tail_libcxx_CANDIDATE_k0.5001_s9002_double.bin,bin,9824,8,1,5,78688,6c2c189602571982aa38f43122243f41451c8298b6ebc647a1b7760e70b18223,./exp7_probe_libcxx.exe,7874afeb97cb5ba7d7a5b1c5771c15ff2d40228ba92d0c52efe8dcd87431ac67,-Wall -Wextra -std=c++11 -O2 -ffp-contract=off -I src,clang 21.0.0 (clang-2100.3.34.2),libc++,arm64,libcxx,native,c3b4a0a07877c0f8e2370ff7fdae98d3f3d96c15465aadb9eae00a280391c6a6,false
exp7-manifest-1,2026-09-20T20:47:05Z,p1,tail,LEGACY,double,-,0.50009999999999999,9003,raw/p1/p1_tail_libcxx_LEGACY_k0.5001_s9003_double.bin,bin,0,8,1,5,96,370fda26d679eb8ed86679e29284775438f59911e4e262bbd39ae47ab1a13b76,./exp7_probe_libcxx.exe,7874afeb97cb5ba7d7a5b1c5771c15ff2d40228ba92d0c52efe8dcd87431ac67,-Wall -Wextra -std=c++11 -O2 -ffp-contract=off -I src,clang 21.0.0 (clang-2100.3.34.2),libc++,arm64,libcxx,native,c3b4a0a07877c0f8e2370ff7fdae98d3f3d96c15465aadb9eae00a280391c6a6,false
exp7-manifest-1,2026-09-20T20:47:05Z,p1,tail,CANDIDATE,double,-,0.50009999999999999,9003,raw/p1/p1_tail_libcxx_CANDIDATE_k0.5001_s9003_double.bin,bin,10215,8,1,5,81816,8d768211d7ae81f9348c315bb18ae7b7fabb7395bcd8a4005c1887e27c7004e1,./exp7_probe_libcxx.exe,7874afeb97cb5ba7d7a5b1c5771c15ff2d40228ba92d0c52efe8dcd87431ac67,-Wall -Wextra -std=c++11 -O2 -ffp-contract=off -I src,clang 21.0.0 (clang-2100.3.34.2),libc++,arm64,libcxx,native,c3b4a0a07877c0f8e2370ff7fdae98d3f3d96c15465aadb9eae00a280391c6a6,false
exp7-manifest-1,2026-09-20T20:47:05Z,p1,tail,LEGACY,double,-,0.50009999999999999,9004,raw/p1/p1_tail_libcxx_LEGACY_k0.5001_s9004_double.bin,bin,0,8,1,5,96,6fa9cd536ff262899c696f5ac9b1c980569db7ba3897fbf474ba28b6876dbb21,./exp7_probe_libcxx.exe,7874afeb97cb5ba7d7a5b1c5771c15ff2d40228ba92d0c52efe8dcd87431ac67,-Wall -Wextra -std=c++11 -O2 -ffp-contract=off -I src,clang 21.0.0 (clang-2100.3.34.2),libc++,arm64,libcxx,native,c3b4a0a07877c0f8e2370ff7fdae98d3f3d96c15465aadb9eae00a280391c6a6,false
exp7-manifest-1,2026-09-20T20:47:05Z,p1,tail,CANDIDATE,double,-,0.50009999999999999,9004,raw/p1/p1_tail_libcxx_CANDIDATE_k0.5001_s9004_double.bin,bin,9907,8,1,5,79352,584e9f63b6e5d3cb62dadbbe710b3e3ececc054e7c56b5459c7760285e2bae9d,./exp7_probe_libcxx.exe,7874afeb97cb5ba7d7a5b1c5771c15ff2d40228ba92d0c52efe8dcd87431ac67,-Wall -Wextra -std=c++11 -O2 -ffp-contract=off -I src,clang 21.0.0 (clang-2100.3.34.2),libc++,arm64,libcxx,native,c3b4a0a07877c0f8e2370ff7fdae98d3f3d96c15465aadb9eae00a280391c6a6,false
exp7-manifest-1,2026-09-20T20:47:05Z,p1,tail,LEGACY,double,-,0.50009999999999999,9005,raw/p1/p1_tail_libcxx_LEGACY_k0.5001_s9005_double.bin,bin,0,8,1,5,96,63996ae9f81009374ad41a1aa730a60a91b814b24582e203766a7712a5c5fa5a,./exp7_probe_libcxx.exe,7874afeb97cb5ba7d7a5b1c5771c15ff2d40228ba92d0c52efe8dcd87431ac67,-Wall -Wextra -std=c++11 -O2 -ffp-contract=off -I src,clang 21.0.0 (clang-2100.3.34.2),libc++,arm64,libcxx,native,c3b4a0a07877c0f8e2370ff7fdae98d3f3d96c15465aadb9eae00a280391c6a6,false
exp7-manifest-1,2026-09-20T20:47:05Z,p1,tail,CANDIDATE,double,-,0.50009999999999999,9005,raw/p1/p1_tail_libcxx_CANDIDATE_k0.5001_s9005_double.bin,bin,9968,8,1,5,79840,3dd4674a950fafb144442e637f65beb673a400bbf1202a3b2ed58eb5e760f8df,./exp7_probe_libcxx.exe,7874afeb97cb5ba7d7a5b1c5771c15ff2d40228ba92d0c52efe8dcd87431ac67,-Wall -Wextra -std=c++11 -O2 -ffp-contract=off -I src,clang 21.0.0 (clang-2100.3.34.2),libc++,arm64,libcxx,native,c3b4a0a07877c0f8e2370ff7fdae98d3f3d96c15465aadb9eae00a280391c6a6,false
exp7-manifest-1,2026-09-20T20:47:05Z,p1,tail,LEGACY,double,-,0.501,9001,raw/p1/p1_tail_libcxx_LEGACY_k0.501_s9001_double.bin,bin,0,8,1,5,96,fc2cb5d289c677445386d68b949847e84bfce8f35ef845f53386476a1e2667b3,./exp7_probe_libcxx.exe,7874afeb97cb5ba7d7a5b1c5771c15ff2d40228ba92d0c52efe8dcd87431ac67,-Wall -Wextra -std=c++11 -O2 -ffp-contract=off -I src,clang 21.0.0 (clang-2100.3.34.2),libc++,arm64,libcxx,native,c3b4a0a07877c0f8e2370ff7fdae98d3f3d96c15465aadb9eae00a280391c6a6,false
exp7-manifest-1,2026-09-20T20:47:05Z,p1,tail,CANDIDATE,double,-,0.501,9001,raw/p1/p1_tail_libcxx_CANDIDATE_k0.501_s9001_double.bin,bin,10103,8,1,5,80920,cdfa0b41b9611707b21bd6260144bfda86f5a6b2d6a32efb2f9c77163a31009c,./exp7_probe_libcxx.exe,7874afeb97cb5ba7d7a5b1c5771c15ff2d40228ba92d0c52efe8dcd87431ac67,-Wall -Wextra -std=c++11 -O2 -ffp-contract=off -I src,clang 21.0.0 (clang-2100.3.34.2),libc++,arm64,libcxx,native,c3b4a0a07877c0f8e2370ff7fdae98d3f3d96c15465aadb9eae00a280391c6a6,false
exp7-manifest-1,2026-09-20T20:47:05Z,p1,tail,LEGACY,double,-,0.501,9002,raw/p1/p1_tail_libcxx_LEGACY_k0.501_s9002_double.bin,bin,0,8,1,5,96,206563cab9578715be75182591fb89d01df2f02e9d228e24a0156c1f54f2d758,./exp7_probe_libcxx.exe,7874afeb97cb5ba7d7a5b1c5771c15ff2d40228ba92d0c52efe8dcd87431ac67,-Wall -Wextra -std=c++11 -O2 -ffp-contract=off -I src,clang 21.0.0 (clang-2100.3.34.2),libc++,arm64,libcxx,native,c3b4a0a07877c0f8e2370ff7fdae98d3f3d96c15465aadb9eae00a280391c6a6,false
exp7-manifest-1,2026-09-20T20:47:05Z,p1,tail,CANDIDATE,double,-,0.501,9002,raw/p1/p1_tail_libcxx_CANDIDATE_k0.501_s9002_double.bin,bin,10051,8,1,5,80504,ab6db89f9915b1cdbfa9a236212b12b8012f0870dfedb0d9ea88c0defde64c9c,./exp7_probe_libcxx.exe,7874afeb97cb5ba7d7a5b1c5771c15ff2d40228ba92d0c52efe8dcd87431ac67,-Wall -Wextra -std=c++11 -O2 -ffp-contract=off -I src,clang 21.0.0 (clang-2100.3.34.2),libc++,arm64,libcxx,native,c3b4a0a07877c0f8e2370ff7fdae98d3f3d96c15465aadb9eae00a280391c6a6,false
exp7-manifest-1,2026-09-20T20:47:05Z,p1,tail,LEGACY,double,-,0.501,9003,raw/p1/p1_tail_libcxx_LEGACY_k0.501_s9003_double.bin,bin,0,8,1,5,96,ba69f6bf22d430055a53cc300ded021cb6592238763d1061e99b7b7530c45cb1,./exp7_probe_libcxx.exe,7874afeb97cb5ba7d7a5b1c5771c15ff2d40228ba92d0c52efe8dcd87431ac67,-Wall -Wextra -std=c++11 -O2 -ffp-contract=off -I src,clang 21.0.0 (clang-2100.3.34.2),libc++,arm64,libcxx,native,c3b4a0a07877c0f8e2370ff7fdae98d3f3d96c15465aadb9eae00a280391c6a6,false
exp7-manifest-1,2026-09-20T20:47:05Z,p1,tail,CANDIDATE,double,-,0.501,9003,raw/p1/p1_tail_libcxx_CANDIDATE_k0.501_s9003_double.bin,bin,9973,8,1,5,79880,fde2726aa84df0428f193139ab2750fbb45c79a80a74a4d452d66493f55f4295,./exp7_probe_libcxx.exe,7874afeb97cb5ba7d7a5b1c5771c15ff2d40228ba92d0c52efe8dcd87431ac67,-Wall -Wextra -std=c++11 -O2 -ffp-contract=off -I src,clang 21.0.0 (clang-2100.3.34.2),libc++,arm64,libcxx,native,c3b4a0a07877c0f8e2370ff7fdae98d3f3d96c15465aadb9eae00a280391c6a6,false
exp7-manifest-1,2026-09-20T20:47:05Z,p1,tail,LEGACY,double,-,0.501,9004,raw/p1/p1_tail_libcxx_LEGACY_k0.501_s9004_double.bin,bin,0,8,1,5,96,42545ab07af16eba94e5ae9a06e9649a45b69b6105d85ef5c7daf9f6276548ca,./exp7_probe_libcxx.exe,7874afeb97cb5ba7d7a5b1c5771c15ff2d40228ba92d0c52efe8dcd87431ac67,-Wall -Wextra -std=c++11 -O2 -ffp-contract=off -I src,clang 21.0.0 (clang-2100.3.34.2),libc++,arm64,libcxx,native,c3b4a0a07877c0f8e2370ff7fdae98d3f3d96c15465aadb9eae00a280391c6a6,false
exp7-manifest-1,2026-09-20T20:47:05Z,p1,tail,CANDIDATE,double,-,0.501,9004,raw/p1/p1_tail_libcxx_CANDIDATE_k0.501_s9004_double.bin,bin,10023,8,1,5,80280,74d61ba78637797c9a65dc13789ff498f2f315c701ff25b1b2e9de4302c00c68,./exp7_probe_libcxx.exe,7874afeb97cb5ba7d7a5b1c5771c15ff2d40228ba92d0c52efe8dcd87431ac67,-Wall -Wextra -std=c++11 -O2 -ffp-contract=off -I src,clang 21.0.0 (clang-2100.3.34.2),libc++,arm64,libcxx,native,c3b4a0a07877c0f8e2370ff7fdae98d3f3d96c15465aadb9eae00a280391c6a6,false
exp7-manifest-1,2026-09-20T20:47:05Z,p1,tail,LEGACY,double,-,0.501,9005,raw/p1/p1_tail_libcxx_LEGACY_k0.501_s9005_double.bin,bin,0,8,1,5,96,3dbc3c0b750384f91a11ccc48b1ca8f37339b1a2c1541f783a5ef4470b43c1b1,./exp7_probe_libcxx.exe,7874afeb97cb5ba7d7a5b1c5771c15ff2d40228ba92d0c52efe8dcd87431ac67,-Wall -Wextra -std=c++11 -O2 -ffp-contract=off -I src,clang 21.0.0 (clang-2100.3.34.2),libc++,arm64,libcxx,native,c3b4a0a07877c0f8e2370ff7fdae98d3f3d96c15465aadb9eae00a280391c6a6,false
exp7-manifest-1,2026-09-20T20:47:05Z,p1,tail,CANDIDATE,double,-,0.501,9005,raw/p1/p1_tail_libcxx_CANDIDATE_k0.501_s9005_double.bin,bin,10115,8,1,5,81016,66ef7482d7f2b1dfd93ae109548194994f354d3a9f16656ec7a42e14b75dbe81,./exp7_probe_libcxx.exe,7874afeb97cb5ba7d7a5b1c5771c15ff2d40228ba92d0c52efe8dcd87431ac67,-Wall -Wextra -std=c++11 -O2 -ffp-contract=off -I src,clang 21.0.0 (clang-2100.3.34.2),libc++,arm64,libcxx,native,c3b4a0a07877c0f8e2370ff7fdae98d3f3d96c15465aadb9eae00a280391c6a6,false
exp7-manifest-1,2026-09-20T20:47:05Z,p1,tail,LEGACY,double,-,0.505,9001,raw/p1/p1_tail_libcxx_LEGACY_k0.505_s9001_double.bin,bin,0,8,1,5,96,cee09bf69ac7b159930085d892bced56b695abab8d43902f8b9c776b563aed28,./exp7_probe_libcxx.exe,7874afeb97cb5ba7d7a5b1c5771c15ff2d40228ba92d0c52efe8dcd87431ac67,-Wall -Wextra -std=c++11 -O2 -ffp-contract=off -I src,clang 21.0.0 (clang-2100.3.34.2),libc++,arm64,libcxx,native,c3b4a0a07877c0f8e2370ff7fdae98d3f3d96c15465aadb9eae00a280391c6a6,false
exp7-manifest-1,2026-09-20T20:47:05Z,p1,tail,CANDIDATE,double,-,0.505,9001,raw/p1/p1_tail_libcxx_CANDIDATE_k0.505_s9001_double.bin,bin,9917,8,1,5,79432,56854c3f6e77ea5d17a93c060ba7b63eaeba846d3ec6724d4c4f65f64c71c6c5,./exp7_probe_libcxx.exe,7874afeb97cb5ba7d7a5b1c5771c15ff2d40228ba92d0c52efe8dcd87431ac67,-Wall -Wextra -std=c++11 -O2 -ffp-contract=off -I src,clang 21.0.0 (clang-2100.3.34.2),libc++,arm64,libcxx,native,c3b4a0a07877c0f8e2370ff7fdae98d3f3d96c15465aadb9eae00a280391c6a6,false
exp7-manifest-1,2026-09-20T20:47:05Z,p1,tail,LEGACY,double,-,0.505,9002,raw/p1/p1_tail_libcxx_LEGACY_k0.505_s9002_double.bin,bin,0,8,1,5,96,420de57ff17b6e3bb381fd018c5cdfb6541275bd5c8a7863326ce57fec982eec,./exp7_probe_libcxx.exe,7874afeb97cb5ba7d7a5b1c5771c15ff2d40228ba92d0c52efe8dcd87431ac67,-Wall -Wextra -std=c++11 -O2 -ffp-contract=off -I src,clang 21.0.0 (clang-2100.3.34.2),libc++,arm64,libcxx,native,c3b4a0a07877c0f8e2370ff7fdae98d3f3d96c15465aadb9eae00a280391c6a6,false
exp7-manifest-1,2026-09-20T20:47:05Z,p1,tail,CANDIDATE,double,-,0.505,9002,raw/p1/p1_tail_libcxx_CANDIDATE_k0.505_s9002_double.bin,bin,10067,8,1,5,80632,13a2e91f29a88a4065c221f8ef3fa9a08a026dc24c89c62a9f2c785652701a20,./exp7_probe_libcxx.exe,7874afeb97cb5ba7d7a5b1c5771c15ff2d40228ba92d0c52efe8dcd87431ac67,-Wall -Wextra -std=c++11 -O2 -ffp-contract=off -I src,clang 21.0.0 (clang-2100.3.34.2),libc++,arm64,libcxx,native,c3b4a0a07877c0f8e2370ff7fdae98d3f3d96c15465aadb9eae00a280391c6a6,false
exp7-manifest-1,2026-09-20T20:47:05Z,p1,tail,LEGACY,double,-,0.505,9003,raw/p1/p1_tail_libcxx_LEGACY_k0.505_s9003_double.bin,bin,0,8,1,5,96,a929694988b90941fa93e5bb3030d037c2d9bbfa59c4acfd25812cb8c90929dd,./exp7_probe_libcxx.exe,7874afeb97cb5ba7d7a5b1c5771c15ff2d40228ba92d0c52efe8dcd87431ac67,-Wall -Wextra -std=c++11 -O2 -ffp-contract=off -I src,clang 21.0.0 (clang-2100.3.34.2),libc++,arm64,libcxx,native,c3b4a0a07877c0f8e2370ff7fdae98d3f3d96c15465aadb9eae00a280391c6a6,false
exp7-manifest-1,2026-09-20T20:47:05Z,p1,tail,CANDIDATE,double,-,0.505,9003,raw/p1/p1_tail_libcxx_CANDIDATE_k0.505_s9003_double.bin,bin,10057,8,1,5,80552,70a950a955ce652d6171fb15d15ca7b684ec4028c508089d71f123c6a7684aba,./exp7_probe_libcxx.exe,7874afeb97cb5ba7d7a5b1c5771c15ff2d40228ba92d0c52efe8dcd87431ac67,-Wall -Wextra -std=c++11 -O2 -ffp-contract=off -I src,clang 21.0.0 (clang-2100.3.34.2),libc++,arm64,libcxx,native,c3b4a0a07877c0f8e2370ff7fdae98d3f3d96c15465aadb9eae00a280391c6a6,false
exp7-manifest-1,2026-09-20T20:47:05Z,p1,tail,LEGACY,double,-,0.505,9004,raw/p1/p1_tail_libcxx_LEGACY_k0.505_s9004_double.bin,bin,0,8,1,5,96,78ff24e5a02cb73e26c11727a4fc6bdca6de6db63fea04476a768c9f6c37e451,./exp7_probe_libcxx.exe,7874afeb97cb5ba7d7a5b1c5771c15ff2d40228ba92d0c52efe8dcd87431ac67,-Wall -Wextra -std=c++11 -O2 -ffp-contract=off -I src,clang 21.0.0 (clang-2100.3.34.2),libc++,arm64,libcxx,native,c3b4a0a07877c0f8e2370ff7fdae98d3f3d96c15465aadb9eae00a280391c6a6,false
exp7-manifest-1,2026-09-20T20:47:05Z,p1,tail,CANDIDATE,double,-,0.505,9004,raw/p1/p1_tail_libcxx_CANDIDATE_k0.505_s9004_double.bin,bin,9934,8,1,5,79568,263f988bf0cb2195e0d92bd48d1f38f51ed990eb5a1e1c0880552b527a784b66,./exp7_probe_libcxx.exe,7874afeb97cb5ba7d7a5b1c5771c15ff2d40228ba92d0c52efe8dcd87431ac67,-Wall -Wextra -std=c++11 -O2 -ffp-contract=off -I src,clang 21.0.0 (clang-2100.3.34.2),libc++,arm64,libcxx,native,c3b4a0a07877c0f8e2370ff7fdae98d3f3d96c15465aadb9eae00a280391c6a6,false
exp7-manifest-1,2026-09-20T20:47:05Z,p1,tail,LEGACY,double,-,0.505,9005,raw/p1/p1_tail_libcxx_LEGACY_k0.505_s9005_double.bin,bin,0,8,1,5,96,d66355ddf14ac408b827c3195d2e21131256ff99f8f7174b84fe9efd334d408c,./exp7_probe_libcxx.exe,7874afeb97cb5ba7d7a5b1c5771c15ff2d40228ba92d0c52efe8dcd87431ac67,-Wall -Wextra -std=c++11 -O2 -ffp-contract=off -I src,clang 21.0.0 (clang-2100.3.34.2),libc++,arm64,libcxx,native,c3b4a0a07877c0f8e2370ff7fdae98d3f3d96c15465aadb9eae00a280391c6a6,false
exp7-manifest-1,2026-09-20T20:47:05Z,p1,tail,CANDIDATE,double,-,0.505,9005,raw/p1/p1_tail_libcxx_CANDIDATE_k0.505_s9005_double.bin,bin,10072,8,1,5,80672,5933b2610e65dc3453c7a176e05104d7f4493d1764a37b7a3444efc607d02f54,./exp7_probe_libcxx.exe,7874afeb97cb5ba7d7a5b1c5771c15ff2d40228ba92d0c52efe8dcd87431ac67,-Wall -Wextra -std=c++11 -O2 -ffp-contract=off -I src,clang 21.0.0 (clang-2100.3.34.2),libc++,arm64,libcxx,native,c3b4a0a07877c0f8e2370ff7fdae98d3f3d96c15465aadb9eae00a280391c6a6,false
exp7-manifest-1,2026-09-20T20:47:05Z,p1,tail,LEGACY,double,-,0.51000000000000001,9001,raw/p1/p1_tail_libcxx_LEGACY_k0.51_s9001_double.bin,bin,9519,8,1,5,76248,89391fde4dbd1d71b9c3fcc3fc0c181a58c5e53f6bde2060e245e16c64803a4a,./exp7_probe_libcxx.exe,7874afeb97cb5ba7d7a5b1c5771c15ff2d40228ba92d0c52efe8dcd87431ac67,-Wall -Wextra -std=c++11 -O2 -ffp-contract=off -I src,clang 21.0.0 (clang-2100.3.34.2),libc++,arm64,libcxx,native,c3b4a0a07877c0f8e2370ff7fdae98d3f3d96c15465aadb9eae00a280391c6a6,false
exp7-manifest-1,2026-09-20T20:47:05Z,p1,tail,CANDIDATE,double,-,0.51000000000000001,9001,raw/p1/p1_tail_libcxx_CANDIDATE_k0.51_s9001_double.bin,bin,10043,8,1,5,80440,ecab9485f4539eaa1763449d7fa6e75e43820b94824a27df213dd81d72f5904d,./exp7_probe_libcxx.exe,7874afeb97cb5ba7d7a5b1c5771c15ff2d40228ba92d0c52efe8dcd87431ac67,-Wall -Wextra -std=c++11 -O2 -ffp-contract=off -I src,clang 21.0.0 (clang-2100.3.34.2),libc++,arm64,libcxx,native,c3b4a0a07877c0f8e2370ff7fdae98d3f3d96c15465aadb9eae00a280391c6a6,false
exp7-manifest-1,2026-09-20T20:47:05Z,p1,tail,LEGACY,double,-,0.51000000000000001,9002,raw/p1/p1_tail_libcxx_LEGACY_k0.51_s9002_double.bin,bin,9514,8,1,5,76208,f88b41a47d9aa25bcf2183be6ac006b3920819b17f0cbcc72f49bd417472c48f,./exp7_probe_libcxx.exe,7874afeb97cb5ba7d7a5b1c5771c15ff2d40228ba92d0c52efe8dcd87431ac67,-Wall -Wextra -std=c++11 -O2 -ffp-contract=off -I src,clang 21.0.0 (clang-2100.3.34.2),libc++,arm64,libcxx,native,c3b4a0a07877c0f8e2370ff7fdae98d3f3d96c15465aadb9eae00a280391c6a6,false
exp7-manifest-1,2026-09-20T20:47:05Z,p1,tail,CANDIDATE,double,-,0.51000000000000001,9002,raw/p1/p1_tail_libcxx_CANDIDATE_k0.51_s9002_double.bin,bin,10096,8,1,5,80864,d42b6844f569dd516c303cc94e8d1b21db816194648580ef690c956bef47a0af,./exp7_probe_libcxx.exe,7874afeb97cb5ba7d7a5b1c5771c15ff2d40228ba92d0c52efe8dcd87431ac67,-Wall -Wextra -std=c++11 -O2 -ffp-contract=off -I src,clang 21.0.0 (clang-2100.3.34.2),libc++,arm64,libcxx,native,c3b4a0a07877c0f8e2370ff7fdae98d3f3d96c15465aadb9eae00a280391c6a6,false
exp7-manifest-1,2026-09-20T20:47:05Z,p1,tail,LEGACY,double,-,0.51000000000000001,9003,raw/p1/p1_tail_libcxx_LEGACY_k0.51_s9003_double.bin,bin,9300,8,1,5,74496,f3d2699a76bde59707c5c9a4d90b28baebd4622b066624b04f393dfe27738489,./exp7_probe_libcxx.exe,7874afeb97cb5ba7d7a5b1c5771c15ff2d40228ba92d0c52efe8dcd87431ac67,-Wall -Wextra -std=c++11 -O2 -ffp-contract=off -I src,clang 21.0.0 (clang-2100.3.34.2),libc++,arm64,libcxx,native,c3b4a0a07877c0f8e2370ff7fdae98d3f3d96c15465aadb9eae00a280391c6a6,false
exp7-manifest-1,2026-09-20T20:47:05Z,p1,tail,CANDIDATE,double,-,0.51000000000000001,9003,raw/p1/p1_tail_libcxx_CANDIDATE_k0.51_s9003_double.bin,bin,10021,8,1,5,80264,e61218dfc5b1e26cfdd6e5f7a5e550464f876a41b37ebe0ff059d122a994d8a7,./exp7_probe_libcxx.exe,7874afeb97cb5ba7d7a5b1c5771c15ff2d40228ba92d0c52efe8dcd87431ac67,-Wall -Wextra -std=c++11 -O2 -ffp-contract=off -I src,clang 21.0.0 (clang-2100.3.34.2),libc++,arm64,libcxx,native,c3b4a0a07877c0f8e2370ff7fdae98d3f3d96c15465aadb9eae00a280391c6a6,false
exp7-manifest-1,2026-09-20T20:47:05Z,p1,tail,LEGACY,double,-,0.51000000000000001,9004,raw/p1/p1_tail_libcxx_LEGACY_k0.51_s9004_double.bin,bin,9191,8,1,5,73624,f9fbed5a089e50e86d75ba240d254a33c847255e1fef9f4b2d7d5981ef5537b1,./exp7_probe_libcxx.exe,7874afeb97cb5ba7d7a5b1c5771c15ff2d40228ba92d0c52efe8dcd87431ac67,-Wall -Wextra -std=c++11 -O2 -ffp-contract=off -I src,clang 21.0.0 (clang-2100.3.34.2),libc++,arm64,libcxx,native,c3b4a0a07877c0f8e2370ff7fdae98d3f3d96c15465aadb9eae00a280391c6a6,false
exp7-manifest-1,2026-09-20T20:47:05Z,p1,tail,CANDIDATE,double,-,0.51000000000000001,9004,raw/p1/p1_tail_libcxx_CANDIDATE_k0.51_s9004_double.bin,bin,9993,8,1,5,80040,498e4242c0b4512b59bfe7f73de64a1244737b9fa1910035b4f0beead11b6a56,./exp7_probe_libcxx.exe,7874afeb97cb5ba7d7a5b1c5771c15ff2d40228ba92d0c52efe8dcd87431ac67,-Wall -Wextra -std=c++11 -O2 -ffp-contract=off -I src,clang 21.0.0 (clang-2100.3.34.2),libc++,arm64,libcxx,native,c3b4a0a07877c0f8e2370ff7fdae98d3f3d96c15465aadb9eae00a280391c6a6,false
exp7-manifest-1,2026-09-20T20:47:05Z,p1,tail,LEGACY,double,-,0.51000000000000001,9005,raw/p1/p1_tail_libcxx_LEGACY_k0.51_s9005_double.bin,bin,9418,8,1,5,75440,a8a9ed7e7ac6f3dfa2e472d9cd65d2c8095f3a4ef4f8923cdde89b544bfe4fe0,./exp7_probe_libcxx.exe,7874afeb97cb5ba7d7a5b1c5771c15ff2d40228ba92d0c52efe8dcd87431ac67,-Wall -Wextra -std=c++11 -O2 -ffp-contract=off -I src,clang 21.0.0 (clang-2100.3.34.2),libc++,arm64,libcxx,native,c3b4a0a07877c0f8e2370ff7fdae98d3f3d96c15465aadb9eae00a280391c6a6,false
exp7-manifest-1,2026-09-20T20:47:05Z,p1,tail,CANDIDATE,double,-,0.51000000000000001,9005,raw/p1/p1_tail_libcxx_CANDIDATE_k0.51_s9005_double.bin,bin,9950,8,1,5,79696,431e757f50184d147eb8d2d591947d5355636639e4cabd8ba19116d0a0ad3624,./exp7_probe_libcxx.exe,7874afeb97cb5ba7d7a5b1c5771c15ff2d40228ba92d0c52efe8dcd87431ac67,-Wall -Wextra -std=c++11 -O2 -ffp-contract=off -I src,clang 21.0.0 (clang-2100.3.34.2),libc++,arm64,libcxx,native,c3b4a0a07877c0f8e2370ff7fdae98d3f3d96c15465aadb9eae00a280391c6a6,false
exp7-manifest-1,2026-09-20T20:47:05Z,p1,tail,LEGACY,double,-,0.55000000000000004,9001,raw/p1/p1_tail_libcxx_LEGACY_k0.55_s9001_double.bin,bin,10052,8,1,5,80512,dd0e2150b296870e369c08ed0af397e02cb0f58584e4cd5faa171442e6c5f76a,./exp7_probe_libcxx.exe,7874afeb97cb5ba7d7a5b1c5771c15ff2d40228ba92d0c52efe8dcd87431ac67,-Wall -Wextra -std=c++11 -O2 -ffp-contract=off -I src,clang 21.0.0 (clang-2100.3.34.2),libc++,arm64,libcxx,native,c3b4a0a07877c0f8e2370ff7fdae98d3f3d96c15465aadb9eae00a280391c6a6,false
exp7-manifest-1,2026-09-20T20:47:05Z,p1,tail,CANDIDATE,double,-,0.55000000000000004,9001,raw/p1/p1_tail_libcxx_CANDIDATE_k0.55_s9001_double.bin,bin,9982,8,1,5,79952,8888cf2f6c003b5f581623a0b744de3c24ba103eaf68f615a14ee0d6ed2c5c40,./exp7_probe_libcxx.exe,7874afeb97cb5ba7d7a5b1c5771c15ff2d40228ba92d0c52efe8dcd87431ac67,-Wall -Wextra -std=c++11 -O2 -ffp-contract=off -I src,clang 21.0.0 (clang-2100.3.34.2),libc++,arm64,libcxx,native,c3b4a0a07877c0f8e2370ff7fdae98d3f3d96c15465aadb9eae00a280391c6a6,false
exp7-manifest-1,2026-09-20T20:47:05Z,p1,tail,LEGACY,double,-,0.55000000000000004,9002,raw/p1/p1_tail_libcxx_LEGACY_k0.55_s9002_double.bin,bin,9935,8,1,5,79576,5f97b8928e09ed620bbf6a8efed57b34111899a3a5a0992db55886cc488b9e26,./exp7_probe_libcxx.exe,7874afeb97cb5ba7d7a5b1c5771c15ff2d40228ba92d0c52efe8dcd87431ac67,-Wall -Wextra -std=c++11 -O2 -ffp-contract=off -I src,clang 21.0.0 (clang-2100.3.34.2),libc++,arm64,libcxx,native,c3b4a0a07877c0f8e2370ff7fdae98d3f3d96c15465aadb9eae00a280391c6a6,false
exp7-manifest-1,2026-09-20T20:47:05Z,p1,tail,CANDIDATE,double,-,0.55000000000000004,9002,raw/p1/p1_tail_libcxx_CANDIDATE_k0.55_s9002_double.bin,bin,9926,8,1,5,79504,eea0e6f9d291a021f3aef24e3d4b0ad092b7f082d7a4786e1379530ea78a7b2d,./exp7_probe_libcxx.exe,7874afeb97cb5ba7d7a5b1c5771c15ff2d40228ba92d0c52efe8dcd87431ac67,-Wall -Wextra -std=c++11 -O2 -ffp-contract=off -I src,clang 21.0.0 (clang-2100.3.34.2),libc++,arm64,libcxx,native,c3b4a0a07877c0f8e2370ff7fdae98d3f3d96c15465aadb9eae00a280391c6a6,false
exp7-manifest-1,2026-09-20T20:47:05Z,p1,tail,LEGACY,double,-,0.55000000000000004,9003,raw/p1/p1_tail_libcxx_LEGACY_k0.55_s9003_double.bin,bin,9982,8,1,5,79952,04238012afecf28220ecb434beef27c033b8dfe3244246e68bd08c5a03deb383,./exp7_probe_libcxx.exe,7874afeb97cb5ba7d7a5b1c5771c15ff2d40228ba92d0c52efe8dcd87431ac67,-Wall -Wextra -std=c++11 -O2 -ffp-contract=off -I src,clang 21.0.0 (clang-2100.3.34.2),libc++,arm64,libcxx,native,c3b4a0a07877c0f8e2370ff7fdae98d3f3d96c15465aadb9eae00a280391c6a6,false
exp7-manifest-1,2026-09-20T20:47:05Z,p1,tail,CANDIDATE,double,-,0.55000000000000004,9003,raw/p1/p1_tail_libcxx_CANDIDATE_k0.55_s9003_double.bin,bin,9949,8,1,5,79688,95a2574838148fe03caa596d647c953c2aac30c0d516868e3c24fa3d9bbd7f46,./exp7_probe_libcxx.exe,7874afeb97cb5ba7d7a5b1c5771c15ff2d40228ba92d0c52efe8dcd87431ac67,-Wall -Wextra -std=c++11 -O2 -ffp-contract=off -I src,clang 21.0.0 (clang-2100.3.34.2),libc++,arm64,libcxx,native,c3b4a0a07877c0f8e2370ff7fdae98d3f3d96c15465aadb9eae00a280391c6a6,false
exp7-manifest-1,2026-09-20T20:47:05Z,p1,tail,LEGACY,double,-,0.55000000000000004,9004,raw/p1/p1_tail_libcxx_LEGACY_k0.55_s9004_double.bin,bin,10076,8,1,5,80704,3ed233e34c4d8b5ba5c940a2a892d9680ed95493255cd545e96f73bc65c0b85d,./exp7_probe_libcxx.exe,7874afeb97cb5ba7d7a5b1c5771c15ff2d40228ba92d0c52efe8dcd87431ac67,-Wall -Wextra -std=c++11 -O2 -ffp-contract=off -I src,clang 21.0.0 (clang-2100.3.34.2),libc++,arm64,libcxx,native,c3b4a0a07877c0f8e2370ff7fdae98d3f3d96c15465aadb9eae00a280391c6a6,false
exp7-manifest-1,2026-09-20T20:47:05Z,p1,tail,CANDIDATE,double,-,0.55000000000000004,9004,raw/p1/p1_tail_libcxx_CANDIDATE_k0.55_s9004_double.bin,bin,9849,8,1,5,78888,ce2895b933d4c52d9ddba10c5b49f012b5c75b42a212243621a29a79bdd06617,./exp7_probe_libcxx.exe,7874afeb97cb5ba7d7a5b1c5771c15ff2d40228ba92d0c52efe8dcd87431ac67,-Wall -Wextra -std=c++11 -O2 -ffp-contract=off -I src,clang 21.0.0 (clang-2100.3.34.2),libc++,arm64,libcxx,native,c3b4a0a07877c0f8e2370ff7fdae98d3f3d96c15465aadb9eae00a280391c6a6,false
exp7-manifest-1,2026-09-20T20:47:05Z,p1,tail,LEGACY,double,-,0.55000000000000004,9005,raw/p1/p1_tail_libcxx_LEGACY_k0.55_s9005_double.bin,bin,10030,8,1,5,80336,99e83c6b71a322833f56909079986ad4f9b35c99a24807b606f880b120c74c01,./exp7_probe_libcxx.exe,7874afeb97cb5ba7d7a5b1c5771c15ff2d40228ba92d0c52efe8dcd87431ac67,-Wall -Wextra -std=c++11 -O2 -ffp-contract=off -I src,clang 21.0.0 (clang-2100.3.34.2),libc++,arm64,libcxx,native,c3b4a0a07877c0f8e2370ff7fdae98d3f3d96c15465aadb9eae00a280391c6a6,false
exp7-manifest-1,2026-09-20T20:47:05Z,p1,tail,CANDIDATE,double,-,0.55000000000000004,9005,raw/p1/p1_tail_libcxx_CANDIDATE_k0.55_s9005_double.bin,bin,10102,8,1,5,80912,4864dcf40989bebc0b43a76bb9b557e16e61374dae98b1f2ea2a6a38a3367b49,./exp7_probe_libcxx.exe,7874afeb97cb5ba7d7a5b1c5771c15ff2d40228ba92d0c52efe8dcd87431ac67,-Wall -Wextra -std=c++11 -O2 -ffp-contract=off -I src,clang 21.0.0 (clang-2100.3.34.2),libc++,arm64,libcxx,native,c3b4a0a07877c0f8e2370ff7fdae98d3f3d96c15465aadb9eae00a280391c6a6,false
exp7-manifest-1,2026-09-20T20:47:05Z,p1,tail,LEGACY,double,-,0.59999999999999998,9001,raw/p1/p1_tail_libcxx_LEGACY_k0.6_s9001_double.bin,bin,9939,8,1,5,79608,6cc32660b929296de7bf7a95ad041758449306ccb4231c4757b0c8d6cab59484,./exp7_probe_libcxx.exe,7874afeb97cb5ba7d7a5b1c5771c15ff2d40228ba92d0c52efe8dcd87431ac67,-Wall -Wextra -std=c++11 -O2 -ffp-contract=off -I src,clang 21.0.0 (clang-2100.3.34.2),libc++,arm64,libcxx,native,c3b4a0a07877c0f8e2370ff7fdae98d3f3d96c15465aadb9eae00a280391c6a6,false
exp7-manifest-1,2026-09-20T20:47:05Z,p1,tail,CANDIDATE,double,-,0.59999999999999998,9001,raw/p1/p1_tail_libcxx_CANDIDATE_k0.6_s9001_double.bin,bin,9923,8,1,5,79480,351f8c8497477d62b7108c193f9e5dece2963eb838c3cdaf1e79c2b5e97dcb34,./exp7_probe_libcxx.exe,7874afeb97cb5ba7d7a5b1c5771c15ff2d40228ba92d0c52efe8dcd87431ac67,-Wall -Wextra -std=c++11 -O2 -ffp-contract=off -I src,clang 21.0.0 (clang-2100.3.34.2),libc++,arm64,libcxx,native,c3b4a0a07877c0f8e2370ff7fdae98d3f3d96c15465aadb9eae00a280391c6a6,false
exp7-manifest-1,2026-09-20T20:47:05Z,p1,tail,LEGACY,double,-,0.59999999999999998,9002,raw/p1/p1_tail_libcxx_LEGACY_k0.6_s9002_double.bin,bin,10078,8,1,5,80720,b80cbb7a328e16af4a295f5b584bd552b128df47a922e0d65636cdd3a92fc81a,./exp7_probe_libcxx.exe,7874afeb97cb5ba7d7a5b1c5771c15ff2d40228ba92d0c52efe8dcd87431ac67,-Wall -Wextra -std=c++11 -O2 -ffp-contract=off -I src,clang 21.0.0 (clang-2100.3.34.2),libc++,arm64,libcxx,native,c3b4a0a07877c0f8e2370ff7fdae98d3f3d96c15465aadb9eae00a280391c6a6,false
exp7-manifest-1,2026-09-20T20:47:05Z,p1,tail,CANDIDATE,double,-,0.59999999999999998,9002,raw/p1/p1_tail_libcxx_CANDIDATE_k0.6_s9002_double.bin,bin,10102,8,1,5,80912,6b8beda3481995b8091f8f025d6db2fbb6f787152f9ed84a4a118ca19d94c47b,./exp7_probe_libcxx.exe,7874afeb97cb5ba7d7a5b1c5771c15ff2d40228ba92d0c52efe8dcd87431ac67,-Wall -Wextra -std=c++11 -O2 -ffp-contract=off -I src,clang 21.0.0 (clang-2100.3.34.2),libc++,arm64,libcxx,native,c3b4a0a07877c0f8e2370ff7fdae98d3f3d96c15465aadb9eae00a280391c6a6,false
exp7-manifest-1,2026-09-20T20:47:05Z,p1,tail,LEGACY,double,-,0.59999999999999998,9003,raw/p1/p1_tail_libcxx_LEGACY_k0.6_s9003_double.bin,bin,9922,8,1,5,79472,44fd7a85a6f4693c84b156781a9181fb605c65a184cb73d7f50900d6daa14196,./exp7_probe_libcxx.exe,7874afeb97cb5ba7d7a5b1c5771c15ff2d40228ba92d0c52efe8dcd87431ac67,-Wall -Wextra -std=c++11 -O2 -ffp-contract=off -I src,clang 21.0.0 (clang-2100.3.34.2),libc++,arm64,libcxx,native,c3b4a0a07877c0f8e2370ff7fdae98d3f3d96c15465aadb9eae00a280391c6a6,false
exp7-manifest-1,2026-09-20T20:47:05Z,p1,tail,CANDIDATE,double,-,0.59999999999999998,9003,raw/p1/p1_tail_libcxx_CANDIDATE_k0.6_s9003_double.bin,bin,10027,8,1,5,80312,c16639e69160084a466137c3f6b5004ca33fc8bd72165361a72d8a9bd59ef685,./exp7_probe_libcxx.exe,7874afeb97cb5ba7d7a5b1c5771c15ff2d40228ba92d0c52efe8dcd87431ac67,-Wall -Wextra -std=c++11 -O2 -ffp-contract=off -I src,clang 21.0.0 (clang-2100.3.34.2),libc++,arm64,libcxx,native,c3b4a0a07877c0f8e2370ff7fdae98d3f3d96c15465aadb9eae00a280391c6a6,false
exp7-manifest-1,2026-09-20T20:47:05Z,p1,tail,LEGACY,double,-,0.59999999999999998,9004,raw/p1/p1_tail_libcxx_LEGACY_k0.6_s9004_double.bin,bin,10041,8,1,5,80424,2aba773d6bcf9ca23df35dec0f82f987cafae88918b0a668eb4355e6517d0fa9,./exp7_probe_libcxx.exe,7874afeb97cb5ba7d7a5b1c5771c15ff2d40228ba92d0c52efe8dcd87431ac67,-Wall -Wextra -std=c++11 -O2 -ffp-contract=off -I src,clang 21.0.0 (clang-2100.3.34.2),libc++,arm64,libcxx,native,c3b4a0a07877c0f8e2370ff7fdae98d3f3d96c15465aadb9eae00a280391c6a6,false
exp7-manifest-1,2026-09-20T20:47:05Z,p1,tail,CANDIDATE,double,-,0.59999999999999998,9004,raw/p1/p1_tail_libcxx_CANDIDATE_k0.6_s9004_double.bin,bin,9751,8,1,5,78104,ce7831ae54f56d4f234b32920071044cd67548a024a1ab5d127eeb916bf04a90,./exp7_probe_libcxx.exe,7874afeb97cb5ba7d7a5b1c5771c15ff2d40228ba92d0c52efe8dcd87431ac67,-Wall -Wextra -std=c++11 -O2 -ffp-contract=off -I src,clang 21.0.0 (clang-2100.3.34.2),libc++,arm64,libcxx,native,c3b4a0a07877c0f8e2370ff7fdae98d3f3d96c15465aadb9eae00a280391c6a6,false
exp7-manifest-1,2026-09-20T20:47:05Z,p1,tail,LEGACY,double,-,0.59999999999999998,9005,raw/p1/p1_tail_libcxx_LEGACY_k0.6_s9005_double.bin,bin,10030,8,1,5,80336,6d060daa2212e5fbc33651b0bad587d03c23aa9e6c8292d06a16d4cb26bdcb53,./exp7_probe_libcxx.exe,7874afeb97cb5ba7d7a5b1c5771c15ff2d40228ba92d0c52efe8dcd87431ac67,-Wall -Wextra -std=c++11 -O2 -ffp-contract=off -I src,clang 21.0.0 (clang-2100.3.34.2),libc++,arm64,libcxx,native,c3b4a0a07877c0f8e2370ff7fdae98d3f3d96c15465aadb9eae00a280391c6a6,false
exp7-manifest-1,2026-09-20T20:47:05Z,p1,tail,CANDIDATE,double,-,0.59999999999999998,9005,raw/p1/p1_tail_libcxx_CANDIDATE_k0.6_s9005_double.bin,bin,9818,8,1,5,78640,0a0669be2982c8bbea6e009eb44453e8bff4bc82a3d697201ba2d081e8adfec6,./exp7_probe_libcxx.exe,7874afeb97cb5ba7d7a5b1c5771c15ff2d40228ba92d0c52efe8dcd87431ac67,-Wall -Wextra -std=c++11 -O2 -ffp-contract=off -I src,clang 21.0.0 (clang-2100.3.34.2),libc++,arm64,libcxx,native,c3b4a0a07877c0f8e2370ff7fdae98d3f3d96c15465aadb9eae00a280391c6a6,false
exp7-manifest-1,2026-09-20T20:47:05Z,p1,tail,LEGACY,double,-,0.75,9001,raw/p1/p1_tail_libcxx_LEGACY_k0.75_s9001_double.bin,bin,10016,8,1,5,80224,81c6848ad5f9fad002559315b8ec13ca55222716cfe9d92d8cfd32823ee31b7f,./exp7_probe_libcxx.exe,7874afeb97cb5ba7d7a5b1c5771c15ff2d40228ba92d0c52efe8dcd87431ac67,-Wall -Wextra -std=c++11 -O2 -ffp-contract=off -I src,clang 21.0.0 (clang-2100.3.34.2),libc++,arm64,libcxx,native,c3b4a0a07877c0f8e2370ff7fdae98d3f3d96c15465aadb9eae00a280391c6a6,false
exp7-manifest-1,2026-09-20T20:47:05Z,p1,tail,CANDIDATE,double,-,0.75,9001,raw/p1/p1_tail_libcxx_CANDIDATE_k0.75_s9001_double.bin,bin,10050,8,1,5,80496,5e270cf3212a4bbccdcbc42476189cf38800cc2ffcfa715465e678ab7499042b,./exp7_probe_libcxx.exe,7874afeb97cb5ba7d7a5b1c5771c15ff2d40228ba92d0c52efe8dcd87431ac67,-Wall -Wextra -std=c++11 -O2 -ffp-contract=off -I src,clang 21.0.0 (clang-2100.3.34.2),libc++,arm64,libcxx,native,c3b4a0a07877c0f8e2370ff7fdae98d3f3d96c15465aadb9eae00a280391c6a6,false
exp7-manifest-1,2026-09-20T20:47:05Z,p1,tail,LEGACY,double,-,0.75,9002,raw/p1/p1_tail_libcxx_LEGACY_k0.75_s9002_double.bin,bin,9892,8,1,5,79232,1e6ebe06786473421c9815ec63a02bf292e84e7ea1f62471d6357fb5be2e48c1,./exp7_probe_libcxx.exe,7874afeb97cb5ba7d7a5b1c5771c15ff2d40228ba92d0c52efe8dcd87431ac67,-Wall -Wextra -std=c++11 -O2 -ffp-contract=off -I src,clang 21.0.0 (clang-2100.3.34.2),libc++,arm64,libcxx,native,c3b4a0a07877c0f8e2370ff7fdae98d3f3d96c15465aadb9eae00a280391c6a6,false
exp7-manifest-1,2026-09-20T20:47:05Z,p1,tail,CANDIDATE,double,-,0.75,9002,raw/p1/p1_tail_libcxx_CANDIDATE_k0.75_s9002_double.bin,bin,10004,8,1,5,80128,aa1d7ea4c86e64902ef5baf80983fbf16ae399773d24141f8a2432e59ee54cd9,./exp7_probe_libcxx.exe,7874afeb97cb5ba7d7a5b1c5771c15ff2d40228ba92d0c52efe8dcd87431ac67,-Wall -Wextra -std=c++11 -O2 -ffp-contract=off -I src,clang 21.0.0 (clang-2100.3.34.2),libc++,arm64,libcxx,native,c3b4a0a07877c0f8e2370ff7fdae98d3f3d96c15465aadb9eae00a280391c6a6,false
exp7-manifest-1,2026-09-20T20:47:05Z,p1,tail,LEGACY,double,-,0.75,9003,raw/p1/p1_tail_libcxx_LEGACY_k0.75_s9003_double.bin,bin,9977,8,1,5,79912,b63dda8bf04ca5bd241dda354ed8ddfea22b4172472864ecb6b1b2655c7bf727,./exp7_probe_libcxx.exe,7874afeb97cb5ba7d7a5b1c5771c15ff2d40228ba92d0c52efe8dcd87431ac67,-Wall -Wextra -std=c++11 -O2 -ffp-contract=off -I src,clang 21.0.0 (clang-2100.3.34.2),libc++,arm64,libcxx,native,c3b4a0a07877c0f8e2370ff7fdae98d3f3d96c15465aadb9eae00a280391c6a6,false
exp7-manifest-1,2026-09-20T20:47:05Z,p1,tail,CANDIDATE,double,-,0.75,9003,raw/p1/p1_tail_libcxx_CANDIDATE_k0.75_s9003_double.bin,bin,10126,8,1,5,81104,a503bec681a10fdcb61daffafcaad17a02812bd3b48c69896ed2475d5fb4b03d,./exp7_probe_libcxx.exe,7874afeb97cb5ba7d7a5b1c5771c15ff2d40228ba92d0c52efe8dcd87431ac67,-Wall -Wextra -std=c++11 -O2 -ffp-contract=off -I src,clang 21.0.0 (clang-2100.3.34.2),libc++,arm64,libcxx,native,c3b4a0a07877c0f8e2370ff7fdae98d3f3d96c15465aadb9eae00a280391c6a6,false
exp7-manifest-1,2026-09-20T20:47:05Z,p1,tail,LEGACY,double,-,0.75,9004,raw/p1/p1_tail_libcxx_LEGACY_k0.75_s9004_double.bin,bin,9999,8,1,5,80088,0746d6e6f461a6465213cec2cef9dfab72c48575cbec20eab3f6c01c4131dd65,./exp7_probe_libcxx.exe,7874afeb97cb5ba7d7a5b1c5771c15ff2d40228ba92d0c52efe8dcd87431ac67,-Wall -Wextra -std=c++11 -O2 -ffp-contract=off -I src,clang 21.0.0 (clang-2100.3.34.2),libc++,arm64,libcxx,native,c3b4a0a07877c0f8e2370ff7fdae98d3f3d96c15465aadb9eae00a280391c6a6,false
exp7-manifest-1,2026-09-20T20:47:05Z,p1,tail,CANDIDATE,double,-,0.75,9004,raw/p1/p1_tail_libcxx_CANDIDATE_k0.75_s9004_double.bin,bin,10121,8,1,5,81064,c5009d27f27ecd0351c3f3369963a116c91761f1949838404253dcf6a90923ff,./exp7_probe_libcxx.exe,7874afeb97cb5ba7d7a5b1c5771c15ff2d40228ba92d0c52efe8dcd87431ac67,-Wall -Wextra -std=c++11 -O2 -ffp-contract=off -I src,clang 21.0.0 (clang-2100.3.34.2),libc++,arm64,libcxx,native,c3b4a0a07877c0f8e2370ff7fdae98d3f3d96c15465aadb9eae00a280391c6a6,false
exp7-manifest-1,2026-09-20T20:47:05Z,p1,tail,LEGACY,double,-,0.75,9005,raw/p1/p1_tail_libcxx_LEGACY_k0.75_s9005_double.bin,bin,9960,8,1,5,79776,446c933609335b7e51bf179562ed7c4959dccfe38f029e4fb5628fcb7eefff96,./exp7_probe_libcxx.exe,7874afeb97cb5ba7d7a5b1c5771c15ff2d40228ba92d0c52efe8dcd87431ac67,-Wall -Wextra -std=c++11 -O2 -ffp-contract=off -I src,clang 21.0.0 (clang-2100.3.34.2),libc++,arm64,libcxx,native,c3b4a0a07877c0f8e2370ff7fdae98d3f3d96c15465aadb9eae00a280391c6a6,false
exp7-manifest-1,2026-09-20T20:47:05Z,p1,tail,CANDIDATE,double,-,0.75,9005,raw/p1/p1_tail_libcxx_CANDIDATE_k0.75_s9005_double.bin,bin,10090,8,1,5,80816,2e309445734aba2243c5ce59a3b53762ee751a017b3d8557e842d1d145d06ccc,./exp7_probe_libcxx.exe,7874afeb97cb5ba7d7a5b1c5771c15ff2d40228ba92d0c52efe8dcd87431ac67,-Wall -Wextra -std=c++11 -O2 -ffp-contract=off -I src,clang 21.0.0 (clang-2100.3.34.2),libc++,arm64,libcxx,native,c3b4a0a07877c0f8e2370ff7fdae98d3f3d96c15465aadb9eae00a280391c6a6,false
exp7-manifest-1,2026-09-20T20:47:05Z,p1,tail,LEGACY,double,-,1,9001,raw/p1/p1_tail_libcxx_LEGACY_k1_s9001_double.bin,bin,10208,8,1,5,81760,4e0c5fb7a86415d208b224a3ce9fe81c2430c31edc2b5421dac48084a36e56ed,./exp7_probe_libcxx.exe,7874afeb97cb5ba7d7a5b1c5771c15ff2d40228ba92d0c52efe8dcd87431ac67,-Wall -Wextra -std=c++11 -O2 -ffp-contract=off -I src,clang 21.0.0 (clang-2100.3.34.2),libc++,arm64,libcxx,native,c3b4a0a07877c0f8e2370ff7fdae98d3f3d96c15465aadb9eae00a280391c6a6,false
exp7-manifest-1,2026-09-20T20:47:05Z,p1,tail,CANDIDATE,double,-,1,9001,raw/p1/p1_tail_libcxx_CANDIDATE_k1_s9001_double.bin,bin,10181,8,1,5,81544,362dd2ef4e636e5b361f32184c2dd0baabd0d9cc2204d4097ef7d33d7e0a1c9a,./exp7_probe_libcxx.exe,7874afeb97cb5ba7d7a5b1c5771c15ff2d40228ba92d0c52efe8dcd87431ac67,-Wall -Wextra -std=c++11 -O2 -ffp-contract=off -I src,clang 21.0.0 (clang-2100.3.34.2),libc++,arm64,libcxx,native,c3b4a0a07877c0f8e2370ff7fdae98d3f3d96c15465aadb9eae00a280391c6a6,false
exp7-manifest-1,2026-09-20T20:47:05Z,p1,tail,LEGACY,double,-,1,9002,raw/p1/p1_tail_libcxx_LEGACY_k1_s9002_double.bin,bin,9854,8,1,5,78928,38b65956c53396545fef70a62ed14cec6cdf1560728f4c46cf9cad5f6f56cbac,./exp7_probe_libcxx.exe,7874afeb97cb5ba7d7a5b1c5771c15ff2d40228ba92d0c52efe8dcd87431ac67,-Wall -Wextra -std=c++11 -O2 -ffp-contract=off -I src,clang 21.0.0 (clang-2100.3.34.2),libc++,arm64,libcxx,native,c3b4a0a07877c0f8e2370ff7fdae98d3f3d96c15465aadb9eae00a280391c6a6,false
exp7-manifest-1,2026-09-20T20:47:05Z,p1,tail,CANDIDATE,double,-,1,9002,raw/p1/p1_tail_libcxx_CANDIDATE_k1_s9002_double.bin,bin,10031,8,1,5,80344,c5322d2fbe143dac36d374add82199f1f9bb08bdadc82fb2870e3eb7a8ca430c,./exp7_probe_libcxx.exe,7874afeb97cb5ba7d7a5b1c5771c15ff2d40228ba92d0c52efe8dcd87431ac67,-Wall -Wextra -std=c++11 -O2 -ffp-contract=off -I src,clang 21.0.0 (clang-2100.3.34.2),libc++,arm64,libcxx,native,c3b4a0a07877c0f8e2370ff7fdae98d3f3d96c15465aadb9eae00a280391c6a6,false
exp7-manifest-1,2026-09-20T20:47:05Z,p1,tail,LEGACY,double,-,1,9003,raw/p1/p1_tail_libcxx_LEGACY_k1_s9003_double.bin,bin,10048,8,1,5,80480,30a965378f4aae95a5649b668616209b9e655884cdb7677f55486f65efefa5e9,./exp7_probe_libcxx.exe,7874afeb97cb5ba7d7a5b1c5771c15ff2d40228ba92d0c52efe8dcd87431ac67,-Wall -Wextra -std=c++11 -O2 -ffp-contract=off -I src,clang 21.0.0 (clang-2100.3.34.2),libc++,arm64,libcxx,native,c3b4a0a07877c0f8e2370ff7fdae98d3f3d96c15465aadb9eae00a280391c6a6,false
exp7-manifest-1,2026-09-20T20:47:05Z,p1,tail,CANDIDATE,double,-,1,9003,raw/p1/p1_tail_libcxx_CANDIDATE_k1_s9003_double.bin,bin,9992,8,1,5,80032,55b8b7c11b3d07894ed59127f55583eb444da8d22f414465c19378c06c634fd3,./exp7_probe_libcxx.exe,7874afeb97cb5ba7d7a5b1c5771c15ff2d40228ba92d0c52efe8dcd87431ac67,-Wall -Wextra -std=c++11 -O2 -ffp-contract=off -I src,clang 21.0.0 (clang-2100.3.34.2),libc++,arm64,libcxx,native,c3b4a0a07877c0f8e2370ff7fdae98d3f3d96c15465aadb9eae00a280391c6a6,false
exp7-manifest-1,2026-09-20T20:47:05Z,p1,tail,LEGACY,double,-,1,9004,raw/p1/p1_tail_libcxx_LEGACY_k1_s9004_double.bin,bin,10051,8,1,5,80504,2219bbe8b48b4a88a01d17af2e05ffdb1e109dc5883081bec0aab0c6263520fa,./exp7_probe_libcxx.exe,7874afeb97cb5ba7d7a5b1c5771c15ff2d40228ba92d0c52efe8dcd87431ac67,-Wall -Wextra -std=c++11 -O2 -ffp-contract=off -I src,clang 21.0.0 (clang-2100.3.34.2),libc++,arm64,libcxx,native,c3b4a0a07877c0f8e2370ff7fdae98d3f3d96c15465aadb9eae00a280391c6a6,false
exp7-manifest-1,2026-09-20T20:47:05Z,p1,tail,CANDIDATE,double,-,1,9004,raw/p1/p1_tail_libcxx_CANDIDATE_k1_s9004_double.bin,bin,9925,8,1,5,79496,845968ee02c5491318e15882e91b85cfc9169954c43d8e0c71de80656a6c5603,./exp7_probe_libcxx.exe,7874afeb97cb5ba7d7a5b1c5771c15ff2d40228ba92d0c52efe8dcd87431ac67,-Wall -Wextra -std=c++11 -O2 -ffp-contract=off -I src,clang 21.0.0 (clang-2100.3.34.2),libc++,arm64,libcxx,native,c3b4a0a07877c0f8e2370ff7fdae98d3f3d96c15465aadb9eae00a280391c6a6,false
exp7-manifest-1,2026-09-20T20:47:05Z,p1,tail,LEGACY,double,-,1,9005,raw/p1/p1_tail_libcxx_LEGACY_k1_s9005_double.bin,bin,10060,8,1,5,80576,2238d1ea03c2bad860b7e1d13bc7e8151c83180bc9a09725d89d1c66b93f6adc,./exp7_probe_libcxx.exe,7874afeb97cb5ba7d7a5b1c5771c15ff2d40228ba92d0c52efe8dcd87431ac67,-Wall -Wextra -std=c++11 -O2 -ffp-contract=off -I src,clang 21.0.0 (clang-2100.3.34.2),libc++,arm64,libcxx,native,c3b4a0a07877c0f8e2370ff7fdae98d3f3d96c15465aadb9eae00a280391c6a6,false
exp7-manifest-1,2026-09-20T20:47:05Z,p1,tail,CANDIDATE,double,-,1,9005,raw/p1/p1_tail_libcxx_CANDIDATE_k1_s9005_double.bin,bin,9891,8,1,5,79224,1a976ff21ee9b67cb47b5285fcee90f74ddb73323880e5117ed2e95071ca818d,./exp7_probe_libcxx.exe,7874afeb97cb5ba7d7a5b1c5771c15ff2d40228ba92d0c52efe8dcd87431ac67,-Wall -Wextra -std=c++11 -O2 -ffp-contract=off -I src,clang 21.0.0 (clang-2100.3.34.2),libc++,arm64,libcxx,native,c3b4a0a07877c0f8e2370ff7fdae98d3f3d96c15465aadb9eae00a280391c6a6,false
exp7-manifest-1,2026-09-20T20:47:05Z,p1,tail,LEGACY,double,-,1.25,9001,raw/p1/p1_tail_libcxx_LEGACY_k1.25_s9001_double.bin,bin,10060,8,1,5,80576,81f2f7ca6dd79bed0faa1c1074f10c995724102743f6a784fb1beaae32725b02,./exp7_probe_libcxx.exe,7874afeb97cb5ba7d7a5b1c5771c15ff2d40228ba92d0c52efe8dcd87431ac67,-Wall -Wextra -std=c++11 -O2 -ffp-contract=off -I src,clang 21.0.0 (clang-2100.3.34.2),libc++,arm64,libcxx,native,c3b4a0a07877c0f8e2370ff7fdae98d3f3d96c15465aadb9eae00a280391c6a6,false
exp7-manifest-1,2026-09-20T20:47:05Z,p1,tail,CANDIDATE,double,-,1.25,9001,raw/p1/p1_tail_libcxx_CANDIDATE_k1.25_s9001_double.bin,bin,9956,8,1,5,79744,1b092d106a6ba5fbcbff3f9df984169eabe450335cae837bcf579cca40e736de,./exp7_probe_libcxx.exe,7874afeb97cb5ba7d7a5b1c5771c15ff2d40228ba92d0c52efe8dcd87431ac67,-Wall -Wextra -std=c++11 -O2 -ffp-contract=off -I src,clang 21.0.0 (clang-2100.3.34.2),libc++,arm64,libcxx,native,c3b4a0a07877c0f8e2370ff7fdae98d3f3d96c15465aadb9eae00a280391c6a6,false
exp7-manifest-1,2026-09-20T20:47:05Z,p1,tail,LEGACY,double,-,1.25,9002,raw/p1/p1_tail_libcxx_LEGACY_k1.25_s9002_double.bin,bin,9859,8,1,5,78968,59ed3a639bc9587a817af7d98b4da74e7cdf7928e81a17a15401fe7dd5eb7ade,./exp7_probe_libcxx.exe,7874afeb97cb5ba7d7a5b1c5771c15ff2d40228ba92d0c52efe8dcd87431ac67,-Wall -Wextra -std=c++11 -O2 -ffp-contract=off -I src,clang 21.0.0 (clang-2100.3.34.2),libc++,arm64,libcxx,native,c3b4a0a07877c0f8e2370ff7fdae98d3f3d96c15465aadb9eae00a280391c6a6,false
exp7-manifest-1,2026-09-20T20:47:05Z,p1,tail,CANDIDATE,double,-,1.25,9002,raw/p1/p1_tail_libcxx_CANDIDATE_k1.25_s9002_double.bin,bin,9989,8,1,5,80008,d39b4272094b5fe3e07028355e7701cea37d06ce7a6a79a216138b20954252e3,./exp7_probe_libcxx.exe,7874afeb97cb5ba7d7a5b1c5771c15ff2d40228ba92d0c52efe8dcd87431ac67,-Wall -Wextra -std=c++11 -O2 -ffp-contract=off -I src,clang 21.0.0 (clang-2100.3.34.2),libc++,arm64,libcxx,native,c3b4a0a07877c0f8e2370ff7fdae98d3f3d96c15465aadb9eae00a280391c6a6,false
exp7-manifest-1,2026-09-20T20:47:05Z,p1,tail,LEGACY,double,-,1.25,9003,raw/p1/p1_tail_libcxx_LEGACY_k1.25_s9003_double.bin,bin,10023,8,1,5,80280,ceddc1182dea127e1d8b5abf4fd5e596dc96fb86f5c47aae0347d362bf5a03ea,./exp7_probe_libcxx.exe,7874afeb97cb5ba7d7a5b1c5771c15ff2d40228ba92d0c52efe8dcd87431ac67,-Wall -Wextra -std=c++11 -O2 -ffp-contract=off -I src,clang 21.0.0 (clang-2100.3.34.2),libc++,arm64,libcxx,native,c3b4a0a07877c0f8e2370ff7fdae98d3f3d96c15465aadb9eae00a280391c6a6,false
exp7-manifest-1,2026-09-20T20:47:05Z,p1,tail,CANDIDATE,double,-,1.25,9003,raw/p1/p1_tail_libcxx_CANDIDATE_k1.25_s9003_double.bin,bin,10071,8,1,5,80664,c3378b45a3cc41e7512cc1a76ee13ccc885f356d65e1a8811bdf021b284bd029,./exp7_probe_libcxx.exe,7874afeb97cb5ba7d7a5b1c5771c15ff2d40228ba92d0c52efe8dcd87431ac67,-Wall -Wextra -std=c++11 -O2 -ffp-contract=off -I src,clang 21.0.0 (clang-2100.3.34.2),libc++,arm64,libcxx,native,c3b4a0a07877c0f8e2370ff7fdae98d3f3d96c15465aadb9eae00a280391c6a6,false
exp7-manifest-1,2026-09-20T20:47:05Z,p1,tail,LEGACY,double,-,1.25,9004,raw/p1/p1_tail_libcxx_LEGACY_k1.25_s9004_double.bin,bin,10136,8,1,5,81184,ee684719467244f8eddbd726102767af21b038b2183509437a64bee786c0ec2e,./exp7_probe_libcxx.exe,7874afeb97cb5ba7d7a5b1c5771c15ff2d40228ba92d0c52efe8dcd87431ac67,-Wall -Wextra -std=c++11 -O2 -ffp-contract=off -I src,clang 21.0.0 (clang-2100.3.34.2),libc++,arm64,libcxx,native,c3b4a0a07877c0f8e2370ff7fdae98d3f3d96c15465aadb9eae00a280391c6a6,false
exp7-manifest-1,2026-09-20T20:47:05Z,p1,tail,CANDIDATE,double,-,1.25,9004,raw/p1/p1_tail_libcxx_CANDIDATE_k1.25_s9004_double.bin,bin,9947,8,1,5,79672,976cec8dcbc427bc3135d3a92c3db0a90a64083d54ee86207b9e4a930e7739af,./exp7_probe_libcxx.exe,7874afeb97cb5ba7d7a5b1c5771c15ff2d40228ba92d0c52efe8dcd87431ac67,-Wall -Wextra -std=c++11 -O2 -ffp-contract=off -I src,clang 21.0.0 (clang-2100.3.34.2),libc++,arm64,libcxx,native,c3b4a0a07877c0f8e2370ff7fdae98d3f3d96c15465aadb9eae00a280391c6a6,false
exp7-manifest-1,2026-09-20T20:47:05Z,p1,tail,LEGACY,double,-,1.25,9005,raw/p1/p1_tail_libcxx_LEGACY_k1.25_s9005_double.bin,bin,9966,8,1,5,79824,1debbcd076471620eca69f9ce5c7e025086107d3f179d69e4f611b134420501b,./exp7_probe_libcxx.exe,7874afeb97cb5ba7d7a5b1c5771c15ff2d40228ba92d0c52efe8dcd87431ac67,-Wall -Wextra -std=c++11 -O2 -ffp-contract=off -I src,clang 21.0.0 (clang-2100.3.34.2),libc++,arm64,libcxx,native,c3b4a0a07877c0f8e2370ff7fdae98d3f3d96c15465aadb9eae00a280391c6a6,false
exp7-manifest-1,2026-09-20T20:47:05Z,p1,tail,CANDIDATE,double,-,1.25,9005,raw/p1/p1_tail_libcxx_CANDIDATE_k1.25_s9005_double.bin,bin,10008,8,1,5,80160,5a0896e37e7780d7edfbae704da27736b1d55e866faf5825bc499b7c26db60b3,./exp7_probe_libcxx.exe,7874afeb97cb5ba7d7a5b1c5771c15ff2d40228ba92d0c52efe8dcd87431ac67,-Wall -Wextra -std=c++11 -O2 -ffp-contract=off -I src,clang 21.0.0 (clang-2100.3.34.2),libc++,arm64,libcxx,native,c3b4a0a07877c0f8e2370ff7fdae98d3f3d96c15465aadb9eae00a280391c6a6,false
exp7-manifest-1,2026-09-20T20:47:05Z,p1,tail,LEGACY,double,-,1.49,9001,raw/p1/p1_tail_libcxx_LEGACY_k1.49_s9001_double.bin,bin,9828,8,1,5,78720,d567548d1928bc6286b03fe1dcf11e19df6db41befbda6bfd5632c3dc18c514d,./exp7_probe_libcxx.exe,7874afeb97cb5ba7d7a5b1c5771c15ff2d40228ba92d0c52efe8dcd87431ac67,-Wall -Wextra -std=c++11 -O2 -ffp-contract=off -I src,clang 21.0.0 (clang-2100.3.34.2),libc++,arm64,libcxx,native,c3b4a0a07877c0f8e2370ff7fdae98d3f3d96c15465aadb9eae00a280391c6a6,false
exp7-manifest-1,2026-09-20T20:47:05Z,p1,tail,CANDIDATE,double,-,1.49,9001,raw/p1/p1_tail_libcxx_CANDIDATE_k1.49_s9001_double.bin,bin,10003,8,1,5,80120,1c9f30084e11e421d37806434698b017d2886573ad1ea67329f3395d5cf2ba50,./exp7_probe_libcxx.exe,7874afeb97cb5ba7d7a5b1c5771c15ff2d40228ba92d0c52efe8dcd87431ac67,-Wall -Wextra -std=c++11 -O2 -ffp-contract=off -I src,clang 21.0.0 (clang-2100.3.34.2),libc++,arm64,libcxx,native,c3b4a0a07877c0f8e2370ff7fdae98d3f3d96c15465aadb9eae00a280391c6a6,false
exp7-manifest-1,2026-09-20T20:47:05Z,p1,tail,LEGACY,double,-,1.49,9002,raw/p1/p1_tail_libcxx_LEGACY_k1.49_s9002_double.bin,bin,9896,8,1,5,79264,5c384b2ec7e3f1e7911ae0ee903c7fb319225b5dc6c284a864d1d7334ea7fea5,./exp7_probe_libcxx.exe,7874afeb97cb5ba7d7a5b1c5771c15ff2d40228ba92d0c52efe8dcd87431ac67,-Wall -Wextra -std=c++11 -O2 -ffp-contract=off -I src,clang 21.0.0 (clang-2100.3.34.2),libc++,arm64,libcxx,native,c3b4a0a07877c0f8e2370ff7fdae98d3f3d96c15465aadb9eae00a280391c6a6,false
exp7-manifest-1,2026-09-20T20:47:05Z,p1,tail,CANDIDATE,double,-,1.49,9002,raw/p1/p1_tail_libcxx_CANDIDATE_k1.49_s9002_double.bin,bin,10002,8,1,5,80112,af4396ece60969e008273cffb4dc9270c498dccac709f128a192e73856ec6731,./exp7_probe_libcxx.exe,7874afeb97cb5ba7d7a5b1c5771c15ff2d40228ba92d0c52efe8dcd87431ac67,-Wall -Wextra -std=c++11 -O2 -ffp-contract=off -I src,clang 21.0.0 (clang-2100.3.34.2),libc++,arm64,libcxx,native,c3b4a0a07877c0f8e2370ff7fdae98d3f3d96c15465aadb9eae00a280391c6a6,false
exp7-manifest-1,2026-09-20T20:47:05Z,p1,tail,LEGACY,double,-,1.49,9003,raw/p1/p1_tail_libcxx_LEGACY_k1.49_s9003_double.bin,bin,9946,8,1,5,79664,005b3a5611c5ddcc047ff113c7a6f316da555ad389855217cec94372ada4db91,./exp7_probe_libcxx.exe,7874afeb97cb5ba7d7a5b1c5771c15ff2d40228ba92d0c52efe8dcd87431ac67,-Wall -Wextra -std=c++11 -O2 -ffp-contract=off -I src,clang 21.0.0 (clang-2100.3.34.2),libc++,arm64,libcxx,native,c3b4a0a07877c0f8e2370ff7fdae98d3f3d96c15465aadb9eae00a280391c6a6,false
exp7-manifest-1,2026-09-20T20:47:05Z,p1,tail,CANDIDATE,double,-,1.49,9003,raw/p1/p1_tail_libcxx_CANDIDATE_k1.49_s9003_double.bin,bin,10022,8,1,5,80272,0b05f974228ee0014cbf92cff2fc7af22014cdb96d0f787c4caee5ffa8be490f,./exp7_probe_libcxx.exe,7874afeb97cb5ba7d7a5b1c5771c15ff2d40228ba92d0c52efe8dcd87431ac67,-Wall -Wextra -std=c++11 -O2 -ffp-contract=off -I src,clang 21.0.0 (clang-2100.3.34.2),libc++,arm64,libcxx,native,c3b4a0a07877c0f8e2370ff7fdae98d3f3d96c15465aadb9eae00a280391c6a6,false
exp7-manifest-1,2026-09-20T20:47:05Z,p1,tail,LEGACY,double,-,1.49,9004,raw/p1/p1_tail_libcxx_LEGACY_k1.49_s9004_double.bin,bin,9938,8,1,5,79600,490447a1de7f5e1a63e951401e6a97222cee5f8c060f565e4b74ad358b8fd1eb,./exp7_probe_libcxx.exe,7874afeb97cb5ba7d7a5b1c5771c15ff2d40228ba92d0c52efe8dcd87431ac67,-Wall -Wextra -std=c++11 -O2 -ffp-contract=off -I src,clang 21.0.0 (clang-2100.3.34.2),libc++,arm64,libcxx,native,c3b4a0a07877c0f8e2370ff7fdae98d3f3d96c15465aadb9eae00a280391c6a6,false
exp7-manifest-1,2026-09-20T20:47:05Z,p1,tail,CANDIDATE,double,-,1.49,9004,raw/p1/p1_tail_libcxx_CANDIDATE_k1.49_s9004_double.bin,bin,9984,8,1,5,79968,54e8f43707c0b452492dad79cb080375a5c4dda456d09a81358f4d56c47b5fe7,./exp7_probe_libcxx.exe,7874afeb97cb5ba7d7a5b1c5771c15ff2d40228ba92d0c52efe8dcd87431ac67,-Wall -Wextra -std=c++11 -O2 -ffp-contract=off -I src,clang 21.0.0 (clang-2100.3.34.2),libc++,arm64,libcxx,native,c3b4a0a07877c0f8e2370ff7fdae98d3f3d96c15465aadb9eae00a280391c6a6,false
exp7-manifest-1,2026-09-20T20:47:05Z,p1,tail,LEGACY,double,-,1.49,9005,raw/p1/p1_tail_libcxx_LEGACY_k1.49_s9005_double.bin,bin,10175,8,1,5,81496,b37da0ea229f93ea7d0a95a3d3e3cfc913105bb9f6e0525bf125bfd6a38fa363,./exp7_probe_libcxx.exe,7874afeb97cb5ba7d7a5b1c5771c15ff2d40228ba92d0c52efe8dcd87431ac67,-Wall -Wextra -std=c++11 -O2 -ffp-contract=off -I src,clang 21.0.0 (clang-2100.3.34.2),libc++,arm64,libcxx,native,c3b4a0a07877c0f8e2370ff7fdae98d3f3d96c15465aadb9eae00a280391c6a6,false
exp7-manifest-1,2026-09-20T20:47:05Z,p1,tail,CANDIDATE,double,-,1.49,9005,raw/p1/p1_tail_libcxx_CANDIDATE_k1.49_s9005_double.bin,bin,9933,8,1,5,79560,3e01a496a8eb04c7bb3bb6fc375ccbeba54a9b5af7e9dea8f1da768c102bd690,./exp7_probe_libcxx.exe,7874afeb97cb5ba7d7a5b1c5771c15ff2d40228ba92d0c52efe8dcd87431ac67,-Wall -Wextra -std=c++11 -O2 -ffp-contract=off -I src,clang 21.0.0 (clang-2100.3.34.2),libc++,arm64,libcxx,native,c3b4a0a07877c0f8e2370ff7fdae98d3f3d96c15465aadb9eae00a280391c6a6,false
exp7-manifest-1,2026-09-20T20:47:05Z,p1,tail,LEGACY,double,-,1.5,9001,raw/p1/p1_tail_libcxx_LEGACY_k1.5_s9001_double.bin,bin,10029,8,1,5,80328,069ee16044eda18e0354e2e2468a9a498c2b333cf848f6848aabb4bfa71b0b7b,./exp7_probe_libcxx.exe,7874afeb97cb5ba7d7a5b1c5771c15ff2d40228ba92d0c52efe8dcd87431ac67,-Wall -Wextra -std=c++11 -O2 -ffp-contract=off -I src,clang 21.0.0 (clang-2100.3.34.2),libc++,arm64,libcxx,native,c3b4a0a07877c0f8e2370ff7fdae98d3f3d96c15465aadb9eae00a280391c6a6,false
exp7-manifest-1,2026-09-20T20:47:05Z,p1,tail,CANDIDATE,double,-,1.5,9001,raw/p1/p1_tail_libcxx_CANDIDATE_k1.5_s9001_double.bin,bin,9650,8,1,5,77296,dd7a79abcdba2be9102c24d40587267c33a1cf21adeef5a5af9ba96d6ae12eb8,./exp7_probe_libcxx.exe,7874afeb97cb5ba7d7a5b1c5771c15ff2d40228ba92d0c52efe8dcd87431ac67,-Wall -Wextra -std=c++11 -O2 -ffp-contract=off -I src,clang 21.0.0 (clang-2100.3.34.2),libc++,arm64,libcxx,native,c3b4a0a07877c0f8e2370ff7fdae98d3f3d96c15465aadb9eae00a280391c6a6,false
exp7-manifest-1,2026-09-20T20:47:05Z,p1,tail,LEGACY,double,-,1.5,9002,raw/p1/p1_tail_libcxx_LEGACY_k1.5_s9002_double.bin,bin,10165,8,1,5,81416,8e56b50a61a0e55935882bd158857aaee4eeeaf74b8aaf2337fe1fe86c711048,./exp7_probe_libcxx.exe,7874afeb97cb5ba7d7a5b1c5771c15ff2d40228ba92d0c52efe8dcd87431ac67,-Wall -Wextra -std=c++11 -O2 -ffp-contract=off -I src,clang 21.0.0 (clang-2100.3.34.2),libc++,arm64,libcxx,native,c3b4a0a07877c0f8e2370ff7fdae98d3f3d96c15465aadb9eae00a280391c6a6,false
exp7-manifest-1,2026-09-20T20:47:05Z,p1,tail,CANDIDATE,double,-,1.5,9002,raw/p1/p1_tail_libcxx_CANDIDATE_k1.5_s9002_double.bin,bin,10037,8,1,5,80392,7295274ed5eb7268d3ea0a6d3a138775ddde8da66897347286edaac888a8a017,./exp7_probe_libcxx.exe,7874afeb97cb5ba7d7a5b1c5771c15ff2d40228ba92d0c52efe8dcd87431ac67,-Wall -Wextra -std=c++11 -O2 -ffp-contract=off -I src,clang 21.0.0 (clang-2100.3.34.2),libc++,arm64,libcxx,native,c3b4a0a07877c0f8e2370ff7fdae98d3f3d96c15465aadb9eae00a280391c6a6,false
exp7-manifest-1,2026-09-20T20:47:05Z,p1,tail,LEGACY,double,-,1.5,9003,raw/p1/p1_tail_libcxx_LEGACY_k1.5_s9003_double.bin,bin,10144,8,1,5,81248,ebb1ed2700fd785b8d14d360006b3962cbef1689ec74d91bfc909a229ae7c94d,./exp7_probe_libcxx.exe,7874afeb97cb5ba7d7a5b1c5771c15ff2d40228ba92d0c52efe8dcd87431ac67,-Wall -Wextra -std=c++11 -O2 -ffp-contract=off -I src,clang 21.0.0 (clang-2100.3.34.2),libc++,arm64,libcxx,native,c3b4a0a07877c0f8e2370ff7fdae98d3f3d96c15465aadb9eae00a280391c6a6,false
exp7-manifest-1,2026-09-20T20:47:05Z,p1,tail,CANDIDATE,double,-,1.5,9003,raw/p1/p1_tail_libcxx_CANDIDATE_k1.5_s9003_double.bin,bin,10078,8,1,5,80720,839c6edca0ba2701d104d5d172c9c82e9c513a2bcdedfe8dbd8afe8eac5d408d,./exp7_probe_libcxx.exe,7874afeb97cb5ba7d7a5b1c5771c15ff2d40228ba92d0c52efe8dcd87431ac67,-Wall -Wextra -std=c++11 -O2 -ffp-contract=off -I src,clang 21.0.0 (clang-2100.3.34.2),libc++,arm64,libcxx,native,c3b4a0a07877c0f8e2370ff7fdae98d3f3d96c15465aadb9eae00a280391c6a6,false
exp7-manifest-1,2026-09-20T20:47:05Z,p1,tail,LEGACY,double,-,1.5,9004,raw/p1/p1_tail_libcxx_LEGACY_k1.5_s9004_double.bin,bin,9909,8,1,5,79368,9c4dd11da64ab63cbb6162a2c26aa22492b4afc6bc76705c0c453cecbb0fef71,./exp7_probe_libcxx.exe,7874afeb97cb5ba7d7a5b1c5771c15ff2d40228ba92d0c52efe8dcd87431ac67,-Wall -Wextra -std=c++11 -O2 -ffp-contract=off -I src,clang 21.0.0 (clang-2100.3.34.2),libc++,arm64,libcxx,native,c3b4a0a07877c0f8e2370ff7fdae98d3f3d96c15465aadb9eae00a280391c6a6,false
exp7-manifest-1,2026-09-20T20:47:05Z,p1,tail,CANDIDATE,double,-,1.5,9004,raw/p1/p1_tail_libcxx_CANDIDATE_k1.5_s9004_double.bin,bin,9927,8,1,5,79512,17b51f6334cff0e8ba6532ef322c2da66b37c113cafe45c046eabeb374978c97,./exp7_probe_libcxx.exe,7874afeb97cb5ba7d7a5b1c5771c15ff2d40228ba92d0c52efe8dcd87431ac67,-Wall -Wextra -std=c++11 -O2 -ffp-contract=off -I src,clang 21.0.0 (clang-2100.3.34.2),libc++,arm64,libcxx,native,c3b4a0a07877c0f8e2370ff7fdae98d3f3d96c15465aadb9eae00a280391c6a6,false
exp7-manifest-1,2026-09-20T20:47:05Z,p1,tail,LEGACY,double,-,1.5,9005,raw/p1/p1_tail_libcxx_LEGACY_k1.5_s9005_double.bin,bin,9983,8,1,5,79960,a816dc9be4f9675fdb4382c23185dd58aef0f4239a4d997549a27f222fa50760,./exp7_probe_libcxx.exe,7874afeb97cb5ba7d7a5b1c5771c15ff2d40228ba92d0c52efe8dcd87431ac67,-Wall -Wextra -std=c++11 -O2 -ffp-contract=off -I src,clang 21.0.0 (clang-2100.3.34.2),libc++,arm64,libcxx,native,c3b4a0a07877c0f8e2370ff7fdae98d3f3d96c15465aadb9eae00a280391c6a6,false
exp7-manifest-1,2026-09-20T20:47:05Z,p1,tail,CANDIDATE,double,-,1.5,9005,raw/p1/p1_tail_libcxx_CANDIDATE_k1.5_s9005_double.bin,bin,9964,8,1,5,79808,7a6d854fb7f648c642c15eea2ae4fe37e314f39267cc1e10e08686d0c925f3ad,./exp7_probe_libcxx.exe,7874afeb97cb5ba7d7a5b1c5771c15ff2d40228ba92d0c52efe8dcd87431ac67,-Wall -Wextra -std=c++11 -O2 -ffp-contract=off -I src,clang 21.0.0 (clang-2100.3.34.2),libc++,arm64,libcxx,native,c3b4a0a07877c0f8e2370ff7fdae98d3f3d96c15465aadb9eae00a280391c6a6,false
exp7-manifest-1,2026-09-20T20:47:05Z,p1,tail,LEGACY,double,-,2,9001,raw/p1/p1_tail_libcxx_LEGACY_k2_s9001_double.bin,bin,10107,8,1,5,80952,b4713d18d0518a2810e93d391e5eb75a3dfec3499f76cf5a0bc94dafc3b8d88f,./exp7_probe_libcxx.exe,7874afeb97cb5ba7d7a5b1c5771c15ff2d40228ba92d0c52efe8dcd87431ac67,-Wall -Wextra -std=c++11 -O2 -ffp-contract=off -I src,clang 21.0.0 (clang-2100.3.34.2),libc++,arm64,libcxx,native,c3b4a0a07877c0f8e2370ff7fdae98d3f3d96c15465aadb9eae00a280391c6a6,false
exp7-manifest-1,2026-09-20T20:47:05Z,p1,tail,CANDIDATE,double,-,2,9001,raw/p1/p1_tail_libcxx_CANDIDATE_k2_s9001_double.bin,bin,10050,8,1,5,80496,146e74595cfbb94952bb5377ae6858d138130f175e43dae4fd6fef114b81eda1,./exp7_probe_libcxx.exe,7874afeb97cb5ba7d7a5b1c5771c15ff2d40228ba92d0c52efe8dcd87431ac67,-Wall -Wextra -std=c++11 -O2 -ffp-contract=off -I src,clang 21.0.0 (clang-2100.3.34.2),libc++,arm64,libcxx,native,c3b4a0a07877c0f8e2370ff7fdae98d3f3d96c15465aadb9eae00a280391c6a6,false
exp7-manifest-1,2026-09-20T20:47:05Z,p1,tail,LEGACY,double,-,2,9002,raw/p1/p1_tail_libcxx_LEGACY_k2_s9002_double.bin,bin,9845,8,1,5,78856,d69af1f14a2b3ed5c4e5e9ccbe5005e94f5fe050e48ea3dbaafe588dc965620f,./exp7_probe_libcxx.exe,7874afeb97cb5ba7d7a5b1c5771c15ff2d40228ba92d0c52efe8dcd87431ac67,-Wall -Wextra -std=c++11 -O2 -ffp-contract=off -I src,clang 21.0.0 (clang-2100.3.34.2),libc++,arm64,libcxx,native,c3b4a0a07877c0f8e2370ff7fdae98d3f3d96c15465aadb9eae00a280391c6a6,false
exp7-manifest-1,2026-09-20T20:47:05Z,p1,tail,CANDIDATE,double,-,2,9002,raw/p1/p1_tail_libcxx_CANDIDATE_k2_s9002_double.bin,bin,9994,8,1,5,80048,4eea674558ddb0f1f89d44101485ac37ae100b670aa5880c2a1ffbdb1b9cfddb,./exp7_probe_libcxx.exe,7874afeb97cb5ba7d7a5b1c5771c15ff2d40228ba92d0c52efe8dcd87431ac67,-Wall -Wextra -std=c++11 -O2 -ffp-contract=off -I src,clang 21.0.0 (clang-2100.3.34.2),libc++,arm64,libcxx,native,c3b4a0a07877c0f8e2370ff7fdae98d3f3d96c15465aadb9eae00a280391c6a6,false
exp7-manifest-1,2026-09-20T20:47:05Z,p1,tail,LEGACY,double,-,2,9003,raw/p1/p1_tail_libcxx_LEGACY_k2_s9003_double.bin,bin,10134,8,1,5,81168,840f32fb66e758b9b40f7764edcf0dac8c3515745f26f8cce5efe34f25330a7c,./exp7_probe_libcxx.exe,7874afeb97cb5ba7d7a5b1c5771c15ff2d40228ba92d0c52efe8dcd87431ac67,-Wall -Wextra -std=c++11 -O2 -ffp-contract=off -I src,clang 21.0.0 (clang-2100.3.34.2),libc++,arm64,libcxx,native,c3b4a0a07877c0f8e2370ff7fdae98d3f3d96c15465aadb9eae00a280391c6a6,false
exp7-manifest-1,2026-09-20T20:47:05Z,p1,tail,CANDIDATE,double,-,2,9003,raw/p1/p1_tail_libcxx_CANDIDATE_k2_s9003_double.bin,bin,9830,8,1,5,78736,8a1af76c04c0404e3c544aceedf827f69ab8517afc7bc486aa229b5f12ffe560,./exp7_probe_libcxx.exe,7874afeb97cb5ba7d7a5b1c5771c15ff2d40228ba92d0c52efe8dcd87431ac67,-Wall -Wextra -std=c++11 -O2 -ffp-contract=off -I src,clang 21.0.0 (clang-2100.3.34.2),libc++,arm64,libcxx,native,c3b4a0a07877c0f8e2370ff7fdae98d3f3d96c15465aadb9eae00a280391c6a6,false
exp7-manifest-1,2026-09-20T20:47:05Z,p1,tail,LEGACY,double,-,2,9004,raw/p1/p1_tail_libcxx_LEGACY_k2_s9004_double.bin,bin,9935,8,1,5,79576,a2486d48c71a32a521672f754357abdb3ddb21122cea1a9a5fa41e38861f5379,./exp7_probe_libcxx.exe,7874afeb97cb5ba7d7a5b1c5771c15ff2d40228ba92d0c52efe8dcd87431ac67,-Wall -Wextra -std=c++11 -O2 -ffp-contract=off -I src,clang 21.0.0 (clang-2100.3.34.2),libc++,arm64,libcxx,native,c3b4a0a07877c0f8e2370ff7fdae98d3f3d96c15465aadb9eae00a280391c6a6,false
exp7-manifest-1,2026-09-20T20:47:05Z,p1,tail,CANDIDATE,double,-,2,9004,raw/p1/p1_tail_libcxx_CANDIDATE_k2_s9004_double.bin,bin,9969,8,1,5,79848,aa4da39a3ddbdfa85315b5b5c593854e0a3145ff6b3fa197aa6c03254029b170,./exp7_probe_libcxx.exe,7874afeb97cb5ba7d7a5b1c5771c15ff2d40228ba92d0c52efe8dcd87431ac67,-Wall -Wextra -std=c++11 -O2 -ffp-contract=off -I src,clang 21.0.0 (clang-2100.3.34.2),libc++,arm64,libcxx,native,c3b4a0a07877c0f8e2370ff7fdae98d3f3d96c15465aadb9eae00a280391c6a6,false
exp7-manifest-1,2026-09-20T20:47:05Z,p1,tail,LEGACY,double,-,2,9005,raw/p1/p1_tail_libcxx_LEGACY_k2_s9005_double.bin,bin,9977,8,1,5,79912,b7bc48f0a71632efe21bb641bced3b7e42375deba58dca7feb587717226b2252,./exp7_probe_libcxx.exe,7874afeb97cb5ba7d7a5b1c5771c15ff2d40228ba92d0c52efe8dcd87431ac67,-Wall -Wextra -std=c++11 -O2 -ffp-contract=off -I src,clang 21.0.0 (clang-2100.3.34.2),libc++,arm64,libcxx,native,c3b4a0a07877c0f8e2370ff7fdae98d3f3d96c15465aadb9eae00a280391c6a6,false
exp7-manifest-1,2026-09-20T20:47:05Z,p1,tail,CANDIDATE,double,-,2,9005,raw/p1/p1_tail_libcxx_CANDIDATE_k2_s9005_double.bin,bin,10072,8,1,5,80672,ed36ef1fe45499acf4574d0e254ccc2690504d44181e5d508662fa7ef71196e4,./exp7_probe_libcxx.exe,7874afeb97cb5ba7d7a5b1c5771c15ff2d40228ba92d0c52efe8dcd87431ac67,-Wall -Wextra -std=c++11 -O2 -ffp-contract=off -I src,clang 21.0.0 (clang-2100.3.34.2),libc++,arm64,libcxx,native,c3b4a0a07877c0f8e2370ff7fdae98d3f3d96c15465aadb9eae00a280391c6a6,false
exp7-manifest-1,2026-09-20T20:47:05Z,p1,tail,LEGACY,double,-,5,9001,raw/p1/p1_tail_libcxx_LEGACY_k5_s9001_double.bin,bin,9917,8,1,5,79432,4ded9102e12a93b347f4abde41e67859d4fc5d274d955f495492ec1b0e34bea7,./exp7_probe_libcxx.exe,7874afeb97cb5ba7d7a5b1c5771c15ff2d40228ba92d0c52efe8dcd87431ac67,-Wall -Wextra -std=c++11 -O2 -ffp-contract=off -I src,clang 21.0.0 (clang-2100.3.34.2),libc++,arm64,libcxx,native,c3b4a0a07877c0f8e2370ff7fdae98d3f3d96c15465aadb9eae00a280391c6a6,false
exp7-manifest-1,2026-09-20T20:47:05Z,p1,tail,CANDIDATE,double,-,5,9001,raw/p1/p1_tail_libcxx_CANDIDATE_k5_s9001_double.bin,bin,9996,8,1,5,80064,1044c040f6667631f369e5253ccf3c4542e2d975be3972282bff9ab292c32725,./exp7_probe_libcxx.exe,7874afeb97cb5ba7d7a5b1c5771c15ff2d40228ba92d0c52efe8dcd87431ac67,-Wall -Wextra -std=c++11 -O2 -ffp-contract=off -I src,clang 21.0.0 (clang-2100.3.34.2),libc++,arm64,libcxx,native,c3b4a0a07877c0f8e2370ff7fdae98d3f3d96c15465aadb9eae00a280391c6a6,false
exp7-manifest-1,2026-09-20T20:47:05Z,p1,tail,LEGACY,double,-,5,9002,raw/p1/p1_tail_libcxx_LEGACY_k5_s9002_double.bin,bin,9982,8,1,5,79952,cbf8fa87615c44156179e83d06055e240e98463b74aeebf30029816309e582fd,./exp7_probe_libcxx.exe,7874afeb97cb5ba7d7a5b1c5771c15ff2d40228ba92d0c52efe8dcd87431ac67,-Wall -Wextra -std=c++11 -O2 -ffp-contract=off -I src,clang 21.0.0 (clang-2100.3.34.2),libc++,arm64,libcxx,native,c3b4a0a07877c0f8e2370ff7fdae98d3f3d96c15465aadb9eae00a280391c6a6,false
exp7-manifest-1,2026-09-20T20:47:05Z,p1,tail,CANDIDATE,double,-,5,9002,raw/p1/p1_tail_libcxx_CANDIDATE_k5_s9002_double.bin,bin,9912,8,1,5,79392,54674452f64f2e55b799a5e6619f81b525f26537662aa38d28513efbb1c8ac7a,./exp7_probe_libcxx.exe,7874afeb97cb5ba7d7a5b1c5771c15ff2d40228ba92d0c52efe8dcd87431ac67,-Wall -Wextra -std=c++11 -O2 -ffp-contract=off -I src,clang 21.0.0 (clang-2100.3.34.2),libc++,arm64,libcxx,native,c3b4a0a07877c0f8e2370ff7fdae98d3f3d96c15465aadb9eae00a280391c6a6,false
exp7-manifest-1,2026-09-20T20:47:05Z,p1,tail,LEGACY,double,-,5,9003,raw/p1/p1_tail_libcxx_LEGACY_k5_s9003_double.bin,bin,10120,8,1,5,81056,c35a61bb13f43b479125b3f65d85643d02c5dc6f3741ed182509be1146b59a12,./exp7_probe_libcxx.exe,7874afeb97cb5ba7d7a5b1c5771c15ff2d40228ba92d0c52efe8dcd87431ac67,-Wall -Wextra -std=c++11 -O2 -ffp-contract=off -I src,clang 21.0.0 (clang-2100.3.34.2),libc++,arm64,libcxx,native,c3b4a0a07877c0f8e2370ff7fdae98d3f3d96c15465aadb9eae00a280391c6a6,false
exp7-manifest-1,2026-09-20T20:47:05Z,p1,tail,CANDIDATE,double,-,5,9003,raw/p1/p1_tail_libcxx_CANDIDATE_k5_s9003_double.bin,bin,10053,8,1,5,80520,edd1b9efdae1f4a4aa8d0942ada665effedb9920211e3139807f104f77e1c0a2,./exp7_probe_libcxx.exe,7874afeb97cb5ba7d7a5b1c5771c15ff2d40228ba92d0c52efe8dcd87431ac67,-Wall -Wextra -std=c++11 -O2 -ffp-contract=off -I src,clang 21.0.0 (clang-2100.3.34.2),libc++,arm64,libcxx,native,c3b4a0a07877c0f8e2370ff7fdae98d3f3d96c15465aadb9eae00a280391c6a6,false
exp7-manifest-1,2026-09-20T20:47:05Z,p1,tail,LEGACY,double,-,5,9004,raw/p1/p1_tail_libcxx_LEGACY_k5_s9004_double.bin,bin,10105,8,1,5,80936,9e11797d9f3e9c20fa922f5531f7460aa08cabec32401a7b84815d5cb489255d,./exp7_probe_libcxx.exe,7874afeb97cb5ba7d7a5b1c5771c15ff2d40228ba92d0c52efe8dcd87431ac67,-Wall -Wextra -std=c++11 -O2 -ffp-contract=off -I src,clang 21.0.0 (clang-2100.3.34.2),libc++,arm64,libcxx,native,c3b4a0a07877c0f8e2370ff7fdae98d3f3d96c15465aadb9eae00a280391c6a6,false
exp7-manifest-1,2026-09-20T20:47:05Z,p1,tail,CANDIDATE,double,-,5,9004,raw/p1/p1_tail_libcxx_CANDIDATE_k5_s9004_double.bin,bin,9844,8,1,5,78848,6db0fb2568a9f0cdb180d0ec4e9eaf175c43ede7b0d841894efc1206a5978c9c,./exp7_probe_libcxx.exe,7874afeb97cb5ba7d7a5b1c5771c15ff2d40228ba92d0c52efe8dcd87431ac67,-Wall -Wextra -std=c++11 -O2 -ffp-contract=off -I src,clang 21.0.0 (clang-2100.3.34.2),libc++,arm64,libcxx,native,c3b4a0a07877c0f8e2370ff7fdae98d3f3d96c15465aadb9eae00a280391c6a6,false
exp7-manifest-1,2026-09-20T20:47:05Z,p1,tail,LEGACY,double,-,5,9005,raw/p1/p1_tail_libcxx_LEGACY_k5_s9005_double.bin,bin,10007,8,1,5,80152,d9978bb2e67c93b3da9989ab0e53f88a6f4da5f94b61599216e6029acbce6317,./exp7_probe_libcxx.exe,7874afeb97cb5ba7d7a5b1c5771c15ff2d40228ba92d0c52efe8dcd87431ac67,-Wall -Wextra -std=c++11 -O2 -ffp-contract=off -I src,clang 21.0.0 (clang-2100.3.34.2),libc++,arm64,libcxx,native,c3b4a0a07877c0f8e2370ff7fdae98d3f3d96c15465aadb9eae00a280391c6a6,false
exp7-manifest-1,2026-09-20T20:47:05Z,p1,tail,CANDIDATE,double,-,5,9005,raw/p1/p1_tail_libcxx_CANDIDATE_k5_s9005_double.bin,bin,10061,8,1,5,80584,a2c487027d3a7f9a873bf7e2988c908794aba89aa336d3a9e9416a7c8bb4ac24,./exp7_probe_libcxx.exe,7874afeb97cb5ba7d7a5b1c5771c15ff2d40228ba92d0c52efe8dcd87431ac67,-Wall -Wextra -std=c++11 -O2 -ffp-contract=off -I src,clang 21.0.0 (clang-2100.3.34.2),libc++,arm64,libcxx,native,c3b4a0a07877c0f8e2370ff7fdae98d3f3d96c15465aadb9eae00a280391c6a6,false
exp7-manifest-1,2026-09-20T20:47:05Z,p1,tail,LEGACY,float,-,0.50009999999999999,9001,raw/p1/p1_tail_libcxx_LEGACY_k0.5001_s9001_float.bin,bin,0,8,1,5,96,5a7abf72d4e596de5959051d19f45fd7a4fafb0e6dd03dbdfe2ce52c378b48af,./exp7_probe_libcxx.exe,7874afeb97cb5ba7d7a5b1c5771c15ff2d40228ba92d0c52efe8dcd87431ac67,-Wall -Wextra -std=c++11 -O2 -ffp-contract=off -I src,clang 21.0.0 (clang-2100.3.34.2),libc++,arm64,libcxx,native,c3b4a0a07877c0f8e2370ff7fdae98d3f3d96c15465aadb9eae00a280391c6a6,false
exp7-manifest-1,2026-09-20T20:47:05Z,p1,tail,CANDIDATE,float,-,0.50009999999999999,9001,raw/p1/p1_tail_libcxx_CANDIDATE_k0.5001_s9001_float.bin,bin,10034,8,1,5,80368,acda92f28a3b726359f19667fd15fe9a72769b32d177a28346d1fc5776bb49b9,./exp7_probe_libcxx.exe,7874afeb97cb5ba7d7a5b1c5771c15ff2d40228ba92d0c52efe8dcd87431ac67,-Wall -Wextra -std=c++11 -O2 -ffp-contract=off -I src,clang 21.0.0 (clang-2100.3.34.2),libc++,arm64,libcxx,native,c3b4a0a07877c0f8e2370ff7fdae98d3f3d96c15465aadb9eae00a280391c6a6,false
exp7-manifest-1,2026-09-20T20:47:05Z,p1,tail,LEGACY,float,-,0.50009999999999999,9002,raw/p1/p1_tail_libcxx_LEGACY_k0.5001_s9002_float.bin,bin,0,8,1,5,96,fc0febbb277eb3853941da623f333387de5ff7d4c89ba5a0dd2c7c79aa46be1d,./exp7_probe_libcxx.exe,7874afeb97cb5ba7d7a5b1c5771c15ff2d40228ba92d0c52efe8dcd87431ac67,-Wall -Wextra -std=c++11 -O2 -ffp-contract=off -I src,clang 21.0.0 (clang-2100.3.34.2),libc++,arm64,libcxx,native,c3b4a0a07877c0f8e2370ff7fdae98d3f3d96c15465aadb9eae00a280391c6a6,false
exp7-manifest-1,2026-09-20T20:47:05Z,p1,tail,CANDIDATE,float,-,0.50009999999999999,9002,raw/p1/p1_tail_libcxx_CANDIDATE_k0.5001_s9002_float.bin,bin,9894,8,1,5,79248,700f2ea593840632a2c3a170aa4ed8e142253bc9fd6182a8000b3f9777c13065,./exp7_probe_libcxx.exe,7874afeb97cb5ba7d7a5b1c5771c15ff2d40228ba92d0c52efe8dcd87431ac67,-Wall -Wextra -std=c++11 -O2 -ffp-contract=off -I src,clang 21.0.0 (clang-2100.3.34.2),libc++,arm64,libcxx,native,c3b4a0a07877c0f8e2370ff7fdae98d3f3d96c15465aadb9eae00a280391c6a6,false
exp7-manifest-1,2026-09-20T20:47:05Z,p1,tail,LEGACY,float,-,0.50009999999999999,9003,raw/p1/p1_tail_libcxx_LEGACY_k0.5001_s9003_float.bin,bin,0,8,1,5,96,829466cf0b194611e394419f58496a5a1241852306cb9fa3aa20b991921d6c86,./exp7_probe_libcxx.exe,7874afeb97cb5ba7d7a5b1c5771c15ff2d40228ba92d0c52efe8dcd87431ac67,-Wall -Wextra -std=c++11 -O2 -ffp-contract=off -I src,clang 21.0.0 (clang-2100.3.34.2),libc++,arm64,libcxx,native,c3b4a0a07877c0f8e2370ff7fdae98d3f3d96c15465aadb9eae00a280391c6a6,false
exp7-manifest-1,2026-09-20T20:47:05Z,p1,tail,CANDIDATE,float,-,0.50009999999999999,9003,raw/p1/p1_tail_libcxx_CANDIDATE_k0.5001_s9003_float.bin,bin,9965,8,1,5,79816,fe7fdb172740ebc885b58d594a8dc2bdb25cc0496506048ba6c774bfdb55c3ea,./exp7_probe_libcxx.exe,7874afeb97cb5ba7d7a5b1c5771c15ff2d40228ba92d0c52efe8dcd87431ac67,-Wall -Wextra -std=c++11 -O2 -ffp-contract=off -I src,clang 21.0.0 (clang-2100.3.34.2),libc++,arm64,libcxx,native,c3b4a0a07877c0f8e2370ff7fdae98d3f3d96c15465aadb9eae00a280391c6a6,false
exp7-manifest-1,2026-09-20T20:47:05Z,p1,tail,LEGACY,float,-,0.50009999999999999,9004,raw/p1/p1_tail_libcxx_LEGACY_k0.5001_s9004_float.bin,bin,0,8,1,5,96,3ccc1de47d44d3b6edfefd5f4c9570fe8eba0a35297f3a84a7f216e5f7bf399f,./exp7_probe_libcxx.exe,7874afeb97cb5ba7d7a5b1c5771c15ff2d40228ba92d0c52efe8dcd87431ac67,-Wall -Wextra -std=c++11 -O2 -ffp-contract=off -I src,clang 21.0.0 (clang-2100.3.34.2),libc++,arm64,libcxx,native,c3b4a0a07877c0f8e2370ff7fdae98d3f3d96c15465aadb9eae00a280391c6a6,false
exp7-manifest-1,2026-09-20T20:47:05Z,p1,tail,CANDIDATE,float,-,0.50009999999999999,9004,raw/p1/p1_tail_libcxx_CANDIDATE_k0.5001_s9004_float.bin,bin,9950,8,1,5,79696,11aa85992bed69590f71043c359f012408306956440d4286bce82daaad149b3d,./exp7_probe_libcxx.exe,7874afeb97cb5ba7d7a5b1c5771c15ff2d40228ba92d0c52efe8dcd87431ac67,-Wall -Wextra -std=c++11 -O2 -ffp-contract=off -I src,clang 21.0.0 (clang-2100.3.34.2),libc++,arm64,libcxx,native,c3b4a0a07877c0f8e2370ff7fdae98d3f3d96c15465aadb9eae00a280391c6a6,false
exp7-manifest-1,2026-09-20T20:47:05Z,p1,tail,LEGACY,float,-,0.50009999999999999,9005,raw/p1/p1_tail_libcxx_LEGACY_k0.5001_s9005_float.bin,bin,0,8,1,5,96,1f602be7c59b6067328ba8d57fb94818428ef0fd783d7ed1048e411b7cefb718,./exp7_probe_libcxx.exe,7874afeb97cb5ba7d7a5b1c5771c15ff2d40228ba92d0c52efe8dcd87431ac67,-Wall -Wextra -std=c++11 -O2 -ffp-contract=off -I src,clang 21.0.0 (clang-2100.3.34.2),libc++,arm64,libcxx,native,c3b4a0a07877c0f8e2370ff7fdae98d3f3d96c15465aadb9eae00a280391c6a6,false
exp7-manifest-1,2026-09-20T20:47:05Z,p1,tail,CANDIDATE,float,-,0.50009999999999999,9005,raw/p1/p1_tail_libcxx_CANDIDATE_k0.5001_s9005_float.bin,bin,10139,8,1,5,81208,99d835abcbc08657d09ed6d4f20e1507ba01682e7c50c20dc32d31075baa453c,./exp7_probe_libcxx.exe,7874afeb97cb5ba7d7a5b1c5771c15ff2d40228ba92d0c52efe8dcd87431ac67,-Wall -Wextra -std=c++11 -O2 -ffp-contract=off -I src,clang 21.0.0 (clang-2100.3.34.2),libc++,arm64,libcxx,native,c3b4a0a07877c0f8e2370ff7fdae98d3f3d96c15465aadb9eae00a280391c6a6,false
exp7-manifest-1,2026-09-20T20:47:05Z,p1,tail,LEGACY,float,-,0.501,9001,raw/p1/p1_tail_libcxx_LEGACY_k0.501_s9001_float.bin,bin,0,8,1,5,96,8ef34a8db479f6b10c4cb7d4be63ed4e028683f0155b7299323daac3fcb36b03,./exp7_probe_libcxx.exe,7874afeb97cb5ba7d7a5b1c5771c15ff2d40228ba92d0c52efe8dcd87431ac67,-Wall -Wextra -std=c++11 -O2 -ffp-contract=off -I src,clang 21.0.0 (clang-2100.3.34.2),libc++,arm64,libcxx,native,c3b4a0a07877c0f8e2370ff7fdae98d3f3d96c15465aadb9eae00a280391c6a6,false
exp7-manifest-1,2026-09-20T20:47:05Z,p1,tail,CANDIDATE,float,-,0.501,9001,raw/p1/p1_tail_libcxx_CANDIDATE_k0.501_s9001_float.bin,bin,9940,8,1,5,79616,4975d347493ad28415be0fb31ae79346cb0cccb8bf6f775cbb7235971e23ceed,./exp7_probe_libcxx.exe,7874afeb97cb5ba7d7a5b1c5771c15ff2d40228ba92d0c52efe8dcd87431ac67,-Wall -Wextra -std=c++11 -O2 -ffp-contract=off -I src,clang 21.0.0 (clang-2100.3.34.2),libc++,arm64,libcxx,native,c3b4a0a07877c0f8e2370ff7fdae98d3f3d96c15465aadb9eae00a280391c6a6,false
exp7-manifest-1,2026-09-20T20:47:05Z,p1,tail,LEGACY,float,-,0.501,9002,raw/p1/p1_tail_libcxx_LEGACY_k0.501_s9002_float.bin,bin,0,8,1,5,96,602ddd2be18beb967110831a3618f653554736afea2ddb4fbde990f5ffa4e980,./exp7_probe_libcxx.exe,7874afeb97cb5ba7d7a5b1c5771c15ff2d40228ba92d0c52efe8dcd87431ac67,-Wall -Wextra -std=c++11 -O2 -ffp-contract=off -I src,clang 21.0.0 (clang-2100.3.34.2),libc++,arm64,libcxx,native,c3b4a0a07877c0f8e2370ff7fdae98d3f3d96c15465aadb9eae00a280391c6a6,false
exp7-manifest-1,2026-09-20T20:47:05Z,p1,tail,CANDIDATE,float,-,0.501,9002,raw/p1/p1_tail_libcxx_CANDIDATE_k0.501_s9002_float.bin,bin,10086,8,1,5,80784,69267bb87d2d2a01c427ab91b0f7a90a32baee316a44becebe8d90ab1fc3ab9d,./exp7_probe_libcxx.exe,7874afeb97cb5ba7d7a5b1c5771c15ff2d40228ba92d0c52efe8dcd87431ac67,-Wall -Wextra -std=c++11 -O2 -ffp-contract=off -I src,clang 21.0.0 (clang-2100.3.34.2),libc++,arm64,libcxx,native,c3b4a0a07877c0f8e2370ff7fdae98d3f3d96c15465aadb9eae00a280391c6a6,false
exp7-manifest-1,2026-09-20T20:47:05Z,p1,tail,LEGACY,float,-,0.501,9003,raw/p1/p1_tail_libcxx_LEGACY_k0.501_s9003_float.bin,bin,0,8,1,5,96,1254ddcd11a559ebc0fe51743628ccdfa5d1e6f107e647994814fa319ee1b6ac,./exp7_probe_libcxx.exe,7874afeb97cb5ba7d7a5b1c5771c15ff2d40228ba92d0c52efe8dcd87431ac67,-Wall -Wextra -std=c++11 -O2 -ffp-contract=off -I src,clang 21.0.0 (clang-2100.3.34.2),libc++,arm64,libcxx,native,c3b4a0a07877c0f8e2370ff7fdae98d3f3d96c15465aadb9eae00a280391c6a6,false
exp7-manifest-1,2026-09-20T20:47:05Z,p1,tail,CANDIDATE,float,-,0.501,9003,raw/p1/p1_tail_libcxx_CANDIDATE_k0.501_s9003_float.bin,bin,10013,8,1,5,80200,9670b4376adc6d7f36abaa1169bb819f4642fa1610b2e3a876c5b4725e65dfbf,./exp7_probe_libcxx.exe,7874afeb97cb5ba7d7a5b1c5771c15ff2d40228ba92d0c52efe8dcd87431ac67,-Wall -Wextra -std=c++11 -O2 -ffp-contract=off -I src,clang 21.0.0 (clang-2100.3.34.2),libc++,arm64,libcxx,native,c3b4a0a07877c0f8e2370ff7fdae98d3f3d96c15465aadb9eae00a280391c6a6,false
exp7-manifest-1,2026-09-20T20:47:05Z,p1,tail,LEGACY,float,-,0.501,9004,raw/p1/p1_tail_libcxx_LEGACY_k0.501_s9004_float.bin,bin,0,8,1,5,96,d34ed1f0de745205b7ceaa77552ab4e419b06ac90dc39cf672a6a243cbacb85a,./exp7_probe_libcxx.exe,7874afeb97cb5ba7d7a5b1c5771c15ff2d40228ba92d0c52efe8dcd87431ac67,-Wall -Wextra -std=c++11 -O2 -ffp-contract=off -I src,clang 21.0.0 (clang-2100.3.34.2),libc++,arm64,libcxx,native,c3b4a0a07877c0f8e2370ff7fdae98d3f3d96c15465aadb9eae00a280391c6a6,false
exp7-manifest-1,2026-09-20T20:47:05Z,p1,tail,CANDIDATE,float,-,0.501,9004,raw/p1/p1_tail_libcxx_CANDIDATE_k0.501_s9004_float.bin,bin,9981,8,1,5,79944,d99af0470992f05fc0ebe0bba76d052ee48943b2a92b0a226a5032616b4a9f36,./exp7_probe_libcxx.exe,7874afeb97cb5ba7d7a5b1c5771c15ff2d40228ba92d0c52efe8dcd87431ac67,-Wall -Wextra -std=c++11 -O2 -ffp-contract=off -I src,clang 21.0.0 (clang-2100.3.34.2),libc++,arm64,libcxx,native,c3b4a0a07877c0f8e2370ff7fdae98d3f3d96c15465aadb9eae00a280391c6a6,false
exp7-manifest-1,2026-09-20T20:47:05Z,p1,tail,LEGACY,float,-,0.501,9005,raw/p1/p1_tail_libcxx_LEGACY_k0.501_s9005_float.bin,bin,0,8,1,5,96,4b3cf87ff4da6099b5322b30245ed7a4d2f75a3d3c922863a523529b051705f0,./exp7_probe_libcxx.exe,7874afeb97cb5ba7d7a5b1c5771c15ff2d40228ba92d0c52efe8dcd87431ac67,-Wall -Wextra -std=c++11 -O2 -ffp-contract=off -I src,clang 21.0.0 (clang-2100.3.34.2),libc++,arm64,libcxx,native,c3b4a0a07877c0f8e2370ff7fdae98d3f3d96c15465aadb9eae00a280391c6a6,false
exp7-manifest-1,2026-09-20T20:47:05Z,p1,tail,CANDIDATE,float,-,0.501,9005,raw/p1/p1_tail_libcxx_CANDIDATE_k0.501_s9005_float.bin,bin,10081,8,1,5,80744,d69e0689eeb34aa9d86220074bc6111e0994dda4119dcada2e7c19fafdbadb2a,./exp7_probe_libcxx.exe,7874afeb97cb5ba7d7a5b1c5771c15ff2d40228ba92d0c52efe8dcd87431ac67,-Wall -Wextra -std=c++11 -O2 -ffp-contract=off -I src,clang 21.0.0 (clang-2100.3.34.2),libc++,arm64,libcxx,native,c3b4a0a07877c0f8e2370ff7fdae98d3f3d96c15465aadb9eae00a280391c6a6,false
exp7-manifest-1,2026-09-20T20:47:05Z,p1,tail,LEGACY,float,-,0.505,9001,raw/p1/p1_tail_libcxx_LEGACY_k0.505_s9001_float.bin,bin,0,8,1,5,96,0dc633af06c71cc4dcaf3f9071c05cda5270da300f486c3fdb4857bd82acd92a,./exp7_probe_libcxx.exe,7874afeb97cb5ba7d7a5b1c5771c15ff2d40228ba92d0c52efe8dcd87431ac67,-Wall -Wextra -std=c++11 -O2 -ffp-contract=off -I src,clang 21.0.0 (clang-2100.3.34.2),libc++,arm64,libcxx,native,c3b4a0a07877c0f8e2370ff7fdae98d3f3d96c15465aadb9eae00a280391c6a6,false
exp7-manifest-1,2026-09-20T20:47:05Z,p1,tail,CANDIDATE,float,-,0.505,9001,raw/p1/p1_tail_libcxx_CANDIDATE_k0.505_s9001_float.bin,bin,10035,8,1,5,80376,c141c5e6630dc50c7d9cb4aa35c088df805a4a7cfcb129fe3e982114a3d3e0d0,./exp7_probe_libcxx.exe,7874afeb97cb5ba7d7a5b1c5771c15ff2d40228ba92d0c52efe8dcd87431ac67,-Wall -Wextra -std=c++11 -O2 -ffp-contract=off -I src,clang 21.0.0 (clang-2100.3.34.2),libc++,arm64,libcxx,native,c3b4a0a07877c0f8e2370ff7fdae98d3f3d96c15465aadb9eae00a280391c6a6,false
exp7-manifest-1,2026-09-20T20:47:05Z,p1,tail,LEGACY,float,-,0.505,9002,raw/p1/p1_tail_libcxx_LEGACY_k0.505_s9002_float.bin,bin,0,8,1,5,96,03efe584d24544ad638c0b20109b265ed495ec1a0ae5401f7b21dcbc9b68cfa9,./exp7_probe_libcxx.exe,7874afeb97cb5ba7d7a5b1c5771c15ff2d40228ba92d0c52efe8dcd87431ac67,-Wall -Wextra -std=c++11 -O2 -ffp-contract=off -I src,clang 21.0.0 (clang-2100.3.34.2),libc++,arm64,libcxx,native,c3b4a0a07877c0f8e2370ff7fdae98d3f3d96c15465aadb9eae00a280391c6a6,false
exp7-manifest-1,2026-09-20T20:47:05Z,p1,tail,CANDIDATE,float,-,0.505,9002,raw/p1/p1_tail_libcxx_CANDIDATE_k0.505_s9002_float.bin,bin,10053,8,1,5,80520,a8c95f88c293f0c84526a6f725ba12a72a01bd5f1ef71fdd447039661b5de3d6,./exp7_probe_libcxx.exe,7874afeb97cb5ba7d7a5b1c5771c15ff2d40228ba92d0c52efe8dcd87431ac67,-Wall -Wextra -std=c++11 -O2 -ffp-contract=off -I src,clang 21.0.0 (clang-2100.3.34.2),libc++,arm64,libcxx,native,c3b4a0a07877c0f8e2370ff7fdae98d3f3d96c15465aadb9eae00a280391c6a6,false
exp7-manifest-1,2026-09-20T20:47:05Z,p1,tail,LEGACY,float,-,0.505,9003,raw/p1/p1_tail_libcxx_LEGACY_k0.505_s9003_float.bin,bin,0,8,1,5,96,f546ba93cc25658412d1012b8a247bf570dd4eb2f6693fdee36f257251ce510c,./exp7_probe_libcxx.exe,7874afeb97cb5ba7d7a5b1c5771c15ff2d40228ba92d0c52efe8dcd87431ac67,-Wall -Wextra -std=c++11 -O2 -ffp-contract=off -I src,clang 21.0.0 (clang-2100.3.34.2),libc++,arm64,libcxx,native,c3b4a0a07877c0f8e2370ff7fdae98d3f3d96c15465aadb9eae00a280391c6a6,false
exp7-manifest-1,2026-09-20T20:47:05Z,p1,tail,CANDIDATE,float,-,0.505,9003,raw/p1/p1_tail_libcxx_CANDIDATE_k0.505_s9003_float.bin,bin,9927,8,1,5,79512,cf8685d3f60769a11d1ac586083efe116357554c8bae1cd52229ffa3e5dd9d47,./exp7_probe_libcxx.exe,7874afeb97cb5ba7d7a5b1c5771c15ff2d40228ba92d0c52efe8dcd87431ac67,-Wall -Wextra -std=c++11 -O2 -ffp-contract=off -I src,clang 21.0.0 (clang-2100.3.34.2),libc++,arm64,libcxx,native,c3b4a0a07877c0f8e2370ff7fdae98d3f3d96c15465aadb9eae00a280391c6a6,false
exp7-manifest-1,2026-09-20T20:47:05Z,p1,tail,LEGACY,float,-,0.505,9004,raw/p1/p1_tail_libcxx_LEGACY_k0.505_s9004_float.bin,bin,0,8,1,5,96,60d1f367af3799ca9fdf63f4408199181f67c1552e75b5c9985c26a149bf8255,./exp7_probe_libcxx.exe,7874afeb97cb5ba7d7a5b1c5771c15ff2d40228ba92d0c52efe8dcd87431ac67,-Wall -Wextra -std=c++11 -O2 -ffp-contract=off -I src,clang 21.0.0 (clang-2100.3.34.2),libc++,arm64,libcxx,native,c3b4a0a07877c0f8e2370ff7fdae98d3f3d96c15465aadb9eae00a280391c6a6,false
exp7-manifest-1,2026-09-20T20:47:05Z,p1,tail,CANDIDATE,float,-,0.505,9004,raw/p1/p1_tail_libcxx_CANDIDATE_k0.505_s9004_float.bin,bin,9816,8,1,5,78624,90c31e4a25a7aa834f03aa277f9e46f98202dc2e645fd25bdd3714151cd18d2c,./exp7_probe_libcxx.exe,7874afeb97cb5ba7d7a5b1c5771c15ff2d40228ba92d0c52efe8dcd87431ac67,-Wall -Wextra -std=c++11 -O2 -ffp-contract=off -I src,clang 21.0.0 (clang-2100.3.34.2),libc++,arm64,libcxx,native,c3b4a0a07877c0f8e2370ff7fdae98d3f3d96c15465aadb9eae00a280391c6a6,false
exp7-manifest-1,2026-09-20T20:47:05Z,p1,tail,LEGACY,float,-,0.505,9005,raw/p1/p1_tail_libcxx_LEGACY_k0.505_s9005_float.bin,bin,0,8,1,5,96,c966e019ee441fea0b954edb591d2dfcec3fc923c3cbace7bad8d42ff48f7918,./exp7_probe_libcxx.exe,7874afeb97cb5ba7d7a5b1c5771c15ff2d40228ba92d0c52efe8dcd87431ac67,-Wall -Wextra -std=c++11 -O2 -ffp-contract=off -I src,clang 21.0.0 (clang-2100.3.34.2),libc++,arm64,libcxx,native,c3b4a0a07877c0f8e2370ff7fdae98d3f3d96c15465aadb9eae00a280391c6a6,false
exp7-manifest-1,2026-09-20T20:47:05Z,p1,tail,CANDIDATE,float,-,0.505,9005,raw/p1/p1_tail_libcxx_CANDIDATE_k0.505_s9005_float.bin,bin,10064,8,1,5,80608,f868fe0a87a25b1a94622e4c46dc34d5253271b3f47e87593423c28d2a8cbce8,./exp7_probe_libcxx.exe,7874afeb97cb5ba7d7a5b1c5771c15ff2d40228ba92d0c52efe8dcd87431ac67,-Wall -Wextra -std=c++11 -O2 -ffp-contract=off -I src,clang 21.0.0 (clang-2100.3.34.2),libc++,arm64,libcxx,native,c3b4a0a07877c0f8e2370ff7fdae98d3f3d96c15465aadb9eae00a280391c6a6,false
exp7-manifest-1,2026-09-20T20:47:05Z,p1,tail,LEGACY,float,-,0.51000000000000001,9001,raw/p1/p1_tail_libcxx_LEGACY_k0.51_s9001_float.bin,bin,0,8,1,5,96,9d7c318d6616741e31bd4c423267f136fbb2a8a3c43e29eea3a16524d12a3dc3,./exp7_probe_libcxx.exe,7874afeb97cb5ba7d7a5b1c5771c15ff2d40228ba92d0c52efe8dcd87431ac67,-Wall -Wextra -std=c++11 -O2 -ffp-contract=off -I src,clang 21.0.0 (clang-2100.3.34.2),libc++,arm64,libcxx,native,c3b4a0a07877c0f8e2370ff7fdae98d3f3d96c15465aadb9eae00a280391c6a6,false
exp7-manifest-1,2026-09-20T20:47:05Z,p1,tail,CANDIDATE,float,-,0.51000000000000001,9001,raw/p1/p1_tail_libcxx_CANDIDATE_k0.51_s9001_float.bin,bin,10068,8,1,5,80640,d0cf41fe9b80c28a3edbab57649eb808d59f185fd48d77947dcda5222b027602,./exp7_probe_libcxx.exe,7874afeb97cb5ba7d7a5b1c5771c15ff2d40228ba92d0c52efe8dcd87431ac67,-Wall -Wextra -std=c++11 -O2 -ffp-contract=off -I src,clang 21.0.0 (clang-2100.3.34.2),libc++,arm64,libcxx,native,c3b4a0a07877c0f8e2370ff7fdae98d3f3d96c15465aadb9eae00a280391c6a6,false
exp7-manifest-1,2026-09-20T20:47:05Z,p1,tail,LEGACY,float,-,0.51000000000000001,9002,raw/p1/p1_tail_libcxx_LEGACY_k0.51_s9002_float.bin,bin,0,8,1,5,96,a5899dc61bc7454f117d0fb5ad10e5137ec8eaceff2b36ec88d6f64cdccfe36e,./exp7_probe_libcxx.exe,7874afeb97cb5ba7d7a5b1c5771c15ff2d40228ba92d0c52efe8dcd87431ac67,-Wall -Wextra -std=c++11 -O2 -ffp-contract=off -I src,clang 21.0.0 (clang-2100.3.34.2),libc++,arm64,libcxx,native,c3b4a0a07877c0f8e2370ff7fdae98d3f3d96c15465aadb9eae00a280391c6a6,false
exp7-manifest-1,2026-09-20T20:47:05Z,p1,tail,CANDIDATE,float,-,0.51000000000000001,9002,raw/p1/p1_tail_libcxx_CANDIDATE_k0.51_s9002_float.bin,bin,10060,8,1,5,80576,584bc6a341f793946a145cc581ea8b3ba92d97bb749cae0521577cdbf042ca75,./exp7_probe_libcxx.exe,7874afeb97cb5ba7d7a5b1c5771c15ff2d40228ba92d0c52efe8dcd87431ac67,-Wall -Wextra -std=c++11 -O2 -ffp-contract=off -I src,clang 21.0.0 (clang-2100.3.34.2),libc++,arm64,libcxx,native,c3b4a0a07877c0f8e2370ff7fdae98d3f3d96c15465aadb9eae00a280391c6a6,false
exp7-manifest-1,2026-09-20T20:47:05Z,p1,tail,LEGACY,float,-,0.51000000000000001,9003,raw/p1/p1_tail_libcxx_LEGACY_k0.51_s9003_float.bin,bin,0,8,1,5,96,fbfe55d7f676969884ebf4a76529e168a9d4b5154271c486d448cecab11f75ec,./exp7_probe_libcxx.exe,7874afeb97cb5ba7d7a5b1c5771c15ff2d40228ba92d0c52efe8dcd87431ac67,-Wall -Wextra -std=c++11 -O2 -ffp-contract=off -I src,clang 21.0.0 (clang-2100.3.34.2),libc++,arm64,libcxx,native,c3b4a0a07877c0f8e2370ff7fdae98d3f3d96c15465aadb9eae00a280391c6a6,false
exp7-manifest-1,2026-09-20T20:47:05Z,p1,tail,CANDIDATE,float,-,0.51000000000000001,9003,raw/p1/p1_tail_libcxx_CANDIDATE_k0.51_s9003_float.bin,bin,9998,8,1,5,80080,60227b8ce601a462e2b4ea53b71d1ad93de885cb88124fb297e1a9e4fa3b2f4b,./exp7_probe_libcxx.exe,7874afeb97cb5ba7d7a5b1c5771c15ff2d40228ba92d0c52efe8dcd87431ac67,-Wall -Wextra -std=c++11 -O2 -ffp-contract=off -I src,clang 21.0.0 (clang-2100.3.34.2),libc++,arm64,libcxx,native,c3b4a0a07877c0f8e2370ff7fdae98d3f3d96c15465aadb9eae00a280391c6a6,false
exp7-manifest-1,2026-09-20T20:47:05Z,p1,tail,LEGACY,float,-,0.51000000000000001,9004,raw/p1/p1_tail_libcxx_LEGACY_k0.51_s9004_float.bin,bin,0,8,1,5,96,95f561435f9f2e70809de34dd6096506f3c4e48d4fdc6a02fe4d16871cbbe23f,./exp7_probe_libcxx.exe,7874afeb97cb5ba7d7a5b1c5771c15ff2d40228ba92d0c52efe8dcd87431ac67,-Wall -Wextra -std=c++11 -O2 -ffp-contract=off -I src,clang 21.0.0 (clang-2100.3.34.2),libc++,arm64,libcxx,native,c3b4a0a07877c0f8e2370ff7fdae98d3f3d96c15465aadb9eae00a280391c6a6,false
exp7-manifest-1,2026-09-20T20:47:05Z,p1,tail,CANDIDATE,float,-,0.51000000000000001,9004,raw/p1/p1_tail_libcxx_CANDIDATE_k0.51_s9004_float.bin,bin,9947,8,1,5,79672,28527a42d9c07c33ed1ca3d3631fa838794ebe69e371ed15db0e33812a252064,./exp7_probe_libcxx.exe,7874afeb97cb5ba7d7a5b1c5771c15ff2d40228ba92d0c52efe8dcd87431ac67,-Wall -Wextra -std=c++11 -O2 -ffp-contract=off -I src,clang 21.0.0 (clang-2100.3.34.2),libc++,arm64,libcxx,native,c3b4a0a07877c0f8e2370ff7fdae98d3f3d96c15465aadb9eae00a280391c6a6,false
exp7-manifest-1,2026-09-20T20:47:05Z,p1,tail,LEGACY,float,-,0.51000000000000001,9005,raw/p1/p1_tail_libcxx_LEGACY_k0.51_s9005_float.bin,bin,0,8,1,5,96,37bc5575f8347822c590aa693fbc1c04618524be91cc12ea0f525e1a790c462e,./exp7_probe_libcxx.exe,7874afeb97cb5ba7d7a5b1c5771c15ff2d40228ba92d0c52efe8dcd87431ac67,-Wall -Wextra -std=c++11 -O2 -ffp-contract=off -I src,clang 21.0.0 (clang-2100.3.34.2),libc++,arm64,libcxx,native,c3b4a0a07877c0f8e2370ff7fdae98d3f3d96c15465aadb9eae00a280391c6a6,false
exp7-manifest-1,2026-09-20T20:47:05Z,p1,tail,CANDIDATE,float,-,0.51000000000000001,9005,raw/p1/p1_tail_libcxx_CANDIDATE_k0.51_s9005_float.bin,bin,10138,8,1,5,81200,48ab2fbf64f81b459afbb4006010651cf57cd99f5b601df704a186fbf2130490,./exp7_probe_libcxx.exe,7874afeb97cb5ba7d7a5b1c5771c15ff2d40228ba92d0c52efe8dcd87431ac67,-Wall -Wextra -std=c++11 -O2 -ffp-contract=off -I src,clang 21.0.0 (clang-2100.3.34.2),libc++,arm64,libcxx,native,c3b4a0a07877c0f8e2370ff7fdae98d3f3d96c15465aadb9eae00a280391c6a6,false
exp7-manifest-1,2026-09-20T20:47:05Z,p1,tail,LEGACY,float,-,0.55000000000000004,9001,raw/p1/p1_tail_libcxx_LEGACY_k0.55_s9001_float.bin,bin,4396,8,1,5,35264,c8645d55870bd8d01dd7335a5305f481d6eac245ef463980bc0e85a799011507,./exp7_probe_libcxx.exe,7874afeb97cb5ba7d7a5b1c5771c15ff2d40228ba92d0c52efe8dcd87431ac67,-Wall -Wextra -std=c++11 -O2 -ffp-contract=off -I src,clang 21.0.0 (clang-2100.3.34.2),libc++,arm64,libcxx,native,c3b4a0a07877c0f8e2370ff7fdae98d3f3d96c15465aadb9eae00a280391c6a6,false
exp7-manifest-1,2026-09-20T20:47:05Z,p1,tail,CANDIDATE,float,-,0.55000000000000004,9001,raw/p1/p1_tail_libcxx_CANDIDATE_k0.55_s9001_float.bin,bin,10051,8,1,5,80504,368d1084dabf4744c5dd51b13a5f9f4a3e05448da6d7e8a546a17d5671778d87,./exp7_probe_libcxx.exe,7874afeb97cb5ba7d7a5b1c5771c15ff2d40228ba92d0c52efe8dcd87431ac67,-Wall -Wextra -std=c++11 -O2 -ffp-contract=off -I src,clang 21.0.0 (clang-2100.3.34.2),libc++,arm64,libcxx,native,c3b4a0a07877c0f8e2370ff7fdae98d3f3d96c15465aadb9eae00a280391c6a6,false
exp7-manifest-1,2026-09-20T20:47:05Z,p1,tail,LEGACY,float,-,0.55000000000000004,9002,raw/p1/p1_tail_libcxx_LEGACY_k0.55_s9002_float.bin,bin,4288,8,1,5,34400,dfbe9c772d5ed47db5e0197e276665f3a6644fb7f5cf9504692a3e64d939cf30,./exp7_probe_libcxx.exe,7874afeb97cb5ba7d7a5b1c5771c15ff2d40228ba92d0c52efe8dcd87431ac67,-Wall -Wextra -std=c++11 -O2 -ffp-contract=off -I src,clang 21.0.0 (clang-2100.3.34.2),libc++,arm64,libcxx,native,c3b4a0a07877c0f8e2370ff7fdae98d3f3d96c15465aadb9eae00a280391c6a6,false
exp7-manifest-1,2026-09-20T20:47:05Z,p1,tail,CANDIDATE,float,-,0.55000000000000004,9002,raw/p1/p1_tail_libcxx_CANDIDATE_k0.55_s9002_float.bin,bin,10035,8,1,5,80376,66762bef692a9e8261196ec60cf573f719bb9aef67cedb919eadc54b5fbf95c7,./exp7_probe_libcxx.exe,7874afeb97cb5ba7d7a5b1c5771c15ff2d40228ba92d0c52efe8dcd87431ac67,-Wall -Wextra -std=c++11 -O2 -ffp-contract=off -I src,clang 21.0.0 (clang-2100.3.34.2),libc++,arm64,libcxx,native,c3b4a0a07877c0f8e2370ff7fdae98d3f3d96c15465aadb9eae00a280391c6a6,false
exp7-manifest-1,2026-09-20T20:47:05Z,p1,tail,LEGACY,float,-,0.55000000000000004,9003,raw/p1/p1_tail_libcxx_LEGACY_k0.55_s9003_float.bin,bin,4434,8,1,5,35568,0318df68c7de896af14257ca9b7b0bfd516d0ebbb03e61eac0a561cf5db2f3de,./exp7_probe_libcxx.exe,7874afeb97cb5ba7d7a5b1c5771c15ff2d40228ba92d0c52efe8dcd87431ac67,-Wall -Wextra -std=c++11 -O2 -ffp-contract=off -I src,clang 21.0.0 (clang-2100.3.34.2),libc++,arm64,libcxx,native,c3b4a0a07877c0f8e2370ff7fdae98d3f3d96c15465aadb9eae00a280391c6a6,false
exp7-manifest-1,2026-09-20T20:47:05Z,p1,tail,CANDIDATE,float,-,0.55000000000000004,9003,raw/p1/p1_tail_libcxx_CANDIDATE_k0.55_s9003_float.bin,bin,9896,8,1,5,79264,f68dce7ae34951c9bc3b74080ea947e6b5430f9fda95e7e7d09a11382a7594b0,./exp7_probe_libcxx.exe,7874afeb97cb5ba7d7a5b1c5771c15ff2d40228ba92d0c52efe8dcd87431ac67,-Wall -Wextra -std=c++11 -O2 -ffp-contract=off -I src,clang 21.0.0 (clang-2100.3.34.2),libc++,arm64,libcxx,native,c3b4a0a07877c0f8e2370ff7fdae98d3f3d96c15465aadb9eae00a280391c6a6,false
exp7-manifest-1,2026-09-20T20:47:05Z,p1,tail,LEGACY,float,-,0.55000000000000004,9004,raw/p1/p1_tail_libcxx_LEGACY_k0.55_s9004_float.bin,bin,4370,8,1,5,35056,109452533bffa81ad450064dd9c63fe9fbb426a4300c081533701462df7e87aa,./exp7_probe_libcxx.exe,7874afeb97cb5ba7d7a5b1c5771c15ff2d40228ba92d0c52efe8dcd87431ac67,-Wall -Wextra -std=c++11 -O2 -ffp-contract=off -I src,clang 21.0.0 (clang-2100.3.34.2),libc++,arm64,libcxx,native,c3b4a0a07877c0f8e2370ff7fdae98d3f3d96c15465aadb9eae00a280391c6a6,false
exp7-manifest-1,2026-09-20T20:47:05Z,p1,tail,CANDIDATE,float,-,0.55000000000000004,9004,raw/p1/p1_tail_libcxx_CANDIDATE_k0.55_s9004_float.bin,bin,9911,8,1,5,79384,9c8d251f00614a6cfcf6c84a01f87b7ee11b2dce62f2e64e32899f45b05f08a0,./exp7_probe_libcxx.exe,7874afeb97cb5ba7d7a5b1c5771c15ff2d40228ba92d0c52efe8dcd87431ac67,-Wall -Wextra -std=c++11 -O2 -ffp-contract=off -I src,clang 21.0.0 (clang-2100.3.34.2),libc++,arm64,libcxx,native,c3b4a0a07877c0f8e2370ff7fdae98d3f3d96c15465aadb9eae00a280391c6a6,false
exp7-manifest-1,2026-09-20T20:47:05Z,p1,tail,LEGACY,float,-,0.55000000000000004,9005,raw/p1/p1_tail_libcxx_LEGACY_k0.55_s9005_float.bin,bin,4306,8,1,5,34544,168e23a7f584b1fabf8cd945912547ff14393d302fb1862fc45582f7e04cf21c,./exp7_probe_libcxx.exe,7874afeb97cb5ba7d7a5b1c5771c15ff2d40228ba92d0c52efe8dcd87431ac67,-Wall -Wextra -std=c++11 -O2 -ffp-contract=off -I src,clang 21.0.0 (clang-2100.3.34.2),libc++,arm64,libcxx,native,c3b4a0a07877c0f8e2370ff7fdae98d3f3d96c15465aadb9eae00a280391c6a6,false
exp7-manifest-1,2026-09-20T20:47:05Z,p1,tail,CANDIDATE,float,-,0.55000000000000004,9005,raw/p1/p1_tail_libcxx_CANDIDATE_k0.55_s9005_float.bin,bin,9995,8,1,5,80056,788c6229cd730066845a1b6f2005ece7ba579612e1f27668303eba20fb327543,./exp7_probe_libcxx.exe,7874afeb97cb5ba7d7a5b1c5771c15ff2d40228ba92d0c52efe8dcd87431ac67,-Wall -Wextra -std=c++11 -O2 -ffp-contract=off -I src,clang 21.0.0 (clang-2100.3.34.2),libc++,arm64,libcxx,native,c3b4a0a07877c0f8e2370ff7fdae98d3f3d96c15465aadb9eae00a280391c6a6,false
exp7-manifest-1,2026-09-20T20:47:05Z,p1,tail,LEGACY,float,-,0.59999999999999998,9001,raw/p1/p1_tail_libcxx_LEGACY_k0.6_s9001_float.bin,bin,10101,8,1,5,80904,8feb883f1d2b5729c4c05eb80b9e7e1c6dc593ece396c0960213e9118c2768b8,./exp7_probe_libcxx.exe,7874afeb97cb5ba7d7a5b1c5771c15ff2d40228ba92d0c52efe8dcd87431ac67,-Wall -Wextra -std=c++11 -O2 -ffp-contract=off -I src,clang 21.0.0 (clang-2100.3.34.2),libc++,arm64,libcxx,native,c3b4a0a07877c0f8e2370ff7fdae98d3f3d96c15465aadb9eae00a280391c6a6,false
exp7-manifest-1,2026-09-20T20:47:05Z,p1,tail,CANDIDATE,float,-,0.59999999999999998,9001,raw/p1/p1_tail_libcxx_CANDIDATE_k0.6_s9001_float.bin,bin,9964,8,1,5,79808,8323a80fa6024b4c4a829b3da93a5c9ae174f4a9422066caa4b2585138208711,./exp7_probe_libcxx.exe,7874afeb97cb5ba7d7a5b1c5771c15ff2d40228ba92d0c52efe8dcd87431ac67,-Wall -Wextra -std=c++11 -O2 -ffp-contract=off -I src,clang 21.0.0 (clang-2100.3.34.2),libc++,arm64,libcxx,native,c3b4a0a07877c0f8e2370ff7fdae98d3f3d96c15465aadb9eae00a280391c6a6,false
exp7-manifest-1,2026-09-20T20:47:05Z,p1,tail,LEGACY,float,-,0.59999999999999998,9002,raw/p1/p1_tail_libcxx_LEGACY_k0.6_s9002_float.bin,bin,9862,8,1,5,78992,5a8e83cfd1089770c1535769473f18761f3754b821622d49054343ad19885032,./exp7_probe_libcxx.exe,7874afeb97cb5ba7d7a5b1c5771c15ff2d40228ba92d0c52efe8dcd87431ac67,-Wall -Wextra -std=c++11 -O2 -ffp-contract=off -I src,clang 21.0.0 (clang-2100.3.34.2),libc++,arm64,libcxx,native,c3b4a0a07877c0f8e2370ff7fdae98d3f3d96c15465aadb9eae00a280391c6a6,false
exp7-manifest-1,2026-09-20T20:47:05Z,p1,tail,CANDIDATE,float,-,0.59999999999999998,9002,raw/p1/p1_tail_libcxx_CANDIDATE_k0.6_s9002_float.bin,bin,9955,8,1,5,79736,3385298eb9a7c3522457006652388dc013e47e723a297a9f26da8b3d1009963c,./exp7_probe_libcxx.exe,7874afeb97cb5ba7d7a5b1c5771c15ff2d40228ba92d0c52efe8dcd87431ac67,-Wall -Wextra -std=c++11 -O2 -ffp-contract=off -I src,clang 21.0.0 (clang-2100.3.34.2),libc++,arm64,libcxx,native,c3b4a0a07877c0f8e2370ff7fdae98d3f3d96c15465aadb9eae00a280391c6a6,false
exp7-manifest-1,2026-09-20T20:47:05Z,p1,tail,LEGACY,float,-,0.59999999999999998,9003,raw/p1/p1_tail_libcxx_LEGACY_k0.6_s9003_float.bin,bin,9787,8,1,5,78392,711e9c1bbdcf4bd62374d5f7ed46a31310b5811119c81820b3f345d6627e6d07,./exp7_probe_libcxx.exe,7874afeb97cb5ba7d7a5b1c5771c15ff2d40228ba92d0c52efe8dcd87431ac67,-Wall -Wextra -std=c++11 -O2 -ffp-contract=off -I src,clang 21.0.0 (clang-2100.3.34.2),libc++,arm64,libcxx,native,c3b4a0a07877c0f8e2370ff7fdae98d3f3d96c15465aadb9eae00a280391c6a6,false
exp7-manifest-1,2026-09-20T20:47:05Z,p1,tail,CANDIDATE,float,-,0.59999999999999998,9003,raw/p1/p1_tail_libcxx_CANDIDATE_k0.6_s9003_float.bin,bin,9998,8,1,5,80080,d5ce22c9f66ed41707a0007bb56ebae0b45a0b479fa9a61739b5ee7d3e9fe050,./exp7_probe_libcxx.exe,7874afeb97cb5ba7d7a5b1c5771c15ff2d40228ba92d0c52efe8dcd87431ac67,-Wall -Wextra -std=c++11 -O2 -ffp-contract=off -I src,clang 21.0.0 (clang-2100.3.34.2),libc++,arm64,libcxx,native,c3b4a0a07877c0f8e2370ff7fdae98d3f3d96c15465aadb9eae00a280391c6a6,false
exp7-manifest-1,2026-09-20T20:47:05Z,p1,tail,LEGACY,float,-,0.59999999999999998,9004,raw/p1/p1_tail_libcxx_LEGACY_k0.6_s9004_float.bin,bin,9968,8,1,5,79840,6ca12aded40bdb36164e97850abb20e0ae245be4ef7999c2c30984bd378de776,./exp7_probe_libcxx.exe,7874afeb97cb5ba7d7a5b1c5771c15ff2d40228ba92d0c52efe8dcd87431ac67,-Wall -Wextra -std=c++11 -O2 -ffp-contract=off -I src,clang 21.0.0 (clang-2100.3.34.2),libc++,arm64,libcxx,native,c3b4a0a07877c0f8e2370ff7fdae98d3f3d96c15465aadb9eae00a280391c6a6,false
exp7-manifest-1,2026-09-20T20:47:05Z,p1,tail,CANDIDATE,float,-,0.59999999999999998,9004,raw/p1/p1_tail_libcxx_CANDIDATE_k0.6_s9004_float.bin,bin,10105,8,1,5,80936,18aefb7d5da2a0ca27c299a6b1cf6105f3d28dc7df14f1127c49fcad3b9f2bda,./exp7_probe_libcxx.exe,7874afeb97cb5ba7d7a5b1c5771c15ff2d40228ba92d0c52efe8dcd87431ac67,-Wall -Wextra -std=c++11 -O2 -ffp-contract=off -I src,clang 21.0.0 (clang-2100.3.34.2),libc++,arm64,libcxx,native,c3b4a0a07877c0f8e2370ff7fdae98d3f3d96c15465aadb9eae00a280391c6a6,false
exp7-manifest-1,2026-09-20T20:47:05Z,p1,tail,LEGACY,float,-,0.59999999999999998,9005,raw/p1/p1_tail_libcxx_LEGACY_k0.6_s9005_float.bin,bin,10046,8,1,5,80464,b386cb2a53356dff7d06a5533eaf8a3a56965d816734d5cbf9d2038e02565420,./exp7_probe_libcxx.exe,7874afeb97cb5ba7d7a5b1c5771c15ff2d40228ba92d0c52efe8dcd87431ac67,-Wall -Wextra -std=c++11 -O2 -ffp-contract=off -I src,clang 21.0.0 (clang-2100.3.34.2),libc++,arm64,libcxx,native,c3b4a0a07877c0f8e2370ff7fdae98d3f3d96c15465aadb9eae00a280391c6a6,false
exp7-manifest-1,2026-09-20T20:47:05Z,p1,tail,CANDIDATE,float,-,0.59999999999999998,9005,raw/p1/p1_tail_libcxx_CANDIDATE_k0.6_s9005_float.bin,bin,9981,8,1,5,79944,89c163e7b14f11b4406950c5111b676a333680bc193a006d3c1dd0e866e114e8,./exp7_probe_libcxx.exe,7874afeb97cb5ba7d7a5b1c5771c15ff2d40228ba92d0c52efe8dcd87431ac67,-Wall -Wextra -std=c++11 -O2 -ffp-contract=off -I src,clang 21.0.0 (clang-2100.3.34.2),libc++,arm64,libcxx,native,c3b4a0a07877c0f8e2370ff7fdae98d3f3d96c15465aadb9eae00a280391c6a6,false
exp7-manifest-1,2026-09-20T20:47:05Z,p1,tail,LEGACY,float,-,0.75,9001,raw/p1/p1_tail_libcxx_LEGACY_k0.75_s9001_float.bin,bin,9904,8,1,5,79328,bca9798d2f215b6138c971e8938898f499c14ec52b55acaf1b3818d047860b43,./exp7_probe_libcxx.exe,7874afeb97cb5ba7d7a5b1c5771c15ff2d40228ba92d0c52efe8dcd87431ac67,-Wall -Wextra -std=c++11 -O2 -ffp-contract=off -I src,clang 21.0.0 (clang-2100.3.34.2),libc++,arm64,libcxx,native,c3b4a0a07877c0f8e2370ff7fdae98d3f3d96c15465aadb9eae00a280391c6a6,false
exp7-manifest-1,2026-09-20T20:47:05Z,p1,tail,CANDIDATE,float,-,0.75,9001,raw/p1/p1_tail_libcxx_CANDIDATE_k0.75_s9001_float.bin,bin,9995,8,1,5,80056,ab1489833bfd70854c295301b2b051d3ea2118623410955b0500ca09b8c203ab,./exp7_probe_libcxx.exe,7874afeb97cb5ba7d7a5b1c5771c15ff2d40228ba92d0c52efe8dcd87431ac67,-Wall -Wextra -std=c++11 -O2 -ffp-contract=off -I src,clang 21.0.0 (clang-2100.3.34.2),libc++,arm64,libcxx,native,c3b4a0a07877c0f8e2370ff7fdae98d3f3d96c15465aadb9eae00a280391c6a6,false
exp7-manifest-1,2026-09-20T20:47:05Z,p1,tail,LEGACY,float,-,0.75,9002,raw/p1/p1_tail_libcxx_LEGACY_k0.75_s9002_float.bin,bin,10081,8,1,5,80744,f984a194f6a6fcf9f4dc1aa5395a4a5732972463f8b53d8c8a725a0e7936ee1b,./exp7_probe_libcxx.exe,7874afeb97cb5ba7d7a5b1c5771c15ff2d40228ba92d0c52efe8dcd87431ac67,-Wall -Wextra -std=c++11 -O2 -ffp-contract=off -I src,clang 21.0.0 (clang-2100.3.34.2),libc++,arm64,libcxx,native,c3b4a0a07877c0f8e2370ff7fdae98d3f3d96c15465aadb9eae00a280391c6a6,false
exp7-manifest-1,2026-09-20T20:47:05Z,p1,tail,CANDIDATE,float,-,0.75,9002,raw/p1/p1_tail_libcxx_CANDIDATE_k0.75_s9002_float.bin,bin,9988,8,1,5,80000,6e590f5d47d0891c6ef4bc08f0b85bf3fd04ae42e238e29f1f1f477feeaad623,./exp7_probe_libcxx.exe,7874afeb97cb5ba7d7a5b1c5771c15ff2d40228ba92d0c52efe8dcd87431ac67,-Wall -Wextra -std=c++11 -O2 -ffp-contract=off -I src,clang 21.0.0 (clang-2100.3.34.2),libc++,arm64,libcxx,native,c3b4a0a07877c0f8e2370ff7fdae98d3f3d96c15465aadb9eae00a280391c6a6,false
exp7-manifest-1,2026-09-20T20:47:05Z,p1,tail,LEGACY,float,-,0.75,9003,raw/p1/p1_tail_libcxx_LEGACY_k0.75_s9003_float.bin,bin,10149,8,1,5,81288,681dce6462f086c6be00094497f9e33ec5eb4d73bb02621de284fb090022038d,./exp7_probe_libcxx.exe,7874afeb97cb5ba7d7a5b1c5771c15ff2d40228ba92d0c52efe8dcd87431ac67,-Wall -Wextra -std=c++11 -O2 -ffp-contract=off -I src,clang 21.0.0 (clang-2100.3.34.2),libc++,arm64,libcxx,native,c3b4a0a07877c0f8e2370ff7fdae98d3f3d96c15465aadb9eae00a280391c6a6,false
exp7-manifest-1,2026-09-20T20:47:05Z,p1,tail,CANDIDATE,float,-,0.75,9003,raw/p1/p1_tail_libcxx_CANDIDATE_k0.75_s9003_float.bin,bin,10118,8,1,5,81040,dcb84ebf6d65a7a053de264094ea41d919bf3252e287de4d59c730761a003724,./exp7_probe_libcxx.exe,7874afeb97cb5ba7d7a5b1c5771c15ff2d40228ba92d0c52efe8dcd87431ac67,-Wall -Wextra -std=c++11 -O2 -ffp-contract=off -I src,clang 21.0.0 (clang-2100.3.34.2),libc++,arm64,libcxx,native,c3b4a0a07877c0f8e2370ff7fdae98d3f3d96c15465aadb9eae00a280391c6a6,false
exp7-manifest-1,2026-09-20T20:47:05Z,p1,tail,LEGACY,float,-,0.75,9004,raw/p1/p1_tail_libcxx_LEGACY_k0.75_s9004_float.bin,bin,9826,8,1,5,78704,77891e469cec4ccfa59681ceae9c2e104bc9fc78bbbe2997cbbd298f4623e0ea,./exp7_probe_libcxx.exe,7874afeb97cb5ba7d7a5b1c5771c15ff2d40228ba92d0c52efe8dcd87431ac67,-Wall -Wextra -std=c++11 -O2 -ffp-contract=off -I src,clang 21.0.0 (clang-2100.3.34.2),libc++,arm64,libcxx,native,c3b4a0a07877c0f8e2370ff7fdae98d3f3d96c15465aadb9eae00a280391c6a6,false
exp7-manifest-1,2026-09-20T20:47:05Z,p1,tail,CANDIDATE,float,-,0.75,9004,raw/p1/p1_tail_libcxx_CANDIDATE_k0.75_s9004_float.bin,bin,9929,8,1,5,79528,020032bb3cef607499554dbfc1a370370837259f31101347e4e97bb068a765f2,./exp7_probe_libcxx.exe,7874afeb97cb5ba7d7a5b1c5771c15ff2d40228ba92d0c52efe8dcd87431ac67,-Wall -Wextra -std=c++11 -O2 -ffp-contract=off -I src,clang 21.0.0 (clang-2100.3.34.2),libc++,arm64,libcxx,native,c3b4a0a07877c0f8e2370ff7fdae98d3f3d96c15465aadb9eae00a280391c6a6,false
exp7-manifest-1,2026-09-20T20:47:05Z,p1,tail,LEGACY,float,-,0.75,9005,raw/p1/p1_tail_libcxx_LEGACY_k0.75_s9005_float.bin,bin,9916,8,1,5,79424,ce116ab0cdb1b27bb73b2a0d81b3a244e8a0bb2c596f825adaefd0ec00dc5511,./exp7_probe_libcxx.exe,7874afeb97cb5ba7d7a5b1c5771c15ff2d40228ba92d0c52efe8dcd87431ac67,-Wall -Wextra -std=c++11 -O2 -ffp-contract=off -I src,clang 21.0.0 (clang-2100.3.34.2),libc++,arm64,libcxx,native,c3b4a0a07877c0f8e2370ff7fdae98d3f3d96c15465aadb9eae00a280391c6a6,false
exp7-manifest-1,2026-09-20T20:47:05Z,p1,tail,CANDIDATE,float,-,0.75,9005,raw/p1/p1_tail_libcxx_CANDIDATE_k0.75_s9005_float.bin,bin,10089,8,1,5,80808,f543b64173fe906b6ea4891ae1baa457a50911cb301c2452037b940ab772a4b5,./exp7_probe_libcxx.exe,7874afeb97cb5ba7d7a5b1c5771c15ff2d40228ba92d0c52efe8dcd87431ac67,-Wall -Wextra -std=c++11 -O2 -ffp-contract=off -I src,clang 21.0.0 (clang-2100.3.34.2),libc++,arm64,libcxx,native,c3b4a0a07877c0f8e2370ff7fdae98d3f3d96c15465aadb9eae00a280391c6a6,false
exp7-manifest-1,2026-09-20T20:47:05Z,p1,tail,LEGACY,float,-,1,9001,raw/p1/p1_tail_libcxx_LEGACY_k1_s9001_float.bin,bin,10013,8,1,5,80200,7b52af820b26e1d456987c9758f026cc417cff890d88d5401c3d3ab14aca5bf6,./exp7_probe_libcxx.exe,7874afeb97cb5ba7d7a5b1c5771c15ff2d40228ba92d0c52efe8dcd87431ac67,-Wall -Wextra -std=c++11 -O2 -ffp-contract=off -I src,clang 21.0.0 (clang-2100.3.34.2),libc++,arm64,libcxx,native,c3b4a0a07877c0f8e2370ff7fdae98d3f3d96c15465aadb9eae00a280391c6a6,false
exp7-manifest-1,2026-09-20T20:47:05Z,p1,tail,CANDIDATE,float,-,1,9001,raw/p1/p1_tail_libcxx_CANDIDATE_k1_s9001_float.bin,bin,10040,8,1,5,80416,baa989f84f1719369be064875ccd6512f084413dd74f2ebb61d2f591116598c9,./exp7_probe_libcxx.exe,7874afeb97cb5ba7d7a5b1c5771c15ff2d40228ba92d0c52efe8dcd87431ac67,-Wall -Wextra -std=c++11 -O2 -ffp-contract=off -I src,clang 21.0.0 (clang-2100.3.34.2),libc++,arm64,libcxx,native,c3b4a0a07877c0f8e2370ff7fdae98d3f3d96c15465aadb9eae00a280391c6a6,false
exp7-manifest-1,2026-09-20T20:47:05Z,p1,tail,LEGACY,float,-,1,9002,raw/p1/p1_tail_libcxx_LEGACY_k1_s9002_float.bin,bin,9886,8,1,5,79184,628de33e78920beb2146a126d3d29b142922678bb2fcbba2368c9f4c2778501c,./exp7_probe_libcxx.exe,7874afeb97cb5ba7d7a5b1c5771c15ff2d40228ba92d0c52efe8dcd87431ac67,-Wall -Wextra -std=c++11 -O2 -ffp-contract=off -I src,clang 21.0.0 (clang-2100.3.34.2),libc++,arm64,libcxx,native,c3b4a0a07877c0f8e2370ff7fdae98d3f3d96c15465aadb9eae00a280391c6a6,false
exp7-manifest-1,2026-09-20T20:47:05Z,p1,tail,CANDIDATE,float,-,1,9002,raw/p1/p1_tail_libcxx_CANDIDATE_k1_s9002_float.bin,bin,9857,8,1,5,78952,0bb5702a41b5569955a1abcf7c8fa745a8dc661b9ede1690e92eeaf65d3268b8,./exp7_probe_libcxx.exe,7874afeb97cb5ba7d7a5b1c5771c15ff2d40228ba92d0c52efe8dcd87431ac67,-Wall -Wextra -std=c++11 -O2 -ffp-contract=off -I src,clang 21.0.0 (clang-2100.3.34.2),libc++,arm64,libcxx,native,c3b4a0a07877c0f8e2370ff7fdae98d3f3d96c15465aadb9eae00a280391c6a6,false
exp7-manifest-1,2026-09-20T20:47:05Z,p1,tail,LEGACY,float,-,1,9003,raw/p1/p1_tail_libcxx_LEGACY_k1_s9003_float.bin,bin,10101,8,1,5,80904,82c248841d191ded78081e332e8182312a7639b5f9c6d9c929b04bc9a0517c2f,./exp7_probe_libcxx.exe,7874afeb97cb5ba7d7a5b1c5771c15ff2d40228ba92d0c52efe8dcd87431ac67,-Wall -Wextra -std=c++11 -O2 -ffp-contract=off -I src,clang 21.0.0 (clang-2100.3.34.2),libc++,arm64,libcxx,native,c3b4a0a07877c0f8e2370ff7fdae98d3f3d96c15465aadb9eae00a280391c6a6,false
exp7-manifest-1,2026-09-20T20:47:05Z,p1,tail,CANDIDATE,float,-,1,9003,raw/p1/p1_tail_libcxx_CANDIDATE_k1_s9003_float.bin,bin,10026,8,1,5,80304,28839512da0e7bba5038a64c5b0e8200b0a11d8799d218720c815c6a72331b9f,./exp7_probe_libcxx.exe,7874afeb97cb5ba7d7a5b1c5771c15ff2d40228ba92d0c52efe8dcd87431ac67,-Wall -Wextra -std=c++11 -O2 -ffp-contract=off -I src,clang 21.0.0 (clang-2100.3.34.2),libc++,arm64,libcxx,native,c3b4a0a07877c0f8e2370ff7fdae98d3f3d96c15465aadb9eae00a280391c6a6,false
exp7-manifest-1,2026-09-20T20:47:05Z,p1,tail,LEGACY,float,-,1,9004,raw/p1/p1_tail_libcxx_LEGACY_k1_s9004_float.bin,bin,9906,8,1,5,79344,bf0059a4b042280155a6cc7a6059a7c5edb63afc78400ec99d97097e581a4a82,./exp7_probe_libcxx.exe,7874afeb97cb5ba7d7a5b1c5771c15ff2d40228ba92d0c52efe8dcd87431ac67,-Wall -Wextra -std=c++11 -O2 -ffp-contract=off -I src,clang 21.0.0 (clang-2100.3.34.2),libc++,arm64,libcxx,native,c3b4a0a07877c0f8e2370ff7fdae98d3f3d96c15465aadb9eae00a280391c6a6,false
exp7-manifest-1,2026-09-20T20:47:05Z,p1,tail,CANDIDATE,float,-,1,9004,raw/p1/p1_tail_libcxx_CANDIDATE_k1_s9004_float.bin,bin,10110,8,1,5,80976,cf3ceb12833660e49657eff4e86621783c22630cca0eff251ec4e3bb4bec70b0,./exp7_probe_libcxx.exe,7874afeb97cb5ba7d7a5b1c5771c15ff2d40228ba92d0c52efe8dcd87431ac67,-Wall -Wextra -std=c++11 -O2 -ffp-contract=off -I src,clang 21.0.0 (clang-2100.3.34.2),libc++,arm64,libcxx,native,c3b4a0a07877c0f8e2370ff7fdae98d3f3d96c15465aadb9eae00a280391c6a6,false
exp7-manifest-1,2026-09-20T20:47:05Z,p1,tail,LEGACY,float,-,1,9005,raw/p1/p1_tail_libcxx_LEGACY_k1_s9005_float.bin,bin,9902,8,1,5,79312,eeb8d18c66b00a1e7fd2d29138e1a04ae4ac3274a6f4193e888d56f8748c169e,./exp7_probe_libcxx.exe,7874afeb97cb5ba7d7a5b1c5771c15ff2d40228ba92d0c52efe8dcd87431ac67,-Wall -Wextra -std=c++11 -O2 -ffp-contract=off -I src,clang 21.0.0 (clang-2100.3.34.2),libc++,arm64,libcxx,native,c3b4a0a07877c0f8e2370ff7fdae98d3f3d96c15465aadb9eae00a280391c6a6,false
exp7-manifest-1,2026-09-20T20:47:05Z,p1,tail,CANDIDATE,float,-,1,9005,raw/p1/p1_tail_libcxx_CANDIDATE_k1_s9005_float.bin,bin,10023,8,1,5,80280,af994f80c3b1dd55fbc0812036efa9b0353f7d7adf7c4e60db3fcbc29392f544,./exp7_probe_libcxx.exe,7874afeb97cb5ba7d7a5b1c5771c15ff2d40228ba92d0c52efe8dcd87431ac67,-Wall -Wextra -std=c++11 -O2 -ffp-contract=off -I src,clang 21.0.0 (clang-2100.3.34.2),libc++,arm64,libcxx,native,c3b4a0a07877c0f8e2370ff7fdae98d3f3d96c15465aadb9eae00a280391c6a6,false
exp7-manifest-1,2026-09-20T20:47:05Z,p1,tail,LEGACY,float,-,1.25,9001,raw/p1/p1_tail_libcxx_LEGACY_k1.25_s9001_float.bin,bin,10023,8,1,5,80280,e9a6974ab437af4f0c0504a228444dd19a933e36173e9da71509221253edd13f,./exp7_probe_libcxx.exe,7874afeb97cb5ba7d7a5b1c5771c15ff2d40228ba92d0c52efe8dcd87431ac67,-Wall -Wextra -std=c++11 -O2 -ffp-contract=off -I src,clang 21.0.0 (clang-2100.3.34.2),libc++,arm64,libcxx,native,c3b4a0a07877c0f8e2370ff7fdae98d3f3d96c15465aadb9eae00a280391c6a6,false
exp7-manifest-1,2026-09-20T20:47:05Z,p1,tail,CANDIDATE,float,-,1.25,9001,raw/p1/p1_tail_libcxx_CANDIDATE_k1.25_s9001_float.bin,bin,10054,8,1,5,80528,3e75266e7c24bc7d055e30e38a69c239b9ea456f1de0ebc28c6e143e6a73846b,./exp7_probe_libcxx.exe,7874afeb97cb5ba7d7a5b1c5771c15ff2d40228ba92d0c52efe8dcd87431ac67,-Wall -Wextra -std=c++11 -O2 -ffp-contract=off -I src,clang 21.0.0 (clang-2100.3.34.2),libc++,arm64,libcxx,native,c3b4a0a07877c0f8e2370ff7fdae98d3f3d96c15465aadb9eae00a280391c6a6,false
exp7-manifest-1,2026-09-20T20:47:05Z,p1,tail,LEGACY,float,-,1.25,9002,raw/p1/p1_tail_libcxx_LEGACY_k1.25_s9002_float.bin,bin,10003,8,1,5,80120,b27e49236eb05928c848ebf983efee00d00d6548887d1b50eba01083ec5c2d3c,./exp7_probe_libcxx.exe,7874afeb97cb5ba7d7a5b1c5771c15ff2d40228ba92d0c52efe8dcd87431ac67,-Wall -Wextra -std=c++11 -O2 -ffp-contract=off -I src,clang 21.0.0 (clang-2100.3.34.2),libc++,arm64,libcxx,native,c3b4a0a07877c0f8e2370ff7fdae98d3f3d96c15465aadb9eae00a280391c6a6,false
exp7-manifest-1,2026-09-20T20:47:05Z,p1,tail,CANDIDATE,float,-,1.25,9002,raw/p1/p1_tail_libcxx_CANDIDATE_k1.25_s9002_float.bin,bin,10059,8,1,5,80568,0fd74950b6aedd571eb791516ff08ee5b73b12bee9a15183de60d44ad0c7533a,./exp7_probe_libcxx.exe,7874afeb97cb5ba7d7a5b1c5771c15ff2d40228ba92d0c52efe8dcd87431ac67,-Wall -Wextra -std=c++11 -O2 -ffp-contract=off -I src,clang 21.0.0 (clang-2100.3.34.2),libc++,arm64,libcxx,native,c3b4a0a07877c0f8e2370ff7fdae98d3f3d96c15465aadb9eae00a280391c6a6,false
exp7-manifest-1,2026-09-20T20:47:05Z,p1,tail,LEGACY,float,-,1.25,9003,raw/p1/p1_tail_libcxx_LEGACY_k1.25_s9003_float.bin,bin,9773,8,1,5,78280,efe69a5d589f3e5a812b9c8166e34509679a6f26a39d867e256630f0e8e4735f,./exp7_probe_libcxx.exe,7874afeb97cb5ba7d7a5b1c5771c15ff2d40228ba92d0c52efe8dcd87431ac67,-Wall -Wextra -std=c++11 -O2 -ffp-contract=off -I src,clang 21.0.0 (clang-2100.3.34.2),libc++,arm64,libcxx,native,c3b4a0a07877c0f8e2370ff7fdae98d3f3d96c15465aadb9eae00a280391c6a6,false
exp7-manifest-1,2026-09-20T20:47:05Z,p1,tail,CANDIDATE,float,-,1.25,9003,raw/p1/p1_tail_libcxx_CANDIDATE_k1.25_s9003_float.bin,bin,10052,8,1,5,80512,7966e87a4079f6e7c86fcc17afb8ea51d58dfee4db8bbc77f458922d48a088b0,./exp7_probe_libcxx.exe,7874afeb97cb5ba7d7a5b1c5771c15ff2d40228ba92d0c52efe8dcd87431ac67,-Wall -Wextra -std=c++11 -O2 -ffp-contract=off -I src,clang 21.0.0 (clang-2100.3.34.2),libc++,arm64,libcxx,native,c3b4a0a07877c0f8e2370ff7fdae98d3f3d96c15465aadb9eae00a280391c6a6,false
exp7-manifest-1,2026-09-20T20:47:05Z,p1,tail,LEGACY,float,-,1.25,9004,raw/p1/p1_tail_libcxx_LEGACY_k1.25_s9004_float.bin,bin,9945,8,1,5,79656,51f18dc77874d3fc803eff3b3ff68d706211ddc317f57231bff3bda4aad193d0,./exp7_probe_libcxx.exe,7874afeb97cb5ba7d7a5b1c5771c15ff2d40228ba92d0c52efe8dcd87431ac67,-Wall -Wextra -std=c++11 -O2 -ffp-contract=off -I src,clang 21.0.0 (clang-2100.3.34.2),libc++,arm64,libcxx,native,c3b4a0a07877c0f8e2370ff7fdae98d3f3d96c15465aadb9eae00a280391c6a6,false
exp7-manifest-1,2026-09-20T20:47:05Z,p1,tail,CANDIDATE,float,-,1.25,9004,raw/p1/p1_tail_libcxx_CANDIDATE_k1.25_s9004_float.bin,bin,10018,8,1,5,80240,61ab965a4011d3c3b964027b6c50207cd352052a9a18bec80bba156baa476724,./exp7_probe_libcxx.exe,7874afeb97cb5ba7d7a5b1c5771c15ff2d40228ba92d0c52efe8dcd87431ac67,-Wall -Wextra -std=c++11 -O2 -ffp-contract=off -I src,clang 21.0.0 (clang-2100.3.34.2),libc++,arm64,libcxx,native,c3b4a0a07877c0f8e2370ff7fdae98d3f3d96c15465aadb9eae00a280391c6a6,false
exp7-manifest-1,2026-09-20T20:47:05Z,p1,tail,LEGACY,float,-,1.25,9005,raw/p1/p1_tail_libcxx_LEGACY_k1.25_s9005_float.bin,bin,10028,8,1,5,80320,421d1601907458afcf5a681376540610f8b3bc68f16225525478bad83b30b731,./exp7_probe_libcxx.exe,7874afeb97cb5ba7d7a5b1c5771c15ff2d40228ba92d0c52efe8dcd87431ac67,-Wall -Wextra -std=c++11 -O2 -ffp-contract=off -I src,clang 21.0.0 (clang-2100.3.34.2),libc++,arm64,libcxx,native,c3b4a0a07877c0f8e2370ff7fdae98d3f3d96c15465aadb9eae00a280391c6a6,false
exp7-manifest-1,2026-09-20T20:47:05Z,p1,tail,CANDIDATE,float,-,1.25,9005,raw/p1/p1_tail_libcxx_CANDIDATE_k1.25_s9005_float.bin,bin,10165,8,1,5,81416,c72db0aa28e25b5af42387dc8b582169fe2203055d2d6225cef028ddb1804d52,./exp7_probe_libcxx.exe,7874afeb97cb5ba7d7a5b1c5771c15ff2d40228ba92d0c52efe8dcd87431ac67,-Wall -Wextra -std=c++11 -O2 -ffp-contract=off -I src,clang 21.0.0 (clang-2100.3.34.2),libc++,arm64,libcxx,native,c3b4a0a07877c0f8e2370ff7fdae98d3f3d96c15465aadb9eae00a280391c6a6,false
exp7-manifest-1,2026-09-20T20:47:05Z,p1,tail,LEGACY,float,-,1.49,9001,raw/p1/p1_tail_libcxx_LEGACY_k1.49_s9001_float.bin,bin,9976,8,1,5,79904,844f57bc45839690de0e65df7ad90b532d0e6420ba068c7dc22f9e8aeaebf99c,./exp7_probe_libcxx.exe,7874afeb97cb5ba7d7a5b1c5771c15ff2d40228ba92d0c52efe8dcd87431ac67,-Wall -Wextra -std=c++11 -O2 -ffp-contract=off -I src,clang 21.0.0 (clang-2100.3.34.2),libc++,arm64,libcxx,native,c3b4a0a07877c0f8e2370ff7fdae98d3f3d96c15465aadb9eae00a280391c6a6,false
exp7-manifest-1,2026-09-20T20:47:05Z,p1,tail,CANDIDATE,float,-,1.49,9001,raw/p1/p1_tail_libcxx_CANDIDATE_k1.49_s9001_float.bin,bin,9918,8,1,5,79440,541f4eaa214926a4ac2ddea21d9390cd703c0e6d98639cf76b7996e611d6fca5,./exp7_probe_libcxx.exe,7874afeb97cb5ba7d7a5b1c5771c15ff2d40228ba92d0c52efe8dcd87431ac67,-Wall -Wextra -std=c++11 -O2 -ffp-contract=off -I src,clang 21.0.0 (clang-2100.3.34.2),libc++,arm64,libcxx,native,c3b4a0a07877c0f8e2370ff7fdae98d3f3d96c15465aadb9eae00a280391c6a6,false
exp7-manifest-1,2026-09-20T20:47:05Z,p1,tail,LEGACY,float,-,1.49,9002,raw/p1/p1_tail_libcxx_LEGACY_k1.49_s9002_float.bin,bin,9953,8,1,5,79720,c89dfee869381d91dfa01fdf6d1dd149107bb9bceca203fff6978ebd748f3878,./exp7_probe_libcxx.exe,7874afeb97cb5ba7d7a5b1c5771c15ff2d40228ba92d0c52efe8dcd87431ac67,-Wall -Wextra -std=c++11 -O2 -ffp-contract=off -I src,clang 21.0.0 (clang-2100.3.34.2),libc++,arm64,libcxx,native,c3b4a0a07877c0f8e2370ff7fdae98d3f3d96c15465aadb9eae00a280391c6a6,false
exp7-manifest-1,2026-09-20T20:47:05Z,p1,tail,CANDIDATE,float,-,1.49,9002,raw/p1/p1_tail_libcxx_CANDIDATE_k1.49_s9002_float.bin,bin,10050,8,1,5,80496,58f1264a026714ed6379d1c79cc883e398c7263428dc60eb647489c2a2502029,./exp7_probe_libcxx.exe,7874afeb97cb5ba7d7a5b1c5771c15ff2d40228ba92d0c52efe8dcd87431ac67,-Wall -Wextra -std=c++11 -O2 -ffp-contract=off -I src,clang 21.0.0 (clang-2100.3.34.2),libc++,arm64,libcxx,native,c3b4a0a07877c0f8e2370ff7fdae98d3f3d96c15465aadb9eae00a280391c6a6,false
exp7-manifest-1,2026-09-20T20:47:05Z,p1,tail,LEGACY,float,-,1.49,9003,raw/p1/p1_tail_libcxx_LEGACY_k1.49_s9003_float.bin,bin,10076,8,1,5,80704,8e8adca7811dd4bd7605ccbcdb6e5b78b259756cfdd8b4827374c070fed7ee9f,./exp7_probe_libcxx.exe,7874afeb97cb5ba7d7a5b1c5771c15ff2d40228ba92d0c52efe8dcd87431ac67,-Wall -Wextra -std=c++11 -O2 -ffp-contract=off -I src,clang 21.0.0 (clang-2100.3.34.2),libc++,arm64,libcxx,native,c3b4a0a07877c0f8e2370ff7fdae98d3f3d96c15465aadb9eae00a280391c6a6,false
exp7-manifest-1,2026-09-20T20:47:05Z,p1,tail,CANDIDATE,float,-,1.49,9003,raw/p1/p1_tail_libcxx_CANDIDATE_k1.49_s9003_float.bin,bin,10088,8,1,5,80800,afb13832aea2881b776b1462cc3785f6e25cbd0bc59eba3e2ef9cdf2241bf5d8,./exp7_probe_libcxx.exe,7874afeb97cb5ba7d7a5b1c5771c15ff2d40228ba92d0c52efe8dcd87431ac67,-Wall -Wextra -std=c++11 -O2 -ffp-contract=off -I src,clang 21.0.0 (clang-2100.3.34.2),libc++,arm64,libcxx,native,c3b4a0a07877c0f8e2370ff7fdae98d3f3d96c15465aadb9eae00a280391c6a6,false
exp7-manifest-1,2026-09-20T20:47:05Z,p1,tail,LEGACY,float,-,1.49,9004,raw/p1/p1_tail_libcxx_LEGACY_k1.49_s9004_float.bin,bin,10153,8,1,5,81320,e4aae9e0436b9877f6efbc9ddd6ab0ca3f3df994bf9298512d32b85ac0e0492a,./exp7_probe_libcxx.exe,7874afeb97cb5ba7d7a5b1c5771c15ff2d40228ba92d0c52efe8dcd87431ac67,-Wall -Wextra -std=c++11 -O2 -ffp-contract=off -I src,clang 21.0.0 (clang-2100.3.34.2),libc++,arm64,libcxx,native,c3b4a0a07877c0f8e2370ff7fdae98d3f3d96c15465aadb9eae00a280391c6a6,false
exp7-manifest-1,2026-09-20T20:47:05Z,p1,tail,CANDIDATE,float,-,1.49,9004,raw/p1/p1_tail_libcxx_CANDIDATE_k1.49_s9004_float.bin,bin,9900,8,1,5,79296,5a31148f9afcb6910aa3a05897da08bbbce38a528822225ea85f148b5d0eff42,./exp7_probe_libcxx.exe,7874afeb97cb5ba7d7a5b1c5771c15ff2d40228ba92d0c52efe8dcd87431ac67,-Wall -Wextra -std=c++11 -O2 -ffp-contract=off -I src,clang 21.0.0 (clang-2100.3.34.2),libc++,arm64,libcxx,native,c3b4a0a07877c0f8e2370ff7fdae98d3f3d96c15465aadb9eae00a280391c6a6,false
exp7-manifest-1,2026-09-20T20:47:05Z,p1,tail,LEGACY,float,-,1.49,9005,raw/p1/p1_tail_libcxx_LEGACY_k1.49_s9005_float.bin,bin,9822,8,1,5,78672,12dfb22504a6ca258be2ef38a2bff864dd83040fbd8dfcd46ebfc8a185e4ddd3,./exp7_probe_libcxx.exe,7874afeb97cb5ba7d7a5b1c5771c15ff2d40228ba92d0c52efe8dcd87431ac67,-Wall -Wextra -std=c++11 -O2 -ffp-contract=off -I src,clang 21.0.0 (clang-2100.3.34.2),libc++,arm64,libcxx,native,c3b4a0a07877c0f8e2370ff7fdae98d3f3d96c15465aadb9eae00a280391c6a6,false
exp7-manifest-1,2026-09-20T20:47:05Z,p1,tail,CANDIDATE,float,-,1.49,9005,raw/p1/p1_tail_libcxx_CANDIDATE_k1.49_s9005_float.bin,bin,9810,8,1,5,78576,69e110fcf82d97da2fee7c0e82c2fc4e3992b46a3756c4bf6dea8b3055979f10,./exp7_probe_libcxx.exe,7874afeb97cb5ba7d7a5b1c5771c15ff2d40228ba92d0c52efe8dcd87431ac67,-Wall -Wextra -std=c++11 -O2 -ffp-contract=off -I src,clang 21.0.0 (clang-2100.3.34.2),libc++,arm64,libcxx,native,c3b4a0a07877c0f8e2370ff7fdae98d3f3d96c15465aadb9eae00a280391c6a6,false
exp7-manifest-1,2026-09-20T20:47:05Z,p1,tail,LEGACY,float,-,1.5,9001,raw/p1/p1_tail_libcxx_LEGACY_k1.5_s9001_float.bin,bin,9998,8,1,5,80080,4a7b45f5cc0303575736c8e52ae8c36ba2c9c9ea344a39e2640b281e787d3b81,./exp7_probe_libcxx.exe,7874afeb97cb5ba7d7a5b1c5771c15ff2d40228ba92d0c52efe8dcd87431ac67,-Wall -Wextra -std=c++11 -O2 -ffp-contract=off -I src,clang 21.0.0 (clang-2100.3.34.2),libc++,arm64,libcxx,native,c3b4a0a07877c0f8e2370ff7fdae98d3f3d96c15465aadb9eae00a280391c6a6,false
exp7-manifest-1,2026-09-20T20:47:05Z,p1,tail,CANDIDATE,float,-,1.5,9001,raw/p1/p1_tail_libcxx_CANDIDATE_k1.5_s9001_float.bin,bin,9984,8,1,5,79968,1da4992031c0be95e4f866827a6bc374474f40087f13e58248e5bf1a58368308,./exp7_probe_libcxx.exe,7874afeb97cb5ba7d7a5b1c5771c15ff2d40228ba92d0c52efe8dcd87431ac67,-Wall -Wextra -std=c++11 -O2 -ffp-contract=off -I src,clang 21.0.0 (clang-2100.3.34.2),libc++,arm64,libcxx,native,c3b4a0a07877c0f8e2370ff7fdae98d3f3d96c15465aadb9eae00a280391c6a6,false
exp7-manifest-1,2026-09-20T20:47:05Z,p1,tail,LEGACY,float,-,1.5,9002,raw/p1/p1_tail_libcxx_LEGACY_k1.5_s9002_float.bin,bin,9957,8,1,5,79752,f70d5ec2007c56d266be7841c0dfcec4c3beb9e36870d5b735b6bffdcad97b8b,./exp7_probe_libcxx.exe,7874afeb97cb5ba7d7a5b1c5771c15ff2d40228ba92d0c52efe8dcd87431ac67,-Wall -Wextra -std=c++11 -O2 -ffp-contract=off -I src,clang 21.0.0 (clang-2100.3.34.2),libc++,arm64,libcxx,native,c3b4a0a07877c0f8e2370ff7fdae98d3f3d96c15465aadb9eae00a280391c6a6,false
exp7-manifest-1,2026-09-20T20:47:05Z,p1,tail,CANDIDATE,float,-,1.5,9002,raw/p1/p1_tail_libcxx_CANDIDATE_k1.5_s9002_float.bin,bin,9979,8,1,5,79928,13fe3588304afa7442cea94fa1ad4aa145a24875fa4969f2a46bf11c40695a64,./exp7_probe_libcxx.exe,7874afeb97cb5ba7d7a5b1c5771c15ff2d40228ba92d0c52efe8dcd87431ac67,-Wall -Wextra -std=c++11 -O2 -ffp-contract=off -I src,clang 21.0.0 (clang-2100.3.34.2),libc++,arm64,libcxx,native,c3b4a0a07877c0f8e2370ff7fdae98d3f3d96c15465aadb9eae00a280391c6a6,false
exp7-manifest-1,2026-09-20T20:47:05Z,p1,tail,LEGACY,float,-,1.5,9003,raw/p1/p1_tail_libcxx_LEGACY_k1.5_s9003_float.bin,bin,10114,8,1,5,81008,582d9c335d77d229f0e2ae9a49c11a20a86ae7cd5dbc198544ae2f4093497807,./exp7_probe_libcxx.exe,7874afeb97cb5ba7d7a5b1c5771c15ff2d40228ba92d0c52efe8dcd87431ac67,-Wall -Wextra -std=c++11 -O2 -ffp-contract=off -I src,clang 21.0.0 (clang-2100.3.34.2),libc++,arm64,libcxx,native,c3b4a0a07877c0f8e2370ff7fdae98d3f3d96c15465aadb9eae00a280391c6a6,false
exp7-manifest-1,2026-09-20T20:47:05Z,p1,tail,CANDIDATE,float,-,1.5,9003,raw/p1/p1_tail_libcxx_CANDIDATE_k1.5_s9003_float.bin,bin,10051,8,1,5,80504,9f514d19e29bfa583f8c07233d436b318b662ec854f1c021325580def418514f,./exp7_probe_libcxx.exe,7874afeb97cb5ba7d7a5b1c5771c15ff2d40228ba92d0c52efe8dcd87431ac67,-Wall -Wextra -std=c++11 -O2 -ffp-contract=off -I src,clang 21.0.0 (clang-2100.3.34.2),libc++,arm64,libcxx,native,c3b4a0a07877c0f8e2370ff7fdae98d3f3d96c15465aadb9eae00a280391c6a6,false
exp7-manifest-1,2026-09-20T20:47:05Z,p1,tail,LEGACY,float,-,1.5,9004,raw/p1/p1_tail_libcxx_LEGACY_k1.5_s9004_float.bin,bin,9999,8,1,5,80088,47c712539843413e32b521253666f88d242800ff54db30703ea407d25e86a285,./exp7_probe_libcxx.exe,7874afeb97cb5ba7d7a5b1c5771c15ff2d40228ba92d0c52efe8dcd87431ac67,-Wall -Wextra -std=c++11 -O2 -ffp-contract=off -I src,clang 21.0.0 (clang-2100.3.34.2),libc++,arm64,libcxx,native,c3b4a0a07877c0f8e2370ff7fdae98d3f3d96c15465aadb9eae00a280391c6a6,false
exp7-manifest-1,2026-09-20T20:47:05Z,p1,tail,CANDIDATE,float,-,1.5,9004,raw/p1/p1_tail_libcxx_CANDIDATE_k1.5_s9004_float.bin,bin,10108,8,1,5,80960,81435e78f69914b280610b1061465e9e7a6256a262969644aa293d5da0cbaaff,./exp7_probe_libcxx.exe,7874afeb97cb5ba7d7a5b1c5771c15ff2d40228ba92d0c52efe8dcd87431ac67,-Wall -Wextra -std=c++11 -O2 -ffp-contract=off -I src,clang 21.0.0 (clang-2100.3.34.2),libc++,arm64,libcxx,native,c3b4a0a07877c0f8e2370ff7fdae98d3f3d96c15465aadb9eae00a280391c6a6,false
exp7-manifest-1,2026-09-20T20:47:05Z,p1,tail,LEGACY,float,-,1.5,9005,raw/p1/p1_tail_libcxx_LEGACY_k1.5_s9005_float.bin,bin,10098,8,1,5,80880,537dc427570912fd75075fc6a53c2cf5aad675ff3b224dbab9c6977298d4d34b,./exp7_probe_libcxx.exe,7874afeb97cb5ba7d7a5b1c5771c15ff2d40228ba92d0c52efe8dcd87431ac67,-Wall -Wextra -std=c++11 -O2 -ffp-contract=off -I src,clang 21.0.0 (clang-2100.3.34.2),libc++,arm64,libcxx,native,c3b4a0a07877c0f8e2370ff7fdae98d3f3d96c15465aadb9eae00a280391c6a6,false
exp7-manifest-1,2026-09-20T20:47:05Z,p1,tail,CANDIDATE,float,-,1.5,9005,raw/p1/p1_tail_libcxx_CANDIDATE_k1.5_s9005_float.bin,bin,10095,8,1,5,80856,10b3c23ede69c21e8a95e2d5164722316ebcbd87fa94f044a6b1857bf8d44e73,./exp7_probe_libcxx.exe,7874afeb97cb5ba7d7a5b1c5771c15ff2d40228ba92d0c52efe8dcd87431ac67,-Wall -Wextra -std=c++11 -O2 -ffp-contract=off -I src,clang 21.0.0 (clang-2100.3.34.2),libc++,arm64,libcxx,native,c3b4a0a07877c0f8e2370ff7fdae98d3f3d96c15465aadb9eae00a280391c6a6,false
exp7-manifest-1,2026-09-20T20:47:05Z,p1,tail,LEGACY,float,-,2,9001,raw/p1/p1_tail_libcxx_LEGACY_k2_s9001_float.bin,bin,9947,8,1,5,79672,16e97bbe85ea668c98f9b5a07d56c28865ad5f5b94a0e8db6de243a234ba1c51,./exp7_probe_libcxx.exe,7874afeb97cb5ba7d7a5b1c5771c15ff2d40228ba92d0c52efe8dcd87431ac67,-Wall -Wextra -std=c++11 -O2 -ffp-contract=off -I src,clang 21.0.0 (clang-2100.3.34.2),libc++,arm64,libcxx,native,c3b4a0a07877c0f8e2370ff7fdae98d3f3d96c15465aadb9eae00a280391c6a6,false
exp7-manifest-1,2026-09-20T20:47:05Z,p1,tail,CANDIDATE,float,-,2,9001,raw/p1/p1_tail_libcxx_CANDIDATE_k2_s9001_float.bin,bin,9852,8,1,5,78912,ea74ac1cf459ac8930dd5feb7c6b739f29f735021e7f2d622b07126bc0709850,./exp7_probe_libcxx.exe,7874afeb97cb5ba7d7a5b1c5771c15ff2d40228ba92d0c52efe8dcd87431ac67,-Wall -Wextra -std=c++11 -O2 -ffp-contract=off -I src,clang 21.0.0 (clang-2100.3.34.2),libc++,arm64,libcxx,native,c3b4a0a07877c0f8e2370ff7fdae98d3f3d96c15465aadb9eae00a280391c6a6,false
exp7-manifest-1,2026-09-20T20:47:05Z,p1,tail,LEGACY,float,-,2,9002,raw/p1/p1_tail_libcxx_LEGACY_k2_s9002_float.bin,bin,10113,8,1,5,81000,de9a38a9bf1882288b0d1d4abe662e7d896fe4698a0146e185eada4a48841ebd,./exp7_probe_libcxx.exe,7874afeb97cb5ba7d7a5b1c5771c15ff2d40228ba92d0c52efe8dcd87431ac67,-Wall -Wextra -std=c++11 -O2 -ffp-contract=off -I src,clang 21.0.0 (clang-2100.3.34.2),libc++,arm64,libcxx,native,c3b4a0a07877c0f8e2370ff7fdae98d3f3d96c15465aadb9eae00a280391c6a6,false
exp7-manifest-1,2026-09-20T20:47:05Z,p1,tail,CANDIDATE,float,-,2,9002,raw/p1/p1_tail_libcxx_CANDIDATE_k2_s9002_float.bin,bin,10048,8,1,5,80480,7888f49cf87e95c51dadce33d2a9d2fea514cab085a51106ec6e4fefebfc9f89,./exp7_probe_libcxx.exe,7874afeb97cb5ba7d7a5b1c5771c15ff2d40228ba92d0c52efe8dcd87431ac67,-Wall -Wextra -std=c++11 -O2 -ffp-contract=off -I src,clang 21.0.0 (clang-2100.3.34.2),libc++,arm64,libcxx,native,c3b4a0a07877c0f8e2370ff7fdae98d3f3d96c15465aadb9eae00a280391c6a6,false
exp7-manifest-1,2026-09-20T20:47:05Z,p1,tail,LEGACY,float,-,2,9003,raw/p1/p1_tail_libcxx_LEGACY_k2_s9003_float.bin,bin,10040,8,1,5,80416,1e40349ef25640b672c6c35c1a2414a8ae0351086f4cf86470c3ff58b13a8726,./exp7_probe_libcxx.exe,7874afeb97cb5ba7d7a5b1c5771c15ff2d40228ba92d0c52efe8dcd87431ac67,-Wall -Wextra -std=c++11 -O2 -ffp-contract=off -I src,clang 21.0.0 (clang-2100.3.34.2),libc++,arm64,libcxx,native,c3b4a0a07877c0f8e2370ff7fdae98d3f3d96c15465aadb9eae00a280391c6a6,false
exp7-manifest-1,2026-09-20T20:47:05Z,p1,tail,CANDIDATE,float,-,2,9003,raw/p1/p1_tail_libcxx_CANDIDATE_k2_s9003_float.bin,bin,10161,8,1,5,81384,210bccec0020a2fc74d0ff0973cbf5443c60e4b49b23e18bb455c7f8d841ac75,./exp7_probe_libcxx.exe,7874afeb97cb5ba7d7a5b1c5771c15ff2d40228ba92d0c52efe8dcd87431ac67,-Wall -Wextra -std=c++11 -O2 -ffp-contract=off -I src,clang 21.0.0 (clang-2100.3.34.2),libc++,arm64,libcxx,native,c3b4a0a07877c0f8e2370ff7fdae98d3f3d96c15465aadb9eae00a280391c6a6,false
exp7-manifest-1,2026-09-20T20:47:05Z,p1,tail,LEGACY,float,-,2,9004,raw/p1/p1_tail_libcxx_LEGACY_k2_s9004_float.bin,bin,9955,8,1,5,79736,a6d3f3c29e6ba98bfe03c0a3082d02c106368d41f7fdbe770f027a138af36027,./exp7_probe_libcxx.exe,7874afeb97cb5ba7d7a5b1c5771c15ff2d40228ba92d0c52efe8dcd87431ac67,-Wall -Wextra -std=c++11 -O2 -ffp-contract=off -I src,clang 21.0.0 (clang-2100.3.34.2),libc++,arm64,libcxx,native,c3b4a0a07877c0f8e2370ff7fdae98d3f3d96c15465aadb9eae00a280391c6a6,false
exp7-manifest-1,2026-09-20T20:47:05Z,p1,tail,CANDIDATE,float,-,2,9004,raw/p1/p1_tail_libcxx_CANDIDATE_k2_s9004_float.bin,bin,9978,8,1,5,79920,e5e648459887c684a429e019d1f02451c8f581f9bed72c271898f048a59ea90a,./exp7_probe_libcxx.exe,7874afeb97cb5ba7d7a5b1c5771c15ff2d40228ba92d0c52efe8dcd87431ac67,-Wall -Wextra -std=c++11 -O2 -ffp-contract=off -I src,clang 21.0.0 (clang-2100.3.34.2),libc++,arm64,libcxx,native,c3b4a0a07877c0f8e2370ff7fdae98d3f3d96c15465aadb9eae00a280391c6a6,false
exp7-manifest-1,2026-09-20T20:47:05Z,p1,tail,LEGACY,float,-,2,9005,raw/p1/p1_tail_libcxx_LEGACY_k2_s9005_float.bin,bin,9993,8,1,5,80040,a169ec75034cb36bfaebbd6e348332a0304cb0bb9ccb8ac84422b2bc8dd6a8dd,./exp7_probe_libcxx.exe,7874afeb97cb5ba7d7a5b1c5771c15ff2d40228ba92d0c52efe8dcd87431ac67,-Wall -Wextra -std=c++11 -O2 -ffp-contract=off -I src,clang 21.0.0 (clang-2100.3.34.2),libc++,arm64,libcxx,native,c3b4a0a07877c0f8e2370ff7fdae98d3f3d96c15465aadb9eae00a280391c6a6,false
exp7-manifest-1,2026-09-20T20:47:05Z,p1,tail,CANDIDATE,float,-,2,9005,raw/p1/p1_tail_libcxx_CANDIDATE_k2_s9005_float.bin,bin,9838,8,1,5,78800,60d9c27b17b48faac1f1c70b7f7d2d12d88bf67ad79a071627f501b6f021d714,./exp7_probe_libcxx.exe,7874afeb97cb5ba7d7a5b1c5771c15ff2d40228ba92d0c52efe8dcd87431ac67,-Wall -Wextra -std=c++11 -O2 -ffp-contract=off -I src,clang 21.0.0 (clang-2100.3.34.2),libc++,arm64,libcxx,native,c3b4a0a07877c0f8e2370ff7fdae98d3f3d96c15465aadb9eae00a280391c6a6,false
exp7-manifest-1,2026-09-20T20:47:05Z,p1,tail,LEGACY,float,-,5,9001,raw/p1/p1_tail_libcxx_LEGACY_k5_s9001_float.bin,bin,10010,8,1,5,80176,9b664a5ebbe8b726bb555d87ff45e4951914c0adc424459f7df59bd00024e8f6,./exp7_probe_libcxx.exe,7874afeb97cb5ba7d7a5b1c5771c15ff2d40228ba92d0c52efe8dcd87431ac67,-Wall -Wextra -std=c++11 -O2 -ffp-contract=off -I src,clang 21.0.0 (clang-2100.3.34.2),libc++,arm64,libcxx,native,c3b4a0a07877c0f8e2370ff7fdae98d3f3d96c15465aadb9eae00a280391c6a6,false
exp7-manifest-1,2026-09-20T20:47:05Z,p1,tail,CANDIDATE,float,-,5,9001,raw/p1/p1_tail_libcxx_CANDIDATE_k5_s9001_float.bin,bin,10049,8,1,5,80488,6847a6b58a88dddc259905998d7088bba734794ffc39cda57cfadebde9f276ab,./exp7_probe_libcxx.exe,7874afeb97cb5ba7d7a5b1c5771c15ff2d40228ba92d0c52efe8dcd87431ac67,-Wall -Wextra -std=c++11 -O2 -ffp-contract=off -I src,clang 21.0.0 (clang-2100.3.34.2),libc++,arm64,libcxx,native,c3b4a0a07877c0f8e2370ff7fdae98d3f3d96c15465aadb9eae00a280391c6a6,false
exp7-manifest-1,2026-09-20T20:47:05Z,p1,tail,LEGACY,float,-,5,9002,raw/p1/p1_tail_libcxx_LEGACY_k5_s9002_float.bin,bin,10061,8,1,5,80584,1c0be24181ae403300762ee101bbebfa5dac479f7cb8489085692b423197d18d,./exp7_probe_libcxx.exe,7874afeb97cb5ba7d7a5b1c5771c15ff2d40228ba92d0c52efe8dcd87431ac67,-Wall -Wextra -std=c++11 -O2 -ffp-contract=off -I src,clang 21.0.0 (clang-2100.3.34.2),libc++,arm64,libcxx,native,c3b4a0a07877c0f8e2370ff7fdae98d3f3d96c15465aadb9eae00a280391c6a6,false
exp7-manifest-1,2026-09-20T20:47:05Z,p1,tail,CANDIDATE,float,-,5,9002,raw/p1/p1_tail_libcxx_CANDIDATE_k5_s9002_float.bin,bin,10165,8,1,5,81416,5441d0acb122e17d7caf575cc35655df1c997335bb9114ca715c614c7b27e3b4,./exp7_probe_libcxx.exe,7874afeb97cb5ba7d7a5b1c5771c15ff2d40228ba92d0c52efe8dcd87431ac67,-Wall -Wextra -std=c++11 -O2 -ffp-contract=off -I src,clang 21.0.0 (clang-2100.3.34.2),libc++,arm64,libcxx,native,c3b4a0a07877c0f8e2370ff7fdae98d3f3d96c15465aadb9eae00a280391c6a6,false
exp7-manifest-1,2026-09-20T20:47:05Z,p1,tail,LEGACY,float,-,5,9003,raw/p1/p1_tail_libcxx_LEGACY_k5_s9003_float.bin,bin,10030,8,1,5,80336,d0487eb9651d1987afbf3530f4297d69272e3b77c8e3c887d5d5ce2e0cffa0a4,./exp7_probe_libcxx.exe,7874afeb97cb5ba7d7a5b1c5771c15ff2d40228ba92d0c52efe8dcd87431ac67,-Wall -Wextra -std=c++11 -O2 -ffp-contract=off -I src,clang 21.0.0 (clang-2100.3.34.2),libc++,arm64,libcxx,native,c3b4a0a07877c0f8e2370ff7fdae98d3f3d96c15465aadb9eae00a280391c6a6,false
exp7-manifest-1,2026-09-20T20:47:05Z,p1,tail,CANDIDATE,float,-,5,9003,raw/p1/p1_tail_libcxx_CANDIDATE_k5_s9003_float.bin,bin,9981,8,1,5,79944,574ae4e85e3679f0f51915f210dc17d864292d001364c508b179bd98c02e7648,./exp7_probe_libcxx.exe,7874afeb97cb5ba7d7a5b1c5771c15ff2d40228ba92d0c52efe8dcd87431ac67,-Wall -Wextra -std=c++11 -O2 -ffp-contract=off -I src,clang 21.0.0 (clang-2100.3.34.2),libc++,arm64,libcxx,native,c3b4a0a07877c0f8e2370ff7fdae98d3f3d96c15465aadb9eae00a280391c6a6,false
exp7-manifest-1,2026-09-20T20:47:05Z,p1,tail,LEGACY,float,-,5,9004,raw/p1/p1_tail_libcxx_LEGACY_k5_s9004_float.bin,bin,10054,8,1,5,80528,2d08a7096d911a10ef2a5f774aca5587b7b2036aec77b30d5af9555d0c146175,./exp7_probe_libcxx.exe,7874afeb97cb5ba7d7a5b1c5771c15ff2d40228ba92d0c52efe8dcd87431ac67,-Wall -Wextra -std=c++11 -O2 -ffp-contract=off -I src,clang 21.0.0 (clang-2100.3.34.2),libc++,arm64,libcxx,native,c3b4a0a07877c0f8e2370ff7fdae98d3f3d96c15465aadb9eae00a280391c6a6,false
exp7-manifest-1,2026-09-20T20:47:05Z,p1,tail,CANDIDATE,float,-,5,9004,raw/p1/p1_tail_libcxx_CANDIDATE_k5_s9004_float.bin,bin,9801,8,1,5,78504,9cc63c79625d65e785447855c6eb99762ed0e263e420d16eaeb1654b1f6863ab,./exp7_probe_libcxx.exe,7874afeb97cb5ba7d7a5b1c5771c15ff2d40228ba92d0c52efe8dcd87431ac67,-Wall -Wextra -std=c++11 -O2 -ffp-contract=off -I src,clang 21.0.0 (clang-2100.3.34.2),libc++,arm64,libcxx,native,c3b4a0a07877c0f8e2370ff7fdae98d3f3d96c15465aadb9eae00a280391c6a6,false
exp7-manifest-1,2026-09-20T20:47:05Z,p1,tail,LEGACY,float,-,5,9005,raw/p1/p1_tail_libcxx_LEGACY_k5_s9005_float.bin,bin,9779,8,1,5,78328,686c98c31b6991253daf4b2a6d987740c4cb3802b70cbd6ffabf43f55a34a00e,./exp7_probe_libcxx.exe,7874afeb97cb5ba7d7a5b1c5771c15ff2d40228ba92d0c52efe8dcd87431ac67,-Wall -Wextra -std=c++11 -O2 -ffp-contract=off -I src,clang 21.0.0 (clang-2100.3.34.2),libc++,arm64,libcxx,native,c3b4a0a07877c0f8e2370ff7fdae98d3f3d96c15465aadb9eae00a280391c6a6,false
exp7-manifest-1,2026-09-20T20:47:05Z,p1,tail,CANDIDATE,float,-,5,9005,raw/p1/p1_tail_libcxx_CANDIDATE_k5_s9005_float.bin,bin,10147,8,1,5,81272,052f46cde6f59523e57c16c49d52ea2f308e6da06530356ac70620b30887f0ef,./exp7_probe_libcxx.exe,7874afeb97cb5ba7d7a5b1c5771c15ff2d40228ba92d0c52efe8dcd87431ac67,-Wall -Wextra -std=c++11 -O2 -ffp-contract=off -I src,clang 21.0.0 (clang-2100.3.34.2),libc++,arm64,libcxx,native,c3b4a0a07877c0f8e2370ff7fdae98d3f3d96c15465aadb9eae00a280391c6a6,false
exp7-manifest-1,2026-09-20T20:47:05Z,p1,summary,all,all,all,nan,-1,raw/p1/p1_libcxx.jsonl,jsonl,520,-1,-1,-1,1824678,9b228140bafa0cb5af44de205b11482a7e1a47c5228d622e2855badb362cfc44,./exp7_probe_libcxx.exe,7874afeb97cb5ba7d7a5b1c5771c15ff2d40228ba92d0c52efe8dcd87431ac67,-Wall -Wextra -std=c++11 -O2 -ffp-contract=off -I src,clang 21.0.0 (clang-2100.3.34.2),libc++,arm64,libcxx,native,c3b4a0a07877c0f8e2370ff7fdae98d3f3d96c15465aadb9eae00a280391c6a6,false
exp7-manifest-1,2026-09-20T20:48:41Z,p1,tail,LEGACY,double,-,0.50009999999999999,9001,raw/p1/p1_tail_libstdcxx_LEGACY_k0.5001_s9001_double.bin,bin,0,8,1,5,96,e1ea36ce7bf9f8f95ac605e5ee1be057c09489685858da0d2773fad5637ee93b,./exp7_probe_libstdcxx.exe,c999a548375281e6afa30d545d4d1acaaba8a77de5a571b76493780e81c2fc01,-Wall -Wextra -std=c++11 -O2 -ffp-contract=off -I src,gcc 15.2.0,libstdc++,arm64,libstdcxx,native,c3b4a0a07877c0f8e2370ff7fdae98d3f3d96c15465aadb9eae00a280391c6a6,false
exp7-manifest-1,2026-09-20T20:48:41Z,p1,tail,CANDIDATE,double,-,0.50009999999999999,9001,raw/p1/p1_tail_libstdcxx_CANDIDATE_k0.5001_s9001_double.bin,bin,9991,8,1,5,80024,171425703a764f9a6ea2b0b79d0c0d18a2e88b62523565c002c5cf301c06d218,./exp7_probe_libstdcxx.exe,c999a548375281e6afa30d545d4d1acaaba8a77de5a571b76493780e81c2fc01,-Wall -Wextra -std=c++11 -O2 -ffp-contract=off -I src,gcc 15.2.0,libstdc++,arm64,libstdcxx,native,c3b4a0a07877c0f8e2370ff7fdae98d3f3d96c15465aadb9eae00a280391c6a6,false
exp7-manifest-1,2026-09-20T20:48:41Z,p1,tail,LEGACY,double,-,0.50009999999999999,9002,raw/p1/p1_tail_libstdcxx_LEGACY_k0.5001_s9002_double.bin,bin,0,8,1,5,96,98537698e14921812ba696617d318b76bcaab0ecbfc7439eb3a71083417e7eb1,./exp7_probe_libstdcxx.exe,c999a548375281e6afa30d545d4d1acaaba8a77de5a571b76493780e81c2fc01,-Wall -Wextra -std=c++11 -O2 -ffp-contract=off -I src,gcc 15.2.0,libstdc++,arm64,libstdcxx,native,c3b4a0a07877c0f8e2370ff7fdae98d3f3d96c15465aadb9eae00a280391c6a6,false
exp7-manifest-1,2026-09-20T20:48:41Z,p1,tail,CANDIDATE,double,-,0.50009999999999999,9002,raw/p1/p1_tail_libstdcxx_CANDIDATE_k0.5001_s9002_double.bin,bin,9824,8,1,5,78688,6c2c189602571982aa38f43122243f41451c8298b6ebc647a1b7760e70b18223,./exp7_probe_libstdcxx.exe,c999a548375281e6afa30d545d4d1acaaba8a77de5a571b76493780e81c2fc01,-Wall -Wextra -std=c++11 -O2 -ffp-contract=off -I src,gcc 15.2.0,libstdc++,arm64,libstdcxx,native,c3b4a0a07877c0f8e2370ff7fdae98d3f3d96c15465aadb9eae00a280391c6a6,false
exp7-manifest-1,2026-09-20T20:48:41Z,p1,tail,LEGACY,double,-,0.50009999999999999,9003,raw/p1/p1_tail_libstdcxx_LEGACY_k0.5001_s9003_double.bin,bin,0,8,1,5,96,370fda26d679eb8ed86679e29284775438f59911e4e262bbd39ae47ab1a13b76,./exp7_probe_libstdcxx.exe,c999a548375281e6afa30d545d4d1acaaba8a77de5a571b76493780e81c2fc01,-Wall -Wextra -std=c++11 -O2 -ffp-contract=off -I src,gcc 15.2.0,libstdc++,arm64,libstdcxx,native,c3b4a0a07877c0f8e2370ff7fdae98d3f3d96c15465aadb9eae00a280391c6a6,false
exp7-manifest-1,2026-09-20T20:48:41Z,p1,tail,CANDIDATE,double,-,0.50009999999999999,9003,raw/p1/p1_tail_libstdcxx_CANDIDATE_k0.5001_s9003_double.bin,bin,10215,8,1,5,81816,8d768211d7ae81f9348c315bb18ae7b7fabb7395bcd8a4005c1887e27c7004e1,./exp7_probe_libstdcxx.exe,c999a548375281e6afa30d545d4d1acaaba8a77de5a571b76493780e81c2fc01,-Wall -Wextra -std=c++11 -O2 -ffp-contract=off -I src,gcc 15.2.0,libstdc++,arm64,libstdcxx,native,c3b4a0a07877c0f8e2370ff7fdae98d3f3d96c15465aadb9eae00a280391c6a6,false
exp7-manifest-1,2026-09-20T20:48:41Z,p1,tail,LEGACY,double,-,0.50009999999999999,9004,raw/p1/p1_tail_libstdcxx_LEGACY_k0.5001_s9004_double.bin,bin,0,8,1,5,96,6fa9cd536ff262899c696f5ac9b1c980569db7ba3897fbf474ba28b6876dbb21,./exp7_probe_libstdcxx.exe,c999a548375281e6afa30d545d4d1acaaba8a77de5a571b76493780e81c2fc01,-Wall -Wextra -std=c++11 -O2 -ffp-contract=off -I src,gcc 15.2.0,libstdc++,arm64,libstdcxx,native,c3b4a0a07877c0f8e2370ff7fdae98d3f3d96c15465aadb9eae00a280391c6a6,false
exp7-manifest-1,2026-09-20T20:48:41Z,p1,tail,CANDIDATE,double,-,0.50009999999999999,9004,raw/p1/p1_tail_libstdcxx_CANDIDATE_k0.5001_s9004_double.bin,bin,9907,8,1,5,79352,584e9f63b6e5d3cb62dadbbe710b3e3ececc054e7c56b5459c7760285e2bae9d,./exp7_probe_libstdcxx.exe,c999a548375281e6afa30d545d4d1acaaba8a77de5a571b76493780e81c2fc01,-Wall -Wextra -std=c++11 -O2 -ffp-contract=off -I src,gcc 15.2.0,libstdc++,arm64,libstdcxx,native,c3b4a0a07877c0f8e2370ff7fdae98d3f3d96c15465aadb9eae00a280391c6a6,false
exp7-manifest-1,2026-09-20T20:48:41Z,p1,tail,LEGACY,double,-,0.50009999999999999,9005,raw/p1/p1_tail_libstdcxx_LEGACY_k0.5001_s9005_double.bin,bin,0,8,1,5,96,63996ae9f81009374ad41a1aa730a60a91b814b24582e203766a7712a5c5fa5a,./exp7_probe_libstdcxx.exe,c999a548375281e6afa30d545d4d1acaaba8a77de5a571b76493780e81c2fc01,-Wall -Wextra -std=c++11 -O2 -ffp-contract=off -I src,gcc 15.2.0,libstdc++,arm64,libstdcxx,native,c3b4a0a07877c0f8e2370ff7fdae98d3f3d96c15465aadb9eae00a280391c6a6,false
exp7-manifest-1,2026-09-20T20:48:41Z,p1,tail,CANDIDATE,double,-,0.50009999999999999,9005,raw/p1/p1_tail_libstdcxx_CANDIDATE_k0.5001_s9005_double.bin,bin,9968,8,1,5,79840,3dd4674a950fafb144442e637f65beb673a400bbf1202a3b2ed58eb5e760f8df,./exp7_probe_libstdcxx.exe,c999a548375281e6afa30d545d4d1acaaba8a77de5a571b76493780e81c2fc01,-Wall -Wextra -std=c++11 -O2 -ffp-contract=off -I src,gcc 15.2.0,libstdc++,arm64,libstdcxx,native,c3b4a0a07877c0f8e2370ff7fdae98d3f3d96c15465aadb9eae00a280391c6a6,false
exp7-manifest-1,2026-09-20T20:48:41Z,p1,tail,LEGACY,double,-,0.501,9001,raw/p1/p1_tail_libstdcxx_LEGACY_k0.501_s9001_double.bin,bin,0,8,1,5,96,fc2cb5d289c677445386d68b949847e84bfce8f35ef845f53386476a1e2667b3,./exp7_probe_libstdcxx.exe,c999a548375281e6afa30d545d4d1acaaba8a77de5a571b76493780e81c2fc01,-Wall -Wextra -std=c++11 -O2 -ffp-contract=off -I src,gcc 15.2.0,libstdc++,arm64,libstdcxx,native,c3b4a0a07877c0f8e2370ff7fdae98d3f3d96c15465aadb9eae00a280391c6a6,false
exp7-manifest-1,2026-09-20T20:48:41Z,p1,tail,CANDIDATE,double,-,0.501,9001,raw/p1/p1_tail_libstdcxx_CANDIDATE_k0.501_s9001_double.bin,bin,10103,8,1,5,80920,cdfa0b41b9611707b21bd6260144bfda86f5a6b2d6a32efb2f9c77163a31009c,./exp7_probe_libstdcxx.exe,c999a548375281e6afa30d545d4d1acaaba8a77de5a571b76493780e81c2fc01,-Wall -Wextra -std=c++11 -O2 -ffp-contract=off -I src,gcc 15.2.0,libstdc++,arm64,libstdcxx,native,c3b4a0a07877c0f8e2370ff7fdae98d3f3d96c15465aadb9eae00a280391c6a6,false
exp7-manifest-1,2026-09-20T20:48:41Z,p1,tail,LEGACY,double,-,0.501,9002,raw/p1/p1_tail_libstdcxx_LEGACY_k0.501_s9002_double.bin,bin,0,8,1,5,96,206563cab9578715be75182591fb89d01df2f02e9d228e24a0156c1f54f2d758,./exp7_probe_libstdcxx.exe,c999a548375281e6afa30d545d4d1acaaba8a77de5a571b76493780e81c2fc01,-Wall -Wextra -std=c++11 -O2 -ffp-contract=off -I src,gcc 15.2.0,libstdc++,arm64,libstdcxx,native,c3b4a0a07877c0f8e2370ff7fdae98d3f3d96c15465aadb9eae00a280391c6a6,false
exp7-manifest-1,2026-09-20T20:48:41Z,p1,tail,CANDIDATE,double,-,0.501,9002,raw/p1/p1_tail_libstdcxx_CANDIDATE_k0.501_s9002_double.bin,bin,10051,8,1,5,80504,ab6db89f9915b1cdbfa9a236212b12b8012f0870dfedb0d9ea88c0defde64c9c,./exp7_probe_libstdcxx.exe,c999a548375281e6afa30d545d4d1acaaba8a77de5a571b76493780e81c2fc01,-Wall -Wextra -std=c++11 -O2 -ffp-contract=off -I src,gcc 15.2.0,libstdc++,arm64,libstdcxx,native,c3b4a0a07877c0f8e2370ff7fdae98d3f3d96c15465aadb9eae00a280391c6a6,false
exp7-manifest-1,2026-09-20T20:48:41Z,p1,tail,LEGACY,double,-,0.501,9003,raw/p1/p1_tail_libstdcxx_LEGACY_k0.501_s9003_double.bin,bin,0,8,1,5,96,ba69f6bf22d430055a53cc300ded021cb6592238763d1061e99b7b7530c45cb1,./exp7_probe_libstdcxx.exe,c999a548375281e6afa30d545d4d1acaaba8a77de5a571b76493780e81c2fc01,-Wall -Wextra -std=c++11 -O2 -ffp-contract=off -I src,gcc 15.2.0,libstdc++,arm64,libstdcxx,native,c3b4a0a07877c0f8e2370ff7fdae98d3f3d96c15465aadb9eae00a280391c6a6,false
exp7-manifest-1,2026-09-20T20:48:41Z,p1,tail,CANDIDATE,double,-,0.501,9003,raw/p1/p1_tail_libstdcxx_CANDIDATE_k0.501_s9003_double.bin,bin,9973,8,1,5,79880,fde2726aa84df0428f193139ab2750fbb45c79a80a74a4d452d66493f55f4295,./exp7_probe_libstdcxx.exe,c999a548375281e6afa30d545d4d1acaaba8a77de5a571b76493780e81c2fc01,-Wall -Wextra -std=c++11 -O2 -ffp-contract=off -I src,gcc 15.2.0,libstdc++,arm64,libstdcxx,native,c3b4a0a07877c0f8e2370ff7fdae98d3f3d96c15465aadb9eae00a280391c6a6,false
exp7-manifest-1,2026-09-20T20:48:41Z,p1,tail,LEGACY,double,-,0.501,9004,raw/p1/p1_tail_libstdcxx_LEGACY_k0.501_s9004_double.bin,bin,0,8,1,5,96,42545ab07af16eba94e5ae9a06e9649a45b69b6105d85ef5c7daf9f6276548ca,./exp7_probe_libstdcxx.exe,c999a548375281e6afa30d545d4d1acaaba8a77de5a571b76493780e81c2fc01,-Wall -Wextra -std=c++11 -O2 -ffp-contract=off -I src,gcc 15.2.0,libstdc++,arm64,libstdcxx,native,c3b4a0a07877c0f8e2370ff7fdae98d3f3d96c15465aadb9eae00a280391c6a6,false
exp7-manifest-1,2026-09-20T20:48:41Z,p1,tail,CANDIDATE,double,-,0.501,9004,raw/p1/p1_tail_libstdcxx_CANDIDATE_k0.501_s9004_double.bin,bin,10023,8,1,5,80280,74d61ba78637797c9a65dc13789ff498f2f315c701ff25b1b2e9de4302c00c68,./exp7_probe_libstdcxx.exe,c999a548375281e6afa30d545d4d1acaaba8a77de5a571b76493780e81c2fc01,-Wall -Wextra -std=c++11 -O2 -ffp-contract=off -I src,gcc 15.2.0,libstdc++,arm64,libstdcxx,native,c3b4a0a07877c0f8e2370ff7fdae98d3f3d96c15465aadb9eae00a280391c6a6,false
exp7-manifest-1,2026-09-20T20:48:41Z,p1,tail,LEGACY,double,-,0.501,9005,raw/p1/p1_tail_libstdcxx_LEGACY_k0.501_s9005_double.bin,bin,0,8,1,5,96,3dbc3c0b750384f91a11ccc48b1ca8f37339b1a2c1541f783a5ef4470b43c1b1,./exp7_probe_libstdcxx.exe,c999a548375281e6afa30d545d4d1acaaba8a77de5a571b76493780e81c2fc01,-Wall -Wextra -std=c++11 -O2 -ffp-contract=off -I src,gcc 15.2.0,libstdc++,arm64,libstdcxx,native,c3b4a0a07877c0f8e2370ff7fdae98d3f3d96c15465aadb9eae00a280391c6a6,false
exp7-manifest-1,2026-09-20T20:48:41Z,p1,tail,CANDIDATE,double,-,0.501,9005,raw/p1/p1_tail_libstdcxx_CANDIDATE_k0.501_s9005_double.bin,bin,10115,8,1,5,81016,66ef7482d7f2b1dfd93ae109548194994f354d3a9f16656ec7a42e14b75dbe81,./exp7_probe_libstdcxx.exe,c999a548375281e6afa30d545d4d1acaaba8a77de5a571b76493780e81c2fc01,-Wall -Wextra -std=c++11 -O2 -ffp-contract=off -I src,gcc 15.2.0,libstdc++,arm64,libstdcxx,native,c3b4a0a07877c0f8e2370ff7fdae98d3f3d96c15465aadb9eae00a280391c6a6,false
exp7-manifest-1,2026-09-20T20:48:41Z,p1,tail,LEGACY,double,-,0.505,9001,raw/p1/p1_tail_libstdcxx_LEGACY_k0.505_s9001_double.bin,bin,0,8,1,5,96,cee09bf69ac7b159930085d892bced56b695abab8d43902f8b9c776b563aed28,./exp7_probe_libstdcxx.exe,c999a548375281e6afa30d545d4d1acaaba8a77de5a571b76493780e81c2fc01,-Wall -Wextra -std=c++11 -O2 -ffp-contract=off -I src,gcc 15.2.0,libstdc++,arm64,libstdcxx,native,c3b4a0a07877c0f8e2370ff7fdae98d3f3d96c15465aadb9eae00a280391c6a6,false
exp7-manifest-1,2026-09-20T20:48:41Z,p1,tail,CANDIDATE,double,-,0.505,9001,raw/p1/p1_tail_libstdcxx_CANDIDATE_k0.505_s9001_double.bin,bin,9917,8,1,5,79432,56854c3f6e77ea5d17a93c060ba7b63eaeba846d3ec6724d4c4f65f64c71c6c5,./exp7_probe_libstdcxx.exe,c999a548375281e6afa30d545d4d1acaaba8a77de5a571b76493780e81c2fc01,-Wall -Wextra -std=c++11 -O2 -ffp-contract=off -I src,gcc 15.2.0,libstdc++,arm64,libstdcxx,native,c3b4a0a07877c0f8e2370ff7fdae98d3f3d96c15465aadb9eae00a280391c6a6,false
exp7-manifest-1,2026-09-20T20:48:41Z,p1,tail,LEGACY,double,-,0.505,9002,raw/p1/p1_tail_libstdcxx_LEGACY_k0.505_s9002_double.bin,bin,0,8,1,5,96,420de57ff17b6e3bb381fd018c5cdfb6541275bd5c8a7863326ce57fec982eec,./exp7_probe_libstdcxx.exe,c999a548375281e6afa30d545d4d1acaaba8a77de5a571b76493780e81c2fc01,-Wall -Wextra -std=c++11 -O2 -ffp-contract=off -I src,gcc 15.2.0,libstdc++,arm64,libstdcxx,native,c3b4a0a07877c0f8e2370ff7fdae98d3f3d96c15465aadb9eae00a280391c6a6,false
exp7-manifest-1,2026-09-20T20:48:41Z,p1,tail,CANDIDATE,double,-,0.505,9002,raw/p1/p1_tail_libstdcxx_CANDIDATE_k0.505_s9002_double.bin,bin,10067,8,1,5,80632,13a2e91f29a88a4065c221f8ef3fa9a08a026dc24c89c62a9f2c785652701a20,./exp7_probe_libstdcxx.exe,c999a548375281e6afa30d545d4d1acaaba8a77de5a571b76493780e81c2fc01,-Wall -Wextra -std=c++11 -O2 -ffp-contract=off -I src,gcc 15.2.0,libstdc++,arm64,libstdcxx,native,c3b4a0a07877c0f8e2370ff7fdae98d3f3d96c15465aadb9eae00a280391c6a6,false
exp7-manifest-1,2026-09-20T20:48:41Z,p1,tail,LEGACY,double,-,0.505,9003,raw/p1/p1_tail_libstdcxx_LEGACY_k0.505_s9003_double.bin,bin,0,8,1,5,96,a929694988b90941fa93e5bb3030d037c2d9bbfa59c4acfd25812cb8c90929dd,./exp7_probe_libstdcxx.exe,c999a548375281e6afa30d545d4d1acaaba8a77de5a571b76493780e81c2fc01,-Wall -Wextra -std=c++11 -O2 -ffp-contract=off -I src,gcc 15.2.0,libstdc++,arm64,libstdcxx,native,c3b4a0a07877c0f8e2370ff7fdae98d3f3d96c15465aadb9eae00a280391c6a6,false
exp7-manifest-1,2026-09-20T20:48:41Z,p1,tail,CANDIDATE,double,-,0.505,9003,raw/p1/p1_tail_libstdcxx_CANDIDATE_k0.505_s9003_double.bin,bin,10057,8,1,5,80552,70a950a955ce652d6171fb15d15ca7b684ec4028c508089d71f123c6a7684aba,./exp7_probe_libstdcxx.exe,c999a548375281e6afa30d545d4d1acaaba8a77de5a571b76493780e81c2fc01,-Wall -Wextra -std=c++11 -O2 -ffp-contract=off -I src,gcc 15.2.0,libstdc++,arm64,libstdcxx,native,c3b4a0a07877c0f8e2370ff7fdae98d3f3d96c15465aadb9eae00a280391c6a6,false
exp7-manifest-1,2026-09-20T20:48:41Z,p1,tail,LEGACY,double,-,0.505,9004,raw/p1/p1_tail_libstdcxx_LEGACY_k0.505_s9004_double.bin,bin,0,8,1,5,96,78ff24e5a02cb73e26c11727a4fc6bdca6de6db63fea04476a768c9f6c37e451,./exp7_probe_libstdcxx.exe,c999a548375281e6afa30d545d4d1acaaba8a77de5a571b76493780e81c2fc01,-Wall -Wextra -std=c++11 -O2 -ffp-contract=off -I src,gcc 15.2.0,libstdc++,arm64,libstdcxx,native,c3b4a0a07877c0f8e2370ff7fdae98d3f3d96c15465aadb9eae00a280391c6a6,false
exp7-manifest-1,2026-09-20T20:48:41Z,p1,tail,CANDIDATE,double,-,0.505,9004,raw/p1/p1_tail_libstdcxx_CANDIDATE_k0.505_s9004_double.bin,bin,9934,8,1,5,79568,263f988bf0cb2195e0d92bd48d1f38f51ed990eb5a1e1c0880552b527a784b66,./exp7_probe_libstdcxx.exe,c999a548375281e6afa30d545d4d1acaaba8a77de5a571b76493780e81c2fc01,-Wall -Wextra -std=c++11 -O2 -ffp-contract=off -I src,gcc 15.2.0,libstdc++,arm64,libstdcxx,native,c3b4a0a07877c0f8e2370ff7fdae98d3f3d96c15465aadb9eae00a280391c6a6,false
exp7-manifest-1,2026-09-20T20:48:41Z,p1,tail,LEGACY,double,-,0.505,9005,raw/p1/p1_tail_libstdcxx_LEGACY_k0.505_s9005_double.bin,bin,0,8,1,5,96,d66355ddf14ac408b827c3195d2e21131256ff99f8f7174b84fe9efd334d408c,./exp7_probe_libstdcxx.exe,c999a548375281e6afa30d545d4d1acaaba8a77de5a571b76493780e81c2fc01,-Wall -Wextra -std=c++11 -O2 -ffp-contract=off -I src,gcc 15.2.0,libstdc++,arm64,libstdcxx,native,c3b4a0a07877c0f8e2370ff7fdae98d3f3d96c15465aadb9eae00a280391c6a6,false
exp7-manifest-1,2026-09-20T20:48:41Z,p1,tail,CANDIDATE,double,-,0.505,9005,raw/p1/p1_tail_libstdcxx_CANDIDATE_k0.505_s9005_double.bin,bin,10072,8,1,5,80672,5933b2610e65dc3453c7a176e05104d7f4493d1764a37b7a3444efc607d02f54,./exp7_probe_libstdcxx.exe,c999a548375281e6afa30d545d4d1acaaba8a77de5a571b76493780e81c2fc01,-Wall -Wextra -std=c++11 -O2 -ffp-contract=off -I src,gcc 15.2.0,libstdc++,arm64,libstdcxx,native,c3b4a0a07877c0f8e2370ff7fdae98d3f3d96c15465aadb9eae00a280391c6a6,false
exp7-manifest-1,2026-09-20T20:48:41Z,p1,tail,LEGACY,double,-,0.51000000000000001,9001,raw/p1/p1_tail_libstdcxx_LEGACY_k0.51_s9001_double.bin,bin,9507,8,1,5,76152,d371dba78cf1f6c2dabb9eb646e2f05fb93c2e1df44daca57382d379277590d7,./exp7_probe_libstdcxx.exe,c999a548375281e6afa30d545d4d1acaaba8a77de5a571b76493780e81c2fc01,-Wall -Wextra -std=c++11 -O2 -ffp-contract=off -I src,gcc 15.2.0,libstdc++,arm64,libstdcxx,native,c3b4a0a07877c0f8e2370ff7fdae98d3f3d96c15465aadb9eae00a280391c6a6,false
exp7-manifest-1,2026-09-20T20:48:41Z,p1,tail,CANDIDATE,double,-,0.51000000000000001,9001,raw/p1/p1_tail_libstdcxx_CANDIDATE_k0.51_s9001_double.bin,bin,10043,8,1,5,80440,ecab9485f4539eaa1763449d7fa6e75e43820b94824a27df213dd81d72f5904d,./exp7_probe_libstdcxx.exe,c999a548375281e6afa30d545d4d1acaaba8a77de5a571b76493780e81c2fc01,-Wall -Wextra -std=c++11 -O2 -ffp-contract=off -I src,gcc 15.2.0,libstdc++,arm64,libstdcxx,native,c3b4a0a07877c0f8e2370ff7fdae98d3f3d96c15465aadb9eae00a280391c6a6,false
exp7-manifest-1,2026-09-20T20:48:41Z,p1,tail,LEGACY,double,-,0.51000000000000001,9002,raw/p1/p1_tail_libstdcxx_LEGACY_k0.51_s9002_double.bin,bin,9377,8,1,5,75112,1857702a527d47db391bc2722d80648c46d9bab160a38783d8a34b59656eb367,./exp7_probe_libstdcxx.exe,c999a548375281e6afa30d545d4d1acaaba8a77de5a571b76493780e81c2fc01,-Wall -Wextra -std=c++11 -O2 -ffp-contract=off -I src,gcc 15.2.0,libstdc++,arm64,libstdcxx,native,c3b4a0a07877c0f8e2370ff7fdae98d3f3d96c15465aadb9eae00a280391c6a6,false
exp7-manifest-1,2026-09-20T20:48:41Z,p1,tail,CANDIDATE,double,-,0.51000000000000001,9002,raw/p1/p1_tail_libstdcxx_CANDIDATE_k0.51_s9002_double.bin,bin,10096,8,1,5,80864,d42b6844f569dd516c303cc94e8d1b21db816194648580ef690c956bef47a0af,./exp7_probe_libstdcxx.exe,c999a548375281e6afa30d545d4d1acaaba8a77de5a571b76493780e81c2fc01,-Wall -Wextra -std=c++11 -O2 -ffp-contract=off -I src,gcc 15.2.0,libstdc++,arm64,libstdcxx,native,c3b4a0a07877c0f8e2370ff7fdae98d3f3d96c15465aadb9eae00a280391c6a6,false
exp7-manifest-1,2026-09-20T20:48:41Z,p1,tail,LEGACY,double,-,0.51000000000000001,9003,raw/p1/p1_tail_libstdcxx_LEGACY_k0.51_s9003_double.bin,bin,9469,8,1,5,75848,6b586ad3b061706dcd269856a1a8549a82d8b51255da3abf5c4c994cb0b449d2,./exp7_probe_libstdcxx.exe,c999a548375281e6afa30d545d4d1acaaba8a77de5a571b76493780e81c2fc01,-Wall -Wextra -std=c++11 -O2 -ffp-contract=off -I src,gcc 15.2.0,libstdc++,arm64,libstdcxx,native,c3b4a0a07877c0f8e2370ff7fdae98d3f3d96c15465aadb9eae00a280391c6a6,false
exp7-manifest-1,2026-09-20T20:48:41Z,p1,tail,CANDIDATE,double,-,0.51000000000000001,9003,raw/p1/p1_tail_libstdcxx_CANDIDATE_k0.51_s9003_double.bin,bin,10021,8,1,5,80264,e61218dfc5b1e26cfdd6e5f7a5e550464f876a41b37ebe0ff059d122a994d8a7,./exp7_probe_libstdcxx.exe,c999a548375281e6afa30d545d4d1acaaba8a77de5a571b76493780e81c2fc01,-Wall -Wextra -std=c++11 -O2 -ffp-contract=off -I src,gcc 15.2.0,libstdc++,arm64,libstdcxx,native,c3b4a0a07877c0f8e2370ff7fdae98d3f3d96c15465aadb9eae00a280391c6a6,false
exp7-manifest-1,2026-09-20T20:48:41Z,p1,tail,LEGACY,double,-,0.51000000000000001,9004,raw/p1/p1_tail_libstdcxx_LEGACY_k0.51_s9004_double.bin,bin,9245,8,1,5,74056,fafda44de6cdbc6dd59de8a454721590239e649f1d6c61b867ea9294e9297c59,./exp7_probe_libstdcxx.exe,c999a548375281e6afa30d545d4d1acaaba8a77de5a571b76493780e81c2fc01,-Wall -Wextra -std=c++11 -O2 -ffp-contract=off -I src,gcc 15.2.0,libstdc++,arm64,libstdcxx,native,c3b4a0a07877c0f8e2370ff7fdae98d3f3d96c15465aadb9eae00a280391c6a6,false
exp7-manifest-1,2026-09-20T20:48:41Z,p1,tail,CANDIDATE,double,-,0.51000000000000001,9004,raw/p1/p1_tail_libstdcxx_CANDIDATE_k0.51_s9004_double.bin,bin,9993,8,1,5,80040,498e4242c0b4512b59bfe7f73de64a1244737b9fa1910035b4f0beead11b6a56,./exp7_probe_libstdcxx.exe,c999a548375281e6afa30d545d4d1acaaba8a77de5a571b76493780e81c2fc01,-Wall -Wextra -std=c++11 -O2 -ffp-contract=off -I src,gcc 15.2.0,libstdc++,arm64,libstdcxx,native,c3b4a0a07877c0f8e2370ff7fdae98d3f3d96c15465aadb9eae00a280391c6a6,false
exp7-manifest-1,2026-09-20T20:48:41Z,p1,tail,LEGACY,double,-,0.51000000000000001,9005,raw/p1/p1_tail_libstdcxx_LEGACY_k0.51_s9005_double.bin,bin,9356,8,1,5,74944,dfeb8495b7ae98c000c8e940c1d2d9be58e03f39f305a5116145a884f116c02c,./exp7_probe_libstdcxx.exe,c999a548375281e6afa30d545d4d1acaaba8a77de5a571b76493780e81c2fc01,-Wall -Wextra -std=c++11 -O2 -ffp-contract=off -I src,gcc 15.2.0,libstdc++,arm64,libstdcxx,native,c3b4a0a07877c0f8e2370ff7fdae98d3f3d96c15465aadb9eae00a280391c6a6,false
exp7-manifest-1,2026-09-20T20:48:41Z,p1,tail,CANDIDATE,double,-,0.51000000000000001,9005,raw/p1/p1_tail_libstdcxx_CANDIDATE_k0.51_s9005_double.bin,bin,9950,8,1,5,79696,431e757f50184d147eb8d2d591947d5355636639e4cabd8ba19116d0a0ad3624,./exp7_probe_libstdcxx.exe,c999a548375281e6afa30d545d4d1acaaba8a77de5a571b76493780e81c2fc01,-Wall -Wextra -std=c++11 -O2 -ffp-contract=off -I src,gcc 15.2.0,libstdc++,arm64,libstdcxx,native,c3b4a0a07877c0f8e2370ff7fdae98d3f3d96c15465aadb9eae00a280391c6a6,false
exp7-manifest-1,2026-09-20T20:48:41Z,p1,tail,LEGACY,double,-,0.55000000000000004,9001,raw/p1/p1_tail_libstdcxx_LEGACY_k0.55_s9001_double.bin,bin,10137,8,1,5,81192,878259289470d542ddc6fdf3f08bd960c5da29f9a3b47301cdf86bc3cd3d4fff,./exp7_probe_libstdcxx.exe,c999a548375281e6afa30d545d4d1acaaba8a77de5a571b76493780e81c2fc01,-Wall -Wextra -std=c++11 -O2 -ffp-contract=off -I src,gcc 15.2.0,libstdc++,arm64,libstdcxx,native,c3b4a0a07877c0f8e2370ff7fdae98d3f3d96c15465aadb9eae00a280391c6a6,false
exp7-manifest-1,2026-09-20T20:48:41Z,p1,tail,CANDIDATE,double,-,0.55000000000000004,9001,raw/p1/p1_tail_libstdcxx_CANDIDATE_k0.55_s9001_double.bin,bin,9982,8,1,5,79952,8888cf2f6c003b5f581623a0b744de3c24ba103eaf68f615a14ee0d6ed2c5c40,./exp7_probe_libstdcxx.exe,c999a548375281e6afa30d545d4d1acaaba8a77de5a571b76493780e81c2fc01,-Wall -Wextra -std=c++11 -O2 -ffp-contract=off -I src,gcc 15.2.0,libstdc++,arm64,libstdcxx,native,c3b4a0a07877c0f8e2370ff7fdae98d3f3d96c15465aadb9eae00a280391c6a6,false
exp7-manifest-1,2026-09-20T20:48:41Z,p1,tail,LEGACY,double,-,0.55000000000000004,9002,raw/p1/p1_tail_libstdcxx_LEGACY_k0.55_s9002_double.bin,bin,10042,8,1,5,80432,f64e7700702f926b9ad3e2a6464e8adf603cf75b41ae776bf9aa7d8ee57784b5,./exp7_probe_libstdcxx.exe,c999a548375281e6afa30d545d4d1acaaba8a77de5a571b76493780e81c2fc01,-Wall -Wextra -std=c++11 -O2 -ffp-contract=off -I src,gcc 15.2.0,libstdc++,arm64,libstdcxx,native,c3b4a0a07877c0f8e2370ff7fdae98d3f3d96c15465aadb9eae00a280391c6a6,false
exp7-manifest-1,2026-09-20T20:48:41Z,p1,tail,CANDIDATE,double,-,0.55000000000000004,9002,raw/p1/p1_tail_libstdcxx_CANDIDATE_k0.55_s9002_double.bin,bin,9926,8,1,5,79504,eea0e6f9d291a021f3aef24e3d4b0ad092b7f082d7a4786e1379530ea78a7b2d,./exp7_probe_libstdcxx.exe,c999a548375281e6afa30d545d4d1acaaba8a77de5a571b76493780e81c2fc01,-Wall -Wextra -std=c++11 -O2 -ffp-contract=off -I src,gcc 15.2.0,libstdc++,arm64,libstdcxx,native,c3b4a0a07877c0f8e2370ff7fdae98d3f3d96c15465aadb9eae00a280391c6a6,false
exp7-manifest-1,2026-09-20T20:48:41Z,p1,tail,LEGACY,double,-,0.55000000000000004,9003,raw/p1/p1_tail_libstdcxx_LEGACY_k0.55_s9003_double.bin,bin,9904,8,1,5,79328,60543402dadb46d4148fffc273ac95c970cff5d8451a404c195448f1758b51b0,./exp7_probe_libstdcxx.exe,c999a548375281e6afa30d545d4d1acaaba8a77de5a571b76493780e81c2fc01,-Wall -Wextra -std=c++11 -O2 -ffp-contract=off -I src,gcc 15.2.0,libstdc++,arm64,libstdcxx,native,c3b4a0a07877c0f8e2370ff7fdae98d3f3d96c15465aadb9eae00a280391c6a6,false
exp7-manifest-1,2026-09-20T20:48:41Z,p1,tail,CANDIDATE,double,-,0.55000000000000004,9003,raw/p1/p1_tail_libstdcxx_CANDIDATE_k0.55_s9003_double.bin,bin,9949,8,1,5,79688,95a2574838148fe03caa596d647c953c2aac30c0d516868e3c24fa3d9bbd7f46,./exp7_probe_libstdcxx.exe,c999a548375281e6afa30d545d4d1acaaba8a77de5a571b76493780e81c2fc01,-Wall -Wextra -std=c++11 -O2 -ffp-contract=off -I src,gcc 15.2.0,libstdc++,arm64,libstdcxx,native,c3b4a0a07877c0f8e2370ff7fdae98d3f3d96c15465aadb9eae00a280391c6a6,false
exp7-manifest-1,2026-09-20T20:48:41Z,p1,tail,LEGACY,double,-,0.55000000000000004,9004,raw/p1/p1_tail_libstdcxx_LEGACY_k0.55_s9004_double.bin,bin,10062,8,1,5,80592,9772779b5cc7ea946a582b22c76728aa18452b47f97b68f5b37367c0d48c9a49,./exp7_probe_libstdcxx.exe,c999a548375281e6afa30d545d4d1acaaba8a77de5a571b76493780e81c2fc01,-Wall -Wextra -std=c++11 -O2 -ffp-contract=off -I src,gcc 15.2.0,libstdc++,arm64,libstdcxx,native,c3b4a0a07877c0f8e2370ff7fdae98d3f3d96c15465aadb9eae00a280391c6a6,false
exp7-manifest-1,2026-09-20T20:48:41Z,p1,tail,CANDIDATE,double,-,0.55000000000000004,9004,raw/p1/p1_tail_libstdcxx_CANDIDATE_k0.55_s9004_double.bin,bin,9849,8,1,5,78888,ce2895b933d4c52d9ddba10c5b49f012b5c75b42a212243621a29a79bdd06617,./exp7_probe_libstdcxx.exe,c999a548375281e6afa30d545d4d1acaaba8a77de5a571b76493780e81c2fc01,-Wall -Wextra -std=c++11 -O2 -ffp-contract=off -I src,gcc 15.2.0,libstdc++,arm64,libstdcxx,native,c3b4a0a07877c0f8e2370ff7fdae98d3f3d96c15465aadb9eae00a280391c6a6,false
exp7-manifest-1,2026-09-20T20:48:41Z,p1,tail,LEGACY,double,-,0.55000000000000004,9005,raw/p1/p1_tail_libstdcxx_LEGACY_k0.55_s9005_double.bin,bin,9936,8,1,5,79584,cd122769d7a1cd16aceb3df7985f82eba508e8d40f745f25af9a09c61b664b62,./exp7_probe_libstdcxx.exe,c999a548375281e6afa30d545d4d1acaaba8a77de5a571b76493780e81c2fc01,-Wall -Wextra -std=c++11 -O2 -ffp-contract=off -I src,gcc 15.2.0,libstdc++,arm64,libstdcxx,native,c3b4a0a07877c0f8e2370ff7fdae98d3f3d96c15465aadb9eae00a280391c6a6,false
exp7-manifest-1,2026-09-20T20:48:41Z,p1,tail,CANDIDATE,double,-,0.55000000000000004,9005,raw/p1/p1_tail_libstdcxx_CANDIDATE_k0.55_s9005_double.bin,bin,10102,8,1,5,80912,4864dcf40989bebc0b43a76bb9b557e16e61374dae98b1f2ea2a6a38a3367b49,./exp7_probe_libstdcxx.exe,c999a548375281e6afa30d545d4d1acaaba8a77de5a571b76493780e81c2fc01,-Wall -Wextra -std=c++11 -O2 -ffp-contract=off -I src,gcc 15.2.0,libstdc++,arm64,libstdcxx,native,c3b4a0a07877c0f8e2370ff7fdae98d3f3d96c15465aadb9eae00a280391c6a6,false
exp7-manifest-1,2026-09-20T20:48:41Z,p1,tail,LEGACY,double,-,0.59999999999999998,9001,raw/p1/p1_tail_libstdcxx_LEGACY_k0.6_s9001_double.bin,bin,9948,8,1,5,79680,304b69956d42dfa3ba633204eeb7575a5b9392ebfa5795f17299962d94cc8f65,./exp7_probe_libstdcxx.exe,c999a548375281e6afa30d545d4d1acaaba8a77de5a571b76493780e81c2fc01,-Wall -Wextra -std=c++11 -O2 -ffp-contract=off -I src,gcc 15.2.0,libstdc++,arm64,libstdcxx,native,c3b4a0a07877c0f8e2370ff7fdae98d3f3d96c15465aadb9eae00a280391c6a6,false
exp7-manifest-1,2026-09-20T20:48:41Z,p1,tail,CANDIDATE,double,-,0.59999999999999998,9001,raw/p1/p1_tail_libstdcxx_CANDIDATE_k0.6_s9001_double.bin,bin,9923,8,1,5,79480,351f8c8497477d62b7108c193f9e5dece2963eb838c3cdaf1e79c2b5e97dcb34,./exp7_probe_libstdcxx.exe,c999a548375281e6afa30d545d4d1acaaba8a77de5a571b76493780e81c2fc01,-Wall -Wextra -std=c++11 -O2 -ffp-contract=off -I src,gcc 15.2.0,libstdc++,arm64,libstdcxx,native,c3b4a0a07877c0f8e2370ff7fdae98d3f3d96c15465aadb9eae00a280391c6a6,false
exp7-manifest-1,2026-09-20T20:48:41Z,p1,tail,LEGACY,double,-,0.59999999999999998,9002,raw/p1/p1_tail_libstdcxx_LEGACY_k0.6_s9002_double.bin,bin,9939,8,1,5,79608,afda7638c08e9266c3c15e6c8e9b6501c0d51730c47d49f466a2cba9bc68523a,./exp7_probe_libstdcxx.exe,c999a548375281e6afa30d545d4d1acaaba8a77de5a571b76493780e81c2fc01,-Wall -Wextra -std=c++11 -O2 -ffp-contract=off -I src,gcc 15.2.0,libstdc++,arm64,libstdcxx,native,c3b4a0a07877c0f8e2370ff7fdae98d3f3d96c15465aadb9eae00a280391c6a6,false
exp7-manifest-1,2026-09-20T20:48:41Z,p1,tail,CANDIDATE,double,-,0.59999999999999998,9002,raw/p1/p1_tail_libstdcxx_CANDIDATE_k0.6_s9002_double.bin,bin,10102,8,1,5,80912,6b8beda3481995b8091f8f025d6db2fbb6f787152f9ed84a4a118ca19d94c47b,./exp7_probe_libstdcxx.exe,c999a548375281e6afa30d545d4d1acaaba8a77de5a571b76493780e81c2fc01,-Wall -Wextra -std=c++11 -O2 -ffp-contract=off -I src,gcc 15.2.0,libstdc++,arm64,libstdcxx,native,c3b4a0a07877c0f8e2370ff7fdae98d3f3d96c15465aadb9eae00a280391c6a6,false
exp7-manifest-1,2026-09-20T20:48:41Z,p1,tail,LEGACY,double,-,0.59999999999999998,9003,raw/p1/p1_tail_libstdcxx_LEGACY_k0.6_s9003_double.bin,bin,9946,8,1,5,79664,28281180287b3bbfb1b1a2d68819bdb31a575ba87145314e9d14878eb6fe43f3,./exp7_probe_libstdcxx.exe,c999a548375281e6afa30d545d4d1acaaba8a77de5a571b76493780e81c2fc01,-Wall -Wextra -std=c++11 -O2 -ffp-contract=off -I src,gcc 15.2.0,libstdc++,arm64,libstdcxx,native,c3b4a0a07877c0f8e2370ff7fdae98d3f3d96c15465aadb9eae00a280391c6a6,false
exp7-manifest-1,2026-09-20T20:48:41Z,p1,tail,CANDIDATE,double,-,0.59999999999999998,9003,raw/p1/p1_tail_libstdcxx_CANDIDATE_k0.6_s9003_double.bin,bin,10027,8,1,5,80312,c16639e69160084a466137c3f6b5004ca33fc8bd72165361a72d8a9bd59ef685,./exp7_probe_libstdcxx.exe,c999a548375281e6afa30d545d4d1acaaba8a77de5a571b76493780e81c2fc01,-Wall -Wextra -std=c++11 -O2 -ffp-contract=off -I src,gcc 15.2.0,libstdc++,arm64,libstdcxx,native,c3b4a0a07877c0f8e2370ff7fdae98d3f3d96c15465aadb9eae00a280391c6a6,false
exp7-manifest-1,2026-09-20T20:48:41Z,p1,tail,LEGACY,double,-,0.59999999999999998,9004,raw/p1/p1_tail_libstdcxx_LEGACY_k0.6_s9004_double.bin,bin,10032,8,1,5,80352,35830440c1d082180f67168be37b0334bbca8d7490426e7a6edaa7b08b3d12a3,./exp7_probe_libstdcxx.exe,c999a548375281e6afa30d545d4d1acaaba8a77de5a571b76493780e81c2fc01,-Wall -Wextra -std=c++11 -O2 -ffp-contract=off -I src,gcc 15.2.0,libstdc++,arm64,libstdcxx,native,c3b4a0a07877c0f8e2370ff7fdae98d3f3d96c15465aadb9eae00a280391c6a6,false
exp7-manifest-1,2026-09-20T20:48:41Z,p1,tail,CANDIDATE,double,-,0.59999999999999998,9004,raw/p1/p1_tail_libstdcxx_CANDIDATE_k0.6_s9004_double.bin,bin,9751,8,1,5,78104,ce7831ae54f56d4f234b32920071044cd67548a024a1ab5d127eeb916bf04a90,./exp7_probe_libstdcxx.exe,c999a548375281e6afa30d545d4d1acaaba8a77de5a571b76493780e81c2fc01,-Wall -Wextra -std=c++11 -O2 -ffp-contract=off -I src,gcc 15.2.0,libstdc++,arm64,libstdcxx,native,c3b4a0a07877c0f8e2370ff7fdae98d3f3d96c15465aadb9eae00a280391c6a6,false
exp7-manifest-1,2026-09-20T20:48:41Z,p1,tail,LEGACY,double,-,0.59999999999999998,9005,raw/p1/p1_tail_libstdcxx_LEGACY_k0.6_s9005_double.bin,bin,9951,8,1,5,79704,e00eeaefc459e7d2ebd42d406cd21d5eae57f54ddea1f9fd655b940f83642056,./exp7_probe_libstdcxx.exe,c999a548375281e6afa30d545d4d1acaaba8a77de5a571b76493780e81c2fc01,-Wall -Wextra -std=c++11 -O2 -ffp-contract=off -I src,gcc 15.2.0,libstdc++,arm64,libstdcxx,native,c3b4a0a07877c0f8e2370ff7fdae98d3f3d96c15465aadb9eae00a280391c6a6,false
exp7-manifest-1,2026-09-20T20:48:41Z,p1,tail,CANDIDATE,double,-,0.59999999999999998,9005,raw/p1/p1_tail_libstdcxx_CANDIDATE_k0.6_s9005_double.bin,bin,9818,8,1,5,78640,0a0669be2982c8bbea6e009eb44453e8bff4bc82a3d697201ba2d081e8adfec6,./exp7_probe_libstdcxx.exe,c999a548375281e6afa30d545d4d1acaaba8a77de5a571b76493780e81c2fc01,-Wall -Wextra -std=c++11 -O2 -ffp-contract=off -I src,gcc 15.2.0,libstdc++,arm64,libstdcxx,native,c3b4a0a07877c0f8e2370ff7fdae98d3f3d96c15465aadb9eae00a280391c6a6,false
exp7-manifest-1,2026-09-20T20:48:41Z,p1,tail,LEGACY,double,-,0.75,9001,raw/p1/p1_tail_libstdcxx_LEGACY_k0.75_s9001_double.bin,bin,9994,8,1,5,80048,e0175da2ec18dcb482605a29156669223b9a59f9d50ceae4a694dd5507bd4633,./exp7_probe_libstdcxx.exe,c999a548375281e6afa30d545d4d1acaaba8a77de5a571b76493780e81c2fc01,-Wall -Wextra -std=c++11 -O2 -ffp-contract=off -I src,gcc 15.2.0,libstdc++,arm64,libstdcxx,native,c3b4a0a07877c0f8e2370ff7fdae98d3f3d96c15465aadb9eae00a280391c6a6,false
exp7-manifest-1,2026-09-20T20:48:41Z,p1,tail,CANDIDATE,double,-,0.75,9001,raw/p1/p1_tail_libstdcxx_CANDIDATE_k0.75_s9001_double.bin,bin,10050,8,1,5,80496,5e270cf3212a4bbccdcbc42476189cf38800cc2ffcfa715465e678ab7499042b,./exp7_probe_libstdcxx.exe,c999a548375281e6afa30d545d4d1acaaba8a77de5a571b76493780e81c2fc01,-Wall -Wextra -std=c++11 -O2 -ffp-contract=off -I src,gcc 15.2.0,libstdc++,arm64,libstdcxx,native,c3b4a0a07877c0f8e2370ff7fdae98d3f3d96c15465aadb9eae00a280391c6a6,false
exp7-manifest-1,2026-09-20T20:48:41Z,p1,tail,LEGACY,double,-,0.75,9002,raw/p1/p1_tail_libstdcxx_LEGACY_k0.75_s9002_double.bin,bin,10155,8,1,5,81336,b921c3c16bad099d0253ded27bb4e8aabcc6860949e118eb07053ae3fd017332,./exp7_probe_libstdcxx.exe,c999a548375281e6afa30d545d4d1acaaba8a77de5a571b76493780e81c2fc01,-Wall -Wextra -std=c++11 -O2 -ffp-contract=off -I src,gcc 15.2.0,libstdc++,arm64,libstdcxx,native,c3b4a0a07877c0f8e2370ff7fdae98d3f3d96c15465aadb9eae00a280391c6a6,false
exp7-manifest-1,2026-09-20T20:48:41Z,p1,tail,CANDIDATE,double,-,0.75,9002,raw/p1/p1_tail_libstdcxx_CANDIDATE_k0.75_s9002_double.bin,bin,10004,8,1,5,80128,aa1d7ea4c86e64902ef5baf80983fbf16ae399773d24141f8a2432e59ee54cd9,./exp7_probe_libstdcxx.exe,c999a548375281e6afa30d545d4d1acaaba8a77de5a571b76493780e81c2fc01,-Wall -Wextra -std=c++11 -O2 -ffp-contract=off -I src,gcc 15.2.0,libstdc++,arm64,libstdcxx,native,c3b4a0a07877c0f8e2370ff7fdae98d3f3d96c15465aadb9eae00a280391c6a6,false
exp7-manifest-1,2026-09-20T20:48:41Z,p1,tail,LEGACY,double,-,0.75,9003,raw/p1/p1_tail_libstdcxx_LEGACY_k0.75_s9003_double.bin,bin,9992,8,1,5,80032,e6f143fc06bb1808fea77b0e9ceea061003f563f67331af5055beeb4467af48f,./exp7_probe_libstdcxx.exe,c999a548375281e6afa30d545d4d1acaaba8a77de5a571b76493780e81c2fc01,-Wall -Wextra -std=c++11 -O2 -ffp-contract=off -I src,gcc 15.2.0,libstdc++,arm64,libstdcxx,native,c3b4a0a07877c0f8e2370ff7fdae98d3f3d96c15465aadb9eae00a280391c6a6,false
exp7-manifest-1,2026-09-20T20:48:41Z,p1,tail,CANDIDATE,double,-,0.75,9003,raw/p1/p1_tail_libstdcxx_CANDIDATE_k0.75_s9003_double.bin,bin,10126,8,1,5,81104,a503bec681a10fdcb61daffafcaad17a02812bd3b48c69896ed2475d5fb4b03d,./exp7_probe_libstdcxx.exe,c999a548375281e6afa30d545d4d1acaaba8a77de5a571b76493780e81c2fc01,-Wall -Wextra -std=c++11 -O2 -ffp-contract=off -I src,gcc 15.2.0,libstdc++,arm64,libstdcxx,native,c3b4a0a07877c0f8e2370ff7fdae98d3f3d96c15465aadb9eae00a280391c6a6,false
exp7-manifest-1,2026-09-20T20:48:41Z,p1,tail,LEGACY,double,-,0.75,9004,raw/p1/p1_tail_libstdcxx_LEGACY_k0.75_s9004_double.bin,bin,9762,8,1,5,78192,796253ae16eb534f7f26cec81409ef6878556c2ff3ace13d9f79a9723c0254ef,./exp7_probe_libstdcxx.exe,c999a548375281e6afa30d545d4d1acaaba8a77de5a571b76493780e81c2fc01,-Wall -Wextra -std=c++11 -O2 -ffp-contract=off -I src,gcc 15.2.0,libstdc++,arm64,libstdcxx,native,c3b4a0a07877c0f8e2370ff7fdae98d3f3d96c15465aadb9eae00a280391c6a6,false
exp7-manifest-1,2026-09-20T20:48:41Z,p1,tail,CANDIDATE,double,-,0.75,9004,raw/p1/p1_tail_libstdcxx_CANDIDATE_k0.75_s9004_double.bin,bin,10121,8,1,5,81064,c5009d27f27ecd0351c3f3369963a116c91761f1949838404253dcf6a90923ff,./exp7_probe_libstdcxx.exe,c999a548375281e6afa30d545d4d1acaaba8a77de5a571b76493780e81c2fc01,-Wall -Wextra -std=c++11 -O2 -ffp-contract=off -I src,gcc 15.2.0,libstdc++,arm64,libstdcxx,native,c3b4a0a07877c0f8e2370ff7fdae98d3f3d96c15465aadb9eae00a280391c6a6,false
exp7-manifest-1,2026-09-20T20:48:41Z,p1,tail,LEGACY,double,-,0.75,9005,raw/p1/p1_tail_libstdcxx_LEGACY_k0.75_s9005_double.bin,bin,9920,8,1,5,79456,537ee401b3a3ef67f281caef62f372d724a1c3ffdf758b0b432775a460f968ec,./exp7_probe_libstdcxx.exe,c999a548375281e6afa30d545d4d1acaaba8a77de5a571b76493780e81c2fc01,-Wall -Wextra -std=c++11 -O2 -ffp-contract=off -I src,gcc 15.2.0,libstdc++,arm64,libstdcxx,native,c3b4a0a07877c0f8e2370ff7fdae98d3f3d96c15465aadb9eae00a280391c6a6,false
exp7-manifest-1,2026-09-20T20:48:41Z,p1,tail,CANDIDATE,double,-,0.75,9005,raw/p1/p1_tail_libstdcxx_CANDIDATE_k0.75_s9005_double.bin,bin,10090,8,1,5,80816,2e309445734aba2243c5ce59a3b53762ee751a017b3d8557e842d1d145d06ccc,./exp7_probe_libstdcxx.exe,c999a548375281e6afa30d545d4d1acaaba8a77de5a571b76493780e81c2fc01,-Wall -Wextra -std=c++11 -O2 -ffp-contract=off -I src,gcc 15.2.0,libstdc++,arm64,libstdcxx,native,c3b4a0a07877c0f8e2370ff7fdae98d3f3d96c15465aadb9eae00a280391c6a6,false
exp7-manifest-1,2026-09-20T20:48:41Z,p1,tail,LEGACY,double,-,1,9001,raw/p1/p1_tail_libstdcxx_LEGACY_k1_s9001_double.bin,bin,9852,8,1,5,78912,220a52f834a345f4432139dd9814d689d8e32ba153b53bdd0e2fd3771e7907a8,./exp7_probe_libstdcxx.exe,c999a548375281e6afa30d545d4d1acaaba8a77de5a571b76493780e81c2fc01,-Wall -Wextra -std=c++11 -O2 -ffp-contract=off -I src,gcc 15.2.0,libstdc++,arm64,libstdcxx,native,c3b4a0a07877c0f8e2370ff7fdae98d3f3d96c15465aadb9eae00a280391c6a6,false
exp7-manifest-1,2026-09-20T20:48:41Z,p1,tail,CANDIDATE,double,-,1,9001,raw/p1/p1_tail_libstdcxx_CANDIDATE_k1_s9001_double.bin,bin,10181,8,1,5,81544,362dd2ef4e636e5b361f32184c2dd0baabd0d9cc2204d4097ef7d33d7e0a1c9a,./exp7_probe_libstdcxx.exe,c999a548375281e6afa30d545d4d1acaaba8a77de5a571b76493780e81c2fc01,-Wall -Wextra -std=c++11 -O2 -ffp-contract=off -I src,gcc 15.2.0,libstdc++,arm64,libstdcxx,native,c3b4a0a07877c0f8e2370ff7fdae98d3f3d96c15465aadb9eae00a280391c6a6,false
exp7-manifest-1,2026-09-20T20:48:41Z,p1,tail,LEGACY,double,-,1,9002,raw/p1/p1_tail_libstdcxx_LEGACY_k1_s9002_double.bin,bin,9867,8,1,5,79032,ea208ebb80611cfbeb145d166f5fa70a72ce4cc2cff4fefffd32cce19d50000c,./exp7_probe_libstdcxx.exe,c999a548375281e6afa30d545d4d1acaaba8a77de5a571b76493780e81c2fc01,-Wall -Wextra -std=c++11 -O2 -ffp-contract=off -I src,gcc 15.2.0,libstdc++,arm64,libstdcxx,native,c3b4a0a07877c0f8e2370ff7fdae98d3f3d96c15465aadb9eae00a280391c6a6,false
exp7-manifest-1,2026-09-20T20:48:41Z,p1,tail,CANDIDATE,double,-,1,9002,raw/p1/p1_tail_libstdcxx_CANDIDATE_k1_s9002_double.bin,bin,10031,8,1,5,80344,c5322d2fbe143dac36d374add82199f1f9bb08bdadc82fb2870e3eb7a8ca430c,./exp7_probe_libstdcxx.exe,c999a548375281e6afa30d545d4d1acaaba8a77de5a571b76493780e81c2fc01,-Wall -Wextra -std=c++11 -O2 -ffp-contract=off -I src,gcc 15.2.0,libstdc++,arm64,libstdcxx,native,c3b4a0a07877c0f8e2370ff7fdae98d3f3d96c15465aadb9eae00a280391c6a6,false
exp7-manifest-1,2026-09-20T20:48:41Z,p1,tail,LEGACY,double,-,1,9003,raw/p1/p1_tail_libstdcxx_LEGACY_k1_s9003_double.bin,bin,9990,8,1,5,80016,770108cdf07ed8f57aad644458df4e41f218a529c401c73a1b3124d830361575,./exp7_probe_libstdcxx.exe,c999a548375281e6afa30d545d4d1acaaba8a77de5a571b76493780e81c2fc01,-Wall -Wextra -std=c++11 -O2 -ffp-contract=off -I src,gcc 15.2.0,libstdc++,arm64,libstdcxx,native,c3b4a0a07877c0f8e2370ff7fdae98d3f3d96c15465aadb9eae00a280391c6a6,false
exp7-manifest-1,2026-09-20T20:48:41Z,p1,tail,CANDIDATE,double,-,1,9003,raw/p1/p1_tail_libstdcxx_CANDIDATE_k1_s9003_double.bin,bin,9992,8,1,5,80032,55b8b7c11b3d07894ed59127f55583eb444da8d22f414465c19378c06c634fd3,./exp7_probe_libstdcxx.exe,c999a548375281e6afa30d545d4d1acaaba8a77de5a571b76493780e81c2fc01,-Wall -Wextra -std=c++11 -O2 -ffp-contract=off -I src,gcc 15.2.0,libstdc++,arm64,libstdcxx,native,c3b4a0a07877c0f8e2370ff7fdae98d3f3d96c15465aadb9eae00a280391c6a6,false
exp7-manifest-1,2026-09-20T20:48:41Z,p1,tail,LEGACY,double,-,1,9004,raw/p1/p1_tail_libstdcxx_LEGACY_k1_s9004_double.bin,bin,10060,8,1,5,80576,3ac321acbe945145edc48d7c60799b42e3fdc263f02d60095676653332e9a0e7,./exp7_probe_libstdcxx.exe,c999a548375281e6afa30d545d4d1acaaba8a77de5a571b76493780e81c2fc01,-Wall -Wextra -std=c++11 -O2 -ffp-contract=off -I src,gcc 15.2.0,libstdc++,arm64,libstdcxx,native,c3b4a0a07877c0f8e2370ff7fdae98d3f3d96c15465aadb9eae00a280391c6a6,false
exp7-manifest-1,2026-09-20T20:48:41Z,p1,tail,CANDIDATE,double,-,1,9004,raw/p1/p1_tail_libstdcxx_CANDIDATE_k1_s9004_double.bin,bin,9925,8,1,5,79496,845968ee02c5491318e15882e91b85cfc9169954c43d8e0c71de80656a6c5603,./exp7_probe_libstdcxx.exe,c999a548375281e6afa30d545d4d1acaaba8a77de5a571b76493780e81c2fc01,-Wall -Wextra -std=c++11 -O2 -ffp-contract=off -I src,gcc 15.2.0,libstdc++,arm64,libstdcxx,native,c3b4a0a07877c0f8e2370ff7fdae98d3f3d96c15465aadb9eae00a280391c6a6,false
exp7-manifest-1,2026-09-20T20:48:41Z,p1,tail,LEGACY,double,-,1,9005,raw/p1/p1_tail_libstdcxx_LEGACY_k1_s9005_double.bin,bin,10042,8,1,5,80432,937321a6c04c18f6bcd221f270135c27b038133de906df8937fd03ad567a95fc,./exp7_probe_libstdcxx.exe,c999a548375281e6afa30d545d4d1acaaba8a77de5a571b76493780e81c2fc01,-Wall -Wextra -std=c++11 -O2 -ffp-contract=off -I src,gcc 15.2.0,libstdc++,arm64,libstdcxx,native,c3b4a0a07877c0f8e2370ff7fdae98d3f3d96c15465aadb9eae00a280391c6a6,false
exp7-manifest-1,2026-09-20T20:48:41Z,p1,tail,CANDIDATE,double,-,1,9005,raw/p1/p1_tail_libstdcxx_CANDIDATE_k1_s9005_double.bin,bin,9891,8,1,5,79224,1a976ff21ee9b67cb47b5285fcee90f74ddb73323880e5117ed2e95071ca818d,./exp7_probe_libstdcxx.exe,c999a548375281e6afa30d545d4d1acaaba8a77de5a571b76493780e81c2fc01,-Wall -Wextra -std=c++11 -O2 -ffp-contract=off -I src,gcc 15.2.0,libstdc++,arm64,libstdcxx,native,c3b4a0a07877c0f8e2370ff7fdae98d3f3d96c15465aadb9eae00a280391c6a6,false
exp7-manifest-1,2026-09-20T20:48:41Z,p1,tail,LEGACY,double,-,1.25,9001,raw/p1/p1_tail_libstdcxx_LEGACY_k1.25_s9001_double.bin,bin,10012,8,1,5,80192,b22297f30a647608a83a6bd3fbbfffdbfa0f642d69d638f67d0861e420697c34,./exp7_probe_libstdcxx.exe,c999a548375281e6afa30d545d4d1acaaba8a77de5a571b76493780e81c2fc01,-Wall -Wextra -std=c++11 -O2 -ffp-contract=off -I src,gcc 15.2.0,libstdc++,arm64,libstdcxx,native,c3b4a0a07877c0f8e2370ff7fdae98d3f3d96c15465aadb9eae00a280391c6a6,false
exp7-manifest-1,2026-09-20T20:48:41Z,p1,tail,CANDIDATE,double,-,1.25,9001,raw/p1/p1_tail_libstdcxx_CANDIDATE_k1.25_s9001_double.bin,bin,9956,8,1,5,79744,1b092d106a6ba5fbcbff3f9df984169eabe450335cae837bcf579cca40e736de,./exp7_probe_libstdcxx.exe,c999a548375281e6afa30d545d4d1acaaba8a77de5a571b76493780e81c2fc01,-Wall -Wextra -std=c++11 -O2 -ffp-contract=off -I src,gcc 15.2.0,libstdc++,arm64,libstdcxx,native,c3b4a0a07877c0f8e2370ff7fdae98d3f3d96c15465aadb9eae00a280391c6a6,false
exp7-manifest-1,2026-09-20T20:48:41Z,p1,tail,LEGACY,double,-,1.25,9002,raw/p1/p1_tail_libstdcxx_LEGACY_k1.25_s9002_double.bin,bin,9989,8,1,5,80008,86385d5f153efb0324c65cf17d0631a729ca484b9d7a218a57d32892085351db,./exp7_probe_libstdcxx.exe,c999a548375281e6afa30d545d4d1acaaba8a77de5a571b76493780e81c2fc01,-Wall -Wextra -std=c++11 -O2 -ffp-contract=off -I src,gcc 15.2.0,libstdc++,arm64,libstdcxx,native,c3b4a0a07877c0f8e2370ff7fdae98d3f3d96c15465aadb9eae00a280391c6a6,false
exp7-manifest-1,2026-09-20T20:48:41Z,p1,tail,CANDIDATE,double,-,1.25,9002,raw/p1/p1_tail_libstdcxx_CANDIDATE_k1.25_s9002_double.bin,bin,9989,8,1,5,80008,d39b4272094b5fe3e07028355e7701cea37d06ce7a6a79a216138b20954252e3,./exp7_probe_libstdcxx.exe,c999a548375281e6afa30d545d4d1acaaba8a77de5a571b76493780e81c2fc01,-Wall -Wextra -std=c++11 -O2 -ffp-contract=off -I src,gcc 15.2.0,libstdc++,arm64,libstdcxx,native,c3b4a0a07877c0f8e2370ff7fdae98d3f3d96c15465aadb9eae00a280391c6a6,false
exp7-manifest-1,2026-09-20T20:48:41Z,p1,tail,LEGACY,double,-,1.25,9003,raw/p1/p1_tail_libstdcxx_LEGACY_k1.25_s9003_double.bin,bin,10132,8,1,5,81152,223790affad013a4429e5594704e8928e2c66e615a17f4cb1b490451889db2cb,./exp7_probe_libstdcxx.exe,c999a548375281e6afa30d545d4d1acaaba8a77de5a571b76493780e81c2fc01,-Wall -Wextra -std=c++11 -O2 -ffp-contract=off -I src,gcc 15.2.0,libstdc++,arm64,libstdcxx,native,c3b4a0a07877c0f8e2370ff7fdae98d3f3d96c15465aadb9eae00a280391c6a6,false
exp7-manifest-1,2026-09-20T20:48:41Z,p1,tail,CANDIDATE,double,-,1.25,9003,raw/p1/p1_tail_libstdcxx_CANDIDATE_k1.25_s9003_double.bin,bin,10071,8,1,5,80664,c3378b45a3cc41e7512cc1a76ee13ccc885f356d65e1a8811bdf021b284bd029,./exp7_probe_libstdcxx.exe,c999a548375281e6afa30d545d4d1acaaba8a77de5a571b76493780e81c2fc01,-Wall -Wextra -std=c++11 -O2 -ffp-contract=off -I src,gcc 15.2.0,libstdc++,arm64,libstdcxx,native,c3b4a0a07877c0f8e2370ff7fdae98d3f3d96c15465aadb9eae00a280391c6a6,false
exp7-manifest-1,2026-09-20T20:48:41Z,p1,tail,LEGACY,double,-,1.25,9004,raw/p1/p1_tail_libstdcxx_LEGACY_k1.25_s9004_double.bin,bin,9955,8,1,5,79736,1b0a261565593177649f29944a47665152b23cf937914ea69541c0a5b543ad68,./exp7_probe_libstdcxx.exe,c999a548375281e6afa30d545d4d1acaaba8a77de5a571b76493780e81c2fc01,-Wall -Wextra -std=c++11 -O2 -ffp-contract=off -I src,gcc 15.2.0,libstdc++,arm64,libstdcxx,native,c3b4a0a07877c0f8e2370ff7fdae98d3f3d96c15465aadb9eae00a280391c6a6,false
exp7-manifest-1,2026-09-20T20:48:41Z,p1,tail,CANDIDATE,double,-,1.25,9004,raw/p1/p1_tail_libstdcxx_CANDIDATE_k1.25_s9004_double.bin,bin,9947,8,1,5,79672,976cec8dcbc427bc3135d3a92c3db0a90a64083d54ee86207b9e4a930e7739af,./exp7_probe_libstdcxx.exe,c999a548375281e6afa30d545d4d1acaaba8a77de5a571b76493780e81c2fc01,-Wall -Wextra -std=c++11 -O2 -ffp-contract=off -I src,gcc 15.2.0,libstdc++,arm64,libstdcxx,native,c3b4a0a07877c0f8e2370ff7fdae98d3f3d96c15465aadb9eae00a280391c6a6,false
exp7-manifest-1,2026-09-20T20:48:41Z,p1,tail,LEGACY,double,-,1.25,9005,raw/p1/p1_tail_libstdcxx_LEGACY_k1.25_s9005_double.bin,bin,9890,8,1,5,79216,eaa95dc23526867fa0f05cfc908bd104f6237b5fee358049cda67c6082d40aef,./exp7_probe_libstdcxx.exe,c999a548375281e6afa30d545d4d1acaaba8a77de5a571b76493780e81c2fc01,-Wall -Wextra -std=c++11 -O2 -ffp-contract=off -I src,gcc 15.2.0,libstdc++,arm64,libstdcxx,native,c3b4a0a07877c0f8e2370ff7fdae98d3f3d96c15465aadb9eae00a280391c6a6,false
exp7-manifest-1,2026-09-20T20:48:41Z,p1,tail,CANDIDATE,double,-,1.25,9005,raw/p1/p1_tail_libstdcxx_CANDIDATE_k1.25_s9005_double.bin,bin,10008,8,1,5,80160,5a0896e37e7780d7edfbae704da27736b1d55e866faf5825bc499b7c26db60b3,./exp7_probe_libstdcxx.exe,c999a548375281e6afa30d545d4d1acaaba8a77de5a571b76493780e81c2fc01,-Wall -Wextra -std=c++11 -O2 -ffp-contract=off -I src,gcc 15.2.0,libstdc++,arm64,libstdcxx,native,c3b4a0a07877c0f8e2370ff7fdae98d3f3d96c15465aadb9eae00a280391c6a6,false
exp7-manifest-1,2026-09-20T20:48:41Z,p1,tail,LEGACY,double,-,1.49,9001,raw/p1/p1_tail_libstdcxx_LEGACY_k1.49_s9001_double.bin,bin,10036,8,1,5,80384,d70d015e759010b4c8b706acda990a5ca32b898c3f4e0494e6e80987896723cb,./exp7_probe_libstdcxx.exe,c999a548375281e6afa30d545d4d1acaaba8a77de5a571b76493780e81c2fc01,-Wall -Wextra -std=c++11 -O2 -ffp-contract=off -I src,gcc 15.2.0,libstdc++,arm64,libstdcxx,native,c3b4a0a07877c0f8e2370ff7fdae98d3f3d96c15465aadb9eae00a280391c6a6,false
exp7-manifest-1,2026-09-20T20:48:41Z,p1,tail,CANDIDATE,double,-,1.49,9001,raw/p1/p1_tail_libstdcxx_CANDIDATE_k1.49_s9001_double.bin,bin,10003,8,1,5,80120,1c9f30084e11e421d37806434698b017d2886573ad1ea67329f3395d5cf2ba50,./exp7_probe_libstdcxx.exe,c999a548375281e6afa30d545d4d1acaaba8a77de5a571b76493780e81c2fc01,-Wall -Wextra -std=c++11 -O2 -ffp-contract=off -I src,gcc 15.2.0,libstdc++,arm64,libstdcxx,native,c3b4a0a07877c0f8e2370ff7fdae98d3f3d96c15465aadb9eae00a280391c6a6,false
exp7-manifest-1,2026-09-20T20:48:41Z,p1,tail,LEGACY,double,-,1.49,9002,raw/p1/p1_tail_libstdcxx_LEGACY_k1.49_s9002_double.bin,bin,9947,8,1,5,79672,59445bfdb9018ab59b15d6df73c89d2b249849441f4759f9e1e7998ca64ac004,./exp7_probe_libstdcxx.exe,c999a548375281e6afa30d545d4d1acaaba8a77de5a571b76493780e81c2fc01,-Wall -Wextra -std=c++11 -O2 -ffp-contract=off -I src,gcc 15.2.0,libstdc++,arm64,libstdcxx,native,c3b4a0a07877c0f8e2370ff7fdae98d3f3d96c15465aadb9eae00a280391c6a6,false
exp7-manifest-1,2026-09-20T20:48:41Z,p1,tail,CANDIDATE,double,-,1.49,9002,raw/p1/p1_tail_libstdcxx_CANDIDATE_k1.49_s9002_double.bin,bin,10002,8,1,5,80112,af4396ece60969e008273cffb4dc9270c498dccac709f128a192e73856ec6731,./exp7_probe_libstdcxx.exe,c999a548375281e6afa30d545d4d1acaaba8a77de5a571b76493780e81c2fc01,-Wall -Wextra -std=c++11 -O2 -ffp-contract=off -I src,gcc 15.2.0,libstdc++,arm64,libstdcxx,native,c3b4a0a07877c0f8e2370ff7fdae98d3f3d96c15465aadb9eae00a280391c6a6,false
exp7-manifest-1,2026-09-20T20:48:41Z,p1,tail,LEGACY,double,-,1.49,9003,raw/p1/p1_tail_libstdcxx_LEGACY_k1.49_s9003_double.bin,bin,10112,8,1,5,80992,2ddc310e863ccb36ab2ed051dc889072271b2381ecf4d04f8ec2f4ba0158a96a,./exp7_probe_libstdcxx.exe,c999a548375281e6afa30d545d4d1acaaba8a77de5a571b76493780e81c2fc01,-Wall -Wextra -std=c++11 -O2 -ffp-contract=off -I src,gcc 15.2.0,libstdc++,arm64,libstdcxx,native,c3b4a0a07877c0f8e2370ff7fdae98d3f3d96c15465aadb9eae00a280391c6a6,false
exp7-manifest-1,2026-09-20T20:48:41Z,p1,tail,CANDIDATE,double,-,1.49,9003,raw/p1/p1_tail_libstdcxx_CANDIDATE_k1.49_s9003_double.bin,bin,10022,8,1,5,80272,0b05f974228ee0014cbf92cff2fc7af22014cdb96d0f787c4caee5ffa8be490f,./exp7_probe_libstdcxx.exe,c999a548375281e6afa30d545d4d1acaaba8a77de5a571b76493780e81c2fc01,-Wall -Wextra -std=c++11 -O2 -ffp-contract=off -I src,gcc 15.2.0,libstdc++,arm64,libstdcxx,native,c3b4a0a07877c0f8e2370ff7fdae98d3f3d96c15465aadb9eae00a280391c6a6,false
exp7-manifest-1,2026-09-20T20:48:41Z,p1,tail,LEGACY,double,-,1.49,9004,raw/p1/p1_tail_libstdcxx_LEGACY_k1.49_s9004_double.bin,bin,9910,8,1,5,79376,0854823bf95d6807e88751443801e4c72a6aa5550c3d39e5566611fe056acbfb,./exp7_probe_libstdcxx.exe,c999a548375281e6afa30d545d4d1acaaba8a77de5a571b76493780e81c2fc01,-Wall -Wextra -std=c++11 -O2 -ffp-contract=off -I src,gcc 15.2.0,libstdc++,arm64,libstdcxx,native,c3b4a0a07877c0f8e2370ff7fdae98d3f3d96c15465aadb9eae00a280391c6a6,false
exp7-manifest-1,2026-09-20T20:48:41Z,p1,tail,CANDIDATE,double,-,1.49,9004,raw/p1/p1_tail_libstdcxx_CANDIDATE_k1.49_s9004_double.bin,bin,9984,8,1,5,79968,54e8f43707c0b452492dad79cb080375a5c4dda456d09a81358f4d56c47b5fe7,./exp7_probe_libstdcxx.exe,c999a548375281e6afa30d545d4d1acaaba8a77de5a571b76493780e81c2fc01,-Wall -Wextra -std=c++11 -O2 -ffp-contract=off -I src,gcc 15.2.0,libstdc++,arm64,libstdcxx,native,c3b4a0a07877c0f8e2370ff7fdae98d3f3d96c15465aadb9eae00a280391c6a6,false
exp7-manifest-1,2026-09-20T20:48:41Z,p1,tail,LEGACY,double,-,1.49,9005,raw/p1/p1_tail_libstdcxx_LEGACY_k1.49_s9005_double.bin,bin,9948,8,1,5,79680,b25f5722382d1e1b9377c6ad5881a85f18fbc0a94839c170c3a3708abecf7fb1,./exp7_probe_libstdcxx.exe,c999a548375281e6afa30d545d4d1acaaba8a77de5a571b76493780e81c2fc01,-Wall -Wextra -std=c++11 -O2 -ffp-contract=off -I src,gcc 15.2.0,libstdc++,arm64,libstdcxx,native,c3b4a0a07877c0f8e2370ff7fdae98d3f3d96c15465aadb9eae00a280391c6a6,false
exp7-manifest-1,2026-09-20T20:48:41Z,p1,tail,CANDIDATE,double,-,1.49,9005,raw/p1/p1_tail_libstdcxx_CANDIDATE_k1.49_s9005_double.bin,bin,9933,8,1,5,79560,3e01a496a8eb04c7bb3bb6fc375ccbeba54a9b5af7e9dea8f1da768c102bd690,./exp7_probe_libstdcxx.exe,c999a548375281e6afa30d545d4d1acaaba8a77de5a571b76493780e81c2fc01,-Wall -Wextra -std=c++11 -O2 -ffp-contract=off -I src,gcc 15.2.0,libstdc++,arm64,libstdcxx,native,c3b4a0a07877c0f8e2370ff7fdae98d3f3d96c15465aadb9eae00a280391c6a6,false
exp7-manifest-1,2026-09-20T20:48:41Z,p1,tail,LEGACY,double,-,1.5,9001,raw/p1/p1_tail_libstdcxx_LEGACY_k1.5_s9001_double.bin,bin,9934,8,1,5,79568,58d904682f952ba9b2c60638584b487e22b86a6e54aba591f31096c2e3d1c9bd,./exp7_probe_libstdcxx.exe,c999a548375281e6afa30d545d4d1acaaba8a77de5a571b76493780e81c2fc01,-Wall -Wextra -std=c++11 -O2 -ffp-contract=off -I src,gcc 15.2.0,libstdc++,arm64,libstdcxx,native,c3b4a0a07877c0f8e2370ff7fdae98d3f3d96c15465aadb9eae00a280391c6a6,false
exp7-manifest-1,2026-09-20T20:48:41Z,p1,tail,CANDIDATE,double,-,1.5,9001,raw/p1/p1_tail_libstdcxx_CANDIDATE_k1.5_s9001_double.bin,bin,9650,8,1,5,77296,dd7a79abcdba2be9102c24d40587267c33a1cf21adeef5a5af9ba96d6ae12eb8,./exp7_probe_libstdcxx.exe,c999a548375281e6afa30d545d4d1acaaba8a77de5a571b76493780e81c2fc01,-Wall -Wextra -std=c++11 -O2 -ffp-contract=off -I src,gcc 15.2.0,libstdc++,arm64,libstdcxx,native,c3b4a0a07877c0f8e2370ff7fdae98d3f3d96c15465aadb9eae00a280391c6a6,false
exp7-manifest-1,2026-09-20T20:48:41Z,p1,tail,LEGACY,double,-,1.5,9002,raw/p1/p1_tail_libstdcxx_LEGACY_k1.5_s9002_double.bin,bin,9899,8,1,5,79288,28b5bd20cf1ebfe2cfbca94591f36beb6f506948d1a6df3da05d8cc417db27da,./exp7_probe_libstdcxx.exe,c999a548375281e6afa30d545d4d1acaaba8a77de5a571b76493780e81c2fc01,-Wall -Wextra -std=c++11 -O2 -ffp-contract=off -I src,gcc 15.2.0,libstdc++,arm64,libstdcxx,native,c3b4a0a07877c0f8e2370ff7fdae98d3f3d96c15465aadb9eae00a280391c6a6,false
exp7-manifest-1,2026-09-20T20:48:41Z,p1,tail,CANDIDATE,double,-,1.5,9002,raw/p1/p1_tail_libstdcxx_CANDIDATE_k1.5_s9002_double.bin,bin,10037,8,1,5,80392,7295274ed5eb7268d3ea0a6d3a138775ddde8da66897347286edaac888a8a017,./exp7_probe_libstdcxx.exe,c999a548375281e6afa30d545d4d1acaaba8a77de5a571b76493780e81c2fc01,-Wall -Wextra -std=c++11 -O2 -ffp-contract=off -I src,gcc 15.2.0,libstdc++,arm64,libstdcxx,native,c3b4a0a07877c0f8e2370ff7fdae98d3f3d96c15465aadb9eae00a280391c6a6,false
exp7-manifest-1,2026-09-20T20:48:41Z,p1,tail,LEGACY,double,-,1.5,9003,raw/p1/p1_tail_libstdcxx_LEGACY_k1.5_s9003_double.bin,bin,9872,8,1,5,79072,7b42aac7eb3b20f1a2ca8d97969e07d51dfb3f64e8785953cbe5ea9aa64ceecf,./exp7_probe_libstdcxx.exe,c999a548375281e6afa30d545d4d1acaaba8a77de5a571b76493780e81c2fc01,-Wall -Wextra -std=c++11 -O2 -ffp-contract=off -I src,gcc 15.2.0,libstdc++,arm64,libstdcxx,native,c3b4a0a07877c0f8e2370ff7fdae98d3f3d96c15465aadb9eae00a280391c6a6,false
exp7-manifest-1,2026-09-20T20:48:41Z,p1,tail,CANDIDATE,double,-,1.5,9003,raw/p1/p1_tail_libstdcxx_CANDIDATE_k1.5_s9003_double.bin,bin,10078,8,1,5,80720,839c6edca0ba2701d104d5d172c9c82e9c513a2bcdedfe8dbd8afe8eac5d408d,./exp7_probe_libstdcxx.exe,c999a548375281e6afa30d545d4d1acaaba8a77de5a571b76493780e81c2fc01,-Wall -Wextra -std=c++11 -O2 -ffp-contract=off -I src,gcc 15.2.0,libstdc++,arm64,libstdcxx,native,c3b4a0a07877c0f8e2370ff7fdae98d3f3d96c15465aadb9eae00a280391c6a6,false
exp7-manifest-1,2026-09-20T20:48:41Z,p1,tail,LEGACY,double,-,1.5,9004,raw/p1/p1_tail_libstdcxx_LEGACY_k1.5_s9004_double.bin,bin,9904,8,1,5,79328,89ad591bc57c5d17e6622c4475fef460c754f99621a8d93904375732c3e748a6,./exp7_probe_libstdcxx.exe,c999a548375281e6afa30d545d4d1acaaba8a77de5a571b76493780e81c2fc01,-Wall -Wextra -std=c++11 -O2 -ffp-contract=off -I src,gcc 15.2.0,libstdc++,arm64,libstdcxx,native,c3b4a0a07877c0f8e2370ff7fdae98d3f3d96c15465aadb9eae00a280391c6a6,false
exp7-manifest-1,2026-09-20T20:48:41Z,p1,tail,CANDIDATE,double,-,1.5,9004,raw/p1/p1_tail_libstdcxx_CANDIDATE_k1.5_s9004_double.bin,bin,9927,8,1,5,79512,17b51f6334cff0e8ba6532ef322c2da66b37c113cafe45c046eabeb374978c97,./exp7_probe_libstdcxx.exe,c999a548375281e6afa30d545d4d1acaaba8a77de5a571b76493780e81c2fc01,-Wall -Wextra -std=c++11 -O2 -ffp-contract=off -I src,gcc 15.2.0,libstdc++,arm64,libstdcxx,native,c3b4a0a07877c0f8e2370ff7fdae98d3f3d96c15465aadb9eae00a280391c6a6,false
exp7-manifest-1,2026-09-20T20:48:41Z,p1,tail,LEGACY,double,-,1.5,9005,raw/p1/p1_tail_libstdcxx_LEGACY_k1.5_s9005_double.bin,bin,10135,8,1,5,81176,e54d7460409a423a154b0a9cc2482ea10834401aca85ef8178eb34b6140df430,./exp7_probe_libstdcxx.exe,c999a548375281e6afa30d545d4d1acaaba8a77de5a571b76493780e81c2fc01,-Wall -Wextra -std=c++11 -O2 -ffp-contract=off -I src,gcc 15.2.0,libstdc++,arm64,libstdcxx,native,c3b4a0a07877c0f8e2370ff7fdae98d3f3d96c15465aadb9eae00a280391c6a6,false
exp7-manifest-1,2026-09-20T20:48:41Z,p1,tail,CANDIDATE,double,-,1.5,9005,raw/p1/p1_tail_libstdcxx_CANDIDATE_k1.5_s9005_double.bin,bin,9964,8,1,5,79808,7a6d854fb7f648c642c15eea2ae4fe37e314f39267cc1e10e08686d0c925f3ad,./exp7_probe_libstdcxx.exe,c999a548375281e6afa30d545d4d1acaaba8a77de5a571b76493780e81c2fc01,-Wall -Wextra -std=c++11 -O2 -ffp-contract=off -I src,gcc 15.2.0,libstdc++,arm64,libstdcxx,native,c3b4a0a07877c0f8e2370ff7fdae98d3f3d96c15465aadb9eae00a280391c6a6,false
exp7-manifest-1,2026-09-20T20:48:41Z,p1,tail,LEGACY,double,-,2,9001,raw/p1/p1_tail_libstdcxx_LEGACY_k2_s9001_double.bin,bin,10089,8,1,5,80808,4841c01b879646e07bcaa4c8ff407b0ccbca249bd44999dcbeb3d537ec911d9f,./exp7_probe_libstdcxx.exe,c999a548375281e6afa30d545d4d1acaaba8a77de5a571b76493780e81c2fc01,-Wall -Wextra -std=c++11 -O2 -ffp-contract=off -I src,gcc 15.2.0,libstdc++,arm64,libstdcxx,native,c3b4a0a07877c0f8e2370ff7fdae98d3f3d96c15465aadb9eae00a280391c6a6,false
exp7-manifest-1,2026-09-20T20:48:41Z,p1,tail,CANDIDATE,double,-,2,9001,raw/p1/p1_tail_libstdcxx_CANDIDATE_k2_s9001_double.bin,bin,10050,8,1,5,80496,146e74595cfbb94952bb5377ae6858d138130f175e43dae4fd6fef114b81eda1,./exp7_probe_libstdcxx.exe,c999a548375281e6afa30d545d4d1acaaba8a77de5a571b76493780e81c2fc01,-Wall -Wextra -std=c++11 -O2 -ffp-contract=off -I src,gcc 15.2.0,libstdc++,arm64,libstdcxx,native,c3b4a0a07877c0f8e2370ff7fdae98d3f3d96c15465aadb9eae00a280391c6a6,false
exp7-manifest-1,2026-09-20T20:48:41Z,p1,tail,LEGACY,double,-,2,9002,raw/p1/p1_tail_libstdcxx_LEGACY_k2_s9002_double.bin,bin,9684,8,1,5,77568,08ed9f1d287b0e69d336d0eadeed6c36b757ae7c5c0d6579ac53ca0a742abed4,./exp7_probe_libstdcxx.exe,c999a548375281e6afa30d545d4d1acaaba8a77de5a571b76493780e81c2fc01,-Wall -Wextra -std=c++11 -O2 -ffp-contract=off -I src,gcc 15.2.0,libstdc++,arm64,libstdcxx,native,c3b4a0a07877c0f8e2370ff7fdae98d3f3d96c15465aadb9eae00a280391c6a6,false
exp7-manifest-1,2026-09-20T20:48:41Z,p1,tail,CANDIDATE,double,-,2,9002,raw/p1/p1_tail_libstdcxx_CANDIDATE_k2_s9002_double.bin,bin,9994,8,1,5,80048,4eea674558ddb0f1f89d44101485ac37ae100b670aa5880c2a1ffbdb1b9cfddb,./exp7_probe_libstdcxx.exe,c999a548375281e6afa30d545d4d1acaaba8a77de5a571b76493780e81c2fc01,-Wall -Wextra -std=c++11 -O2 -ffp-contract=off -I src,gcc 15.2.0,libstdc++,arm64,libstdcxx,native,c3b4a0a07877c0f8e2370ff7fdae98d3f3d96c15465aadb9eae00a280391c6a6,false
exp7-manifest-1,2026-09-20T20:48:41Z,p1,tail,LEGACY,double,-,2,9003,raw/p1/p1_tail_libstdcxx_LEGACY_k2_s9003_double.bin,bin,10008,8,1,5,80160,23fd8807932978842da55c985316c7dd929c085cc674e7aeb897af6bdc9ead5c,./exp7_probe_libstdcxx.exe,c999a548375281e6afa30d545d4d1acaaba8a77de5a571b76493780e81c2fc01,-Wall -Wextra -std=c++11 -O2 -ffp-contract=off -I src,gcc 15.2.0,libstdc++,arm64,libstdcxx,native,c3b4a0a07877c0f8e2370ff7fdae98d3f3d96c15465aadb9eae00a280391c6a6,false
exp7-manifest-1,2026-09-20T20:48:41Z,p1,tail,CANDIDATE,double,-,2,9003,raw/p1/p1_tail_libstdcxx_CANDIDATE_k2_s9003_double.bin,bin,9830,8,1,5,78736,8a1af76c04c0404e3c544aceedf827f69ab8517afc7bc486aa229b5f12ffe560,./exp7_probe_libstdcxx.exe,c999a548375281e6afa30d545d4d1acaaba8a77de5a571b76493780e81c2fc01,-Wall -Wextra -std=c++11 -O2 -ffp-contract=off -I src,gcc 15.2.0,libstdc++,arm64,libstdcxx,native,c3b4a0a07877c0f8e2370ff7fdae98d3f3d96c15465aadb9eae00a280391c6a6,false
exp7-manifest-1,2026-09-20T20:48:41Z,p1,tail,LEGACY,double,-,2,9004,raw/p1/p1_tail_libstdcxx_LEGACY_k2_s9004_double.bin,bin,9791,8,1,5,78424,aff7504c61e1d7dae494186190b50d9dcc3cd344eb1851083b3e01bdc48e714c,./exp7_probe_libstdcxx.exe,c999a548375281e6afa30d545d4d1acaaba8a77de5a571b76493780e81c2fc01,-Wall -Wextra -std=c++11 -O2 -ffp-contract=off -I src,gcc 15.2.0,libstdc++,arm64,libstdcxx,native,c3b4a0a07877c0f8e2370ff7fdae98d3f3d96c15465aadb9eae00a280391c6a6,false
exp7-manifest-1,2026-09-20T20:48:41Z,p1,tail,CANDIDATE,double,-,2,9004,raw/p1/p1_tail_libstdcxx_CANDIDATE_k2_s9004_double.bin,bin,9969,8,1,5,79848,aa4da39a3ddbdfa85315b5b5c593854e0a3145ff6b3fa197aa6c03254029b170,./exp7_probe_libstdcxx.exe,c999a548375281e6afa30d545d4d1acaaba8a77de5a571b76493780e81c2fc01,-Wall -Wextra -std=c++11 -O2 -ffp-contract=off -I src,gcc 15.2.0,libstdc++,arm64,libstdcxx,native,c3b4a0a07877c0f8e2370ff7fdae98d3f3d96c15465aadb9eae00a280391c6a6,false
exp7-manifest-1,2026-09-20T20:48:41Z,p1,tail,LEGACY,double,-,2,9005,raw/p1/p1_tail_libstdcxx_LEGACY_k2_s9005_double.bin,bin,10088,8,1,5,80800,1822ad26c11d57868946dc07abe9efbc8071fe5cabe7a9ddf7f4ae709e74565d,./exp7_probe_libstdcxx.exe,c999a548375281e6afa30d545d4d1acaaba8a77de5a571b76493780e81c2fc01,-Wall -Wextra -std=c++11 -O2 -ffp-contract=off -I src,gcc 15.2.0,libstdc++,arm64,libstdcxx,native,c3b4a0a07877c0f8e2370ff7fdae98d3f3d96c15465aadb9eae00a280391c6a6,false
exp7-manifest-1,2026-09-20T20:48:41Z,p1,tail,CANDIDATE,double,-,2,9005,raw/p1/p1_tail_libstdcxx_CANDIDATE_k2_s9005_double.bin,bin,10072,8,1,5,80672,ed36ef1fe45499acf4574d0e254ccc2690504d44181e5d508662fa7ef71196e4,./exp7_probe_libstdcxx.exe,c999a548375281e6afa30d545d4d1acaaba8a77de5a571b76493780e81c2fc01,-Wall -Wextra -std=c++11 -O2 -ffp-contract=off -I src,gcc 15.2.0,libstdc++,arm64,libstdcxx,native,c3b4a0a07877c0f8e2370ff7fdae98d3f3d96c15465aadb9eae00a280391c6a6,false
exp7-manifest-1,2026-09-20T20:48:41Z,p1,tail,LEGACY,double,-,5,9001,raw/p1/p1_tail_libstdcxx_LEGACY_k5_s9001_double.bin,bin,9837,8,1,5,78792,97c58e96cc4b2a3f31e1168446b5bb4675cf3c6a05e43261a447d8ff45ea277a,./exp7_probe_libstdcxx.exe,c999a548375281e6afa30d545d4d1acaaba8a77de5a571b76493780e81c2fc01,-Wall -Wextra -std=c++11 -O2 -ffp-contract=off -I src,gcc 15.2.0,libstdc++,arm64,libstdcxx,native,c3b4a0a07877c0f8e2370ff7fdae98d3f3d96c15465aadb9eae00a280391c6a6,false
exp7-manifest-1,2026-09-20T20:48:41Z,p1,tail,CANDIDATE,double,-,5,9001,raw/p1/p1_tail_libstdcxx_CANDIDATE_k5_s9001_double.bin,bin,9996,8,1,5,80064,1044c040f6667631f369e5253ccf3c4542e2d975be3972282bff9ab292c32725,./exp7_probe_libstdcxx.exe,c999a548375281e6afa30d545d4d1acaaba8a77de5a571b76493780e81c2fc01,-Wall -Wextra -std=c++11 -O2 -ffp-contract=off -I src,gcc 15.2.0,libstdc++,arm64,libstdcxx,native,c3b4a0a07877c0f8e2370ff7fdae98d3f3d96c15465aadb9eae00a280391c6a6,false
exp7-manifest-1,2026-09-20T20:48:41Z,p1,tail,LEGACY,double,-,5,9002,raw/p1/p1_tail_libstdcxx_LEGACY_k5_s9002_double.bin,bin,10135,8,1,5,81176,7079547babe08079eb25542007360f72d0cd6d203926bbd5e542699a0c9fd78d,./exp7_probe_libstdcxx.exe,c999a548375281e6afa30d545d4d1acaaba8a77de5a571b76493780e81c2fc01,-Wall -Wextra -std=c++11 -O2 -ffp-contract=off -I src,gcc 15.2.0,libstdc++,arm64,libstdcxx,native,c3b4a0a07877c0f8e2370ff7fdae98d3f3d96c15465aadb9eae00a280391c6a6,false
exp7-manifest-1,2026-09-20T20:48:41Z,p1,tail,CANDIDATE,double,-,5,9002,raw/p1/p1_tail_libstdcxx_CANDIDATE_k5_s9002_double.bin,bin,9912,8,1,5,79392,54674452f64f2e55b799a5e6619f81b525f26537662aa38d28513efbb1c8ac7a,./exp7_probe_libstdcxx.exe,c999a548375281e6afa30d545d4d1acaaba8a77de5a571b76493780e81c2fc01,-Wall -Wextra -std=c++11 -O2 -ffp-contract=off -I src,gcc 15.2.0,libstdc++,arm64,libstdcxx,native,c3b4a0a07877c0f8e2370ff7fdae98d3f3d96c15465aadb9eae00a280391c6a6,false
exp7-manifest-1,2026-09-20T20:48:41Z,p1,tail,LEGACY,double,-,5,9003,raw/p1/p1_tail_libstdcxx_LEGACY_k5_s9003_double.bin,bin,9969,8,1,5,79848,98ab07a63bba29373c4c5e5e478c75dba175680c1d93f234ee9ee1b75d62560b,./exp7_probe_libstdcxx.exe,c999a548375281e6afa30d545d4d1acaaba8a77de5a571b76493780e81c2fc01,-Wall -Wextra -std=c++11 -O2 -ffp-contract=off -I src,gcc 15.2.0,libstdc++,arm64,libstdcxx,native,c3b4a0a07877c0f8e2370ff7fdae98d3f3d96c15465aadb9eae00a280391c6a6,false
exp7-manifest-1,2026-09-20T20:48:41Z,p1,tail,CANDIDATE,double,-,5,9003,raw/p1/p1_tail_libstdcxx_CANDIDATE_k5_s9003_double.bin,bin,10053,8,1,5,80520,edd1b9efdae1f4a4aa8d0942ada665effedb9920211e3139807f104f77e1c0a2,./exp7_probe_libstdcxx.exe,c999a548375281e6afa30d545d4d1acaaba8a77de5a571b76493780e81c2fc01,-Wall -Wextra -std=c++11 -O2 -ffp-contract=off -I src,gcc 15.2.0,libstdc++,arm64,libstdcxx,native,c3b4a0a07877c0f8e2370ff7fdae98d3f3d96c15465aadb9eae00a280391c6a6,false
exp7-manifest-1,2026-09-20T20:48:41Z,p1,tail,LEGACY,double,-,5,9004,raw/p1/p1_tail_libstdcxx_LEGACY_k5_s9004_double.bin,bin,9970,8,1,5,79856,eef0d202d5464aab0a64c16fe141b81417902f74fe6cb86438c4eafa1ea880b2,./exp7_probe_libstdcxx.exe,c999a548375281e6afa30d545d4d1acaaba8a77de5a571b76493780e81c2fc01,-Wall -Wextra -std=c++11 -O2 -ffp-contract=off -I src,gcc 15.2.0,libstdc++,arm64,libstdcxx,native,c3b4a0a07877c0f8e2370ff7fdae98d3f3d96c15465aadb9eae00a280391c6a6,false
exp7-manifest-1,2026-09-20T20:48:41Z,p1,tail,CANDIDATE,double,-,5,9004,raw/p1/p1_tail_libstdcxx_CANDIDATE_k5_s9004_double.bin,bin,9844,8,1,5,78848,6db0fb2568a9f0cdb180d0ec4e9eaf175c43ede7b0d841894efc1206a5978c9c,./exp7_probe_libstdcxx.exe,c999a548375281e6afa30d545d4d1acaaba8a77de5a571b76493780e81c2fc01,-Wall -Wextra -std=c++11 -O2 -ffp-contract=off -I src,gcc 15.2.0,libstdc++,arm64,libstdcxx,native,c3b4a0a07877c0f8e2370ff7fdae98d3f3d96c15465aadb9eae00a280391c6a6,false
exp7-manifest-1,2026-09-20T20:48:41Z,p1,tail,LEGACY,double,-,5,9005,raw/p1/p1_tail_libstdcxx_LEGACY_k5_s9005_double.bin,bin,9731,8,1,5,77944,9c8101caeca5ed31f7c5fd0184fc7b8e94fcc50256b3004b21b14a9d0f1fe6b1,./exp7_probe_libstdcxx.exe,c999a548375281e6afa30d545d4d1acaaba8a77de5a571b76493780e81c2fc01,-Wall -Wextra -std=c++11 -O2 -ffp-contract=off -I src,gcc 15.2.0,libstdc++,arm64,libstdcxx,native,c3b4a0a07877c0f8e2370ff7fdae98d3f3d96c15465aadb9eae00a280391c6a6,false
exp7-manifest-1,2026-09-20T20:48:41Z,p1,tail,CANDIDATE,double,-,5,9005,raw/p1/p1_tail_libstdcxx_CANDIDATE_k5_s9005_double.bin,bin,10061,8,1,5,80584,a2c487027d3a7f9a873bf7e2988c908794aba89aa336d3a9e9416a7c8bb4ac24,./exp7_probe_libstdcxx.exe,c999a548375281e6afa30d545d4d1acaaba8a77de5a571b76493780e81c2fc01,-Wall -Wextra -std=c++11 -O2 -ffp-contract=off -I src,gcc 15.2.0,libstdc++,arm64,libstdcxx,native,c3b4a0a07877c0f8e2370ff7fdae98d3f3d96c15465aadb9eae00a280391c6a6,false
exp7-manifest-1,2026-09-20T20:48:41Z,p1,tail,LEGACY,float,-,0.50009999999999999,9001,raw/p1/p1_tail_libstdcxx_LEGACY_k0.5001_s9001_float.bin,bin,0,8,1,5,96,5a7abf72d4e596de5959051d19f45fd7a4fafb0e6dd03dbdfe2ce52c378b48af,./exp7_probe_libstdcxx.exe,c999a548375281e6afa30d545d4d1acaaba8a77de5a571b76493780e81c2fc01,-Wall -Wextra -std=c++11 -O2 -ffp-contract=off -I src,gcc 15.2.0,libstdc++,arm64,libstdcxx,native,c3b4a0a07877c0f8e2370ff7fdae98d3f3d96c15465aadb9eae00a280391c6a6,false
exp7-manifest-1,2026-09-20T20:48:41Z,p1,tail,CANDIDATE,float,-,0.50009999999999999,9001,raw/p1/p1_tail_libstdcxx_CANDIDATE_k0.5001_s9001_float.bin,bin,10034,8,1,5,80368,acda92f28a3b726359f19667fd15fe9a72769b32d177a28346d1fc5776bb49b9,./exp7_probe_libstdcxx.exe,c999a548375281e6afa30d545d4d1acaaba8a77de5a571b76493780e81c2fc01,-Wall -Wextra -std=c++11 -O2 -ffp-contract=off -I src,gcc 15.2.0,libstdc++,arm64,libstdcxx,native,c3b4a0a07877c0f8e2370ff7fdae98d3f3d96c15465aadb9eae00a280391c6a6,false
exp7-manifest-1,2026-09-20T20:48:41Z,p1,tail,LEGACY,float,-,0.50009999999999999,9002,raw/p1/p1_tail_libstdcxx_LEGACY_k0.5001_s9002_float.bin,bin,0,8,1,5,96,fc0febbb277eb3853941da623f333387de5ff7d4c89ba5a0dd2c7c79aa46be1d,./exp7_probe_libstdcxx.exe,c999a548375281e6afa30d545d4d1acaaba8a77de5a571b76493780e81c2fc01,-Wall -Wextra -std=c++11 -O2 -ffp-contract=off -I src,gcc 15.2.0,libstdc++,arm64,libstdcxx,native,c3b4a0a07877c0f8e2370ff7fdae98d3f3d96c15465aadb9eae00a280391c6a6,false
exp7-manifest-1,2026-09-20T20:48:41Z,p1,tail,CANDIDATE,float,-,0.50009999999999999,9002,raw/p1/p1_tail_libstdcxx_CANDIDATE_k0.5001_s9002_float.bin,bin,9894,8,1,5,79248,700f2ea593840632a2c3a170aa4ed8e142253bc9fd6182a8000b3f9777c13065,./exp7_probe_libstdcxx.exe,c999a548375281e6afa30d545d4d1acaaba8a77de5a571b76493780e81c2fc01,-Wall -Wextra -std=c++11 -O2 -ffp-contract=off -I src,gcc 15.2.0,libstdc++,arm64,libstdcxx,native,c3b4a0a07877c0f8e2370ff7fdae98d3f3d96c15465aadb9eae00a280391c6a6,false
exp7-manifest-1,2026-09-20T20:48:41Z,p1,tail,LEGACY,float,-,0.50009999999999999,9003,raw/p1/p1_tail_libstdcxx_LEGACY_k0.5001_s9003_float.bin,bin,0,8,1,5,96,829466cf0b194611e394419f58496a5a1241852306cb9fa3aa20b991921d6c86,./exp7_probe_libstdcxx.exe,c999a548375281e6afa30d545d4d1acaaba8a77de5a571b76493780e81c2fc01,-Wall -Wextra -std=c++11 -O2 -ffp-contract=off -I src,gcc 15.2.0,libstdc++,arm64,libstdcxx,native,c3b4a0a07877c0f8e2370ff7fdae98d3f3d96c15465aadb9eae00a280391c6a6,false
exp7-manifest-1,2026-09-20T20:48:41Z,p1,tail,CANDIDATE,float,-,0.50009999999999999,9003,raw/p1/p1_tail_libstdcxx_CANDIDATE_k0.5001_s9003_float.bin,bin,9965,8,1,5,79816,fe7fdb172740ebc885b58d594a8dc2bdb25cc0496506048ba6c774bfdb55c3ea,./exp7_probe_libstdcxx.exe,c999a548375281e6afa30d545d4d1acaaba8a77de5a571b76493780e81c2fc01,-Wall -Wextra -std=c++11 -O2 -ffp-contract=off -I src,gcc 15.2.0,libstdc++,arm64,libstdcxx,native,c3b4a0a07877c0f8e2370ff7fdae98d3f3d96c15465aadb9eae00a280391c6a6,false
exp7-manifest-1,2026-09-20T20:48:41Z,p1,tail,LEGACY,float,-,0.50009999999999999,9004,raw/p1/p1_tail_libstdcxx_LEGACY_k0.5001_s9004_float.bin,bin,0,8,1,5,96,3ccc1de47d44d3b6edfefd5f4c9570fe8eba0a35297f3a84a7f216e5f7bf399f,./exp7_probe_libstdcxx.exe,c999a548375281e6afa30d545d4d1acaaba8a77de5a571b76493780e81c2fc01,-Wall -Wextra -std=c++11 -O2 -ffp-contract=off -I src,gcc 15.2.0,libstdc++,arm64,libstdcxx,native,c3b4a0a07877c0f8e2370ff7fdae98d3f3d96c15465aadb9eae00a280391c6a6,false
exp7-manifest-1,2026-09-20T20:48:41Z,p1,tail,CANDIDATE,float,-,0.50009999999999999,9004,raw/p1/p1_tail_libstdcxx_CANDIDATE_k0.5001_s9004_float.bin,bin,9950,8,1,5,79696,11aa85992bed69590f71043c359f012408306956440d4286bce82daaad149b3d,./exp7_probe_libstdcxx.exe,c999a548375281e6afa30d545d4d1acaaba8a77de5a571b76493780e81c2fc01,-Wall -Wextra -std=c++11 -O2 -ffp-contract=off -I src,gcc 15.2.0,libstdc++,arm64,libstdcxx,native,c3b4a0a07877c0f8e2370ff7fdae98d3f3d96c15465aadb9eae00a280391c6a6,false
exp7-manifest-1,2026-09-20T20:48:41Z,p1,tail,LEGACY,float,-,0.50009999999999999,9005,raw/p1/p1_tail_libstdcxx_LEGACY_k0.5001_s9005_float.bin,bin,0,8,1,5,96,1f602be7c59b6067328ba8d57fb94818428ef0fd783d7ed1048e411b7cefb718,./exp7_probe_libstdcxx.exe,c999a548375281e6afa30d545d4d1acaaba8a77de5a571b76493780e81c2fc01,-Wall -Wextra -std=c++11 -O2 -ffp-contract=off -I src,gcc 15.2.0,libstdc++,arm64,libstdcxx,native,c3b4a0a07877c0f8e2370ff7fdae98d3f3d96c15465aadb9eae00a280391c6a6,false
exp7-manifest-1,2026-09-20T20:48:41Z,p1,tail,CANDIDATE,float,-,0.50009999999999999,9005,raw/p1/p1_tail_libstdcxx_CANDIDATE_k0.5001_s9005_float.bin,bin,10139,8,1,5,81208,99d835abcbc08657d09ed6d4f20e1507ba01682e7c50c20dc32d31075baa453c,./exp7_probe_libstdcxx.exe,c999a548375281e6afa30d545d4d1acaaba8a77de5a571b76493780e81c2fc01,-Wall -Wextra -std=c++11 -O2 -ffp-contract=off -I src,gcc 15.2.0,libstdc++,arm64,libstdcxx,native,c3b4a0a07877c0f8e2370ff7fdae98d3f3d96c15465aadb9eae00a280391c6a6,false
exp7-manifest-1,2026-09-20T20:48:41Z,p1,tail,LEGACY,float,-,0.501,9001,raw/p1/p1_tail_libstdcxx_LEGACY_k0.501_s9001_float.bin,bin,0,8,1,5,96,8ef34a8db479f6b10c4cb7d4be63ed4e028683f0155b7299323daac3fcb36b03,./exp7_probe_libstdcxx.exe,c999a548375281e6afa30d545d4d1acaaba8a77de5a571b76493780e81c2fc01,-Wall -Wextra -std=c++11 -O2 -ffp-contract=off -I src,gcc 15.2.0,libstdc++,arm64,libstdcxx,native,c3b4a0a07877c0f8e2370ff7fdae98d3f3d96c15465aadb9eae00a280391c6a6,false
exp7-manifest-1,2026-09-20T20:48:41Z,p1,tail,CANDIDATE,float,-,0.501,9001,raw/p1/p1_tail_libstdcxx_CANDIDATE_k0.501_s9001_float.bin,bin,9940,8,1,5,79616,4975d347493ad28415be0fb31ae79346cb0cccb8bf6f775cbb7235971e23ceed,./exp7_probe_libstdcxx.exe,c999a548375281e6afa30d545d4d1acaaba8a77de5a571b76493780e81c2fc01,-Wall -Wextra -std=c++11 -O2 -ffp-contract=off -I src,gcc 15.2.0,libstdc++,arm64,libstdcxx,native,c3b4a0a07877c0f8e2370ff7fdae98d3f3d96c15465aadb9eae00a280391c6a6,false
exp7-manifest-1,2026-09-20T20:48:41Z,p1,tail,LEGACY,float,-,0.501,9002,raw/p1/p1_tail_libstdcxx_LEGACY_k0.501_s9002_float.bin,bin,0,8,1,5,96,602ddd2be18beb967110831a3618f653554736afea2ddb4fbde990f5ffa4e980,./exp7_probe_libstdcxx.exe,c999a548375281e6afa30d545d4d1acaaba8a77de5a571b76493780e81c2fc01,-Wall -Wextra -std=c++11 -O2 -ffp-contract=off -I src,gcc 15.2.0,libstdc++,arm64,libstdcxx,native,c3b4a0a07877c0f8e2370ff7fdae98d3f3d96c15465aadb9eae00a280391c6a6,false
exp7-manifest-1,2026-09-20T20:48:41Z,p1,tail,CANDIDATE,float,-,0.501,9002,raw/p1/p1_tail_libstdcxx_CANDIDATE_k0.501_s9002_float.bin,bin,10086,8,1,5,80784,69267bb87d2d2a01c427ab91b0f7a90a32baee316a44becebe8d90ab1fc3ab9d,./exp7_probe_libstdcxx.exe,c999a548375281e6afa30d545d4d1acaaba8a77de5a571b76493780e81c2fc01,-Wall -Wextra -std=c++11 -O2 -ffp-contract=off -I src,gcc 15.2.0,libstdc++,arm64,libstdcxx,native,c3b4a0a07877c0f8e2370ff7fdae98d3f3d96c15465aadb9eae00a280391c6a6,false
exp7-manifest-1,2026-09-20T20:48:41Z,p1,tail,LEGACY,float,-,0.501,9003,raw/p1/p1_tail_libstdcxx_LEGACY_k0.501_s9003_float.bin,bin,0,8,1,5,96,1254ddcd11a559ebc0fe51743628ccdfa5d1e6f107e647994814fa319ee1b6ac,./exp7_probe_libstdcxx.exe,c999a548375281e6afa30d545d4d1acaaba8a77de5a571b76493780e81c2fc01,-Wall -Wextra -std=c++11 -O2 -ffp-contract=off -I src,gcc 15.2.0,libstdc++,arm64,libstdcxx,native,c3b4a0a07877c0f8e2370ff7fdae98d3f3d96c15465aadb9eae00a280391c6a6,false
exp7-manifest-1,2026-09-20T20:48:41Z,p1,tail,CANDIDATE,float,-,0.501,9003,raw/p1/p1_tail_libstdcxx_CANDIDATE_k0.501_s9003_float.bin,bin,10013,8,1,5,80200,9670b4376adc6d7f36abaa1169bb819f4642fa1610b2e3a876c5b4725e65dfbf,./exp7_probe_libstdcxx.exe,c999a548375281e6afa30d545d4d1acaaba8a77de5a571b76493780e81c2fc01,-Wall -Wextra -std=c++11 -O2 -ffp-contract=off -I src,gcc 15.2.0,libstdc++,arm64,libstdcxx,native,c3b4a0a07877c0f8e2370ff7fdae98d3f3d96c15465aadb9eae00a280391c6a6,false
exp7-manifest-1,2026-09-20T20:48:41Z,p1,tail,LEGACY,float,-,0.501,9004,raw/p1/p1_tail_libstdcxx_LEGACY_k0.501_s9004_float.bin,bin,0,8,1,5,96,d34ed1f0de745205b7ceaa77552ab4e419b06ac90dc39cf672a6a243cbacb85a,./exp7_probe_libstdcxx.exe,c999a548375281e6afa30d545d4d1acaaba8a77de5a571b76493780e81c2fc01,-Wall -Wextra -std=c++11 -O2 -ffp-contract=off -I src,gcc 15.2.0,libstdc++,arm64,libstdcxx,native,c3b4a0a07877c0f8e2370ff7fdae98d3f3d96c15465aadb9eae00a280391c6a6,false
exp7-manifest-1,2026-09-20T20:48:41Z,p1,tail,CANDIDATE,float,-,0.501,9004,raw/p1/p1_tail_libstdcxx_CANDIDATE_k0.501_s9004_float.bin,bin,9981,8,1,5,79944,d99af0470992f05fc0ebe0bba76d052ee48943b2a92b0a226a5032616b4a9f36,./exp7_probe_libstdcxx.exe,c999a548375281e6afa30d545d4d1acaaba8a77de5a571b76493780e81c2fc01,-Wall -Wextra -std=c++11 -O2 -ffp-contract=off -I src,gcc 15.2.0,libstdc++,arm64,libstdcxx,native,c3b4a0a07877c0f8e2370ff7fdae98d3f3d96c15465aadb9eae00a280391c6a6,false
exp7-manifest-1,2026-09-20T20:48:41Z,p1,tail,LEGACY,float,-,0.501,9005,raw/p1/p1_tail_libstdcxx_LEGACY_k0.501_s9005_float.bin,bin,0,8,1,5,96,4b3cf87ff4da6099b5322b30245ed7a4d2f75a3d3c922863a523529b051705f0,./exp7_probe_libstdcxx.exe,c999a548375281e6afa30d545d4d1acaaba8a77de5a571b76493780e81c2fc01,-Wall -Wextra -std=c++11 -O2 -ffp-contract=off -I src,gcc 15.2.0,libstdc++,arm64,libstdcxx,native,c3b4a0a07877c0f8e2370ff7fdae98d3f3d96c15465aadb9eae00a280391c6a6,false
exp7-manifest-1,2026-09-20T20:48:41Z,p1,tail,CANDIDATE,float,-,0.501,9005,raw/p1/p1_tail_libstdcxx_CANDIDATE_k0.501_s9005_float.bin,bin,10081,8,1,5,80744,d69e0689eeb34aa9d86220074bc6111e0994dda4119dcada2e7c19fafdbadb2a,./exp7_probe_libstdcxx.exe,c999a548375281e6afa30d545d4d1acaaba8a77de5a571b76493780e81c2fc01,-Wall -Wextra -std=c++11 -O2 -ffp-contract=off -I src,gcc 15.2.0,libstdc++,arm64,libstdcxx,native,c3b4a0a07877c0f8e2370ff7fdae98d3f3d96c15465aadb9eae00a280391c6a6,false
exp7-manifest-1,2026-09-20T20:48:41Z,p1,tail,LEGACY,float,-,0.505,9001,raw/p1/p1_tail_libstdcxx_LEGACY_k0.505_s9001_float.bin,bin,0,8,1,5,96,0dc633af06c71cc4dcaf3f9071c05cda5270da300f486c3fdb4857bd82acd92a,./exp7_probe_libstdcxx.exe,c999a548375281e6afa30d545d4d1acaaba8a77de5a571b76493780e81c2fc01,-Wall -Wextra -std=c++11 -O2 -ffp-contract=off -I src,gcc 15.2.0,libstdc++,arm64,libstdcxx,native,c3b4a0a07877c0f8e2370ff7fdae98d3f3d96c15465aadb9eae00a280391c6a6,false
exp7-manifest-1,2026-09-20T20:48:41Z,p1,tail,CANDIDATE,float,-,0.505,9001,raw/p1/p1_tail_libstdcxx_CANDIDATE_k0.505_s9001_float.bin,bin,10035,8,1,5,80376,c141c5e6630dc50c7d9cb4aa35c088df805a4a7cfcb129fe3e982114a3d3e0d0,./exp7_probe_libstdcxx.exe,c999a548375281e6afa30d545d4d1acaaba8a77de5a571b76493780e81c2fc01,-Wall -Wextra -std=c++11 -O2 -ffp-contract=off -I src,gcc 15.2.0,libstdc++,arm64,libstdcxx,native,c3b4a0a07877c0f8e2370ff7fdae98d3f3d96c15465aadb9eae00a280391c6a6,false
exp7-manifest-1,2026-09-20T20:48:41Z,p1,tail,LEGACY,float,-,0.505,9002,raw/p1/p1_tail_libstdcxx_LEGACY_k0.505_s9002_float.bin,bin,0,8,1,5,96,03efe584d24544ad638c0b20109b265ed495ec1a0ae5401f7b21dcbc9b68cfa9,./exp7_probe_libstdcxx.exe,c999a548375281e6afa30d545d4d1acaaba8a77de5a571b76493780e81c2fc01,-Wall -Wextra -std=c++11 -O2 -ffp-contract=off -I src,gcc 15.2.0,libstdc++,arm64,libstdcxx,native,c3b4a0a07877c0f8e2370ff7fdae98d3f3d96c15465aadb9eae00a280391c6a6,false
exp7-manifest-1,2026-09-20T20:48:41Z,p1,tail,CANDIDATE,float,-,0.505,9002,raw/p1/p1_tail_libstdcxx_CANDIDATE_k0.505_s9002_float.bin,bin,10053,8,1,5,80520,a8c95f88c293f0c84526a6f725ba12a72a01bd5f1ef71fdd447039661b5de3d6,./exp7_probe_libstdcxx.exe,c999a548375281e6afa30d545d4d1acaaba8a77de5a571b76493780e81c2fc01,-Wall -Wextra -std=c++11 -O2 -ffp-contract=off -I src,gcc 15.2.0,libstdc++,arm64,libstdcxx,native,c3b4a0a07877c0f8e2370ff7fdae98d3f3d96c15465aadb9eae00a280391c6a6,false
exp7-manifest-1,2026-09-20T20:48:41Z,p1,tail,LEGACY,float,-,0.505,9003,raw/p1/p1_tail_libstdcxx_LEGACY_k0.505_s9003_float.bin,bin,0,8,1,5,96,f546ba93cc25658412d1012b8a247bf570dd4eb2f6693fdee36f257251ce510c,./exp7_probe_libstdcxx.exe,c999a548375281e6afa30d545d4d1acaaba8a77de5a571b76493780e81c2fc01,-Wall -Wextra -std=c++11 -O2 -ffp-contract=off -I src,gcc 15.2.0,libstdc++,arm64,libstdcxx,native,c3b4a0a07877c0f8e2370ff7fdae98d3f3d96c15465aadb9eae00a280391c6a6,false
exp7-manifest-1,2026-09-20T20:48:41Z,p1,tail,CANDIDATE,float,-,0.505,9003,raw/p1/p1_tail_libstdcxx_CANDIDATE_k0.505_s9003_float.bin,bin,9927,8,1,5,79512,cf8685d3f60769a11d1ac586083efe116357554c8bae1cd52229ffa3e5dd9d47,./exp7_probe_libstdcxx.exe,c999a548375281e6afa30d545d4d1acaaba8a77de5a571b76493780e81c2fc01,-Wall -Wextra -std=c++11 -O2 -ffp-contract=off -I src,gcc 15.2.0,libstdc++,arm64,libstdcxx,native,c3b4a0a07877c0f8e2370ff7fdae98d3f3d96c15465aadb9eae00a280391c6a6,false
exp7-manifest-1,2026-09-20T20:48:41Z,p1,tail,LEGACY,float,-,0.505,9004,raw/p1/p1_tail_libstdcxx_LEGACY_k0.505_s9004_float.bin,bin,0,8,1,5,96,60d1f367af3799ca9fdf63f4408199181f67c1552e75b5c9985c26a149bf8255,./exp7_probe_libstdcxx.exe,c999a548375281e6afa30d545d4d1acaaba8a77de5a571b76493780e81c2fc01,-Wall -Wextra -std=c++11 -O2 -ffp-contract=off -I src,gcc 15.2.0,libstdc++,arm64,libstdcxx,native,c3b4a0a07877c0f8e2370ff7fdae98d3f3d96c15465aadb9eae00a280391c6a6,false
exp7-manifest-1,2026-09-20T20:48:41Z,p1,tail,CANDIDATE,float,-,0.505,9004,raw/p1/p1_tail_libstdcxx_CANDIDATE_k0.505_s9004_float.bin,bin,9816,8,1,5,78624,90c31e4a25a7aa834f03aa277f9e46f98202dc2e645fd25bdd3714151cd18d2c,./exp7_probe_libstdcxx.exe,c999a548375281e6afa30d545d4d1acaaba8a77de5a571b76493780e81c2fc01,-Wall -Wextra -std=c++11 -O2 -ffp-contract=off -I src,gcc 15.2.0,libstdc++,arm64,libstdcxx,native,c3b4a0a07877c0f8e2370ff7fdae98d3f3d96c15465aadb9eae00a280391c6a6,false
exp7-manifest-1,2026-09-20T20:48:41Z,p1,tail,LEGACY,float,-,0.505,9005,raw/p1/p1_tail_libstdcxx_LEGACY_k0.505_s9005_float.bin,bin,0,8,1,5,96,c966e019ee441fea0b954edb591d2dfcec3fc923c3cbace7bad8d42ff48f7918,./exp7_probe_libstdcxx.exe,c999a548375281e6afa30d545d4d1acaaba8a77de5a571b76493780e81c2fc01,-Wall -Wextra -std=c++11 -O2 -ffp-contract=off -I src,gcc 15.2.0,libstdc++,arm64,libstdcxx,native,c3b4a0a07877c0f8e2370ff7fdae98d3f3d96c15465aadb9eae00a280391c6a6,false
exp7-manifest-1,2026-09-20T20:48:41Z,p1,tail,CANDIDATE,float,-,0.505,9005,raw/p1/p1_tail_libstdcxx_CANDIDATE_k0.505_s9005_float.bin,bin,10064,8,1,5,80608,f868fe0a87a25b1a94622e4c46dc34d5253271b3f47e87593423c28d2a8cbce8,./exp7_probe_libstdcxx.exe,c999a548375281e6afa30d545d4d1acaaba8a77de5a571b76493780e81c2fc01,-Wall -Wextra -std=c++11 -O2 -ffp-contract=off -I src,gcc 15.2.0,libstdc++,arm64,libstdcxx,native,c3b4a0a07877c0f8e2370ff7fdae98d3f3d96c15465aadb9eae00a280391c6a6,false
exp7-manifest-1,2026-09-20T20:48:41Z,p1,tail,LEGACY,float,-,0.51000000000000001,9001,raw/p1/p1_tail_libstdcxx_LEGACY_k0.51_s9001_float.bin,bin,0,8,1,5,96,9d7c318d6616741e31bd4c423267f136fbb2a8a3c43e29eea3a16524d12a3dc3,./exp7_probe_libstdcxx.exe,c999a548375281e6afa30d545d4d1acaaba8a77de5a571b76493780e81c2fc01,-Wall -Wextra -std=c++11 -O2 -ffp-contract=off -I src,gcc 15.2.0,libstdc++,arm64,libstdcxx,native,c3b4a0a07877c0f8e2370ff7fdae98d3f3d96c15465aadb9eae00a280391c6a6,false
exp7-manifest-1,2026-09-20T20:48:41Z,p1,tail,CANDIDATE,float,-,0.51000000000000001,9001,raw/p1/p1_tail_libstdcxx_CANDIDATE_k0.51_s9001_float.bin,bin,10068,8,1,5,80640,d0cf41fe9b80c28a3edbab57649eb808d59f185fd48d77947dcda5222b027602,./exp7_probe_libstdcxx.exe,c999a548375281e6afa30d545d4d1acaaba8a77de5a571b76493780e81c2fc01,-Wall -Wextra -std=c++11 -O2 -ffp-contract=off -I src,gcc 15.2.0,libstdc++,arm64,libstdcxx,native,c3b4a0a07877c0f8e2370ff7fdae98d3f3d96c15465aadb9eae00a280391c6a6,false
exp7-manifest-1,2026-09-20T20:48:41Z,p1,tail,LEGACY,float,-,0.51000000000000001,9002,raw/p1/p1_tail_libstdcxx_LEGACY_k0.51_s9002_float.bin,bin,0,8,1,5,96,a5899dc61bc7454f117d0fb5ad10e5137ec8eaceff2b36ec88d6f64cdccfe36e,./exp7_probe_libstdcxx.exe,c999a548375281e6afa30d545d4d1acaaba8a77de5a571b76493780e81c2fc01,-Wall -Wextra -std=c++11 -O2 -ffp-contract=off -I src,gcc 15.2.0,libstdc++,arm64,libstdcxx,native,c3b4a0a07877c0f8e2370ff7fdae98d3f3d96c15465aadb9eae00a280391c6a6,false
exp7-manifest-1,2026-09-20T20:48:41Z,p1,tail,CANDIDATE,float,-,0.51000000000000001,9002,raw/p1/p1_tail_libstdcxx_CANDIDATE_k0.51_s9002_float.bin,bin,10060,8,1,5,80576,584bc6a341f793946a145cc581ea8b3ba92d97bb749cae0521577cdbf042ca75,./exp7_probe_libstdcxx.exe,c999a548375281e6afa30d545d4d1acaaba8a77de5a571b76493780e81c2fc01,-Wall -Wextra -std=c++11 -O2 -ffp-contract=off -I src,gcc 15.2.0,libstdc++,arm64,libstdcxx,native,c3b4a0a07877c0f8e2370ff7fdae98d3f3d96c15465aadb9eae00a280391c6a6,false
exp7-manifest-1,2026-09-20T20:48:41Z,p1,tail,LEGACY,float,-,0.51000000000000001,9003,raw/p1/p1_tail_libstdcxx_LEGACY_k0.51_s9003_float.bin,bin,0,8,1,5,96,fbfe55d7f676969884ebf4a76529e168a9d4b5154271c486d448cecab11f75ec,./exp7_probe_libstdcxx.exe,c999a548375281e6afa30d545d4d1acaaba8a77de5a571b76493780e81c2fc01,-Wall -Wextra -std=c++11 -O2 -ffp-contract=off -I src,gcc 15.2.0,libstdc++,arm64,libstdcxx,native,c3b4a0a07877c0f8e2370ff7fdae98d3f3d96c15465aadb9eae00a280391c6a6,false
exp7-manifest-1,2026-09-20T20:48:41Z,p1,tail,CANDIDATE,float,-,0.51000000000000001,9003,raw/p1/p1_tail_libstdcxx_CANDIDATE_k0.51_s9003_float.bin,bin,9998,8,1,5,80080,60227b8ce601a462e2b4ea53b71d1ad93de885cb88124fb297e1a9e4fa3b2f4b,./exp7_probe_libstdcxx.exe,c999a548375281e6afa30d545d4d1acaaba8a77de5a571b76493780e81c2fc01,-Wall -Wextra -std=c++11 -O2 -ffp-contract=off -I src,gcc 15.2.0,libstdc++,arm64,libstdcxx,native,c3b4a0a07877c0f8e2370ff7fdae98d3f3d96c15465aadb9eae00a280391c6a6,false
exp7-manifest-1,2026-09-20T20:48:41Z,p1,tail,LEGACY,float,-,0.51000000000000001,9004,raw/p1/p1_tail_libstdcxx_LEGACY_k0.51_s9004_float.bin,bin,0,8,1,5,96,95f561435f9f2e70809de34dd6096506f3c4e48d4fdc6a02fe4d16871cbbe23f,./exp7_probe_libstdcxx.exe,c999a548375281e6afa30d545d4d1acaaba8a77de5a571b76493780e81c2fc01,-Wall -Wextra -std=c++11 -O2 -ffp-contract=off -I src,gcc 15.2.0,libstdc++,arm64,libstdcxx,native,c3b4a0a07877c0f8e2370ff7fdae98d3f3d96c15465aadb9eae00a280391c6a6,false
exp7-manifest-1,2026-09-20T20:48:41Z,p1,tail,CANDIDATE,float,-,0.51000000000000001,9004,raw/p1/p1_tail_libstdcxx_CANDIDATE_k0.51_s9004_float.bin,bin,9947,8,1,5,79672,28527a42d9c07c33ed1ca3d3631fa838794ebe69e371ed15db0e33812a252064,./exp7_probe_libstdcxx.exe,c999a548375281e6afa30d545d4d1acaaba8a77de5a571b76493780e81c2fc01,-Wall -Wextra -std=c++11 -O2 -ffp-contract=off -I src,gcc 15.2.0,libstdc++,arm64,libstdcxx,native,c3b4a0a07877c0f8e2370ff7fdae98d3f3d96c15465aadb9eae00a280391c6a6,false
exp7-manifest-1,2026-09-20T20:48:41Z,p1,tail,LEGACY,float,-,0.51000000000000001,9005,raw/p1/p1_tail_libstdcxx_LEGACY_k0.51_s9005_float.bin,bin,0,8,1,5,96,37bc5575f8347822c590aa693fbc1c04618524be91cc12ea0f525e1a790c462e,./exp7_probe_libstdcxx.exe,c999a548375281e6afa30d545d4d1acaaba8a77de5a571b76493780e81c2fc01,-Wall -Wextra -std=c++11 -O2 -ffp-contract=off -I src,gcc 15.2.0,libstdc++,arm64,libstdcxx,native,c3b4a0a07877c0f8e2370ff7fdae98d3f3d96c15465aadb9eae00a280391c6a6,false
exp7-manifest-1,2026-09-20T20:48:41Z,p1,tail,CANDIDATE,float,-,0.51000000000000001,9005,raw/p1/p1_tail_libstdcxx_CANDIDATE_k0.51_s9005_float.bin,bin,10138,8,1,5,81200,48ab2fbf64f81b459afbb4006010651cf57cd99f5b601df704a186fbf2130490,./exp7_probe_libstdcxx.exe,c999a548375281e6afa30d545d4d1acaaba8a77de5a571b76493780e81c2fc01,-Wall -Wextra -std=c++11 -O2 -ffp-contract=off -I src,gcc 15.2.0,libstdc++,arm64,libstdcxx,native,c3b4a0a07877c0f8e2370ff7fdae98d3f3d96c15465aadb9eae00a280391c6a6,false
exp7-manifest-1,2026-09-20T20:48:41Z,p1,tail,LEGACY,float,-,0.55000000000000004,9001,raw/p1/p1_tail_libstdcxx_LEGACY_k0.55_s9001_float.bin,bin,4237,8,1,5,33992,f44f3f472fdb50e40927203eb4bd33f29718366e75ccd12800ae240036708086,./exp7_probe_libstdcxx.exe,c999a548375281e6afa30d545d4d1acaaba8a77de5a571b76493780e81c2fc01,-Wall -Wextra -std=c++11 -O2 -ffp-contract=off -I src,gcc 15.2.0,libstdc++,arm64,libstdcxx,native,c3b4a0a07877c0f8e2370ff7fdae98d3f3d96c15465aadb9eae00a280391c6a6,false
exp7-manifest-1,2026-09-20T20:48:41Z,p1,tail,CANDIDATE,float,-,0.55000000000000004,9001,raw/p1/p1_tail_libstdcxx_CANDIDATE_k0.55_s9001_float.bin,bin,10051,8,1,5,80504,368d1084dabf4744c5dd51b13a5f9f4a3e05448da6d7e8a546a17d5671778d87,./exp7_probe_libstdcxx.exe,c999a548375281e6afa30d545d4d1acaaba8a77de5a571b76493780e81c2fc01,-Wall -Wextra -std=c++11 -O2 -ffp-contract=off -I src,gcc 15.2.0,libstdc++,arm64,libstdcxx,native,c3b4a0a07877c0f8e2370ff7fdae98d3f3d96c15465aadb9eae00a280391c6a6,false
exp7-manifest-1,2026-09-20T20:48:41Z,p1,tail,LEGACY,float,-,0.55000000000000004,9002,raw/p1/p1_tail_libstdcxx_LEGACY_k0.55_s9002_float.bin,bin,4282,8,1,5,34352,99a848d2653b10983d6b8075de1efbdb3b3496813703c3429ea96165b8db7ebe,./exp7_probe_libstdcxx.exe,c999a548375281e6afa30d545d4d1acaaba8a77de5a571b76493780e81c2fc01,-Wall -Wextra -std=c++11 -O2 -ffp-contract=off -I src,gcc 15.2.0,libstdc++,arm64,libstdcxx,native,c3b4a0a07877c0f8e2370ff7fdae98d3f3d96c15465aadb9eae00a280391c6a6,false
exp7-manifest-1,2026-09-20T20:48:41Z,p1,tail,CANDIDATE,float,-,0.55000000000000004,9002,raw/p1/p1_tail_libstdcxx_CANDIDATE_k0.55_s9002_float.bin,bin,10035,8,1,5,80376,66762bef692a9e8261196ec60cf573f719bb9aef67cedb919eadc54b5fbf95c7,./exp7_probe_libstdcxx.exe,c999a548375281e6afa30d545d4d1acaaba8a77de5a571b76493780e81c2fc01,-Wall -Wextra -std=c++11 -O2 -ffp-contract=off -I src,gcc 15.2.0,libstdc++,arm64,libstdcxx,native,c3b4a0a07877c0f8e2370ff7fdae98d3f3d96c15465aadb9eae00a280391c6a6,false
exp7-manifest-1,2026-09-20T20:48:41Z,p1,tail,LEGACY,float,-,0.55000000000000004,9003,raw/p1/p1_tail_libstdcxx_LEGACY_k0.55_s9003_float.bin,bin,4411,8,1,5,35384,4b7bd4afbbe10c80389d86d0e29a045249ff12546e7203f426b5b9d5f929ecb6,./exp7_probe_libstdcxx.exe,c999a548375281e6afa30d545d4d1acaaba8a77de5a571b76493780e81c2fc01,-Wall -Wextra -std=c++11 -O2 -ffp-contract=off -I src,gcc 15.2.0,libstdc++,arm64,libstdcxx,native,c3b4a0a07877c0f8e2370ff7fdae98d3f3d96c15465aadb9eae00a280391c6a6,false
exp7-manifest-1,2026-09-20T20:48:41Z,p1,tail,CANDIDATE,float,-,0.55000000000000004,9003,raw/p1/p1_tail_libstdcxx_CANDIDATE_k0.55_s9003_float.bin,bin,9896,8,1,5,79264,f68dce7ae34951c9bc3b74080ea947e6b5430f9fda95e7e7d09a11382a7594b0,./exp7_probe_libstdcxx.exe,c999a548375281e6afa30d545d4d1acaaba8a77de5a571b76493780e81c2fc01,-Wall -Wextra -std=c++11 -O2 -ffp-contract=off -I src,gcc 15.2.0,libstdc++,arm64,libstdcxx,native,c3b4a0a07877c0f8e2370ff7fdae98d3f3d96c15465aadb9eae00a280391c6a6,false
exp7-manifest-1,2026-09-20T20:48:41Z,p1,tail,LEGACY,float,-,0.55000000000000004,9004,raw/p1/p1_tail_libstdcxx_LEGACY_k0.55_s9004_float.bin,bin,4342,8,1,5,34832,d46bb4d275f1b0473de34dc82693ba8b5df0403015bf86cb50b9878e58be7b0c,./exp7_probe_libstdcxx.exe,c999a548375281e6afa30d545d4d1acaaba8a77de5a571b76493780e81c2fc01,-Wall -Wextra -std=c++11 -O2 -ffp-contract=off -I src,gcc 15.2.0,libstdc++,arm64,libstdcxx,native,c3b4a0a07877c0f8e2370ff7fdae98d3f3d96c15465aadb9eae00a280391c6a6,false
exp7-manifest-1,2026-09-20T20:48:41Z,p1,tail,CANDIDATE,float,-,0.55000000000000004,9004,raw/p1/p1_tail_libstdcxx_CANDIDATE_k0.55_s9004_float.bin,bin,9911,8,1,5,79384,9c8d251f00614a6cfcf6c84a01f87b7ee11b2dce62f2e64e32899f45b05f08a0,./exp7_probe_libstdcxx.exe,c999a548375281e6afa30d545d4d1acaaba8a77de5a571b76493780e81c2fc01,-Wall -Wextra -std=c++11 -O2 -ffp-contract=off -I src,gcc 15.2.0,libstdc++,arm64,libstdcxx,native,c3b4a0a07877c0f8e2370ff7fdae98d3f3d96c15465aadb9eae00a280391c6a6,false
exp7-manifest-1,2026-09-20T20:48:41Z,p1,tail,LEGACY,float,-,0.55000000000000004,9005,raw/p1/p1_tail_libstdcxx_LEGACY_k0.55_s9005_float.bin,bin,4352,8,1,5,34912,2aeec99ff5e36f6fb3c6545be1a952c1a06286090e0cea0a3c0aea615609485a,./exp7_probe_libstdcxx.exe,c999a548375281e6afa30d545d4d1acaaba8a77de5a571b76493780e81c2fc01,-Wall -Wextra -std=c++11 -O2 -ffp-contract=off -I src,gcc 15.2.0,libstdc++,arm64,libstdcxx,native,c3b4a0a07877c0f8e2370ff7fdae98d3f3d96c15465aadb9eae00a280391c6a6,false
exp7-manifest-1,2026-09-20T20:48:41Z,p1,tail,CANDIDATE,float,-,0.55000000000000004,9005,raw/p1/p1_tail_libstdcxx_CANDIDATE_k0.55_s9005_float.bin,bin,9995,8,1,5,80056,788c6229cd730066845a1b6f2005ece7ba579612e1f27668303eba20fb327543,./exp7_probe_libstdcxx.exe,c999a548375281e6afa30d545d4d1acaaba8a77de5a571b76493780e81c2fc01,-Wall -Wextra -std=c++11 -O2 -ffp-contract=off -I src,gcc 15.2.0,libstdc++,arm64,libstdcxx,native,c3b4a0a07877c0f8e2370ff7fdae98d3f3d96c15465aadb9eae00a280391c6a6,false
exp7-manifest-1,2026-09-20T20:48:41Z,p1,tail,LEGACY,float,-,0.59999999999999998,9001,raw/p1/p1_tail_libstdcxx_LEGACY_k0.6_s9001_float.bin,bin,9975,8,1,5,79896,5305f620d6cc3df91c4e13abb7c0ac51c164bfa5a4fc6b6ac39add7bd2b7e325,./exp7_probe_libstdcxx.exe,c999a548375281e6afa30d545d4d1acaaba8a77de5a571b76493780e81c2fc01,-Wall -Wextra -std=c++11 -O2 -ffp-contract=off -I src,gcc 15.2.0,libstdc++,arm64,libstdcxx,native,c3b4a0a07877c0f8e2370ff7fdae98d3f3d96c15465aadb9eae00a280391c6a6,false
exp7-manifest-1,2026-09-20T20:48:41Z,p1,tail,CANDIDATE,float,-,0.59999999999999998,9001,raw/p1/p1_tail_libstdcxx_CANDIDATE_k0.6_s9001_float.bin,bin,9964,8,1,5,79808,8323a80fa6024b4c4a829b3da93a5c9ae174f4a9422066caa4b2585138208711,./exp7_probe_libstdcxx.exe,c999a548375281e6afa30d545d4d1acaaba8a77de5a571b76493780e81c2fc01,-Wall -Wextra -std=c++11 -O2 -ffp-contract=off -I src,gcc 15.2.0,libstdc++,arm64,libstdcxx,native,c3b4a0a07877c0f8e2370ff7fdae98d3f3d96c15465aadb9eae00a280391c6a6,false
exp7-manifest-1,2026-09-20T20:48:41Z,p1,tail,LEGACY,float,-,0.59999999999999998,9002,raw/p1/p1_tail_libstdcxx_LEGACY_k0.6_s9002_float.bin,bin,10047,8,1,5,80472,48c1e82b50a16eef1b4519f6c5739d5b58342ebfd72a1048d4af87dcd99cdf8e,./exp7_probe_libstdcxx.exe,c999a548375281e6afa30d545d4d1acaaba8a77de5a571b76493780e81c2fc01,-Wall -Wextra -std=c++11 -O2 -ffp-contract=off -I src,gcc 15.2.0,libstdc++,arm64,libstdcxx,native,c3b4a0a07877c0f8e2370ff7fdae98d3f3d96c15465aadb9eae00a280391c6a6,false
exp7-manifest-1,2026-09-20T20:48:41Z,p1,tail,CANDIDATE,float,-,0.59999999999999998,9002,raw/p1/p1_tail_libstdcxx_CANDIDATE_k0.6_s9002_float.bin,bin,9955,8,1,5,79736,3385298eb9a7c3522457006652388dc013e47e723a297a9f26da8b3d1009963c,./exp7_probe_libstdcxx.exe,c999a548375281e6afa30d545d4d1acaaba8a77de5a571b76493780e81c2fc01,-Wall -Wextra -std=c++11 -O2 -ffp-contract=off -I src,gcc 15.2.0,libstdc++,arm64,libstdcxx,native,c3b4a0a07877c0f8e2370ff7fdae98d3f3d96c15465aadb9eae00a280391c6a6,false
exp7-manifest-1,2026-09-20T20:48:41Z,p1,tail,LEGACY,float,-,0.59999999999999998,9003,raw/p1/p1_tail_libstdcxx_LEGACY_k0.6_s9003_float.bin,bin,9972,8,1,5,79872,eecb18e30ade75537df6092effcd36ea85753c520d565b6ecb4017c5b5d2922b,./exp7_probe_libstdcxx.exe,c999a548375281e6afa30d545d4d1acaaba8a77de5a571b76493780e81c2fc01,-Wall -Wextra -std=c++11 -O2 -ffp-contract=off -I src,gcc 15.2.0,libstdc++,arm64,libstdcxx,native,c3b4a0a07877c0f8e2370ff7fdae98d3f3d96c15465aadb9eae00a280391c6a6,false
exp7-manifest-1,2026-09-20T20:48:41Z,p1,tail,CANDIDATE,float,-,0.59999999999999998,9003,raw/p1/p1_tail_libstdcxx_CANDIDATE_k0.6_s9003_float.bin,bin,9998,8,1,5,80080,d5ce22c9f66ed41707a0007bb56ebae0b45a0b479fa9a61739b5ee7d3e9fe050,./exp7_probe_libstdcxx.exe,c999a548375281e6afa30d545d4d1acaaba8a77de5a571b76493780e81c2fc01,-Wall -Wextra -std=c++11 -O2 -ffp-contract=off -I src,gcc 15.2.0,libstdc++,arm64,libstdcxx,native,c3b4a0a07877c0f8e2370ff7fdae98d3f3d96c15465aadb9eae00a280391c6a6,false
exp7-manifest-1,2026-09-20T20:48:41Z,p1,tail,LEGACY,float,-,0.59999999999999998,9004,raw/p1/p1_tail_libstdcxx_LEGACY_k0.6_s9004_float.bin,bin,9842,8,1,5,78832,b74ca660fa9d9c161c6edcfa799aa3f7237b761d459fae6beee79c873b2f982f,./exp7_probe_libstdcxx.exe,c999a548375281e6afa30d545d4d1acaaba8a77de5a571b76493780e81c2fc01,-Wall -Wextra -std=c++11 -O2 -ffp-contract=off -I src,gcc 15.2.0,libstdc++,arm64,libstdcxx,native,c3b4a0a07877c0f8e2370ff7fdae98d3f3d96c15465aadb9eae00a280391c6a6,false
exp7-manifest-1,2026-09-20T20:48:41Z,p1,tail,CANDIDATE,float,-,0.59999999999999998,9004,raw/p1/p1_tail_libstdcxx_CANDIDATE_k0.6_s9004_float.bin,bin,10105,8,1,5,80936,18aefb7d5da2a0ca27c299a6b1cf6105f3d28dc7df14f1127c49fcad3b9f2bda,./exp7_probe_libstdcxx.exe,c999a548375281e6afa30d545d4d1acaaba8a77de5a571b76493780e81c2fc01,-Wall -Wextra -std=c++11 -O2 -ffp-contract=off -I src,gcc 15.2.0,libstdc++,arm64,libstdcxx,native,c3b4a0a07877c0f8e2370ff7fdae98d3f3d96c15465aadb9eae00a280391c6a6,false
exp7-manifest-1,2026-09-20T20:48:41Z,p1,tail,LEGACY,float,-,0.59999999999999998,9005,raw/p1/p1_tail_libstdcxx_LEGACY_k0.6_s9005_float.bin,bin,10035,8,1,5,80376,e54456d523561f2d06625b964f82111907d8c0e0af94f1bd004ede1848d92145,./exp7_probe_libstdcxx.exe,c999a548375281e6afa30d545d4d1acaaba8a77de5a571b76493780e81c2fc01,-Wall -Wextra -std=c++11 -O2 -ffp-contract=off -I src,gcc 15.2.0,libstdc++,arm64,libstdcxx,native,c3b4a0a07877c0f8e2370ff7fdae98d3f3d96c15465aadb9eae00a280391c6a6,false
exp7-manifest-1,2026-09-20T20:48:41Z,p1,tail,CANDIDATE,float,-,0.59999999999999998,9005,raw/p1/p1_tail_libstdcxx_CANDIDATE_k0.6_s9005_float.bin,bin,9981,8,1,5,79944,89c163e7b14f11b4406950c5111b676a333680bc193a006d3c1dd0e866e114e8,./exp7_probe_libstdcxx.exe,c999a548375281e6afa30d545d4d1acaaba8a77de5a571b76493780e81c2fc01,-Wall -Wextra -std=c++11 -O2 -ffp-contract=off -I src,gcc 15.2.0,libstdc++,arm64,libstdcxx,native,c3b4a0a07877c0f8e2370ff7fdae98d3f3d96c15465aadb9eae00a280391c6a6,false
exp7-manifest-1,2026-09-20T20:48:41Z,p1,tail,LEGACY,float,-,0.75,9001,raw/p1/p1_tail_libstdcxx_LEGACY_k0.75_s9001_float.bin,bin,10006,8,1,5,80144,d97b84db8c4ade33a48b3ecff8f62e753f61c35a07fb3b2f1bd7e31f70a103b2,./exp7_probe_libstdcxx.exe,c999a548375281e6afa30d545d4d1acaaba8a77de5a571b76493780e81c2fc01,-Wall -Wextra -std=c++11 -O2 -ffp-contract=off -I src,gcc 15.2.0,libstdc++,arm64,libstdcxx,native,c3b4a0a07877c0f8e2370ff7fdae98d3f3d96c15465aadb9eae00a280391c6a6,false
exp7-manifest-1,2026-09-20T20:48:41Z,p1,tail,CANDIDATE,float,-,0.75,9001,raw/p1/p1_tail_libstdcxx_CANDIDATE_k0.75_s9001_float.bin,bin,9995,8,1,5,80056,ab1489833bfd70854c295301b2b051d3ea2118623410955b0500ca09b8c203ab,./exp7_probe_libstdcxx.exe,c999a548375281e6afa30d545d4d1acaaba8a77de5a571b76493780e81c2fc01,-Wall -Wextra -std=c++11 -O2 -ffp-contract=off -I src,gcc 15.2.0,libstdc++,arm64,libstdcxx,native,c3b4a0a07877c0f8e2370ff7fdae98d3f3d96c15465aadb9eae00a280391c6a6,false
exp7-manifest-1,2026-09-20T20:48:41Z,p1,tail,LEGACY,float,-,0.75,9002,raw/p1/p1_tail_libstdcxx_LEGACY_k0.75_s9002_float.bin,bin,10002,8,1,5,80112,dfa47844853056ccf78b2280d9775381c6a7d1df9436a4b9c5859e940fbbdbb0,./exp7_probe_libstdcxx.exe,c999a548375281e6afa30d545d4d1acaaba8a77de5a571b76493780e81c2fc01,-Wall -Wextra -std=c++11 -O2 -ffp-contract=off -I src,gcc 15.2.0,libstdc++,arm64,libstdcxx,native,c3b4a0a07877c0f8e2370ff7fdae98d3f3d96c15465aadb9eae00a280391c6a6,false
exp7-manifest-1,2026-09-20T20:48:41Z,p1,tail,CANDIDATE,float,-,0.75,9002,raw/p1/p1_tail_libstdcxx_CANDIDATE_k0.75_s9002_float.bin,bin,9988,8,1,5,80000,6e590f5d47d0891c6ef4bc08f0b85bf3fd04ae42e238e29f1f1f477feeaad623,./exp7_probe_libstdcxx.exe,c999a548375281e6afa30d545d4d1acaaba8a77de5a571b76493780e81c2fc01,-Wall -Wextra -std=c++11 -O2 -ffp-contract=off -I src,gcc 15.2.0,libstdc++,arm64,libstdcxx,native,c3b4a0a07877c0f8e2370ff7fdae98d3f3d96c15465aadb9eae00a280391c6a6,false
exp7-manifest-1,2026-09-20T20:48:41Z,p1,tail,LEGACY,float,-,0.75,9003,raw/p1/p1_tail_libstdcxx_LEGACY_k0.75_s9003_float.bin,bin,9956,8,1,5,79744,59d26dbe76bc93f6239ff49eb5ab04c811b78cbb50af545f1d4277d887970ceb,./exp7_probe_libstdcxx.exe,c999a548375281e6afa30d545d4d1acaaba8a77de5a571b76493780e81c2fc01,-Wall -Wextra -std=c++11 -O2 -ffp-contract=off -I src,gcc 15.2.0,libstdc++,arm64,libstdcxx,native,c3b4a0a07877c0f8e2370ff7fdae98d3f3d96c15465aadb9eae00a280391c6a6,false
exp7-manifest-1,2026-09-20T20:48:41Z,p1,tail,CANDIDATE,float,-,0.75,9003,raw/p1/p1_tail_libstdcxx_CANDIDATE_k0.75_s9003_float.bin,bin,10118,8,1,5,81040,dcb84ebf6d65a7a053de264094ea41d919bf3252e287de4d59c730761a003724,./exp7_probe_libstdcxx.exe,c999a548375281e6afa30d545d4d1acaaba8a77de5a571b76493780e81c2fc01,-Wall -Wextra -std=c++11 -O2 -ffp-contract=off -I src,gcc 15.2.0,libstdc++,arm64,libstdcxx,native,c3b4a0a07877c0f8e2370ff7fdae98d3f3d96c15465aadb9eae00a280391c6a6,false
exp7-manifest-1,2026-09-20T20:48:41Z,p1,tail,LEGACY,float,-,0.75,9004,raw/p1/p1_tail_libstdcxx_LEGACY_k0.75_s9004_float.bin,bin,9990,8,1,5,80016,14d426352046ef1e1c4d3416a2d3bd55d4ce08772d1621982b9cf66ee69512f9,./exp7_probe_libstdcxx.exe,c999a548375281e6afa30d545d4d1acaaba8a77de5a571b76493780e81c2fc01,-Wall -Wextra -std=c++11 -O2 -ffp-contract=off -I src,gcc 15.2.0,libstdc++,arm64,libstdcxx,native,c3b4a0a07877c0f8e2370ff7fdae98d3f3d96c15465aadb9eae00a280391c6a6,false
exp7-manifest-1,2026-09-20T20:48:41Z,p1,tail,CANDIDATE,float,-,0.75,9004,raw/p1/p1_tail_libstdcxx_CANDIDATE_k0.75_s9004_float.bin,bin,9929,8,1,5,79528,020032bb3cef607499554dbfc1a370370837259f31101347e4e97bb068a765f2,./exp7_probe_libstdcxx.exe,c999a548375281e6afa30d545d4d1acaaba8a77de5a571b76493780e81c2fc01,-Wall -Wextra -std=c++11 -O2 -ffp-contract=off -I src,gcc 15.2.0,libstdc++,arm64,libstdcxx,native,c3b4a0a07877c0f8e2370ff7fdae98d3f3d96c15465aadb9eae00a280391c6a6,false
exp7-manifest-1,2026-09-20T20:48:41Z,p1,tail,LEGACY,float,-,0.75,9005,raw/p1/p1_tail_libstdcxx_LEGACY_k0.75_s9005_float.bin,bin,9994,8,1,5,80048,9537e1370caa66a59c786390c54c51b261a37e9496c6a2465f22c710883fcd40,./exp7_probe_libstdcxx.exe,c999a548375281e6afa30d545d4d1acaaba8a77de5a571b76493780e81c2fc01,-Wall -Wextra -std=c++11 -O2 -ffp-contract=off -I src,gcc 15.2.0,libstdc++,arm64,libstdcxx,native,c3b4a0a07877c0f8e2370ff7fdae98d3f3d96c15465aadb9eae00a280391c6a6,false
exp7-manifest-1,2026-09-20T20:48:41Z,p1,tail,CANDIDATE,float,-,0.75,9005,raw/p1/p1_tail_libstdcxx_CANDIDATE_k0.75_s9005_float.bin,bin,10089,8,1,5,80808,f543b64173fe906b6ea4891ae1baa457a50911cb301c2452037b940ab772a4b5,./exp7_probe_libstdcxx.exe,c999a548375281e6afa30d545d4d1acaaba8a77de5a571b76493780e81c2fc01,-Wall -Wextra -std=c++11 -O2 -ffp-contract=off -I src,gcc 15.2.0,libstdc++,arm64,libstdcxx,native,c3b4a0a07877c0f8e2370ff7fdae98d3f3d96c15465aadb9eae00a280391c6a6,false
exp7-manifest-1,2026-09-20T20:48:41Z,p1,tail,LEGACY,float,-,1,9001,raw/p1/p1_tail_libstdcxx_LEGACY_k1_s9001_float.bin,bin,9820,8,1,5,78656,f5e987ed17e4e90c47e711dd6f69f5eee2d651bb4834d6bf379344df13cd9433,./exp7_probe_libstdcxx.exe,c999a548375281e6afa30d545d4d1acaaba8a77de5a571b76493780e81c2fc01,-Wall -Wextra -std=c++11 -O2 -ffp-contract=off -I src,gcc 15.2.0,libstdc++,arm64,libstdcxx,native,c3b4a0a07877c0f8e2370ff7fdae98d3f3d96c15465aadb9eae00a280391c6a6,false
exp7-manifest-1,2026-09-20T20:48:41Z,p1,tail,CANDIDATE,float,-,1,9001,raw/p1/p1_tail_libstdcxx_CANDIDATE_k1_s9001_float.bin,bin,10040,8,1,5,80416,baa989f84f1719369be064875ccd6512f084413dd74f2ebb61d2f591116598c9,./exp7_probe_libstdcxx.exe,c999a548375281e6afa30d545d4d1acaaba8a77de5a571b76493780e81c2fc01,-Wall -Wextra -std=c++11 -O2 -ffp-contract=off -I src,gcc 15.2.0,libstdc++,arm64,libstdcxx,native,c3b4a0a07877c0f8e2370ff7fdae98d3f3d96c15465aadb9eae00a280391c6a6,false
exp7-manifest-1,2026-09-20T20:48:41Z,p1,tail,LEGACY,float,-,1,9002,raw/p1/p1_tail_libstdcxx_LEGACY_k1_s9002_float.bin,bin,9995,8,1,5,80056,fb1f3c59964ef5d4a37aaea26f5456d76e3ae93143f0f82327ecafe55d6dd38f,./exp7_probe_libstdcxx.exe,c999a548375281e6afa30d545d4d1acaaba8a77de5a571b76493780e81c2fc01,-Wall -Wextra -std=c++11 -O2 -ffp-contract=off -I src,gcc 15.2.0,libstdc++,arm64,libstdcxx,native,c3b4a0a07877c0f8e2370ff7fdae98d3f3d96c15465aadb9eae00a280391c6a6,false
exp7-manifest-1,2026-09-20T20:48:41Z,p1,tail,CANDIDATE,float,-,1,9002,raw/p1/p1_tail_libstdcxx_CANDIDATE_k1_s9002_float.bin,bin,9857,8,1,5,78952,0bb5702a41b5569955a1abcf7c8fa745a8dc661b9ede1690e92eeaf65d3268b8,./exp7_probe_libstdcxx.exe,c999a548375281e6afa30d545d4d1acaaba8a77de5a571b76493780e81c2fc01,-Wall -Wextra -std=c++11 -O2 -ffp-contract=off -I src,gcc 15.2.0,libstdc++,arm64,libstdcxx,native,c3b4a0a07877c0f8e2370ff7fdae98d3f3d96c15465aadb9eae00a280391c6a6,false
exp7-manifest-1,2026-09-20T20:48:41Z,p1,tail,LEGACY,float,-,1,9003,raw/p1/p1_tail_libstdcxx_LEGACY_k1_s9003_float.bin,bin,10090,8,1,5,80816,f3ddc19c510c2e69b7b6b4b09c35f30fc024a67b6015ed5ab1fbfae00d46b115,./exp7_probe_libstdcxx.exe,c999a548375281e6afa30d545d4d1acaaba8a77de5a571b76493780e81c2fc01,-Wall -Wextra -std=c++11 -O2 -ffp-contract=off -I src,gcc 15.2.0,libstdc++,arm64,libstdcxx,native,c3b4a0a07877c0f8e2370ff7fdae98d3f3d96c15465aadb9eae00a280391c6a6,false
exp7-manifest-1,2026-09-20T20:48:41Z,p1,tail,CANDIDATE,float,-,1,9003,raw/p1/p1_tail_libstdcxx_CANDIDATE_k1_s9003_float.bin,bin,10026,8,1,5,80304,28839512da0e7bba5038a64c5b0e8200b0a11d8799d218720c815c6a72331b9f,./exp7_probe_libstdcxx.exe,c999a548375281e6afa30d545d4d1acaaba8a77de5a571b76493780e81c2fc01,-Wall -Wextra -std=c++11 -O2 -ffp-contract=off -I src,gcc 15.2.0,libstdc++,arm64,libstdcxx,native,c3b4a0a07877c0f8e2370ff7fdae98d3f3d96c15465aadb9eae00a280391c6a6,false
exp7-manifest-1,2026-09-20T20:48:41Z,p1,tail,LEGACY,float,-,1,9004,raw/p1/p1_tail_libstdcxx_LEGACY_k1_s9004_float.bin,bin,10019,8,1,5,80248,9c759acb78bf362a4a66cacab17ac97a5f06d92f9dc8f64dcfb7ad3d0c80848c,./exp7_probe_libstdcxx.exe,c999a548375281e6afa30d545d4d1acaaba8a77de5a571b76493780e81c2fc01,-Wall -Wextra -std=c++11 -O2 -ffp-contract=off -I src,gcc 15.2.0,libstdc++,arm64,libstdcxx,native,c3b4a0a07877c0f8e2370ff7fdae98d3f3d96c15465aadb9eae00a280391c6a6,false
exp7-manifest-1,2026-09-20T20:48:41Z,p1,tail,CANDIDATE,float,-,1,9004,raw/p1/p1_tail_libstdcxx_CANDIDATE_k1_s9004_float.bin,bin,10110,8,1,5,80976,cf3ceb12833660e49657eff4e86621783c22630cca0eff251ec4e3bb4bec70b0,./exp7_probe_libstdcxx.exe,c999a548375281e6afa30d545d4d1acaaba8a77de5a571b76493780e81c2fc01,-Wall -Wextra -std=c++11 -O2 -ffp-contract=off -I src,gcc 15.2.0,libstdc++,arm64,libstdcxx,native,c3b4a0a07877c0f8e2370ff7fdae98d3f3d96c15465aadb9eae00a280391c6a6,false
exp7-manifest-1,2026-09-20T20:48:41Z,p1,tail,LEGACY,float,-,1,9005,raw/p1/p1_tail_libstdcxx_LEGACY_k1_s9005_float.bin,bin,10078,8,1,5,80720,bb942221b643a970b8e66a222aabf099c30eba673e3498ffa8d3500b686bc6d3,./exp7_probe_libstdcxx.exe,c999a548375281e6afa30d545d4d1acaaba8a77de5a571b76493780e81c2fc01,-Wall -Wextra -std=c++11 -O2 -ffp-contract=off -I src,gcc 15.2.0,libstdc++,arm64,libstdcxx,native,c3b4a0a07877c0f8e2370ff7fdae98d3f3d96c15465aadb9eae00a280391c6a6,false
exp7-manifest-1,2026-09-20T20:48:41Z,p1,tail,CANDIDATE,float,-,1,9005,raw/p1/p1_tail_libstdcxx_CANDIDATE_k1_s9005_float.bin,bin,10023,8,1,5,80280,af994f80c3b1dd55fbc0812036efa9b0353f7d7adf7c4e60db3fcbc29392f544,./exp7_probe_libstdcxx.exe,c999a548375281e6afa30d545d4d1acaaba8a77de5a571b76493780e81c2fc01,-Wall -Wextra -std=c++11 -O2 -ffp-contract=off -I src,gcc 15.2.0,libstdc++,arm64,libstdcxx,native,c3b4a0a07877c0f8e2370ff7fdae98d3f3d96c15465aadb9eae00a280391c6a6,false
exp7-manifest-1,2026-09-20T20:48:41Z,p1,tail,LEGACY,float,-,1.25,9001,raw/p1/p1_tail_libstdcxx_LEGACY_k1.25_s9001_float.bin,bin,10147,8,1,5,81272,37d0e2c2d3c8184e853592debfd834b803f958796036775a803883698f5ae87f,./exp7_probe_libstdcxx.exe,c999a548375281e6afa30d545d4d1acaaba8a77de5a571b76493780e81c2fc01,-Wall -Wextra -std=c++11 -O2 -ffp-contract=off -I src,gcc 15.2.0,libstdc++,arm64,libstdcxx,native,c3b4a0a07877c0f8e2370ff7fdae98d3f3d96c15465aadb9eae00a280391c6a6,false
exp7-manifest-1,2026-09-20T20:48:41Z,p1,tail,CANDIDATE,float,-,1.25,9001,raw/p1/p1_tail_libstdcxx_CANDIDATE_k1.25_s9001_float.bin,bin,10054,8,1,5,80528,3e75266e7c24bc7d055e30e38a69c239b9ea456f1de0ebc28c6e143e6a73846b,./exp7_probe_libstdcxx.exe,c999a548375281e6afa30d545d4d1acaaba8a77de5a571b76493780e81c2fc01,-Wall -Wextra -std=c++11 -O2 -ffp-contract=off -I src,gcc 15.2.0,libstdc++,arm64,libstdcxx,native,c3b4a0a07877c0f8e2370ff7fdae98d3f3d96c15465aadb9eae00a280391c6a6,false
exp7-manifest-1,2026-09-20T20:48:41Z,p1,tail,LEGACY,float,-,1.25,9002,raw/p1/p1_tail_libstdcxx_LEGACY_k1.25_s9002_float.bin,bin,10146,8,1,5,81264,862e99e5e1413b26e750f1ea5d8af02e42c1d76e4d9107d60cdf8e4e4a69be06,./exp7_probe_libstdcxx.exe,c999a548375281e6afa30d545d4d1acaaba8a77de5a571b76493780e81c2fc01,-Wall -Wextra -std=c++11 -O2 -ffp-contract=off -I src,gcc 15.2.0,libstdc++,arm64,libstdcxx,native,c3b4a0a07877c0f8e2370ff7fdae98d3f3d96c15465aadb9eae00a280391c6a6,false
exp7-manifest-1,2026-09-20T20:48:41Z,p1,tail,CANDIDATE,float,-,1.25,9002,raw/p1/p1_tail_libstdcxx_CANDIDATE_k1.25_s9002_float.bin,bin,10059,8,1,5,80568,0fd74950b6aedd571eb791516ff08ee5b73b12bee9a15183de60d44ad0c7533a,./exp7_probe_libstdcxx.exe,c999a548375281e6afa30d545d4d1acaaba8a77de5a571b76493780e81c2fc01,-Wall -Wextra -std=c++11 -O2 -ffp-contract=off -I src,gcc 15.2.0,libstdc++,arm64,libstdcxx,native,c3b4a0a07877c0f8e2370ff7fdae98d3f3d96c15465aadb9eae00a280391c6a6,false
exp7-manifest-1,2026-09-20T20:48:41Z,p1,tail,LEGACY,float,-,1.25,9003,raw/p1/p1_tail_libstdcxx_LEGACY_k1.25_s9003_float.bin,bin,9950,8,1,5,79696,913e108b874fcbeac93b9a94d9484615c4d5b7f69b132960af4f5c8d37b5b932,./exp7_probe_libstdcxx.exe,c999a548375281e6afa30d545d4d1acaaba8a77de5a571b76493780e81c2fc01,-Wall -Wextra -std=c++11 -O2 -ffp-contract=off -I src,gcc 15.2.0,libstdc++,arm64,libstdcxx,native,c3b4a0a07877c0f8e2370ff7fdae98d3f3d96c15465aadb9eae00a280391c6a6,false
exp7-manifest-1,2026-09-20T20:48:41Z,p1,tail,CANDIDATE,float,-,1.25,9003,raw/p1/p1_tail_libstdcxx_CANDIDATE_k1.25_s9003_float.bin,bin,10052,8,1,5,80512,7966e87a4079f6e7c86fcc17afb8ea51d58dfee4db8bbc77f458922d48a088b0,./exp7_probe_libstdcxx.exe,c999a548375281e6afa30d545d4d1acaaba8a77de5a571b76493780e81c2fc01,-Wall -Wextra -std=c++11 -O2 -ffp-contract=off -I src,gcc 15.2.0,libstdc++,arm64,libstdcxx,native,c3b4a0a07877c0f8e2370ff7fdae98d3f3d96c15465aadb9eae00a280391c6a6,false
exp7-manifest-1,2026-09-20T20:48:41Z,p1,tail,LEGACY,float,-,1.25,9004,raw/p1/p1_tail_libstdcxx_LEGACY_k1.25_s9004_float.bin,bin,9957,8,1,5,79752,1a39ae533f1cc6b6beb2d63147aa99641c32ba3f9c9e5eb9876a4dbb00f84072,./exp7_probe_libstdcxx.exe,c999a548375281e6afa30d545d4d1acaaba8a77de5a571b76493780e81c2fc01,-Wall -Wextra -std=c++11 -O2 -ffp-contract=off -I src,gcc 15.2.0,libstdc++,arm64,libstdcxx,native,c3b4a0a07877c0f8e2370ff7fdae98d3f3d96c15465aadb9eae00a280391c6a6,false
exp7-manifest-1,2026-09-20T20:48:41Z,p1,tail,CANDIDATE,float,-,1.25,9004,raw/p1/p1_tail_libstdcxx_CANDIDATE_k1.25_s9004_float.bin,bin,10018,8,1,5,80240,61ab965a4011d3c3b964027b6c50207cd352052a9a18bec80bba156baa476724,./exp7_probe_libstdcxx.exe,c999a548375281e6afa30d545d4d1acaaba8a77de5a571b76493780e81c2fc01,-Wall -Wextra -std=c++11 -O2 -ffp-contract=off -I src,gcc 15.2.0,libstdc++,arm64,libstdcxx,native,c3b4a0a07877c0f8e2370ff7fdae98d3f3d96c15465aadb9eae00a280391c6a6,false
exp7-manifest-1,2026-09-20T20:48:41Z,p1,tail,LEGACY,float,-,1.25,9005,raw/p1/p1_tail_libstdcxx_LEGACY_k1.25_s9005_float.bin,bin,9999,8,1,5,80088,46952f2f5064993a8d57d1045f89e1a3f59f3be21016c5351bd8cd3665e51637,./exp7_probe_libstdcxx.exe,c999a548375281e6afa30d545d4d1acaaba8a77de5a571b76493780e81c2fc01,-Wall -Wextra -std=c++11 -O2 -ffp-contract=off -I src,gcc 15.2.0,libstdc++,arm64,libstdcxx,native,c3b4a0a07877c0f8e2370ff7fdae98d3f3d96c15465aadb9eae00a280391c6a6,false
exp7-manifest-1,2026-09-20T20:48:41Z,p1,tail,CANDIDATE,float,-,1.25,9005,raw/p1/p1_tail_libstdcxx_CANDIDATE_k1.25_s9005_float.bin,bin,10165,8,1,5,81416,c72db0aa28e25b5af42387dc8b582169fe2203055d2d6225cef028ddb1804d52,./exp7_probe_libstdcxx.exe,c999a548375281e6afa30d545d4d1acaaba8a77de5a571b76493780e81c2fc01,-Wall -Wextra -std=c++11 -O2 -ffp-contract=off -I src,gcc 15.2.0,libstdc++,arm64,libstdcxx,native,c3b4a0a07877c0f8e2370ff7fdae98d3f3d96c15465aadb9eae00a280391c6a6,false
exp7-manifest-1,2026-09-20T20:48:41Z,p1,tail,LEGACY,float,-,1.49,9001,raw/p1/p1_tail_libstdcxx_LEGACY_k1.49_s9001_float.bin,bin,10019,8,1,5,80248,333bf3708dbea1a293f7568dc04f8149178cdc7d13f31af8991718b801d932e0,./exp7_probe_libstdcxx.exe,c999a548375281e6afa30d545d4d1acaaba8a77de5a571b76493780e81c2fc01,-Wall -Wextra -std=c++11 -O2 -ffp-contract=off -I src,gcc 15.2.0,libstdc++,arm64,libstdcxx,native,c3b4a0a07877c0f8e2370ff7fdae98d3f3d96c15465aadb9eae00a280391c6a6,false
exp7-manifest-1,2026-09-20T20:48:41Z,p1,tail,CANDIDATE,float,-,1.49,9001,raw/p1/p1_tail_libstdcxx_CANDIDATE_k1.49_s9001_float.bin,bin,9918,8,1,5,79440,541f4eaa214926a4ac2ddea21d9390cd703c0e6d98639cf76b7996e611d6fca5,./exp7_probe_libstdcxx.exe,c999a548375281e6afa30d545d4d1acaaba8a77de5a571b76493780e81c2fc01,-Wall -Wextra -std=c++11 -O2 -ffp-contract=off -I src,gcc 15.2.0,libstdc++,arm64,libstdcxx,native,c3b4a0a07877c0f8e2370ff7fdae98d3f3d96c15465aadb9eae00a280391c6a6,false
exp7-manifest-1,2026-09-20T20:48:41Z,p1,tail,LEGACY,float,-,1.49,9002,raw/p1/p1_tail_libstdcxx_LEGACY_k1.49_s9002_float.bin,bin,10080,8,1,5,80736,1bae89e57c850d26fae357c252731e49fcab8a8323f93aec249885e0e7e54d47,./exp7_probe_libstdcxx.exe,c999a548375281e6afa30d545d4d1acaaba8a77de5a571b76493780e81c2fc01,-Wall -Wextra -std=c++11 -O2 -ffp-contract=off -I src,gcc 15.2.0,libstdc++,arm64,libstdcxx,native,c3b4a0a07877c0f8e2370ff7fdae98d3f3d96c15465aadb9eae00a280391c6a6,false
exp7-manifest-1,2026-09-20T20:48:41Z,p1,tail,CANDIDATE,float,-,1.49,9002,raw/p1/p1_tail_libstdcxx_CANDIDATE_k1.49_s9002_float.bin,bin,10050,8,1,5,80496,58f1264a026714ed6379d1c79cc883e398c7263428dc60eb647489c2a2502029,./exp7_probe_libstdcxx.exe,c999a548375281e6afa30d545d4d1acaaba8a77de5a571b76493780e81c2fc01,-Wall -Wextra -std=c++11 -O2 -ffp-contract=off -I src,gcc 15.2.0,libstdc++,arm64,libstdcxx,native,c3b4a0a07877c0f8e2370ff7fdae98d3f3d96c15465aadb9eae00a280391c6a6,false
exp7-manifest-1,2026-09-20T20:48:41Z,p1,tail,LEGACY,float,-,1.49,9003,raw/p1/p1_tail_libstdcxx_LEGACY_k1.49_s9003_float.bin,bin,10043,8,1,5,80440,0a6cca2039de8903426c22f804526a633ee7106fcad78319b9b387a610969785,./exp7_probe_libstdcxx.exe,c999a548375281e6afa30d545d4d1acaaba8a77de5a571b76493780e81c2fc01,-Wall -Wextra -std=c++11 -O2 -ffp-contract=off -I src,gcc 15.2.0,libstdc++,arm64,libstdcxx,native,c3b4a0a07877c0f8e2370ff7fdae98d3f3d96c15465aadb9eae00a280391c6a6,false
exp7-manifest-1,2026-09-20T20:48:41Z,p1,tail,CANDIDATE,float,-,1.49,9003,raw/p1/p1_tail_libstdcxx_CANDIDATE_k1.49_s9003_float.bin,bin,10088,8,1,5,80800,afb13832aea2881b776b1462cc3785f6e25cbd0bc59eba3e2ef9cdf2241bf5d8,./exp7_probe_libstdcxx.exe,c999a548375281e6afa30d545d4d1acaaba8a77de5a571b76493780e81c2fc01,-Wall -Wextra -std=c++11 -O2 -ffp-contract=off -I src,gcc 15.2.0,libstdc++,arm64,libstdcxx,native,c3b4a0a07877c0f8e2370ff7fdae98d3f3d96c15465aadb9eae00a280391c6a6,false
exp7-manifest-1,2026-09-20T20:48:41Z,p1,tail,LEGACY,float,-,1.49,9004,raw/p1/p1_tail_libstdcxx_LEGACY_k1.49_s9004_float.bin,bin,10032,8,1,5,80352,203fa68dde7b65812318f6da34e4c4541deea6ad47a9dbd00ab55b19d63a527e,./exp7_probe_libstdcxx.exe,c999a548375281e6afa30d545d4d1acaaba8a77de5a571b76493780e81c2fc01,-Wall -Wextra -std=c++11 -O2 -ffp-contract=off -I src,gcc 15.2.0,libstdc++,arm64,libstdcxx,native,c3b4a0a07877c0f8e2370ff7fdae98d3f3d96c15465aadb9eae00a280391c6a6,false
exp7-manifest-1,2026-09-20T20:48:41Z,p1,tail,CANDIDATE,float,-,1.49,9004,raw/p1/p1_tail_libstdcxx_CANDIDATE_k1.49_s9004_float.bin,bin,9900,8,1,5,79296,5a31148f9afcb6910aa3a05897da08bbbce38a528822225ea85f148b5d0eff42,./exp7_probe_libstdcxx.exe,c999a548375281e6afa30d545d4d1acaaba8a77de5a571b76493780e81c2fc01,-Wall -Wextra -std=c++11 -O2 -ffp-contract=off -I src,gcc 15.2.0,libstdc++,arm64,libstdcxx,native,c3b4a0a07877c0f8e2370ff7fdae98d3f3d96c15465aadb9eae00a280391c6a6,false
exp7-manifest-1,2026-09-20T20:48:41Z,p1,tail,LEGACY,float,-,1.49,9005,raw/p1/p1_tail_libstdcxx_LEGACY_k1.49_s9005_float.bin,bin,10192,8,1,5,81632,24ddfdb7301f3797f5b658a67cab722dd1619657a0bf6e93526ffb5a7228c57d,./exp7_probe_libstdcxx.exe,c999a548375281e6afa30d545d4d1acaaba8a77de5a571b76493780e81c2fc01,-Wall -Wextra -std=c++11 -O2 -ffp-contract=off -I src,gcc 15.2.0,libstdc++,arm64,libstdcxx,native,c3b4a0a07877c0f8e2370ff7fdae98d3f3d96c15465aadb9eae00a280391c6a6,false
exp7-manifest-1,2026-09-20T20:48:41Z,p1,tail,CANDIDATE,float,-,1.49,9005,raw/p1/p1_tail_libstdcxx_CANDIDATE_k1.49_s9005_float.bin,bin,9810,8,1,5,78576,69e110fcf82d97da2fee7c0e82c2fc4e3992b46a3756c4bf6dea8b3055979f10,./exp7_probe_libstdcxx.exe,c999a548375281e6afa30d545d4d1acaaba8a77de5a571b76493780e81c2fc01,-Wall -Wextra -std=c++11 -O2 -ffp-contract=off -I src,gcc 15.2.0,libstdc++,arm64,libstdcxx,native,c3b4a0a07877c0f8e2370ff7fdae98d3f3d96c15465aadb9eae00a280391c6a6,false
exp7-manifest-1,2026-09-20T20:48:41Z,p1,tail,LEGACY,float,-,1.5,9001,raw/p1/p1_tail_libstdcxx_LEGACY_k1.5_s9001_float.bin,bin,9887,8,1,5,79192,f7d91efa06c96363a7837ab35c7491906b221c2fcb0042cbe19085ba9cc718c8,./exp7_probe_libstdcxx.exe,c999a548375281e6afa30d545d4d1acaaba8a77de5a571b76493780e81c2fc01,-Wall -Wextra -std=c++11 -O2 -ffp-contract=off -I src,gcc 15.2.0,libstdc++,arm64,libstdcxx,native,c3b4a0a07877c0f8e2370ff7fdae98d3f3d96c15465aadb9eae00a280391c6a6,false
exp7-manifest-1,2026-09-20T20:48:41Z,p1,tail,CANDIDATE,float,-,1.5,9001,raw/p1/p1_tail_libstdcxx_CANDIDATE_k1.5_s9001_float.bin,bin,9984,8,1,5,79968,1da4992031c0be95e4f866827a6bc374474f40087f13e58248e5bf1a58368308,./exp7_probe_libstdcxx.exe,c999a548375281e6afa30d545d4d1acaaba8a77de5a571b76493780e81c2fc01,-Wall -Wextra -std=c++11 -O2 -ffp-contract=off -I src,gcc 15.2.0,libstdc++,arm64,libstdcxx,native,c3b4a0a07877c0f8e2370ff7fdae98d3f3d96c15465aadb9eae00a280391c6a6,false
exp7-manifest-1,2026-09-20T20:48:41Z,p1,tail,LEGACY,float,-,1.5,9002,raw/p1/p1_tail_libstdcxx_LEGACY_k1.5_s9002_float.bin,bin,10080,8,1,5,80736,c867a370da5d58ed78fd1c4b11cab5f659e88fdc0ec30d7d2096d25b8aef1332,./exp7_probe_libstdcxx.exe,c999a548375281e6afa30d545d4d1acaaba8a77de5a571b76493780e81c2fc01,-Wall -Wextra -std=c++11 -O2 -ffp-contract=off -I src,gcc 15.2.0,libstdc++,arm64,libstdcxx,native,c3b4a0a07877c0f8e2370ff7fdae98d3f3d96c15465aadb9eae00a280391c6a6,false
exp7-manifest-1,2026-09-20T20:48:41Z,p1,tail,CANDIDATE,float,-,1.5,9002,raw/p1/p1_tail_libstdcxx_CANDIDATE_k1.5_s9002_float.bin,bin,9979,8,1,5,79928,13fe3588304afa7442cea94fa1ad4aa145a24875fa4969f2a46bf11c40695a64,./exp7_probe_libstdcxx.exe,c999a548375281e6afa30d545d4d1acaaba8a77de5a571b76493780e81c2fc01,-Wall -Wextra -std=c++11 -O2 -ffp-contract=off -I src,gcc 15.2.0,libstdc++,arm64,libstdcxx,native,c3b4a0a07877c0f8e2370ff7fdae98d3f3d96c15465aadb9eae00a280391c6a6,false
exp7-manifest-1,2026-09-20T20:48:41Z,p1,tail,LEGACY,float,-,1.5,9003,raw/p1/p1_tail_libstdcxx_LEGACY_k1.5_s9003_float.bin,bin,9974,8,1,5,79888,ad37ac06ff0a7a2a1fc95c2e06129f6c345b5020f03b4304865e8a96d62b37e5,./exp7_probe_libstdcxx.exe,c999a548375281e6afa30d545d4d1acaaba8a77de5a571b76493780e81c2fc01,-Wall -Wextra -std=c++11 -O2 -ffp-contract=off -I src,gcc 15.2.0,libstdc++,arm64,libstdcxx,native,c3b4a0a07877c0f8e2370ff7fdae98d3f3d96c15465aadb9eae00a280391c6a6,false
exp7-manifest-1,2026-09-20T20:48:41Z,p1,tail,CANDIDATE,float,-,1.5,9003,raw/p1/p1_tail_libstdcxx_CANDIDATE_k1.5_s9003_float.bin,bin,10051,8,1,5,80504,9f514d19e29bfa583f8c07233d436b318b662ec854f1c021325580def418514f,./exp7_probe_libstdcxx.exe,c999a548375281e6afa30d545d4d1acaaba8a77de5a571b76493780e81c2fc01,-Wall -Wextra -std=c++11 -O2 -ffp-contract=off -I src,gcc 15.2.0,libstdc++,arm64,libstdcxx,native,c3b4a0a07877c0f8e2370ff7fdae98d3f3d96c15465aadb9eae00a280391c6a6,false
exp7-manifest-1,2026-09-20T20:48:41Z,p1,tail,LEGACY,float,-,1.5,9004,raw/p1/p1_tail_libstdcxx_LEGACY_k1.5_s9004_float.bin,bin,9989,8,1,5,80008,08edfc86dd7db5a034b484be9d689a4572c7965d01d3d33d9d8a50d4081532b0,./exp7_probe_libstdcxx.exe,c999a548375281e6afa30d545d4d1acaaba8a77de5a571b76493780e81c2fc01,-Wall -Wextra -std=c++11 -O2 -ffp-contract=off -I src,gcc 15.2.0,libstdc++,arm64,libstdcxx,native,c3b4a0a07877c0f8e2370ff7fdae98d3f3d96c15465aadb9eae00a280391c6a6,false
exp7-manifest-1,2026-09-20T20:48:41Z,p1,tail,CANDIDATE,float,-,1.5,9004,raw/p1/p1_tail_libstdcxx_CANDIDATE_k1.5_s9004_float.bin,bin,10108,8,1,5,80960,81435e78f69914b280610b1061465e9e7a6256a262969644aa293d5da0cbaaff,./exp7_probe_libstdcxx.exe,c999a548375281e6afa30d545d4d1acaaba8a77de5a571b76493780e81c2fc01,-Wall -Wextra -std=c++11 -O2 -ffp-contract=off -I src,gcc 15.2.0,libstdc++,arm64,libstdcxx,native,c3b4a0a07877c0f8e2370ff7fdae98d3f3d96c15465aadb9eae00a280391c6a6,false
exp7-manifest-1,2026-09-20T20:48:41Z,p1,tail,LEGACY,float,-,1.5,9005,raw/p1/p1_tail_libstdcxx_LEGACY_k1.5_s9005_float.bin,bin,10041,8,1,5,80424,b6ba6c2ca7ccbb3d8510d23c4e90ce45f1618e9bac8d042aac3655a36877578d,./exp7_probe_libstdcxx.exe,c999a548375281e6afa30d545d4d1acaaba8a77de5a571b76493780e81c2fc01,-Wall -Wextra -std=c++11 -O2 -ffp-contract=off -I src,gcc 15.2.0,libstdc++,arm64,libstdcxx,native,c3b4a0a07877c0f8e2370ff7fdae98d3f3d96c15465aadb9eae00a280391c6a6,false
exp7-manifest-1,2026-09-20T20:48:41Z,p1,tail,CANDIDATE,float,-,1.5,9005,raw/p1/p1_tail_libstdcxx_CANDIDATE_k1.5_s9005_float.bin,bin,10095,8,1,5,80856,10b3c23ede69c21e8a95e2d5164722316ebcbd87fa94f044a6b1857bf8d44e73,./exp7_probe_libstdcxx.exe,c999a548375281e6afa30d545d4d1acaaba8a77de5a571b76493780e81c2fc01,-Wall -Wextra -std=c++11 -O2 -ffp-contract=off -I src,gcc 15.2.0,libstdc++,arm64,libstdcxx,native,c3b4a0a07877c0f8e2370ff7fdae98d3f3d96c15465aadb9eae00a280391c6a6,false
exp7-manifest-1,2026-09-20T20:48:41Z,p1,tail,LEGACY,float,-,2,9001,raw/p1/p1_tail_libstdcxx_LEGACY_k2_s9001_float.bin,bin,10095,8,1,5,80856,f421ac0674180de65d95d0b9eeaa740866ccf5df2646bd1aa05f88c4db8076bc,./exp7_probe_libstdcxx.exe,c999a548375281e6afa30d545d4d1acaaba8a77de5a571b76493780e81c2fc01,-Wall -Wextra -std=c++11 -O2 -ffp-contract=off -I src,gcc 15.2.0,libstdc++,arm64,libstdcxx,native,c3b4a0a07877c0f8e2370ff7fdae98d3f3d96c15465aadb9eae00a280391c6a6,false
exp7-manifest-1,2026-09-20T20:48:41Z,p1,tail,CANDIDATE,float,-,2,9001,raw/p1/p1_tail_libstdcxx_CANDIDATE_k2_s9001_float.bin,bin,9852,8,1,5,78912,ea74ac1cf459ac8930dd5feb7c6b739f29f735021e7f2d622b07126bc0709850,./exp7_probe_libstdcxx.exe,c999a548375281e6afa30d545d4d1acaaba8a77de5a571b76493780e81c2fc01,-Wall -Wextra -std=c++11 -O2 -ffp-contract=off -I src,gcc 15.2.0,libstdc++,arm64,libstdcxx,native,c3b4a0a07877c0f8e2370ff7fdae98d3f3d96c15465aadb9eae00a280391c6a6,false
exp7-manifest-1,2026-09-20T20:48:41Z,p1,tail,LEGACY,float,-,2,9002,raw/p1/p1_tail_libstdcxx_LEGACY_k2_s9002_float.bin,bin,9970,8,1,5,79856,2386a09447ba1e608d79eb6cc8de0ed118d6386d84d361d7c3dae81fb0c419c4,./exp7_probe_libstdcxx.exe,c999a548375281e6afa30d545d4d1acaaba8a77de5a571b76493780e81c2fc01,-Wall -Wextra -std=c++11 -O2 -ffp-contract=off -I src,gcc 15.2.0,libstdc++,arm64,libstdcxx,native,c3b4a0a07877c0f8e2370ff7fdae98d3f3d96c15465aadb9eae00a280391c6a6,false
exp7-manifest-1,2026-09-20T20:48:41Z,p1,tail,CANDIDATE,float,-,2,9002,raw/p1/p1_tail_libstdcxx_CANDIDATE_k2_s9002_float.bin,bin,10048,8,1,5,80480,7888f49cf87e95c51dadce33d2a9d2fea514cab085a51106ec6e4fefebfc9f89,./exp7_probe_libstdcxx.exe,c999a548375281e6afa30d545d4d1acaaba8a77de5a571b76493780e81c2fc01,-Wall -Wextra -std=c++11 -O2 -ffp-contract=off -I src,gcc 15.2.0,libstdc++,arm64,libstdcxx,native,c3b4a0a07877c0f8e2370ff7fdae98d3f3d96c15465aadb9eae00a280391c6a6,false
exp7-manifest-1,2026-09-20T20:48:41Z,p1,tail,LEGACY,float,-,2,9003,raw/p1/p1_tail_libstdcxx_LEGACY_k2_s9003_float.bin,bin,9798,8,1,5,78480,9913f5997f01f4fd30b92dc6d527b870a2014caff45796ac3cb0d0bf3e53dd0f,./exp7_probe_libstdcxx.exe,c999a548375281e6afa30d545d4d1acaaba8a77de5a571b76493780e81c2fc01,-Wall -Wextra -std=c++11 -O2 -ffp-contract=off -I src,gcc 15.2.0,libstdc++,arm64,libstdcxx,native,c3b4a0a07877c0f8e2370ff7fdae98d3f3d96c15465aadb9eae00a280391c6a6,false
exp7-manifest-1,2026-09-20T20:48:41Z,p1,tail,CANDIDATE,float,-,2,9003,raw/p1/p1_tail_libstdcxx_CANDIDATE_k2_s9003_float.bin,bin,10161,8,1,5,81384,210bccec0020a2fc74d0ff0973cbf5443c60e4b49b23e18bb455c7f8d841ac75,./exp7_probe_libstdcxx.exe,c999a548375281e6afa30d545d4d1acaaba8a77de5a571b76493780e81c2fc01,-Wall -Wextra -std=c++11 -O2 -ffp-contract=off -I src,gcc 15.2.0,libstdc++,arm64,libstdcxx,native,c3b4a0a07877c0f8e2370ff7fdae98d3f3d96c15465aadb9eae00a280391c6a6,false
exp7-manifest-1,2026-09-20T20:48:41Z,p1,tail,LEGACY,float,-,2,9004,raw/p1/p1_tail_libstdcxx_LEGACY_k2_s9004_float.bin,bin,10094,8,1,5,80848,c15fa15512c40dfa59eb6dce1f8126d723b3a95341aa852240aa3cda72dc0323,./exp7_probe_libstdcxx.exe,c999a548375281e6afa30d545d4d1acaaba8a77de5a571b76493780e81c2fc01,-Wall -Wextra -std=c++11 -O2 -ffp-contract=off -I src,gcc 15.2.0,libstdc++,arm64,libstdcxx,native,c3b4a0a07877c0f8e2370ff7fdae98d3f3d96c15465aadb9eae00a280391c6a6,false
exp7-manifest-1,2026-09-20T20:48:41Z,p1,tail,CANDIDATE,float,-,2,9004,raw/p1/p1_tail_libstdcxx_CANDIDATE_k2_s9004_float.bin,bin,9978,8,1,5,79920,e5e648459887c684a429e019d1f02451c8f581f9bed72c271898f048a59ea90a,./exp7_probe_libstdcxx.exe,c999a548375281e6afa30d545d4d1acaaba8a77de5a571b76493780e81c2fc01,-Wall -Wextra -std=c++11 -O2 -ffp-contract=off -I src,gcc 15.2.0,libstdc++,arm64,libstdcxx,native,c3b4a0a07877c0f8e2370ff7fdae98d3f3d96c15465aadb9eae00a280391c6a6,false
exp7-manifest-1,2026-09-20T20:48:41Z,p1,tail,LEGACY,float,-,2,9005,raw/p1/p1_tail_libstdcxx_LEGACY_k2_s9005_float.bin,bin,9811,8,1,5,78584,40d54229c1876259ecb4d4e693504cf9cbe55187127f46fee1437b766893b67e,./exp7_probe_libstdcxx.exe,c999a548375281e6afa30d545d4d1acaaba8a77de5a571b76493780e81c2fc01,-Wall -Wextra -std=c++11 -O2 -ffp-contract=off -I src,gcc 15.2.0,libstdc++,arm64,libstdcxx,native,c3b4a0a07877c0f8e2370ff7fdae98d3f3d96c15465aadb9eae00a280391c6a6,false
exp7-manifest-1,2026-09-20T20:48:41Z,p1,tail,CANDIDATE,float,-,2,9005,raw/p1/p1_tail_libstdcxx_CANDIDATE_k2_s9005_float.bin,bin,9838,8,1,5,78800,60d9c27b17b48faac1f1c70b7f7d2d12d88bf67ad79a071627f501b6f021d714,./exp7_probe_libstdcxx.exe,c999a548375281e6afa30d545d4d1acaaba8a77de5a571b76493780e81c2fc01,-Wall -Wextra -std=c++11 -O2 -ffp-contract=off -I src,gcc 15.2.0,libstdc++,arm64,libstdcxx,native,c3b4a0a07877c0f8e2370ff7fdae98d3f3d96c15465aadb9eae00a280391c6a6,false
exp7-manifest-1,2026-09-20T20:48:41Z,p1,tail,LEGACY,float,-,5,9001,raw/p1/p1_tail_libstdcxx_LEGACY_k5_s9001_float.bin,bin,10039,8,1,5,80408,d6ef19dc6a66d36dcf34d9ccb49eaf3f64380d7a4b9b34d2fe802cf4859dc216,./exp7_probe_libstdcxx.exe,c999a548375281e6afa30d545d4d1acaaba8a77de5a571b76493780e81c2fc01,-Wall -Wextra -std=c++11 -O2 -ffp-contract=off -I src,gcc 15.2.0,libstdc++,arm64,libstdcxx,native,c3b4a0a07877c0f8e2370ff7fdae98d3f3d96c15465aadb9eae00a280391c6a6,false
exp7-manifest-1,2026-09-20T20:48:41Z,p1,tail,CANDIDATE,float,-,5,9001,raw/p1/p1_tail_libstdcxx_CANDIDATE_k5_s9001_float.bin,bin,10049,8,1,5,80488,6847a6b58a88dddc259905998d7088bba734794ffc39cda57cfadebde9f276ab,./exp7_probe_libstdcxx.exe,c999a548375281e6afa30d545d4d1acaaba8a77de5a571b76493780e81c2fc01,-Wall -Wextra -std=c++11 -O2 -ffp-contract=off -I src,gcc 15.2.0,libstdc++,arm64,libstdcxx,native,c3b4a0a07877c0f8e2370ff7fdae98d3f3d96c15465aadb9eae00a280391c6a6,false
exp7-manifest-1,2026-09-20T20:48:41Z,p1,tail,LEGACY,float,-,5,9002,raw/p1/p1_tail_libstdcxx_LEGACY_k5_s9002_float.bin,bin,9946,8,1,5,79664,f7f95f43446ff1cb333d72a5a22b648cd468c59a18abcbe490f29f043b215265,./exp7_probe_libstdcxx.exe,c999a548375281e6afa30d545d4d1acaaba8a77de5a571b76493780e81c2fc01,-Wall -Wextra -std=c++11 -O2 -ffp-contract=off -I src,gcc 15.2.0,libstdc++,arm64,libstdcxx,native,c3b4a0a07877c0f8e2370ff7fdae98d3f3d96c15465aadb9eae00a280391c6a6,false
exp7-manifest-1,2026-09-20T20:48:41Z,p1,tail,CANDIDATE,float,-,5,9002,raw/p1/p1_tail_libstdcxx_CANDIDATE_k5_s9002_float.bin,bin,10165,8,1,5,81416,5441d0acb122e17d7caf575cc35655df1c997335bb9114ca715c614c7b27e3b4,./exp7_probe_libstdcxx.exe,c999a548375281e6afa30d545d4d1acaaba8a77de5a571b76493780e81c2fc01,-Wall -Wextra -std=c++11 -O2 -ffp-contract=off -I src,gcc 15.2.0,libstdc++,arm64,libstdcxx,native,c3b4a0a07877c0f8e2370ff7fdae98d3f3d96c15465aadb9eae00a280391c6a6,false
exp7-manifest-1,2026-09-20T20:48:41Z,p1,tail,LEGACY,float,-,5,9003,raw/p1/p1_tail_libstdcxx_LEGACY_k5_s9003_float.bin,bin,10081,8,1,5,80744,fcbde8a60023d61bd7c3e020739b707a176c1da60a3e73e110cf8d9f2a1ee0e8,./exp7_probe_libstdcxx.exe,c999a548375281e6afa30d545d4d1acaaba8a77de5a571b76493780e81c2fc01,-Wall -Wextra -std=c++11 -O2 -ffp-contract=off -I src,gcc 15.2.0,libstdc++,arm64,libstdcxx,native,c3b4a0a07877c0f8e2370ff7fdae98d3f3d96c15465aadb9eae00a280391c6a6,false
exp7-manifest-1,2026-09-20T20:48:41Z,p1,tail,CANDIDATE,float,-,5,9003,raw/p1/p1_tail_libstdcxx_CANDIDATE_k5_s9003_float.bin,bin,9981,8,1,5,79944,574ae4e85e3679f0f51915f210dc17d864292d001364c508b179bd98c02e7648,./exp7_probe_libstdcxx.exe,c999a548375281e6afa30d545d4d1acaaba8a77de5a571b76493780e81c2fc01,-Wall -Wextra -std=c++11 -O2 -ffp-contract=off -I src,gcc 15.2.0,libstdc++,arm64,libstdcxx,native,c3b4a0a07877c0f8e2370ff7fdae98d3f3d96c15465aadb9eae00a280391c6a6,false
exp7-manifest-1,2026-09-20T20:48:41Z,p1,tail,LEGACY,float,-,5,9004,raw/p1/p1_tail_libstdcxx_LEGACY_k5_s9004_float.bin,bin,9889,8,1,5,79208,59abbe8a60c77ea50bb24b8d60d2d63b4707b9611f75f3e0f28cc28ec0b61532,./exp7_probe_libstdcxx.exe,c999a548375281e6afa30d545d4d1acaaba8a77de5a571b76493780e81c2fc01,-Wall -Wextra -std=c++11 -O2 -ffp-contract=off -I src,gcc 15.2.0,libstdc++,arm64,libstdcxx,native,c3b4a0a07877c0f8e2370ff7fdae98d3f3d96c15465aadb9eae00a280391c6a6,false
exp7-manifest-1,2026-09-20T20:48:41Z,p1,tail,CANDIDATE,float,-,5,9004,raw/p1/p1_tail_libstdcxx_CANDIDATE_k5_s9004_float.bin,bin,9801,8,1,5,78504,9cc63c79625d65e785447855c6eb99762ed0e263e420d16eaeb1654b1f6863ab,./exp7_probe_libstdcxx.exe,c999a548375281e6afa30d545d4d1acaaba8a77de5a571b76493780e81c2fc01,-Wall -Wextra -std=c++11 -O2 -ffp-contract=off -I src,gcc 15.2.0,libstdc++,arm64,libstdcxx,native,c3b4a0a07877c0f8e2370ff7fdae98d3f3d96c15465aadb9eae00a280391c6a6,false
exp7-manifest-1,2026-09-20T20:48:41Z,p1,tail,LEGACY,float,-,5,9005,raw/p1/p1_tail_libstdcxx_LEGACY_k5_s9005_float.bin,bin,10016,8,1,5,80224,0b723b95596b7d891e5308eb3ad6c780e5c08a72c8a0b22515c22230cf6f2af7,./exp7_probe_libstdcxx.exe,c999a548375281e6afa30d545d4d1acaaba8a77de5a571b76493780e81c2fc01,-Wall -Wextra -std=c++11 -O2 -ffp-contract=off -I src,gcc 15.2.0,libstdc++,arm64,libstdcxx,native,c3b4a0a07877c0f8e2370ff7fdae98d3f3d96c15465aadb9eae00a280391c6a6,false
exp7-manifest-1,2026-09-20T20:48:41Z,p1,tail,CANDIDATE,float,-,5,9005,raw/p1/p1_tail_libstdcxx_CANDIDATE_k5_s9005_float.bin,bin,10147,8,1,5,81272,052f46cde6f59523e57c16c49d52ea2f308e6da06530356ac70620b30887f0ef,./exp7_probe_libstdcxx.exe,c999a548375281e6afa30d545d4d1acaaba8a77de5a571b76493780e81c2fc01,-Wall -Wextra -std=c++11 -O2 -ffp-contract=off -I src,gcc 15.2.0,libstdc++,arm64,libstdcxx,native,c3b4a0a07877c0f8e2370ff7fdae98d3f3d96c15465aadb9eae00a280391c6a6,false
exp7-manifest-1,2026-09-20T20:48:41Z,p1,summary,all,all,all,nan,-1,raw/p1/p1_libstdcxx.jsonl,jsonl,520,-1,-1,-1,1815453,67f57779264d0792e9303ad2ea8681371f34ed44249b1ebecabe2b436134ccb3,./exp7_probe_libstdcxx.exe,c999a548375281e6afa30d545d4d1acaaba8a77de5a571b76493780e81c2fc01,-Wall -Wextra -std=c++11 -O2 -ffp-contract=off -I src,gcc 15.2.0,libstdc++,arm64,libstdcxx,native,c3b4a0a07877c0f8e2370ff7fdae98d3f3d96c15465aadb9eae00a280391c6a6,false
exp7-manifest-1,2026-09-20T20:50:44Z,p2,audit,paired,mixed,-,nan,-1,raw/p2/audit_p2_libcxx.bin,bin,5601298,72,1,4,403293552,fef043b9c5d1949ba4c7d3e61eaea2967322c2be94113bfd554823e997a75dc9,./exp7_probe_libcxx.exe,7874afeb97cb5ba7d7a5b1c5771c15ff2d40228ba92d0c52efe8dcd87431ac67,-Wall -Wextra -std=c++11 -O2 -ffp-contract=off -I src,clang 21.0.0 (clang-2100.3.34.2),libc++,arm64,libcxx,native,c3b4a0a07877c0f8e2370ff7fdae98d3f3d96c15465aadb9eae00a280391c6a6,false
exp7-manifest-1,2026-09-20T20:50:44Z,p2,summary,all,all,all,nan,-1,raw/p2/p2_libcxx.jsonl,jsonl,650,-1,-1,-1,1135274,bb38be9667698f7448638ad0a8058a83c31df658941dc286126a655cde899685,./exp7_probe_libcxx.exe,7874afeb97cb5ba7d7a5b1c5771c15ff2d40228ba92d0c52efe8dcd87431ac67,-Wall -Wextra -std=c++11 -O2 -ffp-contract=off -I src,clang 21.0.0 (clang-2100.3.34.2),libc++,arm64,libcxx,native,c3b4a0a07877c0f8e2370ff7fdae98d3f3d96c15465aadb9eae00a280391c6a6,false
exp7-manifest-1,2026-09-20T20:51:43Z,p2,audit,paired,mixed,-,nan,-1,raw/p2/audit_p2_libstdcxx.bin,bin,5601298,72,1,4,403293552,fef043b9c5d1949ba4c7d3e61eaea2967322c2be94113bfd554823e997a75dc9,./exp7_probe_libstdcxx.exe,c999a548375281e6afa30d545d4d1acaaba8a77de5a571b76493780e81c2fc01,-Wall -Wextra -std=c++11 -O2 -ffp-contract=off -I src,gcc 15.2.0,libstdc++,arm64,libstdcxx,native,c3b4a0a07877c0f8e2370ff7fdae98d3f3d96c15465aadb9eae00a280391c6a6,false
exp7-manifest-1,2026-09-20T20:51:43Z,p2,summary,all,all,all,nan,-1,raw/p2/p2_libstdcxx.jsonl,jsonl,650,-1,-1,-1,1124121,7a489818f9991c853b1d6257a39be2c9409daf29a5a418686105dd254d44132c,./exp7_probe_libstdcxx.exe,c999a548375281e6afa30d545d4d1acaaba8a77de5a571b76493780e81c2fc01,-Wall -Wextra -std=c++11 -O2 -ffp-contract=off -I src,gcc 15.2.0,libstdc++,arm64,libstdcxx,native,c3b4a0a07877c0f8e2370ff7fdae98d3f3d96c15465aadb9eae00a280391c6a6,false
exp7-manifest-1,2026-09-20T20:52:57Z,p3,paired,both,double,-,0.501,9001,raw/p3/p3_cond_libcxx_k0.501_s9001_double.bin,bin,1000000,32,1,2,32000096,655163aca4d9b3d59c3878e446e952ddd95357bb01e39626d4ded96d76e0a97a,./exp7_probe_libcxx.exe,7874afeb97cb5ba7d7a5b1c5771c15ff2d40228ba92d0c52efe8dcd87431ac67,-Wall -Wextra -std=c++11 -O2 -ffp-contract=off -I src,clang 21.0.0 (clang-2100.3.34.2),libc++,arm64,libcxx,native,c3b4a0a07877c0f8e2370ff7fdae98d3f3d96c15465aadb9eae00a280391c6a6,false
exp7-manifest-1,2026-09-20T20:52:57Z,p3,paired,both,double,-,0.505,9001,raw/p3/p3_cond_libcxx_k0.505_s9001_double.bin,bin,1000000,32,1,2,32000096,badd633e371467f5884498a1c978f88ff2e66bf735d53dbc90e2b8e69c8440a1,./exp7_probe_libcxx.exe,7874afeb97cb5ba7d7a5b1c5771c15ff2d40228ba92d0c52efe8dcd87431ac67,-Wall -Wextra -std=c++11 -O2 -ffp-contract=off -I src,clang 21.0.0 (clang-2100.3.34.2),libc++,arm64,libcxx,native,c3b4a0a07877c0f8e2370ff7fdae98d3f3d96c15465aadb9eae00a280391c6a6,false
exp7-manifest-1,2026-09-20T20:52:57Z,p3,paired,both,double,-,0.51000000000000001,9001,raw/p3/p3_cond_libcxx_k0.51_s9001_double.bin,bin,1000000,32,1,2,32000096,ed109d7d41d7381f79898daeaee1b37858ae70892ad383a3d68047d0d56dff74,./exp7_probe_libcxx.exe,7874afeb97cb5ba7d7a5b1c5771c15ff2d40228ba92d0c52efe8dcd87431ac67,-Wall -Wextra -std=c++11 -O2 -ffp-contract=off -I src,clang 21.0.0 (clang-2100.3.34.2),libc++,arm64,libcxx,native,c3b4a0a07877c0f8e2370ff7fdae98d3f3d96c15465aadb9eae00a280391c6a6,false
exp7-manifest-1,2026-09-20T20:52:57Z,p3,paired,both,double,-,0.75,9001,raw/p3/p3_cond_libcxx_k0.75_s9001_double.bin,bin,1000000,32,1,2,32000096,b0c4aacf9f81221afed97ad63cab1bebad3561f2c90c36cd7b21e09334dd43a9,./exp7_probe_libcxx.exe,7874afeb97cb5ba7d7a5b1c5771c15ff2d40228ba92d0c52efe8dcd87431ac67,-Wall -Wextra -std=c++11 -O2 -ffp-contract=off -I src,clang 21.0.0 (clang-2100.3.34.2),libc++,arm64,libcxx,native,c3b4a0a07877c0f8e2370ff7fdae98d3f3d96c15465aadb9eae00a280391c6a6,false
exp7-manifest-1,2026-09-20T20:52:57Z,p3,paired,both,float,-,0.55000000000000004,9001,raw/p3/p3_cond_libcxx_k0.55_s9001_float.bin,bin,1000000,32,1,2,32000096,02a95cc1ceb035ddbd3cdcad0ea4d9be0616e8ca2a3feefd7ee86b0f4d2b717d,./exp7_probe_libcxx.exe,7874afeb97cb5ba7d7a5b1c5771c15ff2d40228ba92d0c52efe8dcd87431ac67,-Wall -Wextra -std=c++11 -O2 -ffp-contract=off -I src,clang 21.0.0 (clang-2100.3.34.2),libc++,arm64,libcxx,native,c3b4a0a07877c0f8e2370ff7fdae98d3f3d96c15465aadb9eae00a280391c6a6,false
exp7-manifest-1,2026-09-20T20:52:57Z,p3,paired,both,float,-,0.59999999999999998,9001,raw/p3/p3_cond_libcxx_k0.6_s9001_float.bin,bin,1000000,32,1,2,32000096,25dba80366feff4ae31512f3272c6ace91347c3b4ce5d2db61e62f6d7f67c1bc,./exp7_probe_libcxx.exe,7874afeb97cb5ba7d7a5b1c5771c15ff2d40228ba92d0c52efe8dcd87431ac67,-Wall -Wextra -std=c++11 -O2 -ffp-contract=off -I src,clang 21.0.0 (clang-2100.3.34.2),libc++,arm64,libcxx,native,c3b4a0a07877c0f8e2370ff7fdae98d3f3d96c15465aadb9eae00a280391c6a6,false
exp7-manifest-1,2026-09-20T20:52:57Z,p3,paired,both,float,-,0.75,9001,raw/p3/p3_cond_libcxx_k0.75_s9001_float.bin,bin,1000000,32,1,2,32000096,577ed6f5227c02228d77cd80283d981dcf8ccaf20b7751af76099255277cd1b7,./exp7_probe_libcxx.exe,7874afeb97cb5ba7d7a5b1c5771c15ff2d40228ba92d0c52efe8dcd87431ac67,-Wall -Wextra -std=c++11 -O2 -ffp-contract=off -I src,clang 21.0.0 (clang-2100.3.34.2),libc++,arm64,libcxx,native,c3b4a0a07877c0f8e2370ff7fdae98d3f3d96c15465aadb9eae00a280391c6a6,false
exp7-manifest-1,2026-09-20T20:52:57Z,p3,paired,both,double,-,0.501,9002,raw/p3/p3_cond_libcxx_k0.501_s9002_double.bin,bin,1000000,32,1,2,32000096,b0e82c2ba3a82f9ee8e90f319a14dd52facf6c55b1758d639fe48be059a2380b,./exp7_probe_libcxx.exe,7874afeb97cb5ba7d7a5b1c5771c15ff2d40228ba92d0c52efe8dcd87431ac67,-Wall -Wextra -std=c++11 -O2 -ffp-contract=off -I src,clang 21.0.0 (clang-2100.3.34.2),libc++,arm64,libcxx,native,c3b4a0a07877c0f8e2370ff7fdae98d3f3d96c15465aadb9eae00a280391c6a6,false
exp7-manifest-1,2026-09-20T20:52:57Z,p3,paired,both,double,-,0.505,9002,raw/p3/p3_cond_libcxx_k0.505_s9002_double.bin,bin,1000000,32,1,2,32000096,4bdecdb0538ae4263ff5b4e392d04a6ed98a8817d22e3272d6bb78a2f36c4481,./exp7_probe_libcxx.exe,7874afeb97cb5ba7d7a5b1c5771c15ff2d40228ba92d0c52efe8dcd87431ac67,-Wall -Wextra -std=c++11 -O2 -ffp-contract=off -I src,clang 21.0.0 (clang-2100.3.34.2),libc++,arm64,libcxx,native,c3b4a0a07877c0f8e2370ff7fdae98d3f3d96c15465aadb9eae00a280391c6a6,false
exp7-manifest-1,2026-09-20T20:52:57Z,p3,paired,both,double,-,0.51000000000000001,9002,raw/p3/p3_cond_libcxx_k0.51_s9002_double.bin,bin,1000000,32,1,2,32000096,dff60a8ba0e65c0ba2c9cb851940ebfad222a90d217668c98c6b8664258f6985,./exp7_probe_libcxx.exe,7874afeb97cb5ba7d7a5b1c5771c15ff2d40228ba92d0c52efe8dcd87431ac67,-Wall -Wextra -std=c++11 -O2 -ffp-contract=off -I src,clang 21.0.0 (clang-2100.3.34.2),libc++,arm64,libcxx,native,c3b4a0a07877c0f8e2370ff7fdae98d3f3d96c15465aadb9eae00a280391c6a6,false
exp7-manifest-1,2026-09-20T20:52:57Z,p3,paired,both,double,-,0.75,9002,raw/p3/p3_cond_libcxx_k0.75_s9002_double.bin,bin,1000000,32,1,2,32000096,64f9a505d753dec9a989080813958bbab5f2ef84a4d235ee8292c5d0523e4dd3,./exp7_probe_libcxx.exe,7874afeb97cb5ba7d7a5b1c5771c15ff2d40228ba92d0c52efe8dcd87431ac67,-Wall -Wextra -std=c++11 -O2 -ffp-contract=off -I src,clang 21.0.0 (clang-2100.3.34.2),libc++,arm64,libcxx,native,c3b4a0a07877c0f8e2370ff7fdae98d3f3d96c15465aadb9eae00a280391c6a6,false
exp7-manifest-1,2026-09-20T20:52:57Z,p3,paired,both,float,-,0.55000000000000004,9002,raw/p3/p3_cond_libcxx_k0.55_s9002_float.bin,bin,1000000,32,1,2,32000096,99ccdd4970c862aedfec27200122b90d462bfb53976b3dc754707b652fabe35a,./exp7_probe_libcxx.exe,7874afeb97cb5ba7d7a5b1c5771c15ff2d40228ba92d0c52efe8dcd87431ac67,-Wall -Wextra -std=c++11 -O2 -ffp-contract=off -I src,clang 21.0.0 (clang-2100.3.34.2),libc++,arm64,libcxx,native,c3b4a0a07877c0f8e2370ff7fdae98d3f3d96c15465aadb9eae00a280391c6a6,false
exp7-manifest-1,2026-09-20T20:52:57Z,p3,paired,both,float,-,0.59999999999999998,9002,raw/p3/p3_cond_libcxx_k0.6_s9002_float.bin,bin,1000000,32,1,2,32000096,fd051bfe64eafcb6f79e27ffde92da7b51419b4443df26171330f2b915ad14ff,./exp7_probe_libcxx.exe,7874afeb97cb5ba7d7a5b1c5771c15ff2d40228ba92d0c52efe8dcd87431ac67,-Wall -Wextra -std=c++11 -O2 -ffp-contract=off -I src,clang 21.0.0 (clang-2100.3.34.2),libc++,arm64,libcxx,native,c3b4a0a07877c0f8e2370ff7fdae98d3f3d96c15465aadb9eae00a280391c6a6,false
exp7-manifest-1,2026-09-20T20:52:57Z,p3,paired,both,float,-,0.75,9002,raw/p3/p3_cond_libcxx_k0.75_s9002_float.bin,bin,1000000,32,1,2,32000096,97380116b6359ae770054fa7f1a0aac20fa0bd93c077fdd7f5dc46c3587bc4f5,./exp7_probe_libcxx.exe,7874afeb97cb5ba7d7a5b1c5771c15ff2d40228ba92d0c52efe8dcd87431ac67,-Wall -Wextra -std=c++11 -O2 -ffp-contract=off -I src,clang 21.0.0 (clang-2100.3.34.2),libc++,arm64,libcxx,native,c3b4a0a07877c0f8e2370ff7fdae98d3f3d96c15465aadb9eae00a280391c6a6,false
exp7-manifest-1,2026-09-20T20:52:57Z,p3,paired,both,double,-,0.501,9003,raw/p3/p3_cond_libcxx_k0.501_s9003_double.bin,bin,1000000,32,1,2,32000096,46b5821b812773f373ccaf9d35b175f807e63b830f7faa1a7fc56d91636411e3,./exp7_probe_libcxx.exe,7874afeb97cb5ba7d7a5b1c5771c15ff2d40228ba92d0c52efe8dcd87431ac67,-Wall -Wextra -std=c++11 -O2 -ffp-contract=off -I src,clang 21.0.0 (clang-2100.3.34.2),libc++,arm64,libcxx,native,c3b4a0a07877c0f8e2370ff7fdae98d3f3d96c15465aadb9eae00a280391c6a6,false
exp7-manifest-1,2026-09-20T20:52:57Z,p3,paired,both,double,-,0.505,9003,raw/p3/p3_cond_libcxx_k0.505_s9003_double.bin,bin,1000000,32,1,2,32000096,2bb98ba8c7d28e2b9451a33fbd7a1f44e25954b94c5c810ad8781a3fd31f5656,./exp7_probe_libcxx.exe,7874afeb97cb5ba7d7a5b1c5771c15ff2d40228ba92d0c52efe8dcd87431ac67,-Wall -Wextra -std=c++11 -O2 -ffp-contract=off -I src,clang 21.0.0 (clang-2100.3.34.2),libc++,arm64,libcxx,native,c3b4a0a07877c0f8e2370ff7fdae98d3f3d96c15465aadb9eae00a280391c6a6,false
exp7-manifest-1,2026-09-20T20:52:57Z,p3,paired,both,double,-,0.51000000000000001,9003,raw/p3/p3_cond_libcxx_k0.51_s9003_double.bin,bin,1000000,32,1,2,32000096,fdd67879abca87bf780d1e4f1de3ed6324bf57f82133604ed4406931b50c1127,./exp7_probe_libcxx.exe,7874afeb97cb5ba7d7a5b1c5771c15ff2d40228ba92d0c52efe8dcd87431ac67,-Wall -Wextra -std=c++11 -O2 -ffp-contract=off -I src,clang 21.0.0 (clang-2100.3.34.2),libc++,arm64,libcxx,native,c3b4a0a07877c0f8e2370ff7fdae98d3f3d96c15465aadb9eae00a280391c6a6,false
exp7-manifest-1,2026-09-20T20:52:57Z,p3,paired,both,double,-,0.75,9003,raw/p3/p3_cond_libcxx_k0.75_s9003_double.bin,bin,1000000,32,1,2,32000096,1d42ab3530810badcddc935637dffab97c0d6de7129508c931e71edce0f81c32,./exp7_probe_libcxx.exe,7874afeb97cb5ba7d7a5b1c5771c15ff2d40228ba92d0c52efe8dcd87431ac67,-Wall -Wextra -std=c++11 -O2 -ffp-contract=off -I src,clang 21.0.0 (clang-2100.3.34.2),libc++,arm64,libcxx,native,c3b4a0a07877c0f8e2370ff7fdae98d3f3d96c15465aadb9eae00a280391c6a6,false
exp7-manifest-1,2026-09-20T20:52:57Z,p3,paired,both,float,-,0.55000000000000004,9003,raw/p3/p3_cond_libcxx_k0.55_s9003_float.bin,bin,1000000,32,1,2,32000096,c79221b3ea866af1eda5b37e5b5c7812b15a86630ba47da500b8d59ad0c3f6b2,./exp7_probe_libcxx.exe,7874afeb97cb5ba7d7a5b1c5771c15ff2d40228ba92d0c52efe8dcd87431ac67,-Wall -Wextra -std=c++11 -O2 -ffp-contract=off -I src,clang 21.0.0 (clang-2100.3.34.2),libc++,arm64,libcxx,native,c3b4a0a07877c0f8e2370ff7fdae98d3f3d96c15465aadb9eae00a280391c6a6,false
exp7-manifest-1,2026-09-20T20:52:57Z,p3,paired,both,float,-,0.59999999999999998,9003,raw/p3/p3_cond_libcxx_k0.6_s9003_float.bin,bin,1000000,32,1,2,32000096,37ee493d9503e9ad90e94c7dee3f2ddcd8832ab467123df6fdd7da1d536f55c1,./exp7_probe_libcxx.exe,7874afeb97cb5ba7d7a5b1c5771c15ff2d40228ba92d0c52efe8dcd87431ac67,-Wall -Wextra -std=c++11 -O2 -ffp-contract=off -I src,clang 21.0.0 (clang-2100.3.34.2),libc++,arm64,libcxx,native,c3b4a0a07877c0f8e2370ff7fdae98d3f3d96c15465aadb9eae00a280391c6a6,false
exp7-manifest-1,2026-09-20T20:52:57Z,p3,paired,both,float,-,0.75,9003,raw/p3/p3_cond_libcxx_k0.75_s9003_float.bin,bin,1000000,32,1,2,32000096,e3b5aad5f83fe95c7bbb73a495d2b14e7998c66101cad30ad650e64768b54160,./exp7_probe_libcxx.exe,7874afeb97cb5ba7d7a5b1c5771c15ff2d40228ba92d0c52efe8dcd87431ac67,-Wall -Wextra -std=c++11 -O2 -ffp-contract=off -I src,clang 21.0.0 (clang-2100.3.34.2),libc++,arm64,libcxx,native,c3b4a0a07877c0f8e2370ff7fdae98d3f3d96c15465aadb9eae00a280391c6a6,false
exp7-manifest-1,2026-09-20T20:52:57Z,p3,paired,both,double,-,0.501,9004,raw/p3/p3_cond_libcxx_k0.501_s9004_double.bin,bin,1000000,32,1,2,32000096,a7767bf08ad57fdddca653f0667d4a9153e58ec37cfeda02523ea3f70aa7a9a5,./exp7_probe_libcxx.exe,7874afeb97cb5ba7d7a5b1c5771c15ff2d40228ba92d0c52efe8dcd87431ac67,-Wall -Wextra -std=c++11 -O2 -ffp-contract=off -I src,clang 21.0.0 (clang-2100.3.34.2),libc++,arm64,libcxx,native,c3b4a0a07877c0f8e2370ff7fdae98d3f3d96c15465aadb9eae00a280391c6a6,false
exp7-manifest-1,2026-09-20T20:52:57Z,p3,paired,both,double,-,0.505,9004,raw/p3/p3_cond_libcxx_k0.505_s9004_double.bin,bin,1000000,32,1,2,32000096,c522724fabc35e109f41ddce37294536c97b55004a1929787ed3da38cf8892be,./exp7_probe_libcxx.exe,7874afeb97cb5ba7d7a5b1c5771c15ff2d40228ba92d0c52efe8dcd87431ac67,-Wall -Wextra -std=c++11 -O2 -ffp-contract=off -I src,clang 21.0.0 (clang-2100.3.34.2),libc++,arm64,libcxx,native,c3b4a0a07877c0f8e2370ff7fdae98d3f3d96c15465aadb9eae00a280391c6a6,false
exp7-manifest-1,2026-09-20T20:52:57Z,p3,paired,both,double,-,0.51000000000000001,9004,raw/p3/p3_cond_libcxx_k0.51_s9004_double.bin,bin,1000000,32,1,2,32000096,6da250fa0e982fa42a3a70b9e1116f4bf1fc8de52c7e73e89f49b6ca1f82fb3d,./exp7_probe_libcxx.exe,7874afeb97cb5ba7d7a5b1c5771c15ff2d40228ba92d0c52efe8dcd87431ac67,-Wall -Wextra -std=c++11 -O2 -ffp-contract=off -I src,clang 21.0.0 (clang-2100.3.34.2),libc++,arm64,libcxx,native,c3b4a0a07877c0f8e2370ff7fdae98d3f3d96c15465aadb9eae00a280391c6a6,false
exp7-manifest-1,2026-09-20T20:52:57Z,p3,paired,both,double,-,0.75,9004,raw/p3/p3_cond_libcxx_k0.75_s9004_double.bin,bin,1000000,32,1,2,32000096,56b3d3b086863562a4df35c5926ac472c048d95ff52457c11e05fd4396f5bc9f,./exp7_probe_libcxx.exe,7874afeb97cb5ba7d7a5b1c5771c15ff2d40228ba92d0c52efe8dcd87431ac67,-Wall -Wextra -std=c++11 -O2 -ffp-contract=off -I src,clang 21.0.0 (clang-2100.3.34.2),libc++,arm64,libcxx,native,c3b4a0a07877c0f8e2370ff7fdae98d3f3d96c15465aadb9eae00a280391c6a6,false
exp7-manifest-1,2026-09-20T20:52:57Z,p3,paired,both,float,-,0.55000000000000004,9004,raw/p3/p3_cond_libcxx_k0.55_s9004_float.bin,bin,1000000,32,1,2,32000096,fbe0d7e98975b174b7ae7125b162165347ec4b4ba9c0d5813ef28a194ef705f9,./exp7_probe_libcxx.exe,7874afeb97cb5ba7d7a5b1c5771c15ff2d40228ba92d0c52efe8dcd87431ac67,-Wall -Wextra -std=c++11 -O2 -ffp-contract=off -I src,clang 21.0.0 (clang-2100.3.34.2),libc++,arm64,libcxx,native,c3b4a0a07877c0f8e2370ff7fdae98d3f3d96c15465aadb9eae00a280391c6a6,false
exp7-manifest-1,2026-09-20T20:52:57Z,p3,paired,both,float,-,0.59999999999999998,9004,raw/p3/p3_cond_libcxx_k0.6_s9004_float.bin,bin,1000000,32,1,2,32000096,97163a88645ecbd334f7e1ec7c75214b5c488b0f84a92d6df278bf5c42024ba1,./exp7_probe_libcxx.exe,7874afeb97cb5ba7d7a5b1c5771c15ff2d40228ba92d0c52efe8dcd87431ac67,-Wall -Wextra -std=c++11 -O2 -ffp-contract=off -I src,clang 21.0.0 (clang-2100.3.34.2),libc++,arm64,libcxx,native,c3b4a0a07877c0f8e2370ff7fdae98d3f3d96c15465aadb9eae00a280391c6a6,false
exp7-manifest-1,2026-09-20T20:52:57Z,p3,paired,both,float,-,0.75,9004,raw/p3/p3_cond_libcxx_k0.75_s9004_float.bin,bin,1000000,32,1,2,32000096,3705be800947c9a6ea2a61c6c1568f72e8a668e3458908372779383c55d28235,./exp7_probe_libcxx.exe,7874afeb97cb5ba7d7a5b1c5771c15ff2d40228ba92d0c52efe8dcd87431ac67,-Wall -Wextra -std=c++11 -O2 -ffp-contract=off -I src,clang 21.0.0 (clang-2100.3.34.2),libc++,arm64,libcxx,native,c3b4a0a07877c0f8e2370ff7fdae98d3f3d96c15465aadb9eae00a280391c6a6,false
exp7-manifest-1,2026-09-20T20:52:57Z,p3,paired,both,double,-,0.501,9005,raw/p3/p3_cond_libcxx_k0.501_s9005_double.bin,bin,1000000,32,1,2,32000096,b88c4ff3f6020bd614be69fc9c475e40b87e25eeac78ac6b2da8a19b724c52bc,./exp7_probe_libcxx.exe,7874afeb97cb5ba7d7a5b1c5771c15ff2d40228ba92d0c52efe8dcd87431ac67,-Wall -Wextra -std=c++11 -O2 -ffp-contract=off -I src,clang 21.0.0 (clang-2100.3.34.2),libc++,arm64,libcxx,native,c3b4a0a07877c0f8e2370ff7fdae98d3f3d96c15465aadb9eae00a280391c6a6,false
exp7-manifest-1,2026-09-20T20:52:57Z,p3,paired,both,double,-,0.505,9005,raw/p3/p3_cond_libcxx_k0.505_s9005_double.bin,bin,1000000,32,1,2,32000096,6710a5be1c25d657e4844d36b9d808e2cf4d8e985dc0255b98e36f1608e17b70,./exp7_probe_libcxx.exe,7874afeb97cb5ba7d7a5b1c5771c15ff2d40228ba92d0c52efe8dcd87431ac67,-Wall -Wextra -std=c++11 -O2 -ffp-contract=off -I src,clang 21.0.0 (clang-2100.3.34.2),libc++,arm64,libcxx,native,c3b4a0a07877c0f8e2370ff7fdae98d3f3d96c15465aadb9eae00a280391c6a6,false
exp7-manifest-1,2026-09-20T20:52:57Z,p3,paired,both,double,-,0.51000000000000001,9005,raw/p3/p3_cond_libcxx_k0.51_s9005_double.bin,bin,1000000,32,1,2,32000096,134d1bd39d48fac70f209f61f03f960fdc5f802fad03acdffdd46788b6b8f9d0,./exp7_probe_libcxx.exe,7874afeb97cb5ba7d7a5b1c5771c15ff2d40228ba92d0c52efe8dcd87431ac67,-Wall -Wextra -std=c++11 -O2 -ffp-contract=off -I src,clang 21.0.0 (clang-2100.3.34.2),libc++,arm64,libcxx,native,c3b4a0a07877c0f8e2370ff7fdae98d3f3d96c15465aadb9eae00a280391c6a6,false
exp7-manifest-1,2026-09-20T20:52:57Z,p3,paired,both,double,-,0.75,9005,raw/p3/p3_cond_libcxx_k0.75_s9005_double.bin,bin,1000000,32,1,2,32000096,e4f39b5a2e571ceb86944afca504e3f880e82fb896ae93a7e2a98aa774437783,./exp7_probe_libcxx.exe,7874afeb97cb5ba7d7a5b1c5771c15ff2d40228ba92d0c52efe8dcd87431ac67,-Wall -Wextra -std=c++11 -O2 -ffp-contract=off -I src,clang 21.0.0 (clang-2100.3.34.2),libc++,arm64,libcxx,native,c3b4a0a07877c0f8e2370ff7fdae98d3f3d96c15465aadb9eae00a280391c6a6,false
exp7-manifest-1,2026-09-20T20:52:57Z,p3,paired,both,float,-,0.55000000000000004,9005,raw/p3/p3_cond_libcxx_k0.55_s9005_float.bin,bin,1000000,32,1,2,32000096,0c68b67f3875ef2db0696769ab5d46ab2863fd9e957de2df70284f6220f3e5dc,./exp7_probe_libcxx.exe,7874afeb97cb5ba7d7a5b1c5771c15ff2d40228ba92d0c52efe8dcd87431ac67,-Wall -Wextra -std=c++11 -O2 -ffp-contract=off -I src,clang 21.0.0 (clang-2100.3.34.2),libc++,arm64,libcxx,native,c3b4a0a07877c0f8e2370ff7fdae98d3f3d96c15465aadb9eae00a280391c6a6,false
exp7-manifest-1,2026-09-20T20:52:57Z,p3,paired,both,float,-,0.59999999999999998,9005,raw/p3/p3_cond_libcxx_k0.6_s9005_float.bin,bin,1000000,32,1,2,32000096,efc841404943c71f413ad50915e2a769a8a851752fde0c2f265602f461cd46c7,./exp7_probe_libcxx.exe,7874afeb97cb5ba7d7a5b1c5771c15ff2d40228ba92d0c52efe8dcd87431ac67,-Wall -Wextra -std=c++11 -O2 -ffp-contract=off -I src,clang 21.0.0 (clang-2100.3.34.2),libc++,arm64,libcxx,native,c3b4a0a07877c0f8e2370ff7fdae98d3f3d96c15465aadb9eae00a280391c6a6,false
exp7-manifest-1,2026-09-20T20:52:57Z,p3,paired,both,float,-,0.75,9005,raw/p3/p3_cond_libcxx_k0.75_s9005_float.bin,bin,1000000,32,1,2,32000096,c78d838641dcab3c8af6f522225014f73e2fc806984aa073b116ff3958f6b315,./exp7_probe_libcxx.exe,7874afeb97cb5ba7d7a5b1c5771c15ff2d40228ba92d0c52efe8dcd87431ac67,-Wall -Wextra -std=c++11 -O2 -ffp-contract=off -I src,clang 21.0.0 (clang-2100.3.34.2),libc++,arm64,libcxx,native,c3b4a0a07877c0f8e2370ff7fdae98d3f3d96c15465aadb9eae00a280391c6a6,false
exp7-manifest-1,2026-09-20T20:52:57Z,p3,audit,paired,mixed,-,nan,-1,raw/p3/audit_p3_libcxx.bin,bin,1521085,72,1,4,109518216,761acecf924bcfe0b52542c2f685ef8f18941b4364da4d2f2fa7daae31c03cb2,./exp7_probe_libcxx.exe,7874afeb97cb5ba7d7a5b1c5771c15ff2d40228ba92d0c52efe8dcd87431ac67,-Wall -Wextra -std=c++11 -O2 -ffp-contract=off -I src,clang 21.0.0 (clang-2100.3.34.2),libc++,arm64,libcxx,native,c3b4a0a07877c0f8e2370ff7fdae98d3f3d96c15465aadb9eae00a280391c6a6,false
exp7-manifest-1,2026-09-20T20:52:57Z,p3,summary,all,all,all,nan,-1,raw/p3/p3_libcxx.jsonl,jsonl,105,-1,-1,-1,229448,551ea8dc20d78a63f13ecaf0d1848d69de6cda46c7101e8254e8ac75f9595741,./exp7_probe_libcxx.exe,7874afeb97cb5ba7d7a5b1c5771c15ff2d40228ba92d0c52efe8dcd87431ac67,-Wall -Wextra -std=c++11 -O2 -ffp-contract=off -I src,clang 21.0.0 (clang-2100.3.34.2),libc++,arm64,libcxx,native,c3b4a0a07877c0f8e2370ff7fdae98d3f3d96c15465aadb9eae00a280391c6a6,false
exp7-manifest-1,2026-09-20T20:53:05Z,p3,paired,both,double,-,0.501,9001,raw/p3/p3_cond_libstdcxx_k0.501_s9001_double.bin,bin,1000000,32,1,2,32000096,25bf2e306b5b60502ec188afd526e539ead83018bf15278069137f2e0c2c0693,./exp7_probe_libstdcxx.exe,c999a548375281e6afa30d545d4d1acaaba8a77de5a571b76493780e81c2fc01,-Wall -Wextra -std=c++11 -O2 -ffp-contract=off -I src,gcc 15.2.0,libstdc++,arm64,libstdcxx,native,c3b4a0a07877c0f8e2370ff7fdae98d3f3d96c15465aadb9eae00a280391c6a6,false
exp7-manifest-1,2026-09-20T20:53:05Z,p3,paired,both,double,-,0.505,9001,raw/p3/p3_cond_libstdcxx_k0.505_s9001_double.bin,bin,1000000,32,1,2,32000096,094d623c4d8eaaf27f88f04437afb5a16543fda78f2968b161a1ef2764b4967e,./exp7_probe_libstdcxx.exe,c999a548375281e6afa30d545d4d1acaaba8a77de5a571b76493780e81c2fc01,-Wall -Wextra -std=c++11 -O2 -ffp-contract=off -I src,gcc 15.2.0,libstdc++,arm64,libstdcxx,native,c3b4a0a07877c0f8e2370ff7fdae98d3f3d96c15465aadb9eae00a280391c6a6,false
exp7-manifest-1,2026-09-20T20:53:05Z,p3,paired,both,double,-,0.51000000000000001,9001,raw/p3/p3_cond_libstdcxx_k0.51_s9001_double.bin,bin,1000000,32,1,2,32000096,7c6287cb5a3d17df51beb39159f6226b2f82a7e10ac0493da16890d404b24bbd,./exp7_probe_libstdcxx.exe,c999a548375281e6afa30d545d4d1acaaba8a77de5a571b76493780e81c2fc01,-Wall -Wextra -std=c++11 -O2 -ffp-contract=off -I src,gcc 15.2.0,libstdc++,arm64,libstdcxx,native,c3b4a0a07877c0f8e2370ff7fdae98d3f3d96c15465aadb9eae00a280391c6a6,false
exp7-manifest-1,2026-09-20T20:53:05Z,p3,paired,both,double,-,0.75,9001,raw/p3/p3_cond_libstdcxx_k0.75_s9001_double.bin,bin,1000000,32,1,2,32000096,8faa8414e935e3003824e8bcfee2ce4790668fdceeb2f91a6716b60a35a9351a,./exp7_probe_libstdcxx.exe,c999a548375281e6afa30d545d4d1acaaba8a77de5a571b76493780e81c2fc01,-Wall -Wextra -std=c++11 -O2 -ffp-contract=off -I src,gcc 15.2.0,libstdc++,arm64,libstdcxx,native,c3b4a0a07877c0f8e2370ff7fdae98d3f3d96c15465aadb9eae00a280391c6a6,false
exp7-manifest-1,2026-09-20T20:53:05Z,p3,paired,both,float,-,0.55000000000000004,9001,raw/p3/p3_cond_libstdcxx_k0.55_s9001_float.bin,bin,1000000,32,1,2,32000096,59201fde907f589a40dbecd306c4766580d679283db2ae98c7c5b0299c5a090c,./exp7_probe_libstdcxx.exe,c999a548375281e6afa30d545d4d1acaaba8a77de5a571b76493780e81c2fc01,-Wall -Wextra -std=c++11 -O2 -ffp-contract=off -I src,gcc 15.2.0,libstdc++,arm64,libstdcxx,native,c3b4a0a07877c0f8e2370ff7fdae98d3f3d96c15465aadb9eae00a280391c6a6,false
exp7-manifest-1,2026-09-20T20:53:05Z,p3,paired,both,float,-,0.59999999999999998,9001,raw/p3/p3_cond_libstdcxx_k0.6_s9001_float.bin,bin,1000000,32,1,2,32000096,f79eba50ee9832e3b20a31743b18fb4b12ce33ccaab66d94fdabdb534372488a,./exp7_probe_libstdcxx.exe,c999a548375281e6afa30d545d4d1acaaba8a77de5a571b76493780e81c2fc01,-Wall -Wextra -std=c++11 -O2 -ffp-contract=off -I src,gcc 15.2.0,libstdc++,arm64,libstdcxx,native,c3b4a0a07877c0f8e2370ff7fdae98d3f3d96c15465aadb9eae00a280391c6a6,false
exp7-manifest-1,2026-09-20T20:53:05Z,p3,paired,both,float,-,0.75,9001,raw/p3/p3_cond_libstdcxx_k0.75_s9001_float.bin,bin,1000000,32,1,2,32000096,bd5f695d9963d1d8f5f9a549c334cf0dfb43893e2fab34c0dcf6409309d2a31b,./exp7_probe_libstdcxx.exe,c999a548375281e6afa30d545d4d1acaaba8a77de5a571b76493780e81c2fc01,-Wall -Wextra -std=c++11 -O2 -ffp-contract=off -I src,gcc 15.2.0,libstdc++,arm64,libstdcxx,native,c3b4a0a07877c0f8e2370ff7fdae98d3f3d96c15465aadb9eae00a280391c6a6,false
exp7-manifest-1,2026-09-20T20:53:05Z,p3,paired,both,double,-,0.501,9002,raw/p3/p3_cond_libstdcxx_k0.501_s9002_double.bin,bin,1000000,32,1,2,32000096,2604ac6cdeac80233774385ddabe8ddb8dc72ad3ac5a1be519813e0880e6eaf5,./exp7_probe_libstdcxx.exe,c999a548375281e6afa30d545d4d1acaaba8a77de5a571b76493780e81c2fc01,-Wall -Wextra -std=c++11 -O2 -ffp-contract=off -I src,gcc 15.2.0,libstdc++,arm64,libstdcxx,native,c3b4a0a07877c0f8e2370ff7fdae98d3f3d96c15465aadb9eae00a280391c6a6,false
exp7-manifest-1,2026-09-20T20:53:05Z,p3,paired,both,double,-,0.505,9002,raw/p3/p3_cond_libstdcxx_k0.505_s9002_double.bin,bin,1000000,32,1,2,32000096,9ec5d342c9807c2362188cd007f7c57eca8962630763bedca4ae8a93a2095e17,./exp7_probe_libstdcxx.exe,c999a548375281e6afa30d545d4d1acaaba8a77de5a571b76493780e81c2fc01,-Wall -Wextra -std=c++11 -O2 -ffp-contract=off -I src,gcc 15.2.0,libstdc++,arm64,libstdcxx,native,c3b4a0a07877c0f8e2370ff7fdae98d3f3d96c15465aadb9eae00a280391c6a6,false
exp7-manifest-1,2026-09-20T20:53:05Z,p3,paired,both,double,-,0.51000000000000001,9002,raw/p3/p3_cond_libstdcxx_k0.51_s9002_double.bin,bin,1000000,32,1,2,32000096,d29defe9a4544148a9257dd9a1b8b7e4de124ac48bbf51c09648baf13b932d9f,./exp7_probe_libstdcxx.exe,c999a548375281e6afa30d545d4d1acaaba8a77de5a571b76493780e81c2fc01,-Wall -Wextra -std=c++11 -O2 -ffp-contract=off -I src,gcc 15.2.0,libstdc++,arm64,libstdcxx,native,c3b4a0a07877c0f8e2370ff7fdae98d3f3d96c15465aadb9eae00a280391c6a6,false
exp7-manifest-1,2026-09-20T20:53:05Z,p3,paired,both,double,-,0.75,9002,raw/p3/p3_cond_libstdcxx_k0.75_s9002_double.bin,bin,1000000,32,1,2,32000096,1787ea14a759177b2b9765ba6f10198e0b5a5cb1c88c5a853b00ea97bcad3934,./exp7_probe_libstdcxx.exe,c999a548375281e6afa30d545d4d1acaaba8a77de5a571b76493780e81c2fc01,-Wall -Wextra -std=c++11 -O2 -ffp-contract=off -I src,gcc 15.2.0,libstdc++,arm64,libstdcxx,native,c3b4a0a07877c0f8e2370ff7fdae98d3f3d96c15465aadb9eae00a280391c6a6,false
exp7-manifest-1,2026-09-20T20:53:05Z,p3,paired,both,float,-,0.55000000000000004,9002,raw/p3/p3_cond_libstdcxx_k0.55_s9002_float.bin,bin,1000000,32,1,2,32000096,3490d8b741286f0a7e5a8611c804af932cc3e5af89808dabed22a1d11463d960,./exp7_probe_libstdcxx.exe,c999a548375281e6afa30d545d4d1acaaba8a77de5a571b76493780e81c2fc01,-Wall -Wextra -std=c++11 -O2 -ffp-contract=off -I src,gcc 15.2.0,libstdc++,arm64,libstdcxx,native,c3b4a0a07877c0f8e2370ff7fdae98d3f3d96c15465aadb9eae00a280391c6a6,false
exp7-manifest-1,2026-09-20T20:53:05Z,p3,paired,both,float,-,0.59999999999999998,9002,raw/p3/p3_cond_libstdcxx_k0.6_s9002_float.bin,bin,1000000,32,1,2,32000096,07be61ffe07a255e8b3afedb9a06fae66058419041d02b65a3285842fc5d0bae,./exp7_probe_libstdcxx.exe,c999a548375281e6afa30d545d4d1acaaba8a77de5a571b76493780e81c2fc01,-Wall -Wextra -std=c++11 -O2 -ffp-contract=off -I src,gcc 15.2.0,libstdc++,arm64,libstdcxx,native,c3b4a0a07877c0f8e2370ff7fdae98d3f3d96c15465aadb9eae00a280391c6a6,false
exp7-manifest-1,2026-09-20T20:53:05Z,p3,paired,both,float,-,0.75,9002,raw/p3/p3_cond_libstdcxx_k0.75_s9002_float.bin,bin,1000000,32,1,2,32000096,cd5ce643880734fca53e6d87fd82f3eb3026ee724c73217ba93292109c425a05,./exp7_probe_libstdcxx.exe,c999a548375281e6afa30d545d4d1acaaba8a77de5a571b76493780e81c2fc01,-Wall -Wextra -std=c++11 -O2 -ffp-contract=off -I src,gcc 15.2.0,libstdc++,arm64,libstdcxx,native,c3b4a0a07877c0f8e2370ff7fdae98d3f3d96c15465aadb9eae00a280391c6a6,false
exp7-manifest-1,2026-09-20T20:53:05Z,p3,paired,both,double,-,0.501,9003,raw/p3/p3_cond_libstdcxx_k0.501_s9003_double.bin,bin,1000000,32,1,2,32000096,710a890850c5d9b2767b7da6c77a1e218770623a41fa540997213d6e93e2a781,./exp7_probe_libstdcxx.exe,c999a548375281e6afa30d545d4d1acaaba8a77de5a571b76493780e81c2fc01,-Wall -Wextra -std=c++11 -O2 -ffp-contract=off -I src,gcc 15.2.0,libstdc++,arm64,libstdcxx,native,c3b4a0a07877c0f8e2370ff7fdae98d3f3d96c15465aadb9eae00a280391c6a6,false
exp7-manifest-1,2026-09-20T20:53:05Z,p3,paired,both,double,-,0.505,9003,raw/p3/p3_cond_libstdcxx_k0.505_s9003_double.bin,bin,1000000,32,1,2,32000096,65fec4c97dbfa0184670c173e4770dc1e7c4bbfa352db5faf2480c74e52776cf,./exp7_probe_libstdcxx.exe,c999a548375281e6afa30d545d4d1acaaba8a77de5a571b76493780e81c2fc01,-Wall -Wextra -std=c++11 -O2 -ffp-contract=off -I src,gcc 15.2.0,libstdc++,arm64,libstdcxx,native,c3b4a0a07877c0f8e2370ff7fdae98d3f3d96c15465aadb9eae00a280391c6a6,false
exp7-manifest-1,2026-09-20T20:53:05Z,p3,paired,both,double,-,0.51000000000000001,9003,raw/p3/p3_cond_libstdcxx_k0.51_s9003_double.bin,bin,1000000,32,1,2,32000096,3b7b11f5c57b429d7c962c64857b54b21962d6e763b67c99b3cf2dbfedbb0173,./exp7_probe_libstdcxx.exe,c999a548375281e6afa30d545d4d1acaaba8a77de5a571b76493780e81c2fc01,-Wall -Wextra -std=c++11 -O2 -ffp-contract=off -I src,gcc 15.2.0,libstdc++,arm64,libstdcxx,native,c3b4a0a07877c0f8e2370ff7fdae98d3f3d96c15465aadb9eae00a280391c6a6,false
exp7-manifest-1,2026-09-20T20:53:05Z,p3,paired,both,double,-,0.75,9003,raw/p3/p3_cond_libstdcxx_k0.75_s9003_double.bin,bin,1000000,32,1,2,32000096,256f56f2d2aae99d528d8e5980facc530b6e410c0a69075cc7724711ff631437,./exp7_probe_libstdcxx.exe,c999a548375281e6afa30d545d4d1acaaba8a77de5a571b76493780e81c2fc01,-Wall -Wextra -std=c++11 -O2 -ffp-contract=off -I src,gcc 15.2.0,libstdc++,arm64,libstdcxx,native,c3b4a0a07877c0f8e2370ff7fdae98d3f3d96c15465aadb9eae00a280391c6a6,false
exp7-manifest-1,2026-09-20T20:53:05Z,p3,paired,both,float,-,0.55000000000000004,9003,raw/p3/p3_cond_libstdcxx_k0.55_s9003_float.bin,bin,1000000,32,1,2,32000096,de984e3a03e11780f6eb8559f8fad5e5daa89c5b55c810d9412f70fa63084009,./exp7_probe_libstdcxx.exe,c999a548375281e6afa30d545d4d1acaaba8a77de5a571b76493780e81c2fc01,-Wall -Wextra -std=c++11 -O2 -ffp-contract=off -I src,gcc 15.2.0,libstdc++,arm64,libstdcxx,native,c3b4a0a07877c0f8e2370ff7fdae98d3f3d96c15465aadb9eae00a280391c6a6,false
exp7-manifest-1,2026-09-20T20:53:05Z,p3,paired,both,float,-,0.59999999999999998,9003,raw/p3/p3_cond_libstdcxx_k0.6_s9003_float.bin,bin,1000000,32,1,2,32000096,e2b1cc3dd1247e94a9ce1b4165ca2b9d87511bc12c2cb237b17c6b5d4e1bc016,./exp7_probe_libstdcxx.exe,c999a548375281e6afa30d545d4d1acaaba8a77de5a571b76493780e81c2fc01,-Wall -Wextra -std=c++11 -O2 -ffp-contract=off -I src,gcc 15.2.0,libstdc++,arm64,libstdcxx,native,c3b4a0a07877c0f8e2370ff7fdae98d3f3d96c15465aadb9eae00a280391c6a6,false
exp7-manifest-1,2026-09-20T20:53:05Z,p3,paired,both,float,-,0.75,9003,raw/p3/p3_cond_libstdcxx_k0.75_s9003_float.bin,bin,1000000,32,1,2,32000096,1aab0d23f697486de1cabfa4bcf342602a31c2a9199395615deaa4064988d94b,./exp7_probe_libstdcxx.exe,c999a548375281e6afa30d545d4d1acaaba8a77de5a571b76493780e81c2fc01,-Wall -Wextra -std=c++11 -O2 -ffp-contract=off -I src,gcc 15.2.0,libstdc++,arm64,libstdcxx,native,c3b4a0a07877c0f8e2370ff7fdae98d3f3d96c15465aadb9eae00a280391c6a6,false
exp7-manifest-1,2026-09-20T20:53:05Z,p3,paired,both,double,-,0.501,9004,raw/p3/p3_cond_libstdcxx_k0.501_s9004_double.bin,bin,1000000,32,1,2,32000096,e41233b452aa94a0e73dcad91bba2faee115fa64844e504a61f96804ca45af2a,./exp7_probe_libstdcxx.exe,c999a548375281e6afa30d545d4d1acaaba8a77de5a571b76493780e81c2fc01,-Wall -Wextra -std=c++11 -O2 -ffp-contract=off -I src,gcc 15.2.0,libstdc++,arm64,libstdcxx,native,c3b4a0a07877c0f8e2370ff7fdae98d3f3d96c15465aadb9eae00a280391c6a6,false
exp7-manifest-1,2026-09-20T20:53:05Z,p3,paired,both,double,-,0.505,9004,raw/p3/p3_cond_libstdcxx_k0.505_s9004_double.bin,bin,1000000,32,1,2,32000096,6d1843bf63c66989e67ba59c6a4ee75b327deba7c2abd57f669128c6010a3458,./exp7_probe_libstdcxx.exe,c999a548375281e6afa30d545d4d1acaaba8a77de5a571b76493780e81c2fc01,-Wall -Wextra -std=c++11 -O2 -ffp-contract=off -I src,gcc 15.2.0,libstdc++,arm64,libstdcxx,native,c3b4a0a07877c0f8e2370ff7fdae98d3f3d96c15465aadb9eae00a280391c6a6,false
exp7-manifest-1,2026-09-20T20:53:05Z,p3,paired,both,double,-,0.51000000000000001,9004,raw/p3/p3_cond_libstdcxx_k0.51_s9004_double.bin,bin,1000000,32,1,2,32000096,8b10b22c2b14fdd821b9ea1d435aecf37217d226a2f5816d58801888a354196e,./exp7_probe_libstdcxx.exe,c999a548375281e6afa30d545d4d1acaaba8a77de5a571b76493780e81c2fc01,-Wall -Wextra -std=c++11 -O2 -ffp-contract=off -I src,gcc 15.2.0,libstdc++,arm64,libstdcxx,native,c3b4a0a07877c0f8e2370ff7fdae98d3f3d96c15465aadb9eae00a280391c6a6,false
exp7-manifest-1,2026-09-20T20:53:05Z,p3,paired,both,double,-,0.75,9004,raw/p3/p3_cond_libstdcxx_k0.75_s9004_double.bin,bin,1000000,32,1,2,32000096,8d0d024a0938b3dad4902e4f46e2137212c12a3951b7ba2d53142af5bc4a6ad6,./exp7_probe_libstdcxx.exe,c999a548375281e6afa30d545d4d1acaaba8a77de5a571b76493780e81c2fc01,-Wall -Wextra -std=c++11 -O2 -ffp-contract=off -I src,gcc 15.2.0,libstdc++,arm64,libstdcxx,native,c3b4a0a07877c0f8e2370ff7fdae98d3f3d96c15465aadb9eae00a280391c6a6,false
exp7-manifest-1,2026-09-20T20:53:05Z,p3,paired,both,float,-,0.55000000000000004,9004,raw/p3/p3_cond_libstdcxx_k0.55_s9004_float.bin,bin,1000000,32,1,2,32000096,0e6c79fbc0b93e651b3c1161654c1ff90ecbff8bf8be2ccf43b9728a83858ed7,./exp7_probe_libstdcxx.exe,c999a548375281e6afa30d545d4d1acaaba8a77de5a571b76493780e81c2fc01,-Wall -Wextra -std=c++11 -O2 -ffp-contract=off -I src,gcc 15.2.0,libstdc++,arm64,libstdcxx,native,c3b4a0a07877c0f8e2370ff7fdae98d3f3d96c15465aadb9eae00a280391c6a6,false
exp7-manifest-1,2026-09-20T20:53:05Z,p3,paired,both,float,-,0.59999999999999998,9004,raw/p3/p3_cond_libstdcxx_k0.6_s9004_float.bin,bin,1000000,32,1,2,32000096,54038fb2f60b78b16e2f4a38e44e16b1ea5767f2bdb300a93b8d87e8d0229249,./exp7_probe_libstdcxx.exe,c999a548375281e6afa30d545d4d1acaaba8a77de5a571b76493780e81c2fc01,-Wall -Wextra -std=c++11 -O2 -ffp-contract=off -I src,gcc 15.2.0,libstdc++,arm64,libstdcxx,native,c3b4a0a07877c0f8e2370ff7fdae98d3f3d96c15465aadb9eae00a280391c6a6,false
exp7-manifest-1,2026-09-20T20:53:05Z,p3,paired,both,float,-,0.75,9004,raw/p3/p3_cond_libstdcxx_k0.75_s9004_float.bin,bin,1000000,32,1,2,32000096,e0e0ac84b0183af4608cf8331ead8115e3ac965b4e081ba56714a1c45bfcc37d,./exp7_probe_libstdcxx.exe,c999a548375281e6afa30d545d4d1acaaba8a77de5a571b76493780e81c2fc01,-Wall -Wextra -std=c++11 -O2 -ffp-contract=off -I src,gcc 15.2.0,libstdc++,arm64,libstdcxx,native,c3b4a0a07877c0f8e2370ff7fdae98d3f3d96c15465aadb9eae00a280391c6a6,false
exp7-manifest-1,2026-09-20T20:53:05Z,p3,paired,both,double,-,0.501,9005,raw/p3/p3_cond_libstdcxx_k0.501_s9005_double.bin,bin,1000000,32,1,2,32000096,c2c2181682ab25d6a2cf12c682b7282a15ee2269309eef0b40305b0e480c226a,./exp7_probe_libstdcxx.exe,c999a548375281e6afa30d545d4d1acaaba8a77de5a571b76493780e81c2fc01,-Wall -Wextra -std=c++11 -O2 -ffp-contract=off -I src,gcc 15.2.0,libstdc++,arm64,libstdcxx,native,c3b4a0a07877c0f8e2370ff7fdae98d3f3d96c15465aadb9eae00a280391c6a6,false
exp7-manifest-1,2026-09-20T20:53:05Z,p3,paired,both,double,-,0.505,9005,raw/p3/p3_cond_libstdcxx_k0.505_s9005_double.bin,bin,1000000,32,1,2,32000096,fd34278e85144c1d58b9cc437d5f1a3625a330dc0e506052e19aab8c29814ca0,./exp7_probe_libstdcxx.exe,c999a548375281e6afa30d545d4d1acaaba8a77de5a571b76493780e81c2fc01,-Wall -Wextra -std=c++11 -O2 -ffp-contract=off -I src,gcc 15.2.0,libstdc++,arm64,libstdcxx,native,c3b4a0a07877c0f8e2370ff7fdae98d3f3d96c15465aadb9eae00a280391c6a6,false
exp7-manifest-1,2026-09-20T20:53:05Z,p3,paired,both,double,-,0.51000000000000001,9005,raw/p3/p3_cond_libstdcxx_k0.51_s9005_double.bin,bin,1000000,32,1,2,32000096,9fb3ca8e3578da74460863d091dabcfcbf2e8e5f74cf8fbba4be159e8a1b1b68,./exp7_probe_libstdcxx.exe,c999a548375281e6afa30d545d4d1acaaba8a77de5a571b76493780e81c2fc01,-Wall -Wextra -std=c++11 -O2 -ffp-contract=off -I src,gcc 15.2.0,libstdc++,arm64,libstdcxx,native,c3b4a0a07877c0f8e2370ff7fdae98d3f3d96c15465aadb9eae00a280391c6a6,false
exp7-manifest-1,2026-09-20T20:53:05Z,p3,paired,both,double,-,0.75,9005,raw/p3/p3_cond_libstdcxx_k0.75_s9005_double.bin,bin,1000000,32,1,2,32000096,d5d3febc10e09ad38bb383796caee93db25b503c1cb9c093f4146b0c4464ccf8,./exp7_probe_libstdcxx.exe,c999a548375281e6afa30d545d4d1acaaba8a77de5a571b76493780e81c2fc01,-Wall -Wextra -std=c++11 -O2 -ffp-contract=off -I src,gcc 15.2.0,libstdc++,arm64,libstdcxx,native,c3b4a0a07877c0f8e2370ff7fdae98d3f3d96c15465aadb9eae00a280391c6a6,false
exp7-manifest-1,2026-09-20T20:53:05Z,p3,paired,both,float,-,0.55000000000000004,9005,raw/p3/p3_cond_libstdcxx_k0.55_s9005_float.bin,bin,1000000,32,1,2,32000096,85b9da762401ae3eb39aef1cd5e3aaf2f3a002175eda07c932d0b51cad7dd9c6,./exp7_probe_libstdcxx.exe,c999a548375281e6afa30d545d4d1acaaba8a77de5a571b76493780e81c2fc01,-Wall -Wextra -std=c++11 -O2 -ffp-contract=off -I src,gcc 15.2.0,libstdc++,arm64,libstdcxx,native,c3b4a0a07877c0f8e2370ff7fdae98d3f3d96c15465aadb9eae00a280391c6a6,false
exp7-manifest-1,2026-09-20T20:53:05Z,p3,paired,both,float,-,0.59999999999999998,9005,raw/p3/p3_cond_libstdcxx_k0.6_s9005_float.bin,bin,1000000,32,1,2,32000096,770901b586eb6d21fe39d8241b63704ce3748023a18e07da08a50f6fb36cc53b,./exp7_probe_libstdcxx.exe,c999a548375281e6afa30d545d4d1acaaba8a77de5a571b76493780e81c2fc01,-Wall -Wextra -std=c++11 -O2 -ffp-contract=off -I src,gcc 15.2.0,libstdc++,arm64,libstdcxx,native,c3b4a0a07877c0f8e2370ff7fdae98d3f3d96c15465aadb9eae00a280391c6a6,false
exp7-manifest-1,2026-09-20T20:53:05Z,p3,paired,both,float,-,0.75,9005,raw/p3/p3_cond_libstdcxx_k0.75_s9005_float.bin,bin,1000000,32,1,2,32000096,75b8ae86ee229293174e02e4fc3c3b597552ddcadaa3d6e3e76e25be9063ed0a,./exp7_probe_libstdcxx.exe,c999a548375281e6afa30d545d4d1acaaba8a77de5a571b76493780e81c2fc01,-Wall -Wextra -std=c++11 -O2 -ffp-contract=off -I src,gcc 15.2.0,libstdc++,arm64,libstdcxx,native,c3b4a0a07877c0f8e2370ff7fdae98d3f3d96c15465aadb9eae00a280391c6a6,false
exp7-manifest-1,2026-09-20T20:53:05Z,p3,audit,paired,mixed,-,nan,-1,raw/p3/audit_p3_libstdcxx.bin,bin,1521085,72,1,4,109518216,761acecf924bcfe0b52542c2f685ef8f18941b4364da4d2f2fa7daae31c03cb2,./exp7_probe_libstdcxx.exe,c999a548375281e6afa30d545d4d1acaaba8a77de5a571b76493780e81c2fc01,-Wall -Wextra -std=c++11 -O2 -ffp-contract=off -I src,gcc 15.2.0,libstdc++,arm64,libstdcxx,native,c3b4a0a07877c0f8e2370ff7fdae98d3f3d96c15465aadb9eae00a280391c6a6,false
exp7-manifest-1,2026-09-20T20:53:05Z,p3,summary,all,all,all,nan,-1,raw/p3/p3_libstdcxx.jsonl,jsonl,105,-1,-1,-1,228083,fffe8109099c650e06c72c1201f8b15ce3385f575b1874abd34eddf4df5c8da4,./exp7_probe_libstdcxx.exe,c999a548375281e6afa30d545d4d1acaaba8a77de5a571b76493780e81c2fc01,-Wall -Wextra -std=c++11 -O2 -ffp-contract=off -I src,gcc 15.2.0,libstdc++,arm64,libstdcxx,native,c3b4a0a07877c0f8e2370ff7fdae98d3f3d96c15465aadb9eae00a280391c6a6,false
exp7-manifest-1,2026-09-20T20:53:18Z,p4,uncapped,LEGACY,double,C0,2,9001,raw/p4/p4_loader_libcxx_C0_LEGACY_s9001.bin,bin,100000,40,1,3,4000096,5ddd9cac5a7030bc58cddce3dda9bc959cd4c02c225d88867245d752558feceb,./exp7_probe_libcxx.exe,7874afeb97cb5ba7d7a5b1c5771c15ff2d40228ba92d0c52efe8dcd87431ac67,-Wall -Wextra -std=c++11 -O2 -ffp-contract=off -I src,clang 21.0.0 (clang-2100.3.34.2),libc++,arm64,libcxx,native,c3b4a0a07877c0f8e2370ff7fdae98d3f3d96c15465aadb9eae00a280391c6a6,false
exp7-manifest-1,2026-09-20T20:53:18Z,p4,uncapped,CANDIDATE,double,C0,2,9001,raw/p4/p4_loader_libcxx_C0_CANDIDATE_s9001.bin,bin,100000,40,1,3,4000096,a1893f21a8489eca4cc9a3d6dd94cfd7c2c17a9ae84dde126410c70f5328a32a,./exp7_probe_libcxx.exe,7874afeb97cb5ba7d7a5b1c5771c15ff2d40228ba92d0c52efe8dcd87431ac67,-Wall -Wextra -std=c++11 -O2 -ffp-contract=off -I src,clang 21.0.0 (clang-2100.3.34.2),libc++,arm64,libcxx,native,c3b4a0a07877c0f8e2370ff7fdae98d3f3d96c15465aadb9eae00a280391c6a6,false
exp7-manifest-1,2026-09-20T20:53:18Z,p4,class,LEGACY,double,C0,2,9001,raw/p4/p4_class_libcxx_C0_LEGACY_s9001.bin,bin,100000,40,1,3,4000096,254d775c9528940475dce6f1884f93d41c459ea2c9dd0bc05c250e3b852c92df,./exp7_probe_libcxx.exe,7874afeb97cb5ba7d7a5b1c5771c15ff2d40228ba92d0c52efe8dcd87431ac67,-Wall -Wextra -std=c++11 -O2 -ffp-contract=off -I src,clang 21.0.0 (clang-2100.3.34.2),libc++,arm64,libcxx,native,c3b4a0a07877c0f8e2370ff7fdae98d3f3d96c15465aadb9eae00a280391c6a6,false
exp7-manifest-1,2026-09-20T20:53:18Z,p4,class,CANDIDATE,double,C0,2,9001,raw/p4/p4_class_libcxx_C0_CANDIDATE_s9001.bin,bin,100000,40,1,3,4000096,1cb7d26f5b012059f923e178f2783fe2b37760eb529a8a568ca5862922d53223,./exp7_probe_libcxx.exe,7874afeb97cb5ba7d7a5b1c5771c15ff2d40228ba92d0c52efe8dcd87431ac67,-Wall -Wextra -std=c++11 -O2 -ffp-contract=off -I src,clang 21.0.0 (clang-2100.3.34.2),libc++,arm64,libcxx,native,c3b4a0a07877c0f8e2370ff7fdae98d3f3d96c15465aadb9eae00a280391c6a6,false
exp7-manifest-1,2026-09-20T20:53:18Z,p4,uncapped,LEGACY,double,C0,2,9002,raw/p4/p4_loader_libcxx_C0_LEGACY_s9002.bin,bin,100000,40,1,3,4000096,d8c5da53316d8542ee230e42a924af9a4c2eeeb307ab556567e79402a40860d8,./exp7_probe_libcxx.exe,7874afeb97cb5ba7d7a5b1c5771c15ff2d40228ba92d0c52efe8dcd87431ac67,-Wall -Wextra -std=c++11 -O2 -ffp-contract=off -I src,clang 21.0.0 (clang-2100.3.34.2),libc++,arm64,libcxx,native,c3b4a0a07877c0f8e2370ff7fdae98d3f3d96c15465aadb9eae00a280391c6a6,false
exp7-manifest-1,2026-09-20T20:53:18Z,p4,uncapped,CANDIDATE,double,C0,2,9002,raw/p4/p4_loader_libcxx_C0_CANDIDATE_s9002.bin,bin,100000,40,1,3,4000096,f2f7b8f3b289ba9e66a50e1eff35f967a3afb93626c6345eca439b073e0d6da7,./exp7_probe_libcxx.exe,7874afeb97cb5ba7d7a5b1c5771c15ff2d40228ba92d0c52efe8dcd87431ac67,-Wall -Wextra -std=c++11 -O2 -ffp-contract=off -I src,clang 21.0.0 (clang-2100.3.34.2),libc++,arm64,libcxx,native,c3b4a0a07877c0f8e2370ff7fdae98d3f3d96c15465aadb9eae00a280391c6a6,false
exp7-manifest-1,2026-09-20T20:53:18Z,p4,class,LEGACY,double,C0,2,9002,raw/p4/p4_class_libcxx_C0_LEGACY_s9002.bin,bin,100000,40,1,3,4000096,ca7b1fcdcfe95f902cefc5ba0e86f6c892e0f8f51767575617869f8c4693afaa,./exp7_probe_libcxx.exe,7874afeb97cb5ba7d7a5b1c5771c15ff2d40228ba92d0c52efe8dcd87431ac67,-Wall -Wextra -std=c++11 -O2 -ffp-contract=off -I src,clang 21.0.0 (clang-2100.3.34.2),libc++,arm64,libcxx,native,c3b4a0a07877c0f8e2370ff7fdae98d3f3d96c15465aadb9eae00a280391c6a6,false
exp7-manifest-1,2026-09-20T20:53:18Z,p4,class,CANDIDATE,double,C0,2,9002,raw/p4/p4_class_libcxx_C0_CANDIDATE_s9002.bin,bin,100000,40,1,3,4000096,61e2bef355f59893189aa3e843a69cfd6db03a23d9669ba6ca28a571c3b61a41,./exp7_probe_libcxx.exe,7874afeb97cb5ba7d7a5b1c5771c15ff2d40228ba92d0c52efe8dcd87431ac67,-Wall -Wextra -std=c++11 -O2 -ffp-contract=off -I src,clang 21.0.0 (clang-2100.3.34.2),libc++,arm64,libcxx,native,c3b4a0a07877c0f8e2370ff7fdae98d3f3d96c15465aadb9eae00a280391c6a6,false
exp7-manifest-1,2026-09-20T20:53:18Z,p4,uncapped,LEGACY,double,C0,2,9003,raw/p4/p4_loader_libcxx_C0_LEGACY_s9003.bin,bin,100000,40,1,3,4000096,4a7848639e72ed3f7ffeff99f5cccbf0a821d142f41277709e0cb8ece44817ec,./exp7_probe_libcxx.exe,7874afeb97cb5ba7d7a5b1c5771c15ff2d40228ba92d0c52efe8dcd87431ac67,-Wall -Wextra -std=c++11 -O2 -ffp-contract=off -I src,clang 21.0.0 (clang-2100.3.34.2),libc++,arm64,libcxx,native,c3b4a0a07877c0f8e2370ff7fdae98d3f3d96c15465aadb9eae00a280391c6a6,false
exp7-manifest-1,2026-09-20T20:53:18Z,p4,uncapped,CANDIDATE,double,C0,2,9003,raw/p4/p4_loader_libcxx_C0_CANDIDATE_s9003.bin,bin,100000,40,1,3,4000096,8cf469ae1d482dff4f014b9fba7ed93fa3c6863f1b9406a4e16eca1aaaab94e8,./exp7_probe_libcxx.exe,7874afeb97cb5ba7d7a5b1c5771c15ff2d40228ba92d0c52efe8dcd87431ac67,-Wall -Wextra -std=c++11 -O2 -ffp-contract=off -I src,clang 21.0.0 (clang-2100.3.34.2),libc++,arm64,libcxx,native,c3b4a0a07877c0f8e2370ff7fdae98d3f3d96c15465aadb9eae00a280391c6a6,false
exp7-manifest-1,2026-09-20T20:53:18Z,p4,class,LEGACY,double,C0,2,9003,raw/p4/p4_class_libcxx_C0_LEGACY_s9003.bin,bin,100000,40,1,3,4000096,20bd76f8a942a371a77038618656f4ffc584a7ba123e03f7db06a6bf2dcca3ed,./exp7_probe_libcxx.exe,7874afeb97cb5ba7d7a5b1c5771c15ff2d40228ba92d0c52efe8dcd87431ac67,-Wall -Wextra -std=c++11 -O2 -ffp-contract=off -I src,clang 21.0.0 (clang-2100.3.34.2),libc++,arm64,libcxx,native,c3b4a0a07877c0f8e2370ff7fdae98d3f3d96c15465aadb9eae00a280391c6a6,false
exp7-manifest-1,2026-09-20T20:53:18Z,p4,class,CANDIDATE,double,C0,2,9003,raw/p4/p4_class_libcxx_C0_CANDIDATE_s9003.bin,bin,100000,40,1,3,4000096,dd9af345349828f4c29ba37a6dcb32dd44a5bb4d8442a4ac43a329cc2c2904e2,./exp7_probe_libcxx.exe,7874afeb97cb5ba7d7a5b1c5771c15ff2d40228ba92d0c52efe8dcd87431ac67,-Wall -Wextra -std=c++11 -O2 -ffp-contract=off -I src,clang 21.0.0 (clang-2100.3.34.2),libc++,arm64,libcxx,native,c3b4a0a07877c0f8e2370ff7fdae98d3f3d96c15465aadb9eae00a280391c6a6,false
exp7-manifest-1,2026-09-20T20:53:18Z,p4,uncapped,LEGACY,double,C0,2,9004,raw/p4/p4_loader_libcxx_C0_LEGACY_s9004.bin,bin,100000,40,1,3,4000096,fbd73291b27e8e226d692756f7f095ba94bf11e3c88395aeee30480e465037ea,./exp7_probe_libcxx.exe,7874afeb97cb5ba7d7a5b1c5771c15ff2d40228ba92d0c52efe8dcd87431ac67,-Wall -Wextra -std=c++11 -O2 -ffp-contract=off -I src,clang 21.0.0 (clang-2100.3.34.2),libc++,arm64,libcxx,native,c3b4a0a07877c0f8e2370ff7fdae98d3f3d96c15465aadb9eae00a280391c6a6,false
exp7-manifest-1,2026-09-20T20:53:18Z,p4,uncapped,CANDIDATE,double,C0,2,9004,raw/p4/p4_loader_libcxx_C0_CANDIDATE_s9004.bin,bin,100000,40,1,3,4000096,baf907c323faee7a6b31aebccdcac2ff3d30017ebadcd2ef1db1209f542708fe,./exp7_probe_libcxx.exe,7874afeb97cb5ba7d7a5b1c5771c15ff2d40228ba92d0c52efe8dcd87431ac67,-Wall -Wextra -std=c++11 -O2 -ffp-contract=off -I src,clang 21.0.0 (clang-2100.3.34.2),libc++,arm64,libcxx,native,c3b4a0a07877c0f8e2370ff7fdae98d3f3d96c15465aadb9eae00a280391c6a6,false
exp7-manifest-1,2026-09-20T20:53:18Z,p4,class,LEGACY,double,C0,2,9004,raw/p4/p4_class_libcxx_C0_LEGACY_s9004.bin,bin,100000,40,1,3,4000096,77b578eeef6972f68d48429dc868c166712a5dff2c7ff5735d7c4db31b549d8c,./exp7_probe_libcxx.exe,7874afeb97cb5ba7d7a5b1c5771c15ff2d40228ba92d0c52efe8dcd87431ac67,-Wall -Wextra -std=c++11 -O2 -ffp-contract=off -I src,clang 21.0.0 (clang-2100.3.34.2),libc++,arm64,libcxx,native,c3b4a0a07877c0f8e2370ff7fdae98d3f3d96c15465aadb9eae00a280391c6a6,false
exp7-manifest-1,2026-09-20T20:53:18Z,p4,class,CANDIDATE,double,C0,2,9004,raw/p4/p4_class_libcxx_C0_CANDIDATE_s9004.bin,bin,100000,40,1,3,4000096,572a69052bc0e68a173b7fc836d917cda76f339122094235f8b3b42cf177d00f,./exp7_probe_libcxx.exe,7874afeb97cb5ba7d7a5b1c5771c15ff2d40228ba92d0c52efe8dcd87431ac67,-Wall -Wextra -std=c++11 -O2 -ffp-contract=off -I src,clang 21.0.0 (clang-2100.3.34.2),libc++,arm64,libcxx,native,c3b4a0a07877c0f8e2370ff7fdae98d3f3d96c15465aadb9eae00a280391c6a6,false
exp7-manifest-1,2026-09-20T20:53:18Z,p4,uncapped,LEGACY,double,C0,2,9005,raw/p4/p4_loader_libcxx_C0_LEGACY_s9005.bin,bin,100000,40,1,3,4000096,07e6e4236ec102abbb34176d319a2f442836c2c14c0a85b3d27f04e65fbde1db,./exp7_probe_libcxx.exe,7874afeb97cb5ba7d7a5b1c5771c15ff2d40228ba92d0c52efe8dcd87431ac67,-Wall -Wextra -std=c++11 -O2 -ffp-contract=off -I src,clang 21.0.0 (clang-2100.3.34.2),libc++,arm64,libcxx,native,c3b4a0a07877c0f8e2370ff7fdae98d3f3d96c15465aadb9eae00a280391c6a6,false
exp7-manifest-1,2026-09-20T20:53:18Z,p4,uncapped,CANDIDATE,double,C0,2,9005,raw/p4/p4_loader_libcxx_C0_CANDIDATE_s9005.bin,bin,100000,40,1,3,4000096,b9838478d4d59428c09b995a0bd7928b29fe63f1b110bbe3902c2d8b2b96b9b9,./exp7_probe_libcxx.exe,7874afeb97cb5ba7d7a5b1c5771c15ff2d40228ba92d0c52efe8dcd87431ac67,-Wall -Wextra -std=c++11 -O2 -ffp-contract=off -I src,clang 21.0.0 (clang-2100.3.34.2),libc++,arm64,libcxx,native,c3b4a0a07877c0f8e2370ff7fdae98d3f3d96c15465aadb9eae00a280391c6a6,false
exp7-manifest-1,2026-09-20T20:53:18Z,p4,class,LEGACY,double,C0,2,9005,raw/p4/p4_class_libcxx_C0_LEGACY_s9005.bin,bin,100000,40,1,3,4000096,d964451d8fe6cb586a97f916ea96b92e5a49fa9f35f94cc4d5067d9432b5c03a,./exp7_probe_libcxx.exe,7874afeb97cb5ba7d7a5b1c5771c15ff2d40228ba92d0c52efe8dcd87431ac67,-Wall -Wextra -std=c++11 -O2 -ffp-contract=off -I src,clang 21.0.0 (clang-2100.3.34.2),libc++,arm64,libcxx,native,c3b4a0a07877c0f8e2370ff7fdae98d3f3d96c15465aadb9eae00a280391c6a6,false
exp7-manifest-1,2026-09-20T20:53:18Z,p4,class,CANDIDATE,double,C0,2,9005,raw/p4/p4_class_libcxx_C0_CANDIDATE_s9005.bin,bin,100000,40,1,3,4000096,83f0665467827a60817ca1027ee60c4e4582feadbb0bbcaf3e2137761406db76,./exp7_probe_libcxx.exe,7874afeb97cb5ba7d7a5b1c5771c15ff2d40228ba92d0c52efe8dcd87431ac67,-Wall -Wextra -std=c++11 -O2 -ffp-contract=off -I src,clang 21.0.0 (clang-2100.3.34.2),libc++,arm64,libcxx,native,c3b4a0a07877c0f8e2370ff7fdae98d3f3d96c15465aadb9eae00a280391c6a6,false
exp7-manifest-1,2026-09-20T20:53:18Z,p4,uncapped,LEGACY,double,C1,0.51000000000000001,9001,raw/p4/p4_loader_libcxx_C1_LEGACY_s9001.bin,bin,100000,40,1,3,4000096,7b4fe931cbbd178bfb7669542b24a78990ff3f82aeafbf6ab4a6f6ee87a52a0b,./exp7_probe_libcxx.exe,7874afeb97cb5ba7d7a5b1c5771c15ff2d40228ba92d0c52efe8dcd87431ac67,-Wall -Wextra -std=c++11 -O2 -ffp-contract=off -I src,clang 21.0.0 (clang-2100.3.34.2),libc++,arm64,libcxx,native,c3b4a0a07877c0f8e2370ff7fdae98d3f3d96c15465aadb9eae00a280391c6a6,false
exp7-manifest-1,2026-09-20T20:53:18Z,p4,uncapped,CANDIDATE,double,C1,0.51000000000000001,9001,raw/p4/p4_loader_libcxx_C1_CANDIDATE_s9001.bin,bin,100000,40,1,3,4000096,8e66bfdeeedc636cb0da27502581b02eb992129205e0df113e84cb216be86413,./exp7_probe_libcxx.exe,7874afeb97cb5ba7d7a5b1c5771c15ff2d40228ba92d0c52efe8dcd87431ac67,-Wall -Wextra -std=c++11 -O2 -ffp-contract=off -I src,clang 21.0.0 (clang-2100.3.34.2),libc++,arm64,libcxx,native,c3b4a0a07877c0f8e2370ff7fdae98d3f3d96c15465aadb9eae00a280391c6a6,false
exp7-manifest-1,2026-09-20T20:53:18Z,p4,class,LEGACY,double,C1,0.51000000000000001,9001,raw/p4/p4_class_libcxx_C1_LEGACY_s9001.bin,bin,100000,40,1,3,4000096,0a35e2fbf46825e50a1e6878a553d6d9628ec30e5fd3641affa91e3c08e4ecda,./exp7_probe_libcxx.exe,7874afeb97cb5ba7d7a5b1c5771c15ff2d40228ba92d0c52efe8dcd87431ac67,-Wall -Wextra -std=c++11 -O2 -ffp-contract=off -I src,clang 21.0.0 (clang-2100.3.34.2),libc++,arm64,libcxx,native,c3b4a0a07877c0f8e2370ff7fdae98d3f3d96c15465aadb9eae00a280391c6a6,false
exp7-manifest-1,2026-09-20T20:53:18Z,p4,class,CANDIDATE,double,C1,0.51000000000000001,9001,raw/p4/p4_class_libcxx_C1_CANDIDATE_s9001.bin,bin,100000,40,1,3,4000096,b0cba7c80a2a6abd6ed991eb2e2444c2bb320da4ef81d0df72a37f82576a33e4,./exp7_probe_libcxx.exe,7874afeb97cb5ba7d7a5b1c5771c15ff2d40228ba92d0c52efe8dcd87431ac67,-Wall -Wextra -std=c++11 -O2 -ffp-contract=off -I src,clang 21.0.0 (clang-2100.3.34.2),libc++,arm64,libcxx,native,c3b4a0a07877c0f8e2370ff7fdae98d3f3d96c15465aadb9eae00a280391c6a6,false
exp7-manifest-1,2026-09-20T20:53:18Z,p4,uncapped,LEGACY,double,C1,0.51000000000000001,9002,raw/p4/p4_loader_libcxx_C1_LEGACY_s9002.bin,bin,100000,40,1,3,4000096,3682c5f25c0b96c6abaa26da6bc4063e375a9d78d52576037edec4c88d9b4c28,./exp7_probe_libcxx.exe,7874afeb97cb5ba7d7a5b1c5771c15ff2d40228ba92d0c52efe8dcd87431ac67,-Wall -Wextra -std=c++11 -O2 -ffp-contract=off -I src,clang 21.0.0 (clang-2100.3.34.2),libc++,arm64,libcxx,native,c3b4a0a07877c0f8e2370ff7fdae98d3f3d96c15465aadb9eae00a280391c6a6,false
exp7-manifest-1,2026-09-20T20:53:18Z,p4,uncapped,CANDIDATE,double,C1,0.51000000000000001,9002,raw/p4/p4_loader_libcxx_C1_CANDIDATE_s9002.bin,bin,100000,40,1,3,4000096,3bec9e2c70fb6bb094ef7d500e8cb125d17444b92f60c72191a45fe4de30a8c1,./exp7_probe_libcxx.exe,7874afeb97cb5ba7d7a5b1c5771c15ff2d40228ba92d0c52efe8dcd87431ac67,-Wall -Wextra -std=c++11 -O2 -ffp-contract=off -I src,clang 21.0.0 (clang-2100.3.34.2),libc++,arm64,libcxx,native,c3b4a0a07877c0f8e2370ff7fdae98d3f3d96c15465aadb9eae00a280391c6a6,false
exp7-manifest-1,2026-09-20T20:53:18Z,p4,class,LEGACY,double,C1,0.51000000000000001,9002,raw/p4/p4_class_libcxx_C1_LEGACY_s9002.bin,bin,100000,40,1,3,4000096,4893d3ce7b1c7903e7b172f1dd8cefde13f3e637372caf6b899b3246d82da3a0,./exp7_probe_libcxx.exe,7874afeb97cb5ba7d7a5b1c5771c15ff2d40228ba92d0c52efe8dcd87431ac67,-Wall -Wextra -std=c++11 -O2 -ffp-contract=off -I src,clang 21.0.0 (clang-2100.3.34.2),libc++,arm64,libcxx,native,c3b4a0a07877c0f8e2370ff7fdae98d3f3d96c15465aadb9eae00a280391c6a6,false
exp7-manifest-1,2026-09-20T20:53:18Z,p4,class,CANDIDATE,double,C1,0.51000000000000001,9002,raw/p4/p4_class_libcxx_C1_CANDIDATE_s9002.bin,bin,100000,40,1,3,4000096,71f5006faecf504f0435421fdfe8bae878a85d100df3cb6364d6a1cb7a2f3d9e,./exp7_probe_libcxx.exe,7874afeb97cb5ba7d7a5b1c5771c15ff2d40228ba92d0c52efe8dcd87431ac67,-Wall -Wextra -std=c++11 -O2 -ffp-contract=off -I src,clang 21.0.0 (clang-2100.3.34.2),libc++,arm64,libcxx,native,c3b4a0a07877c0f8e2370ff7fdae98d3f3d96c15465aadb9eae00a280391c6a6,false
exp7-manifest-1,2026-09-20T20:53:18Z,p4,uncapped,LEGACY,double,C1,0.51000000000000001,9003,raw/p4/p4_loader_libcxx_C1_LEGACY_s9003.bin,bin,100000,40,1,3,4000096,4e89632f718e3df29d08d42b25869f7fff9a7a3c4855d9ef58a6168013396122,./exp7_probe_libcxx.exe,7874afeb97cb5ba7d7a5b1c5771c15ff2d40228ba92d0c52efe8dcd87431ac67,-Wall -Wextra -std=c++11 -O2 -ffp-contract=off -I src,clang 21.0.0 (clang-2100.3.34.2),libc++,arm64,libcxx,native,c3b4a0a07877c0f8e2370ff7fdae98d3f3d96c15465aadb9eae00a280391c6a6,false
exp7-manifest-1,2026-09-20T20:53:18Z,p4,uncapped,CANDIDATE,double,C1,0.51000000000000001,9003,raw/p4/p4_loader_libcxx_C1_CANDIDATE_s9003.bin,bin,100000,40,1,3,4000096,05dd22017d7b56fd6d142c0b0d59e85347c5ac76f2fcb21a8586f1c0f3186304,./exp7_probe_libcxx.exe,7874afeb97cb5ba7d7a5b1c5771c15ff2d40228ba92d0c52efe8dcd87431ac67,-Wall -Wextra -std=c++11 -O2 -ffp-contract=off -I src,clang 21.0.0 (clang-2100.3.34.2),libc++,arm64,libcxx,native,c3b4a0a07877c0f8e2370ff7fdae98d3f3d96c15465aadb9eae00a280391c6a6,false
exp7-manifest-1,2026-09-20T20:53:18Z,p4,class,LEGACY,double,C1,0.51000000000000001,9003,raw/p4/p4_class_libcxx_C1_LEGACY_s9003.bin,bin,100000,40,1,3,4000096,33dbeaa0aeaf836b04520109bb37b5428ccf100992cb9f54c0740a053078fc62,./exp7_probe_libcxx.exe,7874afeb97cb5ba7d7a5b1c5771c15ff2d40228ba92d0c52efe8dcd87431ac67,-Wall -Wextra -std=c++11 -O2 -ffp-contract=off -I src,clang 21.0.0 (clang-2100.3.34.2),libc++,arm64,libcxx,native,c3b4a0a07877c0f8e2370ff7fdae98d3f3d96c15465aadb9eae00a280391c6a6,false
exp7-manifest-1,2026-09-20T20:53:18Z,p4,class,CANDIDATE,double,C1,0.51000000000000001,9003,raw/p4/p4_class_libcxx_C1_CANDIDATE_s9003.bin,bin,100000,40,1,3,4000096,dd8b0e5f6ab4f0166e0859cd7914c4227775e638b1e0a077a3cc03006beb928b,./exp7_probe_libcxx.exe,7874afeb97cb5ba7d7a5b1c5771c15ff2d40228ba92d0c52efe8dcd87431ac67,-Wall -Wextra -std=c++11 -O2 -ffp-contract=off -I src,clang 21.0.0 (clang-2100.3.34.2),libc++,arm64,libcxx,native,c3b4a0a07877c0f8e2370ff7fdae98d3f3d96c15465aadb9eae00a280391c6a6,false
exp7-manifest-1,2026-09-20T20:53:18Z,p4,uncapped,LEGACY,double,C1,0.51000000000000001,9004,raw/p4/p4_loader_libcxx_C1_LEGACY_s9004.bin,bin,100000,40,1,3,4000096,a4f7cf38e1bd33ea85286819ead69b06431428618f5b7f2223b215c0fff58970,./exp7_probe_libcxx.exe,7874afeb97cb5ba7d7a5b1c5771c15ff2d40228ba92d0c52efe8dcd87431ac67,-Wall -Wextra -std=c++11 -O2 -ffp-contract=off -I src,clang 21.0.0 (clang-2100.3.34.2),libc++,arm64,libcxx,native,c3b4a0a07877c0f8e2370ff7fdae98d3f3d96c15465aadb9eae00a280391c6a6,false
exp7-manifest-1,2026-09-20T20:53:18Z,p4,uncapped,CANDIDATE,double,C1,0.51000000000000001,9004,raw/p4/p4_loader_libcxx_C1_CANDIDATE_s9004.bin,bin,100000,40,1,3,4000096,ce967a7e26c21c7333051a4cad5431d3ff8990806b8552b166a1f84573099482,./exp7_probe_libcxx.exe,7874afeb97cb5ba7d7a5b1c5771c15ff2d40228ba92d0c52efe8dcd87431ac67,-Wall -Wextra -std=c++11 -O2 -ffp-contract=off -I src,clang 21.0.0 (clang-2100.3.34.2),libc++,arm64,libcxx,native,c3b4a0a07877c0f8e2370ff7fdae98d3f3d96c15465aadb9eae00a280391c6a6,false
exp7-manifest-1,2026-09-20T20:53:18Z,p4,class,LEGACY,double,C1,0.51000000000000001,9004,raw/p4/p4_class_libcxx_C1_LEGACY_s9004.bin,bin,100000,40,1,3,4000096,fe25daffea3727e8bb3a4ad4827f6034918deea2cbe2faceb7e13854dcb292cb,./exp7_probe_libcxx.exe,7874afeb97cb5ba7d7a5b1c5771c15ff2d40228ba92d0c52efe8dcd87431ac67,-Wall -Wextra -std=c++11 -O2 -ffp-contract=off -I src,clang 21.0.0 (clang-2100.3.34.2),libc++,arm64,libcxx,native,c3b4a0a07877c0f8e2370ff7fdae98d3f3d96c15465aadb9eae00a280391c6a6,false
exp7-manifest-1,2026-09-20T20:53:18Z,p4,class,CANDIDATE,double,C1,0.51000000000000001,9004,raw/p4/p4_class_libcxx_C1_CANDIDATE_s9004.bin,bin,100000,40,1,3,4000096,a57a0dbe4fc54445fb9b5bad5df420f2cfceeca4076792003f4d0ee37599c97f,./exp7_probe_libcxx.exe,7874afeb97cb5ba7d7a5b1c5771c15ff2d40228ba92d0c52efe8dcd87431ac67,-Wall -Wextra -std=c++11 -O2 -ffp-contract=off -I src,clang 21.0.0 (clang-2100.3.34.2),libc++,arm64,libcxx,native,c3b4a0a07877c0f8e2370ff7fdae98d3f3d96c15465aadb9eae00a280391c6a6,false
exp7-manifest-1,2026-09-20T20:53:18Z,p4,uncapped,LEGACY,double,C1,0.51000000000000001,9005,raw/p4/p4_loader_libcxx_C1_LEGACY_s9005.bin,bin,100000,40,1,3,4000096,61419f62f3d249a8472c57563804e49449fdd60d26b68063f472c01b772e41d6,./exp7_probe_libcxx.exe,7874afeb97cb5ba7d7a5b1c5771c15ff2d40228ba92d0c52efe8dcd87431ac67,-Wall -Wextra -std=c++11 -O2 -ffp-contract=off -I src,clang 21.0.0 (clang-2100.3.34.2),libc++,arm64,libcxx,native,c3b4a0a07877c0f8e2370ff7fdae98d3f3d96c15465aadb9eae00a280391c6a6,false
exp7-manifest-1,2026-09-20T20:53:18Z,p4,uncapped,CANDIDATE,double,C1,0.51000000000000001,9005,raw/p4/p4_loader_libcxx_C1_CANDIDATE_s9005.bin,bin,100000,40,1,3,4000096,e17d856f55a02c6c257d9bd85de106007ef0356c50998e00b8753e20a4189d23,./exp7_probe_libcxx.exe,7874afeb97cb5ba7d7a5b1c5771c15ff2d40228ba92d0c52efe8dcd87431ac67,-Wall -Wextra -std=c++11 -O2 -ffp-contract=off -I src,clang 21.0.0 (clang-2100.3.34.2),libc++,arm64,libcxx,native,c3b4a0a07877c0f8e2370ff7fdae98d3f3d96c15465aadb9eae00a280391c6a6,false
exp7-manifest-1,2026-09-20T20:53:18Z,p4,class,LEGACY,double,C1,0.51000000000000001,9005,raw/p4/p4_class_libcxx_C1_LEGACY_s9005.bin,bin,100000,40,1,3,4000096,b1631d4641f4f954b399fcfc670d34be7c4b24cdb572bfcf5f67930e9b81402e,./exp7_probe_libcxx.exe,7874afeb97cb5ba7d7a5b1c5771c15ff2d40228ba92d0c52efe8dcd87431ac67,-Wall -Wextra -std=c++11 -O2 -ffp-contract=off -I src,clang 21.0.0 (clang-2100.3.34.2),libc++,arm64,libcxx,native,c3b4a0a07877c0f8e2370ff7fdae98d3f3d96c15465aadb9eae00a280391c6a6,false
exp7-manifest-1,2026-09-20T20:53:18Z,p4,class,CANDIDATE,double,C1,0.51000000000000001,9005,raw/p4/p4_class_libcxx_C1_CANDIDATE_s9005.bin,bin,100000,40,1,3,4000096,03fb7ada915820942b2371996aba905f2eac79ba1fe696ff17d5854cb4838874,./exp7_probe_libcxx.exe,7874afeb97cb5ba7d7a5b1c5771c15ff2d40228ba92d0c52efe8dcd87431ac67,-Wall -Wextra -std=c++11 -O2 -ffp-contract=off -I src,clang 21.0.0 (clang-2100.3.34.2),libc++,arm64,libcxx,native,c3b4a0a07877c0f8e2370ff7fdae98d3f3d96c15465aadb9eae00a280391c6a6,false
exp7-manifest-1,2026-09-20T20:53:18Z,p4,uncapped,LEGACY,double,C2,0.51000000000000001,9001,raw/p4/p4_loader_libcxx_C2_LEGACY_s9001.bin,bin,100000,40,1,3,4000096,42f60d9422a5e910657d54e9a02e0592d729f3249e39dacb19ddc70bcc07e828,./exp7_probe_libcxx.exe,7874afeb97cb5ba7d7a5b1c5771c15ff2d40228ba92d0c52efe8dcd87431ac67,-Wall -Wextra -std=c++11 -O2 -ffp-contract=off -I src,clang 21.0.0 (clang-2100.3.34.2),libc++,arm64,libcxx,native,c3b4a0a07877c0f8e2370ff7fdae98d3f3d96c15465aadb9eae00a280391c6a6,false
exp7-manifest-1,2026-09-20T20:53:18Z,p4,uncapped,CANDIDATE,double,C2,0.51000000000000001,9001,raw/p4/p4_loader_libcxx_C2_CANDIDATE_s9001.bin,bin,100000,40,1,3,4000096,a3f0b842774a68d01540b759b458b48fb94fd733092aa6944622f5a55e3db206,./exp7_probe_libcxx.exe,7874afeb97cb5ba7d7a5b1c5771c15ff2d40228ba92d0c52efe8dcd87431ac67,-Wall -Wextra -std=c++11 -O2 -ffp-contract=off -I src,clang 21.0.0 (clang-2100.3.34.2),libc++,arm64,libcxx,native,c3b4a0a07877c0f8e2370ff7fdae98d3f3d96c15465aadb9eae00a280391c6a6,false
exp7-manifest-1,2026-09-20T20:53:18Z,p4,class,LEGACY,double,C2,0.51000000000000001,9001,raw/p4/p4_class_libcxx_C2_LEGACY_s9001.bin,bin,100000,40,1,3,4000096,7f22f6602278bb137d817d3f197ef89a983e50b5f226404a7cdb14ac23ffa57c,./exp7_probe_libcxx.exe,7874afeb97cb5ba7d7a5b1c5771c15ff2d40228ba92d0c52efe8dcd87431ac67,-Wall -Wextra -std=c++11 -O2 -ffp-contract=off -I src,clang 21.0.0 (clang-2100.3.34.2),libc++,arm64,libcxx,native,c3b4a0a07877c0f8e2370ff7fdae98d3f3d96c15465aadb9eae00a280391c6a6,false
exp7-manifest-1,2026-09-20T20:53:18Z,p4,class,CANDIDATE,double,C2,0.51000000000000001,9001,raw/p4/p4_class_libcxx_C2_CANDIDATE_s9001.bin,bin,100000,40,1,3,4000096,3dfd9b74a0b62a8329c3340917421ff45bc7d2fa68dc6c2e7948dc6e0281bfea,./exp7_probe_libcxx.exe,7874afeb97cb5ba7d7a5b1c5771c15ff2d40228ba92d0c52efe8dcd87431ac67,-Wall -Wextra -std=c++11 -O2 -ffp-contract=off -I src,clang 21.0.0 (clang-2100.3.34.2),libc++,arm64,libcxx,native,c3b4a0a07877c0f8e2370ff7fdae98d3f3d96c15465aadb9eae00a280391c6a6,false
exp7-manifest-1,2026-09-20T20:53:18Z,p4,uncapped,LEGACY,double,C2,0.51000000000000001,9002,raw/p4/p4_loader_libcxx_C2_LEGACY_s9002.bin,bin,100000,40,1,3,4000096,5cf2b0ac888fe12b3d545b4e5b4181cb7430b1b7e01eb8f4409462c266ca47bd,./exp7_probe_libcxx.exe,7874afeb97cb5ba7d7a5b1c5771c15ff2d40228ba92d0c52efe8dcd87431ac67,-Wall -Wextra -std=c++11 -O2 -ffp-contract=off -I src,clang 21.0.0 (clang-2100.3.34.2),libc++,arm64,libcxx,native,c3b4a0a07877c0f8e2370ff7fdae98d3f3d96c15465aadb9eae00a280391c6a6,false
exp7-manifest-1,2026-09-20T20:53:18Z,p4,uncapped,CANDIDATE,double,C2,0.51000000000000001,9002,raw/p4/p4_loader_libcxx_C2_CANDIDATE_s9002.bin,bin,100000,40,1,3,4000096,da7e371ab1d3656433bf98fd50d95544629bde977dc494487955db5425b480f0,./exp7_probe_libcxx.exe,7874afeb97cb5ba7d7a5b1c5771c15ff2d40228ba92d0c52efe8dcd87431ac67,-Wall -Wextra -std=c++11 -O2 -ffp-contract=off -I src,clang 21.0.0 (clang-2100.3.34.2),libc++,arm64,libcxx,native,c3b4a0a07877c0f8e2370ff7fdae98d3f3d96c15465aadb9eae00a280391c6a6,false
exp7-manifest-1,2026-09-20T20:53:18Z,p4,class,LEGACY,double,C2,0.51000000000000001,9002,raw/p4/p4_class_libcxx_C2_LEGACY_s9002.bin,bin,100000,40,1,3,4000096,8c6c7255eaba471f75fc310a73796cce78e651078c600068362bebc5379d3889,./exp7_probe_libcxx.exe,7874afeb97cb5ba7d7a5b1c5771c15ff2d40228ba92d0c52efe8dcd87431ac67,-Wall -Wextra -std=c++11 -O2 -ffp-contract=off -I src,clang 21.0.0 (clang-2100.3.34.2),libc++,arm64,libcxx,native,c3b4a0a07877c0f8e2370ff7fdae98d3f3d96c15465aadb9eae00a280391c6a6,false
exp7-manifest-1,2026-09-20T20:53:18Z,p4,class,CANDIDATE,double,C2,0.51000000000000001,9002,raw/p4/p4_class_libcxx_C2_CANDIDATE_s9002.bin,bin,100000,40,1,3,4000096,9c467ec2b60673f589c2452044017c196cd3955e1ffcfd69dbf847c97f92d554,./exp7_probe_libcxx.exe,7874afeb97cb5ba7d7a5b1c5771c15ff2d40228ba92d0c52efe8dcd87431ac67,-Wall -Wextra -std=c++11 -O2 -ffp-contract=off -I src,clang 21.0.0 (clang-2100.3.34.2),libc++,arm64,libcxx,native,c3b4a0a07877c0f8e2370ff7fdae98d3f3d96c15465aadb9eae00a280391c6a6,false
exp7-manifest-1,2026-09-20T20:53:18Z,p4,uncapped,LEGACY,double,C2,0.51000000000000001,9003,raw/p4/p4_loader_libcxx_C2_LEGACY_s9003.bin,bin,100000,40,1,3,4000096,d7a94f7cca62fee7898e526ac436353408bea17097aec2398e7a537a590bf5df,./exp7_probe_libcxx.exe,7874afeb97cb5ba7d7a5b1c5771c15ff2d40228ba92d0c52efe8dcd87431ac67,-Wall -Wextra -std=c++11 -O2 -ffp-contract=off -I src,clang 21.0.0 (clang-2100.3.34.2),libc++,arm64,libcxx,native,c3b4a0a07877c0f8e2370ff7fdae98d3f3d96c15465aadb9eae00a280391c6a6,false
exp7-manifest-1,2026-09-20T20:53:18Z,p4,uncapped,CANDIDATE,double,C2,0.51000000000000001,9003,raw/p4/p4_loader_libcxx_C2_CANDIDATE_s9003.bin,bin,100000,40,1,3,4000096,76058f56a1bce50eb03fdccd372634a1e9362bea64382be9862475b7b331beed,./exp7_probe_libcxx.exe,7874afeb97cb5ba7d7a5b1c5771c15ff2d40228ba92d0c52efe8dcd87431ac67,-Wall -Wextra -std=c++11 -O2 -ffp-contract=off -I src,clang 21.0.0 (clang-2100.3.34.2),libc++,arm64,libcxx,native,c3b4a0a07877c0f8e2370ff7fdae98d3f3d96c15465aadb9eae00a280391c6a6,false
exp7-manifest-1,2026-09-20T20:53:18Z,p4,class,LEGACY,double,C2,0.51000000000000001,9003,raw/p4/p4_class_libcxx_C2_LEGACY_s9003.bin,bin,100000,40,1,3,4000096,c9301e2efd32588f42ef7e6b95b5f325d1dc2f61d19bcc57ccf839c05067d596,./exp7_probe_libcxx.exe,7874afeb97cb5ba7d7a5b1c5771c15ff2d40228ba92d0c52efe8dcd87431ac67,-Wall -Wextra -std=c++11 -O2 -ffp-contract=off -I src,clang 21.0.0 (clang-2100.3.34.2),libc++,arm64,libcxx,native,c3b4a0a07877c0f8e2370ff7fdae98d3f3d96c15465aadb9eae00a280391c6a6,false
exp7-manifest-1,2026-09-20T20:53:18Z,p4,class,CANDIDATE,double,C2,0.51000000000000001,9003,raw/p4/p4_class_libcxx_C2_CANDIDATE_s9003.bin,bin,100000,40,1,3,4000096,f5a0cc7c35dd89eaf07bf186061f983953ddc0bd1ec8570331340b38bd27b6e6,./exp7_probe_libcxx.exe,7874afeb97cb5ba7d7a5b1c5771c15ff2d40228ba92d0c52efe8dcd87431ac67,-Wall -Wextra -std=c++11 -O2 -ffp-contract=off -I src,clang 21.0.0 (clang-2100.3.34.2),libc++,arm64,libcxx,native,c3b4a0a07877c0f8e2370ff7fdae98d3f3d96c15465aadb9eae00a280391c6a6,false
exp7-manifest-1,2026-09-20T20:53:18Z,p4,uncapped,LEGACY,double,C2,0.51000000000000001,9004,raw/p4/p4_loader_libcxx_C2_LEGACY_s9004.bin,bin,100000,40,1,3,4000096,6240fd3c1d1becd55a159571ac043511be230eaa011981266120f1686dbd96b0,./exp7_probe_libcxx.exe,7874afeb97cb5ba7d7a5b1c5771c15ff2d40228ba92d0c52efe8dcd87431ac67,-Wall -Wextra -std=c++11 -O2 -ffp-contract=off -I src,clang 21.0.0 (clang-2100.3.34.2),libc++,arm64,libcxx,native,c3b4a0a07877c0f8e2370ff7fdae98d3f3d96c15465aadb9eae00a280391c6a6,false
exp7-manifest-1,2026-09-20T20:53:18Z,p4,uncapped,CANDIDATE,double,C2,0.51000000000000001,9004,raw/p4/p4_loader_libcxx_C2_CANDIDATE_s9004.bin,bin,100000,40,1,3,4000096,183a516ff2b68ebc39cbfb705c767fced43ebb70c36b9d896491c12d3f0d46dd,./exp7_probe_libcxx.exe,7874afeb97cb5ba7d7a5b1c5771c15ff2d40228ba92d0c52efe8dcd87431ac67,-Wall -Wextra -std=c++11 -O2 -ffp-contract=off -I src,clang 21.0.0 (clang-2100.3.34.2),libc++,arm64,libcxx,native,c3b4a0a07877c0f8e2370ff7fdae98d3f3d96c15465aadb9eae00a280391c6a6,false
exp7-manifest-1,2026-09-20T20:53:18Z,p4,class,LEGACY,double,C2,0.51000000000000001,9004,raw/p4/p4_class_libcxx_C2_LEGACY_s9004.bin,bin,100000,40,1,3,4000096,bc25e6f198aeaffe4d990bbc4888122c57518b71f120fac8b02583baa9f522f8,./exp7_probe_libcxx.exe,7874afeb97cb5ba7d7a5b1c5771c15ff2d40228ba92d0c52efe8dcd87431ac67,-Wall -Wextra -std=c++11 -O2 -ffp-contract=off -I src,clang 21.0.0 (clang-2100.3.34.2),libc++,arm64,libcxx,native,c3b4a0a07877c0f8e2370ff7fdae98d3f3d96c15465aadb9eae00a280391c6a6,false
exp7-manifest-1,2026-09-20T20:53:18Z,p4,class,CANDIDATE,double,C2,0.51000000000000001,9004,raw/p4/p4_class_libcxx_C2_CANDIDATE_s9004.bin,bin,100000,40,1,3,4000096,d5749d3b05f3d1476c30d87fc4ace2edd5572648b972c8aaccfd23fa8736de97,./exp7_probe_libcxx.exe,7874afeb97cb5ba7d7a5b1c5771c15ff2d40228ba92d0c52efe8dcd87431ac67,-Wall -Wextra -std=c++11 -O2 -ffp-contract=off -I src,clang 21.0.0 (clang-2100.3.34.2),libc++,arm64,libcxx,native,c3b4a0a07877c0f8e2370ff7fdae98d3f3d96c15465aadb9eae00a280391c6a6,false
exp7-manifest-1,2026-09-20T20:53:18Z,p4,uncapped,LEGACY,double,C2,0.51000000000000001,9005,raw/p4/p4_loader_libcxx_C2_LEGACY_s9005.bin,bin,100000,40,1,3,4000096,2fc930e7bb34c9487dd53cd3205369b1610ac35100f75fca3657a4ffc3a9250b,./exp7_probe_libcxx.exe,7874afeb97cb5ba7d7a5b1c5771c15ff2d40228ba92d0c52efe8dcd87431ac67,-Wall -Wextra -std=c++11 -O2 -ffp-contract=off -I src,clang 21.0.0 (clang-2100.3.34.2),libc++,arm64,libcxx,native,c3b4a0a07877c0f8e2370ff7fdae98d3f3d96c15465aadb9eae00a280391c6a6,false
exp7-manifest-1,2026-09-20T20:53:18Z,p4,uncapped,CANDIDATE,double,C2,0.51000000000000001,9005,raw/p4/p4_loader_libcxx_C2_CANDIDATE_s9005.bin,bin,100000,40,1,3,4000096,ae89c3a503a9d6a2b9c9c050529fdaa66c3934ff8a3fc3df4c58f4fc70cf8683,./exp7_probe_libcxx.exe,7874afeb97cb5ba7d7a5b1c5771c15ff2d40228ba92d0c52efe8dcd87431ac67,-Wall -Wextra -std=c++11 -O2 -ffp-contract=off -I src,clang 21.0.0 (clang-2100.3.34.2),libc++,arm64,libcxx,native,c3b4a0a07877c0f8e2370ff7fdae98d3f3d96c15465aadb9eae00a280391c6a6,false
exp7-manifest-1,2026-09-20T20:53:18Z,p4,class,LEGACY,double,C2,0.51000000000000001,9005,raw/p4/p4_class_libcxx_C2_LEGACY_s9005.bin,bin,100000,40,1,3,4000096,9c338606af16f6c74a880740dcb4434b91b3680051d10635323933cdd8317235,./exp7_probe_libcxx.exe,7874afeb97cb5ba7d7a5b1c5771c15ff2d40228ba92d0c52efe8dcd87431ac67,-Wall -Wextra -std=c++11 -O2 -ffp-contract=off -I src,clang 21.0.0 (clang-2100.3.34.2),libc++,arm64,libcxx,native,c3b4a0a07877c0f8e2370ff7fdae98d3f3d96c15465aadb9eae00a280391c6a6,false
exp7-manifest-1,2026-09-20T20:53:18Z,p4,class,CANDIDATE,double,C2,0.51000000000000001,9005,raw/p4/p4_class_libcxx_C2_CANDIDATE_s9005.bin,bin,100000,40,1,3,4000096,4ad4aa6c9fd7c91e1a4f8e2e17fe5e5d41122226b0e39b4ff7c5f4d3312a6638,./exp7_probe_libcxx.exe,7874afeb97cb5ba7d7a5b1c5771c15ff2d40228ba92d0c52efe8dcd87431ac67,-Wall -Wextra -std=c++11 -O2 -ffp-contract=off -I src,clang 21.0.0 (clang-2100.3.34.2),libc++,arm64,libcxx,native,c3b4a0a07877c0f8e2370ff7fdae98d3f3d96c15465aadb9eae00a280391c6a6,false
exp7-manifest-1,2026-09-20T20:53:18Z,p4,uncapped,LEGACY,float,C3,0.55000000000000004,9001,raw/p4/p4_loader_libcxx_C3_LEGACY_s9001.bin,bin,100000,40,1,3,4000096,06516e60818cb0d533c79da4db242fa600606a5158faf2ece4a098e91251ac3d,./exp7_probe_libcxx.exe,7874afeb97cb5ba7d7a5b1c5771c15ff2d40228ba92d0c52efe8dcd87431ac67,-Wall -Wextra -std=c++11 -O2 -ffp-contract=off -I src,clang 21.0.0 (clang-2100.3.34.2),libc++,arm64,libcxx,native,c3b4a0a07877c0f8e2370ff7fdae98d3f3d96c15465aadb9eae00a280391c6a6,false
exp7-manifest-1,2026-09-20T20:53:18Z,p4,uncapped,CANDIDATE,float,C3,0.55000000000000004,9001,raw/p4/p4_loader_libcxx_C3_CANDIDATE_s9001.bin,bin,100000,40,1,3,4000096,fc68c0e9553272ff3746fe051a6291fb54ed0192047a387cd6415bb009589ad4,./exp7_probe_libcxx.exe,7874afeb97cb5ba7d7a5b1c5771c15ff2d40228ba92d0c52efe8dcd87431ac67,-Wall -Wextra -std=c++11 -O2 -ffp-contract=off -I src,clang 21.0.0 (clang-2100.3.34.2),libc++,arm64,libcxx,native,c3b4a0a07877c0f8e2370ff7fdae98d3f3d96c15465aadb9eae00a280391c6a6,false
exp7-manifest-1,2026-09-20T20:53:18Z,p4,class,LEGACY,float,C3,0.55000000000000004,9001,raw/p4/p4_class_libcxx_C3_LEGACY_s9001.bin,bin,100000,40,1,3,4000096,c92dfb079ccf83698dd84ad4bbf034447356c0148b97fac1e12173e9ee72f2e2,./exp7_probe_libcxx.exe,7874afeb97cb5ba7d7a5b1c5771c15ff2d40228ba92d0c52efe8dcd87431ac67,-Wall -Wextra -std=c++11 -O2 -ffp-contract=off -I src,clang 21.0.0 (clang-2100.3.34.2),libc++,arm64,libcxx,native,c3b4a0a07877c0f8e2370ff7fdae98d3f3d96c15465aadb9eae00a280391c6a6,false
exp7-manifest-1,2026-09-20T20:53:18Z,p4,class,CANDIDATE,float,C3,0.55000000000000004,9001,raw/p4/p4_class_libcxx_C3_CANDIDATE_s9001.bin,bin,100000,40,1,3,4000096,dd35dce020c173a12eebb898f816946cf89b64dcb710246c5cc497994d76bf21,./exp7_probe_libcxx.exe,7874afeb97cb5ba7d7a5b1c5771c15ff2d40228ba92d0c52efe8dcd87431ac67,-Wall -Wextra -std=c++11 -O2 -ffp-contract=off -I src,clang 21.0.0 (clang-2100.3.34.2),libc++,arm64,libcxx,native,c3b4a0a07877c0f8e2370ff7fdae98d3f3d96c15465aadb9eae00a280391c6a6,false
exp7-manifest-1,2026-09-20T20:53:18Z,p4,uncapped,LEGACY,float,C3,0.55000000000000004,9002,raw/p4/p4_loader_libcxx_C3_LEGACY_s9002.bin,bin,100000,40,1,3,4000096,2cd9d680e88af27009120595a73802952d6af1118941b3b8664392e601ab42af,./exp7_probe_libcxx.exe,7874afeb97cb5ba7d7a5b1c5771c15ff2d40228ba92d0c52efe8dcd87431ac67,-Wall -Wextra -std=c++11 -O2 -ffp-contract=off -I src,clang 21.0.0 (clang-2100.3.34.2),libc++,arm64,libcxx,native,c3b4a0a07877c0f8e2370ff7fdae98d3f3d96c15465aadb9eae00a280391c6a6,false
exp7-manifest-1,2026-09-20T20:53:18Z,p4,uncapped,CANDIDATE,float,C3,0.55000000000000004,9002,raw/p4/p4_loader_libcxx_C3_CANDIDATE_s9002.bin,bin,100000,40,1,3,4000096,ad339b56352931e2c07ab621be9941a6f3124a7cd8f9c637e6e37b536c11d8b5,./exp7_probe_libcxx.exe,7874afeb97cb5ba7d7a5b1c5771c15ff2d40228ba92d0c52efe8dcd87431ac67,-Wall -Wextra -std=c++11 -O2 -ffp-contract=off -I src,clang 21.0.0 (clang-2100.3.34.2),libc++,arm64,libcxx,native,c3b4a0a07877c0f8e2370ff7fdae98d3f3d96c15465aadb9eae00a280391c6a6,false
exp7-manifest-1,2026-09-20T20:53:18Z,p4,class,LEGACY,float,C3,0.55000000000000004,9002,raw/p4/p4_class_libcxx_C3_LEGACY_s9002.bin,bin,100000,40,1,3,4000096,705a1f26805bcec824348d78b795caa8dd3c2899f02398156c45592e5f71d0c3,./exp7_probe_libcxx.exe,7874afeb97cb5ba7d7a5b1c5771c15ff2d40228ba92d0c52efe8dcd87431ac67,-Wall -Wextra -std=c++11 -O2 -ffp-contract=off -I src,clang 21.0.0 (clang-2100.3.34.2),libc++,arm64,libcxx,native,c3b4a0a07877c0f8e2370ff7fdae98d3f3d96c15465aadb9eae00a280391c6a6,false
exp7-manifest-1,2026-09-20T20:53:18Z,p4,class,CANDIDATE,float,C3,0.55000000000000004,9002,raw/p4/p4_class_libcxx_C3_CANDIDATE_s9002.bin,bin,100000,40,1,3,4000096,5500bade4a27ff40bc0f7a6183c3d1eabbb45857b035287a3869544d2a4706e3,./exp7_probe_libcxx.exe,7874afeb97cb5ba7d7a5b1c5771c15ff2d40228ba92d0c52efe8dcd87431ac67,-Wall -Wextra -std=c++11 -O2 -ffp-contract=off -I src,clang 21.0.0 (clang-2100.3.34.2),libc++,arm64,libcxx,native,c3b4a0a07877c0f8e2370ff7fdae98d3f3d96c15465aadb9eae00a280391c6a6,false
exp7-manifest-1,2026-09-20T20:53:18Z,p4,uncapped,LEGACY,float,C3,0.55000000000000004,9003,raw/p4/p4_loader_libcxx_C3_LEGACY_s9003.bin,bin,100000,40,1,3,4000096,ff54ecfa1e948242d76dc7568eae34c671ea229225512f5a678395f86949b23b,./exp7_probe_libcxx.exe,7874afeb97cb5ba7d7a5b1c5771c15ff2d40228ba92d0c52efe8dcd87431ac67,-Wall -Wextra -std=c++11 -O2 -ffp-contract=off -I src,clang 21.0.0 (clang-2100.3.34.2),libc++,arm64,libcxx,native,c3b4a0a07877c0f8e2370ff7fdae98d3f3d96c15465aadb9eae00a280391c6a6,false
exp7-manifest-1,2026-09-20T20:53:18Z,p4,uncapped,CANDIDATE,float,C3,0.55000000000000004,9003,raw/p4/p4_loader_libcxx_C3_CANDIDATE_s9003.bin,bin,100000,40,1,3,4000096,dce1b99dbfeaea8c7b3080b2a914ffba9215f300fe850936c617696f0f433bb8,./exp7_probe_libcxx.exe,7874afeb97cb5ba7d7a5b1c5771c15ff2d40228ba92d0c52efe8dcd87431ac67,-Wall -Wextra -std=c++11 -O2 -ffp-contract=off -I src,clang 21.0.0 (clang-2100.3.34.2),libc++,arm64,libcxx,native,c3b4a0a07877c0f8e2370ff7fdae98d3f3d96c15465aadb9eae00a280391c6a6,false
exp7-manifest-1,2026-09-20T20:53:18Z,p4,class,LEGACY,float,C3,0.55000000000000004,9003,raw/p4/p4_class_libcxx_C3_LEGACY_s9003.bin,bin,100000,40,1,3,4000096,97d590f2fb0ece90ba7c70fd107cdeb7ce0024c333749c40c442ad5a67a0d4b9,./exp7_probe_libcxx.exe,7874afeb97cb5ba7d7a5b1c5771c15ff2d40228ba92d0c52efe8dcd87431ac67,-Wall -Wextra -std=c++11 -O2 -ffp-contract=off -I src,clang 21.0.0 (clang-2100.3.34.2),libc++,arm64,libcxx,native,c3b4a0a07877c0f8e2370ff7fdae98d3f3d96c15465aadb9eae00a280391c6a6,false
exp7-manifest-1,2026-09-20T20:53:18Z,p4,class,CANDIDATE,float,C3,0.55000000000000004,9003,raw/p4/p4_class_libcxx_C3_CANDIDATE_s9003.bin,bin,100000,40,1,3,4000096,91f17c4fd96caf196cc3dcc6c587cae055f6cc4cb55c0b585624f3e79900c498,./exp7_probe_libcxx.exe,7874afeb97cb5ba7d7a5b1c5771c15ff2d40228ba92d0c52efe8dcd87431ac67,-Wall -Wextra -std=c++11 -O2 -ffp-contract=off -I src,clang 21.0.0 (clang-2100.3.34.2),libc++,arm64,libcxx,native,c3b4a0a07877c0f8e2370ff7fdae98d3f3d96c15465aadb9eae00a280391c6a6,false
exp7-manifest-1,2026-09-20T20:53:18Z,p4,uncapped,LEGACY,float,C3,0.55000000000000004,9004,raw/p4/p4_loader_libcxx_C3_LEGACY_s9004.bin,bin,100000,40,1,3,4000096,9c46b740d0a56d97a1061a818451a8aeaca01b93bb4b400d2207f70a9f710980,./exp7_probe_libcxx.exe,7874afeb97cb5ba7d7a5b1c5771c15ff2d40228ba92d0c52efe8dcd87431ac67,-Wall -Wextra -std=c++11 -O2 -ffp-contract=off -I src,clang 21.0.0 (clang-2100.3.34.2),libc++,arm64,libcxx,native,c3b4a0a07877c0f8e2370ff7fdae98d3f3d96c15465aadb9eae00a280391c6a6,false
exp7-manifest-1,2026-09-20T20:53:18Z,p4,uncapped,CANDIDATE,float,C3,0.55000000000000004,9004,raw/p4/p4_loader_libcxx_C3_CANDIDATE_s9004.bin,bin,100000,40,1,3,4000096,bbfdbd155f0309b16cffe399af12236e675b3f119dfc77487ac96229836ffde0,./exp7_probe_libcxx.exe,7874afeb97cb5ba7d7a5b1c5771c15ff2d40228ba92d0c52efe8dcd87431ac67,-Wall -Wextra -std=c++11 -O2 -ffp-contract=off -I src,clang 21.0.0 (clang-2100.3.34.2),libc++,arm64,libcxx,native,c3b4a0a07877c0f8e2370ff7fdae98d3f3d96c15465aadb9eae00a280391c6a6,false
exp7-manifest-1,2026-09-20T20:53:18Z,p4,class,LEGACY,float,C3,0.55000000000000004,9004,raw/p4/p4_class_libcxx_C3_LEGACY_s9004.bin,bin,100000,40,1,3,4000096,881d506f3817cab83b6eb7b5e54517b401760e8fd29ce4d575d66084483f1034,./exp7_probe_libcxx.exe,7874afeb97cb5ba7d7a5b1c5771c15ff2d40228ba92d0c52efe8dcd87431ac67,-Wall -Wextra -std=c++11 -O2 -ffp-contract=off -I src,clang 21.0.0 (clang-2100.3.34.2),libc++,arm64,libcxx,native,c3b4a0a07877c0f8e2370ff7fdae98d3f3d96c15465aadb9eae00a280391c6a6,false
exp7-manifest-1,2026-09-20T20:53:18Z,p4,class,CANDIDATE,float,C3,0.55000000000000004,9004,raw/p4/p4_class_libcxx_C3_CANDIDATE_s9004.bin,bin,100000,40,1,3,4000096,d793b8d9fe036f04c2a4a7af56a69f52b8c175ffd3f0ac7035c204750faf6000,./exp7_probe_libcxx.exe,7874afeb97cb5ba7d7a5b1c5771c15ff2d40228ba92d0c52efe8dcd87431ac67,-Wall -Wextra -std=c++11 -O2 -ffp-contract=off -I src,clang 21.0.0 (clang-2100.3.34.2),libc++,arm64,libcxx,native,c3b4a0a07877c0f8e2370ff7fdae98d3f3d96c15465aadb9eae00a280391c6a6,false
exp7-manifest-1,2026-09-20T20:53:18Z,p4,uncapped,LEGACY,float,C3,0.55000000000000004,9005,raw/p4/p4_loader_libcxx_C3_LEGACY_s9005.bin,bin,100000,40,1,3,4000096,2cde976b5bfc3b81ff586cec39295b74c81f9889f12194aa26e01948cb7fea25,./exp7_probe_libcxx.exe,7874afeb97cb5ba7d7a5b1c5771c15ff2d40228ba92d0c52efe8dcd87431ac67,-Wall -Wextra -std=c++11 -O2 -ffp-contract=off -I src,clang 21.0.0 (clang-2100.3.34.2),libc++,arm64,libcxx,native,c3b4a0a07877c0f8e2370ff7fdae98d3f3d96c15465aadb9eae00a280391c6a6,false
exp7-manifest-1,2026-09-20T20:53:18Z,p4,uncapped,CANDIDATE,float,C3,0.55000000000000004,9005,raw/p4/p4_loader_libcxx_C3_CANDIDATE_s9005.bin,bin,100000,40,1,3,4000096,9d7c9ab1f76feb98f262170ce9d11e8a0c4dab5d98caff03d3ed59cf4bae0ffb,./exp7_probe_libcxx.exe,7874afeb97cb5ba7d7a5b1c5771c15ff2d40228ba92d0c52efe8dcd87431ac67,-Wall -Wextra -std=c++11 -O2 -ffp-contract=off -I src,clang 21.0.0 (clang-2100.3.34.2),libc++,arm64,libcxx,native,c3b4a0a07877c0f8e2370ff7fdae98d3f3d96c15465aadb9eae00a280391c6a6,false
exp7-manifest-1,2026-09-20T20:53:18Z,p4,class,LEGACY,float,C3,0.55000000000000004,9005,raw/p4/p4_class_libcxx_C3_LEGACY_s9005.bin,bin,100000,40,1,3,4000096,3f40896cd4d715b32a4420be1221733199e8fe88a2bde69fb70a60a399959792,./exp7_probe_libcxx.exe,7874afeb97cb5ba7d7a5b1c5771c15ff2d40228ba92d0c52efe8dcd87431ac67,-Wall -Wextra -std=c++11 -O2 -ffp-contract=off -I src,clang 21.0.0 (clang-2100.3.34.2),libc++,arm64,libcxx,native,c3b4a0a07877c0f8e2370ff7fdae98d3f3d96c15465aadb9eae00a280391c6a6,false
exp7-manifest-1,2026-09-20T20:53:18Z,p4,class,CANDIDATE,float,C3,0.55000000000000004,9005,raw/p4/p4_class_libcxx_C3_CANDIDATE_s9005.bin,bin,100000,40,1,3,4000096,70ceeb12bd0f9941e48a944971a5391c271f25bec0dcd3af883002f5ada59a94,./exp7_probe_libcxx.exe,7874afeb97cb5ba7d7a5b1c5771c15ff2d40228ba92d0c52efe8dcd87431ac67,-Wall -Wextra -std=c++11 -O2 -ffp-contract=off -I src,clang 21.0.0 (clang-2100.3.34.2),libc++,arm64,libcxx,native,c3b4a0a07877c0f8e2370ff7fdae98d3f3d96c15465aadb9eae00a280391c6a6,false
exp7-manifest-1,2026-09-20T20:53:18Z,p4,uncapped,LEGACY,double,C4,0.505,9001,raw/p4/p4_loader_libcxx_C4_LEGACY_s9001.bin,bin,100000,40,1,3,4000096,3adc03652fceb2b753ff1de7fb72db8e6a3eab8826af1b4eae0f7b573bd2cefb,./exp7_probe_libcxx.exe,7874afeb97cb5ba7d7a5b1c5771c15ff2d40228ba92d0c52efe8dcd87431ac67,-Wall -Wextra -std=c++11 -O2 -ffp-contract=off -I src,clang 21.0.0 (clang-2100.3.34.2),libc++,arm64,libcxx,native,c3b4a0a07877c0f8e2370ff7fdae98d3f3d96c15465aadb9eae00a280391c6a6,false
exp7-manifest-1,2026-09-20T20:53:18Z,p4,uncapped,CANDIDATE,double,C4,0.505,9001,raw/p4/p4_loader_libcxx_C4_CANDIDATE_s9001.bin,bin,100000,40,1,3,4000096,447ae534d1824ae6dc6985a9b4d81b8d0006ddda2015d877f23a5ed55ddb3d0c,./exp7_probe_libcxx.exe,7874afeb97cb5ba7d7a5b1c5771c15ff2d40228ba92d0c52efe8dcd87431ac67,-Wall -Wextra -std=c++11 -O2 -ffp-contract=off -I src,clang 21.0.0 (clang-2100.3.34.2),libc++,arm64,libcxx,native,c3b4a0a07877c0f8e2370ff7fdae98d3f3d96c15465aadb9eae00a280391c6a6,false
exp7-manifest-1,2026-09-20T20:53:18Z,p4,class,LEGACY,double,C4,0.505,9001,raw/p4/p4_class_libcxx_C4_LEGACY_s9001.bin,bin,100000,40,1,3,4000096,b02d89415c5dba535cda4d16585e4e2db8d3dd3626455e518de75345fc1a20c2,./exp7_probe_libcxx.exe,7874afeb97cb5ba7d7a5b1c5771c15ff2d40228ba92d0c52efe8dcd87431ac67,-Wall -Wextra -std=c++11 -O2 -ffp-contract=off -I src,clang 21.0.0 (clang-2100.3.34.2),libc++,arm64,libcxx,native,c3b4a0a07877c0f8e2370ff7fdae98d3f3d96c15465aadb9eae00a280391c6a6,false
exp7-manifest-1,2026-09-20T20:53:18Z,p4,class,CANDIDATE,double,C4,0.505,9001,raw/p4/p4_class_libcxx_C4_CANDIDATE_s9001.bin,bin,100000,40,1,3,4000096,8fe6eca45b77537f678d486eaf51bb1c5833bcb33fe93661fa2c23b103eccefd,./exp7_probe_libcxx.exe,7874afeb97cb5ba7d7a5b1c5771c15ff2d40228ba92d0c52efe8dcd87431ac67,-Wall -Wextra -std=c++11 -O2 -ffp-contract=off -I src,clang 21.0.0 (clang-2100.3.34.2),libc++,arm64,libcxx,native,c3b4a0a07877c0f8e2370ff7fdae98d3f3d96c15465aadb9eae00a280391c6a6,false
exp7-manifest-1,2026-09-20T20:53:18Z,p4,uncapped,LEGACY,double,C4,0.505,9002,raw/p4/p4_loader_libcxx_C4_LEGACY_s9002.bin,bin,100000,40,1,3,4000096,9b81d956cdcbea8ee57c47b85e08fd012f29e43ac8f1263be3017409d3cae447,./exp7_probe_libcxx.exe,7874afeb97cb5ba7d7a5b1c5771c15ff2d40228ba92d0c52efe8dcd87431ac67,-Wall -Wextra -std=c++11 -O2 -ffp-contract=off -I src,clang 21.0.0 (clang-2100.3.34.2),libc++,arm64,libcxx,native,c3b4a0a07877c0f8e2370ff7fdae98d3f3d96c15465aadb9eae00a280391c6a6,false
exp7-manifest-1,2026-09-20T20:53:18Z,p4,uncapped,CANDIDATE,double,C4,0.505,9002,raw/p4/p4_loader_libcxx_C4_CANDIDATE_s9002.bin,bin,100000,40,1,3,4000096,4559de884fbf8ba8e8df36f685cba501bb23bc8660e7c6ddea361dd1a0030444,./exp7_probe_libcxx.exe,7874afeb97cb5ba7d7a5b1c5771c15ff2d40228ba92d0c52efe8dcd87431ac67,-Wall -Wextra -std=c++11 -O2 -ffp-contract=off -I src,clang 21.0.0 (clang-2100.3.34.2),libc++,arm64,libcxx,native,c3b4a0a07877c0f8e2370ff7fdae98d3f3d96c15465aadb9eae00a280391c6a6,false
exp7-manifest-1,2026-09-20T20:53:18Z,p4,class,LEGACY,double,C4,0.505,9002,raw/p4/p4_class_libcxx_C4_LEGACY_s9002.bin,bin,100000,40,1,3,4000096,d41636330a8ed917b45c3cd17ab6d098209f13016a32d90671549baab5a2ae6f,./exp7_probe_libcxx.exe,7874afeb97cb5ba7d7a5b1c5771c15ff2d40228ba92d0c52efe8dcd87431ac67,-Wall -Wextra -std=c++11 -O2 -ffp-contract=off -I src,clang 21.0.0 (clang-2100.3.34.2),libc++,arm64,libcxx,native,c3b4a0a07877c0f8e2370ff7fdae98d3f3d96c15465aadb9eae00a280391c6a6,false
exp7-manifest-1,2026-09-20T20:53:18Z,p4,class,CANDIDATE,double,C4,0.505,9002,raw/p4/p4_class_libcxx_C4_CANDIDATE_s9002.bin,bin,100000,40,1,3,4000096,6f1d6848405a462c165118f2b3d6eadb96aed11f3c42089011055d1ea031c165,./exp7_probe_libcxx.exe,7874afeb97cb5ba7d7a5b1c5771c15ff2d40228ba92d0c52efe8dcd87431ac67,-Wall -Wextra -std=c++11 -O2 -ffp-contract=off -I src,clang 21.0.0 (clang-2100.3.34.2),libc++,arm64,libcxx,native,c3b4a0a07877c0f8e2370ff7fdae98d3f3d96c15465aadb9eae00a280391c6a6,false
exp7-manifest-1,2026-09-20T20:53:18Z,p4,uncapped,LEGACY,double,C4,0.505,9003,raw/p4/p4_loader_libcxx_C4_LEGACY_s9003.bin,bin,100000,40,1,3,4000096,9b0ead27888fe2ca88d36f5a32a72c4d142f0fa285a69c26bf52427252851ba1,./exp7_probe_libcxx.exe,7874afeb97cb5ba7d7a5b1c5771c15ff2d40228ba92d0c52efe8dcd87431ac67,-Wall -Wextra -std=c++11 -O2 -ffp-contract=off -I src,clang 21.0.0 (clang-2100.3.34.2),libc++,arm64,libcxx,native,c3b4a0a07877c0f8e2370ff7fdae98d3f3d96c15465aadb9eae00a280391c6a6,false
exp7-manifest-1,2026-09-20T20:53:18Z,p4,uncapped,CANDIDATE,double,C4,0.505,9003,raw/p4/p4_loader_libcxx_C4_CANDIDATE_s9003.bin,bin,100000,40,1,3,4000096,9bf88dad5c57bec7f79a5fcee04d27dda81f30bf7933cc9beb3fbf33d24f81ee,./exp7_probe_libcxx.exe,7874afeb97cb5ba7d7a5b1c5771c15ff2d40228ba92d0c52efe8dcd87431ac67,-Wall -Wextra -std=c++11 -O2 -ffp-contract=off -I src,clang 21.0.0 (clang-2100.3.34.2),libc++,arm64,libcxx,native,c3b4a0a07877c0f8e2370ff7fdae98d3f3d96c15465aadb9eae00a280391c6a6,false
exp7-manifest-1,2026-09-20T20:53:18Z,p4,class,LEGACY,double,C4,0.505,9003,raw/p4/p4_class_libcxx_C4_LEGACY_s9003.bin,bin,100000,40,1,3,4000096,86b115693766967412871248512a0fb578a9b580b9f4982d302db72569dd9b13,./exp7_probe_libcxx.exe,7874afeb97cb5ba7d7a5b1c5771c15ff2d40228ba92d0c52efe8dcd87431ac67,-Wall -Wextra -std=c++11 -O2 -ffp-contract=off -I src,clang 21.0.0 (clang-2100.3.34.2),libc++,arm64,libcxx,native,c3b4a0a07877c0f8e2370ff7fdae98d3f3d96c15465aadb9eae00a280391c6a6,false
exp7-manifest-1,2026-09-20T20:53:18Z,p4,class,CANDIDATE,double,C4,0.505,9003,raw/p4/p4_class_libcxx_C4_CANDIDATE_s9003.bin,bin,100000,40,1,3,4000096,ccdd96046b04ece5ddf1e288089c16f9fa0925005d590c93e3d32ce88b20ac22,./exp7_probe_libcxx.exe,7874afeb97cb5ba7d7a5b1c5771c15ff2d40228ba92d0c52efe8dcd87431ac67,-Wall -Wextra -std=c++11 -O2 -ffp-contract=off -I src,clang 21.0.0 (clang-2100.3.34.2),libc++,arm64,libcxx,native,c3b4a0a07877c0f8e2370ff7fdae98d3f3d96c15465aadb9eae00a280391c6a6,false
exp7-manifest-1,2026-09-20T20:53:18Z,p4,uncapped,LEGACY,double,C4,0.505,9004,raw/p4/p4_loader_libcxx_C4_LEGACY_s9004.bin,bin,100000,40,1,3,4000096,bc694b49f26d09c05283863d0cec718c178ff75f6168246801eec882b04e0e6f,./exp7_probe_libcxx.exe,7874afeb97cb5ba7d7a5b1c5771c15ff2d40228ba92d0c52efe8dcd87431ac67,-Wall -Wextra -std=c++11 -O2 -ffp-contract=off -I src,clang 21.0.0 (clang-2100.3.34.2),libc++,arm64,libcxx,native,c3b4a0a07877c0f8e2370ff7fdae98d3f3d96c15465aadb9eae00a280391c6a6,false
exp7-manifest-1,2026-09-20T20:53:18Z,p4,uncapped,CANDIDATE,double,C4,0.505,9004,raw/p4/p4_loader_libcxx_C4_CANDIDATE_s9004.bin,bin,100000,40,1,3,4000096,8458b34a64b815550def3dc8cec85fcee5b407c93c011fe41798706139f86af5,./exp7_probe_libcxx.exe,7874afeb97cb5ba7d7a5b1c5771c15ff2d40228ba92d0c52efe8dcd87431ac67,-Wall -Wextra -std=c++11 -O2 -ffp-contract=off -I src,clang 21.0.0 (clang-2100.3.34.2),libc++,arm64,libcxx,native,c3b4a0a07877c0f8e2370ff7fdae98d3f3d96c15465aadb9eae00a280391c6a6,false
exp7-manifest-1,2026-09-20T20:53:18Z,p4,class,LEGACY,double,C4,0.505,9004,raw/p4/p4_class_libcxx_C4_LEGACY_s9004.bin,bin,100000,40,1,3,4000096,5aba63bd11c6f5c0b2996fd3ba96c346fa19bd96a88f5293ed357b3fdc0083bf,./exp7_probe_libcxx.exe,7874afeb97cb5ba7d7a5b1c5771c15ff2d40228ba92d0c52efe8dcd87431ac67,-Wall -Wextra -std=c++11 -O2 -ffp-contract=off -I src,clang 21.0.0 (clang-2100.3.34.2),libc++,arm64,libcxx,native,c3b4a0a07877c0f8e2370ff7fdae98d3f3d96c15465aadb9eae00a280391c6a6,false
exp7-manifest-1,2026-09-20T20:53:18Z,p4,class,CANDIDATE,double,C4,0.505,9004,raw/p4/p4_class_libcxx_C4_CANDIDATE_s9004.bin,bin,100000,40,1,3,4000096,0f38b64807bc7f295d39af4daa14eefd35542c48aa330ac02e72247b855cec89,./exp7_probe_libcxx.exe,7874afeb97cb5ba7d7a5b1c5771c15ff2d40228ba92d0c52efe8dcd87431ac67,-Wall -Wextra -std=c++11 -O2 -ffp-contract=off -I src,clang 21.0.0 (clang-2100.3.34.2),libc++,arm64,libcxx,native,c3b4a0a07877c0f8e2370ff7fdae98d3f3d96c15465aadb9eae00a280391c6a6,false
exp7-manifest-1,2026-09-20T20:53:18Z,p4,uncapped,LEGACY,double,C4,0.505,9005,raw/p4/p4_loader_libcxx_C4_LEGACY_s9005.bin,bin,100000,40,1,3,4000096,c7c3946a9cfa55bf8ff0ede9f7672ffae3dd72f4f482b10849b87ef6ea4da583,./exp7_probe_libcxx.exe,7874afeb97cb5ba7d7a5b1c5771c15ff2d40228ba92d0c52efe8dcd87431ac67,-Wall -Wextra -std=c++11 -O2 -ffp-contract=off -I src,clang 21.0.0 (clang-2100.3.34.2),libc++,arm64,libcxx,native,c3b4a0a07877c0f8e2370ff7fdae98d3f3d96c15465aadb9eae00a280391c6a6,false
exp7-manifest-1,2026-09-20T20:53:18Z,p4,uncapped,CANDIDATE,double,C4,0.505,9005,raw/p4/p4_loader_libcxx_C4_CANDIDATE_s9005.bin,bin,100000,40,1,3,4000096,ec6660087bfa91d601e3dd2118da30fe3e86dc689d77138cb1be8cd048f33452,./exp7_probe_libcxx.exe,7874afeb97cb5ba7d7a5b1c5771c15ff2d40228ba92d0c52efe8dcd87431ac67,-Wall -Wextra -std=c++11 -O2 -ffp-contract=off -I src,clang 21.0.0 (clang-2100.3.34.2),libc++,arm64,libcxx,native,c3b4a0a07877c0f8e2370ff7fdae98d3f3d96c15465aadb9eae00a280391c6a6,false
exp7-manifest-1,2026-09-20T20:53:18Z,p4,class,LEGACY,double,C4,0.505,9005,raw/p4/p4_class_libcxx_C4_LEGACY_s9005.bin,bin,100000,40,1,3,4000096,1c7df677bb442db498fb3a5ca651bc27abde661f1b03fe5bf9c211822d0387a8,./exp7_probe_libcxx.exe,7874afeb97cb5ba7d7a5b1c5771c15ff2d40228ba92d0c52efe8dcd87431ac67,-Wall -Wextra -std=c++11 -O2 -ffp-contract=off -I src,clang 21.0.0 (clang-2100.3.34.2),libc++,arm64,libcxx,native,c3b4a0a07877c0f8e2370ff7fdae98d3f3d96c15465aadb9eae00a280391c6a6,false
exp7-manifest-1,2026-09-20T20:53:18Z,p4,class,CANDIDATE,double,C4,0.505,9005,raw/p4/p4_class_libcxx_C4_CANDIDATE_s9005.bin,bin,100000,40,1,3,4000096,c02a78660b6cb2f9ae8626fde9ee9330b40ce80fe61844224f6440551f121eb1,./exp7_probe_libcxx.exe,7874afeb97cb5ba7d7a5b1c5771c15ff2d40228ba92d0c52efe8dcd87431ac67,-Wall -Wextra -std=c++11 -O2 -ffp-contract=off -I src,clang 21.0.0 (clang-2100.3.34.2),libc++,arm64,libcxx,native,c3b4a0a07877c0f8e2370ff7fdae98d3f3d96c15465aadb9eae00a280391c6a6,false
exp7-manifest-1,2026-09-20T20:53:18Z,p4,capped,LEGACY,double,C5,0.51000000000000001,9001,raw/p4/p4_loader_libcxx_C5_LEGACY_s9001.bin,bin,100000,40,1,3,4000096,b20fc5995af554c875e8c538e29295e2bf75c8926e4c5e176cd588d1819a50cf,./exp7_probe_libcxx.exe,7874afeb97cb5ba7d7a5b1c5771c15ff2d40228ba92d0c52efe8dcd87431ac67,-Wall -Wextra -std=c++11 -O2 -ffp-contract=off -I src,clang 21.0.0 (clang-2100.3.34.2),libc++,arm64,libcxx,native,c3b4a0a07877c0f8e2370ff7fdae98d3f3d96c15465aadb9eae00a280391c6a6,false
exp7-manifest-1,2026-09-20T20:53:18Z,p4,capped,CANDIDATE,double,C5,0.51000000000000001,9001,raw/p4/p4_loader_libcxx_C5_CANDIDATE_s9001.bin,bin,100000,40,1,3,4000096,18fda756bf383323e13114a56d3938a69f30d14f1481cd09270622d562563e9f,./exp7_probe_libcxx.exe,7874afeb97cb5ba7d7a5b1c5771c15ff2d40228ba92d0c52efe8dcd87431ac67,-Wall -Wextra -std=c++11 -O2 -ffp-contract=off -I src,clang 21.0.0 (clang-2100.3.34.2),libc++,arm64,libcxx,native,c3b4a0a07877c0f8e2370ff7fdae98d3f3d96c15465aadb9eae00a280391c6a6,false
exp7-manifest-1,2026-09-20T20:53:18Z,p4,capped,LEGACY,double,C5,0.51000000000000001,9002,raw/p4/p4_loader_libcxx_C5_LEGACY_s9002.bin,bin,100000,40,1,3,4000096,0f4db200b8074d753d2d2d5a492857516a2003999db3897f31610bec4d7945c2,./exp7_probe_libcxx.exe,7874afeb97cb5ba7d7a5b1c5771c15ff2d40228ba92d0c52efe8dcd87431ac67,-Wall -Wextra -std=c++11 -O2 -ffp-contract=off -I src,clang 21.0.0 (clang-2100.3.34.2),libc++,arm64,libcxx,native,c3b4a0a07877c0f8e2370ff7fdae98d3f3d96c15465aadb9eae00a280391c6a6,false
exp7-manifest-1,2026-09-20T20:53:18Z,p4,capped,CANDIDATE,double,C5,0.51000000000000001,9002,raw/p4/p4_loader_libcxx_C5_CANDIDATE_s9002.bin,bin,100000,40,1,3,4000096,3236526ac40b9d87febd8663e4c9e9402c3005194d8bcadc07e0aa845f081ea0,./exp7_probe_libcxx.exe,7874afeb97cb5ba7d7a5b1c5771c15ff2d40228ba92d0c52efe8dcd87431ac67,-Wall -Wextra -std=c++11 -O2 -ffp-contract=off -I src,clang 21.0.0 (clang-2100.3.34.2),libc++,arm64,libcxx,native,c3b4a0a07877c0f8e2370ff7fdae98d3f3d96c15465aadb9eae00a280391c6a6,false
exp7-manifest-1,2026-09-20T20:53:18Z,p4,capped,LEGACY,double,C5,0.51000000000000001,9003,raw/p4/p4_loader_libcxx_C5_LEGACY_s9003.bin,bin,100000,40,1,3,4000096,acc475897f402656d61c8ecba8b6fef41e0da2bcdd3a9c59ddf31bfc2f47aba2,./exp7_probe_libcxx.exe,7874afeb97cb5ba7d7a5b1c5771c15ff2d40228ba92d0c52efe8dcd87431ac67,-Wall -Wextra -std=c++11 -O2 -ffp-contract=off -I src,clang 21.0.0 (clang-2100.3.34.2),libc++,arm64,libcxx,native,c3b4a0a07877c0f8e2370ff7fdae98d3f3d96c15465aadb9eae00a280391c6a6,false
exp7-manifest-1,2026-09-20T20:53:18Z,p4,capped,CANDIDATE,double,C5,0.51000000000000001,9003,raw/p4/p4_loader_libcxx_C5_CANDIDATE_s9003.bin,bin,100000,40,1,3,4000096,18a095da5c70a2e14c086108814d75752a39458350b0f36816cacaf93ba65f2e,./exp7_probe_libcxx.exe,7874afeb97cb5ba7d7a5b1c5771c15ff2d40228ba92d0c52efe8dcd87431ac67,-Wall -Wextra -std=c++11 -O2 -ffp-contract=off -I src,clang 21.0.0 (clang-2100.3.34.2),libc++,arm64,libcxx,native,c3b4a0a07877c0f8e2370ff7fdae98d3f3d96c15465aadb9eae00a280391c6a6,false
exp7-manifest-1,2026-09-20T20:53:18Z,p4,capped,LEGACY,double,C5,0.51000000000000001,9004,raw/p4/p4_loader_libcxx_C5_LEGACY_s9004.bin,bin,100000,40,1,3,4000096,bb270cfebd220076a439b9bb62a330c568c0619a336dd8d7a9e58c3b9d488f11,./exp7_probe_libcxx.exe,7874afeb97cb5ba7d7a5b1c5771c15ff2d40228ba92d0c52efe8dcd87431ac67,-Wall -Wextra -std=c++11 -O2 -ffp-contract=off -I src,clang 21.0.0 (clang-2100.3.34.2),libc++,arm64,libcxx,native,c3b4a0a07877c0f8e2370ff7fdae98d3f3d96c15465aadb9eae00a280391c6a6,false
exp7-manifest-1,2026-09-20T20:53:18Z,p4,capped,CANDIDATE,double,C5,0.51000000000000001,9004,raw/p4/p4_loader_libcxx_C5_CANDIDATE_s9004.bin,bin,100000,40,1,3,4000096,8ab335faef0ec7ae3973852081159bd8ab9f6d1555b972a72a4d01586862eb8a,./exp7_probe_libcxx.exe,7874afeb97cb5ba7d7a5b1c5771c15ff2d40228ba92d0c52efe8dcd87431ac67,-Wall -Wextra -std=c++11 -O2 -ffp-contract=off -I src,clang 21.0.0 (clang-2100.3.34.2),libc++,arm64,libcxx,native,c3b4a0a07877c0f8e2370ff7fdae98d3f3d96c15465aadb9eae00a280391c6a6,false
exp7-manifest-1,2026-09-20T20:53:18Z,p4,capped,LEGACY,double,C5,0.51000000000000001,9005,raw/p4/p4_loader_libcxx_C5_LEGACY_s9005.bin,bin,100000,40,1,3,4000096,f90f1bbca974426fc264efc5275b8f240d637e2f4198848205431e4e8dca97a5,./exp7_probe_libcxx.exe,7874afeb97cb5ba7d7a5b1c5771c15ff2d40228ba92d0c52efe8dcd87431ac67,-Wall -Wextra -std=c++11 -O2 -ffp-contract=off -I src,clang 21.0.0 (clang-2100.3.34.2),libc++,arm64,libcxx,native,c3b4a0a07877c0f8e2370ff7fdae98d3f3d96c15465aadb9eae00a280391c6a6,false
exp7-manifest-1,2026-09-20T20:53:18Z,p4,capped,CANDIDATE,double,C5,0.51000000000000001,9005,raw/p4/p4_loader_libcxx_C5_CANDIDATE_s9005.bin,bin,100000,40,1,3,4000096,6e0c4ae5582aadb61e35b0ece6bbe066ff9e2d637bbdbce194394777b8a56635,./exp7_probe_libcxx.exe,7874afeb97cb5ba7d7a5b1c5771c15ff2d40228ba92d0c52efe8dcd87431ac67,-Wall -Wextra -std=c++11 -O2 -ffp-contract=off -I src,clang 21.0.0 (clang-2100.3.34.2),libc++,arm64,libcxx,native,c3b4a0a07877c0f8e2370ff7fdae98d3f3d96c15465aadb9eae00a280391c6a6,false
exp7-manifest-1,2026-09-20T20:53:18Z,p4,capped,LEGACY,double,C6,0.51000000000000001,9001,raw/p4/p4_loader_libcxx_C6_LEGACY_s9001.bin,bin,100000,40,1,3,4000096,f6a6d25fdc334132d5256fd6551c7235b9eeccda22f66b2b7a1dba611a1ea3ad,./exp7_probe_libcxx.exe,7874afeb97cb5ba7d7a5b1c5771c15ff2d40228ba92d0c52efe8dcd87431ac67,-Wall -Wextra -std=c++11 -O2 -ffp-contract=off -I src,clang 21.0.0 (clang-2100.3.34.2),libc++,arm64,libcxx,native,c3b4a0a07877c0f8e2370ff7fdae98d3f3d96c15465aadb9eae00a280391c6a6,false
exp7-manifest-1,2026-09-20T20:53:18Z,p4,capped,CANDIDATE,double,C6,0.51000000000000001,9001,raw/p4/p4_loader_libcxx_C6_CANDIDATE_s9001.bin,bin,100000,40,1,3,4000096,ed91f0f9fdb4f9df7fc749dd8bdfb4a46965351ffbea5296714b226766f48c08,./exp7_probe_libcxx.exe,7874afeb97cb5ba7d7a5b1c5771c15ff2d40228ba92d0c52efe8dcd87431ac67,-Wall -Wextra -std=c++11 -O2 -ffp-contract=off -I src,clang 21.0.0 (clang-2100.3.34.2),libc++,arm64,libcxx,native,c3b4a0a07877c0f8e2370ff7fdae98d3f3d96c15465aadb9eae00a280391c6a6,false
exp7-manifest-1,2026-09-20T20:53:18Z,p4,capped,LEGACY,double,C6,0.51000000000000001,9002,raw/p4/p4_loader_libcxx_C6_LEGACY_s9002.bin,bin,100000,40,1,3,4000096,c175f5c3049691137da2f7724837b17a7deb6d1dcc765cb18ba43442802fe523,./exp7_probe_libcxx.exe,7874afeb97cb5ba7d7a5b1c5771c15ff2d40228ba92d0c52efe8dcd87431ac67,-Wall -Wextra -std=c++11 -O2 -ffp-contract=off -I src,clang 21.0.0 (clang-2100.3.34.2),libc++,arm64,libcxx,native,c3b4a0a07877c0f8e2370ff7fdae98d3f3d96c15465aadb9eae00a280391c6a6,false
exp7-manifest-1,2026-09-20T20:53:18Z,p4,capped,CANDIDATE,double,C6,0.51000000000000001,9002,raw/p4/p4_loader_libcxx_C6_CANDIDATE_s9002.bin,bin,100000,40,1,3,4000096,8de69764a22532adf61c4eb2b4366d40d0ebb343f68efe15c076c10c6a743e61,./exp7_probe_libcxx.exe,7874afeb97cb5ba7d7a5b1c5771c15ff2d40228ba92d0c52efe8dcd87431ac67,-Wall -Wextra -std=c++11 -O2 -ffp-contract=off -I src,clang 21.0.0 (clang-2100.3.34.2),libc++,arm64,libcxx,native,c3b4a0a07877c0f8e2370ff7fdae98d3f3d96c15465aadb9eae00a280391c6a6,false
exp7-manifest-1,2026-09-20T20:53:18Z,p4,capped,LEGACY,double,C6,0.51000000000000001,9003,raw/p4/p4_loader_libcxx_C6_LEGACY_s9003.bin,bin,100000,40,1,3,4000096,0b3801bc907c01c8932e3d24c1e1103723c5148905dce4377ee24cf13c05900d,./exp7_probe_libcxx.exe,7874afeb97cb5ba7d7a5b1c5771c15ff2d40228ba92d0c52efe8dcd87431ac67,-Wall -Wextra -std=c++11 -O2 -ffp-contract=off -I src,clang 21.0.0 (clang-2100.3.34.2),libc++,arm64,libcxx,native,c3b4a0a07877c0f8e2370ff7fdae98d3f3d96c15465aadb9eae00a280391c6a6,false
exp7-manifest-1,2026-09-20T20:53:18Z,p4,capped,CANDIDATE,double,C6,0.51000000000000001,9003,raw/p4/p4_loader_libcxx_C6_CANDIDATE_s9003.bin,bin,100000,40,1,3,4000096,0676850cd8335286fe0740c16321c4fc0f818093b253c017fb0acb1fc3dc6865,./exp7_probe_libcxx.exe,7874afeb97cb5ba7d7a5b1c5771c15ff2d40228ba92d0c52efe8dcd87431ac67,-Wall -Wextra -std=c++11 -O2 -ffp-contract=off -I src,clang 21.0.0 (clang-2100.3.34.2),libc++,arm64,libcxx,native,c3b4a0a07877c0f8e2370ff7fdae98d3f3d96c15465aadb9eae00a280391c6a6,false
exp7-manifest-1,2026-09-20T20:53:18Z,p4,capped,LEGACY,double,C6,0.51000000000000001,9004,raw/p4/p4_loader_libcxx_C6_LEGACY_s9004.bin,bin,100000,40,1,3,4000096,0300042f8c86b09a247d69f7680f8fa14cd985ef3328481038afb211fe77e710,./exp7_probe_libcxx.exe,7874afeb97cb5ba7d7a5b1c5771c15ff2d40228ba92d0c52efe8dcd87431ac67,-Wall -Wextra -std=c++11 -O2 -ffp-contract=off -I src,clang 21.0.0 (clang-2100.3.34.2),libc++,arm64,libcxx,native,c3b4a0a07877c0f8e2370ff7fdae98d3f3d96c15465aadb9eae00a280391c6a6,false
exp7-manifest-1,2026-09-20T20:53:18Z,p4,capped,CANDIDATE,double,C6,0.51000000000000001,9004,raw/p4/p4_loader_libcxx_C6_CANDIDATE_s9004.bin,bin,100000,40,1,3,4000096,b1bc8c0028ba03745051606e48578a1c815c20c721a6c7de7386754e706a0f4d,./exp7_probe_libcxx.exe,7874afeb97cb5ba7d7a5b1c5771c15ff2d40228ba92d0c52efe8dcd87431ac67,-Wall -Wextra -std=c++11 -O2 -ffp-contract=off -I src,clang 21.0.0 (clang-2100.3.34.2),libc++,arm64,libcxx,native,c3b4a0a07877c0f8e2370ff7fdae98d3f3d96c15465aadb9eae00a280391c6a6,false
exp7-manifest-1,2026-09-20T20:53:18Z,p4,capped,LEGACY,double,C6,0.51000000000000001,9005,raw/p4/p4_loader_libcxx_C6_LEGACY_s9005.bin,bin,100000,40,1,3,4000096,3f85fff638498afcd8396b08d169ce562ab28744fad73734cbc506afdb23f6fe,./exp7_probe_libcxx.exe,7874afeb97cb5ba7d7a5b1c5771c15ff2d40228ba92d0c52efe8dcd87431ac67,-Wall -Wextra -std=c++11 -O2 -ffp-contract=off -I src,clang 21.0.0 (clang-2100.3.34.2),libc++,arm64,libcxx,native,c3b4a0a07877c0f8e2370ff7fdae98d3f3d96c15465aadb9eae00a280391c6a6,false
exp7-manifest-1,2026-09-20T20:53:18Z,p4,capped,CANDIDATE,double,C6,0.51000000000000001,9005,raw/p4/p4_loader_libcxx_C6_CANDIDATE_s9005.bin,bin,100000,40,1,3,4000096,4f384610f468126d164b145699ebfb1111945f1a3e175bad231e4b2df609af9a,./exp7_probe_libcxx.exe,7874afeb97cb5ba7d7a5b1c5771c15ff2d40228ba92d0c52efe8dcd87431ac67,-Wall -Wextra -std=c++11 -O2 -ffp-contract=off -I src,clang 21.0.0 (clang-2100.3.34.2),libc++,arm64,libcxx,native,c3b4a0a07877c0f8e2370ff7fdae98d3f3d96c15465aadb9eae00a280391c6a6,false
exp7-manifest-1,2026-09-20T20:53:18Z,p4,summary,all,all,all,nan,-1,raw/p4/p4_libcxx.jsonl,jsonl,120,-1,-1,-1,103127,121f62c5aa48c6419d55b72f611de253a66ca38b31bd6733f7ce33ebee85f02b,./exp7_probe_libcxx.exe,7874afeb97cb5ba7d7a5b1c5771c15ff2d40228ba92d0c52efe8dcd87431ac67,-Wall -Wextra -std=c++11 -O2 -ffp-contract=off -I src,clang 21.0.0 (clang-2100.3.34.2),libc++,arm64,libcxx,native,c3b4a0a07877c0f8e2370ff7fdae98d3f3d96c15465aadb9eae00a280391c6a6,false
exp7-manifest-1,2026-09-20T20:53:26Z,p4,uncapped,LEGACY,double,C0,2,9001,raw/p4/p4_loader_libstdcxx_C0_LEGACY_s9001.bin,bin,100000,40,1,3,4000096,ecf54efa445e3d86bb425616a0f14292cc953efd5267aa58c62d2e911eab3e5c,./exp7_probe_libstdcxx.exe,c999a548375281e6afa30d545d4d1acaaba8a77de5a571b76493780e81c2fc01,-Wall -Wextra -std=c++11 -O2 -ffp-contract=off -I src,gcc 15.2.0,libstdc++,arm64,libstdcxx,native,c3b4a0a07877c0f8e2370ff7fdae98d3f3d96c15465aadb9eae00a280391c6a6,false
exp7-manifest-1,2026-09-20T20:53:26Z,p4,uncapped,CANDIDATE,double,C0,2,9001,raw/p4/p4_loader_libstdcxx_C0_CANDIDATE_s9001.bin,bin,100000,40,1,3,4000096,a1893f21a8489eca4cc9a3d6dd94cfd7c2c17a9ae84dde126410c70f5328a32a,./exp7_probe_libstdcxx.exe,c999a548375281e6afa30d545d4d1acaaba8a77de5a571b76493780e81c2fc01,-Wall -Wextra -std=c++11 -O2 -ffp-contract=off -I src,gcc 15.2.0,libstdc++,arm64,libstdcxx,native,c3b4a0a07877c0f8e2370ff7fdae98d3f3d96c15465aadb9eae00a280391c6a6,false
exp7-manifest-1,2026-09-20T20:53:26Z,p4,class,LEGACY,double,C0,2,9001,raw/p4/p4_class_libstdcxx_C0_LEGACY_s9001.bin,bin,100000,40,1,3,4000096,2c6444081b4cc048e8a61ca1cacacbb90e04e1e2e2f24d62e6d8c3b683ff1967,./exp7_probe_libstdcxx.exe,c999a548375281e6afa30d545d4d1acaaba8a77de5a571b76493780e81c2fc01,-Wall -Wextra -std=c++11 -O2 -ffp-contract=off -I src,gcc 15.2.0,libstdc++,arm64,libstdcxx,native,c3b4a0a07877c0f8e2370ff7fdae98d3f3d96c15465aadb9eae00a280391c6a6,false
exp7-manifest-1,2026-09-20T20:53:26Z,p4,class,CANDIDATE,double,C0,2,9001,raw/p4/p4_class_libstdcxx_C0_CANDIDATE_s9001.bin,bin,100000,40,1,3,4000096,1cb7d26f5b012059f923e178f2783fe2b37760eb529a8a568ca5862922d53223,./exp7_probe_libstdcxx.exe,c999a548375281e6afa30d545d4d1acaaba8a77de5a571b76493780e81c2fc01,-Wall -Wextra -std=c++11 -O2 -ffp-contract=off -I src,gcc 15.2.0,libstdc++,arm64,libstdcxx,native,c3b4a0a07877c0f8e2370ff7fdae98d3f3d96c15465aadb9eae00a280391c6a6,false
exp7-manifest-1,2026-09-20T20:53:26Z,p4,uncapped,LEGACY,double,C0,2,9002,raw/p4/p4_loader_libstdcxx_C0_LEGACY_s9002.bin,bin,100000,40,1,3,4000096,81712c7f4a8848ee58cbc72a31f3473fb3d2e47605d6c1c13d836c26810ff21c,./exp7_probe_libstdcxx.exe,c999a548375281e6afa30d545d4d1acaaba8a77de5a571b76493780e81c2fc01,-Wall -Wextra -std=c++11 -O2 -ffp-contract=off -I src,gcc 15.2.0,libstdc++,arm64,libstdcxx,native,c3b4a0a07877c0f8e2370ff7fdae98d3f3d96c15465aadb9eae00a280391c6a6,false
exp7-manifest-1,2026-09-20T20:53:26Z,p4,uncapped,CANDIDATE,double,C0,2,9002,raw/p4/p4_loader_libstdcxx_C0_CANDIDATE_s9002.bin,bin,100000,40,1,3,4000096,f2f7b8f3b289ba9e66a50e1eff35f967a3afb93626c6345eca439b073e0d6da7,./exp7_probe_libstdcxx.exe,c999a548375281e6afa30d545d4d1acaaba8a77de5a571b76493780e81c2fc01,-Wall -Wextra -std=c++11 -O2 -ffp-contract=off -I src,gcc 15.2.0,libstdc++,arm64,libstdcxx,native,c3b4a0a07877c0f8e2370ff7fdae98d3f3d96c15465aadb9eae00a280391c6a6,false
exp7-manifest-1,2026-09-20T20:53:26Z,p4,class,LEGACY,double,C0,2,9002,raw/p4/p4_class_libstdcxx_C0_LEGACY_s9002.bin,bin,100000,40,1,3,4000096,9f03a3f08b3d00ccf9f8671e0dba3828d714d579306cec15e52ee1d77cc8acf2,./exp7_probe_libstdcxx.exe,c999a548375281e6afa30d545d4d1acaaba8a77de5a571b76493780e81c2fc01,-Wall -Wextra -std=c++11 -O2 -ffp-contract=off -I src,gcc 15.2.0,libstdc++,arm64,libstdcxx,native,c3b4a0a07877c0f8e2370ff7fdae98d3f3d96c15465aadb9eae00a280391c6a6,false
exp7-manifest-1,2026-09-20T20:53:26Z,p4,class,CANDIDATE,double,C0,2,9002,raw/p4/p4_class_libstdcxx_C0_CANDIDATE_s9002.bin,bin,100000,40,1,3,4000096,61e2bef355f59893189aa3e843a69cfd6db03a23d9669ba6ca28a571c3b61a41,./exp7_probe_libstdcxx.exe,c999a548375281e6afa30d545d4d1acaaba8a77de5a571b76493780e81c2fc01,-Wall -Wextra -std=c++11 -O2 -ffp-contract=off -I src,gcc 15.2.0,libstdc++,arm64,libstdcxx,native,c3b4a0a07877c0f8e2370ff7fdae98d3f3d96c15465aadb9eae00a280391c6a6,false
exp7-manifest-1,2026-09-20T20:53:26Z,p4,uncapped,LEGACY,double,C0,2,9003,raw/p4/p4_loader_libstdcxx_C0_LEGACY_s9003.bin,bin,100000,40,1,3,4000096,f6762400cdb1841b8fe142312b68521a2d330a35d256b1efb10b15555e8befa9,./exp7_probe_libstdcxx.exe,c999a548375281e6afa30d545d4d1acaaba8a77de5a571b76493780e81c2fc01,-Wall -Wextra -std=c++11 -O2 -ffp-contract=off -I src,gcc 15.2.0,libstdc++,arm64,libstdcxx,native,c3b4a0a07877c0f8e2370ff7fdae98d3f3d96c15465aadb9eae00a280391c6a6,false
exp7-manifest-1,2026-09-20T20:53:26Z,p4,uncapped,CANDIDATE,double,C0,2,9003,raw/p4/p4_loader_libstdcxx_C0_CANDIDATE_s9003.bin,bin,100000,40,1,3,4000096,8cf469ae1d482dff4f014b9fba7ed93fa3c6863f1b9406a4e16eca1aaaab94e8,./exp7_probe_libstdcxx.exe,c999a548375281e6afa30d545d4d1acaaba8a77de5a571b76493780e81c2fc01,-Wall -Wextra -std=c++11 -O2 -ffp-contract=off -I src,gcc 15.2.0,libstdc++,arm64,libstdcxx,native,c3b4a0a07877c0f8e2370ff7fdae98d3f3d96c15465aadb9eae00a280391c6a6,false
exp7-manifest-1,2026-09-20T20:53:26Z,p4,class,LEGACY,double,C0,2,9003,raw/p4/p4_class_libstdcxx_C0_LEGACY_s9003.bin,bin,100000,40,1,3,4000096,bb914204aff5b5d2ab349233f6ad8e6a9c4a648ca73e58417d8fccdad8b17c36,./exp7_probe_libstdcxx.exe,c999a548375281e6afa30d545d4d1acaaba8a77de5a571b76493780e81c2fc01,-Wall -Wextra -std=c++11 -O2 -ffp-contract=off -I src,gcc 15.2.0,libstdc++,arm64,libstdcxx,native,c3b4a0a07877c0f8e2370ff7fdae98d3f3d96c15465aadb9eae00a280391c6a6,false
exp7-manifest-1,2026-09-20T20:53:26Z,p4,class,CANDIDATE,double,C0,2,9003,raw/p4/p4_class_libstdcxx_C0_CANDIDATE_s9003.bin,bin,100000,40,1,3,4000096,dd9af345349828f4c29ba37a6dcb32dd44a5bb4d8442a4ac43a329cc2c2904e2,./exp7_probe_libstdcxx.exe,c999a548375281e6afa30d545d4d1acaaba8a77de5a571b76493780e81c2fc01,-Wall -Wextra -std=c++11 -O2 -ffp-contract=off -I src,gcc 15.2.0,libstdc++,arm64,libstdcxx,native,c3b4a0a07877c0f8e2370ff7fdae98d3f3d96c15465aadb9eae00a280391c6a6,false
exp7-manifest-1,2026-09-20T20:53:26Z,p4,uncapped,LEGACY,double,C0,2,9004,raw/p4/p4_loader_libstdcxx_C0_LEGACY_s9004.bin,bin,100000,40,1,3,4000096,201465a73accd8347a1b19d675364a061557db0cde7fdf4a16875a84dda0309b,./exp7_probe_libstdcxx.exe,c999a548375281e6afa30d545d4d1acaaba8a77de5a571b76493780e81c2fc01,-Wall -Wextra -std=c++11 -O2 -ffp-contract=off -I src,gcc 15.2.0,libstdc++,arm64,libstdcxx,native,c3b4a0a07877c0f8e2370ff7fdae98d3f3d96c15465aadb9eae00a280391c6a6,false
exp7-manifest-1,2026-09-20T20:53:26Z,p4,uncapped,CANDIDATE,double,C0,2,9004,raw/p4/p4_loader_libstdcxx_C0_CANDIDATE_s9004.bin,bin,100000,40,1,3,4000096,baf907c323faee7a6b31aebccdcac2ff3d30017ebadcd2ef1db1209f542708fe,./exp7_probe_libstdcxx.exe,c999a548375281e6afa30d545d4d1acaaba8a77de5a571b76493780e81c2fc01,-Wall -Wextra -std=c++11 -O2 -ffp-contract=off -I src,gcc 15.2.0,libstdc++,arm64,libstdcxx,native,c3b4a0a07877c0f8e2370ff7fdae98d3f3d96c15465aadb9eae00a280391c6a6,false
exp7-manifest-1,2026-09-20T20:53:26Z,p4,class,LEGACY,double,C0,2,9004,raw/p4/p4_class_libstdcxx_C0_LEGACY_s9004.bin,bin,100000,40,1,3,4000096,0a5edb3ae7ec610429ffbb04adfbb7722dbcb84e85f8953230897a730dcc7052,./exp7_probe_libstdcxx.exe,c999a548375281e6afa30d545d4d1acaaba8a77de5a571b76493780e81c2fc01,-Wall -Wextra -std=c++11 -O2 -ffp-contract=off -I src,gcc 15.2.0,libstdc++,arm64,libstdcxx,native,c3b4a0a07877c0f8e2370ff7fdae98d3f3d96c15465aadb9eae00a280391c6a6,false
exp7-manifest-1,2026-09-20T20:53:26Z,p4,class,CANDIDATE,double,C0,2,9004,raw/p4/p4_class_libstdcxx_C0_CANDIDATE_s9004.bin,bin,100000,40,1,3,4000096,572a69052bc0e68a173b7fc836d917cda76f339122094235f8b3b42cf177d00f,./exp7_probe_libstdcxx.exe,c999a548375281e6afa30d545d4d1acaaba8a77de5a571b76493780e81c2fc01,-Wall -Wextra -std=c++11 -O2 -ffp-contract=off -I src,gcc 15.2.0,libstdc++,arm64,libstdcxx,native,c3b4a0a07877c0f8e2370ff7fdae98d3f3d96c15465aadb9eae00a280391c6a6,false
exp7-manifest-1,2026-09-20T20:53:26Z,p4,uncapped,LEGACY,double,C0,2,9005,raw/p4/p4_loader_libstdcxx_C0_LEGACY_s9005.bin,bin,100000,40,1,3,4000096,8ad9b8833dfb4b3c3c69b3cee481df9ef13250e74c1f47ca757d1082ca40b487,./exp7_probe_libstdcxx.exe,c999a548375281e6afa30d545d4d1acaaba8a77de5a571b76493780e81c2fc01,-Wall -Wextra -std=c++11 -O2 -ffp-contract=off -I src,gcc 15.2.0,libstdc++,arm64,libstdcxx,native,c3b4a0a07877c0f8e2370ff7fdae98d3f3d96c15465aadb9eae00a280391c6a6,false
exp7-manifest-1,2026-09-20T20:53:26Z,p4,uncapped,CANDIDATE,double,C0,2,9005,raw/p4/p4_loader_libstdcxx_C0_CANDIDATE_s9005.bin,bin,100000,40,1,3,4000096,b9838478d4d59428c09b995a0bd7928b29fe63f1b110bbe3902c2d8b2b96b9b9,./exp7_probe_libstdcxx.exe,c999a548375281e6afa30d545d4d1acaaba8a77de5a571b76493780e81c2fc01,-Wall -Wextra -std=c++11 -O2 -ffp-contract=off -I src,gcc 15.2.0,libstdc++,arm64,libstdcxx,native,c3b4a0a07877c0f8e2370ff7fdae98d3f3d96c15465aadb9eae00a280391c6a6,false
exp7-manifest-1,2026-09-20T20:53:26Z,p4,class,LEGACY,double,C0,2,9005,raw/p4/p4_class_libstdcxx_C0_LEGACY_s9005.bin,bin,100000,40,1,3,4000096,e3e623024cc09e187efd5a827a403a7b30709e5455253cea3c67918815dea88e,./exp7_probe_libstdcxx.exe,c999a548375281e6afa30d545d4d1acaaba8a77de5a571b76493780e81c2fc01,-Wall -Wextra -std=c++11 -O2 -ffp-contract=off -I src,gcc 15.2.0,libstdc++,arm64,libstdcxx,native,c3b4a0a07877c0f8e2370ff7fdae98d3f3d96c15465aadb9eae00a280391c6a6,false
exp7-manifest-1,2026-09-20T20:53:26Z,p4,class,CANDIDATE,double,C0,2,9005,raw/p4/p4_class_libstdcxx_C0_CANDIDATE_s9005.bin,bin,100000,40,1,3,4000096,83f0665467827a60817ca1027ee60c4e4582feadbb0bbcaf3e2137761406db76,./exp7_probe_libstdcxx.exe,c999a548375281e6afa30d545d4d1acaaba8a77de5a571b76493780e81c2fc01,-Wall -Wextra -std=c++11 -O2 -ffp-contract=off -I src,gcc 15.2.0,libstdc++,arm64,libstdcxx,native,c3b4a0a07877c0f8e2370ff7fdae98d3f3d96c15465aadb9eae00a280391c6a6,false
exp7-manifest-1,2026-09-20T20:53:26Z,p4,uncapped,LEGACY,double,C1,0.51000000000000001,9001,raw/p4/p4_loader_libstdcxx_C1_LEGACY_s9001.bin,bin,100000,40,1,3,4000096,c3c2fd2f3e71dd190ea426427dfe37e76430dd1da1bb06c67a00a06645fdd7db,./exp7_probe_libstdcxx.exe,c999a548375281e6afa30d545d4d1acaaba8a77de5a571b76493780e81c2fc01,-Wall -Wextra -std=c++11 -O2 -ffp-contract=off -I src,gcc 15.2.0,libstdc++,arm64,libstdcxx,native,c3b4a0a07877c0f8e2370ff7fdae98d3f3d96c15465aadb9eae00a280391c6a6,false
exp7-manifest-1,2026-09-20T20:53:26Z,p4,uncapped,CANDIDATE,double,C1,0.51000000000000001,9001,raw/p4/p4_loader_libstdcxx_C1_CANDIDATE_s9001.bin,bin,100000,40,1,3,4000096,8e66bfdeeedc636cb0da27502581b02eb992129205e0df113e84cb216be86413,./exp7_probe_libstdcxx.exe,c999a548375281e6afa30d545d4d1acaaba8a77de5a571b76493780e81c2fc01,-Wall -Wextra -std=c++11 -O2 -ffp-contract=off -I src,gcc 15.2.0,libstdc++,arm64,libstdcxx,native,c3b4a0a07877c0f8e2370ff7fdae98d3f3d96c15465aadb9eae00a280391c6a6,false
exp7-manifest-1,2026-09-20T20:53:26Z,p4,class,LEGACY,double,C1,0.51000000000000001,9001,raw/p4/p4_class_libstdcxx_C1_LEGACY_s9001.bin,bin,100000,40,1,3,4000096,f0bcff4b49aec2eb81eab25ba0741ce144ddf45bb4d9c827b86314f6b3869777,./exp7_probe_libstdcxx.exe,c999a548375281e6afa30d545d4d1acaaba8a77de5a571b76493780e81c2fc01,-Wall -Wextra -std=c++11 -O2 -ffp-contract=off -I src,gcc 15.2.0,libstdc++,arm64,libstdcxx,native,c3b4a0a07877c0f8e2370ff7fdae98d3f3d96c15465aadb9eae00a280391c6a6,false
exp7-manifest-1,2026-09-20T20:53:26Z,p4,class,CANDIDATE,double,C1,0.51000000000000001,9001,raw/p4/p4_class_libstdcxx_C1_CANDIDATE_s9001.bin,bin,100000,40,1,3,4000096,b0cba7c80a2a6abd6ed991eb2e2444c2bb320da4ef81d0df72a37f82576a33e4,./exp7_probe_libstdcxx.exe,c999a548375281e6afa30d545d4d1acaaba8a77de5a571b76493780e81c2fc01,-Wall -Wextra -std=c++11 -O2 -ffp-contract=off -I src,gcc 15.2.0,libstdc++,arm64,libstdcxx,native,c3b4a0a07877c0f8e2370ff7fdae98d3f3d96c15465aadb9eae00a280391c6a6,false
exp7-manifest-1,2026-09-20T20:53:26Z,p4,uncapped,LEGACY,double,C1,0.51000000000000001,9002,raw/p4/p4_loader_libstdcxx_C1_LEGACY_s9002.bin,bin,100000,40,1,3,4000096,e387d5b14bab98e58e69bce20974e8fd9cbbe0125b4f267682e076595d5d979c,./exp7_probe_libstdcxx.exe,c999a548375281e6afa30d545d4d1acaaba8a77de5a571b76493780e81c2fc01,-Wall -Wextra -std=c++11 -O2 -ffp-contract=off -I src,gcc 15.2.0,libstdc++,arm64,libstdcxx,native,c3b4a0a07877c0f8e2370ff7fdae98d3f3d96c15465aadb9eae00a280391c6a6,false
exp7-manifest-1,2026-09-20T20:53:26Z,p4,uncapped,CANDIDATE,double,C1,0.51000000000000001,9002,raw/p4/p4_loader_libstdcxx_C1_CANDIDATE_s9002.bin,bin,100000,40,1,3,4000096,3bec9e2c70fb6bb094ef7d500e8cb125d17444b92f60c72191a45fe4de30a8c1,./exp7_probe_libstdcxx.exe,c999a548375281e6afa30d545d4d1acaaba8a77de5a571b76493780e81c2fc01,-Wall -Wextra -std=c++11 -O2 -ffp-contract=off -I src,gcc 15.2.0,libstdc++,arm64,libstdcxx,native,c3b4a0a07877c0f8e2370ff7fdae98d3f3d96c15465aadb9eae00a280391c6a6,false
exp7-manifest-1,2026-09-20T20:53:26Z,p4,class,LEGACY,double,C1,0.51000000000000001,9002,raw/p4/p4_class_libstdcxx_C1_LEGACY_s9002.bin,bin,100000,40,1,3,4000096,f6970d4734b66899017fddcbc15e2084543df91121fdff327697b7012a020773,./exp7_probe_libstdcxx.exe,c999a548375281e6afa30d545d4d1acaaba8a77de5a571b76493780e81c2fc01,-Wall -Wextra -std=c++11 -O2 -ffp-contract=off -I src,gcc 15.2.0,libstdc++,arm64,libstdcxx,native,c3b4a0a07877c0f8e2370ff7fdae98d3f3d96c15465aadb9eae00a280391c6a6,false
exp7-manifest-1,2026-09-20T20:53:26Z,p4,class,CANDIDATE,double,C1,0.51000000000000001,9002,raw/p4/p4_class_libstdcxx_C1_CANDIDATE_s9002.bin,bin,100000,40,1,3,4000096,71f5006faecf504f0435421fdfe8bae878a85d100df3cb6364d6a1cb7a2f3d9e,./exp7_probe_libstdcxx.exe,c999a548375281e6afa30d545d4d1acaaba8a77de5a571b76493780e81c2fc01,-Wall -Wextra -std=c++11 -O2 -ffp-contract=off -I src,gcc 15.2.0,libstdc++,arm64,libstdcxx,native,c3b4a0a07877c0f8e2370ff7fdae98d3f3d96c15465aadb9eae00a280391c6a6,false
exp7-manifest-1,2026-09-20T20:53:26Z,p4,uncapped,LEGACY,double,C1,0.51000000000000001,9003,raw/p4/p4_loader_libstdcxx_C1_LEGACY_s9003.bin,bin,100000,40,1,3,4000096,be7f143fb244936d6654f7d53a621f81b8402c872d6f9086199634e3cb6616bd,./exp7_probe_libstdcxx.exe,c999a548375281e6afa30d545d4d1acaaba8a77de5a571b76493780e81c2fc01,-Wall -Wextra -std=c++11 -O2 -ffp-contract=off -I src,gcc 15.2.0,libstdc++,arm64,libstdcxx,native,c3b4a0a07877c0f8e2370ff7fdae98d3f3d96c15465aadb9eae00a280391c6a6,false
exp7-manifest-1,2026-09-20T20:53:26Z,p4,uncapped,CANDIDATE,double,C1,0.51000000000000001,9003,raw/p4/p4_loader_libstdcxx_C1_CANDIDATE_s9003.bin,bin,100000,40,1,3,4000096,05dd22017d7b56fd6d142c0b0d59e85347c5ac76f2fcb21a8586f1c0f3186304,./exp7_probe_libstdcxx.exe,c999a548375281e6afa30d545d4d1acaaba8a77de5a571b76493780e81c2fc01,-Wall -Wextra -std=c++11 -O2 -ffp-contract=off -I src,gcc 15.2.0,libstdc++,arm64,libstdcxx,native,c3b4a0a07877c0f8e2370ff7fdae98d3f3d96c15465aadb9eae00a280391c6a6,false
exp7-manifest-1,2026-09-20T20:53:26Z,p4,class,LEGACY,double,C1,0.51000000000000001,9003,raw/p4/p4_class_libstdcxx_C1_LEGACY_s9003.bin,bin,100000,40,1,3,4000096,653bb18aaf2034e4fd8a0b43755253628aec5a732a0657a9644938d43da70bb3,./exp7_probe_libstdcxx.exe,c999a548375281e6afa30d545d4d1acaaba8a77de5a571b76493780e81c2fc01,-Wall -Wextra -std=c++11 -O2 -ffp-contract=off -I src,gcc 15.2.0,libstdc++,arm64,libstdcxx,native,c3b4a0a07877c0f8e2370ff7fdae98d3f3d96c15465aadb9eae00a280391c6a6,false
exp7-manifest-1,2026-09-20T20:53:26Z,p4,class,CANDIDATE,double,C1,0.51000000000000001,9003,raw/p4/p4_class_libstdcxx_C1_CANDIDATE_s9003.bin,bin,100000,40,1,3,4000096,dd8b0e5f6ab4f0166e0859cd7914c4227775e638b1e0a077a3cc03006beb928b,./exp7_probe_libstdcxx.exe,c999a548375281e6afa30d545d4d1acaaba8a77de5a571b76493780e81c2fc01,-Wall -Wextra -std=c++11 -O2 -ffp-contract=off -I src,gcc 15.2.0,libstdc++,arm64,libstdcxx,native,c3b4a0a07877c0f8e2370ff7fdae98d3f3d96c15465aadb9eae00a280391c6a6,false
exp7-manifest-1,2026-09-20T20:53:26Z,p4,uncapped,LEGACY,double,C1,0.51000000000000001,9004,raw/p4/p4_loader_libstdcxx_C1_LEGACY_s9004.bin,bin,100000,40,1,3,4000096,39a73f1b19135463955cf3b947076958bc25180074da7a58aaf9a6d4c4c1d711,./exp7_probe_libstdcxx.exe,c999a548375281e6afa30d545d4d1acaaba8a77de5a571b76493780e81c2fc01,-Wall -Wextra -std=c++11 -O2 -ffp-contract=off -I src,gcc 15.2.0,libstdc++,arm64,libstdcxx,native,c3b4a0a07877c0f8e2370ff7fdae98d3f3d96c15465aadb9eae00a280391c6a6,false
exp7-manifest-1,2026-09-20T20:53:26Z,p4,uncapped,CANDIDATE,double,C1,0.51000000000000001,9004,raw/p4/p4_loader_libstdcxx_C1_CANDIDATE_s9004.bin,bin,100000,40,1,3,4000096,ce967a7e26c21c7333051a4cad5431d3ff8990806b8552b166a1f84573099482,./exp7_probe_libstdcxx.exe,c999a548375281e6afa30d545d4d1acaaba8a77de5a571b76493780e81c2fc01,-Wall -Wextra -std=c++11 -O2 -ffp-contract=off -I src,gcc 15.2.0,libstdc++,arm64,libstdcxx,native,c3b4a0a07877c0f8e2370ff7fdae98d3f3d96c15465aadb9eae00a280391c6a6,false
exp7-manifest-1,2026-09-20T20:53:26Z,p4,class,LEGACY,double,C1,0.51000000000000001,9004,raw/p4/p4_class_libstdcxx_C1_LEGACY_s9004.bin,bin,100000,40,1,3,4000096,1fdeca0eea0aa30fba16d8d8c96114eb32fef340f5198c69b85e6f9d8ef94628,./exp7_probe_libstdcxx.exe,c999a548375281e6afa30d545d4d1acaaba8a77de5a571b76493780e81c2fc01,-Wall -Wextra -std=c++11 -O2 -ffp-contract=off -I src,gcc 15.2.0,libstdc++,arm64,libstdcxx,native,c3b4a0a07877c0f8e2370ff7fdae98d3f3d96c15465aadb9eae00a280391c6a6,false
exp7-manifest-1,2026-09-20T20:53:26Z,p4,class,CANDIDATE,double,C1,0.51000000000000001,9004,raw/p4/p4_class_libstdcxx_C1_CANDIDATE_s9004.bin,bin,100000,40,1,3,4000096,a57a0dbe4fc54445fb9b5bad5df420f2cfceeca4076792003f4d0ee37599c97f,./exp7_probe_libstdcxx.exe,c999a548375281e6afa30d545d4d1acaaba8a77de5a571b76493780e81c2fc01,-Wall -Wextra -std=c++11 -O2 -ffp-contract=off -I src,gcc 15.2.0,libstdc++,arm64,libstdcxx,native,c3b4a0a07877c0f8e2370ff7fdae98d3f3d96c15465aadb9eae00a280391c6a6,false
exp7-manifest-1,2026-09-20T20:53:26Z,p4,uncapped,LEGACY,double,C1,0.51000000000000001,9005,raw/p4/p4_loader_libstdcxx_C1_LEGACY_s9005.bin,bin,100000,40,1,3,4000096,171da03307de0f4950797f020b8f1da6b648ac9ddf35bbb49214fa2ad16c99a3,./exp7_probe_libstdcxx.exe,c999a548375281e6afa30d545d4d1acaaba8a77de5a571b76493780e81c2fc01,-Wall -Wextra -std=c++11 -O2 -ffp-contract=off -I src,gcc 15.2.0,libstdc++,arm64,libstdcxx,native,c3b4a0a07877c0f8e2370ff7fdae98d3f3d96c15465aadb9eae00a280391c6a6,false
exp7-manifest-1,2026-09-20T20:53:26Z,p4,uncapped,CANDIDATE,double,C1,0.51000000000000001,9005,raw/p4/p4_loader_libstdcxx_C1_CANDIDATE_s9005.bin,bin,100000,40,1,3,4000096,e17d856f55a02c6c257d9bd85de106007ef0356c50998e00b8753e20a4189d23,./exp7_probe_libstdcxx.exe,c999a548375281e6afa30d545d4d1acaaba8a77de5a571b76493780e81c2fc01,-Wall -Wextra -std=c++11 -O2 -ffp-contract=off -I src,gcc 15.2.0,libstdc++,arm64,libstdcxx,native,c3b4a0a07877c0f8e2370ff7fdae98d3f3d96c15465aadb9eae00a280391c6a6,false
exp7-manifest-1,2026-09-20T20:53:26Z,p4,class,LEGACY,double,C1,0.51000000000000001,9005,raw/p4/p4_class_libstdcxx_C1_LEGACY_s9005.bin,bin,100000,40,1,3,4000096,274af36e746a43f414bcdc196283fc32143657b278fbd0540494c2060f14bc08,./exp7_probe_libstdcxx.exe,c999a548375281e6afa30d545d4d1acaaba8a77de5a571b76493780e81c2fc01,-Wall -Wextra -std=c++11 -O2 -ffp-contract=off -I src,gcc 15.2.0,libstdc++,arm64,libstdcxx,native,c3b4a0a07877c0f8e2370ff7fdae98d3f3d96c15465aadb9eae00a280391c6a6,false
exp7-manifest-1,2026-09-20T20:53:26Z,p4,class,CANDIDATE,double,C1,0.51000000000000001,9005,raw/p4/p4_class_libstdcxx_C1_CANDIDATE_s9005.bin,bin,100000,40,1,3,4000096,03fb7ada915820942b2371996aba905f2eac79ba1fe696ff17d5854cb4838874,./exp7_probe_libstdcxx.exe,c999a548375281e6afa30d545d4d1acaaba8a77de5a571b76493780e81c2fc01,-Wall -Wextra -std=c++11 -O2 -ffp-contract=off -I src,gcc 15.2.0,libstdc++,arm64,libstdcxx,native,c3b4a0a07877c0f8e2370ff7fdae98d3f3d96c15465aadb9eae00a280391c6a6,false
exp7-manifest-1,2026-09-20T20:53:26Z,p4,uncapped,LEGACY,double,C2,0.51000000000000001,9001,raw/p4/p4_loader_libstdcxx_C2_LEGACY_s9001.bin,bin,100000,40,1,3,4000096,f226b24cfc0513e0b0d0f0afb451e9115ddc475eeb56ba0b6f1826e94c5b978a,./exp7_probe_libstdcxx.exe,c999a548375281e6afa30d545d4d1acaaba8a77de5a571b76493780e81c2fc01,-Wall -Wextra -std=c++11 -O2 -ffp-contract=off -I src,gcc 15.2.0,libstdc++,arm64,libstdcxx,native,c3b4a0a07877c0f8e2370ff7fdae98d3f3d96c15465aadb9eae00a280391c6a6,false
exp7-manifest-1,2026-09-20T20:53:26Z,p4,uncapped,CANDIDATE,double,C2,0.51000000000000001,9001,raw/p4/p4_loader_libstdcxx_C2_CANDIDATE_s9001.bin,bin,100000,40,1,3,4000096,a3f0b842774a68d01540b759b458b48fb94fd733092aa6944622f5a55e3db206,./exp7_probe_libstdcxx.exe,c999a548375281e6afa30d545d4d1acaaba8a77de5a571b76493780e81c2fc01,-Wall -Wextra -std=c++11 -O2 -ffp-contract=off -I src,gcc 15.2.0,libstdc++,arm64,libstdcxx,native,c3b4a0a07877c0f8e2370ff7fdae98d3f3d96c15465aadb9eae00a280391c6a6,false
exp7-manifest-1,2026-09-20T20:53:26Z,p4,class,LEGACY,double,C2,0.51000000000000001,9001,raw/p4/p4_class_libstdcxx_C2_LEGACY_s9001.bin,bin,100000,40,1,3,4000096,44ab066fd9679364ee5e8b2a9dbb11c92f0e86c51e78a1b3dfa587754f18da3e,./exp7_probe_libstdcxx.exe,c999a548375281e6afa30d545d4d1acaaba8a77de5a571b76493780e81c2fc01,-Wall -Wextra -std=c++11 -O2 -ffp-contract=off -I src,gcc 15.2.0,libstdc++,arm64,libstdcxx,native,c3b4a0a07877c0f8e2370ff7fdae98d3f3d96c15465aadb9eae00a280391c6a6,false
exp7-manifest-1,2026-09-20T20:53:26Z,p4,class,CANDIDATE,double,C2,0.51000000000000001,9001,raw/p4/p4_class_libstdcxx_C2_CANDIDATE_s9001.bin,bin,100000,40,1,3,4000096,3dfd9b74a0b62a8329c3340917421ff45bc7d2fa68dc6c2e7948dc6e0281bfea,./exp7_probe_libstdcxx.exe,c999a548375281e6afa30d545d4d1acaaba8a77de5a571b76493780e81c2fc01,-Wall -Wextra -std=c++11 -O2 -ffp-contract=off -I src,gcc 15.2.0,libstdc++,arm64,libstdcxx,native,c3b4a0a07877c0f8e2370ff7fdae98d3f3d96c15465aadb9eae00a280391c6a6,false
exp7-manifest-1,2026-09-20T20:53:26Z,p4,uncapped,LEGACY,double,C2,0.51000000000000001,9002,raw/p4/p4_loader_libstdcxx_C2_LEGACY_s9002.bin,bin,100000,40,1,3,4000096,bef3660633c41052ffbcff3e9cd044e8a656ee2c8010529cef7c40ed0bf5a270,./exp7_probe_libstdcxx.exe,c999a548375281e6afa30d545d4d1acaaba8a77de5a571b76493780e81c2fc01,-Wall -Wextra -std=c++11 -O2 -ffp-contract=off -I src,gcc 15.2.0,libstdc++,arm64,libstdcxx,native,c3b4a0a07877c0f8e2370ff7fdae98d3f3d96c15465aadb9eae00a280391c6a6,false
exp7-manifest-1,2026-09-20T20:53:26Z,p4,uncapped,CANDIDATE,double,C2,0.51000000000000001,9002,raw/p4/p4_loader_libstdcxx_C2_CANDIDATE_s9002.bin,bin,100000,40,1,3,4000096,da7e371ab1d3656433bf98fd50d95544629bde977dc494487955db5425b480f0,./exp7_probe_libstdcxx.exe,c999a548375281e6afa30d545d4d1acaaba8a77de5a571b76493780e81c2fc01,-Wall -Wextra -std=c++11 -O2 -ffp-contract=off -I src,gcc 15.2.0,libstdc++,arm64,libstdcxx,native,c3b4a0a07877c0f8e2370ff7fdae98d3f3d96c15465aadb9eae00a280391c6a6,false
exp7-manifest-1,2026-09-20T20:53:26Z,p4,class,LEGACY,double,C2,0.51000000000000001,9002,raw/p4/p4_class_libstdcxx_C2_LEGACY_s9002.bin,bin,100000,40,1,3,4000096,cb77661f1664f19e8dac336d53cad11d9bbd8738506b507078f996f3508ad350,./exp7_probe_libstdcxx.exe,c999a548375281e6afa30d545d4d1acaaba8a77de5a571b76493780e81c2fc01,-Wall -Wextra -std=c++11 -O2 -ffp-contract=off -I src,gcc 15.2.0,libstdc++,arm64,libstdcxx,native,c3b4a0a07877c0f8e2370ff7fdae98d3f3d96c15465aadb9eae00a280391c6a6,false
exp7-manifest-1,2026-09-20T20:53:26Z,p4,class,CANDIDATE,double,C2,0.51000000000000001,9002,raw/p4/p4_class_libstdcxx_C2_CANDIDATE_s9002.bin,bin,100000,40,1,3,4000096,9c467ec2b60673f589c2452044017c196cd3955e1ffcfd69dbf847c97f92d554,./exp7_probe_libstdcxx.exe,c999a548375281e6afa30d545d4d1acaaba8a77de5a571b76493780e81c2fc01,-Wall -Wextra -std=c++11 -O2 -ffp-contract=off -I src,gcc 15.2.0,libstdc++,arm64,libstdcxx,native,c3b4a0a07877c0f8e2370ff7fdae98d3f3d96c15465aadb9eae00a280391c6a6,false
exp7-manifest-1,2026-09-20T20:53:26Z,p4,uncapped,LEGACY,double,C2,0.51000000000000001,9003,raw/p4/p4_loader_libstdcxx_C2_LEGACY_s9003.bin,bin,100000,40,1,3,4000096,9d183baafc47b384c74d29e30be7f986191c65b225218e171eb46abad14024d8,./exp7_probe_libstdcxx.exe,c999a548375281e6afa30d545d4d1acaaba8a77de5a571b76493780e81c2fc01,-Wall -Wextra -std=c++11 -O2 -ffp-contract=off -I src,gcc 15.2.0,libstdc++,arm64,libstdcxx,native,c3b4a0a07877c0f8e2370ff7fdae98d3f3d96c15465aadb9eae00a280391c6a6,false
exp7-manifest-1,2026-09-20T20:53:26Z,p4,uncapped,CANDIDATE,double,C2,0.51000000000000001,9003,raw/p4/p4_loader_libstdcxx_C2_CANDIDATE_s9003.bin,bin,100000,40,1,3,4000096,76058f56a1bce50eb03fdccd372634a1e9362bea64382be9862475b7b331beed,./exp7_probe_libstdcxx.exe,c999a548375281e6afa30d545d4d1acaaba8a77de5a571b76493780e81c2fc01,-Wall -Wextra -std=c++11 -O2 -ffp-contract=off -I src,gcc 15.2.0,libstdc++,arm64,libstdcxx,native,c3b4a0a07877c0f8e2370ff7fdae98d3f3d96c15465aadb9eae00a280391c6a6,false
exp7-manifest-1,2026-09-20T20:53:26Z,p4,class,LEGACY,double,C2,0.51000000000000001,9003,raw/p4/p4_class_libstdcxx_C2_LEGACY_s9003.bin,bin,100000,40,1,3,4000096,e07b75a198ddf2eb210432cfe9e6679fd44a894da3af85e928460ecbaa4d6e09,./exp7_probe_libstdcxx.exe,c999a548375281e6afa30d545d4d1acaaba8a77de5a571b76493780e81c2fc01,-Wall -Wextra -std=c++11 -O2 -ffp-contract=off -I src,gcc 15.2.0,libstdc++,arm64,libstdcxx,native,c3b4a0a07877c0f8e2370ff7fdae98d3f3d96c15465aadb9eae00a280391c6a6,false
exp7-manifest-1,2026-09-20T20:53:26Z,p4,class,CANDIDATE,double,C2,0.51000000000000001,9003,raw/p4/p4_class_libstdcxx_C2_CANDIDATE_s9003.bin,bin,100000,40,1,3,4000096,f5a0cc7c35dd89eaf07bf186061f983953ddc0bd1ec8570331340b38bd27b6e6,./exp7_probe_libstdcxx.exe,c999a548375281e6afa30d545d4d1acaaba8a77de5a571b76493780e81c2fc01,-Wall -Wextra -std=c++11 -O2 -ffp-contract=off -I src,gcc 15.2.0,libstdc++,arm64,libstdcxx,native,c3b4a0a07877c0f8e2370ff7fdae98d3f3d96c15465aadb9eae00a280391c6a6,false
exp7-manifest-1,2026-09-20T20:53:26Z,p4,uncapped,LEGACY,double,C2,0.51000000000000001,9004,raw/p4/p4_loader_libstdcxx_C2_LEGACY_s9004.bin,bin,100000,40,1,3,4000096,cbae91a63f3dcd4cf2b67d82b5ae95b5aff65ec754cdaef0cc36d56e42076f50,./exp7_probe_libstdcxx.exe,c999a548375281e6afa30d545d4d1acaaba8a77de5a571b76493780e81c2fc01,-Wall -Wextra -std=c++11 -O2 -ffp-contract=off -I src,gcc 15.2.0,libstdc++,arm64,libstdcxx,native,c3b4a0a07877c0f8e2370ff7fdae98d3f3d96c15465aadb9eae00a280391c6a6,false
exp7-manifest-1,2026-09-20T20:53:26Z,p4,uncapped,CANDIDATE,double,C2,0.51000000000000001,9004,raw/p4/p4_loader_libstdcxx_C2_CANDIDATE_s9004.bin,bin,100000,40,1,3,4000096,183a516ff2b68ebc39cbfb705c767fced43ebb70c36b9d896491c12d3f0d46dd,./exp7_probe_libstdcxx.exe,c999a548375281e6afa30d545d4d1acaaba8a77de5a571b76493780e81c2fc01,-Wall -Wextra -std=c++11 -O2 -ffp-contract=off -I src,gcc 15.2.0,libstdc++,arm64,libstdcxx,native,c3b4a0a07877c0f8e2370ff7fdae98d3f3d96c15465aadb9eae00a280391c6a6,false
exp7-manifest-1,2026-09-20T20:53:26Z,p4,class,LEGACY,double,C2,0.51000000000000001,9004,raw/p4/p4_class_libstdcxx_C2_LEGACY_s9004.bin,bin,100000,40,1,3,4000096,5c513a6ebeceffe85a18fe84793db199965b511cdbb793ec709c0ee8d91ba009,./exp7_probe_libstdcxx.exe,c999a548375281e6afa30d545d4d1acaaba8a77de5a571b76493780e81c2fc01,-Wall -Wextra -std=c++11 -O2 -ffp-contract=off -I src,gcc 15.2.0,libstdc++,arm64,libstdcxx,native,c3b4a0a07877c0f8e2370ff7fdae98d3f3d96c15465aadb9eae00a280391c6a6,false
exp7-manifest-1,2026-09-20T20:53:26Z,p4,class,CANDIDATE,double,C2,0.51000000000000001,9004,raw/p4/p4_class_libstdcxx_C2_CANDIDATE_s9004.bin,bin,100000,40,1,3,4000096,d5749d3b05f3d1476c30d87fc4ace2edd5572648b972c8aaccfd23fa8736de97,./exp7_probe_libstdcxx.exe,c999a548375281e6afa30d545d4d1acaaba8a77de5a571b76493780e81c2fc01,-Wall -Wextra -std=c++11 -O2 -ffp-contract=off -I src,gcc 15.2.0,libstdc++,arm64,libstdcxx,native,c3b4a0a07877c0f8e2370ff7fdae98d3f3d96c15465aadb9eae00a280391c6a6,false
exp7-manifest-1,2026-09-20T20:53:26Z,p4,uncapped,LEGACY,double,C2,0.51000000000000001,9005,raw/p4/p4_loader_libstdcxx_C2_LEGACY_s9005.bin,bin,100000,40,1,3,4000096,5c85481619af264477ccc377b6b5d77fe75e74e9b7247a6f5c0d63d34d4c517c,./exp7_probe_libstdcxx.exe,c999a548375281e6afa30d545d4d1acaaba8a77de5a571b76493780e81c2fc01,-Wall -Wextra -std=c++11 -O2 -ffp-contract=off -I src,gcc 15.2.0,libstdc++,arm64,libstdcxx,native,c3b4a0a07877c0f8e2370ff7fdae98d3f3d96c15465aadb9eae00a280391c6a6,false
exp7-manifest-1,2026-09-20T20:53:26Z,p4,uncapped,CANDIDATE,double,C2,0.51000000000000001,9005,raw/p4/p4_loader_libstdcxx_C2_CANDIDATE_s9005.bin,bin,100000,40,1,3,4000096,ae89c3a503a9d6a2b9c9c050529fdaa66c3934ff8a3fc3df4c58f4fc70cf8683,./exp7_probe_libstdcxx.exe,c999a548375281e6afa30d545d4d1acaaba8a77de5a571b76493780e81c2fc01,-Wall -Wextra -std=c++11 -O2 -ffp-contract=off -I src,gcc 15.2.0,libstdc++,arm64,libstdcxx,native,c3b4a0a07877c0f8e2370ff7fdae98d3f3d96c15465aadb9eae00a280391c6a6,false
exp7-manifest-1,2026-09-20T20:53:26Z,p4,class,LEGACY,double,C2,0.51000000000000001,9005,raw/p4/p4_class_libstdcxx_C2_LEGACY_s9005.bin,bin,100000,40,1,3,4000096,743173990b53911b2b31fc017edd65ccefa4649786c2a7a9b58ce0ecb1ecac71,./exp7_probe_libstdcxx.exe,c999a548375281e6afa30d545d4d1acaaba8a77de5a571b76493780e81c2fc01,-Wall -Wextra -std=c++11 -O2 -ffp-contract=off -I src,gcc 15.2.0,libstdc++,arm64,libstdcxx,native,c3b4a0a07877c0f8e2370ff7fdae98d3f3d96c15465aadb9eae00a280391c6a6,false
exp7-manifest-1,2026-09-20T20:53:26Z,p4,class,CANDIDATE,double,C2,0.51000000000000001,9005,raw/p4/p4_class_libstdcxx_C2_CANDIDATE_s9005.bin,bin,100000,40,1,3,4000096,4ad4aa6c9fd7c91e1a4f8e2e17fe5e5d41122226b0e39b4ff7c5f4d3312a6638,./exp7_probe_libstdcxx.exe,c999a548375281e6afa30d545d4d1acaaba8a77de5a571b76493780e81c2fc01,-Wall -Wextra -std=c++11 -O2 -ffp-contract=off -I src,gcc 15.2.0,libstdc++,arm64,libstdcxx,native,c3b4a0a07877c0f8e2370ff7fdae98d3f3d96c15465aadb9eae00a280391c6a6,false
exp7-manifest-1,2026-09-20T20:53:26Z,p4,uncapped,LEGACY,float,C3,0.55000000000000004,9001,raw/p4/p4_loader_libstdcxx_C3_LEGACY_s9001.bin,bin,100000,40,1,3,4000096,ab4df7d02bc7fc21504713d79d67d26f43899cbc34de44db4e69deffa9f2b9e5,./exp7_probe_libstdcxx.exe,c999a548375281e6afa30d545d4d1acaaba8a77de5a571b76493780e81c2fc01,-Wall -Wextra -std=c++11 -O2 -ffp-contract=off -I src,gcc 15.2.0,libstdc++,arm64,libstdcxx,native,c3b4a0a07877c0f8e2370ff7fdae98d3f3d96c15465aadb9eae00a280391c6a6,false
exp7-manifest-1,2026-09-20T20:53:26Z,p4,uncapped,CANDIDATE,float,C3,0.55000000000000004,9001,raw/p4/p4_loader_libstdcxx_C3_CANDIDATE_s9001.bin,bin,100000,40,1,3,4000096,fc68c0e9553272ff3746fe051a6291fb54ed0192047a387cd6415bb009589ad4,./exp7_probe_libstdcxx.exe,c999a548375281e6afa30d545d4d1acaaba8a77de5a571b76493780e81c2fc01,-Wall -Wextra -std=c++11 -O2 -ffp-contract=off -I src,gcc 15.2.0,libstdc++,arm64,libstdcxx,native,c3b4a0a07877c0f8e2370ff7fdae98d3f3d96c15465aadb9eae00a280391c6a6,false
exp7-manifest-1,2026-09-20T20:53:26Z,p4,class,LEGACY,float,C3,0.55000000000000004,9001,raw/p4/p4_class_libstdcxx_C3_LEGACY_s9001.bin,bin,100000,40,1,3,4000096,8ce1dceb158eee71b23904be19dc1dd4dfb64be4db055a4cfd3130ab270780b8,./exp7_probe_libstdcxx.exe,c999a548375281e6afa30d545d4d1acaaba8a77de5a571b76493780e81c2fc01,-Wall -Wextra -std=c++11 -O2 -ffp-contract=off -I src,gcc 15.2.0,libstdc++,arm64,libstdcxx,native,c3b4a0a07877c0f8e2370ff7fdae98d3f3d96c15465aadb9eae00a280391c6a6,false
exp7-manifest-1,2026-09-20T20:53:26Z,p4,class,CANDIDATE,float,C3,0.55000000000000004,9001,raw/p4/p4_class_libstdcxx_C3_CANDIDATE_s9001.bin,bin,100000,40,1,3,4000096,dd35dce020c173a12eebb898f816946cf89b64dcb710246c5cc497994d76bf21,./exp7_probe_libstdcxx.exe,c999a548375281e6afa30d545d4d1acaaba8a77de5a571b76493780e81c2fc01,-Wall -Wextra -std=c++11 -O2 -ffp-contract=off -I src,gcc 15.2.0,libstdc++,arm64,libstdcxx,native,c3b4a0a07877c0f8e2370ff7fdae98d3f3d96c15465aadb9eae00a280391c6a6,false
exp7-manifest-1,2026-09-20T20:53:26Z,p4,uncapped,LEGACY,float,C3,0.55000000000000004,9002,raw/p4/p4_loader_libstdcxx_C3_LEGACY_s9002.bin,bin,100000,40,1,3,4000096,9eea03c6cf0031262bd34acd281a91d3ef42acc7e7c742675466bca58afc7231,./exp7_probe_libstdcxx.exe,c999a548375281e6afa30d545d4d1acaaba8a77de5a571b76493780e81c2fc01,-Wall -Wextra -std=c++11 -O2 -ffp-contract=off -I src,gcc 15.2.0,libstdc++,arm64,libstdcxx,native,c3b4a0a07877c0f8e2370ff7fdae98d3f3d96c15465aadb9eae00a280391c6a6,false
exp7-manifest-1,2026-09-20T20:53:26Z,p4,uncapped,CANDIDATE,float,C3,0.55000000000000004,9002,raw/p4/p4_loader_libstdcxx_C3_CANDIDATE_s9002.bin,bin,100000,40,1,3,4000096,ad339b56352931e2c07ab621be9941a6f3124a7cd8f9c637e6e37b536c11d8b5,./exp7_probe_libstdcxx.exe,c999a548375281e6afa30d545d4d1acaaba8a77de5a571b76493780e81c2fc01,-Wall -Wextra -std=c++11 -O2 -ffp-contract=off -I src,gcc 15.2.0,libstdc++,arm64,libstdcxx,native,c3b4a0a07877c0f8e2370ff7fdae98d3f3d96c15465aadb9eae00a280391c6a6,false
exp7-manifest-1,2026-09-20T20:53:26Z,p4,class,LEGACY,float,C3,0.55000000000000004,9002,raw/p4/p4_class_libstdcxx_C3_LEGACY_s9002.bin,bin,100000,40,1,3,4000096,15c96b0ea617244cfaed934288ec86828893eb2647002967a5f5528683396c0f,./exp7_probe_libstdcxx.exe,c999a548375281e6afa30d545d4d1acaaba8a77de5a571b76493780e81c2fc01,-Wall -Wextra -std=c++11 -O2 -ffp-contract=off -I src,gcc 15.2.0,libstdc++,arm64,libstdcxx,native,c3b4a0a07877c0f8e2370ff7fdae98d3f3d96c15465aadb9eae00a280391c6a6,false
exp7-manifest-1,2026-09-20T20:53:26Z,p4,class,CANDIDATE,float,C3,0.55000000000000004,9002,raw/p4/p4_class_libstdcxx_C3_CANDIDATE_s9002.bin,bin,100000,40,1,3,4000096,5500bade4a27ff40bc0f7a6183c3d1eabbb45857b035287a3869544d2a4706e3,./exp7_probe_libstdcxx.exe,c999a548375281e6afa30d545d4d1acaaba8a77de5a571b76493780e81c2fc01,-Wall -Wextra -std=c++11 -O2 -ffp-contract=off -I src,gcc 15.2.0,libstdc++,arm64,libstdcxx,native,c3b4a0a07877c0f8e2370ff7fdae98d3f3d96c15465aadb9eae00a280391c6a6,false
exp7-manifest-1,2026-09-20T20:53:26Z,p4,uncapped,LEGACY,float,C3,0.55000000000000004,9003,raw/p4/p4_loader_libstdcxx_C3_LEGACY_s9003.bin,bin,100000,40,1,3,4000096,56f501f85b630e974afeaa0f891bec1a82b4e5ef0c429b10cf740cd2b4f5727d,./exp7_probe_libstdcxx.exe,c999a548375281e6afa30d545d4d1acaaba8a77de5a571b76493780e81c2fc01,-Wall -Wextra -std=c++11 -O2 -ffp-contract=off -I src,gcc 15.2.0,libstdc++,arm64,libstdcxx,native,c3b4a0a07877c0f8e2370ff7fdae98d3f3d96c15465aadb9eae00a280391c6a6,false
exp7-manifest-1,2026-09-20T20:53:26Z,p4,uncapped,CANDIDATE,float,C3,0.55000000000000004,9003,raw/p4/p4_loader_libstdcxx_C3_CANDIDATE_s9003.bin,bin,100000,40,1,3,4000096,dce1b99dbfeaea8c7b3080b2a914ffba9215f300fe850936c617696f0f433bb8,./exp7_probe_libstdcxx.exe,c999a548375281e6afa30d545d4d1acaaba8a77de5a571b76493780e81c2fc01,-Wall -Wextra -std=c++11 -O2 -ffp-contract=off -I src,gcc 15.2.0,libstdc++,arm64,libstdcxx,native,c3b4a0a07877c0f8e2370ff7fdae98d3f3d96c15465aadb9eae00a280391c6a6,false
exp7-manifest-1,2026-09-20T20:53:26Z,p4,class,LEGACY,float,C3,0.55000000000000004,9003,raw/p4/p4_class_libstdcxx_C3_LEGACY_s9003.bin,bin,100000,40,1,3,4000096,51fda01798a480e2fba6fcdbd1cb451f82164e0b3f393bdc3b3cf85fbe79f35d,./exp7_probe_libstdcxx.exe,c999a548375281e6afa30d545d4d1acaaba8a77de5a571b76493780e81c2fc01,-Wall -Wextra -std=c++11 -O2 -ffp-contract=off -I src,gcc 15.2.0,libstdc++,arm64,libstdcxx,native,c3b4a0a07877c0f8e2370ff7fdae98d3f3d96c15465aadb9eae00a280391c6a6,false
exp7-manifest-1,2026-09-20T20:53:26Z,p4,class,CANDIDATE,float,C3,0.55000000000000004,9003,raw/p4/p4_class_libstdcxx_C3_CANDIDATE_s9003.bin,bin,100000,40,1,3,4000096,91f17c4fd96caf196cc3dcc6c587cae055f6cc4cb55c0b585624f3e79900c498,./exp7_probe_libstdcxx.exe,c999a548375281e6afa30d545d4d1acaaba8a77de5a571b76493780e81c2fc01,-Wall -Wextra -std=c++11 -O2 -ffp-contract=off -I src,gcc 15.2.0,libstdc++,arm64,libstdcxx,native,c3b4a0a07877c0f8e2370ff7fdae98d3f3d96c15465aadb9eae00a280391c6a6,false
exp7-manifest-1,2026-09-20T20:53:26Z,p4,uncapped,LEGACY,float,C3,0.55000000000000004,9004,raw/p4/p4_loader_libstdcxx_C3_LEGACY_s9004.bin,bin,100000,40,1,3,4000096,5f3db6a152648f4523816dcde2d8cc5fb1628dcee2b6a83441cf44aabf7cda07,./exp7_probe_libstdcxx.exe,c999a548375281e6afa30d545d4d1acaaba8a77de5a571b76493780e81c2fc01,-Wall -Wextra -std=c++11 -O2 -ffp-contract=off -I src,gcc 15.2.0,libstdc++,arm64,libstdcxx,native,c3b4a0a07877c0f8e2370ff7fdae98d3f3d96c15465aadb9eae00a280391c6a6,false
exp7-manifest-1,2026-09-20T20:53:26Z,p4,uncapped,CANDIDATE,float,C3,0.55000000000000004,9004,raw/p4/p4_loader_libstdcxx_C3_CANDIDATE_s9004.bin,bin,100000,40,1,3,4000096,bbfdbd155f0309b16cffe399af12236e675b3f119dfc77487ac96229836ffde0,./exp7_probe_libstdcxx.exe,c999a548375281e6afa30d545d4d1acaaba8a77de5a571b76493780e81c2fc01,-Wall -Wextra -std=c++11 -O2 -ffp-contract=off -I src,gcc 15.2.0,libstdc++,arm64,libstdcxx,native,c3b4a0a07877c0f8e2370ff7fdae98d3f3d96c15465aadb9eae00a280391c6a6,false
exp7-manifest-1,2026-09-20T20:53:26Z,p4,class,LEGACY,float,C3,0.55000000000000004,9004,raw/p4/p4_class_libstdcxx_C3_LEGACY_s9004.bin,bin,100000,40,1,3,4000096,2858e9717ea7aee3410d2b7abece4ddf5bc71d5b7099bdffd200d86e950be8be,./exp7_probe_libstdcxx.exe,c999a548375281e6afa30d545d4d1acaaba8a77de5a571b76493780e81c2fc01,-Wall -Wextra -std=c++11 -O2 -ffp-contract=off -I src,gcc 15.2.0,libstdc++,arm64,libstdcxx,native,c3b4a0a07877c0f8e2370ff7fdae98d3f3d96c15465aadb9eae00a280391c6a6,false
exp7-manifest-1,2026-09-20T20:53:26Z,p4,class,CANDIDATE,float,C3,0.55000000000000004,9004,raw/p4/p4_class_libstdcxx_C3_CANDIDATE_s9004.bin,bin,100000,40,1,3,4000096,d793b8d9fe036f04c2a4a7af56a69f52b8c175ffd3f0ac7035c204750faf6000,./exp7_probe_libstdcxx.exe,c999a548375281e6afa30d545d4d1acaaba8a77de5a571b76493780e81c2fc01,-Wall -Wextra -std=c++11 -O2 -ffp-contract=off -I src,gcc 15.2.0,libstdc++,arm64,libstdcxx,native,c3b4a0a07877c0f8e2370ff7fdae98d3f3d96c15465aadb9eae00a280391c6a6,false
exp7-manifest-1,2026-09-20T20:53:26Z,p4,uncapped,LEGACY,float,C3,0.55000000000000004,9005,raw/p4/p4_loader_libstdcxx_C3_LEGACY_s9005.bin,bin,100000,40,1,3,4000096,83d3679ff745c36900f3b849902d78a65c0efd1fb0f19fdaf4b732c2f645b24c,./exp7_probe_libstdcxx.exe,c999a548375281e6afa30d545d4d1acaaba8a77de5a571b76493780e81c2fc01,-Wall -Wextra -std=c++11 -O2 -ffp-contract=off -I src,gcc 15.2.0,libstdc++,arm64,libstdcxx,native,c3b4a0a07877c0f8e2370ff7fdae98d3f3d96c15465aadb9eae00a280391c6a6,false
exp7-manifest-1,2026-09-20T20:53:26Z,p4,uncapped,CANDIDATE,float,C3,0.55000000000000004,9005,raw/p4/p4_loader_libstdcxx_C3_CANDIDATE_s9005.bin,bin,100000,40,1,3,4000096,9d7c9ab1f76feb98f262170ce9d11e8a0c4dab5d98caff03d3ed59cf4bae0ffb,./exp7_probe_libstdcxx.exe,c999a548375281e6afa30d545d4d1acaaba8a77de5a571b76493780e81c2fc01,-Wall -Wextra -std=c++11 -O2 -ffp-contract=off -I src,gcc 15.2.0,libstdc++,arm64,libstdcxx,native,c3b4a0a07877c0f8e2370ff7fdae98d3f3d96c15465aadb9eae00a280391c6a6,false
exp7-manifest-1,2026-09-20T20:53:26Z,p4,class,LEGACY,float,C3,0.55000000000000004,9005,raw/p4/p4_class_libstdcxx_C3_LEGACY_s9005.bin,bin,100000,40,1,3,4000096,a8d87e7faf178381ff6dcd23acddc7016189b9ca21103015cc655fe6a7765219,./exp7_probe_libstdcxx.exe,c999a548375281e6afa30d545d4d1acaaba8a77de5a571b76493780e81c2fc01,-Wall -Wextra -std=c++11 -O2 -ffp-contract=off -I src,gcc 15.2.0,libstdc++,arm64,libstdcxx,native,c3b4a0a07877c0f8e2370ff7fdae98d3f3d96c15465aadb9eae00a280391c6a6,false
exp7-manifest-1,2026-09-20T20:53:26Z,p4,class,CANDIDATE,float,C3,0.55000000000000004,9005,raw/p4/p4_class_libstdcxx_C3_CANDIDATE_s9005.bin,bin,100000,40,1,3,4000096,70ceeb12bd0f9941e48a944971a5391c271f25bec0dcd3af883002f5ada59a94,./exp7_probe_libstdcxx.exe,c999a548375281e6afa30d545d4d1acaaba8a77de5a571b76493780e81c2fc01,-Wall -Wextra -std=c++11 -O2 -ffp-contract=off -I src,gcc 15.2.0,libstdc++,arm64,libstdcxx,native,c3b4a0a07877c0f8e2370ff7fdae98d3f3d96c15465aadb9eae00a280391c6a6,false
exp7-manifest-1,2026-09-20T20:53:26Z,p4,uncapped,LEGACY,double,C4,0.505,9001,raw/p4/p4_loader_libstdcxx_C4_LEGACY_s9001.bin,bin,100000,40,1,3,4000096,657b0d197b1e4351b22c15c3c4f445748c07192bbd1f26be8ba8db24f84d1185,./exp7_probe_libstdcxx.exe,c999a548375281e6afa30d545d4d1acaaba8a77de5a571b76493780e81c2fc01,-Wall -Wextra -std=c++11 -O2 -ffp-contract=off -I src,gcc 15.2.0,libstdc++,arm64,libstdcxx,native,c3b4a0a07877c0f8e2370ff7fdae98d3f3d96c15465aadb9eae00a280391c6a6,false
exp7-manifest-1,2026-09-20T20:53:26Z,p4,uncapped,CANDIDATE,double,C4,0.505,9001,raw/p4/p4_loader_libstdcxx_C4_CANDIDATE_s9001.bin,bin,100000,40,1,3,4000096,447ae534d1824ae6dc6985a9b4d81b8d0006ddda2015d877f23a5ed55ddb3d0c,./exp7_probe_libstdcxx.exe,c999a548375281e6afa30d545d4d1acaaba8a77de5a571b76493780e81c2fc01,-Wall -Wextra -std=c++11 -O2 -ffp-contract=off -I src,gcc 15.2.0,libstdc++,arm64,libstdcxx,native,c3b4a0a07877c0f8e2370ff7fdae98d3f3d96c15465aadb9eae00a280391c6a6,false
exp7-manifest-1,2026-09-20T20:53:26Z,p4,class,LEGACY,double,C4,0.505,9001,raw/p4/p4_class_libstdcxx_C4_LEGACY_s9001.bin,bin,100000,40,1,3,4000096,93bf6db6e69df1caa45a6c28395b8131a110d27e3b6a82a05b976b910a0e3764,./exp7_probe_libstdcxx.exe,c999a548375281e6afa30d545d4d1acaaba8a77de5a571b76493780e81c2fc01,-Wall -Wextra -std=c++11 -O2 -ffp-contract=off -I src,gcc 15.2.0,libstdc++,arm64,libstdcxx,native,c3b4a0a07877c0f8e2370ff7fdae98d3f3d96c15465aadb9eae00a280391c6a6,false
exp7-manifest-1,2026-09-20T20:53:26Z,p4,class,CANDIDATE,double,C4,0.505,9001,raw/p4/p4_class_libstdcxx_C4_CANDIDATE_s9001.bin,bin,100000,40,1,3,4000096,8fe6eca45b77537f678d486eaf51bb1c5833bcb33fe93661fa2c23b103eccefd,./exp7_probe_libstdcxx.exe,c999a548375281e6afa30d545d4d1acaaba8a77de5a571b76493780e81c2fc01,-Wall -Wextra -std=c++11 -O2 -ffp-contract=off -I src,gcc 15.2.0,libstdc++,arm64,libstdcxx,native,c3b4a0a07877c0f8e2370ff7fdae98d3f3d96c15465aadb9eae00a280391c6a6,false
exp7-manifest-1,2026-09-20T20:53:26Z,p4,uncapped,LEGACY,double,C4,0.505,9002,raw/p4/p4_loader_libstdcxx_C4_LEGACY_s9002.bin,bin,100000,40,1,3,4000096,bd5c16f725ff5c045327c233df72c24cbbce48ebe8eb92ed5d91e564163e38fc,./exp7_probe_libstdcxx.exe,c999a548375281e6afa30d545d4d1acaaba8a77de5a571b76493780e81c2fc01,-Wall -Wextra -std=c++11 -O2 -ffp-contract=off -I src,gcc 15.2.0,libstdc++,arm64,libstdcxx,native,c3b4a0a07877c0f8e2370ff7fdae98d3f3d96c15465aadb9eae00a280391c6a6,false
exp7-manifest-1,2026-09-20T20:53:26Z,p4,uncapped,CANDIDATE,double,C4,0.505,9002,raw/p4/p4_loader_libstdcxx_C4_CANDIDATE_s9002.bin,bin,100000,40,1,3,4000096,4559de884fbf8ba8e8df36f685cba501bb23bc8660e7c6ddea361dd1a0030444,./exp7_probe_libstdcxx.exe,c999a548375281e6afa30d545d4d1acaaba8a77de5a571b76493780e81c2fc01,-Wall -Wextra -std=c++11 -O2 -ffp-contract=off -I src,gcc 15.2.0,libstdc++,arm64,libstdcxx,native,c3b4a0a07877c0f8e2370ff7fdae98d3f3d96c15465aadb9eae00a280391c6a6,false
exp7-manifest-1,2026-09-20T20:53:26Z,p4,class,LEGACY,double,C4,0.505,9002,raw/p4/p4_class_libstdcxx_C4_LEGACY_s9002.bin,bin,100000,40,1,3,4000096,036298f88219a6a1a32acf59844987786fe18d48dd35ecec43ab67341bc0bd45,./exp7_probe_libstdcxx.exe,c999a548375281e6afa30d545d4d1acaaba8a77de5a571b76493780e81c2fc01,-Wall -Wextra -std=c++11 -O2 -ffp-contract=off -I src,gcc 15.2.0,libstdc++,arm64,libstdcxx,native,c3b4a0a07877c0f8e2370ff7fdae98d3f3d96c15465aadb9eae00a280391c6a6,false
exp7-manifest-1,2026-09-20T20:53:26Z,p4,class,CANDIDATE,double,C4,0.505,9002,raw/p4/p4_class_libstdcxx_C4_CANDIDATE_s9002.bin,bin,100000,40,1,3,4000096,6f1d6848405a462c165118f2b3d6eadb96aed11f3c42089011055d1ea031c165,./exp7_probe_libstdcxx.exe,c999a548375281e6afa30d545d4d1acaaba8a77de5a571b76493780e81c2fc01,-Wall -Wextra -std=c++11 -O2 -ffp-contract=off -I src,gcc 15.2.0,libstdc++,arm64,libstdcxx,native,c3b4a0a07877c0f8e2370ff7fdae98d3f3d96c15465aadb9eae00a280391c6a6,false
exp7-manifest-1,2026-09-20T20:53:26Z,p4,uncapped,LEGACY,double,C4,0.505,9003,raw/p4/p4_loader_libstdcxx_C4_LEGACY_s9003.bin,bin,100000,40,1,3,4000096,bc7bac6db726d62f7c5417b8fecee24301d6215f8f888b2ff88f6c49ca2ac30a,./exp7_probe_libstdcxx.exe,c999a548375281e6afa30d545d4d1acaaba8a77de5a571b76493780e81c2fc01,-Wall -Wextra -std=c++11 -O2 -ffp-contract=off -I src,gcc 15.2.0,libstdc++,arm64,libstdcxx,native,c3b4a0a07877c0f8e2370ff7fdae98d3f3d96c15465aadb9eae00a280391c6a6,false
exp7-manifest-1,2026-09-20T20:53:26Z,p4,uncapped,CANDIDATE,double,C4,0.505,9003,raw/p4/p4_loader_libstdcxx_C4_CANDIDATE_s9003.bin,bin,100000,40,1,3,4000096,9bf88dad5c57bec7f79a5fcee04d27dda81f30bf7933cc9beb3fbf33d24f81ee,./exp7_probe_libstdcxx.exe,c999a548375281e6afa30d545d4d1acaaba8a77de5a571b76493780e81c2fc01,-Wall -Wextra -std=c++11 -O2 -ffp-contract=off -I src,gcc 15.2.0,libstdc++,arm64,libstdcxx,native,c3b4a0a07877c0f8e2370ff7fdae98d3f3d96c15465aadb9eae00a280391c6a6,false
exp7-manifest-1,2026-09-20T20:53:26Z,p4,class,LEGACY,double,C4,0.505,9003,raw/p4/p4_class_libstdcxx_C4_LEGACY_s9003.bin,bin,100000,40,1,3,4000096,4b80538c8b6b8fb19f99754ed62feb1c0336dd9ae94cbc75fb3458dd96c90408,./exp7_probe_libstdcxx.exe,c999a548375281e6afa30d545d4d1acaaba8a77de5a571b76493780e81c2fc01,-Wall -Wextra -std=c++11 -O2 -ffp-contract=off -I src,gcc 15.2.0,libstdc++,arm64,libstdcxx,native,c3b4a0a07877c0f8e2370ff7fdae98d3f3d96c15465aadb9eae00a280391c6a6,false
exp7-manifest-1,2026-09-20T20:53:26Z,p4,class,CANDIDATE,double,C4,0.505,9003,raw/p4/p4_class_libstdcxx_C4_CANDIDATE_s9003.bin,bin,100000,40,1,3,4000096,ccdd96046b04ece5ddf1e288089c16f9fa0925005d590c93e3d32ce88b20ac22,./exp7_probe_libstdcxx.exe,c999a548375281e6afa30d545d4d1acaaba8a77de5a571b76493780e81c2fc01,-Wall -Wextra -std=c++11 -O2 -ffp-contract=off -I src,gcc 15.2.0,libstdc++,arm64,libstdcxx,native,c3b4a0a07877c0f8e2370ff7fdae98d3f3d96c15465aadb9eae00a280391c6a6,false
exp7-manifest-1,2026-09-20T20:53:26Z,p4,uncapped,LEGACY,double,C4,0.505,9004,raw/p4/p4_loader_libstdcxx_C4_LEGACY_s9004.bin,bin,100000,40,1,3,4000096,f0bcf2ea40355edacbdbec1d1d3d525485fcd774765e8291f21063d08af8d88c,./exp7_probe_libstdcxx.exe,c999a548375281e6afa30d545d4d1acaaba8a77de5a571b76493780e81c2fc01,-Wall -Wextra -std=c++11 -O2 -ffp-contract=off -I src,gcc 15.2.0,libstdc++,arm64,libstdcxx,native,c3b4a0a07877c0f8e2370ff7fdae98d3f3d96c15465aadb9eae00a280391c6a6,false
exp7-manifest-1,2026-09-20T20:53:26Z,p4,uncapped,CANDIDATE,double,C4,0.505,9004,raw/p4/p4_loader_libstdcxx_C4_CANDIDATE_s9004.bin,bin,100000,40,1,3,4000096,8458b34a64b815550def3dc8cec85fcee5b407c93c011fe41798706139f86af5,./exp7_probe_libstdcxx.exe,c999a548375281e6afa30d545d4d1acaaba8a77de5a571b76493780e81c2fc01,-Wall -Wextra -std=c++11 -O2 -ffp-contract=off -I src,gcc 15.2.0,libstdc++,arm64,libstdcxx,native,c3b4a0a07877c0f8e2370ff7fdae98d3f3d96c15465aadb9eae00a280391c6a6,false
exp7-manifest-1,2026-09-20T20:53:26Z,p4,class,LEGACY,double,C4,0.505,9004,raw/p4/p4_class_libstdcxx_C4_LEGACY_s9004.bin,bin,100000,40,1,3,4000096,7c4a2c7046381b482e08cffbec991663909bdfb0c1de47578eedc15dbb38c040,./exp7_probe_libstdcxx.exe,c999a548375281e6afa30d545d4d1acaaba8a77de5a571b76493780e81c2fc01,-Wall -Wextra -std=c++11 -O2 -ffp-contract=off -I src,gcc 15.2.0,libstdc++,arm64,libstdcxx,native,c3b4a0a07877c0f8e2370ff7fdae98d3f3d96c15465aadb9eae00a280391c6a6,false
exp7-manifest-1,2026-09-20T20:53:26Z,p4,class,CANDIDATE,double,C4,0.505,9004,raw/p4/p4_class_libstdcxx_C4_CANDIDATE_s9004.bin,bin,100000,40,1,3,4000096,0f38b64807bc7f295d39af4daa14eefd35542c48aa330ac02e72247b855cec89,./exp7_probe_libstdcxx.exe,c999a548375281e6afa30d545d4d1acaaba8a77de5a571b76493780e81c2fc01,-Wall -Wextra -std=c++11 -O2 -ffp-contract=off -I src,gcc 15.2.0,libstdc++,arm64,libstdcxx,native,c3b4a0a07877c0f8e2370ff7fdae98d3f3d96c15465aadb9eae00a280391c6a6,false
exp7-manifest-1,2026-09-20T20:53:26Z,p4,uncapped,LEGACY,double,C4,0.505,9005,raw/p4/p4_loader_libstdcxx_C4_LEGACY_s9005.bin,bin,100000,40,1,3,4000096,165cefbdc0d5bafd8c56f3d024304aff92fb6d82fad0c49463bd0abcf5439053,./exp7_probe_libstdcxx.exe,c999a548375281e6afa30d545d4d1acaaba8a77de5a571b76493780e81c2fc01,-Wall -Wextra -std=c++11 -O2 -ffp-contract=off -I src,gcc 15.2.0,libstdc++,arm64,libstdcxx,native,c3b4a0a07877c0f8e2370ff7fdae98d3f3d96c15465aadb9eae00a280391c6a6,false
exp7-manifest-1,2026-09-20T20:53:26Z,p4,uncapped,CANDIDATE,double,C4,0.505,9005,raw/p4/p4_loader_libstdcxx_C4_CANDIDATE_s9005.bin,bin,100000,40,1,3,4000096,ec6660087bfa91d601e3dd2118da30fe3e86dc689d77138cb1be8cd048f33452,./exp7_probe_libstdcxx.exe,c999a548375281e6afa30d545d4d1acaaba8a77de5a571b76493780e81c2fc01,-Wall -Wextra -std=c++11 -O2 -ffp-contract=off -I src,gcc 15.2.0,libstdc++,arm64,libstdcxx,native,c3b4a0a07877c0f8e2370ff7fdae98d3f3d96c15465aadb9eae00a280391c6a6,false
exp7-manifest-1,2026-09-20T20:53:26Z,p4,class,LEGACY,double,C4,0.505,9005,raw/p4/p4_class_libstdcxx_C4_LEGACY_s9005.bin,bin,100000,40,1,3,4000096,cf8f44b0a04fa5209c09b5c1b15e6405d1ab7f86c84b1eab542c94c1b5aaf0ab,./exp7_probe_libstdcxx.exe,c999a548375281e6afa30d545d4d1acaaba8a77de5a571b76493780e81c2fc01,-Wall -Wextra -std=c++11 -O2 -ffp-contract=off -I src,gcc 15.2.0,libstdc++,arm64,libstdcxx,native,c3b4a0a07877c0f8e2370ff7fdae98d3f3d96c15465aadb9eae00a280391c6a6,false
exp7-manifest-1,2026-09-20T20:53:26Z,p4,class,CANDIDATE,double,C4,0.505,9005,raw/p4/p4_class_libstdcxx_C4_CANDIDATE_s9005.bin,bin,100000,40,1,3,4000096,c02a78660b6cb2f9ae8626fde9ee9330b40ce80fe61844224f6440551f121eb1,./exp7_probe_libstdcxx.exe,c999a548375281e6afa30d545d4d1acaaba8a77de5a571b76493780e81c2fc01,-Wall -Wextra -std=c++11 -O2 -ffp-contract=off -I src,gcc 15.2.0,libstdc++,arm64,libstdcxx,native,c3b4a0a07877c0f8e2370ff7fdae98d3f3d96c15465aadb9eae00a280391c6a6,false
exp7-manifest-1,2026-09-20T20:53:26Z,p4,capped,LEGACY,double,C5,0.51000000000000001,9001,raw/p4/p4_loader_libstdcxx_C5_LEGACY_s9001.bin,bin,100000,40,1,3,4000096,e56c35b456246e56a5aa23486fc88be1b7a9318cdccdd942cbe2d3f344f62523,./exp7_probe_libstdcxx.exe,c999a548375281e6afa30d545d4d1acaaba8a77de5a571b76493780e81c2fc01,-Wall -Wextra -std=c++11 -O2 -ffp-contract=off -I src,gcc 15.2.0,libstdc++,arm64,libstdcxx,native,c3b4a0a07877c0f8e2370ff7fdae98d3f3d96c15465aadb9eae00a280391c6a6,false
exp7-manifest-1,2026-09-20T20:53:26Z,p4,capped,CANDIDATE,double,C5,0.51000000000000001,9001,raw/p4/p4_loader_libstdcxx_C5_CANDIDATE_s9001.bin,bin,100000,40,1,3,4000096,18fda756bf383323e13114a56d3938a69f30d14f1481cd09270622d562563e9f,./exp7_probe_libstdcxx.exe,c999a548375281e6afa30d545d4d1acaaba8a77de5a571b76493780e81c2fc01,-Wall -Wextra -std=c++11 -O2 -ffp-contract=off -I src,gcc 15.2.0,libstdc++,arm64,libstdcxx,native,c3b4a0a07877c0f8e2370ff7fdae98d3f3d96c15465aadb9eae00a280391c6a6,false
exp7-manifest-1,2026-09-20T20:53:26Z,p4,capped,LEGACY,double,C5,0.51000000000000001,9002,raw/p4/p4_loader_libstdcxx_C5_LEGACY_s9002.bin,bin,100000,40,1,3,4000096,48aa311a6e7f2317dbfc8a87bd5af123eca7a9c943cb057ffd845df2990c62b8,./exp7_probe_libstdcxx.exe,c999a548375281e6afa30d545d4d1acaaba8a77de5a571b76493780e81c2fc01,-Wall -Wextra -std=c++11 -O2 -ffp-contract=off -I src,gcc 15.2.0,libstdc++,arm64,libstdcxx,native,c3b4a0a07877c0f8e2370ff7fdae98d3f3d96c15465aadb9eae00a280391c6a6,false
exp7-manifest-1,2026-09-20T20:53:26Z,p4,capped,CANDIDATE,double,C5,0.51000000000000001,9002,raw/p4/p4_loader_libstdcxx_C5_CANDIDATE_s9002.bin,bin,100000,40,1,3,4000096,3236526ac40b9d87febd8663e4c9e9402c3005194d8bcadc07e0aa845f081ea0,./exp7_probe_libstdcxx.exe,c999a548375281e6afa30d545d4d1acaaba8a77de5a571b76493780e81c2fc01,-Wall -Wextra -std=c++11 -O2 -ffp-contract=off -I src,gcc 15.2.0,libstdc++,arm64,libstdcxx,native,c3b4a0a07877c0f8e2370ff7fdae98d3f3d96c15465aadb9eae00a280391c6a6,false
exp7-manifest-1,2026-09-20T20:53:26Z,p4,capped,LEGACY,double,C5,0.51000000000000001,9003,raw/p4/p4_loader_libstdcxx_C5_LEGACY_s9003.bin,bin,100000,40,1,3,4000096,ee5dc94c3eab8b922c118cf362dfd1ddc25d4bd94e059ee185d717346740f1f2,./exp7_probe_libstdcxx.exe,c999a548375281e6afa30d545d4d1acaaba8a77de5a571b76493780e81c2fc01,-Wall -Wextra -std=c++11 -O2 -ffp-contract=off -I src,gcc 15.2.0,libstdc++,arm64,libstdcxx,native,c3b4a0a07877c0f8e2370ff7fdae98d3f3d96c15465aadb9eae00a280391c6a6,false
exp7-manifest-1,2026-09-20T20:53:26Z,p4,capped,CANDIDATE,double,C5,0.51000000000000001,9003,raw/p4/p4_loader_libstdcxx_C5_CANDIDATE_s9003.bin,bin,100000,40,1,3,4000096,18a095da5c70a2e14c086108814d75752a39458350b0f36816cacaf93ba65f2e,./exp7_probe_libstdcxx.exe,c999a548375281e6afa30d545d4d1acaaba8a77de5a571b76493780e81c2fc01,-Wall -Wextra -std=c++11 -O2 -ffp-contract=off -I src,gcc 15.2.0,libstdc++,arm64,libstdcxx,native,c3b4a0a07877c0f8e2370ff7fdae98d3f3d96c15465aadb9eae00a280391c6a6,false
exp7-manifest-1,2026-09-20T20:53:26Z,p4,capped,LEGACY,double,C5,0.51000000000000001,9004,raw/p4/p4_loader_libstdcxx_C5_LEGACY_s9004.bin,bin,100000,40,1,3,4000096,10ebd7c8a6d5bd243414aebb99e4565afd96b40424d1883b5c88845a9243a1ad,./exp7_probe_libstdcxx.exe,c999a548375281e6afa30d545d4d1acaaba8a77de5a571b76493780e81c2fc01,-Wall -Wextra -std=c++11 -O2 -ffp-contract=off -I src,gcc 15.2.0,libstdc++,arm64,libstdcxx,native,c3b4a0a07877c0f8e2370ff7fdae98d3f3d96c15465aadb9eae00a280391c6a6,false
exp7-manifest-1,2026-09-20T20:53:26Z,p4,capped,CANDIDATE,double,C5,0.51000000000000001,9004,raw/p4/p4_loader_libstdcxx_C5_CANDIDATE_s9004.bin,bin,100000,40,1,3,4000096,8ab335faef0ec7ae3973852081159bd8ab9f6d1555b972a72a4d01586862eb8a,./exp7_probe_libstdcxx.exe,c999a548375281e6afa30d545d4d1acaaba8a77de5a571b76493780e81c2fc01,-Wall -Wextra -std=c++11 -O2 -ffp-contract=off -I src,gcc 15.2.0,libstdc++,arm64,libstdcxx,native,c3b4a0a07877c0f8e2370ff7fdae98d3f3d96c15465aadb9eae00a280391c6a6,false
exp7-manifest-1,2026-09-20T20:53:26Z,p4,capped,LEGACY,double,C5,0.51000000000000001,9005,raw/p4/p4_loader_libstdcxx_C5_LEGACY_s9005.bin,bin,100000,40,1,3,4000096,d9e126b4ff3985c5866df08a375ab4d3254e8690a93cec0e299b71fd8a232bf3,./exp7_probe_libstdcxx.exe,c999a548375281e6afa30d545d4d1acaaba8a77de5a571b76493780e81c2fc01,-Wall -Wextra -std=c++11 -O2 -ffp-contract=off -I src,gcc 15.2.0,libstdc++,arm64,libstdcxx,native,c3b4a0a07877c0f8e2370ff7fdae98d3f3d96c15465aadb9eae00a280391c6a6,false
exp7-manifest-1,2026-09-20T20:53:26Z,p4,capped,CANDIDATE,double,C5,0.51000000000000001,9005,raw/p4/p4_loader_libstdcxx_C5_CANDIDATE_s9005.bin,bin,100000,40,1,3,4000096,6e0c4ae5582aadb61e35b0ece6bbe066ff9e2d637bbdbce194394777b8a56635,./exp7_probe_libstdcxx.exe,c999a548375281e6afa30d545d4d1acaaba8a77de5a571b76493780e81c2fc01,-Wall -Wextra -std=c++11 -O2 -ffp-contract=off -I src,gcc 15.2.0,libstdc++,arm64,libstdcxx,native,c3b4a0a07877c0f8e2370ff7fdae98d3f3d96c15465aadb9eae00a280391c6a6,false
exp7-manifest-1,2026-09-20T20:53:26Z,p4,capped,LEGACY,double,C6,0.51000000000000001,9001,raw/p4/p4_loader_libstdcxx_C6_LEGACY_s9001.bin,bin,100000,40,1,3,4000096,f07826cdf7869d1e6d3731e888139d98f17ebee790691822b1dcbe1362cb1408,./exp7_probe_libstdcxx.exe,c999a548375281e6afa30d545d4d1acaaba8a77de5a571b76493780e81c2fc01,-Wall -Wextra -std=c++11 -O2 -ffp-contract=off -I src,gcc 15.2.0,libstdc++,arm64,libstdcxx,native,c3b4a0a07877c0f8e2370ff7fdae98d3f3d96c15465aadb9eae00a280391c6a6,false
exp7-manifest-1,2026-09-20T20:53:26Z,p4,capped,CANDIDATE,double,C6,0.51000000000000001,9001,raw/p4/p4_loader_libstdcxx_C6_CANDIDATE_s9001.bin,bin,100000,40,1,3,4000096,ed91f0f9fdb4f9df7fc749dd8bdfb4a46965351ffbea5296714b226766f48c08,./exp7_probe_libstdcxx.exe,c999a548375281e6afa30d545d4d1acaaba8a77de5a571b76493780e81c2fc01,-Wall -Wextra -std=c++11 -O2 -ffp-contract=off -I src,gcc 15.2.0,libstdc++,arm64,libstdcxx,native,c3b4a0a07877c0f8e2370ff7fdae98d3f3d96c15465aadb9eae00a280391c6a6,false
exp7-manifest-1,2026-09-20T20:53:26Z,p4,capped,LEGACY,double,C6,0.51000000000000001,9002,raw/p4/p4_loader_libstdcxx_C6_LEGACY_s9002.bin,bin,100000,40,1,3,4000096,f173ca4897eeab14bb88b24e06f0d0ab0a7caa03bfce87634eaadfc0ec31657a,./exp7_probe_libstdcxx.exe,c999a548375281e6afa30d545d4d1acaaba8a77de5a571b76493780e81c2fc01,-Wall -Wextra -std=c++11 -O2 -ffp-contract=off -I src,gcc 15.2.0,libstdc++,arm64,libstdcxx,native,c3b4a0a07877c0f8e2370ff7fdae98d3f3d96c15465aadb9eae00a280391c6a6,false
exp7-manifest-1,2026-09-20T20:53:26Z,p4,capped,CANDIDATE,double,C6,0.51000000000000001,9002,raw/p4/p4_loader_libstdcxx_C6_CANDIDATE_s9002.bin,bin,100000,40,1,3,4000096,8de69764a22532adf61c4eb2b4366d40d0ebb343f68efe15c076c10c6a743e61,./exp7_probe_libstdcxx.exe,c999a548375281e6afa30d545d4d1acaaba8a77de5a571b76493780e81c2fc01,-Wall -Wextra -std=c++11 -O2 -ffp-contract=off -I src,gcc 15.2.0,libstdc++,arm64,libstdcxx,native,c3b4a0a07877c0f8e2370ff7fdae98d3f3d96c15465aadb9eae00a280391c6a6,false
exp7-manifest-1,2026-09-20T20:53:26Z,p4,capped,LEGACY,double,C6,0.51000000000000001,9003,raw/p4/p4_loader_libstdcxx_C6_LEGACY_s9003.bin,bin,100000,40,1,3,4000096,2a9488f845587f5229cb073f66250942dff89a1c81e89cb4cbffdd27195543db,./exp7_probe_libstdcxx.exe,c999a548375281e6afa30d545d4d1acaaba8a77de5a571b76493780e81c2fc01,-Wall -Wextra -std=c++11 -O2 -ffp-contract=off -I src,gcc 15.2.0,libstdc++,arm64,libstdcxx,native,c3b4a0a07877c0f8e2370ff7fdae98d3f3d96c15465aadb9eae00a280391c6a6,false
exp7-manifest-1,2026-09-20T20:53:26Z,p4,capped,CANDIDATE,double,C6,0.51000000000000001,9003,raw/p4/p4_loader_libstdcxx_C6_CANDIDATE_s9003.bin,bin,100000,40,1,3,4000096,0676850cd8335286fe0740c16321c4fc0f818093b253c017fb0acb1fc3dc6865,./exp7_probe_libstdcxx.exe,c999a548375281e6afa30d545d4d1acaaba8a77de5a571b76493780e81c2fc01,-Wall -Wextra -std=c++11 -O2 -ffp-contract=off -I src,gcc 15.2.0,libstdc++,arm64,libstdcxx,native,c3b4a0a07877c0f8e2370ff7fdae98d3f3d96c15465aadb9eae00a280391c6a6,false
exp7-manifest-1,2026-09-20T20:53:26Z,p4,capped,LEGACY,double,C6,0.51000000000000001,9004,raw/p4/p4_loader_libstdcxx_C6_LEGACY_s9004.bin,bin,100000,40,1,3,4000096,0abf55bb158cc89c3ce9ed5d2b5478044b03dee4298d8d7ed124f38b0d3ef054,./exp7_probe_libstdcxx.exe,c999a548375281e6afa30d545d4d1acaaba8a77de5a571b76493780e81c2fc01,-Wall -Wextra -std=c++11 -O2 -ffp-contract=off -I src,gcc 15.2.0,libstdc++,arm64,libstdcxx,native,c3b4a0a07877c0f8e2370ff7fdae98d3f3d96c15465aadb9eae00a280391c6a6,false
exp7-manifest-1,2026-09-20T20:53:26Z,p4,capped,CANDIDATE,double,C6,0.51000000000000001,9004,raw/p4/p4_loader_libstdcxx_C6_CANDIDATE_s9004.bin,bin,100000,40,1,3,4000096,b1bc8c0028ba03745051606e48578a1c815c20c721a6c7de7386754e706a0f4d,./exp7_probe_libstdcxx.exe,c999a548375281e6afa30d545d4d1acaaba8a77de5a571b76493780e81c2fc01,-Wall -Wextra -std=c++11 -O2 -ffp-contract=off -I src,gcc 15.2.0,libstdc++,arm64,libstdcxx,native,c3b4a0a07877c0f8e2370ff7fdae98d3f3d96c15465aadb9eae00a280391c6a6,false
exp7-manifest-1,2026-09-20T20:53:26Z,p4,capped,LEGACY,double,C6,0.51000000000000001,9005,raw/p4/p4_loader_libstdcxx_C6_LEGACY_s9005.bin,bin,100000,40,1,3,4000096,df96e0f0cbbb5a6deb118c48ed7a538fdbf3b85986e77a45923d5234514700ec,./exp7_probe_libstdcxx.exe,c999a548375281e6afa30d545d4d1acaaba8a77de5a571b76493780e81c2fc01,-Wall -Wextra -std=c++11 -O2 -ffp-contract=off -I src,gcc 15.2.0,libstdc++,arm64,libstdcxx,native,c3b4a0a07877c0f8e2370ff7fdae98d3f3d96c15465aadb9eae00a280391c6a6,false
exp7-manifest-1,2026-09-20T20:53:26Z,p4,capped,CANDIDATE,double,C6,0.51000000000000001,9005,raw/p4/p4_loader_libstdcxx_C6_CANDIDATE_s9005.bin,bin,100000,40,1,3,4000096,4f384610f468126d164b145699ebfb1111945f1a3e175bad231e4b2df609af9a,./exp7_probe_libstdcxx.exe,c999a548375281e6afa30d545d4d1acaaba8a77de5a571b76493780e81c2fc01,-Wall -Wextra -std=c++11 -O2 -ffp-contract=off -I src,gcc 15.2.0,libstdc++,arm64,libstdcxx,native,c3b4a0a07877c0f8e2370ff7fdae98d3f3d96c15465aadb9eae00a280391c6a6,false
exp7-manifest-1,2026-09-20T20:53:26Z,p4,summary,all,all,all,nan,-1,raw/p4/p4_libstdcxx.jsonl,jsonl,120,-1,-1,-1,101212,86e304fb1eacad184e5f4405ff06bfdee7c70e00181282b02d050a78fd540eb1,./exp7_probe_libstdcxx.exe,c999a548375281e6afa30d545d4d1acaaba8a77de5a571b76493780e81c2fc01,-Wall -Wextra -std=c++11 -O2 -ffp-contract=off -I src,gcc 15.2.0,libstdc++,arm64,libstdcxx,native,c3b4a0a07877c0f8e2370ff7fdae98d3f3d96c15465aadb9eae00a280391c6a6,false
exp7-manifest-1,2026-09-20T20:53:36Z,p5,summary,all,all,all,nan,-1,raw/p5/p5_libcxx.jsonl,jsonl,130,-1,-1,-1,85344,671afe4b703c290bbb5e39c37eb332308ab5f8a3b4d390b17175ae2345d1137e,./exp7_probe_libcxx.exe,7874afeb97cb5ba7d7a5b1c5771c15ff2d40228ba92d0c52efe8dcd87431ac67,-Wall -Wextra -std=c++11 -O2 -ffp-contract=off -I src,clang 21.0.0 (clang-2100.3.34.2),libc++,arm64,libcxx,native,c3b4a0a07877c0f8e2370ff7fdae98d3f3d96c15465aadb9eae00a280391c6a6,false
exp7-manifest-1,2026-09-20T20:53:54Z,p5,summary,all,all,all,nan,-1,raw/p5/p5_libstdcxx.jsonl,jsonl,130,-1,-1,-1,82890,81042179ee1f7021fb8435997bc2fe987312ee8e4af94870bd171775c25c55d3,./exp7_probe_libstdcxx.exe,c999a548375281e6afa30d545d4d1acaaba8a77de5a571b76493780e81c2fc01,-Wall -Wextra -std=c++11 -O2 -ffp-contract=off -I src,gcc 15.2.0,libstdc++,arm64,libstdcxx,native,c3b4a0a07877c0f8e2370ff7fdae98d3f3d96c15465aadb9eae00a280391c6a6,false
exp7-manifest-1,2026-09-20T20:54:20Z,p6,summary,all,all,all,nan,-1,raw/p6/p6_libcxx.jsonl,jsonl,110,-1,-1,-1,64483,a0a39bbfad980e2b01049d5e15da05dc032f344172c3661acc0e23d4f4af9877,./exp7_probe_libcxx.exe,7874afeb97cb5ba7d7a5b1c5771c15ff2d40228ba92d0c52efe8dcd87431ac67,-Wall -Wextra -std=c++11 -O2 -ffp-contract=off -I src,clang 21.0.0 (clang-2100.3.34.2),libc++,arm64,libcxx,native,c3b4a0a07877c0f8e2370ff7fdae98d3f3d96c15465aadb9eae00a280391c6a6,false
exp7-manifest-1,2026-09-20T20:58:07Z,p6,summary,all,all,all,nan,-1,raw/p6/p6_libstdcxx.jsonl,jsonl,110,-1,-1,-1,62541,2b58f29ba3450ad744ec4331acbe870e0a7041a7efc2e3ebcc5bdd68779b9169,./exp7_probe_libstdcxx.exe,c999a548375281e6afa30d545d4d1acaaba8a77de5a571b76493780e81c2fc01,-Wall -Wextra -std=c++11 -O2 -ffp-contract=off -I src,gcc 15.2.0,libstdc++,arm64,libstdcxx,native,c3b4a0a07877c0f8e2370ff7fdae98d3f3d96c15465aadb9eae00a280391c6a6,false
