manifest_schema,run_utc,phase,layer,method,precision,case,kappa,seed,file,format,n_records,record_size,schema,record_kind,bytes,sha256,probe,probe_sha256,cxxflags,compiler,stdlib,arch,env_tag,execution,protocol_sha256,smoke
exp7-manifest-1,2026-09-25T05:25:13Z,p1,tail,LEGACY,double,-,0.50009999999999999,10001,raw/p1/p1_tail_libcxx_LEGACY_k0.5001_s10001_double.bin,bin,0,8,1,5,96,c9e72e093f6bd088aa711c929bdd6ebc99a36f03b4cc015eb546a150b2d5a250,./exp7_probe_libcxx.exe,2f81b486545542fc7b2159aaeec4d7169505046154a97bb1469c18bc24d28fac,-Wall -Wextra -std=c++11 -O2 -ffp-contract=off -I src,clang 21.0.0 (clang-2100.3.34.2),libc++,arm64,libcxx,native,664d906899b1726ae6d0bd3856483c4590af875a9dfdc3fee14fdcb79dbc4e34,false
exp7-manifest-1,2026-09-25T05:25:13Z,p1,tail,CANDIDATE,double,-,0.50009999999999999,10001,raw/p1/p1_tail_libcxx_CANDIDATE_k0.5001_s10001_double.bin,bin,10045,8,1,5,80456,4c9092566051945d3d67c83b3f1e99d8c9ff5d70b08cff4d9c2cb2075d2da74f,./exp7_probe_libcxx.exe,2f81b486545542fc7b2159aaeec4d7169505046154a97bb1469c18bc24d28fac,-Wall -Wextra -std=c++11 -O2 -ffp-contract=off -I src,clang 21.0.0 (clang-2100.3.34.2),libc++,arm64,libcxx,native,664d906899b1726ae6d0bd3856483c4590af875a9dfdc3fee14fdcb79dbc4e34,false
exp7-manifest-1,2026-09-25T05:25:13Z,p1,tail,LEGACY,double,-,0.50009999999999999,10002,raw/p1/p1_tail_libcxx_LEGACY_k0.5001_s10002_double.bin,bin,0,8,1,5,96,ec7a64492d65f1737a1c923f643ebb1b3b0b47faf1740ed8bc65a765f4c980b1,./exp7_probe_libcxx.exe,2f81b486545542fc7b2159aaeec4d7169505046154a97bb1469c18bc24d28fac,-Wall -Wextra -std=c++11 -O2 -ffp-contract=off -I src,clang 21.0.0 (clang-2100.3.34.2),libc++,arm64,libcxx,native,664d906899b1726ae6d0bd3856483c4590af875a9dfdc3fee14fdcb79dbc4e34,false
exp7-manifest-1,2026-09-25T05:25:13Z,p1,tail,CANDIDATE,double,-,0.50009999999999999,10002,raw/p1/p1_tail_libcxx_CANDIDATE_k0.5001_s10002_double.bin,bin,10182,8,1,5,81552,5a8dfa2dc7459a12845823177151ca6c7fb77fa5bce8aeb22926d72c526090d0,./exp7_probe_libcxx.exe,2f81b486545542fc7b2159aaeec4d7169505046154a97bb1469c18bc24d28fac,-Wall -Wextra -std=c++11 -O2 -ffp-contract=off -I src,clang 21.0.0 (clang-2100.3.34.2),libc++,arm64,libcxx,native,664d906899b1726ae6d0bd3856483c4590af875a9dfdc3fee14fdcb79dbc4e34,false
exp7-manifest-1,2026-09-25T05:25:13Z,p1,tail,LEGACY,double,-,0.50009999999999999,10003,raw/p1/p1_tail_libcxx_LEGACY_k0.5001_s10003_double.bin,bin,0,8,1,5,96,aeec916ff84e4e75c7b4224999387507a062be7b4d9540aa52a2ed0a7694cdcb,./exp7_probe_libcxx.exe,2f81b486545542fc7b2159aaeec4d7169505046154a97bb1469c18bc24d28fac,-Wall -Wextra -std=c++11 -O2 -ffp-contract=off -I src,clang 21.0.0 (clang-2100.3.34.2),libc++,arm64,libcxx,native,664d906899b1726ae6d0bd3856483c4590af875a9dfdc3fee14fdcb79dbc4e34,false
exp7-manifest-1,2026-09-25T05:25:13Z,p1,tail,CANDIDATE,double,-,0.50009999999999999,10003,raw/p1/p1_tail_libcxx_CANDIDATE_k0.5001_s10003_double.bin,bin,10183,8,1,5,81560,ae2dd50f2dec2907339624f280e58ac94748e815fe3e0f4fe4ceb53f2451731a,./exp7_probe_libcxx.exe,2f81b486545542fc7b2159aaeec4d7169505046154a97bb1469c18bc24d28fac,-Wall -Wextra -std=c++11 -O2 -ffp-contract=off -I src,clang 21.0.0 (clang-2100.3.34.2),libc++,arm64,libcxx,native,664d906899b1726ae6d0bd3856483c4590af875a9dfdc3fee14fdcb79dbc4e34,false
exp7-manifest-1,2026-09-25T05:25:13Z,p1,tail,LEGACY,double,-,0.50009999999999999,10004,raw/p1/p1_tail_libcxx_LEGACY_k0.5001_s10004_double.bin,bin,0,8,1,5,96,885379bf003c216d414e8c0d4274e66cf65949eed5ed93f96a9d412a30fb46c8,./exp7_probe_libcxx.exe,2f81b486545542fc7b2159aaeec4d7169505046154a97bb1469c18bc24d28fac,-Wall -Wextra -std=c++11 -O2 -ffp-contract=off -I src,clang 21.0.0 (clang-2100.3.34.2),libc++,arm64,libcxx,native,664d906899b1726ae6d0bd3856483c4590af875a9dfdc3fee14fdcb79dbc4e34,false
exp7-manifest-1,2026-09-25T05:25:13Z,p1,tail,CANDIDATE,double,-,0.50009999999999999,10004,raw/p1/p1_tail_libcxx_CANDIDATE_k0.5001_s10004_double.bin,bin,9990,8,1,5,80016,dd56b2c12140c8ff9e416af92e2a9bbb53c093fa32ad2e078c90a4d0f5bbb8a8,./exp7_probe_libcxx.exe,2f81b486545542fc7b2159aaeec4d7169505046154a97bb1469c18bc24d28fac,-Wall -Wextra -std=c++11 -O2 -ffp-contract=off -I src,clang 21.0.0 (clang-2100.3.34.2),libc++,arm64,libcxx,native,664d906899b1726ae6d0bd3856483c4590af875a9dfdc3fee14fdcb79dbc4e34,false
exp7-manifest-1,2026-09-25T05:25:13Z,p1,tail,LEGACY,double,-,0.50009999999999999,10005,raw/p1/p1_tail_libcxx_LEGACY_k0.5001_s10005_double.bin,bin,0,8,1,5,96,19b97193e9048b9c00d058c3785c9348b6e12af34ea7b13120e2e44daf8cb32d,./exp7_probe_libcxx.exe,2f81b486545542fc7b2159aaeec4d7169505046154a97bb1469c18bc24d28fac,-Wall -Wextra -std=c++11 -O2 -ffp-contract=off -I src,clang 21.0.0 (clang-2100.3.34.2),libc++,arm64,libcxx,native,664d906899b1726ae6d0bd3856483c4590af875a9dfdc3fee14fdcb79dbc4e34,false
exp7-manifest-1,2026-09-25T05:25:13Z,p1,tail,CANDIDATE,double,-,0.50009999999999999,10005,raw/p1/p1_tail_libcxx_CANDIDATE_k0.5001_s10005_double.bin,bin,9988,8,1,5,80000,fe9b1f3191b3f14c1969a30abd1b097859958ecdc4781cbb38bc09d388b4b4f9,./exp7_probe_libcxx.exe,2f81b486545542fc7b2159aaeec4d7169505046154a97bb1469c18bc24d28fac,-Wall -Wextra -std=c++11 -O2 -ffp-contract=off -I src,clang 21.0.0 (clang-2100.3.34.2),libc++,arm64,libcxx,native,664d906899b1726ae6d0bd3856483c4590af875a9dfdc3fee14fdcb79dbc4e34,false
exp7-manifest-1,2026-09-25T05:25:13Z,p1,tail,LEGACY,double,-,0.501,10001,raw/p1/p1_tail_libcxx_LEGACY_k0.501_s10001_double.bin,bin,0,8,1,5,96,bfe35ad8786f245241f71a097d55c1c148ebb1ee78e138a6f4acf9d5f8068da8,./exp7_probe_libcxx.exe,2f81b486545542fc7b2159aaeec4d7169505046154a97bb1469c18bc24d28fac,-Wall -Wextra -std=c++11 -O2 -ffp-contract=off -I src,clang 21.0.0 (clang-2100.3.34.2),libc++,arm64,libcxx,native,664d906899b1726ae6d0bd3856483c4590af875a9dfdc3fee14fdcb79dbc4e34,false
exp7-manifest-1,2026-09-25T05:25:13Z,p1,tail,CANDIDATE,double,-,0.501,10001,raw/p1/p1_tail_libcxx_CANDIDATE_k0.501_s10001_double.bin,bin,10009,8,1,5,80168,1963a2bf31f638e742be860fa185a947d3603fc5d719da53fc6695e18ae9f93f,./exp7_probe_libcxx.exe,2f81b486545542fc7b2159aaeec4d7169505046154a97bb1469c18bc24d28fac,-Wall -Wextra -std=c++11 -O2 -ffp-contract=off -I src,clang 21.0.0 (clang-2100.3.34.2),libc++,arm64,libcxx,native,664d906899b1726ae6d0bd3856483c4590af875a9dfdc3fee14fdcb79dbc4e34,false
exp7-manifest-1,2026-09-25T05:25:13Z,p1,tail,LEGACY,double,-,0.501,10002,raw/p1/p1_tail_libcxx_LEGACY_k0.501_s10002_double.bin,bin,0,8,1,5,96,efd875b66f3d527f997c563a4e1fd8bfb72937f10a810466014acc0a0a6f2cde,./exp7_probe_libcxx.exe,2f81b486545542fc7b2159aaeec4d7169505046154a97bb1469c18bc24d28fac,-Wall -Wextra -std=c++11 -O2 -ffp-contract=off -I src,clang 21.0.0 (clang-2100.3.34.2),libc++,arm64,libcxx,native,664d906899b1726ae6d0bd3856483c4590af875a9dfdc3fee14fdcb79dbc4e34,false
exp7-manifest-1,2026-09-25T05:25:13Z,p1,tail,CANDIDATE,double,-,0.501,10002,raw/p1/p1_tail_libcxx_CANDIDATE_k0.501_s10002_double.bin,bin,10126,8,1,5,81104,3c139219494d05e3cd87dfbd3449af46802ad2e31d94961c6568c9f9a99f696d,./exp7_probe_libcxx.exe,2f81b486545542fc7b2159aaeec4d7169505046154a97bb1469c18bc24d28fac,-Wall -Wextra -std=c++11 -O2 -ffp-contract=off -I src,clang 21.0.0 (clang-2100.3.34.2),libc++,arm64,libcxx,native,664d906899b1726ae6d0bd3856483c4590af875a9dfdc3fee14fdcb79dbc4e34,false
exp7-manifest-1,2026-09-25T05:25:13Z,p1,tail,LEGACY,double,-,0.501,10003,raw/p1/p1_tail_libcxx_LEGACY_k0.501_s10003_double.bin,bin,0,8,1,5,96,df53da72495c94c142b1f0251640d6253f1420ff14b50a4856cf7ab708649505,./exp7_probe_libcxx.exe,2f81b486545542fc7b2159aaeec4d7169505046154a97bb1469c18bc24d28fac,-Wall -Wextra -std=c++11 -O2 -ffp-contract=off -I src,clang 21.0.0 (clang-2100.3.34.2),libc++,arm64,libcxx,native,664d906899b1726ae6d0bd3856483c4590af875a9dfdc3fee14fdcb79dbc4e34,false
exp7-manifest-1,2026-09-25T05:25:13Z,p1,tail,CANDIDATE,double,-,0.501,10003,raw/p1/p1_tail_libcxx_CANDIDATE_k0.501_s10003_double.bin,bin,9893,8,1,5,79240,97cb18adb3ed85aa1d2ffd1cf50fb8ccadf1e3dba13523feb9ae9e887f9978fe,./exp7_probe_libcxx.exe,2f81b486545542fc7b2159aaeec4d7169505046154a97bb1469c18bc24d28fac,-Wall -Wextra -std=c++11 -O2 -ffp-contract=off -I src,clang 21.0.0 (clang-2100.3.34.2),libc++,arm64,libcxx,native,664d906899b1726ae6d0bd3856483c4590af875a9dfdc3fee14fdcb79dbc4e34,false
exp7-manifest-1,2026-09-25T05:25:13Z,p1,tail,LEGACY,double,-,0.501,10004,raw/p1/p1_tail_libcxx_LEGACY_k0.501_s10004_double.bin,bin,0,8,1,5,96,d37fe0a33b7a4b3b6411194a6bc72a89ab679ea2ef265a2a5ac8b0046b7d1b06,./exp7_probe_libcxx.exe,2f81b486545542fc7b2159aaeec4d7169505046154a97bb1469c18bc24d28fac,-Wall -Wextra -std=c++11 -O2 -ffp-contract=off -I src,clang 21.0.0 (clang-2100.3.34.2),libc++,arm64,libcxx,native,664d906899b1726ae6d0bd3856483c4590af875a9dfdc3fee14fdcb79dbc4e34,false
exp7-manifest-1,2026-09-25T05:25:13Z,p1,tail,CANDIDATE,double,-,0.501,10004,raw/p1/p1_tail_libcxx_CANDIDATE_k0.501_s10004_double.bin,bin,10065,8,1,5,80616,36a3427f7bc70f57d6427e9b0407750a13377691c85f10e6ecd9b5702b9cd90b,./exp7_probe_libcxx.exe,2f81b486545542fc7b2159aaeec4d7169505046154a97bb1469c18bc24d28fac,-Wall -Wextra -std=c++11 -O2 -ffp-contract=off -I src,clang 21.0.0 (clang-2100.3.34.2),libc++,arm64,libcxx,native,664d906899b1726ae6d0bd3856483c4590af875a9dfdc3fee14fdcb79dbc4e34,false
exp7-manifest-1,2026-09-25T05:25:13Z,p1,tail,LEGACY,double,-,0.501,10005,raw/p1/p1_tail_libcxx_LEGACY_k0.501_s10005_double.bin,bin,0,8,1,5,96,aff66e10813ffa4a935c8fc580661c2a45ead9fd6a4600f7256b87a598d7029c,./exp7_probe_libcxx.exe,2f81b486545542fc7b2159aaeec4d7169505046154a97bb1469c18bc24d28fac,-Wall -Wextra -std=c++11 -O2 -ffp-contract=off -I src,clang 21.0.0 (clang-2100.3.34.2),libc++,arm64,libcxx,native,664d906899b1726ae6d0bd3856483c4590af875a9dfdc3fee14fdcb79dbc4e34,false
exp7-manifest-1,2026-09-25T05:25:13Z,p1,tail,CANDIDATE,double,-,0.501,10005,raw/p1/p1_tail_libcxx_CANDIDATE_k0.501_s10005_double.bin,bin,9940,8,1,5,79616,537a3f053dfb41ac3c369dcd7232e7d7a7064dec8c7dcd76fbe2c0c60f5d6cbe,./exp7_probe_libcxx.exe,2f81b486545542fc7b2159aaeec4d7169505046154a97bb1469c18bc24d28fac,-Wall -Wextra -std=c++11 -O2 -ffp-contract=off -I src,clang 21.0.0 (clang-2100.3.34.2),libc++,arm64,libcxx,native,664d906899b1726ae6d0bd3856483c4590af875a9dfdc3fee14fdcb79dbc4e34,false
exp7-manifest-1,2026-09-25T05:25:13Z,p1,tail,LEGACY,double,-,0.505,10001,raw/p1/p1_tail_libcxx_LEGACY_k0.505_s10001_double.bin,bin,0,8,1,5,96,d7ef2f8e2a774911a260ed9969a61a45f6d46295d26e35d3125b685236ca6338,./exp7_probe_libcxx.exe,2f81b486545542fc7b2159aaeec4d7169505046154a97bb1469c18bc24d28fac,-Wall -Wextra -std=c++11 -O2 -ffp-contract=off -I src,clang 21.0.0 (clang-2100.3.34.2),libc++,arm64,libcxx,native,664d906899b1726ae6d0bd3856483c4590af875a9dfdc3fee14fdcb79dbc4e34,false
exp7-manifest-1,2026-09-25T05:25:13Z,p1,tail,CANDIDATE,double,-,0.505,10001,raw/p1/p1_tail_libcxx_CANDIDATE_k0.505_s10001_double.bin,bin,9901,8,1,5,79304,71112cd733821028f867b7858ac4300322511c301653f7709007f9472f627482,./exp7_probe_libcxx.exe,2f81b486545542fc7b2159aaeec4d7169505046154a97bb1469c18bc24d28fac,-Wall -Wextra -std=c++11 -O2 -ffp-contract=off -I src,clang 21.0.0 (clang-2100.3.34.2),libc++,arm64,libcxx,native,664d906899b1726ae6d0bd3856483c4590af875a9dfdc3fee14fdcb79dbc4e34,false
exp7-manifest-1,2026-09-25T05:25:13Z,p1,tail,LEGACY,double,-,0.505,10002,raw/p1/p1_tail_libcxx_LEGACY_k0.505_s10002_double.bin,bin,0,8,1,5,96,5a493c81f3a29ed1989af0791d84115aa6ab1cbbfdc0300981afd5157a575ce0,./exp7_probe_libcxx.exe,2f81b486545542fc7b2159aaeec4d7169505046154a97bb1469c18bc24d28fac,-Wall -Wextra -std=c++11 -O2 -ffp-contract=off -I src,clang 21.0.0 (clang-2100.3.34.2),libc++,arm64,libcxx,native,664d906899b1726ae6d0bd3856483c4590af875a9dfdc3fee14fdcb79dbc4e34,false
exp7-manifest-1,2026-09-25T05:25:13Z,p1,tail,CANDIDATE,double,-,0.505,10002,raw/p1/p1_tail_libcxx_CANDIDATE_k0.505_s10002_double.bin,bin,10100,8,1,5,80896,e4eca11486296b0287f4d705012d7769779c19e0dc619d21f5175fc22507f3b5,./exp7_probe_libcxx.exe,2f81b486545542fc7b2159aaeec4d7169505046154a97bb1469c18bc24d28fac,-Wall -Wextra -std=c++11 -O2 -ffp-contract=off -I src,clang 21.0.0 (clang-2100.3.34.2),libc++,arm64,libcxx,native,664d906899b1726ae6d0bd3856483c4590af875a9dfdc3fee14fdcb79dbc4e34,false
exp7-manifest-1,2026-09-25T05:25:13Z,p1,tail,LEGACY,double,-,0.505,10003,raw/p1/p1_tail_libcxx_LEGACY_k0.505_s10003_double.bin,bin,0,8,1,5,96,303de238c5084c3ba18d16cfbf815a029b067724e657fe632b5bc461df25bba2,./exp7_probe_libcxx.exe,2f81b486545542fc7b2159aaeec4d7169505046154a97bb1469c18bc24d28fac,-Wall -Wextra -std=c++11 -O2 -ffp-contract=off -I src,clang 21.0.0 (clang-2100.3.34.2),libc++,arm64,libcxx,native,664d906899b1726ae6d0bd3856483c4590af875a9dfdc3fee14fdcb79dbc4e34,false
exp7-manifest-1,2026-09-25T05:25:13Z,p1,tail,CANDIDATE,double,-,0.505,10003,raw/p1/p1_tail_libcxx_CANDIDATE_k0.505_s10003_double.bin,bin,10103,8,1,5,80920,4dbef73dd0c13fb881229493824183a40042c394296f893c6f018733f5cb3616,./exp7_probe_libcxx.exe,2f81b486545542fc7b2159aaeec4d7169505046154a97bb1469c18bc24d28fac,-Wall -Wextra -std=c++11 -O2 -ffp-contract=off -I src,clang 21.0.0 (clang-2100.3.34.2),libc++,arm64,libcxx,native,664d906899b1726ae6d0bd3856483c4590af875a9dfdc3fee14fdcb79dbc4e34,false
exp7-manifest-1,2026-09-25T05:25:13Z,p1,tail,LEGACY,double,-,0.505,10004,raw/p1/p1_tail_libcxx_LEGACY_k0.505_s10004_double.bin,bin,0,8,1,5,96,476a3402cb577c4da5542179b13f992e88682b0b6f1dccdbaa3e3e222bbd6bf2,./exp7_probe_libcxx.exe,2f81b486545542fc7b2159aaeec4d7169505046154a97bb1469c18bc24d28fac,-Wall -Wextra -std=c++11 -O2 -ffp-contract=off -I src,clang 21.0.0 (clang-2100.3.34.2),libc++,arm64,libcxx,native,664d906899b1726ae6d0bd3856483c4590af875a9dfdc3fee14fdcb79dbc4e34,false
exp7-manifest-1,2026-09-25T05:25:13Z,p1,tail,CANDIDATE,double,-,0.505,10004,raw/p1/p1_tail_libcxx_CANDIDATE_k0.505_s10004_double.bin,bin,9941,8,1,5,79624,a9952f382d5d621a9f651dc72b2ed9ad2e539e17787ec067347fdc57dc1d17c8,./exp7_probe_libcxx.exe,2f81b486545542fc7b2159aaeec4d7169505046154a97bb1469c18bc24d28fac,-Wall -Wextra -std=c++11 -O2 -ffp-contract=off -I src,clang 21.0.0 (clang-2100.3.34.2),libc++,arm64,libcxx,native,664d906899b1726ae6d0bd3856483c4590af875a9dfdc3fee14fdcb79dbc4e34,false
exp7-manifest-1,2026-09-25T05:25:13Z,p1,tail,LEGACY,double,-,0.505,10005,raw/p1/p1_tail_libcxx_LEGACY_k0.505_s10005_double.bin,bin,0,8,1,5,96,beadd57aa3b8d64c7de0d9f905262618bcb920313f1ca492d74f9b370ce5afb3,./exp7_probe_libcxx.exe,2f81b486545542fc7b2159aaeec4d7169505046154a97bb1469c18bc24d28fac,-Wall -Wextra -std=c++11 -O2 -ffp-contract=off -I src,clang 21.0.0 (clang-2100.3.34.2),libc++,arm64,libcxx,native,664d906899b1726ae6d0bd3856483c4590af875a9dfdc3fee14fdcb79dbc4e34,false
exp7-manifest-1,2026-09-25T05:25:13Z,p1,tail,CANDIDATE,double,-,0.505,10005,raw/p1/p1_tail_libcxx_CANDIDATE_k0.505_s10005_double.bin,bin,9953,8,1,5,79720,dfc3ce85289df762cc99359d22ef9b7bcb2e50dc58e97e65a59241666f9ca57b,./exp7_probe_libcxx.exe,2f81b486545542fc7b2159aaeec4d7169505046154a97bb1469c18bc24d28fac,-Wall -Wextra -std=c++11 -O2 -ffp-contract=off -I src,clang 21.0.0 (clang-2100.3.34.2),libc++,arm64,libcxx,native,664d906899b1726ae6d0bd3856483c4590af875a9dfdc3fee14fdcb79dbc4e34,false
exp7-manifest-1,2026-09-25T05:25:13Z,p1,tail,LEGACY,double,-,0.51000000000000001,10001,raw/p1/p1_tail_libcxx_LEGACY_k0.51_s10001_double.bin,bin,9425,8,1,5,75496,542eaae936d2f56c47a43f5eb6cee553c0de7587f363ccc6c93161dd1838a619,./exp7_probe_libcxx.exe,2f81b486545542fc7b2159aaeec4d7169505046154a97bb1469c18bc24d28fac,-Wall -Wextra -std=c++11 -O2 -ffp-contract=off -I src,clang 21.0.0 (clang-2100.3.34.2),libc++,arm64,libcxx,native,664d906899b1726ae6d0bd3856483c4590af875a9dfdc3fee14fdcb79dbc4e34,false
exp7-manifest-1,2026-09-25T05:25:13Z,p1,tail,CANDIDATE,double,-,0.51000000000000001,10001,raw/p1/p1_tail_libcxx_CANDIDATE_k0.51_s10001_double.bin,bin,9867,8,1,5,79032,32b1868ed90accb3f73572ffd843e8e0aef96e07dd4dba9104721dd03e16edc3,./exp7_probe_libcxx.exe,2f81b486545542fc7b2159aaeec4d7169505046154a97bb1469c18bc24d28fac,-Wall -Wextra -std=c++11 -O2 -ffp-contract=off -I src,clang 21.0.0 (clang-2100.3.34.2),libc++,arm64,libcxx,native,664d906899b1726ae6d0bd3856483c4590af875a9dfdc3fee14fdcb79dbc4e34,false
exp7-manifest-1,2026-09-25T05:25:13Z,p1,tail,LEGACY,double,-,0.51000000000000001,10002,raw/p1/p1_tail_libcxx_LEGACY_k0.51_s10002_double.bin,bin,9280,8,1,5,74336,eb95986276367c4be98e42c64142185fe30bfb748e6145746a2af454e287faa0,./exp7_probe_libcxx.exe,2f81b486545542fc7b2159aaeec4d7169505046154a97bb1469c18bc24d28fac,-Wall -Wextra -std=c++11 -O2 -ffp-contract=off -I src,clang 21.0.0 (clang-2100.3.34.2),libc++,arm64,libcxx,native,664d906899b1726ae6d0bd3856483c4590af875a9dfdc3fee14fdcb79dbc4e34,false
exp7-manifest-1,2026-09-25T05:25:13Z,p1,tail,CANDIDATE,double,-,0.51000000000000001,10002,raw/p1/p1_tail_libcxx_CANDIDATE_k0.51_s10002_double.bin,bin,9840,8,1,5,78816,f85170d9ede82caca929d6a8db69665aa08290ebfa2e491960d6d12e04cfffdb,./exp7_probe_libcxx.exe,2f81b486545542fc7b2159aaeec4d7169505046154a97bb1469c18bc24d28fac,-Wall -Wextra -std=c++11 -O2 -ffp-contract=off -I src,clang 21.0.0 (clang-2100.3.34.2),libc++,arm64,libcxx,native,664d906899b1726ae6d0bd3856483c4590af875a9dfdc3fee14fdcb79dbc4e34,false
exp7-manifest-1,2026-09-25T05:25:13Z,p1,tail,LEGACY,double,-,0.51000000000000001,10003,raw/p1/p1_tail_libcxx_LEGACY_k0.51_s10003_double.bin,bin,9385,8,1,5,75176,d70d87697b9b8bd1da1b4dedf803a9173d43a9a8dce9fd143774e970dfa6f61a,./exp7_probe_libcxx.exe,2f81b486545542fc7b2159aaeec4d7169505046154a97bb1469c18bc24d28fac,-Wall -Wextra -std=c++11 -O2 -ffp-contract=off -I src,clang 21.0.0 (clang-2100.3.34.2),libc++,arm64,libcxx,native,664d906899b1726ae6d0bd3856483c4590af875a9dfdc3fee14fdcb79dbc4e34,false
exp7-manifest-1,2026-09-25T05:25:13Z,p1,tail,CANDIDATE,double,-,0.51000000000000001,10003,raw/p1/p1_tail_libcxx_CANDIDATE_k0.51_s10003_double.bin,bin,9805,8,1,5,78536,8911ad498c4c067a6ff2dd347ffa33132c86b0f6efdff681d57636f47b5e979e,./exp7_probe_libcxx.exe,2f81b486545542fc7b2159aaeec4d7169505046154a97bb1469c18bc24d28fac,-Wall -Wextra -std=c++11 -O2 -ffp-contract=off -I src,clang 21.0.0 (clang-2100.3.34.2),libc++,arm64,libcxx,native,664d906899b1726ae6d0bd3856483c4590af875a9dfdc3fee14fdcb79dbc4e34,false
exp7-manifest-1,2026-09-25T05:25:13Z,p1,tail,LEGACY,double,-,0.51000000000000001,10004,raw/p1/p1_tail_libcxx_LEGACY_k0.51_s10004_double.bin,bin,9340,8,1,5,74816,27f63c31cf35ef2226388de86f9c9267fdc9be44e0ebacb8550b4667a7f7a4a9,./exp7_probe_libcxx.exe,2f81b486545542fc7b2159aaeec4d7169505046154a97bb1469c18bc24d28fac,-Wall -Wextra -std=c++11 -O2 -ffp-contract=off -I src,clang 21.0.0 (clang-2100.3.34.2),libc++,arm64,libcxx,native,664d906899b1726ae6d0bd3856483c4590af875a9dfdc3fee14fdcb79dbc4e34,false
exp7-manifest-1,2026-09-25T05:25:13Z,p1,tail,CANDIDATE,double,-,0.51000000000000001,10004,raw/p1/p1_tail_libcxx_CANDIDATE_k0.51_s10004_double.bin,bin,9815,8,1,5,78616,88088ac750b98d8fce8881f317f039d7cf06d341a47ddf00ad839d7c38ccf6c9,./exp7_probe_libcxx.exe,2f81b486545542fc7b2159aaeec4d7169505046154a97bb1469c18bc24d28fac,-Wall -Wextra -std=c++11 -O2 -ffp-contract=off -I src,clang 21.0.0 (clang-2100.3.34.2),libc++,arm64,libcxx,native,664d906899b1726ae6d0bd3856483c4590af875a9dfdc3fee14fdcb79dbc4e34,false
exp7-manifest-1,2026-09-25T05:25:13Z,p1,tail,LEGACY,double,-,0.51000000000000001,10005,raw/p1/p1_tail_libcxx_LEGACY_k0.51_s10005_double.bin,bin,9370,8,1,5,75056,96ebe5dc9d3be41998b7b94b82758deb1e4c2860c048ab1ea7785180c9154fc2,./exp7_probe_libcxx.exe,2f81b486545542fc7b2159aaeec4d7169505046154a97bb1469c18bc24d28fac,-Wall -Wextra -std=c++11 -O2 -ffp-contract=off -I src,clang 21.0.0 (clang-2100.3.34.2),libc++,arm64,libcxx,native,664d906899b1726ae6d0bd3856483c4590af875a9dfdc3fee14fdcb79dbc4e34,false
exp7-manifest-1,2026-09-25T05:25:13Z,p1,tail,CANDIDATE,double,-,0.51000000000000001,10005,raw/p1/p1_tail_libcxx_CANDIDATE_k0.51_s10005_double.bin,bin,9985,8,1,5,79976,127d0c78b777a19ed6619c0df73798692b8b684db4937f946c44c8da4bab67b2,./exp7_probe_libcxx.exe,2f81b486545542fc7b2159aaeec4d7169505046154a97bb1469c18bc24d28fac,-Wall -Wextra -std=c++11 -O2 -ffp-contract=off -I src,clang 21.0.0 (clang-2100.3.34.2),libc++,arm64,libcxx,native,664d906899b1726ae6d0bd3856483c4590af875a9dfdc3fee14fdcb79dbc4e34,false
exp7-manifest-1,2026-09-25T05:25:13Z,p1,tail,LEGACY,double,-,0.55000000000000004,10001,raw/p1/p1_tail_libcxx_LEGACY_k0.55_s10001_double.bin,bin,9900,8,1,5,79296,dd915072223012b4913a9a4a443495fcbe1188b2fb4bd3ea817219f1e30645da,./exp7_probe_libcxx.exe,2f81b486545542fc7b2159aaeec4d7169505046154a97bb1469c18bc24d28fac,-Wall -Wextra -std=c++11 -O2 -ffp-contract=off -I src,clang 21.0.0 (clang-2100.3.34.2),libc++,arm64,libcxx,native,664d906899b1726ae6d0bd3856483c4590af875a9dfdc3fee14fdcb79dbc4e34,false
exp7-manifest-1,2026-09-25T05:25:13Z,p1,tail,CANDIDATE,double,-,0.55000000000000004,10001,raw/p1/p1_tail_libcxx_CANDIDATE_k0.55_s10001_double.bin,bin,9999,8,1,5,80088,0cbf3b1c4518f28892d40116daaeb7794f7280b1759c52a31d698c6f87fc67e6,./exp7_probe_libcxx.exe,2f81b486545542fc7b2159aaeec4d7169505046154a97bb1469c18bc24d28fac,-Wall -Wextra -std=c++11 -O2 -ffp-contract=off -I src,clang 21.0.0 (clang-2100.3.34.2),libc++,arm64,libcxx,native,664d906899b1726ae6d0bd3856483c4590af875a9dfdc3fee14fdcb79dbc4e34,false
exp7-manifest-1,2026-09-25T05:25:13Z,p1,tail,LEGACY,double,-,0.55000000000000004,10002,raw/p1/p1_tail_libcxx_LEGACY_k0.55_s10002_double.bin,bin,10065,8,1,5,80616,5a1f6ff078bc25cc374d35d83c6c4ffe7cd568f1c521f3d6817e148336276399,./exp7_probe_libcxx.exe,2f81b486545542fc7b2159aaeec4d7169505046154a97bb1469c18bc24d28fac,-Wall -Wextra -std=c++11 -O2 -ffp-contract=off -I src,clang 21.0.0 (clang-2100.3.34.2),libc++,arm64,libcxx,native,664d906899b1726ae6d0bd3856483c4590af875a9dfdc3fee14fdcb79dbc4e34,false
exp7-manifest-1,2026-09-25T05:25:13Z,p1,tail,CANDIDATE,double,-,0.55000000000000004,10002,raw/p1/p1_tail_libcxx_CANDIDATE_k0.55_s10002_double.bin,bin,9991,8,1,5,80024,2862908e79e6fafe12fb0d6e47cb6495a0a491de9d0b06775fddcbef32469dd8,./exp7_probe_libcxx.exe,2f81b486545542fc7b2159aaeec4d7169505046154a97bb1469c18bc24d28fac,-Wall -Wextra -std=c++11 -O2 -ffp-contract=off -I src,clang 21.0.0 (clang-2100.3.34.2),libc++,arm64,libcxx,native,664d906899b1726ae6d0bd3856483c4590af875a9dfdc3fee14fdcb79dbc4e34,false
exp7-manifest-1,2026-09-25T05:25:13Z,p1,tail,LEGACY,double,-,0.55000000000000004,10003,raw/p1/p1_tail_libcxx_LEGACY_k0.55_s10003_double.bin,bin,9940,8,1,5,79616,57234080aeb48d212eee3ca53b165e3f8117df878f60afdde3c1b1643c24bc81,./exp7_probe_libcxx.exe,2f81b486545542fc7b2159aaeec4d7169505046154a97bb1469c18bc24d28fac,-Wall -Wextra -std=c++11 -O2 -ffp-contract=off -I src,clang 21.0.0 (clang-2100.3.34.2),libc++,arm64,libcxx,native,664d906899b1726ae6d0bd3856483c4590af875a9dfdc3fee14fdcb79dbc4e34,false
exp7-manifest-1,2026-09-25T05:25:13Z,p1,tail,CANDIDATE,double,-,0.55000000000000004,10003,raw/p1/p1_tail_libcxx_CANDIDATE_k0.55_s10003_double.bin,bin,10039,8,1,5,80408,aeb054078e76776c1f4a5ecabf0e0649e6b771afb2e6f7c449feea3c91c43fd1,./exp7_probe_libcxx.exe,2f81b486545542fc7b2159aaeec4d7169505046154a97bb1469c18bc24d28fac,-Wall -Wextra -std=c++11 -O2 -ffp-contract=off -I src,clang 21.0.0 (clang-2100.3.34.2),libc++,arm64,libcxx,native,664d906899b1726ae6d0bd3856483c4590af875a9dfdc3fee14fdcb79dbc4e34,false
exp7-manifest-1,2026-09-25T05:25:13Z,p1,tail,LEGACY,double,-,0.55000000000000004,10004,raw/p1/p1_tail_libcxx_LEGACY_k0.55_s10004_double.bin,bin,10074,8,1,5,80688,d78b563b1d1bc8646a2935576e9af90b0985124fca84755cd40df2aa7a2a0fc0,./exp7_probe_libcxx.exe,2f81b486545542fc7b2159aaeec4d7169505046154a97bb1469c18bc24d28fac,-Wall -Wextra -std=c++11 -O2 -ffp-contract=off -I src,clang 21.0.0 (clang-2100.3.34.2),libc++,arm64,libcxx,native,664d906899b1726ae6d0bd3856483c4590af875a9dfdc3fee14fdcb79dbc4e34,false
exp7-manifest-1,2026-09-25T05:25:13Z,p1,tail,CANDIDATE,double,-,0.55000000000000004,10004,raw/p1/p1_tail_libcxx_CANDIDATE_k0.55_s10004_double.bin,bin,9957,8,1,5,79752,b2872c73b425f8b228b60ab5651e862ea726bbcb77204cea80655bdd27ca458d,./exp7_probe_libcxx.exe,2f81b486545542fc7b2159aaeec4d7169505046154a97bb1469c18bc24d28fac,-Wall -Wextra -std=c++11 -O2 -ffp-contract=off -I src,clang 21.0.0 (clang-2100.3.34.2),libc++,arm64,libcxx,native,664d906899b1726ae6d0bd3856483c4590af875a9dfdc3fee14fdcb79dbc4e34,false
exp7-manifest-1,2026-09-25T05:25:13Z,p1,tail,LEGACY,double,-,0.55000000000000004,10005,raw/p1/p1_tail_libcxx_LEGACY_k0.55_s10005_double.bin,bin,9913,8,1,5,79400,603cf9aacd4dbda876d9d945396dbe0171375b43f0d812aed8bd3e31c317a623,./exp7_probe_libcxx.exe,2f81b486545542fc7b2159aaeec4d7169505046154a97bb1469c18bc24d28fac,-Wall -Wextra -std=c++11 -O2 -ffp-contract=off -I src,clang 21.0.0 (clang-2100.3.34.2),libc++,arm64,libcxx,native,664d906899b1726ae6d0bd3856483c4590af875a9dfdc3fee14fdcb79dbc4e34,false
exp7-manifest-1,2026-09-25T05:25:13Z,p1,tail,CANDIDATE,double,-,0.55000000000000004,10005,raw/p1/p1_tail_libcxx_CANDIDATE_k0.55_s10005_double.bin,bin,9971,8,1,5,79864,c6070c16b3bf1669c61331f5a6e8ea11bc025c694da9efd2dbd0b5f69c83cf91,./exp7_probe_libcxx.exe,2f81b486545542fc7b2159aaeec4d7169505046154a97bb1469c18bc24d28fac,-Wall -Wextra -std=c++11 -O2 -ffp-contract=off -I src,clang 21.0.0 (clang-2100.3.34.2),libc++,arm64,libcxx,native,664d906899b1726ae6d0bd3856483c4590af875a9dfdc3fee14fdcb79dbc4e34,false
exp7-manifest-1,2026-09-25T05:25:13Z,p1,tail,LEGACY,double,-,0.59999999999999998,10001,raw/p1/p1_tail_libcxx_LEGACY_k0.6_s10001_double.bin,bin,9967,8,1,5,79832,8051f315bb3a12f8b0c765fba1709ec8bb28de2f598ad274cf2e056bb4139859,./exp7_probe_libcxx.exe,2f81b486545542fc7b2159aaeec4d7169505046154a97bb1469c18bc24d28fac,-Wall -Wextra -std=c++11 -O2 -ffp-contract=off -I src,clang 21.0.0 (clang-2100.3.34.2),libc++,arm64,libcxx,native,664d906899b1726ae6d0bd3856483c4590af875a9dfdc3fee14fdcb79dbc4e34,false
exp7-manifest-1,2026-09-25T05:25:13Z,p1,tail,CANDIDATE,double,-,0.59999999999999998,10001,raw/p1/p1_tail_libcxx_CANDIDATE_k0.6_s10001_double.bin,bin,9890,8,1,5,79216,cbaa908ee5f91604e75035796cad305521d7ef0e52a2a060d46de53083704664,./exp7_probe_libcxx.exe,2f81b486545542fc7b2159aaeec4d7169505046154a97bb1469c18bc24d28fac,-Wall -Wextra -std=c++11 -O2 -ffp-contract=off -I src,clang 21.0.0 (clang-2100.3.34.2),libc++,arm64,libcxx,native,664d906899b1726ae6d0bd3856483c4590af875a9dfdc3fee14fdcb79dbc4e34,false
exp7-manifest-1,2026-09-25T05:25:13Z,p1,tail,LEGACY,double,-,0.59999999999999998,10002,raw/p1/p1_tail_libcxx_LEGACY_k0.6_s10002_double.bin,bin,9997,8,1,5,80072,58bc7d60bbfc193eb0eb5fa6a479f9b172652c583f665e04a7ebacc2658fcb4d,./exp7_probe_libcxx.exe,2f81b486545542fc7b2159aaeec4d7169505046154a97bb1469c18bc24d28fac,-Wall -Wextra -std=c++11 -O2 -ffp-contract=off -I src,clang 21.0.0 (clang-2100.3.34.2),libc++,arm64,libcxx,native,664d906899b1726ae6d0bd3856483c4590af875a9dfdc3fee14fdcb79dbc4e34,false
exp7-manifest-1,2026-09-25T05:25:13Z,p1,tail,CANDIDATE,double,-,0.59999999999999998,10002,raw/p1/p1_tail_libcxx_CANDIDATE_k0.6_s10002_double.bin,bin,9901,8,1,5,79304,3a3bb12462bcca079156b0da746f17eb517075ffe4fa263b66f9d2dd76708dc6,./exp7_probe_libcxx.exe,2f81b486545542fc7b2159aaeec4d7169505046154a97bb1469c18bc24d28fac,-Wall -Wextra -std=c++11 -O2 -ffp-contract=off -I src,clang 21.0.0 (clang-2100.3.34.2),libc++,arm64,libcxx,native,664d906899b1726ae6d0bd3856483c4590af875a9dfdc3fee14fdcb79dbc4e34,false
exp7-manifest-1,2026-09-25T05:25:13Z,p1,tail,LEGACY,double,-,0.59999999999999998,10003,raw/p1/p1_tail_libcxx_LEGACY_k0.6_s10003_double.bin,bin,9944,8,1,5,79648,1df2466241e2cbb10b8e4c8b6ab0dbe711dc72a8308b396a826628df12de69d0,./exp7_probe_libcxx.exe,2f81b486545542fc7b2159aaeec4d7169505046154a97bb1469c18bc24d28fac,-Wall -Wextra -std=c++11 -O2 -ffp-contract=off -I src,clang 21.0.0 (clang-2100.3.34.2),libc++,arm64,libcxx,native,664d906899b1726ae6d0bd3856483c4590af875a9dfdc3fee14fdcb79dbc4e34,false
exp7-manifest-1,2026-09-25T05:25:13Z,p1,tail,CANDIDATE,double,-,0.59999999999999998,10003,raw/p1/p1_tail_libcxx_CANDIDATE_k0.6_s10003_double.bin,bin,9925,8,1,5,79496,5a3c220ffd7e1e3aa18c46e2456baabb394a374a808feb92e05009343e5d80e0,./exp7_probe_libcxx.exe,2f81b486545542fc7b2159aaeec4d7169505046154a97bb1469c18bc24d28fac,-Wall -Wextra -std=c++11 -O2 -ffp-contract=off -I src,clang 21.0.0 (clang-2100.3.34.2),libc++,arm64,libcxx,native,664d906899b1726ae6d0bd3856483c4590af875a9dfdc3fee14fdcb79dbc4e34,false
exp7-manifest-1,2026-09-25T05:25:13Z,p1,tail,LEGACY,double,-,0.59999999999999998,10004,raw/p1/p1_tail_libcxx_LEGACY_k0.6_s10004_double.bin,bin,10020,8,1,5,80256,5d5da49c4b11efed24c3170114d04792913bf96c3a85b9b6b60e4b14b6e87f69,./exp7_probe_libcxx.exe,2f81b486545542fc7b2159aaeec4d7169505046154a97bb1469c18bc24d28fac,-Wall -Wextra -std=c++11 -O2 -ffp-contract=off -I src,clang 21.0.0 (clang-2100.3.34.2),libc++,arm64,libcxx,native,664d906899b1726ae6d0bd3856483c4590af875a9dfdc3fee14fdcb79dbc4e34,false
exp7-manifest-1,2026-09-25T05:25:13Z,p1,tail,CANDIDATE,double,-,0.59999999999999998,10004,raw/p1/p1_tail_libcxx_CANDIDATE_k0.6_s10004_double.bin,bin,9955,8,1,5,79736,4fef7c3c5647bda523a11a134b5dd19942bdf27d99cfe80590a3f29ac282a36a,./exp7_probe_libcxx.exe,2f81b486545542fc7b2159aaeec4d7169505046154a97bb1469c18bc24d28fac,-Wall -Wextra -std=c++11 -O2 -ffp-contract=off -I src,clang 21.0.0 (clang-2100.3.34.2),libc++,arm64,libcxx,native,664d906899b1726ae6d0bd3856483c4590af875a9dfdc3fee14fdcb79dbc4e34,false
exp7-manifest-1,2026-09-25T05:25:13Z,p1,tail,LEGACY,double,-,0.59999999999999998,10005,raw/p1/p1_tail_libcxx_LEGACY_k0.6_s10005_double.bin,bin,9927,8,1,5,79512,13d69410c308e5e607e271830df296fb1e355f1e1358b99c05d8c490549e62f1,./exp7_probe_libcxx.exe,2f81b486545542fc7b2159aaeec4d7169505046154a97bb1469c18bc24d28fac,-Wall -Wextra -std=c++11 -O2 -ffp-contract=off -I src,clang 21.0.0 (clang-2100.3.34.2),libc++,arm64,libcxx,native,664d906899b1726ae6d0bd3856483c4590af875a9dfdc3fee14fdcb79dbc4e34,false
exp7-manifest-1,2026-09-25T05:25:13Z,p1,tail,CANDIDATE,double,-,0.59999999999999998,10005,raw/p1/p1_tail_libcxx_CANDIDATE_k0.6_s10005_double.bin,bin,10145,8,1,5,81256,8a61d960bb3918fbda161791ec189d6886d795708d79eacfea826251bd288dd5,./exp7_probe_libcxx.exe,2f81b486545542fc7b2159aaeec4d7169505046154a97bb1469c18bc24d28fac,-Wall -Wextra -std=c++11 -O2 -ffp-contract=off -I src,clang 21.0.0 (clang-2100.3.34.2),libc++,arm64,libcxx,native,664d906899b1726ae6d0bd3856483c4590af875a9dfdc3fee14fdcb79dbc4e34,false
exp7-manifest-1,2026-09-25T05:25:13Z,p1,tail,LEGACY,double,-,0.75,10001,raw/p1/p1_tail_libcxx_LEGACY_k0.75_s10001_double.bin,bin,9952,8,1,5,79712,4e67a058fc3bb1acf4c22605cb6b45d900d4e8d855d3333898999b3214863f04,./exp7_probe_libcxx.exe,2f81b486545542fc7b2159aaeec4d7169505046154a97bb1469c18bc24d28fac,-Wall -Wextra -std=c++11 -O2 -ffp-contract=off -I src,clang 21.0.0 (clang-2100.3.34.2),libc++,arm64,libcxx,native,664d906899b1726ae6d0bd3856483c4590af875a9dfdc3fee14fdcb79dbc4e34,false
exp7-manifest-1,2026-09-25T05:25:13Z,p1,tail,CANDIDATE,double,-,0.75,10001,raw/p1/p1_tail_libcxx_CANDIDATE_k0.75_s10001_double.bin,bin,10072,8,1,5,80672,dbcd601c39600f653b1d7255ea99c0516f3c8625157400fab8b1c1644f64ddab,./exp7_probe_libcxx.exe,2f81b486545542fc7b2159aaeec4d7169505046154a97bb1469c18bc24d28fac,-Wall -Wextra -std=c++11 -O2 -ffp-contract=off -I src,clang 21.0.0 (clang-2100.3.34.2),libc++,arm64,libcxx,native,664d906899b1726ae6d0bd3856483c4590af875a9dfdc3fee14fdcb79dbc4e34,false
exp7-manifest-1,2026-09-25T05:25:13Z,p1,tail,LEGACY,double,-,0.75,10002,raw/p1/p1_tail_libcxx_LEGACY_k0.75_s10002_double.bin,bin,9941,8,1,5,79624,a7634ff2a50879052922655e2f1c2be3c5802618e5f9d548d4043e0479be2704,./exp7_probe_libcxx.exe,2f81b486545542fc7b2159aaeec4d7169505046154a97bb1469c18bc24d28fac,-Wall -Wextra -std=c++11 -O2 -ffp-contract=off -I src,clang 21.0.0 (clang-2100.3.34.2),libc++,arm64,libcxx,native,664d906899b1726ae6d0bd3856483c4590af875a9dfdc3fee14fdcb79dbc4e34,false
exp7-manifest-1,2026-09-25T05:25:13Z,p1,tail,CANDIDATE,double,-,0.75,10002,raw/p1/p1_tail_libcxx_CANDIDATE_k0.75_s10002_double.bin,bin,9980,8,1,5,79936,99b55c06ffadc7269b886878ba3e0818754c81f0c64b946a24c7739e16f1e587,./exp7_probe_libcxx.exe,2f81b486545542fc7b2159aaeec4d7169505046154a97bb1469c18bc24d28fac,-Wall -Wextra -std=c++11 -O2 -ffp-contract=off -I src,clang 21.0.0 (clang-2100.3.34.2),libc++,arm64,libcxx,native,664d906899b1726ae6d0bd3856483c4590af875a9dfdc3fee14fdcb79dbc4e34,false
exp7-manifest-1,2026-09-25T05:25:13Z,p1,tail,LEGACY,double,-,0.75,10003,raw/p1/p1_tail_libcxx_LEGACY_k0.75_s10003_double.bin,bin,10168,8,1,5,81440,3b9b9527360a0c70e06c00ba7e7add230eaf73aa94faccfdc28f10d14f08be3e,./exp7_probe_libcxx.exe,2f81b486545542fc7b2159aaeec4d7169505046154a97bb1469c18bc24d28fac,-Wall -Wextra -std=c++11 -O2 -ffp-contract=off -I src,clang 21.0.0 (clang-2100.3.34.2),libc++,arm64,libcxx,native,664d906899b1726ae6d0bd3856483c4590af875a9dfdc3fee14fdcb79dbc4e34,false
exp7-manifest-1,2026-09-25T05:25:13Z,p1,tail,CANDIDATE,double,-,0.75,10003,raw/p1/p1_tail_libcxx_CANDIDATE_k0.75_s10003_double.bin,bin,10149,8,1,5,81288,761bea65002c143cd10949618535b30b9fd3255a89ae9adbe70cee4e978dc3c0,./exp7_probe_libcxx.exe,2f81b486545542fc7b2159aaeec4d7169505046154a97bb1469c18bc24d28fac,-Wall -Wextra -std=c++11 -O2 -ffp-contract=off -I src,clang 21.0.0 (clang-2100.3.34.2),libc++,arm64,libcxx,native,664d906899b1726ae6d0bd3856483c4590af875a9dfdc3fee14fdcb79dbc4e34,false
exp7-manifest-1,2026-09-25T05:25:13Z,p1,tail,LEGACY,double,-,0.75,10004,raw/p1/p1_tail_libcxx_LEGACY_k0.75_s10004_double.bin,bin,10008,8,1,5,80160,aa2a7d906c5483550765aaeb112d794cd2347a5ab4f6fdae25be1e4d1aba685d,./exp7_probe_libcxx.exe,2f81b486545542fc7b2159aaeec4d7169505046154a97bb1469c18bc24d28fac,-Wall -Wextra -std=c++11 -O2 -ffp-contract=off -I src,clang 21.0.0 (clang-2100.3.34.2),libc++,arm64,libcxx,native,664d906899b1726ae6d0bd3856483c4590af875a9dfdc3fee14fdcb79dbc4e34,false
exp7-manifest-1,2026-09-25T05:25:13Z,p1,tail,CANDIDATE,double,-,0.75,10004,raw/p1/p1_tail_libcxx_CANDIDATE_k0.75_s10004_double.bin,bin,10090,8,1,5,80816,c8d135fe36b0393f0fefaadb54655f1bad3c48a636062b602047bd189c5f73e2,./exp7_probe_libcxx.exe,2f81b486545542fc7b2159aaeec4d7169505046154a97bb1469c18bc24d28fac,-Wall -Wextra -std=c++11 -O2 -ffp-contract=off -I src,clang 21.0.0 (clang-2100.3.34.2),libc++,arm64,libcxx,native,664d906899b1726ae6d0bd3856483c4590af875a9dfdc3fee14fdcb79dbc4e34,false
exp7-manifest-1,2026-09-25T05:25:13Z,p1,tail,LEGACY,double,-,0.75,10005,raw/p1/p1_tail_libcxx_LEGACY_k0.75_s10005_double.bin,bin,10156,8,1,5,81344,ec9f82ec4c0eb9ed0966afb8ca55ffeca0f0c882614977a1cb4fec717c705073,./exp7_probe_libcxx.exe,2f81b486545542fc7b2159aaeec4d7169505046154a97bb1469c18bc24d28fac,-Wall -Wextra -std=c++11 -O2 -ffp-contract=off -I src,clang 21.0.0 (clang-2100.3.34.2),libc++,arm64,libcxx,native,664d906899b1726ae6d0bd3856483c4590af875a9dfdc3fee14fdcb79dbc4e34,false
exp7-manifest-1,2026-09-25T05:25:13Z,p1,tail,CANDIDATE,double,-,0.75,10005,raw/p1/p1_tail_libcxx_CANDIDATE_k0.75_s10005_double.bin,bin,9990,8,1,5,80016,98c9e1dde14857e4bb5b8671b154a51af4eb61547a3666eee71fd638fc51b3ec,./exp7_probe_libcxx.exe,2f81b486545542fc7b2159aaeec4d7169505046154a97bb1469c18bc24d28fac,-Wall -Wextra -std=c++11 -O2 -ffp-contract=off -I src,clang 21.0.0 (clang-2100.3.34.2),libc++,arm64,libcxx,native,664d906899b1726ae6d0bd3856483c4590af875a9dfdc3fee14fdcb79dbc4e34,false
exp7-manifest-1,2026-09-25T05:25:13Z,p1,tail,LEGACY,double,-,1,10001,raw/p1/p1_tail_libcxx_LEGACY_k1_s10001_double.bin,bin,10072,8,1,5,80672,b854a67f58e28316ef3076e77a620f21d30f0340d7b2b0312855c58c2f5ee174,./exp7_probe_libcxx.exe,2f81b486545542fc7b2159aaeec4d7169505046154a97bb1469c18bc24d28fac,-Wall -Wextra -std=c++11 -O2 -ffp-contract=off -I src,clang 21.0.0 (clang-2100.3.34.2),libc++,arm64,libcxx,native,664d906899b1726ae6d0bd3856483c4590af875a9dfdc3fee14fdcb79dbc4e34,false
exp7-manifest-1,2026-09-25T05:25:13Z,p1,tail,CANDIDATE,double,-,1,10001,raw/p1/p1_tail_libcxx_CANDIDATE_k1_s10001_double.bin,bin,9952,8,1,5,79712,286f51b3acb4e3bedda92ebc91d92ce280ccfdf3136e8fd40097c66abf869c5e,./exp7_probe_libcxx.exe,2f81b486545542fc7b2159aaeec4d7169505046154a97bb1469c18bc24d28fac,-Wall -Wextra -std=c++11 -O2 -ffp-contract=off -I src,clang 21.0.0 (clang-2100.3.34.2),libc++,arm64,libcxx,native,664d906899b1726ae6d0bd3856483c4590af875a9dfdc3fee14fdcb79dbc4e34,false
exp7-manifest-1,2026-09-25T05:25:13Z,p1,tail,LEGACY,double,-,1,10002,raw/p1/p1_tail_libcxx_LEGACY_k1_s10002_double.bin,bin,9958,8,1,5,79760,118864ac38393894175831b61d975bee5d704675eee4b5f97fecef0278f76358,./exp7_probe_libcxx.exe,2f81b486545542fc7b2159aaeec4d7169505046154a97bb1469c18bc24d28fac,-Wall -Wextra -std=c++11 -O2 -ffp-contract=off -I src,clang 21.0.0 (clang-2100.3.34.2),libc++,arm64,libcxx,native,664d906899b1726ae6d0bd3856483c4590af875a9dfdc3fee14fdcb79dbc4e34,false
exp7-manifest-1,2026-09-25T05:25:13Z,p1,tail,CANDIDATE,double,-,1,10002,raw/p1/p1_tail_libcxx_CANDIDATE_k1_s10002_double.bin,bin,9981,8,1,5,79944,a3ca5dde5c0fcb74e6ebf81320e8716b7487cf5714aae42c57a5bdba7bc19e4f,./exp7_probe_libcxx.exe,2f81b486545542fc7b2159aaeec4d7169505046154a97bb1469c18bc24d28fac,-Wall -Wextra -std=c++11 -O2 -ffp-contract=off -I src,clang 21.0.0 (clang-2100.3.34.2),libc++,arm64,libcxx,native,664d906899b1726ae6d0bd3856483c4590af875a9dfdc3fee14fdcb79dbc4e34,false
exp7-manifest-1,2026-09-25T05:25:13Z,p1,tail,LEGACY,double,-,1,10003,raw/p1/p1_tail_libcxx_LEGACY_k1_s10003_double.bin,bin,10066,8,1,5,80624,ed924d4fbd19892f6f0ac2d19eccf0d4ac9944459dcc1f11a86b09ff33bc0506,./exp7_probe_libcxx.exe,2f81b486545542fc7b2159aaeec4d7169505046154a97bb1469c18bc24d28fac,-Wall -Wextra -std=c++11 -O2 -ffp-contract=off -I src,clang 21.0.0 (clang-2100.3.34.2),libc++,arm64,libcxx,native,664d906899b1726ae6d0bd3856483c4590af875a9dfdc3fee14fdcb79dbc4e34,false
exp7-manifest-1,2026-09-25T05:25:13Z,p1,tail,CANDIDATE,double,-,1,10003,raw/p1/p1_tail_libcxx_CANDIDATE_k1_s10003_double.bin,bin,10104,8,1,5,80928,0edb2adf751f1973086b796c1e3a5cae40e3d1caffeb5d8f791d1e8eaa912257,./exp7_probe_libcxx.exe,2f81b486545542fc7b2159aaeec4d7169505046154a97bb1469c18bc24d28fac,-Wall -Wextra -std=c++11 -O2 -ffp-contract=off -I src,clang 21.0.0 (clang-2100.3.34.2),libc++,arm64,libcxx,native,664d906899b1726ae6d0bd3856483c4590af875a9dfdc3fee14fdcb79dbc4e34,false
exp7-manifest-1,2026-09-25T05:25:13Z,p1,tail,LEGACY,double,-,1,10004,raw/p1/p1_tail_libcxx_LEGACY_k1_s10004_double.bin,bin,10030,8,1,5,80336,aebe55af3c6657710e7e05adb4188151e4552973bf8a0f50ca53d229172fc7ec,./exp7_probe_libcxx.exe,2f81b486545542fc7b2159aaeec4d7169505046154a97bb1469c18bc24d28fac,-Wall -Wextra -std=c++11 -O2 -ffp-contract=off -I src,clang 21.0.0 (clang-2100.3.34.2),libc++,arm64,libcxx,native,664d906899b1726ae6d0bd3856483c4590af875a9dfdc3fee14fdcb79dbc4e34,false
exp7-manifest-1,2026-09-25T05:25:13Z,p1,tail,CANDIDATE,double,-,1,10004,raw/p1/p1_tail_libcxx_CANDIDATE_k1_s10004_double.bin,bin,10066,8,1,5,80624,cdc760b55175a1422a65fee1b9a5e0468d44ecc221bd9443d309ad890c5e294c,./exp7_probe_libcxx.exe,2f81b486545542fc7b2159aaeec4d7169505046154a97bb1469c18bc24d28fac,-Wall -Wextra -std=c++11 -O2 -ffp-contract=off -I src,clang 21.0.0 (clang-2100.3.34.2),libc++,arm64,libcxx,native,664d906899b1726ae6d0bd3856483c4590af875a9dfdc3fee14fdcb79dbc4e34,false
exp7-manifest-1,2026-09-25T05:25:13Z,p1,tail,LEGACY,double,-,1,10005,raw/p1/p1_tail_libcxx_LEGACY_k1_s10005_double.bin,bin,9998,8,1,5,80080,ca8f1160bd29812262c6f17af3fc5128c72128394f66b014ed9f02e4d8ede892,./exp7_probe_libcxx.exe,2f81b486545542fc7b2159aaeec4d7169505046154a97bb1469c18bc24d28fac,-Wall -Wextra -std=c++11 -O2 -ffp-contract=off -I src,clang 21.0.0 (clang-2100.3.34.2),libc++,arm64,libcxx,native,664d906899b1726ae6d0bd3856483c4590af875a9dfdc3fee14fdcb79dbc4e34,false
exp7-manifest-1,2026-09-25T05:25:13Z,p1,tail,CANDIDATE,double,-,1,10005,raw/p1/p1_tail_libcxx_CANDIDATE_k1_s10005_double.bin,bin,10141,8,1,5,81224,c59c0e07143f6046608a4e83e3e96ed9e51abb7fd3626bf754b90d16e1e32f96,./exp7_probe_libcxx.exe,2f81b486545542fc7b2159aaeec4d7169505046154a97bb1469c18bc24d28fac,-Wall -Wextra -std=c++11 -O2 -ffp-contract=off -I src,clang 21.0.0 (clang-2100.3.34.2),libc++,arm64,libcxx,native,664d906899b1726ae6d0bd3856483c4590af875a9dfdc3fee14fdcb79dbc4e34,false
exp7-manifest-1,2026-09-25T05:25:13Z,p1,tail,LEGACY,double,-,1.25,10001,raw/p1/p1_tail_libcxx_LEGACY_k1.25_s10001_double.bin,bin,9855,8,1,5,78936,1c9b14311be52a6890ff71c0d1daf61632013525cd51fe8c30c638ce8493b6ee,./exp7_probe_libcxx.exe,2f81b486545542fc7b2159aaeec4d7169505046154a97bb1469c18bc24d28fac,-Wall -Wextra -std=c++11 -O2 -ffp-contract=off -I src,clang 21.0.0 (clang-2100.3.34.2),libc++,arm64,libcxx,native,664d906899b1726ae6d0bd3856483c4590af875a9dfdc3fee14fdcb79dbc4e34,false
exp7-manifest-1,2026-09-25T05:25:13Z,p1,tail,CANDIDATE,double,-,1.25,10001,raw/p1/p1_tail_libcxx_CANDIDATE_k1.25_s10001_double.bin,bin,10120,8,1,5,81056,e25039380c887c1c0e12e6446ed1033133a2117aeb2efbe65360179d93b53004,./exp7_probe_libcxx.exe,2f81b486545542fc7b2159aaeec4d7169505046154a97bb1469c18bc24d28fac,-Wall -Wextra -std=c++11 -O2 -ffp-contract=off -I src,clang 21.0.0 (clang-2100.3.34.2),libc++,arm64,libcxx,native,664d906899b1726ae6d0bd3856483c4590af875a9dfdc3fee14fdcb79dbc4e34,false
exp7-manifest-1,2026-09-25T05:25:13Z,p1,tail,LEGACY,double,-,1.25,10002,raw/p1/p1_tail_libcxx_LEGACY_k1.25_s10002_double.bin,bin,10047,8,1,5,80472,41ad676dfb0cbeccbbf4e75ae06f7cc0bc56d8dc4b6daddea77accaa3a3dc098,./exp7_probe_libcxx.exe,2f81b486545542fc7b2159aaeec4d7169505046154a97bb1469c18bc24d28fac,-Wall -Wextra -std=c++11 -O2 -ffp-contract=off -I src,clang 21.0.0 (clang-2100.3.34.2),libc++,arm64,libcxx,native,664d906899b1726ae6d0bd3856483c4590af875a9dfdc3fee14fdcb79dbc4e34,false
exp7-manifest-1,2026-09-25T05:25:13Z,p1,tail,CANDIDATE,double,-,1.25,10002,raw/p1/p1_tail_libcxx_CANDIDATE_k1.25_s10002_double.bin,bin,9949,8,1,5,79688,c5852c7b2a063d77c4a1618ef271bde45c30ccef896f1a1f7e3f68a5f634ed32,./exp7_probe_libcxx.exe,2f81b486545542fc7b2159aaeec4d7169505046154a97bb1469c18bc24d28fac,-Wall -Wextra -std=c++11 -O2 -ffp-contract=off -I src,clang 21.0.0 (clang-2100.3.34.2),libc++,arm64,libcxx,native,664d906899b1726ae6d0bd3856483c4590af875a9dfdc3fee14fdcb79dbc4e34,false
exp7-manifest-1,2026-09-25T05:25:13Z,p1,tail,LEGACY,double,-,1.25,10003,raw/p1/p1_tail_libcxx_LEGACY_k1.25_s10003_double.bin,bin,10005,8,1,5,80136,069476360750501b68e05d89c1a0876a25e219c1dcf0a3463b6f5900e6adc762,./exp7_probe_libcxx.exe,2f81b486545542fc7b2159aaeec4d7169505046154a97bb1469c18bc24d28fac,-Wall -Wextra -std=c++11 -O2 -ffp-contract=off -I src,clang 21.0.0 (clang-2100.3.34.2),libc++,arm64,libcxx,native,664d906899b1726ae6d0bd3856483c4590af875a9dfdc3fee14fdcb79dbc4e34,false
exp7-manifest-1,2026-09-25T05:25:13Z,p1,tail,CANDIDATE,double,-,1.25,10003,raw/p1/p1_tail_libcxx_CANDIDATE_k1.25_s10003_double.bin,bin,10057,8,1,5,80552,dcf25a74c4bd254777685cba13ef41d1136dd3dc9e8a65380e09e6184ba0dd50,./exp7_probe_libcxx.exe,2f81b486545542fc7b2159aaeec4d7169505046154a97bb1469c18bc24d28fac,-Wall -Wextra -std=c++11 -O2 -ffp-contract=off -I src,clang 21.0.0 (clang-2100.3.34.2),libc++,arm64,libcxx,native,664d906899b1726ae6d0bd3856483c4590af875a9dfdc3fee14fdcb79dbc4e34,false
exp7-manifest-1,2026-09-25T05:25:13Z,p1,tail,LEGACY,double,-,1.25,10004,raw/p1/p1_tail_libcxx_LEGACY_k1.25_s10004_double.bin,bin,9808,8,1,5,78560,11efc197105d82a3dacb5706139d31871f1bd33fae2f3dc6a6f52d8faf713dde,./exp7_probe_libcxx.exe,2f81b486545542fc7b2159aaeec4d7169505046154a97bb1469c18bc24d28fac,-Wall -Wextra -std=c++11 -O2 -ffp-contract=off -I src,clang 21.0.0 (clang-2100.3.34.2),libc++,arm64,libcxx,native,664d906899b1726ae6d0bd3856483c4590af875a9dfdc3fee14fdcb79dbc4e34,false
exp7-manifest-1,2026-09-25T05:25:13Z,p1,tail,CANDIDATE,double,-,1.25,10004,raw/p1/p1_tail_libcxx_CANDIDATE_k1.25_s10004_double.bin,bin,10009,8,1,5,80168,43c9e28966ace0a14caa889153ad2a0180ac5f5d131e63c8071963434d4e2bed,./exp7_probe_libcxx.exe,2f81b486545542fc7b2159aaeec4d7169505046154a97bb1469c18bc24d28fac,-Wall -Wextra -std=c++11 -O2 -ffp-contract=off -I src,clang 21.0.0 (clang-2100.3.34.2),libc++,arm64,libcxx,native,664d906899b1726ae6d0bd3856483c4590af875a9dfdc3fee14fdcb79dbc4e34,false
exp7-manifest-1,2026-09-25T05:25:13Z,p1,tail,LEGACY,double,-,1.25,10005,raw/p1/p1_tail_libcxx_LEGACY_k1.25_s10005_double.bin,bin,9991,8,1,5,80024,73dce4827102bc82b432837cb00c83ad74cbaf526527af93c901006cf4b15dfc,./exp7_probe_libcxx.exe,2f81b486545542fc7b2159aaeec4d7169505046154a97bb1469c18bc24d28fac,-Wall -Wextra -std=c++11 -O2 -ffp-contract=off -I src,clang 21.0.0 (clang-2100.3.34.2),libc++,arm64,libcxx,native,664d906899b1726ae6d0bd3856483c4590af875a9dfdc3fee14fdcb79dbc4e34,false
exp7-manifest-1,2026-09-25T05:25:13Z,p1,tail,CANDIDATE,double,-,1.25,10005,raw/p1/p1_tail_libcxx_CANDIDATE_k1.25_s10005_double.bin,bin,9982,8,1,5,79952,409a8d21f80e68ec5996f2d7c8f63ac1c167cbf501a76a75e691c6d02a76bcac,./exp7_probe_libcxx.exe,2f81b486545542fc7b2159aaeec4d7169505046154a97bb1469c18bc24d28fac,-Wall -Wextra -std=c++11 -O2 -ffp-contract=off -I src,clang 21.0.0 (clang-2100.3.34.2),libc++,arm64,libcxx,native,664d906899b1726ae6d0bd3856483c4590af875a9dfdc3fee14fdcb79dbc4e34,false
exp7-manifest-1,2026-09-25T05:25:13Z,p1,tail,LEGACY,double,-,1.49,10001,raw/p1/p1_tail_libcxx_LEGACY_k1.49_s10001_double.bin,bin,9990,8,1,5,80016,48b6b93c115c9b62d01a448f67f8ac86a8b49a70da53f3e8aa1b555803a955ea,./exp7_probe_libcxx.exe,2f81b486545542fc7b2159aaeec4d7169505046154a97bb1469c18bc24d28fac,-Wall -Wextra -std=c++11 -O2 -ffp-contract=off -I src,clang 21.0.0 (clang-2100.3.34.2),libc++,arm64,libcxx,native,664d906899b1726ae6d0bd3856483c4590af875a9dfdc3fee14fdcb79dbc4e34,false
exp7-manifest-1,2026-09-25T05:25:13Z,p1,tail,CANDIDATE,double,-,1.49,10001,raw/p1/p1_tail_libcxx_CANDIDATE_k1.49_s10001_double.bin,bin,9944,8,1,5,79648,901de6438ef15db4e03dde08bafbeca30950d00255c9320f1bc928492d4cdd6b,./exp7_probe_libcxx.exe,2f81b486545542fc7b2159aaeec4d7169505046154a97bb1469c18bc24d28fac,-Wall -Wextra -std=c++11 -O2 -ffp-contract=off -I src,clang 21.0.0 (clang-2100.3.34.2),libc++,arm64,libcxx,native,664d906899b1726ae6d0bd3856483c4590af875a9dfdc3fee14fdcb79dbc4e34,false
exp7-manifest-1,2026-09-25T05:25:13Z,p1,tail,LEGACY,double,-,1.49,10002,raw/p1/p1_tail_libcxx_LEGACY_k1.49_s10002_double.bin,bin,9822,8,1,5,78672,30c80e02206a792bb7fe7c244f24d2f23cabff614d75e6fef5a1392db427bc21,./exp7_probe_libcxx.exe,2f81b486545542fc7b2159aaeec4d7169505046154a97bb1469c18bc24d28fac,-Wall -Wextra -std=c++11 -O2 -ffp-contract=off -I src,clang 21.0.0 (clang-2100.3.34.2),libc++,arm64,libcxx,native,664d906899b1726ae6d0bd3856483c4590af875a9dfdc3fee14fdcb79dbc4e34,false
exp7-manifest-1,2026-09-25T05:25:13Z,p1,tail,CANDIDATE,double,-,1.49,10002,raw/p1/p1_tail_libcxx_CANDIDATE_k1.49_s10002_double.bin,bin,10119,8,1,5,81048,50e0008c5475f29247f8b3d5fd93127ddf25ef8e22fe223aad8c68dc655f3aee,./exp7_probe_libcxx.exe,2f81b486545542fc7b2159aaeec4d7169505046154a97bb1469c18bc24d28fac,-Wall -Wextra -std=c++11 -O2 -ffp-contract=off -I src,clang 21.0.0 (clang-2100.3.34.2),libc++,arm64,libcxx,native,664d906899b1726ae6d0bd3856483c4590af875a9dfdc3fee14fdcb79dbc4e34,false
exp7-manifest-1,2026-09-25T05:25:13Z,p1,tail,LEGACY,double,-,1.49,10003,raw/p1/p1_tail_libcxx_LEGACY_k1.49_s10003_double.bin,bin,10066,8,1,5,80624,993352d0adc3f664a01b7067d5e191ea1b82d9542583db506893ecbac623832a,./exp7_probe_libcxx.exe,2f81b486545542fc7b2159aaeec4d7169505046154a97bb1469c18bc24d28fac,-Wall -Wextra -std=c++11 -O2 -ffp-contract=off -I src,clang 21.0.0 (clang-2100.3.34.2),libc++,arm64,libcxx,native,664d906899b1726ae6d0bd3856483c4590af875a9dfdc3fee14fdcb79dbc4e34,false
exp7-manifest-1,2026-09-25T05:25:13Z,p1,tail,CANDIDATE,double,-,1.49,10003,raw/p1/p1_tail_libcxx_CANDIDATE_k1.49_s10003_double.bin,bin,10042,8,1,5,80432,c276549d78f723303f762942562f1bc72e2e5d519487de630790f69adf2ef638,./exp7_probe_libcxx.exe,2f81b486545542fc7b2159aaeec4d7169505046154a97bb1469c18bc24d28fac,-Wall -Wextra -std=c++11 -O2 -ffp-contract=off -I src,clang 21.0.0 (clang-2100.3.34.2),libc++,arm64,libcxx,native,664d906899b1726ae6d0bd3856483c4590af875a9dfdc3fee14fdcb79dbc4e34,false
exp7-manifest-1,2026-09-25T05:25:13Z,p1,tail,LEGACY,double,-,1.49,10004,raw/p1/p1_tail_libcxx_LEGACY_k1.49_s10004_double.bin,bin,10064,8,1,5,80608,63b8ddf9f023d89937882b0f2cbb24dc18cf2e155e76ec738774c94d171adb8d,./exp7_probe_libcxx.exe,2f81b486545542fc7b2159aaeec4d7169505046154a97bb1469c18bc24d28fac,-Wall -Wextra -std=c++11 -O2 -ffp-contract=off -I src,clang 21.0.0 (clang-2100.3.34.2),libc++,arm64,libcxx,native,664d906899b1726ae6d0bd3856483c4590af875a9dfdc3fee14fdcb79dbc4e34,false
exp7-manifest-1,2026-09-25T05:25:13Z,p1,tail,CANDIDATE,double,-,1.49,10004,raw/p1/p1_tail_libcxx_CANDIDATE_k1.49_s10004_double.bin,bin,9946,8,1,5,79664,f74a368b7dd88e9b55096e66d410af130311018cc4f90f38157808b83f27d543,./exp7_probe_libcxx.exe,2f81b486545542fc7b2159aaeec4d7169505046154a97bb1469c18bc24d28fac,-Wall -Wextra -std=c++11 -O2 -ffp-contract=off -I src,clang 21.0.0 (clang-2100.3.34.2),libc++,arm64,libcxx,native,664d906899b1726ae6d0bd3856483c4590af875a9dfdc3fee14fdcb79dbc4e34,false
exp7-manifest-1,2026-09-25T05:25:13Z,p1,tail,LEGACY,double,-,1.49,10005,raw/p1/p1_tail_libcxx_LEGACY_k1.49_s10005_double.bin,bin,9866,8,1,5,79024,8b9842cfbdef001533a3bd07ed4bdd9281bb8f97e709a7196959b638a93197c1,./exp7_probe_libcxx.exe,2f81b486545542fc7b2159aaeec4d7169505046154a97bb1469c18bc24d28fac,-Wall -Wextra -std=c++11 -O2 -ffp-contract=off -I src,clang 21.0.0 (clang-2100.3.34.2),libc++,arm64,libcxx,native,664d906899b1726ae6d0bd3856483c4590af875a9dfdc3fee14fdcb79dbc4e34,false
exp7-manifest-1,2026-09-25T05:25:13Z,p1,tail,CANDIDATE,double,-,1.49,10005,raw/p1/p1_tail_libcxx_CANDIDATE_k1.49_s10005_double.bin,bin,9983,8,1,5,79960,26eab0f44b59689fa79ec2a141889887e7b97b3e58b6f10bcc2b9ce2dbaedaf5,./exp7_probe_libcxx.exe,2f81b486545542fc7b2159aaeec4d7169505046154a97bb1469c18bc24d28fac,-Wall -Wextra -std=c++11 -O2 -ffp-contract=off -I src,clang 21.0.0 (clang-2100.3.34.2),libc++,arm64,libcxx,native,664d906899b1726ae6d0bd3856483c4590af875a9dfdc3fee14fdcb79dbc4e34,false
exp7-manifest-1,2026-09-25T05:25:13Z,p1,tail,LEGACY,double,-,1.5,10001,raw/p1/p1_tail_libcxx_LEGACY_k1.5_s10001_double.bin,bin,9952,8,1,5,79712,fa5059ac82459cc74325c79bbfa449eabdab94246d4548f2c09dd9788e2d5b0e,./exp7_probe_libcxx.exe,2f81b486545542fc7b2159aaeec4d7169505046154a97bb1469c18bc24d28fac,-Wall -Wextra -std=c++11 -O2 -ffp-contract=off -I src,clang 21.0.0 (clang-2100.3.34.2),libc++,arm64,libcxx,native,664d906899b1726ae6d0bd3856483c4590af875a9dfdc3fee14fdcb79dbc4e34,false
exp7-manifest-1,2026-09-25T05:25:13Z,p1,tail,CANDIDATE,double,-,1.5,10001,raw/p1/p1_tail_libcxx_CANDIDATE_k1.5_s10001_double.bin,bin,9995,8,1,5,80056,4ee53a7ac935c4ab4d0db84e51871b0a0c177adc166c663eeaeb1a24a6dc34a5,./exp7_probe_libcxx.exe,2f81b486545542fc7b2159aaeec4d7169505046154a97bb1469c18bc24d28fac,-Wall -Wextra -std=c++11 -O2 -ffp-contract=off -I src,clang 21.0.0 (clang-2100.3.34.2),libc++,arm64,libcxx,native,664d906899b1726ae6d0bd3856483c4590af875a9dfdc3fee14fdcb79dbc4e34,false
exp7-manifest-1,2026-09-25T05:25:13Z,p1,tail,LEGACY,double,-,1.5,10002,raw/p1/p1_tail_libcxx_LEGACY_k1.5_s10002_double.bin,bin,10055,8,1,5,80536,86bdd79bbb3c0f4f533eede085f15c8d13d2d7b9206013a067872a819977f84b,./exp7_probe_libcxx.exe,2f81b486545542fc7b2159aaeec4d7169505046154a97bb1469c18bc24d28fac,-Wall -Wextra -std=c++11 -O2 -ffp-contract=off -I src,clang 21.0.0 (clang-2100.3.34.2),libc++,arm64,libcxx,native,664d906899b1726ae6d0bd3856483c4590af875a9dfdc3fee14fdcb79dbc4e34,false
exp7-manifest-1,2026-09-25T05:25:13Z,p1,tail,CANDIDATE,double,-,1.5,10002,raw/p1/p1_tail_libcxx_CANDIDATE_k1.5_s10002_double.bin,bin,9913,8,1,5,79400,2815ed1a5fa0ef70e722fdae4a58aa5748d098a897892ec29dd3ecf57b5fcde4,./exp7_probe_libcxx.exe,2f81b486545542fc7b2159aaeec4d7169505046154a97bb1469c18bc24d28fac,-Wall -Wextra -std=c++11 -O2 -ffp-contract=off -I src,clang 21.0.0 (clang-2100.3.34.2),libc++,arm64,libcxx,native,664d906899b1726ae6d0bd3856483c4590af875a9dfdc3fee14fdcb79dbc4e34,false
exp7-manifest-1,2026-09-25T05:25:13Z,p1,tail,LEGACY,double,-,1.5,10003,raw/p1/p1_tail_libcxx_LEGACY_k1.5_s10003_double.bin,bin,9946,8,1,5,79664,7d4b77213a2c1fed8ad76d8c17bd988e28fa1fd050175e3f5549e22aeaece6d1,./exp7_probe_libcxx.exe,2f81b486545542fc7b2159aaeec4d7169505046154a97bb1469c18bc24d28fac,-Wall -Wextra -std=c++11 -O2 -ffp-contract=off -I src,clang 21.0.0 (clang-2100.3.34.2),libc++,arm64,libcxx,native,664d906899b1726ae6d0bd3856483c4590af875a9dfdc3fee14fdcb79dbc4e34,false
exp7-manifest-1,2026-09-25T05:25:13Z,p1,tail,CANDIDATE,double,-,1.5,10003,raw/p1/p1_tail_libcxx_CANDIDATE_k1.5_s10003_double.bin,bin,9894,8,1,5,79248,1af02f568a7ed3a53107fac766feec999bbced2cf4484359fd6b3629310c1a9d,./exp7_probe_libcxx.exe,2f81b486545542fc7b2159aaeec4d7169505046154a97bb1469c18bc24d28fac,-Wall -Wextra -std=c++11 -O2 -ffp-contract=off -I src,clang 21.0.0 (clang-2100.3.34.2),libc++,arm64,libcxx,native,664d906899b1726ae6d0bd3856483c4590af875a9dfdc3fee14fdcb79dbc4e34,false
exp7-manifest-1,2026-09-25T05:25:13Z,p1,tail,LEGACY,double,-,1.5,10004,raw/p1/p1_tail_libcxx_LEGACY_k1.5_s10004_double.bin,bin,10133,8,1,5,81160,388110b407ff76d6e98463b466485f7f5bf1d1c456ebb858aa9308e600fa3704,./exp7_probe_libcxx.exe,2f81b486545542fc7b2159aaeec4d7169505046154a97bb1469c18bc24d28fac,-Wall -Wextra -std=c++11 -O2 -ffp-contract=off -I src,clang 21.0.0 (clang-2100.3.34.2),libc++,arm64,libcxx,native,664d906899b1726ae6d0bd3856483c4590af875a9dfdc3fee14fdcb79dbc4e34,false
exp7-manifest-1,2026-09-25T05:25:13Z,p1,tail,CANDIDATE,double,-,1.5,10004,raw/p1/p1_tail_libcxx_CANDIDATE_k1.5_s10004_double.bin,bin,10093,8,1,5,80840,a87b5c222d7412df4e82f28c5db54b19a94fa42e0fa1e8b5521bd4f5a059c4d3,./exp7_probe_libcxx.exe,2f81b486545542fc7b2159aaeec4d7169505046154a97bb1469c18bc24d28fac,-Wall -Wextra -std=c++11 -O2 -ffp-contract=off -I src,clang 21.0.0 (clang-2100.3.34.2),libc++,arm64,libcxx,native,664d906899b1726ae6d0bd3856483c4590af875a9dfdc3fee14fdcb79dbc4e34,false
exp7-manifest-1,2026-09-25T05:25:13Z,p1,tail,LEGACY,double,-,1.5,10005,raw/p1/p1_tail_libcxx_LEGACY_k1.5_s10005_double.bin,bin,10040,8,1,5,80416,8722ce70fcd5f4970823464085358c2a84aee8f9635aa669abe0d7a85c0dadcc,./exp7_probe_libcxx.exe,2f81b486545542fc7b2159aaeec4d7169505046154a97bb1469c18bc24d28fac,-Wall -Wextra -std=c++11 -O2 -ffp-contract=off -I src,clang 21.0.0 (clang-2100.3.34.2),libc++,arm64,libcxx,native,664d906899b1726ae6d0bd3856483c4590af875a9dfdc3fee14fdcb79dbc4e34,false
exp7-manifest-1,2026-09-25T05:25:13Z,p1,tail,CANDIDATE,double,-,1.5,10005,raw/p1/p1_tail_libcxx_CANDIDATE_k1.5_s10005_double.bin,bin,9924,8,1,5,79488,7467719fb050dc0c5e7bae283bdf1213c14c1100032b179e6639c680f5dcb163,./exp7_probe_libcxx.exe,2f81b486545542fc7b2159aaeec4d7169505046154a97bb1469c18bc24d28fac,-Wall -Wextra -std=c++11 -O2 -ffp-contract=off -I src,clang 21.0.0 (clang-2100.3.34.2),libc++,arm64,libcxx,native,664d906899b1726ae6d0bd3856483c4590af875a9dfdc3fee14fdcb79dbc4e34,false
exp7-manifest-1,2026-09-25T05:25:13Z,p1,tail,LEGACY,double,-,2,10001,raw/p1/p1_tail_libcxx_LEGACY_k2_s10001_double.bin,bin,10090,8,1,5,80816,d79e1ddd75c7d9462507c9022f64ff5ef040ba830a397d1fbe006ee86338ecc7,./exp7_probe_libcxx.exe,2f81b486545542fc7b2159aaeec4d7169505046154a97bb1469c18bc24d28fac,-Wall -Wextra -std=c++11 -O2 -ffp-contract=off -I src,clang 21.0.0 (clang-2100.3.34.2),libc++,arm64,libcxx,native,664d906899b1726ae6d0bd3856483c4590af875a9dfdc3fee14fdcb79dbc4e34,false
exp7-manifest-1,2026-09-25T05:25:13Z,p1,tail,CANDIDATE,double,-,2,10001,raw/p1/p1_tail_libcxx_CANDIDATE_k2_s10001_double.bin,bin,10019,8,1,5,80248,565737ecd51593d883791d37c3a6c225a4b78953c0ba6f3582f477cb7e318361,./exp7_probe_libcxx.exe,2f81b486545542fc7b2159aaeec4d7169505046154a97bb1469c18bc24d28fac,-Wall -Wextra -std=c++11 -O2 -ffp-contract=off -I src,clang 21.0.0 (clang-2100.3.34.2),libc++,arm64,libcxx,native,664d906899b1726ae6d0bd3856483c4590af875a9dfdc3fee14fdcb79dbc4e34,false
exp7-manifest-1,2026-09-25T05:25:13Z,p1,tail,LEGACY,double,-,2,10002,raw/p1/p1_tail_libcxx_LEGACY_k2_s10002_double.bin,bin,9884,8,1,5,79168,20942ad28de2aae215bfc1aca5da91a9e2414c5cfcc310c723745b725aea7838,./exp7_probe_libcxx.exe,2f81b486545542fc7b2159aaeec4d7169505046154a97bb1469c18bc24d28fac,-Wall -Wextra -std=c++11 -O2 -ffp-contract=off -I src,clang 21.0.0 (clang-2100.3.34.2),libc++,arm64,libcxx,native,664d906899b1726ae6d0bd3856483c4590af875a9dfdc3fee14fdcb79dbc4e34,false
exp7-manifest-1,2026-09-25T05:25:13Z,p1,tail,CANDIDATE,double,-,2,10002,raw/p1/p1_tail_libcxx_CANDIDATE_k2_s10002_double.bin,bin,9856,8,1,5,78944,4cf891494e7d137a4f1f3941461753f9cb0d408461afcd176a1e4e258cd92163,./exp7_probe_libcxx.exe,2f81b486545542fc7b2159aaeec4d7169505046154a97bb1469c18bc24d28fac,-Wall -Wextra -std=c++11 -O2 -ffp-contract=off -I src,clang 21.0.0 (clang-2100.3.34.2),libc++,arm64,libcxx,native,664d906899b1726ae6d0bd3856483c4590af875a9dfdc3fee14fdcb79dbc4e34,false
exp7-manifest-1,2026-09-25T05:25:13Z,p1,tail,LEGACY,double,-,2,10003,raw/p1/p1_tail_libcxx_LEGACY_k2_s10003_double.bin,bin,9805,8,1,5,78536,9a4a8c649426043637de582ca134b358b7b27a008838e52ab9d3a5c4e371ba85,./exp7_probe_libcxx.exe,2f81b486545542fc7b2159aaeec4d7169505046154a97bb1469c18bc24d28fac,-Wall -Wextra -std=c++11 -O2 -ffp-contract=off -I src,clang 21.0.0 (clang-2100.3.34.2),libc++,arm64,libcxx,native,664d906899b1726ae6d0bd3856483c4590af875a9dfdc3fee14fdcb79dbc4e34,false
exp7-manifest-1,2026-09-25T05:25:13Z,p1,tail,CANDIDATE,double,-,2,10003,raw/p1/p1_tail_libcxx_CANDIDATE_k2_s10003_double.bin,bin,10045,8,1,5,80456,a9e2c527b074a31b65da559b22ade9f8c5080c94dc250d4ca49dab05234d77d9,./exp7_probe_libcxx.exe,2f81b486545542fc7b2159aaeec4d7169505046154a97bb1469c18bc24d28fac,-Wall -Wextra -std=c++11 -O2 -ffp-contract=off -I src,clang 21.0.0 (clang-2100.3.34.2),libc++,arm64,libcxx,native,664d906899b1726ae6d0bd3856483c4590af875a9dfdc3fee14fdcb79dbc4e34,false
exp7-manifest-1,2026-09-25T05:25:13Z,p1,tail,LEGACY,double,-,2,10004,raw/p1/p1_tail_libcxx_LEGACY_k2_s10004_double.bin,bin,10002,8,1,5,80112,02faec6bf1114ca9acb980421636b5adfdb011b2c2b2d8462ff451d6e2468e8f,./exp7_probe_libcxx.exe,2f81b486545542fc7b2159aaeec4d7169505046154a97bb1469c18bc24d28fac,-Wall -Wextra -std=c++11 -O2 -ffp-contract=off -I src,clang 21.0.0 (clang-2100.3.34.2),libc++,arm64,libcxx,native,664d906899b1726ae6d0bd3856483c4590af875a9dfdc3fee14fdcb79dbc4e34,false
exp7-manifest-1,2026-09-25T05:25:13Z,p1,tail,CANDIDATE,double,-,2,10004,raw/p1/p1_tail_libcxx_CANDIDATE_k2_s10004_double.bin,bin,9982,8,1,5,79952,896b77fe25bdb497714793372d80b57aba9f67f12c3bed03686854c713ffe959,./exp7_probe_libcxx.exe,2f81b486545542fc7b2159aaeec4d7169505046154a97bb1469c18bc24d28fac,-Wall -Wextra -std=c++11 -O2 -ffp-contract=off -I src,clang 21.0.0 (clang-2100.3.34.2),libc++,arm64,libcxx,native,664d906899b1726ae6d0bd3856483c4590af875a9dfdc3fee14fdcb79dbc4e34,false
exp7-manifest-1,2026-09-25T05:25:13Z,p1,tail,LEGACY,double,-,2,10005,raw/p1/p1_tail_libcxx_LEGACY_k2_s10005_double.bin,bin,9950,8,1,5,79696,4dd04c80aa712b24a24c114e252bf048ad1170d4592e496cf613de31d30030d4,./exp7_probe_libcxx.exe,2f81b486545542fc7b2159aaeec4d7169505046154a97bb1469c18bc24d28fac,-Wall -Wextra -std=c++11 -O2 -ffp-contract=off -I src,clang 21.0.0 (clang-2100.3.34.2),libc++,arm64,libcxx,native,664d906899b1726ae6d0bd3856483c4590af875a9dfdc3fee14fdcb79dbc4e34,false
exp7-manifest-1,2026-09-25T05:25:13Z,p1,tail,CANDIDATE,double,-,2,10005,raw/p1/p1_tail_libcxx_CANDIDATE_k2_s10005_double.bin,bin,9908,8,1,5,79360,d0e7695f83314e609ef1159c080774ce1faefbb926642b0edaeb32d2b9f09b13,./exp7_probe_libcxx.exe,2f81b486545542fc7b2159aaeec4d7169505046154a97bb1469c18bc24d28fac,-Wall -Wextra -std=c++11 -O2 -ffp-contract=off -I src,clang 21.0.0 (clang-2100.3.34.2),libc++,arm64,libcxx,native,664d906899b1726ae6d0bd3856483c4590af875a9dfdc3fee14fdcb79dbc4e34,false
exp7-manifest-1,2026-09-25T05:25:13Z,p1,tail,LEGACY,double,-,5,10001,raw/p1/p1_tail_libcxx_LEGACY_k5_s10001_double.bin,bin,9915,8,1,5,79416,879ccfe1cfb2c2ce7f206566be9b0ca1e4d035cf3b341106278bcad48a5b7110,./exp7_probe_libcxx.exe,2f81b486545542fc7b2159aaeec4d7169505046154a97bb1469c18bc24d28fac,-Wall -Wextra -std=c++11 -O2 -ffp-contract=off -I src,clang 21.0.0 (clang-2100.3.34.2),libc++,arm64,libcxx,native,664d906899b1726ae6d0bd3856483c4590af875a9dfdc3fee14fdcb79dbc4e34,false
exp7-manifest-1,2026-09-25T05:25:13Z,p1,tail,CANDIDATE,double,-,5,10001,raw/p1/p1_tail_libcxx_CANDIDATE_k5_s10001_double.bin,bin,10141,8,1,5,81224,f2bd6bc8193099ca9540466ebe8cedf5a0b67f83ee70564e4973436d86d4e122,./exp7_probe_libcxx.exe,2f81b486545542fc7b2159aaeec4d7169505046154a97bb1469c18bc24d28fac,-Wall -Wextra -std=c++11 -O2 -ffp-contract=off -I src,clang 21.0.0 (clang-2100.3.34.2),libc++,arm64,libcxx,native,664d906899b1726ae6d0bd3856483c4590af875a9dfdc3fee14fdcb79dbc4e34,false
exp7-manifest-1,2026-09-25T05:25:13Z,p1,tail,LEGACY,double,-,5,10002,raw/p1/p1_tail_libcxx_LEGACY_k5_s10002_double.bin,bin,10021,8,1,5,80264,bab28d43b0bf99da23478e559559b26a313cba3087d00761f6dc2b1d1ebaecf7,./exp7_probe_libcxx.exe,2f81b486545542fc7b2159aaeec4d7169505046154a97bb1469c18bc24d28fac,-Wall -Wextra -std=c++11 -O2 -ffp-contract=off -I src,clang 21.0.0 (clang-2100.3.34.2),libc++,arm64,libcxx,native,664d906899b1726ae6d0bd3856483c4590af875a9dfdc3fee14fdcb79dbc4e34,false
exp7-manifest-1,2026-09-25T05:25:13Z,p1,tail,CANDIDATE,double,-,5,10002,raw/p1/p1_tail_libcxx_CANDIDATE_k5_s10002_double.bin,bin,9898,8,1,5,79280,f618a36bac55ee69fc900a836234e9d8c5202f27e984b5201a5ffc4fe850ee1d,./exp7_probe_libcxx.exe,2f81b486545542fc7b2159aaeec4d7169505046154a97bb1469c18bc24d28fac,-Wall -Wextra -std=c++11 -O2 -ffp-contract=off -I src,clang 21.0.0 (clang-2100.3.34.2),libc++,arm64,libcxx,native,664d906899b1726ae6d0bd3856483c4590af875a9dfdc3fee14fdcb79dbc4e34,false
exp7-manifest-1,2026-09-25T05:25:13Z,p1,tail,LEGACY,double,-,5,10003,raw/p1/p1_tail_libcxx_LEGACY_k5_s10003_double.bin,bin,10088,8,1,5,80800,b0ebc17c33693124f965baa2e16b55bc51b024ee1c734dfcbbe1896f380e8a42,./exp7_probe_libcxx.exe,2f81b486545542fc7b2159aaeec4d7169505046154a97bb1469c18bc24d28fac,-Wall -Wextra -std=c++11 -O2 -ffp-contract=off -I src,clang 21.0.0 (clang-2100.3.34.2),libc++,arm64,libcxx,native,664d906899b1726ae6d0bd3856483c4590af875a9dfdc3fee14fdcb79dbc4e34,false
exp7-manifest-1,2026-09-25T05:25:13Z,p1,tail,CANDIDATE,double,-,5,10003,raw/p1/p1_tail_libcxx_CANDIDATE_k5_s10003_double.bin,bin,10108,8,1,5,80960,5894c4ea18492d1e0c5d8aa07e70b78ad823dd7f315b058ec04a02f4b466b21b,./exp7_probe_libcxx.exe,2f81b486545542fc7b2159aaeec4d7169505046154a97bb1469c18bc24d28fac,-Wall -Wextra -std=c++11 -O2 -ffp-contract=off -I src,clang 21.0.0 (clang-2100.3.34.2),libc++,arm64,libcxx,native,664d906899b1726ae6d0bd3856483c4590af875a9dfdc3fee14fdcb79dbc4e34,false
exp7-manifest-1,2026-09-25T05:25:13Z,p1,tail,LEGACY,double,-,5,10004,raw/p1/p1_tail_libcxx_LEGACY_k5_s10004_double.bin,bin,9968,8,1,5,79840,0f4595b14eea3cea5e9bbf9008a46edbcfdad3c0169667cb5f753c57e8653b83,./exp7_probe_libcxx.exe,2f81b486545542fc7b2159aaeec4d7169505046154a97bb1469c18bc24d28fac,-Wall -Wextra -std=c++11 -O2 -ffp-contract=off -I src,clang 21.0.0 (clang-2100.3.34.2),libc++,arm64,libcxx,native,664d906899b1726ae6d0bd3856483c4590af875a9dfdc3fee14fdcb79dbc4e34,false
exp7-manifest-1,2026-09-25T05:25:13Z,p1,tail,CANDIDATE,double,-,5,10004,raw/p1/p1_tail_libcxx_CANDIDATE_k5_s10004_double.bin,bin,9982,8,1,5,79952,d22449a048b301b23598e5c09db5b000b6b45bd44f596debbb081e057ed43a24,./exp7_probe_libcxx.exe,2f81b486545542fc7b2159aaeec4d7169505046154a97bb1469c18bc24d28fac,-Wall -Wextra -std=c++11 -O2 -ffp-contract=off -I src,clang 21.0.0 (clang-2100.3.34.2),libc++,arm64,libcxx,native,664d906899b1726ae6d0bd3856483c4590af875a9dfdc3fee14fdcb79dbc4e34,false
exp7-manifest-1,2026-09-25T05:25:13Z,p1,tail,LEGACY,double,-,5,10005,raw/p1/p1_tail_libcxx_LEGACY_k5_s10005_double.bin,bin,9767,8,1,5,78232,fd84f91753b91fa678f3573fdf1becbb412de9d9b24ed82acb119c9385a52082,./exp7_probe_libcxx.exe,2f81b486545542fc7b2159aaeec4d7169505046154a97bb1469c18bc24d28fac,-Wall -Wextra -std=c++11 -O2 -ffp-contract=off -I src,clang 21.0.0 (clang-2100.3.34.2),libc++,arm64,libcxx,native,664d906899b1726ae6d0bd3856483c4590af875a9dfdc3fee14fdcb79dbc4e34,false
exp7-manifest-1,2026-09-25T05:25:13Z,p1,tail,CANDIDATE,double,-,5,10005,raw/p1/p1_tail_libcxx_CANDIDATE_k5_s10005_double.bin,bin,10299,8,1,5,82488,abefe490109f9bd7e64c0402c23a63ecfeeef80f317ca18534eaf3c71e5f9653,./exp7_probe_libcxx.exe,2f81b486545542fc7b2159aaeec4d7169505046154a97bb1469c18bc24d28fac,-Wall -Wextra -std=c++11 -O2 -ffp-contract=off -I src,clang 21.0.0 (clang-2100.3.34.2),libc++,arm64,libcxx,native,664d906899b1726ae6d0bd3856483c4590af875a9dfdc3fee14fdcb79dbc4e34,false
exp7-manifest-1,2026-09-25T05:25:13Z,p1,tail,LEGACY,float,-,0.50009999999999999,10001,raw/p1/p1_tail_libcxx_LEGACY_k0.5001_s10001_float.bin,bin,0,8,1,5,96,fe5b0e29dfe53ec0d4e0a9219740e700c977af25e4dc814297a1e6c5e354c3dd,./exp7_probe_libcxx.exe,2f81b486545542fc7b2159aaeec4d7169505046154a97bb1469c18bc24d28fac,-Wall -Wextra -std=c++11 -O2 -ffp-contract=off -I src,clang 21.0.0 (clang-2100.3.34.2),libc++,arm64,libcxx,native,664d906899b1726ae6d0bd3856483c4590af875a9dfdc3fee14fdcb79dbc4e34,false
exp7-manifest-1,2026-09-25T05:25:13Z,p1,tail,CANDIDATE,float,-,0.50009999999999999,10001,raw/p1/p1_tail_libcxx_CANDIDATE_k0.5001_s10001_float.bin,bin,9982,8,1,5,79952,bb8323e8f8ad2917b0db21a5e51424a187fa6a750deb89245c4b63c1a9393694,./exp7_probe_libcxx.exe,2f81b486545542fc7b2159aaeec4d7169505046154a97bb1469c18bc24d28fac,-Wall -Wextra -std=c++11 -O2 -ffp-contract=off -I src,clang 21.0.0 (clang-2100.3.34.2),libc++,arm64,libcxx,native,664d906899b1726ae6d0bd3856483c4590af875a9dfdc3fee14fdcb79dbc4e34,false
exp7-manifest-1,2026-09-25T05:25:13Z,p1,tail,LEGACY,float,-,0.50009999999999999,10002,raw/p1/p1_tail_libcxx_LEGACY_k0.5001_s10002_float.bin,bin,0,8,1,5,96,1a8437ace1046698364b7912615470f946c5b353cee24c100c8c5b333ff52b3b,./exp7_probe_libcxx.exe,2f81b486545542fc7b2159aaeec4d7169505046154a97bb1469c18bc24d28fac,-Wall -Wextra -std=c++11 -O2 -ffp-contract=off -I src,clang 21.0.0 (clang-2100.3.34.2),libc++,arm64,libcxx,native,664d906899b1726ae6d0bd3856483c4590af875a9dfdc3fee14fdcb79dbc4e34,false
exp7-manifest-1,2026-09-25T05:25:13Z,p1,tail,CANDIDATE,float,-,0.50009999999999999,10002,raw/p1/p1_tail_libcxx_CANDIDATE_k0.5001_s10002_float.bin,bin,9919,8,1,5,79448,3d692ebfdfd83e1ed39cc7ab17588f82bf9ee4dda07d8497d1e059b63951457f,./exp7_probe_libcxx.exe,2f81b486545542fc7b2159aaeec4d7169505046154a97bb1469c18bc24d28fac,-Wall -Wextra -std=c++11 -O2 -ffp-contract=off -I src,clang 21.0.0 (clang-2100.3.34.2),libc++,arm64,libcxx,native,664d906899b1726ae6d0bd3856483c4590af875a9dfdc3fee14fdcb79dbc4e34,false
exp7-manifest-1,2026-09-25T05:25:13Z,p1,tail,LEGACY,float,-,0.50009999999999999,10003,raw/p1/p1_tail_libcxx_LEGACY_k0.5001_s10003_float.bin,bin,0,8,1,5,96,9b37b244b00c0d1ff1bf32755e96880570fa120ab58c3d36ad91785aa7544c8d,./exp7_probe_libcxx.exe,2f81b486545542fc7b2159aaeec4d7169505046154a97bb1469c18bc24d28fac,-Wall -Wextra -std=c++11 -O2 -ffp-contract=off -I src,clang 21.0.0 (clang-2100.3.34.2),libc++,arm64,libcxx,native,664d906899b1726ae6d0bd3856483c4590af875a9dfdc3fee14fdcb79dbc4e34,false
exp7-manifest-1,2026-09-25T05:25:13Z,p1,tail,CANDIDATE,float,-,0.50009999999999999,10003,raw/p1/p1_tail_libcxx_CANDIDATE_k0.5001_s10003_float.bin,bin,10061,8,1,5,80584,3ba60b9c27c52a15f381451f8a3fb127c9ebc71b0f3006782101d1e41dbb084f,./exp7_probe_libcxx.exe,2f81b486545542fc7b2159aaeec4d7169505046154a97bb1469c18bc24d28fac,-Wall -Wextra -std=c++11 -O2 -ffp-contract=off -I src,clang 21.0.0 (clang-2100.3.34.2),libc++,arm64,libcxx,native,664d906899b1726ae6d0bd3856483c4590af875a9dfdc3fee14fdcb79dbc4e34,false
exp7-manifest-1,2026-09-25T05:25:13Z,p1,tail,LEGACY,float,-,0.50009999999999999,10004,raw/p1/p1_tail_libcxx_LEGACY_k0.5001_s10004_float.bin,bin,0,8,1,5,96,be53cdd036e7b1124742b4fbc0f85e24177dab8e7f5b9ebaa29956877c5e20b2,./exp7_probe_libcxx.exe,2f81b486545542fc7b2159aaeec4d7169505046154a97bb1469c18bc24d28fac,-Wall -Wextra -std=c++11 -O2 -ffp-contract=off -I src,clang 21.0.0 (clang-2100.3.34.2),libc++,arm64,libcxx,native,664d906899b1726ae6d0bd3856483c4590af875a9dfdc3fee14fdcb79dbc4e34,false
exp7-manifest-1,2026-09-25T05:25:13Z,p1,tail,CANDIDATE,float,-,0.50009999999999999,10004,raw/p1/p1_tail_libcxx_CANDIDATE_k0.5001_s10004_float.bin,bin,9889,8,1,5,79208,8e8e6398d0403208b990a34eb68f77dad67cf297fa7dad0fa066944b50cadac1,./exp7_probe_libcxx.exe,2f81b486545542fc7b2159aaeec4d7169505046154a97bb1469c18bc24d28fac,-Wall -Wextra -std=c++11 -O2 -ffp-contract=off -I src,clang 21.0.0 (clang-2100.3.34.2),libc++,arm64,libcxx,native,664d906899b1726ae6d0bd3856483c4590af875a9dfdc3fee14fdcb79dbc4e34,false
exp7-manifest-1,2026-09-25T05:25:13Z,p1,tail,LEGACY,float,-,0.50009999999999999,10005,raw/p1/p1_tail_libcxx_LEGACY_k0.5001_s10005_float.bin,bin,0,8,1,5,96,8fa3fb162f286a58ed07522b46f37a5ea18aa7af9fe7846d2ff7cb0da2c1f975,./exp7_probe_libcxx.exe,2f81b486545542fc7b2159aaeec4d7169505046154a97bb1469c18bc24d28fac,-Wall -Wextra -std=c++11 -O2 -ffp-contract=off -I src,clang 21.0.0 (clang-2100.3.34.2),libc++,arm64,libcxx,native,664d906899b1726ae6d0bd3856483c4590af875a9dfdc3fee14fdcb79dbc4e34,false
exp7-manifest-1,2026-09-25T05:25:13Z,p1,tail,CANDIDATE,float,-,0.50009999999999999,10005,raw/p1/p1_tail_libcxx_CANDIDATE_k0.5001_s10005_float.bin,bin,9929,8,1,5,79528,9b2d6f9e7c7fc8459319e1ebdcfc33168590cebe71f293335e41c07daca3c96e,./exp7_probe_libcxx.exe,2f81b486545542fc7b2159aaeec4d7169505046154a97bb1469c18bc24d28fac,-Wall -Wextra -std=c++11 -O2 -ffp-contract=off -I src,clang 21.0.0 (clang-2100.3.34.2),libc++,arm64,libcxx,native,664d906899b1726ae6d0bd3856483c4590af875a9dfdc3fee14fdcb79dbc4e34,false
exp7-manifest-1,2026-09-25T05:25:13Z,p1,tail,LEGACY,float,-,0.501,10001,raw/p1/p1_tail_libcxx_LEGACY_k0.501_s10001_float.bin,bin,0,8,1,5,96,96d38c0fd5f1de1b1f0b6e3f93f8100bc44814a91a9a7ea0b611d539077d5c77,./exp7_probe_libcxx.exe,2f81b486545542fc7b2159aaeec4d7169505046154a97bb1469c18bc24d28fac,-Wall -Wextra -std=c++11 -O2 -ffp-contract=off -I src,clang 21.0.0 (clang-2100.3.34.2),libc++,arm64,libcxx,native,664d906899b1726ae6d0bd3856483c4590af875a9dfdc3fee14fdcb79dbc4e34,false
exp7-manifest-1,2026-09-25T05:25:13Z,p1,tail,CANDIDATE,float,-,0.501,10001,raw/p1/p1_tail_libcxx_CANDIDATE_k0.501_s10001_float.bin,bin,10085,8,1,5,80776,57d973f43e1fbd019211d8ca4f8b046aa53b6d2eafb8aa7b1317fa86910dfb99,./exp7_probe_libcxx.exe,2f81b486545542fc7b2159aaeec4d7169505046154a97bb1469c18bc24d28fac,-Wall -Wextra -std=c++11 -O2 -ffp-contract=off -I src,clang 21.0.0 (clang-2100.3.34.2),libc++,arm64,libcxx,native,664d906899b1726ae6d0bd3856483c4590af875a9dfdc3fee14fdcb79dbc4e34,false
exp7-manifest-1,2026-09-25T05:25:13Z,p1,tail,LEGACY,float,-,0.501,10002,raw/p1/p1_tail_libcxx_LEGACY_k0.501_s10002_float.bin,bin,0,8,1,5,96,db86cbdc93a3f3be59e899026d2a0d0160c4d64946097c87e31f092d859c0ab3,./exp7_probe_libcxx.exe,2f81b486545542fc7b2159aaeec4d7169505046154a97bb1469c18bc24d28fac,-Wall -Wextra -std=c++11 -O2 -ffp-contract=off -I src,clang 21.0.0 (clang-2100.3.34.2),libc++,arm64,libcxx,native,664d906899b1726ae6d0bd3856483c4590af875a9dfdc3fee14fdcb79dbc4e34,false
exp7-manifest-1,2026-09-25T05:25:13Z,p1,tail,CANDIDATE,float,-,0.501,10002,raw/p1/p1_tail_libcxx_CANDIDATE_k0.501_s10002_float.bin,bin,10059,8,1,5,80568,751d2f77793ed8f08141ff5de1962bdcbb6c29bdcdeeb152afdd765e34afbd5d,./exp7_probe_libcxx.exe,2f81b486545542fc7b2159aaeec4d7169505046154a97bb1469c18bc24d28fac,-Wall -Wextra -std=c++11 -O2 -ffp-contract=off -I src,clang 21.0.0 (clang-2100.3.34.2),libc++,arm64,libcxx,native,664d906899b1726ae6d0bd3856483c4590af875a9dfdc3fee14fdcb79dbc4e34,false
exp7-manifest-1,2026-09-25T05:25:13Z,p1,tail,LEGACY,float,-,0.501,10003,raw/p1/p1_tail_libcxx_LEGACY_k0.501_s10003_float.bin,bin,0,8,1,5,96,a45d313775dfb6e677dd757c80c9a03c999901c806f49a59cd0d072fa18c607c,./exp7_probe_libcxx.exe,2f81b486545542fc7b2159aaeec4d7169505046154a97bb1469c18bc24d28fac,-Wall -Wextra -std=c++11 -O2 -ffp-contract=off -I src,clang 21.0.0 (clang-2100.3.34.2),libc++,arm64,libcxx,native,664d906899b1726ae6d0bd3856483c4590af875a9dfdc3fee14fdcb79dbc4e34,false
exp7-manifest-1,2026-09-25T05:25:13Z,p1,tail,CANDIDATE,float,-,0.501,10003,raw/p1/p1_tail_libcxx_CANDIDATE_k0.501_s10003_float.bin,bin,9971,8,1,5,79864,bc3b31cd7070c8084d995dbb1014921fdf44d6f3da6df13c7a624887536e5952,./exp7_probe_libcxx.exe,2f81b486545542fc7b2159aaeec4d7169505046154a97bb1469c18bc24d28fac,-Wall -Wextra -std=c++11 -O2 -ffp-contract=off -I src,clang 21.0.0 (clang-2100.3.34.2),libc++,arm64,libcxx,native,664d906899b1726ae6d0bd3856483c4590af875a9dfdc3fee14fdcb79dbc4e34,false
exp7-manifest-1,2026-09-25T05:25:13Z,p1,tail,LEGACY,float,-,0.501,10004,raw/p1/p1_tail_libcxx_LEGACY_k0.501_s10004_float.bin,bin,0,8,1,5,96,47e8eb8c08327282d35ab5f637b2f57987e2a85d699754af84fe42cd73ebd1ea,./exp7_probe_libcxx.exe,2f81b486545542fc7b2159aaeec4d7169505046154a97bb1469c18bc24d28fac,-Wall -Wextra -std=c++11 -O2 -ffp-contract=off -I src,clang 21.0.0 (clang-2100.3.34.2),libc++,arm64,libcxx,native,664d906899b1726ae6d0bd3856483c4590af875a9dfdc3fee14fdcb79dbc4e34,false
exp7-manifest-1,2026-09-25T05:25:13Z,p1,tail,CANDIDATE,float,-,0.501,10004,raw/p1/p1_tail_libcxx_CANDIDATE_k0.501_s10004_float.bin,bin,9875,8,1,5,79096,5b23ebae8c423f62a5e190ab6431e3d3495e6c47187c4e871b66d46521b776fe,./exp7_probe_libcxx.exe,2f81b486545542fc7b2159aaeec4d7169505046154a97bb1469c18bc24d28fac,-Wall -Wextra -std=c++11 -O2 -ffp-contract=off -I src,clang 21.0.0 (clang-2100.3.34.2),libc++,arm64,libcxx,native,664d906899b1726ae6d0bd3856483c4590af875a9dfdc3fee14fdcb79dbc4e34,false
exp7-manifest-1,2026-09-25T05:25:13Z,p1,tail,LEGACY,float,-,0.501,10005,raw/p1/p1_tail_libcxx_LEGACY_k0.501_s10005_float.bin,bin,0,8,1,5,96,41fdbf5e85372b0a0b067c697004e1f821af78e2b1fe82b4fdcffec1c380a6e5,./exp7_probe_libcxx.exe,2f81b486545542fc7b2159aaeec4d7169505046154a97bb1469c18bc24d28fac,-Wall -Wextra -std=c++11 -O2 -ffp-contract=off -I src,clang 21.0.0 (clang-2100.3.34.2),libc++,arm64,libcxx,native,664d906899b1726ae6d0bd3856483c4590af875a9dfdc3fee14fdcb79dbc4e34,false
exp7-manifest-1,2026-09-25T05:25:13Z,p1,tail,CANDIDATE,float,-,0.501,10005,raw/p1/p1_tail_libcxx_CANDIDATE_k0.501_s10005_float.bin,bin,10023,8,1,5,80280,d4de41fe40bf65d6057a669a41c6f478b673ef7984d759813285fb83cbf04ad0,./exp7_probe_libcxx.exe,2f81b486545542fc7b2159aaeec4d7169505046154a97bb1469c18bc24d28fac,-Wall -Wextra -std=c++11 -O2 -ffp-contract=off -I src,clang 21.0.0 (clang-2100.3.34.2),libc++,arm64,libcxx,native,664d906899b1726ae6d0bd3856483c4590af875a9dfdc3fee14fdcb79dbc4e34,false
exp7-manifest-1,2026-09-25T05:25:13Z,p1,tail,LEGACY,float,-,0.505,10001,raw/p1/p1_tail_libcxx_LEGACY_k0.505_s10001_float.bin,bin,0,8,1,5,96,9ed8b35c476e3c3378dda9dd485dba8e6fd810eec179d90d43cbfcc936ab8167,./exp7_probe_libcxx.exe,2f81b486545542fc7b2159aaeec4d7169505046154a97bb1469c18bc24d28fac,-Wall -Wextra -std=c++11 -O2 -ffp-contract=off -I src,clang 21.0.0 (clang-2100.3.34.2),libc++,arm64,libcxx,native,664d906899b1726ae6d0bd3856483c4590af875a9dfdc3fee14fdcb79dbc4e34,false
exp7-manifest-1,2026-09-25T05:25:13Z,p1,tail,CANDIDATE,float,-,0.505,10001,raw/p1/p1_tail_libcxx_CANDIDATE_k0.505_s10001_float.bin,bin,9917,8,1,5,79432,47c9cb894e2c3d15c166644bdab87a2876509d5c69cf539c5734e40c9dab7e3e,./exp7_probe_libcxx.exe,2f81b486545542fc7b2159aaeec4d7169505046154a97bb1469c18bc24d28fac,-Wall -Wextra -std=c++11 -O2 -ffp-contract=off -I src,clang 21.0.0 (clang-2100.3.34.2),libc++,arm64,libcxx,native,664d906899b1726ae6d0bd3856483c4590af875a9dfdc3fee14fdcb79dbc4e34,false
exp7-manifest-1,2026-09-25T05:25:13Z,p1,tail,LEGACY,float,-,0.505,10002,raw/p1/p1_tail_libcxx_LEGACY_k0.505_s10002_float.bin,bin,0,8,1,5,96,46a5902e882da8261b637a61e882a8acbd13fe2da7aa66189522c933148fb966,./exp7_probe_libcxx.exe,2f81b486545542fc7b2159aaeec4d7169505046154a97bb1469c18bc24d28fac,-Wall -Wextra -std=c++11 -O2 -ffp-contract=off -I src,clang 21.0.0 (clang-2100.3.34.2),libc++,arm64,libcxx,native,664d906899b1726ae6d0bd3856483c4590af875a9dfdc3fee14fdcb79dbc4e34,false
exp7-manifest-1,2026-09-25T05:25:13Z,p1,tail,CANDIDATE,float,-,0.505,10002,raw/p1/p1_tail_libcxx_CANDIDATE_k0.505_s10002_float.bin,bin,10037,8,1,5,80392,6e6a827d5dfb4a4248cb839a9d01bcb1eccd161e3a2ea93652ef0df26bc0997e,./exp7_probe_libcxx.exe,2f81b486545542fc7b2159aaeec4d7169505046154a97bb1469c18bc24d28fac,-Wall -Wextra -std=c++11 -O2 -ffp-contract=off -I src,clang 21.0.0 (clang-2100.3.34.2),libc++,arm64,libcxx,native,664d906899b1726ae6d0bd3856483c4590af875a9dfdc3fee14fdcb79dbc4e34,false
exp7-manifest-1,2026-09-25T05:25:13Z,p1,tail,LEGACY,float,-,0.505,10003,raw/p1/p1_tail_libcxx_LEGACY_k0.505_s10003_float.bin,bin,0,8,1,5,96,7931aa6cc53cf1fb99005bde410fba356647ea4ca64ea0fcfdaef7eb21238e08,./exp7_probe_libcxx.exe,2f81b486545542fc7b2159aaeec4d7169505046154a97bb1469c18bc24d28fac,-Wall -Wextra -std=c++11 -O2 -ffp-contract=off -I src,clang 21.0.0 (clang-2100.3.34.2),libc++,arm64,libcxx,native,664d906899b1726ae6d0bd3856483c4590af875a9dfdc3fee14fdcb79dbc4e34,false
exp7-manifest-1,2026-09-25T05:25:13Z,p1,tail,CANDIDATE,float,-,0.505,10003,raw/p1/p1_tail_libcxx_CANDIDATE_k0.505_s10003_float.bin,bin,10133,8,1,5,81160,b4821fcf66ec81e46f07610afdecd18fd24409dff5af0bebeb4b433029ce7b80,./exp7_probe_libcxx.exe,2f81b486545542fc7b2159aaeec4d7169505046154a97bb1469c18bc24d28fac,-Wall -Wextra -std=c++11 -O2 -ffp-contract=off -I src,clang 21.0.0 (clang-2100.3.34.2),libc++,arm64,libcxx,native,664d906899b1726ae6d0bd3856483c4590af875a9dfdc3fee14fdcb79dbc4e34,false
exp7-manifest-1,2026-09-25T05:25:13Z,p1,tail,LEGACY,float,-,0.505,10004,raw/p1/p1_tail_libcxx_LEGACY_k0.505_s10004_float.bin,bin,0,8,1,5,96,20ba70be1487476abb9811f973c0a12db24a06bb5ebe7f71a8c7d608663b5b19,./exp7_probe_libcxx.exe,2f81b486545542fc7b2159aaeec4d7169505046154a97bb1469c18bc24d28fac,-Wall -Wextra -std=c++11 -O2 -ffp-contract=off -I src,clang 21.0.0 (clang-2100.3.34.2),libc++,arm64,libcxx,native,664d906899b1726ae6d0bd3856483c4590af875a9dfdc3fee14fdcb79dbc4e34,false
exp7-manifest-1,2026-09-25T05:25:13Z,p1,tail,CANDIDATE,float,-,0.505,10004,raw/p1/p1_tail_libcxx_CANDIDATE_k0.505_s10004_float.bin,bin,9961,8,1,5,79784,f708d694c791364f6906906f43ae06f888652f4296e80f21ee67b7497dd917eb,./exp7_probe_libcxx.exe,2f81b486545542fc7b2159aaeec4d7169505046154a97bb1469c18bc24d28fac,-Wall -Wextra -std=c++11 -O2 -ffp-contract=off -I src,clang 21.0.0 (clang-2100.3.34.2),libc++,arm64,libcxx,native,664d906899b1726ae6d0bd3856483c4590af875a9dfdc3fee14fdcb79dbc4e34,false
exp7-manifest-1,2026-09-25T05:25:13Z,p1,tail,LEGACY,float,-,0.505,10005,raw/p1/p1_tail_libcxx_LEGACY_k0.505_s10005_float.bin,bin,0,8,1,5,96,44860af68ac376d2111cb0d4c371fcc89c9934adfa095e038b133532930eb0bb,./exp7_probe_libcxx.exe,2f81b486545542fc7b2159aaeec4d7169505046154a97bb1469c18bc24d28fac,-Wall -Wextra -std=c++11 -O2 -ffp-contract=off -I src,clang 21.0.0 (clang-2100.3.34.2),libc++,arm64,libcxx,native,664d906899b1726ae6d0bd3856483c4590af875a9dfdc3fee14fdcb79dbc4e34,false
exp7-manifest-1,2026-09-25T05:25:13Z,p1,tail,CANDIDATE,float,-,0.505,10005,raw/p1/p1_tail_libcxx_CANDIDATE_k0.505_s10005_float.bin,bin,10118,8,1,5,81040,debb8058d92a9d9c8e1d35737b9262ccc9f371ba440cdc6b71c7650c62810b07,./exp7_probe_libcxx.exe,2f81b486545542fc7b2159aaeec4d7169505046154a97bb1469c18bc24d28fac,-Wall -Wextra -std=c++11 -O2 -ffp-contract=off -I src,clang 21.0.0 (clang-2100.3.34.2),libc++,arm64,libcxx,native,664d906899b1726ae6d0bd3856483c4590af875a9dfdc3fee14fdcb79dbc4e34,false
exp7-manifest-1,2026-09-25T05:25:13Z,p1,tail,LEGACY,float,-,0.51000000000000001,10001,raw/p1/p1_tail_libcxx_LEGACY_k0.51_s10001_float.bin,bin,0,8,1,5,96,0b060e28a766b3a5bcc7e8fa63653e83bd7f98a82d18eaf3fa12842db27a1613,./exp7_probe_libcxx.exe,2f81b486545542fc7b2159aaeec4d7169505046154a97bb1469c18bc24d28fac,-Wall -Wextra -std=c++11 -O2 -ffp-contract=off -I src,clang 21.0.0 (clang-2100.3.34.2),libc++,arm64,libcxx,native,664d906899b1726ae6d0bd3856483c4590af875a9dfdc3fee14fdcb79dbc4e34,false
exp7-manifest-1,2026-09-25T05:25:13Z,p1,tail,CANDIDATE,float,-,0.51000000000000001,10001,raw/p1/p1_tail_libcxx_CANDIDATE_k0.51_s10001_float.bin,bin,10098,8,1,5,80880,68b615ca47db84d349525d83873acd3ceef4d3bb70d148b14af6846d6430de59,./exp7_probe_libcxx.exe,2f81b486545542fc7b2159aaeec4d7169505046154a97bb1469c18bc24d28fac,-Wall -Wextra -std=c++11 -O2 -ffp-contract=off -I src,clang 21.0.0 (clang-2100.3.34.2),libc++,arm64,libcxx,native,664d906899b1726ae6d0bd3856483c4590af875a9dfdc3fee14fdcb79dbc4e34,false
exp7-manifest-1,2026-09-25T05:25:13Z,p1,tail,LEGACY,float,-,0.51000000000000001,10002,raw/p1/p1_tail_libcxx_LEGACY_k0.51_s10002_float.bin,bin,0,8,1,5,96,4279733fe67c51840460b13753c6b730caf97c673832f7ebe2cbebc7372e6164,./exp7_probe_libcxx.exe,2f81b486545542fc7b2159aaeec4d7169505046154a97bb1469c18bc24d28fac,-Wall -Wextra -std=c++11 -O2 -ffp-contract=off -I src,clang 21.0.0 (clang-2100.3.34.2),libc++,arm64,libcxx,native,664d906899b1726ae6d0bd3856483c4590af875a9dfdc3fee14fdcb79dbc4e34,false
exp7-manifest-1,2026-09-25T05:25:13Z,p1,tail,CANDIDATE,float,-,0.51000000000000001,10002,raw/p1/p1_tail_libcxx_CANDIDATE_k0.51_s10002_float.bin,bin,10095,8,1,5,80856,fb2a342c46df956a6247e36d836884b25738ead4cfe8df4a2f3e340062e37f1e,./exp7_probe_libcxx.exe,2f81b486545542fc7b2159aaeec4d7169505046154a97bb1469c18bc24d28fac,-Wall -Wextra -std=c++11 -O2 -ffp-contract=off -I src,clang 21.0.0 (clang-2100.3.34.2),libc++,arm64,libcxx,native,664d906899b1726ae6d0bd3856483c4590af875a9dfdc3fee14fdcb79dbc4e34,false
exp7-manifest-1,2026-09-25T05:25:13Z,p1,tail,LEGACY,float,-,0.51000000000000001,10003,raw/p1/p1_tail_libcxx_LEGACY_k0.51_s10003_float.bin,bin,0,8,1,5,96,9ffbc11ff9f75fb8586fe62d42dd4016881209da8cf53d7f34fdb508df866011,./exp7_probe_libcxx.exe,2f81b486545542fc7b2159aaeec4d7169505046154a97bb1469c18bc24d28fac,-Wall -Wextra -std=c++11 -O2 -ffp-contract=off -I src,clang 21.0.0 (clang-2100.3.34.2),libc++,arm64,libcxx,native,664d906899b1726ae6d0bd3856483c4590af875a9dfdc3fee14fdcb79dbc4e34,false
exp7-manifest-1,2026-09-25T05:25:13Z,p1,tail,CANDIDATE,float,-,0.51000000000000001,10003,raw/p1/p1_tail_libcxx_CANDIDATE_k0.51_s10003_float.bin,bin,9924,8,1,5,79488,5a17d843ea4c3a5a183eb11c533e1f4a114ddbbddca666b904908c048ce90183,./exp7_probe_libcxx.exe,2f81b486545542fc7b2159aaeec4d7169505046154a97bb1469c18bc24d28fac,-Wall -Wextra -std=c++11 -O2 -ffp-contract=off -I src,clang 21.0.0 (clang-2100.3.34.2),libc++,arm64,libcxx,native,664d906899b1726ae6d0bd3856483c4590af875a9dfdc3fee14fdcb79dbc4e34,false
exp7-manifest-1,2026-09-25T05:25:13Z,p1,tail,LEGACY,float,-,0.51000000000000001,10004,raw/p1/p1_tail_libcxx_LEGACY_k0.51_s10004_float.bin,bin,0,8,1,5,96,8be1124e913755d410f3e56858594267cf551349e3e09dbcb0aedbc926489c9b,./exp7_probe_libcxx.exe,2f81b486545542fc7b2159aaeec4d7169505046154a97bb1469c18bc24d28fac,-Wall -Wextra -std=c++11 -O2 -ffp-contract=off -I src,clang 21.0.0 (clang-2100.3.34.2),libc++,arm64,libcxx,native,664d906899b1726ae6d0bd3856483c4590af875a9dfdc3fee14fdcb79dbc4e34,false
exp7-manifest-1,2026-09-25T05:25:13Z,p1,tail,CANDIDATE,float,-,0.51000000000000001,10004,raw/p1/p1_tail_libcxx_CANDIDATE_k0.51_s10004_float.bin,bin,10065,8,1,5,80616,18205f9223ebdcf013fc96bd5728220c7cd0d3b3a7d75720035c476140821725,./exp7_probe_libcxx.exe,2f81b486545542fc7b2159aaeec4d7169505046154a97bb1469c18bc24d28fac,-Wall -Wextra -std=c++11 -O2 -ffp-contract=off -I src,clang 21.0.0 (clang-2100.3.34.2),libc++,arm64,libcxx,native,664d906899b1726ae6d0bd3856483c4590af875a9dfdc3fee14fdcb79dbc4e34,false
exp7-manifest-1,2026-09-25T05:25:13Z,p1,tail,LEGACY,float,-,0.51000000000000001,10005,raw/p1/p1_tail_libcxx_LEGACY_k0.51_s10005_float.bin,bin,0,8,1,5,96,d90c6a126c6b5ed6ce44cac0aa3c30577ea96704cab075de07c03406670474a5,./exp7_probe_libcxx.exe,2f81b486545542fc7b2159aaeec4d7169505046154a97bb1469c18bc24d28fac,-Wall -Wextra -std=c++11 -O2 -ffp-contract=off -I src,clang 21.0.0 (clang-2100.3.34.2),libc++,arm64,libcxx,native,664d906899b1726ae6d0bd3856483c4590af875a9dfdc3fee14fdcb79dbc4e34,false
exp7-manifest-1,2026-09-25T05:25:13Z,p1,tail,CANDIDATE,float,-,0.51000000000000001,10005,raw/p1/p1_tail_libcxx_CANDIDATE_k0.51_s10005_float.bin,bin,10064,8,1,5,80608,8923f8ea379987adb8bf4e4a6798b4180553d9a67870981aa1b4a39f9b9cd115,./exp7_probe_libcxx.exe,2f81b486545542fc7b2159aaeec4d7169505046154a97bb1469c18bc24d28fac,-Wall -Wextra -std=c++11 -O2 -ffp-contract=off -I src,clang 21.0.0 (clang-2100.3.34.2),libc++,arm64,libcxx,native,664d906899b1726ae6d0bd3856483c4590af875a9dfdc3fee14fdcb79dbc4e34,false
exp7-manifest-1,2026-09-25T05:25:13Z,p1,tail,LEGACY,float,-,0.55000000000000004,10001,raw/p1/p1_tail_libcxx_LEGACY_k0.55_s10001_float.bin,bin,4358,8,1,5,34960,a372b5deaffd3eab516e994c19629f1c909b161fa6dc57470f2a8e292c31eb7a,./exp7_probe_libcxx.exe,2f81b486545542fc7b2159aaeec4d7169505046154a97bb1469c18bc24d28fac,-Wall -Wextra -std=c++11 -O2 -ffp-contract=off -I src,clang 21.0.0 (clang-2100.3.34.2),libc++,arm64,libcxx,native,664d906899b1726ae6d0bd3856483c4590af875a9dfdc3fee14fdcb79dbc4e34,false
exp7-manifest-1,2026-09-25T05:25:13Z,p1,tail,CANDIDATE,float,-,0.55000000000000004,10001,raw/p1/p1_tail_libcxx_CANDIDATE_k0.55_s10001_float.bin,bin,9998,8,1,5,80080,d92a733608d1ccdb9b25f919428acc1126420104ee9a67fea41b68394dca0d19,./exp7_probe_libcxx.exe,2f81b486545542fc7b2159aaeec4d7169505046154a97bb1469c18bc24d28fac,-Wall -Wextra -std=c++11 -O2 -ffp-contract=off -I src,clang 21.0.0 (clang-2100.3.34.2),libc++,arm64,libcxx,native,664d906899b1726ae6d0bd3856483c4590af875a9dfdc3fee14fdcb79dbc4e34,false
exp7-manifest-1,2026-09-25T05:25:13Z,p1,tail,LEGACY,float,-,0.55000000000000004,10002,raw/p1/p1_tail_libcxx_LEGACY_k0.55_s10002_float.bin,bin,4334,8,1,5,34768,496fe99360eba82c8fb5f57599ad3fcf0d44efa45a6c7b1f133a662722d22e8e,./exp7_probe_libcxx.exe,2f81b486545542fc7b2159aaeec4d7169505046154a97bb1469c18bc24d28fac,-Wall -Wextra -std=c++11 -O2 -ffp-contract=off -I src,clang 21.0.0 (clang-2100.3.34.2),libc++,arm64,libcxx,native,664d906899b1726ae6d0bd3856483c4590af875a9dfdc3fee14fdcb79dbc4e34,false
exp7-manifest-1,2026-09-25T05:25:13Z,p1,tail,CANDIDATE,float,-,0.55000000000000004,10002,raw/p1/p1_tail_libcxx_CANDIDATE_k0.55_s10002_float.bin,bin,9873,8,1,5,79080,dc50ee376ee4e45a5157e365f7d42de7034c52c85864d9edb59c9fb4fbea45c5,./exp7_probe_libcxx.exe,2f81b486545542fc7b2159aaeec4d7169505046154a97bb1469c18bc24d28fac,-Wall -Wextra -std=c++11 -O2 -ffp-contract=off -I src,clang 21.0.0 (clang-2100.3.34.2),libc++,arm64,libcxx,native,664d906899b1726ae6d0bd3856483c4590af875a9dfdc3fee14fdcb79dbc4e34,false
exp7-manifest-1,2026-09-25T05:25:13Z,p1,tail,LEGACY,float,-,0.55000000000000004,10003,raw/p1/p1_tail_libcxx_LEGACY_k0.55_s10003_float.bin,bin,4378,8,1,5,35120,b5f12519815e8f2ac9186ba5d941dadb90cc197d060177c5c1c1bd68de1e8023,./exp7_probe_libcxx.exe,2f81b486545542fc7b2159aaeec4d7169505046154a97bb1469c18bc24d28fac,-Wall -Wextra -std=c++11 -O2 -ffp-contract=off -I src,clang 21.0.0 (clang-2100.3.34.2),libc++,arm64,libcxx,native,664d906899b1726ae6d0bd3856483c4590af875a9dfdc3fee14fdcb79dbc4e34,false
exp7-manifest-1,2026-09-25T05:25:13Z,p1,tail,CANDIDATE,float,-,0.55000000000000004,10003,raw/p1/p1_tail_libcxx_CANDIDATE_k0.55_s10003_float.bin,bin,9920,8,1,5,79456,d46c890f004724f30855f6178f6c290f23f0ad47e67514f89bcf2e17c85dfd2e,./exp7_probe_libcxx.exe,2f81b486545542fc7b2159aaeec4d7169505046154a97bb1469c18bc24d28fac,-Wall -Wextra -std=c++11 -O2 -ffp-contract=off -I src,clang 21.0.0 (clang-2100.3.34.2),libc++,arm64,libcxx,native,664d906899b1726ae6d0bd3856483c4590af875a9dfdc3fee14fdcb79dbc4e34,false
exp7-manifest-1,2026-09-25T05:25:13Z,p1,tail,LEGACY,float,-,0.55000000000000004,10004,raw/p1/p1_tail_libcxx_LEGACY_k0.55_s10004_float.bin,bin,4202,8,1,5,33712,f48b6c9ec786fd7016a89878c3e48e0db799bc22fc8a667635e67e8c950becf5,./exp7_probe_libcxx.exe,2f81b486545542fc7b2159aaeec4d7169505046154a97bb1469c18bc24d28fac,-Wall -Wextra -std=c++11 -O2 -ffp-contract=off -I src,clang 21.0.0 (clang-2100.3.34.2),libc++,arm64,libcxx,native,664d906899b1726ae6d0bd3856483c4590af875a9dfdc3fee14fdcb79dbc4e34,false
exp7-manifest-1,2026-09-25T05:25:13Z,p1,tail,CANDIDATE,float,-,0.55000000000000004,10004,raw/p1/p1_tail_libcxx_CANDIDATE_k0.55_s10004_float.bin,bin,9982,8,1,5,79952,5d93639b5a0f8e906847f795f452e74b411b4c512408f35b2dd288850fa929ea,./exp7_probe_libcxx.exe,2f81b486545542fc7b2159aaeec4d7169505046154a97bb1469c18bc24d28fac,-Wall -Wextra -std=c++11 -O2 -ffp-contract=off -I src,clang 21.0.0 (clang-2100.3.34.2),libc++,arm64,libcxx,native,664d906899b1726ae6d0bd3856483c4590af875a9dfdc3fee14fdcb79dbc4e34,false
exp7-manifest-1,2026-09-25T05:25:13Z,p1,tail,LEGACY,float,-,0.55000000000000004,10005,raw/p1/p1_tail_libcxx_LEGACY_k0.55_s10005_float.bin,bin,4298,8,1,5,34480,8b132b2c8fa4d356ff74a5bd348430aeff8d7696fc99ca8573976769e07eabf8,./exp7_probe_libcxx.exe,2f81b486545542fc7b2159aaeec4d7169505046154a97bb1469c18bc24d28fac,-Wall -Wextra -std=c++11 -O2 -ffp-contract=off -I src,clang 21.0.0 (clang-2100.3.34.2),libc++,arm64,libcxx,native,664d906899b1726ae6d0bd3856483c4590af875a9dfdc3fee14fdcb79dbc4e34,false
exp7-manifest-1,2026-09-25T05:25:13Z,p1,tail,CANDIDATE,float,-,0.55000000000000004,10005,raw/p1/p1_tail_libcxx_CANDIDATE_k0.55_s10005_float.bin,bin,10195,8,1,5,81656,ec950c3948d5776ba817d79d2f1a73d69d39a99513c9bc624c97b32d89e60f60,./exp7_probe_libcxx.exe,2f81b486545542fc7b2159aaeec4d7169505046154a97bb1469c18bc24d28fac,-Wall -Wextra -std=c++11 -O2 -ffp-contract=off -I src,clang 21.0.0 (clang-2100.3.34.2),libc++,arm64,libcxx,native,664d906899b1726ae6d0bd3856483c4590af875a9dfdc3fee14fdcb79dbc4e34,false
exp7-manifest-1,2026-09-25T05:25:13Z,p1,tail,LEGACY,float,-,0.59999999999999998,10001,raw/p1/p1_tail_libcxx_LEGACY_k0.6_s10001_float.bin,bin,10018,8,1,5,80240,01c53baefc27dd1bc01a48bdc9a4913d4882b06c9eb534e18565b47878e0a2f0,./exp7_probe_libcxx.exe,2f81b486545542fc7b2159aaeec4d7169505046154a97bb1469c18bc24d28fac,-Wall -Wextra -std=c++11 -O2 -ffp-contract=off -I src,clang 21.0.0 (clang-2100.3.34.2),libc++,arm64,libcxx,native,664d906899b1726ae6d0bd3856483c4590af875a9dfdc3fee14fdcb79dbc4e34,false
exp7-manifest-1,2026-09-25T05:25:13Z,p1,tail,CANDIDATE,float,-,0.59999999999999998,10001,raw/p1/p1_tail_libcxx_CANDIDATE_k0.6_s10001_float.bin,bin,10016,8,1,5,80224,5dac6107b85d3f86fa64297c010de05363847ca60d1963b576ba668bbf985d31,./exp7_probe_libcxx.exe,2f81b486545542fc7b2159aaeec4d7169505046154a97bb1469c18bc24d28fac,-Wall -Wextra -std=c++11 -O2 -ffp-contract=off -I src,clang 21.0.0 (clang-2100.3.34.2),libc++,arm64,libcxx,native,664d906899b1726ae6d0bd3856483c4590af875a9dfdc3fee14fdcb79dbc4e34,false
exp7-manifest-1,2026-09-25T05:25:13Z,p1,tail,LEGACY,float,-,0.59999999999999998,10002,raw/p1/p1_tail_libcxx_LEGACY_k0.6_s10002_float.bin,bin,10099,8,1,5,80888,e69d9121f0e1e8175706adff5df715307dc9870e9f95457b496938b88124f201,./exp7_probe_libcxx.exe,2f81b486545542fc7b2159aaeec4d7169505046154a97bb1469c18bc24d28fac,-Wall -Wextra -std=c++11 -O2 -ffp-contract=off -I src,clang 21.0.0 (clang-2100.3.34.2),libc++,arm64,libcxx,native,664d906899b1726ae6d0bd3856483c4590af875a9dfdc3fee14fdcb79dbc4e34,false
exp7-manifest-1,2026-09-25T05:25:13Z,p1,tail,CANDIDATE,float,-,0.59999999999999998,10002,raw/p1/p1_tail_libcxx_CANDIDATE_k0.6_s10002_float.bin,bin,10103,8,1,5,80920,3e1a46a7137e3fdf24feec1a057b962f06c1edc4a0e0dbe325c22a8a1fc2bf1d,./exp7_probe_libcxx.exe,2f81b486545542fc7b2159aaeec4d7169505046154a97bb1469c18bc24d28fac,-Wall -Wextra -std=c++11 -O2 -ffp-contract=off -I src,clang 21.0.0 (clang-2100.3.34.2),libc++,arm64,libcxx,native,664d906899b1726ae6d0bd3856483c4590af875a9dfdc3fee14fdcb79dbc4e34,false
exp7-manifest-1,2026-09-25T05:25:13Z,p1,tail,LEGACY,float,-,0.59999999999999998,10003,raw/p1/p1_tail_libcxx_LEGACY_k0.6_s10003_float.bin,bin,9816,8,1,5,78624,02be554b120424a58c836b8dd5cc310d692ff0296488453379c930cad8e6174a,./exp7_probe_libcxx.exe,2f81b486545542fc7b2159aaeec4d7169505046154a97bb1469c18bc24d28fac,-Wall -Wextra -std=c++11 -O2 -ffp-contract=off -I src,clang 21.0.0 (clang-2100.3.34.2),libc++,arm64,libcxx,native,664d906899b1726ae6d0bd3856483c4590af875a9dfdc3fee14fdcb79dbc4e34,false
exp7-manifest-1,2026-09-25T05:25:13Z,p1,tail,CANDIDATE,float,-,0.59999999999999998,10003,raw/p1/p1_tail_libcxx_CANDIDATE_k0.6_s10003_float.bin,bin,9906,8,1,5,79344,bf0f72974e842c28508d0bf2673769d5b30b2107b47768a5b6b4e02bd30f8f7c,./exp7_probe_libcxx.exe,2f81b486545542fc7b2159aaeec4d7169505046154a97bb1469c18bc24d28fac,-Wall -Wextra -std=c++11 -O2 -ffp-contract=off -I src,clang 21.0.0 (clang-2100.3.34.2),libc++,arm64,libcxx,native,664d906899b1726ae6d0bd3856483c4590af875a9dfdc3fee14fdcb79dbc4e34,false
exp7-manifest-1,2026-09-25T05:25:13Z,p1,tail,LEGACY,float,-,0.59999999999999998,10004,raw/p1/p1_tail_libcxx_LEGACY_k0.6_s10004_float.bin,bin,10085,8,1,5,80776,8fae80d365ca2873cfe8be525070333734a31735fc6fd2c4a63174e1c130b4be,./exp7_probe_libcxx.exe,2f81b486545542fc7b2159aaeec4d7169505046154a97bb1469c18bc24d28fac,-Wall -Wextra -std=c++11 -O2 -ffp-contract=off -I src,clang 21.0.0 (clang-2100.3.34.2),libc++,arm64,libcxx,native,664d906899b1726ae6d0bd3856483c4590af875a9dfdc3fee14fdcb79dbc4e34,false
exp7-manifest-1,2026-09-25T05:25:13Z,p1,tail,CANDIDATE,float,-,0.59999999999999998,10004,raw/p1/p1_tail_libcxx_CANDIDATE_k0.6_s10004_float.bin,bin,9942,8,1,5,79632,90194b7ba63a0b3eb922737bf8c558f1b6754e5c2a37d1f42583437c23fd0d12,./exp7_probe_libcxx.exe,2f81b486545542fc7b2159aaeec4d7169505046154a97bb1469c18bc24d28fac,-Wall -Wextra -std=c++11 -O2 -ffp-contract=off -I src,clang 21.0.0 (clang-2100.3.34.2),libc++,arm64,libcxx,native,664d906899b1726ae6d0bd3856483c4590af875a9dfdc3fee14fdcb79dbc4e34,false
exp7-manifest-1,2026-09-25T05:25:13Z,p1,tail,LEGACY,float,-,0.59999999999999998,10005,raw/p1/p1_tail_libcxx_LEGACY_k0.6_s10005_float.bin,bin,10008,8,1,5,80160,24a09e1ad1b9b3a174cffb12687644c32d2d4977c15088de0fd51cb0b19db931,./exp7_probe_libcxx.exe,2f81b486545542fc7b2159aaeec4d7169505046154a97bb1469c18bc24d28fac,-Wall -Wextra -std=c++11 -O2 -ffp-contract=off -I src,clang 21.0.0 (clang-2100.3.34.2),libc++,arm64,libcxx,native,664d906899b1726ae6d0bd3856483c4590af875a9dfdc3fee14fdcb79dbc4e34,false
exp7-manifest-1,2026-09-25T05:25:13Z,p1,tail,CANDIDATE,float,-,0.59999999999999998,10005,raw/p1/p1_tail_libcxx_CANDIDATE_k0.6_s10005_float.bin,bin,9874,8,1,5,79088,5374eba6263f57dd6cfe183df5fdc915a8ad8b4af32b9fa744577bc71a82621d,./exp7_probe_libcxx.exe,2f81b486545542fc7b2159aaeec4d7169505046154a97bb1469c18bc24d28fac,-Wall -Wextra -std=c++11 -O2 -ffp-contract=off -I src,clang 21.0.0 (clang-2100.3.34.2),libc++,arm64,libcxx,native,664d906899b1726ae6d0bd3856483c4590af875a9dfdc3fee14fdcb79dbc4e34,false
exp7-manifest-1,2026-09-25T05:25:13Z,p1,tail,LEGACY,float,-,0.75,10001,raw/p1/p1_tail_libcxx_LEGACY_k0.75_s10001_float.bin,bin,9952,8,1,5,79712,329454d21018283ee765cc5127e778ff6e0c8553037dbfe62e7f388af956a682,./exp7_probe_libcxx.exe,2f81b486545542fc7b2159aaeec4d7169505046154a97bb1469c18bc24d28fac,-Wall -Wextra -std=c++11 -O2 -ffp-contract=off -I src,clang 21.0.0 (clang-2100.3.34.2),libc++,arm64,libcxx,native,664d906899b1726ae6d0bd3856483c4590af875a9dfdc3fee14fdcb79dbc4e34,false
exp7-manifest-1,2026-09-25T05:25:13Z,p1,tail,CANDIDATE,float,-,0.75,10001,raw/p1/p1_tail_libcxx_CANDIDATE_k0.75_s10001_float.bin,bin,10138,8,1,5,81200,6efee8571d32f4c388f8862c5986346d8bc189b161c98b1791fad6251af51299,./exp7_probe_libcxx.exe,2f81b486545542fc7b2159aaeec4d7169505046154a97bb1469c18bc24d28fac,-Wall -Wextra -std=c++11 -O2 -ffp-contract=off -I src,clang 21.0.0 (clang-2100.3.34.2),libc++,arm64,libcxx,native,664d906899b1726ae6d0bd3856483c4590af875a9dfdc3fee14fdcb79dbc4e34,false
exp7-manifest-1,2026-09-25T05:25:13Z,p1,tail,LEGACY,float,-,0.75,10002,raw/p1/p1_tail_libcxx_LEGACY_k0.75_s10002_float.bin,bin,9880,8,1,5,79136,643a26acd0921c8980d3ee18f10f31ac6e64790fbbb3dde38b44790f5ca4e2b5,./exp7_probe_libcxx.exe,2f81b486545542fc7b2159aaeec4d7169505046154a97bb1469c18bc24d28fac,-Wall -Wextra -std=c++11 -O2 -ffp-contract=off -I src,clang 21.0.0 (clang-2100.3.34.2),libc++,arm64,libcxx,native,664d906899b1726ae6d0bd3856483c4590af875a9dfdc3fee14fdcb79dbc4e34,false
exp7-manifest-1,2026-09-25T05:25:13Z,p1,tail,CANDIDATE,float,-,0.75,10002,raw/p1/p1_tail_libcxx_CANDIDATE_k0.75_s10002_float.bin,bin,10005,8,1,5,80136,1d0162057a99eeb868e15957b49d0b345686d4e50b8f3e8b6e0b0f5557037bfb,./exp7_probe_libcxx.exe,2f81b486545542fc7b2159aaeec4d7169505046154a97bb1469c18bc24d28fac,-Wall -Wextra -std=c++11 -O2 -ffp-contract=off -I src,clang 21.0.0 (clang-2100.3.34.2),libc++,arm64,libcxx,native,664d906899b1726ae6d0bd3856483c4590af875a9dfdc3fee14fdcb79dbc4e34,false
exp7-manifest-1,2026-09-25T05:25:13Z,p1,tail,LEGACY,float,-,0.75,10003,raw/p1/p1_tail_libcxx_LEGACY_k0.75_s10003_float.bin,bin,9998,8,1,5,80080,646b37e9e010eed3f98d0b5f730afc73e8924301ffbc23e196359c793a22e07b,./exp7_probe_libcxx.exe,2f81b486545542fc7b2159aaeec4d7169505046154a97bb1469c18bc24d28fac,-Wall -Wextra -std=c++11 -O2 -ffp-contract=off -I src,clang 21.0.0 (clang-2100.3.34.2),libc++,arm64,libcxx,native,664d906899b1726ae6d0bd3856483c4590af875a9dfdc3fee14fdcb79dbc4e34,false
exp7-manifest-1,2026-09-25T05:25:13Z,p1,tail,CANDIDATE,float,-,0.75,10003,raw/p1/p1_tail_libcxx_CANDIDATE_k0.75_s10003_float.bin,bin,10010,8,1,5,80176,faf87e675ee1fa64b9de3663e6ed1415fcf92b4e931cea724f8f833b8a998bfb,./exp7_probe_libcxx.exe,2f81b486545542fc7b2159aaeec4d7169505046154a97bb1469c18bc24d28fac,-Wall -Wextra -std=c++11 -O2 -ffp-contract=off -I src,clang 21.0.0 (clang-2100.3.34.2),libc++,arm64,libcxx,native,664d906899b1726ae6d0bd3856483c4590af875a9dfdc3fee14fdcb79dbc4e34,false
exp7-manifest-1,2026-09-25T05:25:13Z,p1,tail,LEGACY,float,-,0.75,10004,raw/p1/p1_tail_libcxx_LEGACY_k0.75_s10004_float.bin,bin,9979,8,1,5,79928,867ce87fd3e13539b0910d956a2902ef3bf41ec2d2e28c3981e700ca0fffd10d,./exp7_probe_libcxx.exe,2f81b486545542fc7b2159aaeec4d7169505046154a97bb1469c18bc24d28fac,-Wall -Wextra -std=c++11 -O2 -ffp-contract=off -I src,clang 21.0.0 (clang-2100.3.34.2),libc++,arm64,libcxx,native,664d906899b1726ae6d0bd3856483c4590af875a9dfdc3fee14fdcb79dbc4e34,false
exp7-manifest-1,2026-09-25T05:25:13Z,p1,tail,CANDIDATE,float,-,0.75,10004,raw/p1/p1_tail_libcxx_CANDIDATE_k0.75_s10004_float.bin,bin,10142,8,1,5,81232,ad84292402e317a33f8323aca9b213211256f8fe24cd676aeeab174951e04f05,./exp7_probe_libcxx.exe,2f81b486545542fc7b2159aaeec4d7169505046154a97bb1469c18bc24d28fac,-Wall -Wextra -std=c++11 -O2 -ffp-contract=off -I src,clang 21.0.0 (clang-2100.3.34.2),libc++,arm64,libcxx,native,664d906899b1726ae6d0bd3856483c4590af875a9dfdc3fee14fdcb79dbc4e34,false
exp7-manifest-1,2026-09-25T05:25:13Z,p1,tail,LEGACY,float,-,0.75,10005,raw/p1/p1_tail_libcxx_LEGACY_k0.75_s10005_float.bin,bin,10051,8,1,5,80504,1aa931d7577f27bcdaa9bd3d09af03cba8534996d22500391d93906c54e70461,./exp7_probe_libcxx.exe,2f81b486545542fc7b2159aaeec4d7169505046154a97bb1469c18bc24d28fac,-Wall -Wextra -std=c++11 -O2 -ffp-contract=off -I src,clang 21.0.0 (clang-2100.3.34.2),libc++,arm64,libcxx,native,664d906899b1726ae6d0bd3856483c4590af875a9dfdc3fee14fdcb79dbc4e34,false
exp7-manifest-1,2026-09-25T05:25:13Z,p1,tail,CANDIDATE,float,-,0.75,10005,raw/p1/p1_tail_libcxx_CANDIDATE_k0.75_s10005_float.bin,bin,9926,8,1,5,79504,75b79dc8dafb3754e8726395d5319697790bb1e9e8ccadd23f24ffbaf1481797,./exp7_probe_libcxx.exe,2f81b486545542fc7b2159aaeec4d7169505046154a97bb1469c18bc24d28fac,-Wall -Wextra -std=c++11 -O2 -ffp-contract=off -I src,clang 21.0.0 (clang-2100.3.34.2),libc++,arm64,libcxx,native,664d906899b1726ae6d0bd3856483c4590af875a9dfdc3fee14fdcb79dbc4e34,false
exp7-manifest-1,2026-09-25T05:25:13Z,p1,tail,LEGACY,float,-,1,10001,raw/p1/p1_tail_libcxx_LEGACY_k1_s10001_float.bin,bin,10159,8,1,5,81368,425b8b94b177b3e344ecdb3063f96e5467de56137ad90d7b91a1ecc2c3394bec,./exp7_probe_libcxx.exe,2f81b486545542fc7b2159aaeec4d7169505046154a97bb1469c18bc24d28fac,-Wall -Wextra -std=c++11 -O2 -ffp-contract=off -I src,clang 21.0.0 (clang-2100.3.34.2),libc++,arm64,libcxx,native,664d906899b1726ae6d0bd3856483c4590af875a9dfdc3fee14fdcb79dbc4e34,false
exp7-manifest-1,2026-09-25T05:25:13Z,p1,tail,CANDIDATE,float,-,1,10001,raw/p1/p1_tail_libcxx_CANDIDATE_k1_s10001_float.bin,bin,10011,8,1,5,80184,0f4c9328ad8e835a1795546f70c7c7c49ddbb66a5aaacc1d0e76f511cc18125a,./exp7_probe_libcxx.exe,2f81b486545542fc7b2159aaeec4d7169505046154a97bb1469c18bc24d28fac,-Wall -Wextra -std=c++11 -O2 -ffp-contract=off -I src,clang 21.0.0 (clang-2100.3.34.2),libc++,arm64,libcxx,native,664d906899b1726ae6d0bd3856483c4590af875a9dfdc3fee14fdcb79dbc4e34,false
exp7-manifest-1,2026-09-25T05:25:13Z,p1,tail,LEGACY,float,-,1,10002,raw/p1/p1_tail_libcxx_LEGACY_k1_s10002_float.bin,bin,9834,8,1,5,78768,fb8070c7a69db2d1ba6be73700a40e06c1521075644877c383bc5f3463a80afc,./exp7_probe_libcxx.exe,2f81b486545542fc7b2159aaeec4d7169505046154a97bb1469c18bc24d28fac,-Wall -Wextra -std=c++11 -O2 -ffp-contract=off -I src,clang 21.0.0 (clang-2100.3.34.2),libc++,arm64,libcxx,native,664d906899b1726ae6d0bd3856483c4590af875a9dfdc3fee14fdcb79dbc4e34,false
exp7-manifest-1,2026-09-25T05:25:13Z,p1,tail,CANDIDATE,float,-,1,10002,raw/p1/p1_tail_libcxx_CANDIDATE_k1_s10002_float.bin,bin,10064,8,1,5,80608,834c0fdc182379dacd6a4fb1b62864502df24c13c7a4b689c2a617f921885d79,./exp7_probe_libcxx.exe,2f81b486545542fc7b2159aaeec4d7169505046154a97bb1469c18bc24d28fac,-Wall -Wextra -std=c++11 -O2 -ffp-contract=off -I src,clang 21.0.0 (clang-2100.3.34.2),libc++,arm64,libcxx,native,664d906899b1726ae6d0bd3856483c4590af875a9dfdc3fee14fdcb79dbc4e34,false
exp7-manifest-1,2026-09-25T05:25:13Z,p1,tail,LEGACY,float,-,1,10003,raw/p1/p1_tail_libcxx_LEGACY_k1_s10003_float.bin,bin,9913,8,1,5,79400,f654923f258a23288aaa1a6bb758b3bf213c41a5b26e89fdefec43944e20d597,./exp7_probe_libcxx.exe,2f81b486545542fc7b2159aaeec4d7169505046154a97bb1469c18bc24d28fac,-Wall -Wextra -std=c++11 -O2 -ffp-contract=off -I src,clang 21.0.0 (clang-2100.3.34.2),libc++,arm64,libcxx,native,664d906899b1726ae6d0bd3856483c4590af875a9dfdc3fee14fdcb79dbc4e34,false
exp7-manifest-1,2026-09-25T05:25:13Z,p1,tail,CANDIDATE,float,-,1,10003,raw/p1/p1_tail_libcxx_CANDIDATE_k1_s10003_float.bin,bin,9973,8,1,5,79880,36dd09dccf4352b07d210ed5d5300c10b61e7dfdd3fa88efa22cc876c23c80be,./exp7_probe_libcxx.exe,2f81b486545542fc7b2159aaeec4d7169505046154a97bb1469c18bc24d28fac,-Wall -Wextra -std=c++11 -O2 -ffp-contract=off -I src,clang 21.0.0 (clang-2100.3.34.2),libc++,arm64,libcxx,native,664d906899b1726ae6d0bd3856483c4590af875a9dfdc3fee14fdcb79dbc4e34,false
exp7-manifest-1,2026-09-25T05:25:13Z,p1,tail,LEGACY,float,-,1,10004,raw/p1/p1_tail_libcxx_LEGACY_k1_s10004_float.bin,bin,9965,8,1,5,79816,242d1f9d4a30a92ec6c402cd9bf5fe2c2532db566235b102aef983c8ca1924a2,./exp7_probe_libcxx.exe,2f81b486545542fc7b2159aaeec4d7169505046154a97bb1469c18bc24d28fac,-Wall -Wextra -std=c++11 -O2 -ffp-contract=off -I src,clang 21.0.0 (clang-2100.3.34.2),libc++,arm64,libcxx,native,664d906899b1726ae6d0bd3856483c4590af875a9dfdc3fee14fdcb79dbc4e34,false
exp7-manifest-1,2026-09-25T05:25:13Z,p1,tail,CANDIDATE,float,-,1,10004,raw/p1/p1_tail_libcxx_CANDIDATE_k1_s10004_float.bin,bin,9968,8,1,5,79840,dfc9573e9ba2ed9ec91cfd4efbe0044d0363a03391eb7fc6b345f1e2b3e8e691,./exp7_probe_libcxx.exe,2f81b486545542fc7b2159aaeec4d7169505046154a97bb1469c18bc24d28fac,-Wall -Wextra -std=c++11 -O2 -ffp-contract=off -I src,clang 21.0.0 (clang-2100.3.34.2),libc++,arm64,libcxx,native,664d906899b1726ae6d0bd3856483c4590af875a9dfdc3fee14fdcb79dbc4e34,false
exp7-manifest-1,2026-09-25T05:25:13Z,p1,tail,LEGACY,float,-,1,10005,raw/p1/p1_tail_libcxx_LEGACY_k1_s10005_float.bin,bin,9972,8,1,5,79872,d0ceb808647aae8bd8c2d9f3e9ed8ac488cc8baf3eb1f0d8d35cc3f3f05af8fd,./exp7_probe_libcxx.exe,2f81b486545542fc7b2159aaeec4d7169505046154a97bb1469c18bc24d28fac,-Wall -Wextra -std=c++11 -O2 -ffp-contract=off -I src,clang 21.0.0 (clang-2100.3.34.2),libc++,arm64,libcxx,native,664d906899b1726ae6d0bd3856483c4590af875a9dfdc3fee14fdcb79dbc4e34,false
exp7-manifest-1,2026-09-25T05:25:13Z,p1,tail,CANDIDATE,float,-,1,10005,raw/p1/p1_tail_libcxx_CANDIDATE_k1_s10005_float.bin,bin,9836,8,1,5,78784,dffaf1577b71493a3bc591edd542008b5eb5b30d8a13c6ac364ec019d1c3f838,./exp7_probe_libcxx.exe,2f81b486545542fc7b2159aaeec4d7169505046154a97bb1469c18bc24d28fac,-Wall -Wextra -std=c++11 -O2 -ffp-contract=off -I src,clang 21.0.0 (clang-2100.3.34.2),libc++,arm64,libcxx,native,664d906899b1726ae6d0bd3856483c4590af875a9dfdc3fee14fdcb79dbc4e34,false
exp7-manifest-1,2026-09-25T05:25:13Z,p1,tail,LEGACY,float,-,1.25,10001,raw/p1/p1_tail_libcxx_LEGACY_k1.25_s10001_float.bin,bin,10129,8,1,5,81128,7082a7ec6e052af0ab35d799f0d0d2a74308a7d7c87a541297cbb7deffeb5f2e,./exp7_probe_libcxx.exe,2f81b486545542fc7b2159aaeec4d7169505046154a97bb1469c18bc24d28fac,-Wall -Wextra -std=c++11 -O2 -ffp-contract=off -I src,clang 21.0.0 (clang-2100.3.34.2),libc++,arm64,libcxx,native,664d906899b1726ae6d0bd3856483c4590af875a9dfdc3fee14fdcb79dbc4e34,false
exp7-manifest-1,2026-09-25T05:25:13Z,p1,tail,CANDIDATE,float,-,1.25,10001,raw/p1/p1_tail_libcxx_CANDIDATE_k1.25_s10001_float.bin,bin,10137,8,1,5,81192,5e497692acca220f2d8ae5ef3926f084eb8e9aaddfc7cb64de5a212224789806,./exp7_probe_libcxx.exe,2f81b486545542fc7b2159aaeec4d7169505046154a97bb1469c18bc24d28fac,-Wall -Wextra -std=c++11 -O2 -ffp-contract=off -I src,clang 21.0.0 (clang-2100.3.34.2),libc++,arm64,libcxx,native,664d906899b1726ae6d0bd3856483c4590af875a9dfdc3fee14fdcb79dbc4e34,false
exp7-manifest-1,2026-09-25T05:25:13Z,p1,tail,LEGACY,float,-,1.25,10002,raw/p1/p1_tail_libcxx_LEGACY_k1.25_s10002_float.bin,bin,9916,8,1,5,79424,bb521cc724dfa2ada66ce0d3d32af42d9cc3a7e60e1583f7e492b263c74734c9,./exp7_probe_libcxx.exe,2f81b486545542fc7b2159aaeec4d7169505046154a97bb1469c18bc24d28fac,-Wall -Wextra -std=c++11 -O2 -ffp-contract=off -I src,clang 21.0.0 (clang-2100.3.34.2),libc++,arm64,libcxx,native,664d906899b1726ae6d0bd3856483c4590af875a9dfdc3fee14fdcb79dbc4e34,false
exp7-manifest-1,2026-09-25T05:25:13Z,p1,tail,CANDIDATE,float,-,1.25,10002,raw/p1/p1_tail_libcxx_CANDIDATE_k1.25_s10002_float.bin,bin,10053,8,1,5,80520,dbfdea23210d25bfdedd24e9949b8dc21f374fcbc2460ffc684e17e8bf736cf8,./exp7_probe_libcxx.exe,2f81b486545542fc7b2159aaeec4d7169505046154a97bb1469c18bc24d28fac,-Wall -Wextra -std=c++11 -O2 -ffp-contract=off -I src,clang 21.0.0 (clang-2100.3.34.2),libc++,arm64,libcxx,native,664d906899b1726ae6d0bd3856483c4590af875a9dfdc3fee14fdcb79dbc4e34,false
exp7-manifest-1,2026-09-25T05:25:13Z,p1,tail,LEGACY,float,-,1.25,10003,raw/p1/p1_tail_libcxx_LEGACY_k1.25_s10003_float.bin,bin,10191,8,1,5,81624,84439b2dc8e293463c6e9240e1cc799a0f934288eb99eb66c9b455da613d87a6,./exp7_probe_libcxx.exe,2f81b486545542fc7b2159aaeec4d7169505046154a97bb1469c18bc24d28fac,-Wall -Wextra -std=c++11 -O2 -ffp-contract=off -I src,clang 21.0.0 (clang-2100.3.34.2),libc++,arm64,libcxx,native,664d906899b1726ae6d0bd3856483c4590af875a9dfdc3fee14fdcb79dbc4e34,false
exp7-manifest-1,2026-09-25T05:25:13Z,p1,tail,CANDIDATE,float,-,1.25,10003,raw/p1/p1_tail_libcxx_CANDIDATE_k1.25_s10003_float.bin,bin,10043,8,1,5,80440,7676398b4f394d00537f01d08a464fa08e9b845857b1dafd8f039f0534e4a70d,./exp7_probe_libcxx.exe,2f81b486545542fc7b2159aaeec4d7169505046154a97bb1469c18bc24d28fac,-Wall -Wextra -std=c++11 -O2 -ffp-contract=off -I src,clang 21.0.0 (clang-2100.3.34.2),libc++,arm64,libcxx,native,664d906899b1726ae6d0bd3856483c4590af875a9dfdc3fee14fdcb79dbc4e34,false
exp7-manifest-1,2026-09-25T05:25:13Z,p1,tail,LEGACY,float,-,1.25,10004,raw/p1/p1_tail_libcxx_LEGACY_k1.25_s10004_float.bin,bin,10166,8,1,5,81424,221cbaa3eab6de3acc0468af1ab8c5322c600833d76a82120076239e06b673f9,./exp7_probe_libcxx.exe,2f81b486545542fc7b2159aaeec4d7169505046154a97bb1469c18bc24d28fac,-Wall -Wextra -std=c++11 -O2 -ffp-contract=off -I src,clang 21.0.0 (clang-2100.3.34.2),libc++,arm64,libcxx,native,664d906899b1726ae6d0bd3856483c4590af875a9dfdc3fee14fdcb79dbc4e34,false
exp7-manifest-1,2026-09-25T05:25:13Z,p1,tail,CANDIDATE,float,-,1.25,10004,raw/p1/p1_tail_libcxx_CANDIDATE_k1.25_s10004_float.bin,bin,9931,8,1,5,79544,b3f1a981ed618e29aa0fa9e564362eeb7d8e5302e6271fb837376ecfbcaf2c9f,./exp7_probe_libcxx.exe,2f81b486545542fc7b2159aaeec4d7169505046154a97bb1469c18bc24d28fac,-Wall -Wextra -std=c++11 -O2 -ffp-contract=off -I src,clang 21.0.0 (clang-2100.3.34.2),libc++,arm64,libcxx,native,664d906899b1726ae6d0bd3856483c4590af875a9dfdc3fee14fdcb79dbc4e34,false
exp7-manifest-1,2026-09-25T05:25:13Z,p1,tail,LEGACY,float,-,1.25,10005,raw/p1/p1_tail_libcxx_LEGACY_k1.25_s10005_float.bin,bin,9914,8,1,5,79408,613573076e56bc8aa750b6c39c9afd2c0a62502adc68a3ac5ac5a245d3b0e342,./exp7_probe_libcxx.exe,2f81b486545542fc7b2159aaeec4d7169505046154a97bb1469c18bc24d28fac,-Wall -Wextra -std=c++11 -O2 -ffp-contract=off -I src,clang 21.0.0 (clang-2100.3.34.2),libc++,arm64,libcxx,native,664d906899b1726ae6d0bd3856483c4590af875a9dfdc3fee14fdcb79dbc4e34,false
exp7-manifest-1,2026-09-25T05:25:13Z,p1,tail,CANDIDATE,float,-,1.25,10005,raw/p1/p1_tail_libcxx_CANDIDATE_k1.25_s10005_float.bin,bin,9880,8,1,5,79136,27b876a5d4928c00be282e0bb96de27922ab3f271c8dbe12ac214c6d44a663c8,./exp7_probe_libcxx.exe,2f81b486545542fc7b2159aaeec4d7169505046154a97bb1469c18bc24d28fac,-Wall -Wextra -std=c++11 -O2 -ffp-contract=off -I src,clang 21.0.0 (clang-2100.3.34.2),libc++,arm64,libcxx,native,664d906899b1726ae6d0bd3856483c4590af875a9dfdc3fee14fdcb79dbc4e34,false
exp7-manifest-1,2026-09-25T05:25:13Z,p1,tail,LEGACY,float,-,1.49,10001,raw/p1/p1_tail_libcxx_LEGACY_k1.49_s10001_float.bin,bin,9895,8,1,5,79256,820fb7461768cde2ae9b7a5813f44918456e880f69b7ed77d2d7e6866f5bd76e,./exp7_probe_libcxx.exe,2f81b486545542fc7b2159aaeec4d7169505046154a97bb1469c18bc24d28fac,-Wall -Wextra -std=c++11 -O2 -ffp-contract=off -I src,clang 21.0.0 (clang-2100.3.34.2),libc++,arm64,libcxx,native,664d906899b1726ae6d0bd3856483c4590af875a9dfdc3fee14fdcb79dbc4e34,false
exp7-manifest-1,2026-09-25T05:25:13Z,p1,tail,CANDIDATE,float,-,1.49,10001,raw/p1/p1_tail_libcxx_CANDIDATE_k1.49_s10001_float.bin,bin,10009,8,1,5,80168,3458fbef1c5b12149d3d8461bde27d53333ac57e701817ae7cfd91571698cbb9,./exp7_probe_libcxx.exe,2f81b486545542fc7b2159aaeec4d7169505046154a97bb1469c18bc24d28fac,-Wall -Wextra -std=c++11 -O2 -ffp-contract=off -I src,clang 21.0.0 (clang-2100.3.34.2),libc++,arm64,libcxx,native,664d906899b1726ae6d0bd3856483c4590af875a9dfdc3fee14fdcb79dbc4e34,false
exp7-manifest-1,2026-09-25T05:25:13Z,p1,tail,LEGACY,float,-,1.49,10002,raw/p1/p1_tail_libcxx_LEGACY_k1.49_s10002_float.bin,bin,10135,8,1,5,81176,20cae45dd0a3c2acd0a15479a62317777ac632ebcdf1c2a03e5830b5d035f7a3,./exp7_probe_libcxx.exe,2f81b486545542fc7b2159aaeec4d7169505046154a97bb1469c18bc24d28fac,-Wall -Wextra -std=c++11 -O2 -ffp-contract=off -I src,clang 21.0.0 (clang-2100.3.34.2),libc++,arm64,libcxx,native,664d906899b1726ae6d0bd3856483c4590af875a9dfdc3fee14fdcb79dbc4e34,false
exp7-manifest-1,2026-09-25T05:25:13Z,p1,tail,CANDIDATE,float,-,1.49,10002,raw/p1/p1_tail_libcxx_CANDIDATE_k1.49_s10002_float.bin,bin,9975,8,1,5,79896,9982c04c520aa9cf6b0db6c75331304a903dbcad8e4f40deb2fd102b24451f71,./exp7_probe_libcxx.exe,2f81b486545542fc7b2159aaeec4d7169505046154a97bb1469c18bc24d28fac,-Wall -Wextra -std=c++11 -O2 -ffp-contract=off -I src,clang 21.0.0 (clang-2100.3.34.2),libc++,arm64,libcxx,native,664d906899b1726ae6d0bd3856483c4590af875a9dfdc3fee14fdcb79dbc4e34,false
exp7-manifest-1,2026-09-25T05:25:13Z,p1,tail,LEGACY,float,-,1.49,10003,raw/p1/p1_tail_libcxx_LEGACY_k1.49_s10003_float.bin,bin,10016,8,1,5,80224,54794f2cf462b8de4be88511340b35bd27d6ea1b67cb6f8b4277959f6ba0cace,./exp7_probe_libcxx.exe,2f81b486545542fc7b2159aaeec4d7169505046154a97bb1469c18bc24d28fac,-Wall -Wextra -std=c++11 -O2 -ffp-contract=off -I src,clang 21.0.0 (clang-2100.3.34.2),libc++,arm64,libcxx,native,664d906899b1726ae6d0bd3856483c4590af875a9dfdc3fee14fdcb79dbc4e34,false
exp7-manifest-1,2026-09-25T05:25:13Z,p1,tail,CANDIDATE,float,-,1.49,10003,raw/p1/p1_tail_libcxx_CANDIDATE_k1.49_s10003_float.bin,bin,9928,8,1,5,79520,733f7893997567bdb74d4f456cfb256916fc4cc1a048608f07b90659f7f19b54,./exp7_probe_libcxx.exe,2f81b486545542fc7b2159aaeec4d7169505046154a97bb1469c18bc24d28fac,-Wall -Wextra -std=c++11 -O2 -ffp-contract=off -I src,clang 21.0.0 (clang-2100.3.34.2),libc++,arm64,libcxx,native,664d906899b1726ae6d0bd3856483c4590af875a9dfdc3fee14fdcb79dbc4e34,false
exp7-manifest-1,2026-09-25T05:25:13Z,p1,tail,LEGACY,float,-,1.49,10004,raw/p1/p1_tail_libcxx_LEGACY_k1.49_s10004_float.bin,bin,9824,8,1,5,78688,794bc0587f36bd9b6ed2359c2a76e7dee1651a7f78568c90f211e7cfe4174787,./exp7_probe_libcxx.exe,2f81b486545542fc7b2159aaeec4d7169505046154a97bb1469c18bc24d28fac,-Wall -Wextra -std=c++11 -O2 -ffp-contract=off -I src,clang 21.0.0 (clang-2100.3.34.2),libc++,arm64,libcxx,native,664d906899b1726ae6d0bd3856483c4590af875a9dfdc3fee14fdcb79dbc4e34,false
exp7-manifest-1,2026-09-25T05:25:13Z,p1,tail,CANDIDATE,float,-,1.49,10004,raw/p1/p1_tail_libcxx_CANDIDATE_k1.49_s10004_float.bin,bin,9835,8,1,5,78776,a13c1dacbf1ad5ecfcbca7d0ea5da297b794ae540c6ef7738d91a9dd303c4692,./exp7_probe_libcxx.exe,2f81b486545542fc7b2159aaeec4d7169505046154a97bb1469c18bc24d28fac,-Wall -Wextra -std=c++11 -O2 -ffp-contract=off -I src,clang 21.0.0 (clang-2100.3.34.2),libc++,arm64,libcxx,native,664d906899b1726ae6d0bd3856483c4590af875a9dfdc3fee14fdcb79dbc4e34,false
exp7-manifest-1,2026-09-25T05:25:13Z,p1,tail,LEGACY,float,-,1.49,10005,raw/p1/p1_tail_libcxx_LEGACY_k1.49_s10005_float.bin,bin,9967,8,1,5,79832,25fd3c0559bafdd15c27dba32294c6422e60b2498e44c9163fbe0f1312e2cf65,./exp7_probe_libcxx.exe,2f81b486545542fc7b2159aaeec4d7169505046154a97bb1469c18bc24d28fac,-Wall -Wextra -std=c++11 -O2 -ffp-contract=off -I src,clang 21.0.0 (clang-2100.3.34.2),libc++,arm64,libcxx,native,664d906899b1726ae6d0bd3856483c4590af875a9dfdc3fee14fdcb79dbc4e34,false
exp7-manifest-1,2026-09-25T05:25:13Z,p1,tail,CANDIDATE,float,-,1.49,10005,raw/p1/p1_tail_libcxx_CANDIDATE_k1.49_s10005_float.bin,bin,10097,8,1,5,80872,04e78c7e0361872ca389c583bca1f5992d71ad2bb5faf39e34a0b15758c5dcb1,./exp7_probe_libcxx.exe,2f81b486545542fc7b2159aaeec4d7169505046154a97bb1469c18bc24d28fac,-Wall -Wextra -std=c++11 -O2 -ffp-contract=off -I src,clang 21.0.0 (clang-2100.3.34.2),libc++,arm64,libcxx,native,664d906899b1726ae6d0bd3856483c4590af875a9dfdc3fee14fdcb79dbc4e34,false
exp7-manifest-1,2026-09-25T05:25:13Z,p1,tail,LEGACY,float,-,1.5,10001,raw/p1/p1_tail_libcxx_LEGACY_k1.5_s10001_float.bin,bin,9860,8,1,5,78976,cdb3c83055955c07cbd14b8ca27f678454db67bff83623501800392aad06ed0f,./exp7_probe_libcxx.exe,2f81b486545542fc7b2159aaeec4d7169505046154a97bb1469c18bc24d28fac,-Wall -Wextra -std=c++11 -O2 -ffp-contract=off -I src,clang 21.0.0 (clang-2100.3.34.2),libc++,arm64,libcxx,native,664d906899b1726ae6d0bd3856483c4590af875a9dfdc3fee14fdcb79dbc4e34,false
exp7-manifest-1,2026-09-25T05:25:13Z,p1,tail,CANDIDATE,float,-,1.5,10001,raw/p1/p1_tail_libcxx_CANDIDATE_k1.5_s10001_float.bin,bin,9999,8,1,5,80088,b02b651481beaefa460933fe2106ccf0d2c96faf284161cde4831edd5a466ccf,./exp7_probe_libcxx.exe,2f81b486545542fc7b2159aaeec4d7169505046154a97bb1469c18bc24d28fac,-Wall -Wextra -std=c++11 -O2 -ffp-contract=off -I src,clang 21.0.0 (clang-2100.3.34.2),libc++,arm64,libcxx,native,664d906899b1726ae6d0bd3856483c4590af875a9dfdc3fee14fdcb79dbc4e34,false
exp7-manifest-1,2026-09-25T05:25:13Z,p1,tail,LEGACY,float,-,1.5,10002,raw/p1/p1_tail_libcxx_LEGACY_k1.5_s10002_float.bin,bin,9883,8,1,5,79160,6e2f7533c57ca857c1b17ec637219b68ce2928b9bbc394d8b036440cf892b41c,./exp7_probe_libcxx.exe,2f81b486545542fc7b2159aaeec4d7169505046154a97bb1469c18bc24d28fac,-Wall -Wextra -std=c++11 -O2 -ffp-contract=off -I src,clang 21.0.0 (clang-2100.3.34.2),libc++,arm64,libcxx,native,664d906899b1726ae6d0bd3856483c4590af875a9dfdc3fee14fdcb79dbc4e34,false
exp7-manifest-1,2026-09-25T05:25:13Z,p1,tail,CANDIDATE,float,-,1.5,10002,raw/p1/p1_tail_libcxx_CANDIDATE_k1.5_s10002_float.bin,bin,10032,8,1,5,80352,2cac3a41b7460aa3f5785f8a5bf647988428422a6f9160f29b801ebb10632810,./exp7_probe_libcxx.exe,2f81b486545542fc7b2159aaeec4d7169505046154a97bb1469c18bc24d28fac,-Wall -Wextra -std=c++11 -O2 -ffp-contract=off -I src,clang 21.0.0 (clang-2100.3.34.2),libc++,arm64,libcxx,native,664d906899b1726ae6d0bd3856483c4590af875a9dfdc3fee14fdcb79dbc4e34,false
exp7-manifest-1,2026-09-25T05:25:13Z,p1,tail,LEGACY,float,-,1.5,10003,raw/p1/p1_tail_libcxx_LEGACY_k1.5_s10003_float.bin,bin,10028,8,1,5,80320,b1d94509051eece4c507627edd3796f6dd829509a954f2a0c79f42575945804e,./exp7_probe_libcxx.exe,2f81b486545542fc7b2159aaeec4d7169505046154a97bb1469c18bc24d28fac,-Wall -Wextra -std=c++11 -O2 -ffp-contract=off -I src,clang 21.0.0 (clang-2100.3.34.2),libc++,arm64,libcxx,native,664d906899b1726ae6d0bd3856483c4590af875a9dfdc3fee14fdcb79dbc4e34,false
exp7-manifest-1,2026-09-25T05:25:13Z,p1,tail,CANDIDATE,float,-,1.5,10003,raw/p1/p1_tail_libcxx_CANDIDATE_k1.5_s10003_float.bin,bin,9953,8,1,5,79720,9160e6d63a97024bbf5fa6e1ce680a7ef821664a1854fc815d317a8422f9ff01,./exp7_probe_libcxx.exe,2f81b486545542fc7b2159aaeec4d7169505046154a97bb1469c18bc24d28fac,-Wall -Wextra -std=c++11 -O2 -ffp-contract=off -I src,clang 21.0.0 (clang-2100.3.34.2),libc++,arm64,libcxx,native,664d906899b1726ae6d0bd3856483c4590af875a9dfdc3fee14fdcb79dbc4e34,false
exp7-manifest-1,2026-09-25T05:25:13Z,p1,tail,LEGACY,float,-,1.5,10004,raw/p1/p1_tail_libcxx_LEGACY_k1.5_s10004_float.bin,bin,10044,8,1,5,80448,48d7f0d8602403d3baf25b1d49a7b8218e8074da5fec15e5a903c1b18bcba3d3,./exp7_probe_libcxx.exe,2f81b486545542fc7b2159aaeec4d7169505046154a97bb1469c18bc24d28fac,-Wall -Wextra -std=c++11 -O2 -ffp-contract=off -I src,clang 21.0.0 (clang-2100.3.34.2),libc++,arm64,libcxx,native,664d906899b1726ae6d0bd3856483c4590af875a9dfdc3fee14fdcb79dbc4e34,false
exp7-manifest-1,2026-09-25T05:25:13Z,p1,tail,CANDIDATE,float,-,1.5,10004,raw/p1/p1_tail_libcxx_CANDIDATE_k1.5_s10004_float.bin,bin,10037,8,1,5,80392,5ac697d1a1ba30d20e2f0d51b0dc32cc19afc144a27d3791bb6f9ee479210f55,./exp7_probe_libcxx.exe,2f81b486545542fc7b2159aaeec4d7169505046154a97bb1469c18bc24d28fac,-Wall -Wextra -std=c++11 -O2 -ffp-contract=off -I src,clang 21.0.0 (clang-2100.3.34.2),libc++,arm64,libcxx,native,664d906899b1726ae6d0bd3856483c4590af875a9dfdc3fee14fdcb79dbc4e34,false
exp7-manifest-1,2026-09-25T05:25:13Z,p1,tail,LEGACY,float,-,1.5,10005,raw/p1/p1_tail_libcxx_LEGACY_k1.5_s10005_float.bin,bin,10115,8,1,5,81016,d2fdbc98a06b1886d2cb5484f7d233dba11850305deb8fd10127629f766d1c9d,./exp7_probe_libcxx.exe,2f81b486545542fc7b2159aaeec4d7169505046154a97bb1469c18bc24d28fac,-Wall -Wextra -std=c++11 -O2 -ffp-contract=off -I src,clang 21.0.0 (clang-2100.3.34.2),libc++,arm64,libcxx,native,664d906899b1726ae6d0bd3856483c4590af875a9dfdc3fee14fdcb79dbc4e34,false
exp7-manifest-1,2026-09-25T05:25:13Z,p1,tail,CANDIDATE,float,-,1.5,10005,raw/p1/p1_tail_libcxx_CANDIDATE_k1.5_s10005_float.bin,bin,10052,8,1,5,80512,c861ad02142bbe042881587f56966f17c88d4aaf2fc21341693932d6ceaa05ab,./exp7_probe_libcxx.exe,2f81b486545542fc7b2159aaeec4d7169505046154a97bb1469c18bc24d28fac,-Wall -Wextra -std=c++11 -O2 -ffp-contract=off -I src,clang 21.0.0 (clang-2100.3.34.2),libc++,arm64,libcxx,native,664d906899b1726ae6d0bd3856483c4590af875a9dfdc3fee14fdcb79dbc4e34,false
exp7-manifest-1,2026-09-25T05:25:13Z,p1,tail,LEGACY,float,-,2,10001,raw/p1/p1_tail_libcxx_LEGACY_k2_s10001_float.bin,bin,10030,8,1,5,80336,1f5a69407f9d3c0fb29dcc0d88367309d4ed231b5a63bd07a2e9f9fcb7a0328c,./exp7_probe_libcxx.exe,2f81b486545542fc7b2159aaeec4d7169505046154a97bb1469c18bc24d28fac,-Wall -Wextra -std=c++11 -O2 -ffp-contract=off -I src,clang 21.0.0 (clang-2100.3.34.2),libc++,arm64,libcxx,native,664d906899b1726ae6d0bd3856483c4590af875a9dfdc3fee14fdcb79dbc4e34,false
exp7-manifest-1,2026-09-25T05:25:13Z,p1,tail,CANDIDATE,float,-,2,10001,raw/p1/p1_tail_libcxx_CANDIDATE_k2_s10001_float.bin,bin,10109,8,1,5,80968,597952feb652c45ef1a3d748791b195c4b377b21ae5cef654ad0a7e174e437f0,./exp7_probe_libcxx.exe,2f81b486545542fc7b2159aaeec4d7169505046154a97bb1469c18bc24d28fac,-Wall -Wextra -std=c++11 -O2 -ffp-contract=off -I src,clang 21.0.0 (clang-2100.3.34.2),libc++,arm64,libcxx,native,664d906899b1726ae6d0bd3856483c4590af875a9dfdc3fee14fdcb79dbc4e34,false
exp7-manifest-1,2026-09-25T05:25:13Z,p1,tail,LEGACY,float,-,2,10002,raw/p1/p1_tail_libcxx_LEGACY_k2_s10002_float.bin,bin,10007,8,1,5,80152,ee0aaf894c905c869b0e9917bba706b8b901a3776ccb2810f2c837c7cd595042,./exp7_probe_libcxx.exe,2f81b486545542fc7b2159aaeec4d7169505046154a97bb1469c18bc24d28fac,-Wall -Wextra -std=c++11 -O2 -ffp-contract=off -I src,clang 21.0.0 (clang-2100.3.34.2),libc++,arm64,libcxx,native,664d906899b1726ae6d0bd3856483c4590af875a9dfdc3fee14fdcb79dbc4e34,false
exp7-manifest-1,2026-09-25T05:25:13Z,p1,tail,CANDIDATE,float,-,2,10002,raw/p1/p1_tail_libcxx_CANDIDATE_k2_s10002_float.bin,bin,9933,8,1,5,79560,d057a94981d5b8e1650f3af4b73bb2622e4b185543c88be24d7f62de23e9155a,./exp7_probe_libcxx.exe,2f81b486545542fc7b2159aaeec4d7169505046154a97bb1469c18bc24d28fac,-Wall -Wextra -std=c++11 -O2 -ffp-contract=off -I src,clang 21.0.0 (clang-2100.3.34.2),libc++,arm64,libcxx,native,664d906899b1726ae6d0bd3856483c4590af875a9dfdc3fee14fdcb79dbc4e34,false
exp7-manifest-1,2026-09-25T05:25:13Z,p1,tail,LEGACY,float,-,2,10003,raw/p1/p1_tail_libcxx_LEGACY_k2_s10003_float.bin,bin,9909,8,1,5,79368,1ea97c0dddc624f734a575ab13937b336f3e14c647a1f3da6745bc7234741666,./exp7_probe_libcxx.exe,2f81b486545542fc7b2159aaeec4d7169505046154a97bb1469c18bc24d28fac,-Wall -Wextra -std=c++11 -O2 -ffp-contract=off -I src,clang 21.0.0 (clang-2100.3.34.2),libc++,arm64,libcxx,native,664d906899b1726ae6d0bd3856483c4590af875a9dfdc3fee14fdcb79dbc4e34,false
exp7-manifest-1,2026-09-25T05:25:13Z,p1,tail,CANDIDATE,float,-,2,10003,raw/p1/p1_tail_libcxx_CANDIDATE_k2_s10003_float.bin,bin,10041,8,1,5,80424,7f48a9aa213ed0225d7a869167789f88d5263ea556416d8109e5743e56444c8a,./exp7_probe_libcxx.exe,2f81b486545542fc7b2159aaeec4d7169505046154a97bb1469c18bc24d28fac,-Wall -Wextra -std=c++11 -O2 -ffp-contract=off -I src,clang 21.0.0 (clang-2100.3.34.2),libc++,arm64,libcxx,native,664d906899b1726ae6d0bd3856483c4590af875a9dfdc3fee14fdcb79dbc4e34,false
exp7-manifest-1,2026-09-25T05:25:13Z,p1,tail,LEGACY,float,-,2,10004,raw/p1/p1_tail_libcxx_LEGACY_k2_s10004_float.bin,bin,10084,8,1,5,80768,1339ba86af9377118c5f73b0587826f363697521c160d0f597990eb295a92faa,./exp7_probe_libcxx.exe,2f81b486545542fc7b2159aaeec4d7169505046154a97bb1469c18bc24d28fac,-Wall -Wextra -std=c++11 -O2 -ffp-contract=off -I src,clang 21.0.0 (clang-2100.3.34.2),libc++,arm64,libcxx,native,664d906899b1726ae6d0bd3856483c4590af875a9dfdc3fee14fdcb79dbc4e34,false
exp7-manifest-1,2026-09-25T05:25:13Z,p1,tail,CANDIDATE,float,-,2,10004,raw/p1/p1_tail_libcxx_CANDIDATE_k2_s10004_float.bin,bin,9945,8,1,5,79656,cf1c3f56d879cf13e0011e8c83fb55a1eaed3b90232fadad44ba9d254c07177e,./exp7_probe_libcxx.exe,2f81b486545542fc7b2159aaeec4d7169505046154a97bb1469c18bc24d28fac,-Wall -Wextra -std=c++11 -O2 -ffp-contract=off -I src,clang 21.0.0 (clang-2100.3.34.2),libc++,arm64,libcxx,native,664d906899b1726ae6d0bd3856483c4590af875a9dfdc3fee14fdcb79dbc4e34,false
exp7-manifest-1,2026-09-25T05:25:13Z,p1,tail,LEGACY,float,-,2,10005,raw/p1/p1_tail_libcxx_LEGACY_k2_s10005_float.bin,bin,9850,8,1,5,78896,f72968f27b3b26dcf0794c4874b3f314c25880fc19fe65cb606c1a0ea848dc17,./exp7_probe_libcxx.exe,2f81b486545542fc7b2159aaeec4d7169505046154a97bb1469c18bc24d28fac,-Wall -Wextra -std=c++11 -O2 -ffp-contract=off -I src,clang 21.0.0 (clang-2100.3.34.2),libc++,arm64,libcxx,native,664d906899b1726ae6d0bd3856483c4590af875a9dfdc3fee14fdcb79dbc4e34,false
exp7-manifest-1,2026-09-25T05:25:13Z,p1,tail,CANDIDATE,float,-,2,10005,raw/p1/p1_tail_libcxx_CANDIDATE_k2_s10005_float.bin,bin,9983,8,1,5,79960,99d426b311233e4e171f0709935664a756ec3755e3c66a4d1b49c0750434a32e,./exp7_probe_libcxx.exe,2f81b486545542fc7b2159aaeec4d7169505046154a97bb1469c18bc24d28fac,-Wall -Wextra -std=c++11 -O2 -ffp-contract=off -I src,clang 21.0.0 (clang-2100.3.34.2),libc++,arm64,libcxx,native,664d906899b1726ae6d0bd3856483c4590af875a9dfdc3fee14fdcb79dbc4e34,false
exp7-manifest-1,2026-09-25T05:25:13Z,p1,tail,LEGACY,float,-,5,10001,raw/p1/p1_tail_libcxx_LEGACY_k5_s10001_float.bin,bin,9985,8,1,5,79976,8ed576805db1ba5966fe703edc18379319c49ba3e11b323917bb405020d13a98,./exp7_probe_libcxx.exe,2f81b486545542fc7b2159aaeec4d7169505046154a97bb1469c18bc24d28fac,-Wall -Wextra -std=c++11 -O2 -ffp-contract=off -I src,clang 21.0.0 (clang-2100.3.34.2),libc++,arm64,libcxx,native,664d906899b1726ae6d0bd3856483c4590af875a9dfdc3fee14fdcb79dbc4e34,false
exp7-manifest-1,2026-09-25T05:25:13Z,p1,tail,CANDIDATE,float,-,5,10001,raw/p1/p1_tail_libcxx_CANDIDATE_k5_s10001_float.bin,bin,10089,8,1,5,80808,1ce2ead2982268a6ab77ed69185c38055e8a9095d5c74f4122fa05abc36bf150,./exp7_probe_libcxx.exe,2f81b486545542fc7b2159aaeec4d7169505046154a97bb1469c18bc24d28fac,-Wall -Wextra -std=c++11 -O2 -ffp-contract=off -I src,clang 21.0.0 (clang-2100.3.34.2),libc++,arm64,libcxx,native,664d906899b1726ae6d0bd3856483c4590af875a9dfdc3fee14fdcb79dbc4e34,false
exp7-manifest-1,2026-09-25T05:25:13Z,p1,tail,LEGACY,float,-,5,10002,raw/p1/p1_tail_libcxx_LEGACY_k5_s10002_float.bin,bin,10040,8,1,5,80416,ceff19e075025dd84b163e66f6061f6246fb7d7393af77cf8ff40a47bee9bfab,./exp7_probe_libcxx.exe,2f81b486545542fc7b2159aaeec4d7169505046154a97bb1469c18bc24d28fac,-Wall -Wextra -std=c++11 -O2 -ffp-contract=off -I src,clang 21.0.0 (clang-2100.3.34.2),libc++,arm64,libcxx,native,664d906899b1726ae6d0bd3856483c4590af875a9dfdc3fee14fdcb79dbc4e34,false
exp7-manifest-1,2026-09-25T05:25:13Z,p1,tail,CANDIDATE,float,-,5,10002,raw/p1/p1_tail_libcxx_CANDIDATE_k5_s10002_float.bin,bin,10002,8,1,5,80112,ca173403fed60b646072b3499c6e9e562bd2850765d00963f23f2e7651bb0729,./exp7_probe_libcxx.exe,2f81b486545542fc7b2159aaeec4d7169505046154a97bb1469c18bc24d28fac,-Wall -Wextra -std=c++11 -O2 -ffp-contract=off -I src,clang 21.0.0 (clang-2100.3.34.2),libc++,arm64,libcxx,native,664d906899b1726ae6d0bd3856483c4590af875a9dfdc3fee14fdcb79dbc4e34,false
exp7-manifest-1,2026-09-25T05:25:13Z,p1,tail,LEGACY,float,-,5,10003,raw/p1/p1_tail_libcxx_LEGACY_k5_s10003_float.bin,bin,9951,8,1,5,79704,620202ea2a0ff8d18c4adb9004a3a07ace4cb29d223ac99a1fcbea0e2d5fe321,./exp7_probe_libcxx.exe,2f81b486545542fc7b2159aaeec4d7169505046154a97bb1469c18bc24d28fac,-Wall -Wextra -std=c++11 -O2 -ffp-contract=off -I src,clang 21.0.0 (clang-2100.3.34.2),libc++,arm64,libcxx,native,664d906899b1726ae6d0bd3856483c4590af875a9dfdc3fee14fdcb79dbc4e34,false
exp7-manifest-1,2026-09-25T05:25:13Z,p1,tail,CANDIDATE,float,-,5,10003,raw/p1/p1_tail_libcxx_CANDIDATE_k5_s10003_float.bin,bin,10153,8,1,5,81320,1920932ad5870110494ae94efb062ae520fe468581fa97dcccc222401000c0d4,./exp7_probe_libcxx.exe,2f81b486545542fc7b2159aaeec4d7169505046154a97bb1469c18bc24d28fac,-Wall -Wextra -std=c++11 -O2 -ffp-contract=off -I src,clang 21.0.0 (clang-2100.3.34.2),libc++,arm64,libcxx,native,664d906899b1726ae6d0bd3856483c4590af875a9dfdc3fee14fdcb79dbc4e34,false
exp7-manifest-1,2026-09-25T05:25:13Z,p1,tail,LEGACY,float,-,5,10004,raw/p1/p1_tail_libcxx_LEGACY_k5_s10004_float.bin,bin,10088,8,1,5,80800,8c4c8718c62c462bd2ff5b63694aa69be124733ada10114069c4f87d208734f0,./exp7_probe_libcxx.exe,2f81b486545542fc7b2159aaeec4d7169505046154a97bb1469c18bc24d28fac,-Wall -Wextra -std=c++11 -O2 -ffp-contract=off -I src,clang 21.0.0 (clang-2100.3.34.2),libc++,arm64,libcxx,native,664d906899b1726ae6d0bd3856483c4590af875a9dfdc3fee14fdcb79dbc4e34,false
exp7-manifest-1,2026-09-25T05:25:13Z,p1,tail,CANDIDATE,float,-,5,10004,raw/p1/p1_tail_libcxx_CANDIDATE_k5_s10004_float.bin,bin,10078,8,1,5,80720,6f78dfc6e61524ddeac1fe75d44dc21f4dd11fc2d6a8de938f051fc3c512c873,./exp7_probe_libcxx.exe,2f81b486545542fc7b2159aaeec4d7169505046154a97bb1469c18bc24d28fac,-Wall -Wextra -std=c++11 -O2 -ffp-contract=off -I src,clang 21.0.0 (clang-2100.3.34.2),libc++,arm64,libcxx,native,664d906899b1726ae6d0bd3856483c4590af875a9dfdc3fee14fdcb79dbc4e34,false
exp7-manifest-1,2026-09-25T05:25:13Z,p1,tail,LEGACY,float,-,5,10005,raw/p1/p1_tail_libcxx_LEGACY_k5_s10005_float.bin,bin,10034,8,1,5,80368,55512419d9a2bbb50ead9b72590e3e5564edbed84c6918d574c0aa09ff1a8e82,./exp7_probe_libcxx.exe,2f81b486545542fc7b2159aaeec4d7169505046154a97bb1469c18bc24d28fac,-Wall -Wextra -std=c++11 -O2 -ffp-contract=off -I src,clang 21.0.0 (clang-2100.3.34.2),libc++,arm64,libcxx,native,664d906899b1726ae6d0bd3856483c4590af875a9dfdc3fee14fdcb79dbc4e34,false
exp7-manifest-1,2026-09-25T05:25:13Z,p1,tail,CANDIDATE,float,-,5,10005,raw/p1/p1_tail_libcxx_CANDIDATE_k5_s10005_float.bin,bin,9881,8,1,5,79144,5450af2a422d481629529bf55a726ade8f1970b636bb7d6945b0e18f54c80319,./exp7_probe_libcxx.exe,2f81b486545542fc7b2159aaeec4d7169505046154a97bb1469c18bc24d28fac,-Wall -Wextra -std=c++11 -O2 -ffp-contract=off -I src,clang 21.0.0 (clang-2100.3.34.2),libc++,arm64,libcxx,native,664d906899b1726ae6d0bd3856483c4590af875a9dfdc3fee14fdcb79dbc4e34,false
exp7-manifest-1,2026-09-25T05:25:13Z,p1,summary,all,all,all,nan,-1,raw/p1/p1_libcxx.jsonl,jsonl,520,-1,-1,-1,1824376,a9ec31b3a16e13bcfb4c8f239a437af61b3a9458c7165ffd0d6bb0981ee9f191,./exp7_probe_libcxx.exe,2f81b486545542fc7b2159aaeec4d7169505046154a97bb1469c18bc24d28fac,-Wall -Wextra -std=c++11 -O2 -ffp-contract=off -I src,clang 21.0.0 (clang-2100.3.34.2),libc++,arm64,libcxx,native,664d906899b1726ae6d0bd3856483c4590af875a9dfdc3fee14fdcb79dbc4e34,false
exp7-manifest-1,2026-09-25T05:26:47Z,p1,tail,LEGACY,double,-,0.50009999999999999,10001,raw/p1/p1_tail_libstdcxx_LEGACY_k0.5001_s10001_double.bin,bin,0,8,1,5,96,c9e72e093f6bd088aa711c929bdd6ebc99a36f03b4cc015eb546a150b2d5a250,./exp7_probe_libstdcxx.exe,62a584d372abbb1724b224dc18b88c277d6ee16b754484eecb896f7fbdabeca5,-Wall -Wextra -std=c++11 -O2 -ffp-contract=off -I src,gcc 15.2.0,libstdc++,arm64,libstdcxx,native,664d906899b1726ae6d0bd3856483c4590af875a9dfdc3fee14fdcb79dbc4e34,false
exp7-manifest-1,2026-09-25T05:26:47Z,p1,tail,CANDIDATE,double,-,0.50009999999999999,10001,raw/p1/p1_tail_libstdcxx_CANDIDATE_k0.5001_s10001_double.bin,bin,10045,8,1,5,80456,4c9092566051945d3d67c83b3f1e99d8c9ff5d70b08cff4d9c2cb2075d2da74f,./exp7_probe_libstdcxx.exe,62a584d372abbb1724b224dc18b88c277d6ee16b754484eecb896f7fbdabeca5,-Wall -Wextra -std=c++11 -O2 -ffp-contract=off -I src,gcc 15.2.0,libstdc++,arm64,libstdcxx,native,664d906899b1726ae6d0bd3856483c4590af875a9dfdc3fee14fdcb79dbc4e34,false
exp7-manifest-1,2026-09-25T05:26:47Z,p1,tail,LEGACY,double,-,0.50009999999999999,10002,raw/p1/p1_tail_libstdcxx_LEGACY_k0.5001_s10002_double.bin,bin,0,8,1,5,96,ec7a64492d65f1737a1c923f643ebb1b3b0b47faf1740ed8bc65a765f4c980b1,./exp7_probe_libstdcxx.exe,62a584d372abbb1724b224dc18b88c277d6ee16b754484eecb896f7fbdabeca5,-Wall -Wextra -std=c++11 -O2 -ffp-contract=off -I src,gcc 15.2.0,libstdc++,arm64,libstdcxx,native,664d906899b1726ae6d0bd3856483c4590af875a9dfdc3fee14fdcb79dbc4e34,false
exp7-manifest-1,2026-09-25T05:26:47Z,p1,tail,CANDIDATE,double,-,0.50009999999999999,10002,raw/p1/p1_tail_libstdcxx_CANDIDATE_k0.5001_s10002_double.bin,bin,10182,8,1,5,81552,5a8dfa2dc7459a12845823177151ca6c7fb77fa5bce8aeb22926d72c526090d0,./exp7_probe_libstdcxx.exe,62a584d372abbb1724b224dc18b88c277d6ee16b754484eecb896f7fbdabeca5,-Wall -Wextra -std=c++11 -O2 -ffp-contract=off -I src,gcc 15.2.0,libstdc++,arm64,libstdcxx,native,664d906899b1726ae6d0bd3856483c4590af875a9dfdc3fee14fdcb79dbc4e34,false
exp7-manifest-1,2026-09-25T05:26:47Z,p1,tail,LEGACY,double,-,0.50009999999999999,10003,raw/p1/p1_tail_libstdcxx_LEGACY_k0.5001_s10003_double.bin,bin,0,8,1,5,96,aeec916ff84e4e75c7b4224999387507a062be7b4d9540aa52a2ed0a7694cdcb,./exp7_probe_libstdcxx.exe,62a584d372abbb1724b224dc18b88c277d6ee16b754484eecb896f7fbdabeca5,-Wall -Wextra -std=c++11 -O2 -ffp-contract=off -I src,gcc 15.2.0,libstdc++,arm64,libstdcxx,native,664d906899b1726ae6d0bd3856483c4590af875a9dfdc3fee14fdcb79dbc4e34,false
exp7-manifest-1,2026-09-25T05:26:47Z,p1,tail,CANDIDATE,double,-,0.50009999999999999,10003,raw/p1/p1_tail_libstdcxx_CANDIDATE_k0.5001_s10003_double.bin,bin,10183,8,1,5,81560,ae2dd50f2dec2907339624f280e58ac94748e815fe3e0f4fe4ceb53f2451731a,./exp7_probe_libstdcxx.exe,62a584d372abbb1724b224dc18b88c277d6ee16b754484eecb896f7fbdabeca5,-Wall -Wextra -std=c++11 -O2 -ffp-contract=off -I src,gcc 15.2.0,libstdc++,arm64,libstdcxx,native,664d906899b1726ae6d0bd3856483c4590af875a9dfdc3fee14fdcb79dbc4e34,false
exp7-manifest-1,2026-09-25T05:26:47Z,p1,tail,LEGACY,double,-,0.50009999999999999,10004,raw/p1/p1_tail_libstdcxx_LEGACY_k0.5001_s10004_double.bin,bin,0,8,1,5,96,885379bf003c216d414e8c0d4274e66cf65949eed5ed93f96a9d412a30fb46c8,./exp7_probe_libstdcxx.exe,62a584d372abbb1724b224dc18b88c277d6ee16b754484eecb896f7fbdabeca5,-Wall -Wextra -std=c++11 -O2 -ffp-contract=off -I src,gcc 15.2.0,libstdc++,arm64,libstdcxx,native,664d906899b1726ae6d0bd3856483c4590af875a9dfdc3fee14fdcb79dbc4e34,false
exp7-manifest-1,2026-09-25T05:26:47Z,p1,tail,CANDIDATE,double,-,0.50009999999999999,10004,raw/p1/p1_tail_libstdcxx_CANDIDATE_k0.5001_s10004_double.bin,bin,9990,8,1,5,80016,dd56b2c12140c8ff9e416af92e2a9bbb53c093fa32ad2e078c90a4d0f5bbb8a8,./exp7_probe_libstdcxx.exe,62a584d372abbb1724b224dc18b88c277d6ee16b754484eecb896f7fbdabeca5,-Wall -Wextra -std=c++11 -O2 -ffp-contract=off -I src,gcc 15.2.0,libstdc++,arm64,libstdcxx,native,664d906899b1726ae6d0bd3856483c4590af875a9dfdc3fee14fdcb79dbc4e34,false
exp7-manifest-1,2026-09-25T05:26:47Z,p1,tail,LEGACY,double,-,0.50009999999999999,10005,raw/p1/p1_tail_libstdcxx_LEGACY_k0.5001_s10005_double.bin,bin,0,8,1,5,96,19b97193e9048b9c00d058c3785c9348b6e12af34ea7b13120e2e44daf8cb32d,./exp7_probe_libstdcxx.exe,62a584d372abbb1724b224dc18b88c277d6ee16b754484eecb896f7fbdabeca5,-Wall -Wextra -std=c++11 -O2 -ffp-contract=off -I src,gcc 15.2.0,libstdc++,arm64,libstdcxx,native,664d906899b1726ae6d0bd3856483c4590af875a9dfdc3fee14fdcb79dbc4e34,false
exp7-manifest-1,2026-09-25T05:26:47Z,p1,tail,CANDIDATE,double,-,0.50009999999999999,10005,raw/p1/p1_tail_libstdcxx_CANDIDATE_k0.5001_s10005_double.bin,bin,9988,8,1,5,80000,fe9b1f3191b3f14c1969a30abd1b097859958ecdc4781cbb38bc09d388b4b4f9,./exp7_probe_libstdcxx.exe,62a584d372abbb1724b224dc18b88c277d6ee16b754484eecb896f7fbdabeca5,-Wall -Wextra -std=c++11 -O2 -ffp-contract=off -I src,gcc 15.2.0,libstdc++,arm64,libstdcxx,native,664d906899b1726ae6d0bd3856483c4590af875a9dfdc3fee14fdcb79dbc4e34,false
exp7-manifest-1,2026-09-25T05:26:47Z,p1,tail,LEGACY,double,-,0.501,10001,raw/p1/p1_tail_libstdcxx_LEGACY_k0.501_s10001_double.bin,bin,0,8,1,5,96,bfe35ad8786f245241f71a097d55c1c148ebb1ee78e138a6f4acf9d5f8068da8,./exp7_probe_libstdcxx.exe,62a584d372abbb1724b224dc18b88c277d6ee16b754484eecb896f7fbdabeca5,-Wall -Wextra -std=c++11 -O2 -ffp-contract=off -I src,gcc 15.2.0,libstdc++,arm64,libstdcxx,native,664d906899b1726ae6d0bd3856483c4590af875a9dfdc3fee14fdcb79dbc4e34,false
exp7-manifest-1,2026-09-25T05:26:47Z,p1,tail,CANDIDATE,double,-,0.501,10001,raw/p1/p1_tail_libstdcxx_CANDIDATE_k0.501_s10001_double.bin,bin,10009,8,1,5,80168,1963a2bf31f638e742be860fa185a947d3603fc5d719da53fc6695e18ae9f93f,./exp7_probe_libstdcxx.exe,62a584d372abbb1724b224dc18b88c277d6ee16b754484eecb896f7fbdabeca5,-Wall -Wextra -std=c++11 -O2 -ffp-contract=off -I src,gcc 15.2.0,libstdc++,arm64,libstdcxx,native,664d906899b1726ae6d0bd3856483c4590af875a9dfdc3fee14fdcb79dbc4e34,false
exp7-manifest-1,2026-09-25T05:26:47Z,p1,tail,LEGACY,double,-,0.501,10002,raw/p1/p1_tail_libstdcxx_LEGACY_k0.501_s10002_double.bin,bin,0,8,1,5,96,efd875b66f3d527f997c563a4e1fd8bfb72937f10a810466014acc0a0a6f2cde,./exp7_probe_libstdcxx.exe,62a584d372abbb1724b224dc18b88c277d6ee16b754484eecb896f7fbdabeca5,-Wall -Wextra -std=c++11 -O2 -ffp-contract=off -I src,gcc 15.2.0,libstdc++,arm64,libstdcxx,native,664d906899b1726ae6d0bd3856483c4590af875a9dfdc3fee14fdcb79dbc4e34,false
exp7-manifest-1,2026-09-25T05:26:47Z,p1,tail,CANDIDATE,double,-,0.501,10002,raw/p1/p1_tail_libstdcxx_CANDIDATE_k0.501_s10002_double.bin,bin,10126,8,1,5,81104,3c139219494d05e3cd87dfbd3449af46802ad2e31d94961c6568c9f9a99f696d,./exp7_probe_libstdcxx.exe,62a584d372abbb1724b224dc18b88c277d6ee16b754484eecb896f7fbdabeca5,-Wall -Wextra -std=c++11 -O2 -ffp-contract=off -I src,gcc 15.2.0,libstdc++,arm64,libstdcxx,native,664d906899b1726ae6d0bd3856483c4590af875a9dfdc3fee14fdcb79dbc4e34,false
exp7-manifest-1,2026-09-25T05:26:47Z,p1,tail,LEGACY,double,-,0.501,10003,raw/p1/p1_tail_libstdcxx_LEGACY_k0.501_s10003_double.bin,bin,0,8,1,5,96,df53da72495c94c142b1f0251640d6253f1420ff14b50a4856cf7ab708649505,./exp7_probe_libstdcxx.exe,62a584d372abbb1724b224dc18b88c277d6ee16b754484eecb896f7fbdabeca5,-Wall -Wextra -std=c++11 -O2 -ffp-contract=off -I src,gcc 15.2.0,libstdc++,arm64,libstdcxx,native,664d906899b1726ae6d0bd3856483c4590af875a9dfdc3fee14fdcb79dbc4e34,false
exp7-manifest-1,2026-09-25T05:26:47Z,p1,tail,CANDIDATE,double,-,0.501,10003,raw/p1/p1_tail_libstdcxx_CANDIDATE_k0.501_s10003_double.bin,bin,9893,8,1,5,79240,97cb18adb3ed85aa1d2ffd1cf50fb8ccadf1e3dba13523feb9ae9e887f9978fe,./exp7_probe_libstdcxx.exe,62a584d372abbb1724b224dc18b88c277d6ee16b754484eecb896f7fbdabeca5,-Wall -Wextra -std=c++11 -O2 -ffp-contract=off -I src,gcc 15.2.0,libstdc++,arm64,libstdcxx,native,664d906899b1726ae6d0bd3856483c4590af875a9dfdc3fee14fdcb79dbc4e34,false
exp7-manifest-1,2026-09-25T05:26:47Z,p1,tail,LEGACY,double,-,0.501,10004,raw/p1/p1_tail_libstdcxx_LEGACY_k0.501_s10004_double.bin,bin,0,8,1,5,96,d37fe0a33b7a4b3b6411194a6bc72a89ab679ea2ef265a2a5ac8b0046b7d1b06,./exp7_probe_libstdcxx.exe,62a584d372abbb1724b224dc18b88c277d6ee16b754484eecb896f7fbdabeca5,-Wall -Wextra -std=c++11 -O2 -ffp-contract=off -I src,gcc 15.2.0,libstdc++,arm64,libstdcxx,native,664d906899b1726ae6d0bd3856483c4590af875a9dfdc3fee14fdcb79dbc4e34,false
exp7-manifest-1,2026-09-25T05:26:47Z,p1,tail,CANDIDATE,double,-,0.501,10004,raw/p1/p1_tail_libstdcxx_CANDIDATE_k0.501_s10004_double.bin,bin,10065,8,1,5,80616,36a3427f7bc70f57d6427e9b0407750a13377691c85f10e6ecd9b5702b9cd90b,./exp7_probe_libstdcxx.exe,62a584d372abbb1724b224dc18b88c277d6ee16b754484eecb896f7fbdabeca5,-Wall -Wextra -std=c++11 -O2 -ffp-contract=off -I src,gcc 15.2.0,libstdc++,arm64,libstdcxx,native,664d906899b1726ae6d0bd3856483c4590af875a9dfdc3fee14fdcb79dbc4e34,false
exp7-manifest-1,2026-09-25T05:26:47Z,p1,tail,LEGACY,double,-,0.501,10005,raw/p1/p1_tail_libstdcxx_LEGACY_k0.501_s10005_double.bin,bin,0,8,1,5,96,aff66e10813ffa4a935c8fc580661c2a45ead9fd6a4600f7256b87a598d7029c,./exp7_probe_libstdcxx.exe,62a584d372abbb1724b224dc18b88c277d6ee16b754484eecb896f7fbdabeca5,-Wall -Wextra -std=c++11 -O2 -ffp-contract=off -I src,gcc 15.2.0,libstdc++,arm64,libstdcxx,native,664d906899b1726ae6d0bd3856483c4590af875a9dfdc3fee14fdcb79dbc4e34,false
exp7-manifest-1,2026-09-25T05:26:47Z,p1,tail,CANDIDATE,double,-,0.501,10005,raw/p1/p1_tail_libstdcxx_CANDIDATE_k0.501_s10005_double.bin,bin,9940,8,1,5,79616,537a3f053dfb41ac3c369dcd7232e7d7a7064dec8c7dcd76fbe2c0c60f5d6cbe,./exp7_probe_libstdcxx.exe,62a584d372abbb1724b224dc18b88c277d6ee16b754484eecb896f7fbdabeca5,-Wall -Wextra -std=c++11 -O2 -ffp-contract=off -I src,gcc 15.2.0,libstdc++,arm64,libstdcxx,native,664d906899b1726ae6d0bd3856483c4590af875a9dfdc3fee14fdcb79dbc4e34,false
exp7-manifest-1,2026-09-25T05:26:47Z,p1,tail,LEGACY,double,-,0.505,10001,raw/p1/p1_tail_libstdcxx_LEGACY_k0.505_s10001_double.bin,bin,0,8,1,5,96,d7ef2f8e2a774911a260ed9969a61a45f6d46295d26e35d3125b685236ca6338,./exp7_probe_libstdcxx.exe,62a584d372abbb1724b224dc18b88c277d6ee16b754484eecb896f7fbdabeca5,-Wall -Wextra -std=c++11 -O2 -ffp-contract=off -I src,gcc 15.2.0,libstdc++,arm64,libstdcxx,native,664d906899b1726ae6d0bd3856483c4590af875a9dfdc3fee14fdcb79dbc4e34,false
exp7-manifest-1,2026-09-25T05:26:47Z,p1,tail,CANDIDATE,double,-,0.505,10001,raw/p1/p1_tail_libstdcxx_CANDIDATE_k0.505_s10001_double.bin,bin,9901,8,1,5,79304,71112cd733821028f867b7858ac4300322511c301653f7709007f9472f627482,./exp7_probe_libstdcxx.exe,62a584d372abbb1724b224dc18b88c277d6ee16b754484eecb896f7fbdabeca5,-Wall -Wextra -std=c++11 -O2 -ffp-contract=off -I src,gcc 15.2.0,libstdc++,arm64,libstdcxx,native,664d906899b1726ae6d0bd3856483c4590af875a9dfdc3fee14fdcb79dbc4e34,false
exp7-manifest-1,2026-09-25T05:26:47Z,p1,tail,LEGACY,double,-,0.505,10002,raw/p1/p1_tail_libstdcxx_LEGACY_k0.505_s10002_double.bin,bin,0,8,1,5,96,5a493c81f3a29ed1989af0791d84115aa6ab1cbbfdc0300981afd5157a575ce0,./exp7_probe_libstdcxx.exe,62a584d372abbb1724b224dc18b88c277d6ee16b754484eecb896f7fbdabeca5,-Wall -Wextra -std=c++11 -O2 -ffp-contract=off -I src,gcc 15.2.0,libstdc++,arm64,libstdcxx,native,664d906899b1726ae6d0bd3856483c4590af875a9dfdc3fee14fdcb79dbc4e34,false
exp7-manifest-1,2026-09-25T05:26:47Z,p1,tail,CANDIDATE,double,-,0.505,10002,raw/p1/p1_tail_libstdcxx_CANDIDATE_k0.505_s10002_double.bin,bin,10100,8,1,5,80896,e4eca11486296b0287f4d705012d7769779c19e0dc619d21f5175fc22507f3b5,./exp7_probe_libstdcxx.exe,62a584d372abbb1724b224dc18b88c277d6ee16b754484eecb896f7fbdabeca5,-Wall -Wextra -std=c++11 -O2 -ffp-contract=off -I src,gcc 15.2.0,libstdc++,arm64,libstdcxx,native,664d906899b1726ae6d0bd3856483c4590af875a9dfdc3fee14fdcb79dbc4e34,false
exp7-manifest-1,2026-09-25T05:26:47Z,p1,tail,LEGACY,double,-,0.505,10003,raw/p1/p1_tail_libstdcxx_LEGACY_k0.505_s10003_double.bin,bin,0,8,1,5,96,303de238c5084c3ba18d16cfbf815a029b067724e657fe632b5bc461df25bba2,./exp7_probe_libstdcxx.exe,62a584d372abbb1724b224dc18b88c277d6ee16b754484eecb896f7fbdabeca5,-Wall -Wextra -std=c++11 -O2 -ffp-contract=off -I src,gcc 15.2.0,libstdc++,arm64,libstdcxx,native,664d906899b1726ae6d0bd3856483c4590af875a9dfdc3fee14fdcb79dbc4e34,false
exp7-manifest-1,2026-09-25T05:26:47Z,p1,tail,CANDIDATE,double,-,0.505,10003,raw/p1/p1_tail_libstdcxx_CANDIDATE_k0.505_s10003_double.bin,bin,10103,8,1,5,80920,4dbef73dd0c13fb881229493824183a40042c394296f893c6f018733f5cb3616,./exp7_probe_libstdcxx.exe,62a584d372abbb1724b224dc18b88c277d6ee16b754484eecb896f7fbdabeca5,-Wall -Wextra -std=c++11 -O2 -ffp-contract=off -I src,gcc 15.2.0,libstdc++,arm64,libstdcxx,native,664d906899b1726ae6d0bd3856483c4590af875a9dfdc3fee14fdcb79dbc4e34,false
exp7-manifest-1,2026-09-25T05:26:47Z,p1,tail,LEGACY,double,-,0.505,10004,raw/p1/p1_tail_libstdcxx_LEGACY_k0.505_s10004_double.bin,bin,0,8,1,5,96,476a3402cb577c4da5542179b13f992e88682b0b6f1dccdbaa3e3e222bbd6bf2,./exp7_probe_libstdcxx.exe,62a584d372abbb1724b224dc18b88c277d6ee16b754484eecb896f7fbdabeca5,-Wall -Wextra -std=c++11 -O2 -ffp-contract=off -I src,gcc 15.2.0,libstdc++,arm64,libstdcxx,native,664d906899b1726ae6d0bd3856483c4590af875a9dfdc3fee14fdcb79dbc4e34,false
exp7-manifest-1,2026-09-25T05:26:47Z,p1,tail,CANDIDATE,double,-,0.505,10004,raw/p1/p1_tail_libstdcxx_CANDIDATE_k0.505_s10004_double.bin,bin,9941,8,1,5,79624,a9952f382d5d621a9f651dc72b2ed9ad2e539e17787ec067347fdc57dc1d17c8,./exp7_probe_libstdcxx.exe,62a584d372abbb1724b224dc18b88c277d6ee16b754484eecb896f7fbdabeca5,-Wall -Wextra -std=c++11 -O2 -ffp-contract=off -I src,gcc 15.2.0,libstdc++,arm64,libstdcxx,native,664d906899b1726ae6d0bd3856483c4590af875a9dfdc3fee14fdcb79dbc4e34,false
exp7-manifest-1,2026-09-25T05:26:47Z,p1,tail,LEGACY,double,-,0.505,10005,raw/p1/p1_tail_libstdcxx_LEGACY_k0.505_s10005_double.bin,bin,0,8,1,5,96,beadd57aa3b8d64c7de0d9f905262618bcb920313f1ca492d74f9b370ce5afb3,./exp7_probe_libstdcxx.exe,62a584d372abbb1724b224dc18b88c277d6ee16b754484eecb896f7fbdabeca5,-Wall -Wextra -std=c++11 -O2 -ffp-contract=off -I src,gcc 15.2.0,libstdc++,arm64,libstdcxx,native,664d906899b1726ae6d0bd3856483c4590af875a9dfdc3fee14fdcb79dbc4e34,false
exp7-manifest-1,2026-09-25T05:26:47Z,p1,tail,CANDIDATE,double,-,0.505,10005,raw/p1/p1_tail_libstdcxx_CANDIDATE_k0.505_s10005_double.bin,bin,9953,8,1,5,79720,dfc3ce85289df762cc99359d22ef9b7bcb2e50dc58e97e65a59241666f9ca57b,./exp7_probe_libstdcxx.exe,62a584d372abbb1724b224dc18b88c277d6ee16b754484eecb896f7fbdabeca5,-Wall -Wextra -std=c++11 -O2 -ffp-contract=off -I src,gcc 15.2.0,libstdc++,arm64,libstdcxx,native,664d906899b1726ae6d0bd3856483c4590af875a9dfdc3fee14fdcb79dbc4e34,false
exp7-manifest-1,2026-09-25T05:26:47Z,p1,tail,LEGACY,double,-,0.51000000000000001,10001,raw/p1/p1_tail_libstdcxx_LEGACY_k0.51_s10001_double.bin,bin,9369,8,1,5,75048,7b880ccfbeb37dc524469ac1f7e709947fffd5d9c7198d1ed9815a5375df9bc0,./exp7_probe_libstdcxx.exe,62a584d372abbb1724b224dc18b88c277d6ee16b754484eecb896f7fbdabeca5,-Wall -Wextra -std=c++11 -O2 -ffp-contract=off -I src,gcc 15.2.0,libstdc++,arm64,libstdcxx,native,664d906899b1726ae6d0bd3856483c4590af875a9dfdc3fee14fdcb79dbc4e34,false
exp7-manifest-1,2026-09-25T05:26:47Z,p1,tail,CANDIDATE,double,-,0.51000000000000001,10001,raw/p1/p1_tail_libstdcxx_CANDIDATE_k0.51_s10001_double.bin,bin,9867,8,1,5,79032,32b1868ed90accb3f73572ffd843e8e0aef96e07dd4dba9104721dd03e16edc3,./exp7_probe_libstdcxx.exe,62a584d372abbb1724b224dc18b88c277d6ee16b754484eecb896f7fbdabeca5,-Wall -Wextra -std=c++11 -O2 -ffp-contract=off -I src,gcc 15.2.0,libstdc++,arm64,libstdcxx,native,664d906899b1726ae6d0bd3856483c4590af875a9dfdc3fee14fdcb79dbc4e34,false
exp7-manifest-1,2026-09-25T05:26:47Z,p1,tail,LEGACY,double,-,0.51000000000000001,10002,raw/p1/p1_tail_libstdcxx_LEGACY_k0.51_s10002_double.bin,bin,9384,8,1,5,75168,f800406f2a50db9880ceca159d9e8da262a51376aef8373b16f1dade1b8b104f,./exp7_probe_libstdcxx.exe,62a584d372abbb1724b224dc18b88c277d6ee16b754484eecb896f7fbdabeca5,-Wall -Wextra -std=c++11 -O2 -ffp-contract=off -I src,gcc 15.2.0,libstdc++,arm64,libstdcxx,native,664d906899b1726ae6d0bd3856483c4590af875a9dfdc3fee14fdcb79dbc4e34,false
exp7-manifest-1,2026-09-25T05:26:47Z,p1,tail,CANDIDATE,double,-,0.51000000000000001,10002,raw/p1/p1_tail_libstdcxx_CANDIDATE_k0.51_s10002_double.bin,bin,9840,8,1,5,78816,f85170d9ede82caca929d6a8db69665aa08290ebfa2e491960d6d12e04cfffdb,./exp7_probe_libstdcxx.exe,62a584d372abbb1724b224dc18b88c277d6ee16b754484eecb896f7fbdabeca5,-Wall -Wextra -std=c++11 -O2 -ffp-contract=off -I src,gcc 15.2.0,libstdc++,arm64,libstdcxx,native,664d906899b1726ae6d0bd3856483c4590af875a9dfdc3fee14fdcb79dbc4e34,false
exp7-manifest-1,2026-09-25T05:26:47Z,p1,tail,LEGACY,double,-,0.51000000000000001,10003,raw/p1/p1_tail_libstdcxx_LEGACY_k0.51_s10003_double.bin,bin,9497,8,1,5,76072,f12e4142025d2c1163bd2a3d8944c5b0fa1891b1a60d44a7518db019951e3866,./exp7_probe_libstdcxx.exe,62a584d372abbb1724b224dc18b88c277d6ee16b754484eecb896f7fbdabeca5,-Wall -Wextra -std=c++11 -O2 -ffp-contract=off -I src,gcc 15.2.0,libstdc++,arm64,libstdcxx,native,664d906899b1726ae6d0bd3856483c4590af875a9dfdc3fee14fdcb79dbc4e34,false
exp7-manifest-1,2026-09-25T05:26:47Z,p1,tail,CANDIDATE,double,-,0.51000000000000001,10003,raw/p1/p1_tail_libstdcxx_CANDIDATE_k0.51_s10003_double.bin,bin,9805,8,1,5,78536,8911ad498c4c067a6ff2dd347ffa33132c86b0f6efdff681d57636f47b5e979e,./exp7_probe_libstdcxx.exe,62a584d372abbb1724b224dc18b88c277d6ee16b754484eecb896f7fbdabeca5,-Wall -Wextra -std=c++11 -O2 -ffp-contract=off -I src,gcc 15.2.0,libstdc++,arm64,libstdcxx,native,664d906899b1726ae6d0bd3856483c4590af875a9dfdc3fee14fdcb79dbc4e34,false
exp7-manifest-1,2026-09-25T05:26:47Z,p1,tail,LEGACY,double,-,0.51000000000000001,10004,raw/p1/p1_tail_libstdcxx_LEGACY_k0.51_s10004_double.bin,bin,9320,8,1,5,74656,e1714646fbd90cbdf113c7b6944070ae329e162754ab0cdec2e358912e0d59e6,./exp7_probe_libstdcxx.exe,62a584d372abbb1724b224dc18b88c277d6ee16b754484eecb896f7fbdabeca5,-Wall -Wextra -std=c++11 -O2 -ffp-contract=off -I src,gcc 15.2.0,libstdc++,arm64,libstdcxx,native,664d906899b1726ae6d0bd3856483c4590af875a9dfdc3fee14fdcb79dbc4e34,false
exp7-manifest-1,2026-09-25T05:26:47Z,p1,tail,CANDIDATE,double,-,0.51000000000000001,10004,raw/p1/p1_tail_libstdcxx_CANDIDATE_k0.51_s10004_double.bin,bin,9815,8,1,5,78616,88088ac750b98d8fce8881f317f039d7cf06d341a47ddf00ad839d7c38ccf6c9,./exp7_probe_libstdcxx.exe,62a584d372abbb1724b224dc18b88c277d6ee16b754484eecb896f7fbdabeca5,-Wall -Wextra -std=c++11 -O2 -ffp-contract=off -I src,gcc 15.2.0,libstdc++,arm64,libstdcxx,native,664d906899b1726ae6d0bd3856483c4590af875a9dfdc3fee14fdcb79dbc4e34,false
exp7-manifest-1,2026-09-25T05:26:47Z,p1,tail,LEGACY,double,-,0.51000000000000001,10005,raw/p1/p1_tail_libstdcxx_LEGACY_k0.51_s10005_double.bin,bin,9412,8,1,5,75392,66db310c5e91c93962dc63fd94f5b2112356ab63417dc519852e43ae0cef6b3f,./exp7_probe_libstdcxx.exe,62a584d372abbb1724b224dc18b88c277d6ee16b754484eecb896f7fbdabeca5,-Wall -Wextra -std=c++11 -O2 -ffp-contract=off -I src,gcc 15.2.0,libstdc++,arm64,libstdcxx,native,664d906899b1726ae6d0bd3856483c4590af875a9dfdc3fee14fdcb79dbc4e34,false
exp7-manifest-1,2026-09-25T05:26:47Z,p1,tail,CANDIDATE,double,-,0.51000000000000001,10005,raw/p1/p1_tail_libstdcxx_CANDIDATE_k0.51_s10005_double.bin,bin,9985,8,1,5,79976,127d0c78b777a19ed6619c0df73798692b8b684db4937f946c44c8da4bab67b2,./exp7_probe_libstdcxx.exe,62a584d372abbb1724b224dc18b88c277d6ee16b754484eecb896f7fbdabeca5,-Wall -Wextra -std=c++11 -O2 -ffp-contract=off -I src,gcc 15.2.0,libstdc++,arm64,libstdcxx,native,664d906899b1726ae6d0bd3856483c4590af875a9dfdc3fee14fdcb79dbc4e34,false
exp7-manifest-1,2026-09-25T05:26:47Z,p1,tail,LEGACY,double,-,0.55000000000000004,10001,raw/p1/p1_tail_libstdcxx_LEGACY_k0.55_s10001_double.bin,bin,10067,8,1,5,80632,62e92f85b13310df2cec63de62a62d4fc7b8e98a975303968a054397516869ae,./exp7_probe_libstdcxx.exe,62a584d372abbb1724b224dc18b88c277d6ee16b754484eecb896f7fbdabeca5,-Wall -Wextra -std=c++11 -O2 -ffp-contract=off -I src,gcc 15.2.0,libstdc++,arm64,libstdcxx,native,664d906899b1726ae6d0bd3856483c4590af875a9dfdc3fee14fdcb79dbc4e34,false
exp7-manifest-1,2026-09-25T05:26:47Z,p1,tail,CANDIDATE,double,-,0.55000000000000004,10001,raw/p1/p1_tail_libstdcxx_CANDIDATE_k0.55_s10001_double.bin,bin,9999,8,1,5,80088,0cbf3b1c4518f28892d40116daaeb7794f7280b1759c52a31d698c6f87fc67e6,./exp7_probe_libstdcxx.exe,62a584d372abbb1724b224dc18b88c277d6ee16b754484eecb896f7fbdabeca5,-Wall -Wextra -std=c++11 -O2 -ffp-contract=off -I src,gcc 15.2.0,libstdc++,arm64,libstdcxx,native,664d906899b1726ae6d0bd3856483c4590af875a9dfdc3fee14fdcb79dbc4e34,false
exp7-manifest-1,2026-09-25T05:26:47Z,p1,tail,LEGACY,double,-,0.55000000000000004,10002,raw/p1/p1_tail_libstdcxx_LEGACY_k0.55_s10002_double.bin,bin,9971,8,1,5,79864,ba2a2931d8d49f73ea39b35ab5a8d0d8f5f4ee79d4cff0390756943cb01125e0,./exp7_probe_libstdcxx.exe,62a584d372abbb1724b224dc18b88c277d6ee16b754484eecb896f7fbdabeca5,-Wall -Wextra -std=c++11 -O2 -ffp-contract=off -I src,gcc 15.2.0,libstdc++,arm64,libstdcxx,native,664d906899b1726ae6d0bd3856483c4590af875a9dfdc3fee14fdcb79dbc4e34,false
exp7-manifest-1,2026-09-25T05:26:47Z,p1,tail,CANDIDATE,double,-,0.55000000000000004,10002,raw/p1/p1_tail_libstdcxx_CANDIDATE_k0.55_s10002_double.bin,bin,9991,8,1,5,80024,2862908e79e6fafe12fb0d6e47cb6495a0a491de9d0b06775fddcbef32469dd8,./exp7_probe_libstdcxx.exe,62a584d372abbb1724b224dc18b88c277d6ee16b754484eecb896f7fbdabeca5,-Wall -Wextra -std=c++11 -O2 -ffp-contract=off -I src,gcc 15.2.0,libstdc++,arm64,libstdcxx,native,664d906899b1726ae6d0bd3856483c4590af875a9dfdc3fee14fdcb79dbc4e34,false
exp7-manifest-1,2026-09-25T05:26:47Z,p1,tail,LEGACY,double,-,0.55000000000000004,10003,raw/p1/p1_tail_libstdcxx_LEGACY_k0.55_s10003_double.bin,bin,10211,8,1,5,81784,fcd32a8ae8b07725ee01e0c1b7f3cc35506ee7c77cd6d1a502c332d02a144c21,./exp7_probe_libstdcxx.exe,62a584d372abbb1724b224dc18b88c277d6ee16b754484eecb896f7fbdabeca5,-Wall -Wextra -std=c++11 -O2 -ffp-contract=off -I src,gcc 15.2.0,libstdc++,arm64,libstdcxx,native,664d906899b1726ae6d0bd3856483c4590af875a9dfdc3fee14fdcb79dbc4e34,false
exp7-manifest-1,2026-09-25T05:26:47Z,p1,tail,CANDIDATE,double,-,0.55000000000000004,10003,raw/p1/p1_tail_libstdcxx_CANDIDATE_k0.55_s10003_double.bin,bin,10039,8,1,5,80408,aeb054078e76776c1f4a5ecabf0e0649e6b771afb2e6f7c449feea3c91c43fd1,./exp7_probe_libstdcxx.exe,62a584d372abbb1724b224dc18b88c277d6ee16b754484eecb896f7fbdabeca5,-Wall -Wextra -std=c++11 -O2 -ffp-contract=off -I src,gcc 15.2.0,libstdc++,arm64,libstdcxx,native,664d906899b1726ae6d0bd3856483c4590af875a9dfdc3fee14fdcb79dbc4e34,false
exp7-manifest-1,2026-09-25T05:26:47Z,p1,tail,LEGACY,double,-,0.55000000000000004,10004,raw/p1/p1_tail_libstdcxx_LEGACY_k0.55_s10004_double.bin,bin,10082,8,1,5,80752,18cfb261d5e814b73fc60ec95438a20647d484add933d31fc783477e9ca44955,./exp7_probe_libstdcxx.exe,62a584d372abbb1724b224dc18b88c277d6ee16b754484eecb896f7fbdabeca5,-Wall -Wextra -std=c++11 -O2 -ffp-contract=off -I src,gcc 15.2.0,libstdc++,arm64,libstdcxx,native,664d906899b1726ae6d0bd3856483c4590af875a9dfdc3fee14fdcb79dbc4e34,false
exp7-manifest-1,2026-09-25T05:26:47Z,p1,tail,CANDIDATE,double,-,0.55000000000000004,10004,raw/p1/p1_tail_libstdcxx_CANDIDATE_k0.55_s10004_double.bin,bin,9957,8,1,5,79752,b2872c73b425f8b228b60ab5651e862ea726bbcb77204cea80655bdd27ca458d,./exp7_probe_libstdcxx.exe,62a584d372abbb1724b224dc18b88c277d6ee16b754484eecb896f7fbdabeca5,-Wall -Wextra -std=c++11 -O2 -ffp-contract=off -I src,gcc 15.2.0,libstdc++,arm64,libstdcxx,native,664d906899b1726ae6d0bd3856483c4590af875a9dfdc3fee14fdcb79dbc4e34,false
exp7-manifest-1,2026-09-25T05:26:47Z,p1,tail,LEGACY,double,-,0.55000000000000004,10005,raw/p1/p1_tail_libstdcxx_LEGACY_k0.55_s10005_double.bin,bin,9962,8,1,5,79792,f3725ec17392e81da36ffece8e396c1f166c66cfd2c582968ba983e972f9c943,./exp7_probe_libstdcxx.exe,62a584d372abbb1724b224dc18b88c277d6ee16b754484eecb896f7fbdabeca5,-Wall -Wextra -std=c++11 -O2 -ffp-contract=off -I src,gcc 15.2.0,libstdc++,arm64,libstdcxx,native,664d906899b1726ae6d0bd3856483c4590af875a9dfdc3fee14fdcb79dbc4e34,false
exp7-manifest-1,2026-09-25T05:26:47Z,p1,tail,CANDIDATE,double,-,0.55000000000000004,10005,raw/p1/p1_tail_libstdcxx_CANDIDATE_k0.55_s10005_double.bin,bin,9971,8,1,5,79864,c6070c16b3bf1669c61331f5a6e8ea11bc025c694da9efd2dbd0b5f69c83cf91,./exp7_probe_libstdcxx.exe,62a584d372abbb1724b224dc18b88c277d6ee16b754484eecb896f7fbdabeca5,-Wall -Wextra -std=c++11 -O2 -ffp-contract=off -I src,gcc 15.2.0,libstdc++,arm64,libstdcxx,native,664d906899b1726ae6d0bd3856483c4590af875a9dfdc3fee14fdcb79dbc4e34,false
exp7-manifest-1,2026-09-25T05:26:47Z,p1,tail,LEGACY,double,-,0.59999999999999998,10001,raw/p1/p1_tail_libstdcxx_LEGACY_k0.6_s10001_double.bin,bin,10041,8,1,5,80424,14c740cb68981baedcd39ea40a378c5ac32e33e5b8859bfb87a5e9f99ba6f3c1,./exp7_probe_libstdcxx.exe,62a584d372abbb1724b224dc18b88c277d6ee16b754484eecb896f7fbdabeca5,-Wall -Wextra -std=c++11 -O2 -ffp-contract=off -I src,gcc 15.2.0,libstdc++,arm64,libstdcxx,native,664d906899b1726ae6d0bd3856483c4590af875a9dfdc3fee14fdcb79dbc4e34,false
exp7-manifest-1,2026-09-25T05:26:47Z,p1,tail,CANDIDATE,double,-,0.59999999999999998,10001,raw/p1/p1_tail_libstdcxx_CANDIDATE_k0.6_s10001_double.bin,bin,9890,8,1,5,79216,cbaa908ee5f91604e75035796cad305521d7ef0e52a2a060d46de53083704664,./exp7_probe_libstdcxx.exe,62a584d372abbb1724b224dc18b88c277d6ee16b754484eecb896f7fbdabeca5,-Wall -Wextra -std=c++11 -O2 -ffp-contract=off -I src,gcc 15.2.0,libstdc++,arm64,libstdcxx,native,664d906899b1726ae6d0bd3856483c4590af875a9dfdc3fee14fdcb79dbc4e34,false
exp7-manifest-1,2026-09-25T05:26:47Z,p1,tail,LEGACY,double,-,0.59999999999999998,10002,raw/p1/p1_tail_libstdcxx_LEGACY_k0.6_s10002_double.bin,bin,10105,8,1,5,80936,00ffb1aa026067baec47892c895ab2d53086175a5cabc7768097d3787be42836,./exp7_probe_libstdcxx.exe,62a584d372abbb1724b224dc18b88c277d6ee16b754484eecb896f7fbdabeca5,-Wall -Wextra -std=c++11 -O2 -ffp-contract=off -I src,gcc 15.2.0,libstdc++,arm64,libstdcxx,native,664d906899b1726ae6d0bd3856483c4590af875a9dfdc3fee14fdcb79dbc4e34,false
exp7-manifest-1,2026-09-25T05:26:47Z,p1,tail,CANDIDATE,double,-,0.59999999999999998,10002,raw/p1/p1_tail_libstdcxx_CANDIDATE_k0.6_s10002_double.bin,bin,9901,8,1,5,79304,3a3bb12462bcca079156b0da746f17eb517075ffe4fa263b66f9d2dd76708dc6,./exp7_probe_libstdcxx.exe,62a584d372abbb1724b224dc18b88c277d6ee16b754484eecb896f7fbdabeca5,-Wall -Wextra -std=c++11 -O2 -ffp-contract=off -I src,gcc 15.2.0,libstdc++,arm64,libstdcxx,native,664d906899b1726ae6d0bd3856483c4590af875a9dfdc3fee14fdcb79dbc4e34,false
exp7-manifest-1,2026-09-25T05:26:47Z,p1,tail,LEGACY,double,-,0.59999999999999998,10003,raw/p1/p1_tail_libstdcxx_LEGACY_k0.6_s10003_double.bin,bin,9889,8,1,5,79208,2764d55ef112a64ad415926799200a8dc12c933b071266d62771c6f3794c0e10,./exp7_probe_libstdcxx.exe,62a584d372abbb1724b224dc18b88c277d6ee16b754484eecb896f7fbdabeca5,-Wall -Wextra -std=c++11 -O2 -ffp-contract=off -I src,gcc 15.2.0,libstdc++,arm64,libstdcxx,native,664d906899b1726ae6d0bd3856483c4590af875a9dfdc3fee14fdcb79dbc4e34,false
exp7-manifest-1,2026-09-25T05:26:47Z,p1,tail,CANDIDATE,double,-,0.59999999999999998,10003,raw/p1/p1_tail_libstdcxx_CANDIDATE_k0.6_s10003_double.bin,bin,9925,8,1,5,79496,5a3c220ffd7e1e3aa18c46e2456baabb394a374a808feb92e05009343e5d80e0,./exp7_probe_libstdcxx.exe,62a584d372abbb1724b224dc18b88c277d6ee16b754484eecb896f7fbdabeca5,-Wall -Wextra -std=c++11 -O2 -ffp-contract=off -I src,gcc 15.2.0,libstdc++,arm64,libstdcxx,native,664d906899b1726ae6d0bd3856483c4590af875a9dfdc3fee14fdcb79dbc4e34,false
exp7-manifest-1,2026-09-25T05:26:47Z,p1,tail,LEGACY,double,-,0.59999999999999998,10004,raw/p1/p1_tail_libstdcxx_LEGACY_k0.6_s10004_double.bin,bin,9890,8,1,5,79216,ab436c139c9766024259abed1b109c9f99938002278fded09b0ea6f801de9a7a,./exp7_probe_libstdcxx.exe,62a584d372abbb1724b224dc18b88c277d6ee16b754484eecb896f7fbdabeca5,-Wall -Wextra -std=c++11 -O2 -ffp-contract=off -I src,gcc 15.2.0,libstdc++,arm64,libstdcxx,native,664d906899b1726ae6d0bd3856483c4590af875a9dfdc3fee14fdcb79dbc4e34,false
exp7-manifest-1,2026-09-25T05:26:47Z,p1,tail,CANDIDATE,double,-,0.59999999999999998,10004,raw/p1/p1_tail_libstdcxx_CANDIDATE_k0.6_s10004_double.bin,bin,9955,8,1,5,79736,4fef7c3c5647bda523a11a134b5dd19942bdf27d99cfe80590a3f29ac282a36a,./exp7_probe_libstdcxx.exe,62a584d372abbb1724b224dc18b88c277d6ee16b754484eecb896f7fbdabeca5,-Wall -Wextra -std=c++11 -O2 -ffp-contract=off -I src,gcc 15.2.0,libstdc++,arm64,libstdcxx,native,664d906899b1726ae6d0bd3856483c4590af875a9dfdc3fee14fdcb79dbc4e34,false
exp7-manifest-1,2026-09-25T05:26:47Z,p1,tail,LEGACY,double,-,0.59999999999999998,10005,raw/p1/p1_tail_libstdcxx_LEGACY_k0.6_s10005_double.bin,bin,9863,8,1,5,79000,617d76cb0e40c2753163d90b7bf8217f3e01e4aa35e50379025ab37ed462c5fa,./exp7_probe_libstdcxx.exe,62a584d372abbb1724b224dc18b88c277d6ee16b754484eecb896f7fbdabeca5,-Wall -Wextra -std=c++11 -O2 -ffp-contract=off -I src,gcc 15.2.0,libstdc++,arm64,libstdcxx,native,664d906899b1726ae6d0bd3856483c4590af875a9dfdc3fee14fdcb79dbc4e34,false
exp7-manifest-1,2026-09-25T05:26:47Z,p1,tail,CANDIDATE,double,-,0.59999999999999998,10005,raw/p1/p1_tail_libstdcxx_CANDIDATE_k0.6_s10005_double.bin,bin,10145,8,1,5,81256,8a61d960bb3918fbda161791ec189d6886d795708d79eacfea826251bd288dd5,./exp7_probe_libstdcxx.exe,62a584d372abbb1724b224dc18b88c277d6ee16b754484eecb896f7fbdabeca5,-Wall -Wextra -std=c++11 -O2 -ffp-contract=off -I src,gcc 15.2.0,libstdc++,arm64,libstdcxx,native,664d906899b1726ae6d0bd3856483c4590af875a9dfdc3fee14fdcb79dbc4e34,false
exp7-manifest-1,2026-09-25T05:26:47Z,p1,tail,LEGACY,double,-,0.75,10001,raw/p1/p1_tail_libstdcxx_LEGACY_k0.75_s10001_double.bin,bin,10015,8,1,5,80216,b544f42612e5ae5c2971b37167d6be9a33ee4e1b66efd4f7ac5de7075a7cb4e4,./exp7_probe_libstdcxx.exe,62a584d372abbb1724b224dc18b88c277d6ee16b754484eecb896f7fbdabeca5,-Wall -Wextra -std=c++11 -O2 -ffp-contract=off -I src,gcc 15.2.0,libstdc++,arm64,libstdcxx,native,664d906899b1726ae6d0bd3856483c4590af875a9dfdc3fee14fdcb79dbc4e34,false
exp7-manifest-1,2026-09-25T05:26:47Z,p1,tail,CANDIDATE,double,-,0.75,10001,raw/p1/p1_tail_libstdcxx_CANDIDATE_k0.75_s10001_double.bin,bin,10072,8,1,5,80672,dbcd601c39600f653b1d7255ea99c0516f3c8625157400fab8b1c1644f64ddab,./exp7_probe_libstdcxx.exe,62a584d372abbb1724b224dc18b88c277d6ee16b754484eecb896f7fbdabeca5,-Wall -Wextra -std=c++11 -O2 -ffp-contract=off -I src,gcc 15.2.0,libstdc++,arm64,libstdcxx,native,664d906899b1726ae6d0bd3856483c4590af875a9dfdc3fee14fdcb79dbc4e34,false
exp7-manifest-1,2026-09-25T05:26:47Z,p1,tail,LEGACY,double,-,0.75,10002,raw/p1/p1_tail_libstdcxx_LEGACY_k0.75_s10002_double.bin,bin,10092,8,1,5,80832,7fcde447a60b7d9fd16881232b317fc3e398828a736e0caa3339d026363a3411,./exp7_probe_libstdcxx.exe,62a584d372abbb1724b224dc18b88c277d6ee16b754484eecb896f7fbdabeca5,-Wall -Wextra -std=c++11 -O2 -ffp-contract=off -I src,gcc 15.2.0,libstdc++,arm64,libstdcxx,native,664d906899b1726ae6d0bd3856483c4590af875a9dfdc3fee14fdcb79dbc4e34,false
exp7-manifest-1,2026-09-25T05:26:47Z,p1,tail,CANDIDATE,double,-,0.75,10002,raw/p1/p1_tail_libstdcxx_CANDIDATE_k0.75_s10002_double.bin,bin,9980,8,1,5,79936,99b55c06ffadc7269b886878ba3e0818754c81f0c64b946a24c7739e16f1e587,./exp7_probe_libstdcxx.exe,62a584d372abbb1724b224dc18b88c277d6ee16b754484eecb896f7fbdabeca5,-Wall -Wextra -std=c++11 -O2 -ffp-contract=off -I src,gcc 15.2.0,libstdc++,arm64,libstdcxx,native,664d906899b1726ae6d0bd3856483c4590af875a9dfdc3fee14fdcb79dbc4e34,false
exp7-manifest-1,2026-09-25T05:26:47Z,p1,tail,LEGACY,double,-,0.75,10003,raw/p1/p1_tail_libstdcxx_LEGACY_k0.75_s10003_double.bin,bin,10103,8,1,5,80920,6f3c90246401bc48a8e9221ff320800e0fdd8254fc1a2e38f6543fc79e5cfa05,./exp7_probe_libstdcxx.exe,62a584d372abbb1724b224dc18b88c277d6ee16b754484eecb896f7fbdabeca5,-Wall -Wextra -std=c++11 -O2 -ffp-contract=off -I src,gcc 15.2.0,libstdc++,arm64,libstdcxx,native,664d906899b1726ae6d0bd3856483c4590af875a9dfdc3fee14fdcb79dbc4e34,false
exp7-manifest-1,2026-09-25T05:26:47Z,p1,tail,CANDIDATE,double,-,0.75,10003,raw/p1/p1_tail_libstdcxx_CANDIDATE_k0.75_s10003_double.bin,bin,10149,8,1,5,81288,761bea65002c143cd10949618535b30b9fd3255a89ae9adbe70cee4e978dc3c0,./exp7_probe_libstdcxx.exe,62a584d372abbb1724b224dc18b88c277d6ee16b754484eecb896f7fbdabeca5,-Wall -Wextra -std=c++11 -O2 -ffp-contract=off -I src,gcc 15.2.0,libstdc++,arm64,libstdcxx,native,664d906899b1726ae6d0bd3856483c4590af875a9dfdc3fee14fdcb79dbc4e34,false
exp7-manifest-1,2026-09-25T05:26:47Z,p1,tail,LEGACY,double,-,0.75,10004,raw/p1/p1_tail_libstdcxx_LEGACY_k0.75_s10004_double.bin,bin,10122,8,1,5,81072,18426778d63d2db6f9e00acdf3d11861d11491580d63ff016ef420f3adeb2702,./exp7_probe_libstdcxx.exe,62a584d372abbb1724b224dc18b88c277d6ee16b754484eecb896f7fbdabeca5,-Wall -Wextra -std=c++11 -O2 -ffp-contract=off -I src,gcc 15.2.0,libstdc++,arm64,libstdcxx,native,664d906899b1726ae6d0bd3856483c4590af875a9dfdc3fee14fdcb79dbc4e34,false
exp7-manifest-1,2026-09-25T05:26:47Z,p1,tail,CANDIDATE,double,-,0.75,10004,raw/p1/p1_tail_libstdcxx_CANDIDATE_k0.75_s10004_double.bin,bin,10090,8,1,5,80816,c8d135fe36b0393f0fefaadb54655f1bad3c48a636062b602047bd189c5f73e2,./exp7_probe_libstdcxx.exe,62a584d372abbb1724b224dc18b88c277d6ee16b754484eecb896f7fbdabeca5,-Wall -Wextra -std=c++11 -O2 -ffp-contract=off -I src,gcc 15.2.0,libstdc++,arm64,libstdcxx,native,664d906899b1726ae6d0bd3856483c4590af875a9dfdc3fee14fdcb79dbc4e34,false
exp7-manifest-1,2026-09-25T05:26:47Z,p1,tail,LEGACY,double,-,0.75,10005,raw/p1/p1_tail_libstdcxx_LEGACY_k0.75_s10005_double.bin,bin,9937,8,1,5,79592,671f09834e94979b75443c067f096939fcd923794ebaa52846c284c10fca0ed0,./exp7_probe_libstdcxx.exe,62a584d372abbb1724b224dc18b88c277d6ee16b754484eecb896f7fbdabeca5,-Wall -Wextra -std=c++11 -O2 -ffp-contract=off -I src,gcc 15.2.0,libstdc++,arm64,libstdcxx,native,664d906899b1726ae6d0bd3856483c4590af875a9dfdc3fee14fdcb79dbc4e34,false
exp7-manifest-1,2026-09-25T05:26:47Z,p1,tail,CANDIDATE,double,-,0.75,10005,raw/p1/p1_tail_libstdcxx_CANDIDATE_k0.75_s10005_double.bin,bin,9990,8,1,5,80016,98c9e1dde14857e4bb5b8671b154a51af4eb61547a3666eee71fd638fc51b3ec,./exp7_probe_libstdcxx.exe,62a584d372abbb1724b224dc18b88c277d6ee16b754484eecb896f7fbdabeca5,-Wall -Wextra -std=c++11 -O2 -ffp-contract=off -I src,gcc 15.2.0,libstdc++,arm64,libstdcxx,native,664d906899b1726ae6d0bd3856483c4590af875a9dfdc3fee14fdcb79dbc4e34,false
exp7-manifest-1,2026-09-25T05:26:47Z,p1,tail,LEGACY,double,-,1,10001,raw/p1/p1_tail_libstdcxx_LEGACY_k1_s10001_double.bin,bin,10106,8,1,5,80944,da686daf3523473ff48d805c4ef45f556d01f5656d3bc703e5ecb158dc3fe214,./exp7_probe_libstdcxx.exe,62a584d372abbb1724b224dc18b88c277d6ee16b754484eecb896f7fbdabeca5,-Wall -Wextra -std=c++11 -O2 -ffp-contract=off -I src,gcc 15.2.0,libstdc++,arm64,libstdcxx,native,664d906899b1726ae6d0bd3856483c4590af875a9dfdc3fee14fdcb79dbc4e34,false
exp7-manifest-1,2026-09-25T05:26:47Z,p1,tail,CANDIDATE,double,-,1,10001,raw/p1/p1_tail_libstdcxx_CANDIDATE_k1_s10001_double.bin,bin,9952,8,1,5,79712,286f51b3acb4e3bedda92ebc91d92ce280ccfdf3136e8fd40097c66abf869c5e,./exp7_probe_libstdcxx.exe,62a584d372abbb1724b224dc18b88c277d6ee16b754484eecb896f7fbdabeca5,-Wall -Wextra -std=c++11 -O2 -ffp-contract=off -I src,gcc 15.2.0,libstdc++,arm64,libstdcxx,native,664d906899b1726ae6d0bd3856483c4590af875a9dfdc3fee14fdcb79dbc4e34,false
exp7-manifest-1,2026-09-25T05:26:47Z,p1,tail,LEGACY,double,-,1,10002,raw/p1/p1_tail_libstdcxx_LEGACY_k1_s10002_double.bin,bin,9949,8,1,5,79688,2e203dcf7aea8f052e550647563504f812201920b3450fe1f23ca7d7aed8c969,./exp7_probe_libstdcxx.exe,62a584d372abbb1724b224dc18b88c277d6ee16b754484eecb896f7fbdabeca5,-Wall -Wextra -std=c++11 -O2 -ffp-contract=off -I src,gcc 15.2.0,libstdc++,arm64,libstdcxx,native,664d906899b1726ae6d0bd3856483c4590af875a9dfdc3fee14fdcb79dbc4e34,false
exp7-manifest-1,2026-09-25T05:26:47Z,p1,tail,CANDIDATE,double,-,1,10002,raw/p1/p1_tail_libstdcxx_CANDIDATE_k1_s10002_double.bin,bin,9981,8,1,5,79944,a3ca5dde5c0fcb74e6ebf81320e8716b7487cf5714aae42c57a5bdba7bc19e4f,./exp7_probe_libstdcxx.exe,62a584d372abbb1724b224dc18b88c277d6ee16b754484eecb896f7fbdabeca5,-Wall -Wextra -std=c++11 -O2 -ffp-contract=off -I src,gcc 15.2.0,libstdc++,arm64,libstdcxx,native,664d906899b1726ae6d0bd3856483c4590af875a9dfdc3fee14fdcb79dbc4e34,false
exp7-manifest-1,2026-09-25T05:26:47Z,p1,tail,LEGACY,double,-,1,10003,raw/p1/p1_tail_libstdcxx_LEGACY_k1_s10003_double.bin,bin,10086,8,1,5,80784,87db420af93fa238b64e7eb8c72274fa2e86280d27c570584864eb529256cd6e,./exp7_probe_libstdcxx.exe,62a584d372abbb1724b224dc18b88c277d6ee16b754484eecb896f7fbdabeca5,-Wall -Wextra -std=c++11 -O2 -ffp-contract=off -I src,gcc 15.2.0,libstdc++,arm64,libstdcxx,native,664d906899b1726ae6d0bd3856483c4590af875a9dfdc3fee14fdcb79dbc4e34,false
exp7-manifest-1,2026-09-25T05:26:47Z,p1,tail,CANDIDATE,double,-,1,10003,raw/p1/p1_tail_libstdcxx_CANDIDATE_k1_s10003_double.bin,bin,10104,8,1,5,80928,0edb2adf751f1973086b796c1e3a5cae40e3d1caffeb5d8f791d1e8eaa912257,./exp7_probe_libstdcxx.exe,62a584d372abbb1724b224dc18b88c277d6ee16b754484eecb896f7fbdabeca5,-Wall -Wextra -std=c++11 -O2 -ffp-contract=off -I src,gcc 15.2.0,libstdc++,arm64,libstdcxx,native,664d906899b1726ae6d0bd3856483c4590af875a9dfdc3fee14fdcb79dbc4e34,false
exp7-manifest-1,2026-09-25T05:26:47Z,p1,tail,LEGACY,double,-,1,10004,raw/p1/p1_tail_libstdcxx_LEGACY_k1_s10004_double.bin,bin,10085,8,1,5,80776,176d1e26ea45c6cd37629c8785de70d37442375f0c22b8c430e6df38c9ce78de,./exp7_probe_libstdcxx.exe,62a584d372abbb1724b224dc18b88c277d6ee16b754484eecb896f7fbdabeca5,-Wall -Wextra -std=c++11 -O2 -ffp-contract=off -I src,gcc 15.2.0,libstdc++,arm64,libstdcxx,native,664d906899b1726ae6d0bd3856483c4590af875a9dfdc3fee14fdcb79dbc4e34,false
exp7-manifest-1,2026-09-25T05:26:47Z,p1,tail,CANDIDATE,double,-,1,10004,raw/p1/p1_tail_libstdcxx_CANDIDATE_k1_s10004_double.bin,bin,10066,8,1,5,80624,cdc760b55175a1422a65fee1b9a5e0468d44ecc221bd9443d309ad890c5e294c,./exp7_probe_libstdcxx.exe,62a584d372abbb1724b224dc18b88c277d6ee16b754484eecb896f7fbdabeca5,-Wall -Wextra -std=c++11 -O2 -ffp-contract=off -I src,gcc 15.2.0,libstdc++,arm64,libstdcxx,native,664d906899b1726ae6d0bd3856483c4590af875a9dfdc3fee14fdcb79dbc4e34,false
exp7-manifest-1,2026-09-25T05:26:47Z,p1,tail,LEGACY,double,-,1,10005,raw/p1/p1_tail_libstdcxx_LEGACY_k1_s10005_double.bin,bin,9843,8,1,5,78840,51661e2371541fc89a14cc29a9ddaec90af827fe175d08eab87bfc6e82ce9f65,./exp7_probe_libstdcxx.exe,62a584d372abbb1724b224dc18b88c277d6ee16b754484eecb896f7fbdabeca5,-Wall -Wextra -std=c++11 -O2 -ffp-contract=off -I src,gcc 15.2.0,libstdc++,arm64,libstdcxx,native,664d906899b1726ae6d0bd3856483c4590af875a9dfdc3fee14fdcb79dbc4e34,false
exp7-manifest-1,2026-09-25T05:26:47Z,p1,tail,CANDIDATE,double,-,1,10005,raw/p1/p1_tail_libstdcxx_CANDIDATE_k1_s10005_double.bin,bin,10141,8,1,5,81224,c59c0e07143f6046608a4e83e3e96ed9e51abb7fd3626bf754b90d16e1e32f96,./exp7_probe_libstdcxx.exe,62a584d372abbb1724b224dc18b88c277d6ee16b754484eecb896f7fbdabeca5,-Wall -Wextra -std=c++11 -O2 -ffp-contract=off -I src,gcc 15.2.0,libstdc++,arm64,libstdcxx,native,664d906899b1726ae6d0bd3856483c4590af875a9dfdc3fee14fdcb79dbc4e34,false
exp7-manifest-1,2026-09-25T05:26:47Z,p1,tail,LEGACY,double,-,1.25,10001,raw/p1/p1_tail_libstdcxx_LEGACY_k1.25_s10001_double.bin,bin,10078,8,1,5,80720,a0b4832be6077730d09a5573120d32df54c91f9218158317297341ca6b6444d4,./exp7_probe_libstdcxx.exe,62a584d372abbb1724b224dc18b88c277d6ee16b754484eecb896f7fbdabeca5,-Wall -Wextra -std=c++11 -O2 -ffp-contract=off -I src,gcc 15.2.0,libstdc++,arm64,libstdcxx,native,664d906899b1726ae6d0bd3856483c4590af875a9dfdc3fee14fdcb79dbc4e34,false
exp7-manifest-1,2026-09-25T05:26:47Z,p1,tail,CANDIDATE,double,-,1.25,10001,raw/p1/p1_tail_libstdcxx_CANDIDATE_k1.25_s10001_double.bin,bin,10120,8,1,5,81056,e25039380c887c1c0e12e6446ed1033133a2117aeb2efbe65360179d93b53004,./exp7_probe_libstdcxx.exe,62a584d372abbb1724b224dc18b88c277d6ee16b754484eecb896f7fbdabeca5,-Wall -Wextra -std=c++11 -O2 -ffp-contract=off -I src,gcc 15.2.0,libstdc++,arm64,libstdcxx,native,664d906899b1726ae6d0bd3856483c4590af875a9dfdc3fee14fdcb79dbc4e34,false
exp7-manifest-1,2026-09-25T05:26:47Z,p1,tail,LEGACY,double,-,1.25,10002,raw/p1/p1_tail_libstdcxx_LEGACY_k1.25_s10002_double.bin,bin,9966,8,1,5,79824,3d01371fc7b12b51a719e203f1d767a3f7fa46692e81b0d0db3f2c1924885745,./exp7_probe_libstdcxx.exe,62a584d372abbb1724b224dc18b88c277d6ee16b754484eecb896f7fbdabeca5,-Wall -Wextra -std=c++11 -O2 -ffp-contract=off -I src,gcc 15.2.0,libstdc++,arm64,libstdcxx,native,664d906899b1726ae6d0bd3856483c4590af875a9dfdc3fee14fdcb79dbc4e34,false
exp7-manifest-1,2026-09-25T05:26:47Z,p1,tail,CANDIDATE,double,-,1.25,10002,raw/p1/p1_tail_libstdcxx_CANDIDATE_k1.25_s10002_double.bin,bin,9949,8,1,5,79688,c5852c7b2a063d77c4a1618ef271bde45c30ccef896f1a1f7e3f68a5f634ed32,./exp7_probe_libstdcxx.exe,62a584d372abbb1724b224dc18b88c277d6ee16b754484eecb896f7fbdabeca5,-Wall -Wextra -std=c++11 -O2 -ffp-contract=off -I src,gcc 15.2.0,libstdc++,arm64,libstdcxx,native,664d906899b1726ae6d0bd3856483c4590af875a9dfdc3fee14fdcb79dbc4e34,false
exp7-manifest-1,2026-09-25T05:26:47Z,p1,tail,LEGACY,double,-,1.25,10003,raw/p1/p1_tail_libstdcxx_LEGACY_k1.25_s10003_double.bin,bin,10072,8,1,5,80672,3dcec5f717b432825bac7c353ee164fe9a78420d0eb01a4d4a7b30c22d297f14,./exp7_probe_libstdcxx.exe,62a584d372abbb1724b224dc18b88c277d6ee16b754484eecb896f7fbdabeca5,-Wall -Wextra -std=c++11 -O2 -ffp-contract=off -I src,gcc 15.2.0,libstdc++,arm64,libstdcxx,native,664d906899b1726ae6d0bd3856483c4590af875a9dfdc3fee14fdcb79dbc4e34,false
exp7-manifest-1,2026-09-25T05:26:47Z,p1,tail,CANDIDATE,double,-,1.25,10003,raw/p1/p1_tail_libstdcxx_CANDIDATE_k1.25_s10003_double.bin,bin,10057,8,1,5,80552,dcf25a74c4bd254777685cba13ef41d1136dd3dc9e8a65380e09e6184ba0dd50,./exp7_probe_libstdcxx.exe,62a584d372abbb1724b224dc18b88c277d6ee16b754484eecb896f7fbdabeca5,-Wall -Wextra -std=c++11 -O2 -ffp-contract=off -I src,gcc 15.2.0,libstdc++,arm64,libstdcxx,native,664d906899b1726ae6d0bd3856483c4590af875a9dfdc3fee14fdcb79dbc4e34,false
exp7-manifest-1,2026-09-25T05:26:47Z,p1,tail,LEGACY,double,-,1.25,10004,raw/p1/p1_tail_libstdcxx_LEGACY_k1.25_s10004_double.bin,bin,9847,8,1,5,78872,9b6e1dd1c378e03386e9e6dd6c72c28bca026f5e04c36b57c03fe2e13fd7328e,./exp7_probe_libstdcxx.exe,62a584d372abbb1724b224dc18b88c277d6ee16b754484eecb896f7fbdabeca5,-Wall -Wextra -std=c++11 -O2 -ffp-contract=off -I src,gcc 15.2.0,libstdc++,arm64,libstdcxx,native,664d906899b1726ae6d0bd3856483c4590af875a9dfdc3fee14fdcb79dbc4e34,false
exp7-manifest-1,2026-09-25T05:26:47Z,p1,tail,CANDIDATE,double,-,1.25,10004,raw/p1/p1_tail_libstdcxx_CANDIDATE_k1.25_s10004_double.bin,bin,10009,8,1,5,80168,43c9e28966ace0a14caa889153ad2a0180ac5f5d131e63c8071963434d4e2bed,./exp7_probe_libstdcxx.exe,62a584d372abbb1724b224dc18b88c277d6ee16b754484eecb896f7fbdabeca5,-Wall -Wextra -std=c++11 -O2 -ffp-contract=off -I src,gcc 15.2.0,libstdc++,arm64,libstdcxx,native,664d906899b1726ae6d0bd3856483c4590af875a9dfdc3fee14fdcb79dbc4e34,false
exp7-manifest-1,2026-09-25T05:26:47Z,p1,tail,LEGACY,double,-,1.25,10005,raw/p1/p1_tail_libstdcxx_LEGACY_k1.25_s10005_double.bin,bin,10040,8,1,5,80416,e1daf75217d16c6e52c9d9bd0f37111ae3640b95f536455412860c3d948b5619,./exp7_probe_libstdcxx.exe,62a584d372abbb1724b224dc18b88c277d6ee16b754484eecb896f7fbdabeca5,-Wall -Wextra -std=c++11 -O2 -ffp-contract=off -I src,gcc 15.2.0,libstdc++,arm64,libstdcxx,native,664d906899b1726ae6d0bd3856483c4590af875a9dfdc3fee14fdcb79dbc4e34,false
exp7-manifest-1,2026-09-25T05:26:47Z,p1,tail,CANDIDATE,double,-,1.25,10005,raw/p1/p1_tail_libstdcxx_CANDIDATE_k1.25_s10005_double.bin,bin,9982,8,1,5,79952,409a8d21f80e68ec5996f2d7c8f63ac1c167cbf501a76a75e691c6d02a76bcac,./exp7_probe_libstdcxx.exe,62a584d372abbb1724b224dc18b88c277d6ee16b754484eecb896f7fbdabeca5,-Wall -Wextra -std=c++11 -O2 -ffp-contract=off -I src,gcc 15.2.0,libstdc++,arm64,libstdcxx,native,664d906899b1726ae6d0bd3856483c4590af875a9dfdc3fee14fdcb79dbc4e34,false
exp7-manifest-1,2026-09-25T05:26:47Z,p1,tail,LEGACY,double,-,1.49,10001,raw/p1/p1_tail_libstdcxx_LEGACY_k1.49_s10001_double.bin,bin,10053,8,1,5,80520,90552ff2d622951ca17de07d9e03d989a00ac378e3d8d94d1525934b7dfa2358,./exp7_probe_libstdcxx.exe,62a584d372abbb1724b224dc18b88c277d6ee16b754484eecb896f7fbdabeca5,-Wall -Wextra -std=c++11 -O2 -ffp-contract=off -I src,gcc 15.2.0,libstdc++,arm64,libstdcxx,native,664d906899b1726ae6d0bd3856483c4590af875a9dfdc3fee14fdcb79dbc4e34,false
exp7-manifest-1,2026-09-25T05:26:47Z,p1,tail,CANDIDATE,double,-,1.49,10001,raw/p1/p1_tail_libstdcxx_CANDIDATE_k1.49_s10001_double.bin,bin,9944,8,1,5,79648,901de6438ef15db4e03dde08bafbeca30950d00255c9320f1bc928492d4cdd6b,./exp7_probe_libstdcxx.exe,62a584d372abbb1724b224dc18b88c277d6ee16b754484eecb896f7fbdabeca5,-Wall -Wextra -std=c++11 -O2 -ffp-contract=off -I src,gcc 15.2.0,libstdc++,arm64,libstdcxx,native,664d906899b1726ae6d0bd3856483c4590af875a9dfdc3fee14fdcb79dbc4e34,false
exp7-manifest-1,2026-09-25T05:26:47Z,p1,tail,LEGACY,double,-,1.49,10002,raw/p1/p1_tail_libstdcxx_LEGACY_k1.49_s10002_double.bin,bin,10144,8,1,5,81248,d3677aae74265db5f9789e0dd99237a135281d8ff43ca423f7e5fb6f8155cb38,./exp7_probe_libstdcxx.exe,62a584d372abbb1724b224dc18b88c277d6ee16b754484eecb896f7fbdabeca5,-Wall -Wextra -std=c++11 -O2 -ffp-contract=off -I src,gcc 15.2.0,libstdc++,arm64,libstdcxx,native,664d906899b1726ae6d0bd3856483c4590af875a9dfdc3fee14fdcb79dbc4e34,false
exp7-manifest-1,2026-09-25T05:26:47Z,p1,tail,CANDIDATE,double,-,1.49,10002,raw/p1/p1_tail_libstdcxx_CANDIDATE_k1.49_s10002_double.bin,bin,10119,8,1,5,81048,50e0008c5475f29247f8b3d5fd93127ddf25ef8e22fe223aad8c68dc655f3aee,./exp7_probe_libstdcxx.exe,62a584d372abbb1724b224dc18b88c277d6ee16b754484eecb896f7fbdabeca5,-Wall -Wextra -std=c++11 -O2 -ffp-contract=off -I src,gcc 15.2.0,libstdc++,arm64,libstdcxx,native,664d906899b1726ae6d0bd3856483c4590af875a9dfdc3fee14fdcb79dbc4e34,false
exp7-manifest-1,2026-09-25T05:26:47Z,p1,tail,LEGACY,double,-,1.49,10003,raw/p1/p1_tail_libstdcxx_LEGACY_k1.49_s10003_double.bin,bin,10041,8,1,5,80424,5c0c6b68e1257fcae50f1c8db84273d85cd8d149246da64ce5c947e1b0722a90,./exp7_probe_libstdcxx.exe,62a584d372abbb1724b224dc18b88c277d6ee16b754484eecb896f7fbdabeca5,-Wall -Wextra -std=c++11 -O2 -ffp-contract=off -I src,gcc 15.2.0,libstdc++,arm64,libstdcxx,native,664d906899b1726ae6d0bd3856483c4590af875a9dfdc3fee14fdcb79dbc4e34,false
exp7-manifest-1,2026-09-25T05:26:47Z,p1,tail,CANDIDATE,double,-,1.49,10003,raw/p1/p1_tail_libstdcxx_CANDIDATE_k1.49_s10003_double.bin,bin,10042,8,1,5,80432,c276549d78f723303f762942562f1bc72e2e5d519487de630790f69adf2ef638,./exp7_probe_libstdcxx.exe,62a584d372abbb1724b224dc18b88c277d6ee16b754484eecb896f7fbdabeca5,-Wall -Wextra -std=c++11 -O2 -ffp-contract=off -I src,gcc 15.2.0,libstdc++,arm64,libstdcxx,native,664d906899b1726ae6d0bd3856483c4590af875a9dfdc3fee14fdcb79dbc4e34,false
exp7-manifest-1,2026-09-25T05:26:47Z,p1,tail,LEGACY,double,-,1.49,10004,raw/p1/p1_tail_libstdcxx_LEGACY_k1.49_s10004_double.bin,bin,10056,8,1,5,80544,9fb1869f8ed22f7a9496380d13a2527b336a8c07bf60e3aec0c9d0398c0310c5,./exp7_probe_libstdcxx.exe,62a584d372abbb1724b224dc18b88c277d6ee16b754484eecb896f7fbdabeca5,-Wall -Wextra -std=c++11 -O2 -ffp-contract=off -I src,gcc 15.2.0,libstdc++,arm64,libstdcxx,native,664d906899b1726ae6d0bd3856483c4590af875a9dfdc3fee14fdcb79dbc4e34,false
exp7-manifest-1,2026-09-25T05:26:47Z,p1,tail,CANDIDATE,double,-,1.49,10004,raw/p1/p1_tail_libstdcxx_CANDIDATE_k1.49_s10004_double.bin,bin,9946,8,1,5,79664,f74a368b7dd88e9b55096e66d410af130311018cc4f90f38157808b83f27d543,./exp7_probe_libstdcxx.exe,62a584d372abbb1724b224dc18b88c277d6ee16b754484eecb896f7fbdabeca5,-Wall -Wextra -std=c++11 -O2 -ffp-contract=off -I src,gcc 15.2.0,libstdc++,arm64,libstdcxx,native,664d906899b1726ae6d0bd3856483c4590af875a9dfdc3fee14fdcb79dbc4e34,false
exp7-manifest-1,2026-09-25T05:26:47Z,p1,tail,LEGACY,double,-,1.49,10005,raw/p1/p1_tail_libstdcxx_LEGACY_k1.49_s10005_double.bin,bin,10037,8,1,5,80392,43431b4cb7265fb2cd21dd8975356434b32019e5675d2aa5cffb124e47da5095,./exp7_probe_libstdcxx.exe,62a584d372abbb1724b224dc18b88c277d6ee16b754484eecb896f7fbdabeca5,-Wall -Wextra -std=c++11 -O2 -ffp-contract=off -I src,gcc 15.2.0,libstdc++,arm64,libstdcxx,native,664d906899b1726ae6d0bd3856483c4590af875a9dfdc3fee14fdcb79dbc4e34,false
exp7-manifest-1,2026-09-25T05:26:47Z,p1,tail,CANDIDATE,double,-,1.49,10005,raw/p1/p1_tail_libstdcxx_CANDIDATE_k1.49_s10005_double.bin,bin,9983,8,1,5,79960,26eab0f44b59689fa79ec2a141889887e7b97b3e58b6f10bcc2b9ce2dbaedaf5,./exp7_probe_libstdcxx.exe,62a584d372abbb1724b224dc18b88c277d6ee16b754484eecb896f7fbdabeca5,-Wall -Wextra -std=c++11 -O2 -ffp-contract=off -I src,gcc 15.2.0,libstdc++,arm64,libstdcxx,native,664d906899b1726ae6d0bd3856483c4590af875a9dfdc3fee14fdcb79dbc4e34,false
exp7-manifest-1,2026-09-25T05:26:47Z,p1,tail,LEGACY,double,-,1.5,10001,raw/p1/p1_tail_libstdcxx_LEGACY_k1.5_s10001_double.bin,bin,9793,8,1,5,78440,61e68fd499ba6ae38ff033fa77c7ef42b00843464e74f794d68cd44d3623c398,./exp7_probe_libstdcxx.exe,62a584d372abbb1724b224dc18b88c277d6ee16b754484eecb896f7fbdabeca5,-Wall -Wextra -std=c++11 -O2 -ffp-contract=off -I src,gcc 15.2.0,libstdc++,arm64,libstdcxx,native,664d906899b1726ae6d0bd3856483c4590af875a9dfdc3fee14fdcb79dbc4e34,false
exp7-manifest-1,2026-09-25T05:26:47Z,p1,tail,CANDIDATE,double,-,1.5,10001,raw/p1/p1_tail_libstdcxx_CANDIDATE_k1.5_s10001_double.bin,bin,9995,8,1,5,80056,4ee53a7ac935c4ab4d0db84e51871b0a0c177adc166c663eeaeb1a24a6dc34a5,./exp7_probe_libstdcxx.exe,62a584d372abbb1724b224dc18b88c277d6ee16b754484eecb896f7fbdabeca5,-Wall -Wextra -std=c++11 -O2 -ffp-contract=off -I src,gcc 15.2.0,libstdc++,arm64,libstdcxx,native,664d906899b1726ae6d0bd3856483c4590af875a9dfdc3fee14fdcb79dbc4e34,false
exp7-manifest-1,2026-09-25T05:26:47Z,p1,tail,LEGACY,double,-,1.5,10002,raw/p1/p1_tail_libstdcxx_LEGACY_k1.5_s10002_double.bin,bin,10189,8,1,5,81608,9efa9f611c26e3366673a3c75ed853d46cceeced3d6f79dcfdc6871e134e0673,./exp7_probe_libstdcxx.exe,62a584d372abbb1724b224dc18b88c277d6ee16b754484eecb896f7fbdabeca5,-Wall -Wextra -std=c++11 -O2 -ffp-contract=off -I src,gcc 15.2.0,libstdc++,arm64,libstdcxx,native,664d906899b1726ae6d0bd3856483c4590af875a9dfdc3fee14fdcb79dbc4e34,false
exp7-manifest-1,2026-09-25T05:26:47Z,p1,tail,CANDIDATE,double,-,1.5,10002,raw/p1/p1_tail_libstdcxx_CANDIDATE_k1.5_s10002_double.bin,bin,9913,8,1,5,79400,2815ed1a5fa0ef70e722fdae4a58aa5748d098a897892ec29dd3ecf57b5fcde4,./exp7_probe_libstdcxx.exe,62a584d372abbb1724b224dc18b88c277d6ee16b754484eecb896f7fbdabeca5,-Wall -Wextra -std=c++11 -O2 -ffp-contract=off -I src,gcc 15.2.0,libstdc++,arm64,libstdcxx,native,664d906899b1726ae6d0bd3856483c4590af875a9dfdc3fee14fdcb79dbc4e34,false
exp7-manifest-1,2026-09-25T05:26:47Z,p1,tail,LEGACY,double,-,1.5,10003,raw/p1/p1_tail_libstdcxx_LEGACY_k1.5_s10003_double.bin,bin,9842,8,1,5,78832,6ed7e6a36cc486db63f58712f56a5de4e9e97f8e4bfeff924d2f59d13fc0cbc2,./exp7_probe_libstdcxx.exe,62a584d372abbb1724b224dc18b88c277d6ee16b754484eecb896f7fbdabeca5,-Wall -Wextra -std=c++11 -O2 -ffp-contract=off -I src,gcc 15.2.0,libstdc++,arm64,libstdcxx,native,664d906899b1726ae6d0bd3856483c4590af875a9dfdc3fee14fdcb79dbc4e34,false
exp7-manifest-1,2026-09-25T05:26:47Z,p1,tail,CANDIDATE,double,-,1.5,10003,raw/p1/p1_tail_libstdcxx_CANDIDATE_k1.5_s10003_double.bin,bin,9894,8,1,5,79248,1af02f568a7ed3a53107fac766feec999bbced2cf4484359fd6b3629310c1a9d,./exp7_probe_libstdcxx.exe,62a584d372abbb1724b224dc18b88c277d6ee16b754484eecb896f7fbdabeca5,-Wall -Wextra -std=c++11 -O2 -ffp-contract=off -I src,gcc 15.2.0,libstdc++,arm64,libstdcxx,native,664d906899b1726ae6d0bd3856483c4590af875a9dfdc3fee14fdcb79dbc4e34,false
exp7-manifest-1,2026-09-25T05:26:47Z,p1,tail,LEGACY,double,-,1.5,10004,raw/p1/p1_tail_libstdcxx_LEGACY_k1.5_s10004_double.bin,bin,9952,8,1,5,79712,5c9acc417f97c7f9f44636642cfe527a03ea047f2250a6c68427760df08f9e2a,./exp7_probe_libstdcxx.exe,62a584d372abbb1724b224dc18b88c277d6ee16b754484eecb896f7fbdabeca5,-Wall -Wextra -std=c++11 -O2 -ffp-contract=off -I src,gcc 15.2.0,libstdc++,arm64,libstdcxx,native,664d906899b1726ae6d0bd3856483c4590af875a9dfdc3fee14fdcb79dbc4e34,false
exp7-manifest-1,2026-09-25T05:26:47Z,p1,tail,CANDIDATE,double,-,1.5,10004,raw/p1/p1_tail_libstdcxx_CANDIDATE_k1.5_s10004_double.bin,bin,10093,8,1,5,80840,a87b5c222d7412df4e82f28c5db54b19a94fa42e0fa1e8b5521bd4f5a059c4d3,./exp7_probe_libstdcxx.exe,62a584d372abbb1724b224dc18b88c277d6ee16b754484eecb896f7fbdabeca5,-Wall -Wextra -std=c++11 -O2 -ffp-contract=off -I src,gcc 15.2.0,libstdc++,arm64,libstdcxx,native,664d906899b1726ae6d0bd3856483c4590af875a9dfdc3fee14fdcb79dbc4e34,false
exp7-manifest-1,2026-09-25T05:26:47Z,p1,tail,LEGACY,double,-,1.5,10005,raw/p1/p1_tail_libstdcxx_LEGACY_k1.5_s10005_double.bin,bin,9976,8,1,5,79904,336a8620fdb1e2ff903e13c08d46f90f512e33937337b98ff878284d71b52c1b,./exp7_probe_libstdcxx.exe,62a584d372abbb1724b224dc18b88c277d6ee16b754484eecb896f7fbdabeca5,-Wall -Wextra -std=c++11 -O2 -ffp-contract=off -I src,gcc 15.2.0,libstdc++,arm64,libstdcxx,native,664d906899b1726ae6d0bd3856483c4590af875a9dfdc3fee14fdcb79dbc4e34,false
exp7-manifest-1,2026-09-25T05:26:47Z,p1,tail,CANDIDATE,double,-,1.5,10005,raw/p1/p1_tail_libstdcxx_CANDIDATE_k1.5_s10005_double.bin,bin,9924,8,1,5,79488,7467719fb050dc0c5e7bae283bdf1213c14c1100032b179e6639c680f5dcb163,./exp7_probe_libstdcxx.exe,62a584d372abbb1724b224dc18b88c277d6ee16b754484eecb896f7fbdabeca5,-Wall -Wextra -std=c++11 -O2 -ffp-contract=off -I src,gcc 15.2.0,libstdc++,arm64,libstdcxx,native,664d906899b1726ae6d0bd3856483c4590af875a9dfdc3fee14fdcb79dbc4e34,false
exp7-manifest-1,2026-09-25T05:26:47Z,p1,tail,LEGACY,double,-,2,10001,raw/p1/p1_tail_libstdcxx_LEGACY_k2_s10001_double.bin,bin,9905,8,1,5,79336,7677f41d859a76e048767884a94f584f267132816f601fb26a680d1e485a5f23,./exp7_probe_libstdcxx.exe,62a584d372abbb1724b224dc18b88c277d6ee16b754484eecb896f7fbdabeca5,-Wall -Wextra -std=c++11 -O2 -ffp-contract=off -I src,gcc 15.2.0,libstdc++,arm64,libstdcxx,native,664d906899b1726ae6d0bd3856483c4590af875a9dfdc3fee14fdcb79dbc4e34,false
exp7-manifest-1,2026-09-25T05:26:47Z,p1,tail,CANDIDATE,double,-,2,10001,raw/p1/p1_tail_libstdcxx_CANDIDATE_k2_s10001_double.bin,bin,10019,8,1,5,80248,565737ecd51593d883791d37c3a6c225a4b78953c0ba6f3582f477cb7e318361,./exp7_probe_libstdcxx.exe,62a584d372abbb1724b224dc18b88c277d6ee16b754484eecb896f7fbdabeca5,-Wall -Wextra -std=c++11 -O2 -ffp-contract=off -I src,gcc 15.2.0,libstdc++,arm64,libstdcxx,native,664d906899b1726ae6d0bd3856483c4590af875a9dfdc3fee14fdcb79dbc4e34,false
exp7-manifest-1,2026-09-25T05:26:47Z,p1,tail,LEGACY,double,-,2,10002,raw/p1/p1_tail_libstdcxx_LEGACY_k2_s10002_double.bin,bin,10092,8,1,5,80832,16090027ca1dcfae2fb2c840d0977e5507ca7072948a277a41a35f1bdac0817d,./exp7_probe_libstdcxx.exe,62a584d372abbb1724b224dc18b88c277d6ee16b754484eecb896f7fbdabeca5,-Wall -Wextra -std=c++11 -O2 -ffp-contract=off -I src,gcc 15.2.0,libstdc++,arm64,libstdcxx,native,664d906899b1726ae6d0bd3856483c4590af875a9dfdc3fee14fdcb79dbc4e34,false
exp7-manifest-1,2026-09-25T05:26:47Z,p1,tail,CANDIDATE,double,-,2,10002,raw/p1/p1_tail_libstdcxx_CANDIDATE_k2_s10002_double.bin,bin,9856,8,1,5,78944,4cf891494e7d137a4f1f3941461753f9cb0d408461afcd176a1e4e258cd92163,./exp7_probe_libstdcxx.exe,62a584d372abbb1724b224dc18b88c277d6ee16b754484eecb896f7fbdabeca5,-Wall -Wextra -std=c++11 -O2 -ffp-contract=off -I src,gcc 15.2.0,libstdc++,arm64,libstdcxx,native,664d906899b1726ae6d0bd3856483c4590af875a9dfdc3fee14fdcb79dbc4e34,false
exp7-manifest-1,2026-09-25T05:26:47Z,p1,tail,LEGACY,double,-,2,10003,raw/p1/p1_tail_libstdcxx_LEGACY_k2_s10003_double.bin,bin,9827,8,1,5,78712,54ac6531fd6fc218e31410e29c224cee0f05a81e06545718ca6fe7448eafcbe8,./exp7_probe_libstdcxx.exe,62a584d372abbb1724b224dc18b88c277d6ee16b754484eecb896f7fbdabeca5,-Wall -Wextra -std=c++11 -O2 -ffp-contract=off -I src,gcc 15.2.0,libstdc++,arm64,libstdcxx,native,664d906899b1726ae6d0bd3856483c4590af875a9dfdc3fee14fdcb79dbc4e34,false
exp7-manifest-1,2026-09-25T05:26:47Z,p1,tail,CANDIDATE,double,-,2,10003,raw/p1/p1_tail_libstdcxx_CANDIDATE_k2_s10003_double.bin,bin,10045,8,1,5,80456,a9e2c527b074a31b65da559b22ade9f8c5080c94dc250d4ca49dab05234d77d9,./exp7_probe_libstdcxx.exe,62a584d372abbb1724b224dc18b88c277d6ee16b754484eecb896f7fbdabeca5,-Wall -Wextra -std=c++11 -O2 -ffp-contract=off -I src,gcc 15.2.0,libstdc++,arm64,libstdcxx,native,664d906899b1726ae6d0bd3856483c4590af875a9dfdc3fee14fdcb79dbc4e34,false
exp7-manifest-1,2026-09-25T05:26:47Z,p1,tail,LEGACY,double,-,2,10004,raw/p1/p1_tail_libstdcxx_LEGACY_k2_s10004_double.bin,bin,10004,8,1,5,80128,1d36c172e9645b64763bb9a0f4017ec003a897c35be3aff34a924b0068ccf1a5,./exp7_probe_libstdcxx.exe,62a584d372abbb1724b224dc18b88c277d6ee16b754484eecb896f7fbdabeca5,-Wall -Wextra -std=c++11 -O2 -ffp-contract=off -I src,gcc 15.2.0,libstdc++,arm64,libstdcxx,native,664d906899b1726ae6d0bd3856483c4590af875a9dfdc3fee14fdcb79dbc4e34,false
exp7-manifest-1,2026-09-25T05:26:47Z,p1,tail,CANDIDATE,double,-,2,10004,raw/p1/p1_tail_libstdcxx_CANDIDATE_k2_s10004_double.bin,bin,9982,8,1,5,79952,896b77fe25bdb497714793372d80b57aba9f67f12c3bed03686854c713ffe959,./exp7_probe_libstdcxx.exe,62a584d372abbb1724b224dc18b88c277d6ee16b754484eecb896f7fbdabeca5,-Wall -Wextra -std=c++11 -O2 -ffp-contract=off -I src,gcc 15.2.0,libstdc++,arm64,libstdcxx,native,664d906899b1726ae6d0bd3856483c4590af875a9dfdc3fee14fdcb79dbc4e34,false
exp7-manifest-1,2026-09-25T05:26:47Z,p1,tail,LEGACY,double,-,2,10005,raw/p1/p1_tail_libstdcxx_LEGACY_k2_s10005_double.bin,bin,9875,8,1,5,79096,a6a3e56e56e3f29fe68b46d11000d9edb7df3412a8f25065c39ceae9f1ed75eb,./exp7_probe_libstdcxx.exe,62a584d372abbb1724b224dc18b88c277d6ee16b754484eecb896f7fbdabeca5,-Wall -Wextra -std=c++11 -O2 -ffp-contract=off -I src,gcc 15.2.0,libstdc++,arm64,libstdcxx,native,664d906899b1726ae6d0bd3856483c4590af875a9dfdc3fee14fdcb79dbc4e34,false
exp7-manifest-1,2026-09-25T05:26:47Z,p1,tail,CANDIDATE,double,-,2,10005,raw/p1/p1_tail_libstdcxx_CANDIDATE_k2_s10005_double.bin,bin,9908,8,1,5,79360,d0e7695f83314e609ef1159c080774ce1faefbb926642b0edaeb32d2b9f09b13,./exp7_probe_libstdcxx.exe,62a584d372abbb1724b224dc18b88c277d6ee16b754484eecb896f7fbdabeca5,-Wall -Wextra -std=c++11 -O2 -ffp-contract=off -I src,gcc 15.2.0,libstdc++,arm64,libstdcxx,native,664d906899b1726ae6d0bd3856483c4590af875a9dfdc3fee14fdcb79dbc4e34,false
exp7-manifest-1,2026-09-25T05:26:47Z,p1,tail,LEGACY,double,-,5,10001,raw/p1/p1_tail_libstdcxx_LEGACY_k5_s10001_double.bin,bin,10187,8,1,5,81592,377ec3b2212490d2f0a0077950b66573859ab9423fcab4effdb1412b94efd8c2,./exp7_probe_libstdcxx.exe,62a584d372abbb1724b224dc18b88c277d6ee16b754484eecb896f7fbdabeca5,-Wall -Wextra -std=c++11 -O2 -ffp-contract=off -I src,gcc 15.2.0,libstdc++,arm64,libstdcxx,native,664d906899b1726ae6d0bd3856483c4590af875a9dfdc3fee14fdcb79dbc4e34,false
exp7-manifest-1,2026-09-25T05:26:47Z,p1,tail,CANDIDATE,double,-,5,10001,raw/p1/p1_tail_libstdcxx_CANDIDATE_k5_s10001_double.bin,bin,10141,8,1,5,81224,f2bd6bc8193099ca9540466ebe8cedf5a0b67f83ee70564e4973436d86d4e122,./exp7_probe_libstdcxx.exe,62a584d372abbb1724b224dc18b88c277d6ee16b754484eecb896f7fbdabeca5,-Wall -Wextra -std=c++11 -O2 -ffp-contract=off -I src,gcc 15.2.0,libstdc++,arm64,libstdcxx,native,664d906899b1726ae6d0bd3856483c4590af875a9dfdc3fee14fdcb79dbc4e34,false
exp7-manifest-1,2026-09-25T05:26:47Z,p1,tail,LEGACY,double,-,5,10002,raw/p1/p1_tail_libstdcxx_LEGACY_k5_s10002_double.bin,bin,9858,8,1,5,78960,bf6f878caa05d258a1f9ed16c0aac610dca094db3a33fb05726d8bb28c077e0c,./exp7_probe_libstdcxx.exe,62a584d372abbb1724b224dc18b88c277d6ee16b754484eecb896f7fbdabeca5,-Wall -Wextra -std=c++11 -O2 -ffp-contract=off -I src,gcc 15.2.0,libstdc++,arm64,libstdcxx,native,664d906899b1726ae6d0bd3856483c4590af875a9dfdc3fee14fdcb79dbc4e34,false
exp7-manifest-1,2026-09-25T05:26:47Z,p1,tail,CANDIDATE,double,-,5,10002,raw/p1/p1_tail_libstdcxx_CANDIDATE_k5_s10002_double.bin,bin,9898,8,1,5,79280,f618a36bac55ee69fc900a836234e9d8c5202f27e984b5201a5ffc4fe850ee1d,./exp7_probe_libstdcxx.exe,62a584d372abbb1724b224dc18b88c277d6ee16b754484eecb896f7fbdabeca5,-Wall -Wextra -std=c++11 -O2 -ffp-contract=off -I src,gcc 15.2.0,libstdc++,arm64,libstdcxx,native,664d906899b1726ae6d0bd3856483c4590af875a9dfdc3fee14fdcb79dbc4e34,false
exp7-manifest-1,2026-09-25T05:26:47Z,p1,tail,LEGACY,double,-,5,10003,raw/p1/p1_tail_libstdcxx_LEGACY_k5_s10003_double.bin,bin,9932,8,1,5,79552,fc04583da8df6ac24f4790a432b070a6e903bf62df92259d22f2020367def922,./exp7_probe_libstdcxx.exe,62a584d372abbb1724b224dc18b88c277d6ee16b754484eecb896f7fbdabeca5,-Wall -Wextra -std=c++11 -O2 -ffp-contract=off -I src,gcc 15.2.0,libstdc++,arm64,libstdcxx,native,664d906899b1726ae6d0bd3856483c4590af875a9dfdc3fee14fdcb79dbc4e34,false
exp7-manifest-1,2026-09-25T05:26:47Z,p1,tail,CANDIDATE,double,-,5,10003,raw/p1/p1_tail_libstdcxx_CANDIDATE_k5_s10003_double.bin,bin,10108,8,1,5,80960,5894c4ea18492d1e0c5d8aa07e70b78ad823dd7f315b058ec04a02f4b466b21b,./exp7_probe_libstdcxx.exe,62a584d372abbb1724b224dc18b88c277d6ee16b754484eecb896f7fbdabeca5,-Wall -Wextra -std=c++11 -O2 -ffp-contract=off -I src,gcc 15.2.0,libstdc++,arm64,libstdcxx,native,664d906899b1726ae6d0bd3856483c4590af875a9dfdc3fee14fdcb79dbc4e34,false
exp7-manifest-1,2026-09-25T05:26:47Z,p1,tail,LEGACY,double,-,5,10004,raw/p1/p1_tail_libstdcxx_LEGACY_k5_s10004_double.bin,bin,10027,8,1,5,80312,70b79560429cfd76efdb9d01b28bbfabb2ede75e3283dfcd8511028a8feee871,./exp7_probe_libstdcxx.exe,62a584d372abbb1724b224dc18b88c277d6ee16b754484eecb896f7fbdabeca5,-Wall -Wextra -std=c++11 -O2 -ffp-contract=off -I src,gcc 15.2.0,libstdc++,arm64,libstdcxx,native,664d906899b1726ae6d0bd3856483c4590af875a9dfdc3fee14fdcb79dbc4e34,false
exp7-manifest-1,2026-09-25T05:26:47Z,p1,tail,CANDIDATE,double,-,5,10004,raw/p1/p1_tail_libstdcxx_CANDIDATE_k5_s10004_double.bin,bin,9982,8,1,5,79952,d22449a048b301b23598e5c09db5b000b6b45bd44f596debbb081e057ed43a24,./exp7_probe_libstdcxx.exe,62a584d372abbb1724b224dc18b88c277d6ee16b754484eecb896f7fbdabeca5,-Wall -Wextra -std=c++11 -O2 -ffp-contract=off -I src,gcc 15.2.0,libstdc++,arm64,libstdcxx,native,664d906899b1726ae6d0bd3856483c4590af875a9dfdc3fee14fdcb79dbc4e34,false
exp7-manifest-1,2026-09-25T05:26:47Z,p1,tail,LEGACY,double,-,5,10005,raw/p1/p1_tail_libstdcxx_LEGACY_k5_s10005_double.bin,bin,10131,8,1,5,81144,12148a3ea83ff309171266051a2215a1cdeeec6bced839a0fa0875f99b57a392,./exp7_probe_libstdcxx.exe,62a584d372abbb1724b224dc18b88c277d6ee16b754484eecb896f7fbdabeca5,-Wall -Wextra -std=c++11 -O2 -ffp-contract=off -I src,gcc 15.2.0,libstdc++,arm64,libstdcxx,native,664d906899b1726ae6d0bd3856483c4590af875a9dfdc3fee14fdcb79dbc4e34,false
exp7-manifest-1,2026-09-25T05:26:47Z,p1,tail,CANDIDATE,double,-,5,10005,raw/p1/p1_tail_libstdcxx_CANDIDATE_k5_s10005_double.bin,bin,10299,8,1,5,82488,abefe490109f9bd7e64c0402c23a63ecfeeef80f317ca18534eaf3c71e5f9653,./exp7_probe_libstdcxx.exe,62a584d372abbb1724b224dc18b88c277d6ee16b754484eecb896f7fbdabeca5,-Wall -Wextra -std=c++11 -O2 -ffp-contract=off -I src,gcc 15.2.0,libstdc++,arm64,libstdcxx,native,664d906899b1726ae6d0bd3856483c4590af875a9dfdc3fee14fdcb79dbc4e34,false
exp7-manifest-1,2026-09-25T05:26:47Z,p1,tail,LEGACY,float,-,0.50009999999999999,10001,raw/p1/p1_tail_libstdcxx_LEGACY_k0.5001_s10001_float.bin,bin,0,8,1,5,96,fe5b0e29dfe53ec0d4e0a9219740e700c977af25e4dc814297a1e6c5e354c3dd,./exp7_probe_libstdcxx.exe,62a584d372abbb1724b224dc18b88c277d6ee16b754484eecb896f7fbdabeca5,-Wall -Wextra -std=c++11 -O2 -ffp-contract=off -I src,gcc 15.2.0,libstdc++,arm64,libstdcxx,native,664d906899b1726ae6d0bd3856483c4590af875a9dfdc3fee14fdcb79dbc4e34,false
exp7-manifest-1,2026-09-25T05:26:47Z,p1,tail,CANDIDATE,float,-,0.50009999999999999,10001,raw/p1/p1_tail_libstdcxx_CANDIDATE_k0.5001_s10001_float.bin,bin,9982,8,1,5,79952,bb8323e8f8ad2917b0db21a5e51424a187fa6a750deb89245c4b63c1a9393694,./exp7_probe_libstdcxx.exe,62a584d372abbb1724b224dc18b88c277d6ee16b754484eecb896f7fbdabeca5,-Wall -Wextra -std=c++11 -O2 -ffp-contract=off -I src,gcc 15.2.0,libstdc++,arm64,libstdcxx,native,664d906899b1726ae6d0bd3856483c4590af875a9dfdc3fee14fdcb79dbc4e34,false
exp7-manifest-1,2026-09-25T05:26:47Z,p1,tail,LEGACY,float,-,0.50009999999999999,10002,raw/p1/p1_tail_libstdcxx_LEGACY_k0.5001_s10002_float.bin,bin,0,8,1,5,96,1a8437ace1046698364b7912615470f946c5b353cee24c100c8c5b333ff52b3b,./exp7_probe_libstdcxx.exe,62a584d372abbb1724b224dc18b88c277d6ee16b754484eecb896f7fbdabeca5,-Wall -Wextra -std=c++11 -O2 -ffp-contract=off -I src,gcc 15.2.0,libstdc++,arm64,libstdcxx,native,664d906899b1726ae6d0bd3856483c4590af875a9dfdc3fee14fdcb79dbc4e34,false
exp7-manifest-1,2026-09-25T05:26:47Z,p1,tail,CANDIDATE,float,-,0.50009999999999999,10002,raw/p1/p1_tail_libstdcxx_CANDIDATE_k0.5001_s10002_float.bin,bin,9919,8,1,5,79448,3d692ebfdfd83e1ed39cc7ab17588f82bf9ee4dda07d8497d1e059b63951457f,./exp7_probe_libstdcxx.exe,62a584d372abbb1724b224dc18b88c277d6ee16b754484eecb896f7fbdabeca5,-Wall -Wextra -std=c++11 -O2 -ffp-contract=off -I src,gcc 15.2.0,libstdc++,arm64,libstdcxx,native,664d906899b1726ae6d0bd3856483c4590af875a9dfdc3fee14fdcb79dbc4e34,false
exp7-manifest-1,2026-09-25T05:26:47Z,p1,tail,LEGACY,float,-,0.50009999999999999,10003,raw/p1/p1_tail_libstdcxx_LEGACY_k0.5001_s10003_float.bin,bin,0,8,1,5,96,9b37b244b00c0d1ff1bf32755e96880570fa120ab58c3d36ad91785aa7544c8d,./exp7_probe_libstdcxx.exe,62a584d372abbb1724b224dc18b88c277d6ee16b754484eecb896f7fbdabeca5,-Wall -Wextra -std=c++11 -O2 -ffp-contract=off -I src,gcc 15.2.0,libstdc++,arm64,libstdcxx,native,664d906899b1726ae6d0bd3856483c4590af875a9dfdc3fee14fdcb79dbc4e34,false
exp7-manifest-1,2026-09-25T05:26:47Z,p1,tail,CANDIDATE,float,-,0.50009999999999999,10003,raw/p1/p1_tail_libstdcxx_CANDIDATE_k0.5001_s10003_float.bin,bin,10061,8,1,5,80584,3ba60b9c27c52a15f381451f8a3fb127c9ebc71b0f3006782101d1e41dbb084f,./exp7_probe_libstdcxx.exe,62a584d372abbb1724b224dc18b88c277d6ee16b754484eecb896f7fbdabeca5,-Wall -Wextra -std=c++11 -O2 -ffp-contract=off -I src,gcc 15.2.0,libstdc++,arm64,libstdcxx,native,664d906899b1726ae6d0bd3856483c4590af875a9dfdc3fee14fdcb79dbc4e34,false
exp7-manifest-1,2026-09-25T05:26:47Z,p1,tail,LEGACY,float,-,0.50009999999999999,10004,raw/p1/p1_tail_libstdcxx_LEGACY_k0.5001_s10004_float.bin,bin,0,8,1,5,96,be53cdd036e7b1124742b4fbc0f85e24177dab8e7f5b9ebaa29956877c5e20b2,./exp7_probe_libstdcxx.exe,62a584d372abbb1724b224dc18b88c277d6ee16b754484eecb896f7fbdabeca5,-Wall -Wextra -std=c++11 -O2 -ffp-contract=off -I src,gcc 15.2.0,libstdc++,arm64,libstdcxx,native,664d906899b1726ae6d0bd3856483c4590af875a9dfdc3fee14fdcb79dbc4e34,false
exp7-manifest-1,2026-09-25T05:26:47Z,p1,tail,CANDIDATE,float,-,0.50009999999999999,10004,raw/p1/p1_tail_libstdcxx_CANDIDATE_k0.5001_s10004_float.bin,bin,9889,8,1,5,79208,8e8e6398d0403208b990a34eb68f77dad67cf297fa7dad0fa066944b50cadac1,./exp7_probe_libstdcxx.exe,62a584d372abbb1724b224dc18b88c277d6ee16b754484eecb896f7fbdabeca5,-Wall -Wextra -std=c++11 -O2 -ffp-contract=off -I src,gcc 15.2.0,libstdc++,arm64,libstdcxx,native,664d906899b1726ae6d0bd3856483c4590af875a9dfdc3fee14fdcb79dbc4e34,false
exp7-manifest-1,2026-09-25T05:26:47Z,p1,tail,LEGACY,float,-,0.50009999999999999,10005,raw/p1/p1_tail_libstdcxx_LEGACY_k0.5001_s10005_float.bin,bin,0,8,1,5,96,8fa3fb162f286a58ed07522b46f37a5ea18aa7af9fe7846d2ff7cb0da2c1f975,./exp7_probe_libstdcxx.exe,62a584d372abbb1724b224dc18b88c277d6ee16b754484eecb896f7fbdabeca5,-Wall -Wextra -std=c++11 -O2 -ffp-contract=off -I src,gcc 15.2.0,libstdc++,arm64,libstdcxx,native,664d906899b1726ae6d0bd3856483c4590af875a9dfdc3fee14fdcb79dbc4e34,false
exp7-manifest-1,2026-09-25T05:26:47Z,p1,tail,CANDIDATE,float,-,0.50009999999999999,10005,raw/p1/p1_tail_libstdcxx_CANDIDATE_k0.5001_s10005_float.bin,bin,9929,8,1,5,79528,9b2d6f9e7c7fc8459319e1ebdcfc33168590cebe71f293335e41c07daca3c96e,./exp7_probe_libstdcxx.exe,62a584d372abbb1724b224dc18b88c277d6ee16b754484eecb896f7fbdabeca5,-Wall -Wextra -std=c++11 -O2 -ffp-contract=off -I src,gcc 15.2.0,libstdc++,arm64,libstdcxx,native,664d906899b1726ae6d0bd3856483c4590af875a9dfdc3fee14fdcb79dbc4e34,false
exp7-manifest-1,2026-09-25T05:26:47Z,p1,tail,LEGACY,float,-,0.501,10001,raw/p1/p1_tail_libstdcxx_LEGACY_k0.501_s10001_float.bin,bin,0,8,1,5,96,96d38c0fd5f1de1b1f0b6e3f93f8100bc44814a91a9a7ea0b611d539077d5c77,./exp7_probe_libstdcxx.exe,62a584d372abbb1724b224dc18b88c277d6ee16b754484eecb896f7fbdabeca5,-Wall -Wextra -std=c++11 -O2 -ffp-contract=off -I src,gcc 15.2.0,libstdc++,arm64,libstdcxx,native,664d906899b1726ae6d0bd3856483c4590af875a9dfdc3fee14fdcb79dbc4e34,false
exp7-manifest-1,2026-09-25T05:26:47Z,p1,tail,CANDIDATE,float,-,0.501,10001,raw/p1/p1_tail_libstdcxx_CANDIDATE_k0.501_s10001_float.bin,bin,10085,8,1,5,80776,57d973f43e1fbd019211d8ca4f8b046aa53b6d2eafb8aa7b1317fa86910dfb99,./exp7_probe_libstdcxx.exe,62a584d372abbb1724b224dc18b88c277d6ee16b754484eecb896f7fbdabeca5,-Wall -Wextra -std=c++11 -O2 -ffp-contract=off -I src,gcc 15.2.0,libstdc++,arm64,libstdcxx,native,664d906899b1726ae6d0bd3856483c4590af875a9dfdc3fee14fdcb79dbc4e34,false
exp7-manifest-1,2026-09-25T05:26:47Z,p1,tail,LEGACY,float,-,0.501,10002,raw/p1/p1_tail_libstdcxx_LEGACY_k0.501_s10002_float.bin,bin,0,8,1,5,96,db86cbdc93a3f3be59e899026d2a0d0160c4d64946097c87e31f092d859c0ab3,./exp7_probe_libstdcxx.exe,62a584d372abbb1724b224dc18b88c277d6ee16b754484eecb896f7fbdabeca5,-Wall -Wextra -std=c++11 -O2 -ffp-contract=off -I src,gcc 15.2.0,libstdc++,arm64,libstdcxx,native,664d906899b1726ae6d0bd3856483c4590af875a9dfdc3fee14fdcb79dbc4e34,false
exp7-manifest-1,2026-09-25T05:26:47Z,p1,tail,CANDIDATE,float,-,0.501,10002,raw/p1/p1_tail_libstdcxx_CANDIDATE_k0.501_s10002_float.bin,bin,10059,8,1,5,80568,751d2f77793ed8f08141ff5de1962bdcbb6c29bdcdeeb152afdd765e34afbd5d,./exp7_probe_libstdcxx.exe,62a584d372abbb1724b224dc18b88c277d6ee16b754484eecb896f7fbdabeca5,-Wall -Wextra -std=c++11 -O2 -ffp-contract=off -I src,gcc 15.2.0,libstdc++,arm64,libstdcxx,native,664d906899b1726ae6d0bd3856483c4590af875a9dfdc3fee14fdcb79dbc4e34,false
exp7-manifest-1,2026-09-25T05:26:47Z,p1,tail,LEGACY,float,-,0.501,10003,raw/p1/p1_tail_libstdcxx_LEGACY_k0.501_s10003_float.bin,bin,0,8,1,5,96,a45d313775dfb6e677dd757c80c9a03c999901c806f49a59cd0d072fa18c607c,./exp7_probe_libstdcxx.exe,62a584d372abbb1724b224dc18b88c277d6ee16b754484eecb896f7fbdabeca5,-Wall -Wextra -std=c++11 -O2 -ffp-contract=off -I src,gcc 15.2.0,libstdc++,arm64,libstdcxx,native,664d906899b1726ae6d0bd3856483c4590af875a9dfdc3fee14fdcb79dbc4e34,false
exp7-manifest-1,2026-09-25T05:26:47Z,p1,tail,CANDIDATE,float,-,0.501,10003,raw/p1/p1_tail_libstdcxx_CANDIDATE_k0.501_s10003_float.bin,bin,9971,8,1,5,79864,bc3b31cd7070c8084d995dbb1014921fdf44d6f3da6df13c7a624887536e5952,./exp7_probe_libstdcxx.exe,62a584d372abbb1724b224dc18b88c277d6ee16b754484eecb896f7fbdabeca5,-Wall -Wextra -std=c++11 -O2 -ffp-contract=off -I src,gcc 15.2.0,libstdc++,arm64,libstdcxx,native,664d906899b1726ae6d0bd3856483c4590af875a9dfdc3fee14fdcb79dbc4e34,false
exp7-manifest-1,2026-09-25T05:26:47Z,p1,tail,LEGACY,float,-,0.501,10004,raw/p1/p1_tail_libstdcxx_LEGACY_k0.501_s10004_float.bin,bin,0,8,1,5,96,47e8eb8c08327282d35ab5f637b2f57987e2a85d699754af84fe42cd73ebd1ea,./exp7_probe_libstdcxx.exe,62a584d372abbb1724b224dc18b88c277d6ee16b754484eecb896f7fbdabeca5,-Wall -Wextra -std=c++11 -O2 -ffp-contract=off -I src,gcc 15.2.0,libstdc++,arm64,libstdcxx,native,664d906899b1726ae6d0bd3856483c4590af875a9dfdc3fee14fdcb79dbc4e34,false
exp7-manifest-1,2026-09-25T05:26:47Z,p1,tail,CANDIDATE,float,-,0.501,10004,raw/p1/p1_tail_libstdcxx_CANDIDATE_k0.501_s10004_float.bin,bin,9875,8,1,5,79096,5b23ebae8c423f62a5e190ab6431e3d3495e6c47187c4e871b66d46521b776fe,./exp7_probe_libstdcxx.exe,62a584d372abbb1724b224dc18b88c277d6ee16b754484eecb896f7fbdabeca5,-Wall -Wextra -std=c++11 -O2 -ffp-contract=off -I src,gcc 15.2.0,libstdc++,arm64,libstdcxx,native,664d906899b1726ae6d0bd3856483c4590af875a9dfdc3fee14fdcb79dbc4e34,false
exp7-manifest-1,2026-09-25T05:26:47Z,p1,tail,LEGACY,float,-,0.501,10005,raw/p1/p1_tail_libstdcxx_LEGACY_k0.501_s10005_float.bin,bin,0,8,1,5,96,41fdbf5e85372b0a0b067c697004e1f821af78e2b1fe82b4fdcffec1c380a6e5,./exp7_probe_libstdcxx.exe,62a584d372abbb1724b224dc18b88c277d6ee16b754484eecb896f7fbdabeca5,-Wall -Wextra -std=c++11 -O2 -ffp-contract=off -I src,gcc 15.2.0,libstdc++,arm64,libstdcxx,native,664d906899b1726ae6d0bd3856483c4590af875a9dfdc3fee14fdcb79dbc4e34,false
exp7-manifest-1,2026-09-25T05:26:47Z,p1,tail,CANDIDATE,float,-,0.501,10005,raw/p1/p1_tail_libstdcxx_CANDIDATE_k0.501_s10005_float.bin,bin,10023,8,1,5,80280,d4de41fe40bf65d6057a669a41c6f478b673ef7984d759813285fb83cbf04ad0,./exp7_probe_libstdcxx.exe,62a584d372abbb1724b224dc18b88c277d6ee16b754484eecb896f7fbdabeca5,-Wall -Wextra -std=c++11 -O2 -ffp-contract=off -I src,gcc 15.2.0,libstdc++,arm64,libstdcxx,native,664d906899b1726ae6d0bd3856483c4590af875a9dfdc3fee14fdcb79dbc4e34,false
exp7-manifest-1,2026-09-25T05:26:47Z,p1,tail,LEGACY,float,-,0.505,10001,raw/p1/p1_tail_libstdcxx_LEGACY_k0.505_s10001_float.bin,bin,0,8,1,5,96,9ed8b35c476e3c3378dda9dd485dba8e6fd810eec179d90d43cbfcc936ab8167,./exp7_probe_libstdcxx.exe,62a584d372abbb1724b224dc18b88c277d6ee16b754484eecb896f7fbdabeca5,-Wall -Wextra -std=c++11 -O2 -ffp-contract=off -I src,gcc 15.2.0,libstdc++,arm64,libstdcxx,native,664d906899b1726ae6d0bd3856483c4590af875a9dfdc3fee14fdcb79dbc4e34,false
exp7-manifest-1,2026-09-25T05:26:47Z,p1,tail,CANDIDATE,float,-,0.505,10001,raw/p1/p1_tail_libstdcxx_CANDIDATE_k0.505_s10001_float.bin,bin,9917,8,1,5,79432,47c9cb894e2c3d15c166644bdab87a2876509d5c69cf539c5734e40c9dab7e3e,./exp7_probe_libstdcxx.exe,62a584d372abbb1724b224dc18b88c277d6ee16b754484eecb896f7fbdabeca5,-Wall -Wextra -std=c++11 -O2 -ffp-contract=off -I src,gcc 15.2.0,libstdc++,arm64,libstdcxx,native,664d906899b1726ae6d0bd3856483c4590af875a9dfdc3fee14fdcb79dbc4e34,false
exp7-manifest-1,2026-09-25T05:26:47Z,p1,tail,LEGACY,float,-,0.505,10002,raw/p1/p1_tail_libstdcxx_LEGACY_k0.505_s10002_float.bin,bin,0,8,1,5,96,46a5902e882da8261b637a61e882a8acbd13fe2da7aa66189522c933148fb966,./exp7_probe_libstdcxx.exe,62a584d372abbb1724b224dc18b88c277d6ee16b754484eecb896f7fbdabeca5,-Wall -Wextra -std=c++11 -O2 -ffp-contract=off -I src,gcc 15.2.0,libstdc++,arm64,libstdcxx,native,664d906899b1726ae6d0bd3856483c4590af875a9dfdc3fee14fdcb79dbc4e34,false
exp7-manifest-1,2026-09-25T05:26:47Z,p1,tail,CANDIDATE,float,-,0.505,10002,raw/p1/p1_tail_libstdcxx_CANDIDATE_k0.505_s10002_float.bin,bin,10037,8,1,5,80392,6e6a827d5dfb4a4248cb839a9d01bcb1eccd161e3a2ea93652ef0df26bc0997e,./exp7_probe_libstdcxx.exe,62a584d372abbb1724b224dc18b88c277d6ee16b754484eecb896f7fbdabeca5,-Wall -Wextra -std=c++11 -O2 -ffp-contract=off -I src,gcc 15.2.0,libstdc++,arm64,libstdcxx,native,664d906899b1726ae6d0bd3856483c4590af875a9dfdc3fee14fdcb79dbc4e34,false
exp7-manifest-1,2026-09-25T05:26:47Z,p1,tail,LEGACY,float,-,0.505,10003,raw/p1/p1_tail_libstdcxx_LEGACY_k0.505_s10003_float.bin,bin,0,8,1,5,96,7931aa6cc53cf1fb99005bde410fba356647ea4ca64ea0fcfdaef7eb21238e08,./exp7_probe_libstdcxx.exe,62a584d372abbb1724b224dc18b88c277d6ee16b754484eecb896f7fbdabeca5,-Wall -Wextra -std=c++11 -O2 -ffp-contract=off -I src,gcc 15.2.0,libstdc++,arm64,libstdcxx,native,664d906899b1726ae6d0bd3856483c4590af875a9dfdc3fee14fdcb79dbc4e34,false
exp7-manifest-1,2026-09-25T05:26:47Z,p1,tail,CANDIDATE,float,-,0.505,10003,raw/p1/p1_tail_libstdcxx_CANDIDATE_k0.505_s10003_float.bin,bin,10133,8,1,5,81160,b4821fcf66ec81e46f07610afdecd18fd24409dff5af0bebeb4b433029ce7b80,./exp7_probe_libstdcxx.exe,62a584d372abbb1724b224dc18b88c277d6ee16b754484eecb896f7fbdabeca5,-Wall -Wextra -std=c++11 -O2 -ffp-contract=off -I src,gcc 15.2.0,libstdc++,arm64,libstdcxx,native,664d906899b1726ae6d0bd3856483c4590af875a9dfdc3fee14fdcb79dbc4e34,false
exp7-manifest-1,2026-09-25T05:26:47Z,p1,tail,LEGACY,float,-,0.505,10004,raw/p1/p1_tail_libstdcxx_LEGACY_k0.505_s10004_float.bin,bin,0,8,1,5,96,20ba70be1487476abb9811f973c0a12db24a06bb5ebe7f71a8c7d608663b5b19,./exp7_probe_libstdcxx.exe,62a584d372abbb1724b224dc18b88c277d6ee16b754484eecb896f7fbdabeca5,-Wall -Wextra -std=c++11 -O2 -ffp-contract=off -I src,gcc 15.2.0,libstdc++,arm64,libstdcxx,native,664d906899b1726ae6d0bd3856483c4590af875a9dfdc3fee14fdcb79dbc4e34,false
exp7-manifest-1,2026-09-25T05:26:47Z,p1,tail,CANDIDATE,float,-,0.505,10004,raw/p1/p1_tail_libstdcxx_CANDIDATE_k0.505_s10004_float.bin,bin,9961,8,1,5,79784,f708d694c791364f6906906f43ae06f888652f4296e80f21ee67b7497dd917eb,./exp7_probe_libstdcxx.exe,62a584d372abbb1724b224dc18b88c277d6ee16b754484eecb896f7fbdabeca5,-Wall -Wextra -std=c++11 -O2 -ffp-contract=off -I src,gcc 15.2.0,libstdc++,arm64,libstdcxx,native,664d906899b1726ae6d0bd3856483c4590af875a9dfdc3fee14fdcb79dbc4e34,false
exp7-manifest-1,2026-09-25T05:26:47Z,p1,tail,LEGACY,float,-,0.505,10005,raw/p1/p1_tail_libstdcxx_LEGACY_k0.505_s10005_float.bin,bin,0,8,1,5,96,44860af68ac376d2111cb0d4c371fcc89c9934adfa095e038b133532930eb0bb,./exp7_probe_libstdcxx.exe,62a584d372abbb1724b224dc18b88c277d6ee16b754484eecb896f7fbdabeca5,-Wall -Wextra -std=c++11 -O2 -ffp-contract=off -I src,gcc 15.2.0,libstdc++,arm64,libstdcxx,native,664d906899b1726ae6d0bd3856483c4590af875a9dfdc3fee14fdcb79dbc4e34,false
exp7-manifest-1,2026-09-25T05:26:47Z,p1,tail,CANDIDATE,float,-,0.505,10005,raw/p1/p1_tail_libstdcxx_CANDIDATE_k0.505_s10005_float.bin,bin,10118,8,1,5,81040,debb8058d92a9d9c8e1d35737b9262ccc9f371ba440cdc6b71c7650c62810b07,./exp7_probe_libstdcxx.exe,62a584d372abbb1724b224dc18b88c277d6ee16b754484eecb896f7fbdabeca5,-Wall -Wextra -std=c++11 -O2 -ffp-contract=off -I src,gcc 15.2.0,libstdc++,arm64,libstdcxx,native,664d906899b1726ae6d0bd3856483c4590af875a9dfdc3fee14fdcb79dbc4e34,false
exp7-manifest-1,2026-09-25T05:26:47Z,p1,tail,LEGACY,float,-,0.51000000000000001,10001,raw/p1/p1_tail_libstdcxx_LEGACY_k0.51_s10001_float.bin,bin,0,8,1,5,96,0b060e28a766b3a5bcc7e8fa63653e83bd7f98a82d18eaf3fa12842db27a1613,./exp7_probe_libstdcxx.exe,62a584d372abbb1724b224dc18b88c277d6ee16b754484eecb896f7fbdabeca5,-Wall -Wextra -std=c++11 -O2 -ffp-contract=off -I src,gcc 15.2.0,libstdc++,arm64,libstdcxx,native,664d906899b1726ae6d0bd3856483c4590af875a9dfdc3fee14fdcb79dbc4e34,false
exp7-manifest-1,2026-09-25T05:26:47Z,p1,tail,CANDIDATE,float,-,0.51000000000000001,10001,raw/p1/p1_tail_libstdcxx_CANDIDATE_k0.51_s10001_float.bin,bin,10098,8,1,5,80880,68b615ca47db84d349525d83873acd3ceef4d3bb70d148b14af6846d6430de59,./exp7_probe_libstdcxx.exe,62a584d372abbb1724b224dc18b88c277d6ee16b754484eecb896f7fbdabeca5,-Wall -Wextra -std=c++11 -O2 -ffp-contract=off -I src,gcc 15.2.0,libstdc++,arm64,libstdcxx,native,664d906899b1726ae6d0bd3856483c4590af875a9dfdc3fee14fdcb79dbc4e34,false
exp7-manifest-1,2026-09-25T05:26:47Z,p1,tail,LEGACY,float,-,0.51000000000000001,10002,raw/p1/p1_tail_libstdcxx_LEGACY_k0.51_s10002_float.bin,bin,0,8,1,5,96,4279733fe67c51840460b13753c6b730caf97c673832f7ebe2cbebc7372e6164,./exp7_probe_libstdcxx.exe,62a584d372abbb1724b224dc18b88c277d6ee16b754484eecb896f7fbdabeca5,-Wall -Wextra -std=c++11 -O2 -ffp-contract=off -I src,gcc 15.2.0,libstdc++,arm64,libstdcxx,native,664d906899b1726ae6d0bd3856483c4590af875a9dfdc3fee14fdcb79dbc4e34,false
exp7-manifest-1,2026-09-25T05:26:47Z,p1,tail,CANDIDATE,float,-,0.51000000000000001,10002,raw/p1/p1_tail_libstdcxx_CANDIDATE_k0.51_s10002_float.bin,bin,10095,8,1,5,80856,fb2a342c46df956a6247e36d836884b25738ead4cfe8df4a2f3e340062e37f1e,./exp7_probe_libstdcxx.exe,62a584d372abbb1724b224dc18b88c277d6ee16b754484eecb896f7fbdabeca5,-Wall -Wextra -std=c++11 -O2 -ffp-contract=off -I src,gcc 15.2.0,libstdc++,arm64,libstdcxx,native,664d906899b1726ae6d0bd3856483c4590af875a9dfdc3fee14fdcb79dbc4e34,false
exp7-manifest-1,2026-09-25T05:26:47Z,p1,tail,LEGACY,float,-,0.51000000000000001,10003,raw/p1/p1_tail_libstdcxx_LEGACY_k0.51_s10003_float.bin,bin,0,8,1,5,96,9ffbc11ff9f75fb8586fe62d42dd4016881209da8cf53d7f34fdb508df866011,./exp7_probe_libstdcxx.exe,62a584d372abbb1724b224dc18b88c277d6ee16b754484eecb896f7fbdabeca5,-Wall -Wextra -std=c++11 -O2 -ffp-contract=off -I src,gcc 15.2.0,libstdc++,arm64,libstdcxx,native,664d906899b1726ae6d0bd3856483c4590af875a9dfdc3fee14fdcb79dbc4e34,false
exp7-manifest-1,2026-09-25T05:26:47Z,p1,tail,CANDIDATE,float,-,0.51000000000000001,10003,raw/p1/p1_tail_libstdcxx_CANDIDATE_k0.51_s10003_float.bin,bin,9924,8,1,5,79488,5a17d843ea4c3a5a183eb11c533e1f4a114ddbbddca666b904908c048ce90183,./exp7_probe_libstdcxx.exe,62a584d372abbb1724b224dc18b88c277d6ee16b754484eecb896f7fbdabeca5,-Wall -Wextra -std=c++11 -O2 -ffp-contract=off -I src,gcc 15.2.0,libstdc++,arm64,libstdcxx,native,664d906899b1726ae6d0bd3856483c4590af875a9dfdc3fee14fdcb79dbc4e34,false
exp7-manifest-1,2026-09-25T05:26:47Z,p1,tail,LEGACY,float,-,0.51000000000000001,10004,raw/p1/p1_tail_libstdcxx_LEGACY_k0.51_s10004_float.bin,bin,0,8,1,5,96,8be1124e913755d410f3e56858594267cf551349e3e09dbcb0aedbc926489c9b,./exp7_probe_libstdcxx.exe,62a584d372abbb1724b224dc18b88c277d6ee16b754484eecb896f7fbdabeca5,-Wall -Wextra -std=c++11 -O2 -ffp-contract=off -I src,gcc 15.2.0,libstdc++,arm64,libstdcxx,native,664d906899b1726ae6d0bd3856483c4590af875a9dfdc3fee14fdcb79dbc4e34,false
exp7-manifest-1,2026-09-25T05:26:47Z,p1,tail,CANDIDATE,float,-,0.51000000000000001,10004,raw/p1/p1_tail_libstdcxx_CANDIDATE_k0.51_s10004_float.bin,bin,10065,8,1,5,80616,18205f9223ebdcf013fc96bd5728220c7cd0d3b3a7d75720035c476140821725,./exp7_probe_libstdcxx.exe,62a584d372abbb1724b224dc18b88c277d6ee16b754484eecb896f7fbdabeca5,-Wall -Wextra -std=c++11 -O2 -ffp-contract=off -I src,gcc 15.2.0,libstdc++,arm64,libstdcxx,native,664d906899b1726ae6d0bd3856483c4590af875a9dfdc3fee14fdcb79dbc4e34,false
exp7-manifest-1,2026-09-25T05:26:47Z,p1,tail,LEGACY,float,-,0.51000000000000001,10005,raw/p1/p1_tail_libstdcxx_LEGACY_k0.51_s10005_float.bin,bin,0,8,1,5,96,d90c6a126c6b5ed6ce44cac0aa3c30577ea96704cab075de07c03406670474a5,./exp7_probe_libstdcxx.exe,62a584d372abbb1724b224dc18b88c277d6ee16b754484eecb896f7fbdabeca5,-Wall -Wextra -std=c++11 -O2 -ffp-contract=off -I src,gcc 15.2.0,libstdc++,arm64,libstdcxx,native,664d906899b1726ae6d0bd3856483c4590af875a9dfdc3fee14fdcb79dbc4e34,false
exp7-manifest-1,2026-09-25T05:26:47Z,p1,tail,CANDIDATE,float,-,0.51000000000000001,10005,raw/p1/p1_tail_libstdcxx_CANDIDATE_k0.51_s10005_float.bin,bin,10064,8,1,5,80608,8923f8ea379987adb8bf4e4a6798b4180553d9a67870981aa1b4a39f9b9cd115,./exp7_probe_libstdcxx.exe,62a584d372abbb1724b224dc18b88c277d6ee16b754484eecb896f7fbdabeca5,-Wall -Wextra -std=c++11 -O2 -ffp-contract=off -I src,gcc 15.2.0,libstdc++,arm64,libstdcxx,native,664d906899b1726ae6d0bd3856483c4590af875a9dfdc3fee14fdcb79dbc4e34,false
exp7-manifest-1,2026-09-25T05:26:47Z,p1,tail,LEGACY,float,-,0.55000000000000004,10001,raw/p1/p1_tail_libstdcxx_LEGACY_k0.55_s10001_float.bin,bin,4293,8,1,5,34440,37b690a0d9d09df5724dbfe1cd73ce91573feafedd92fcbc6d8fa154dcd290bc,./exp7_probe_libstdcxx.exe,62a584d372abbb1724b224dc18b88c277d6ee16b754484eecb896f7fbdabeca5,-Wall -Wextra -std=c++11 -O2 -ffp-contract=off -I src,gcc 15.2.0,libstdc++,arm64,libstdcxx,native,664d906899b1726ae6d0bd3856483c4590af875a9dfdc3fee14fdcb79dbc4e34,false
exp7-manifest-1,2026-09-25T05:26:47Z,p1,tail,CANDIDATE,float,-,0.55000000000000004,10001,raw/p1/p1_tail_libstdcxx_CANDIDATE_k0.55_s10001_float.bin,bin,9998,8,1,5,80080,d92a733608d1ccdb9b25f919428acc1126420104ee9a67fea41b68394dca0d19,./exp7_probe_libstdcxx.exe,62a584d372abbb1724b224dc18b88c277d6ee16b754484eecb896f7fbdabeca5,-Wall -Wextra -std=c++11 -O2 -ffp-contract=off -I src,gcc 15.2.0,libstdc++,arm64,libstdcxx,native,664d906899b1726ae6d0bd3856483c4590af875a9dfdc3fee14fdcb79dbc4e34,false
exp7-manifest-1,2026-09-25T05:26:47Z,p1,tail,LEGACY,float,-,0.55000000000000004,10002,raw/p1/p1_tail_libstdcxx_LEGACY_k0.55_s10002_float.bin,bin,4306,8,1,5,34544,f842e1954663e38780d8877b8ace33611e36c89e84f97f27bd078d0df0c84167,./exp7_probe_libstdcxx.exe,62a584d372abbb1724b224dc18b88c277d6ee16b754484eecb896f7fbdabeca5,-Wall -Wextra -std=c++11 -O2 -ffp-contract=off -I src,gcc 15.2.0,libstdc++,arm64,libstdcxx,native,664d906899b1726ae6d0bd3856483c4590af875a9dfdc3fee14fdcb79dbc4e34,false
exp7-manifest-1,2026-09-25T05:26:47Z,p1,tail,CANDIDATE,float,-,0.55000000000000004,10002,raw/p1/p1_tail_libstdcxx_CANDIDATE_k0.55_s10002_float.bin,bin,9873,8,1,5,79080,dc50ee376ee4e45a5157e365f7d42de7034c52c85864d9edb59c9fb4fbea45c5,./exp7_probe_libstdcxx.exe,62a584d372abbb1724b224dc18b88c277d6ee16b754484eecb896f7fbdabeca5,-Wall -Wextra -std=c++11 -O2 -ffp-contract=off -I src,gcc 15.2.0,libstdc++,arm64,libstdcxx,native,664d906899b1726ae6d0bd3856483c4590af875a9dfdc3fee14fdcb79dbc4e34,false
exp7-manifest-1,2026-09-25T05:26:47Z,p1,tail,LEGACY,float,-,0.55000000000000004,10003,raw/p1/p1_tail_libstdcxx_LEGACY_k0.55_s10003_float.bin,bin,4380,8,1,5,35136,bb533b0a665d150cecdeccd6c7e9c14a4e2c5e69dbbb7b9fd5299b573ce7eb8d,./exp7_probe_libstdcxx.exe,62a584d372abbb1724b224dc18b88c277d6ee16b754484eecb896f7fbdabeca5,-Wall -Wextra -std=c++11 -O2 -ffp-contract=off -I src,gcc 15.2.0,libstdc++,arm64,libstdcxx,native,664d906899b1726ae6d0bd3856483c4590af875a9dfdc3fee14fdcb79dbc4e34,false
exp7-manifest-1,2026-09-25T05:26:47Z,p1,tail,CANDIDATE,float,-,0.55000000000000004,10003,raw/p1/p1_tail_libstdcxx_CANDIDATE_k0.55_s10003_float.bin,bin,9920,8,1,5,79456,d46c890f004724f30855f6178f6c290f23f0ad47e67514f89bcf2e17c85dfd2e,./exp7_probe_libstdcxx.exe,62a584d372abbb1724b224dc18b88c277d6ee16b754484eecb896f7fbdabeca5,-Wall -Wextra -std=c++11 -O2 -ffp-contract=off -I src,gcc 15.2.0,libstdc++,arm64,libstdcxx,native,664d906899b1726ae6d0bd3856483c4590af875a9dfdc3fee14fdcb79dbc4e34,false
exp7-manifest-1,2026-09-25T05:26:47Z,p1,tail,LEGACY,float,-,0.55000000000000004,10004,raw/p1/p1_tail_libstdcxx_LEGACY_k0.55_s10004_float.bin,bin,4241,8,1,5,34024,731d065b9dd76716c3f53712a90611c929ca0dc6e1c1d88f1dd376041e871527,./exp7_probe_libstdcxx.exe,62a584d372abbb1724b224dc18b88c277d6ee16b754484eecb896f7fbdabeca5,-Wall -Wextra -std=c++11 -O2 -ffp-contract=off -I src,gcc 15.2.0,libstdc++,arm64,libstdcxx,native,664d906899b1726ae6d0bd3856483c4590af875a9dfdc3fee14fdcb79dbc4e34,false
exp7-manifest-1,2026-09-25T05:26:47Z,p1,tail,CANDIDATE,float,-,0.55000000000000004,10004,raw/p1/p1_tail_libstdcxx_CANDIDATE_k0.55_s10004_float.bin,bin,9982,8,1,5,79952,5d93639b5a0f8e906847f795f452e74b411b4c512408f35b2dd288850fa929ea,./exp7_probe_libstdcxx.exe,62a584d372abbb1724b224dc18b88c277d6ee16b754484eecb896f7fbdabeca5,-Wall -Wextra -std=c++11 -O2 -ffp-contract=off -I src,gcc 15.2.0,libstdc++,arm64,libstdcxx,native,664d906899b1726ae6d0bd3856483c4590af875a9dfdc3fee14fdcb79dbc4e34,false
exp7-manifest-1,2026-09-25T05:26:47Z,p1,tail,LEGACY,float,-,0.55000000000000004,10005,raw/p1/p1_tail_libstdcxx_LEGACY_k0.55_s10005_float.bin,bin,4356,8,1,5,34944,cb4ce6ae9478a4f23f5be003a88dfc01eb39b5386c7e2e81d73fe8a610aef064,./exp7_probe_libstdcxx.exe,62a584d372abbb1724b224dc18b88c277d6ee16b754484eecb896f7fbdabeca5,-Wall -Wextra -std=c++11 -O2 -ffp-contract=off -I src,gcc 15.2.0,libstdc++,arm64,libstdcxx,native,664d906899b1726ae6d0bd3856483c4590af875a9dfdc3fee14fdcb79dbc4e34,false
exp7-manifest-1,2026-09-25T05:26:47Z,p1,tail,CANDIDATE,float,-,0.55000000000000004,10005,raw/p1/p1_tail_libstdcxx_CANDIDATE_k0.55_s10005_float.bin,bin,10195,8,1,5,81656,ec950c3948d5776ba817d79d2f1a73d69d39a99513c9bc624c97b32d89e60f60,./exp7_probe_libstdcxx.exe,62a584d372abbb1724b224dc18b88c277d6ee16b754484eecb896f7fbdabeca5,-Wall -Wextra -std=c++11 -O2 -ffp-contract=off -I src,gcc 15.2.0,libstdc++,arm64,libstdcxx,native,664d906899b1726ae6d0bd3856483c4590af875a9dfdc3fee14fdcb79dbc4e34,false
exp7-manifest-1,2026-09-25T05:26:47Z,p1,tail,LEGACY,float,-,0.59999999999999998,10001,raw/p1/p1_tail_libstdcxx_LEGACY_k0.6_s10001_float.bin,bin,10073,8,1,5,80680,806fdfcd5cc18268047bcad87849ef26b2b8b64e50a939451015f3c355a7a1aa,./exp7_probe_libstdcxx.exe,62a584d372abbb1724b224dc18b88c277d6ee16b754484eecb896f7fbdabeca5,-Wall -Wextra -std=c++11 -O2 -ffp-contract=off -I src,gcc 15.2.0,libstdc++,arm64,libstdcxx,native,664d906899b1726ae6d0bd3856483c4590af875a9dfdc3fee14fdcb79dbc4e34,false
exp7-manifest-1,2026-09-25T05:26:47Z,p1,tail,CANDIDATE,float,-,0.59999999999999998,10001,raw/p1/p1_tail_libstdcxx_CANDIDATE_k0.6_s10001_float.bin,bin,10016,8,1,5,80224,5dac6107b85d3f86fa64297c010de05363847ca60d1963b576ba668bbf985d31,./exp7_probe_libstdcxx.exe,62a584d372abbb1724b224dc18b88c277d6ee16b754484eecb896f7fbdabeca5,-Wall -Wextra -std=c++11 -O2 -ffp-contract=off -I src,gcc 15.2.0,libstdc++,arm64,libstdcxx,native,664d906899b1726ae6d0bd3856483c4590af875a9dfdc3fee14fdcb79dbc4e34,false
exp7-manifest-1,2026-09-25T05:26:47Z,p1,tail,LEGACY,float,-,0.59999999999999998,10002,raw/p1/p1_tail_libstdcxx_LEGACY_k0.6_s10002_float.bin,bin,9875,8,1,5,79096,e3fe4726bb00448b6142175db5eb354d4e01ae771bff86d9f81e2ba82ea14b1a,./exp7_probe_libstdcxx.exe,62a584d372abbb1724b224dc18b88c277d6ee16b754484eecb896f7fbdabeca5,-Wall -Wextra -std=c++11 -O2 -ffp-contract=off -I src,gcc 15.2.0,libstdc++,arm64,libstdcxx,native,664d906899b1726ae6d0bd3856483c4590af875a9dfdc3fee14fdcb79dbc4e34,false
exp7-manifest-1,2026-09-25T05:26:47Z,p1,tail,CANDIDATE,float,-,0.59999999999999998,10002,raw/p1/p1_tail_libstdcxx_CANDIDATE_k0.6_s10002_float.bin,bin,10103,8,1,5,80920,3e1a46a7137e3fdf24feec1a057b962f06c1edc4a0e0dbe325c22a8a1fc2bf1d,./exp7_probe_libstdcxx.exe,62a584d372abbb1724b224dc18b88c277d6ee16b754484eecb896f7fbdabeca5,-Wall -Wextra -std=c++11 -O2 -ffp-contract=off -I src,gcc 15.2.0,libstdc++,arm64,libstdcxx,native,664d906899b1726ae6d0bd3856483c4590af875a9dfdc3fee14fdcb79dbc4e34,false
exp7-manifest-1,2026-09-25T05:26:47Z,p1,tail,LEGACY,float,-,0.59999999999999998,10003,raw/p1/p1_tail_libstdcxx_LEGACY_k0.6_s10003_float.bin,bin,9824,8,1,5,78688,225add2dabd5e7e133444279b98bf1786b4069e03913e0d7b72b3426d965358f,./exp7_probe_libstdcxx.exe,62a584d372abbb1724b224dc18b88c277d6ee16b754484eecb896f7fbdabeca5,-Wall -Wextra -std=c++11 -O2 -ffp-contract=off -I src,gcc 15.2.0,libstdc++,arm64,libstdcxx,native,664d906899b1726ae6d0bd3856483c4590af875a9dfdc3fee14fdcb79dbc4e34,false
exp7-manifest-1,2026-09-25T05:26:47Z,p1,tail,CANDIDATE,float,-,0.59999999999999998,10003,raw/p1/p1_tail_libstdcxx_CANDIDATE_k0.6_s10003_float.bin,bin,9906,8,1,5,79344,bf0f72974e842c28508d0bf2673769d5b30b2107b47768a5b6b4e02bd30f8f7c,./exp7_probe_libstdcxx.exe,62a584d372abbb1724b224dc18b88c277d6ee16b754484eecb896f7fbdabeca5,-Wall -Wextra -std=c++11 -O2 -ffp-contract=off -I src,gcc 15.2.0,libstdc++,arm64,libstdcxx,native,664d906899b1726ae6d0bd3856483c4590af875a9dfdc3fee14fdcb79dbc4e34,false
exp7-manifest-1,2026-09-25T05:26:47Z,p1,tail,LEGACY,float,-,0.59999999999999998,10004,raw/p1/p1_tail_libstdcxx_LEGACY_k0.6_s10004_float.bin,bin,10092,8,1,5,80832,48868e114b509c90203a929f884a65b0e90104e61d93d913e2ea536f6e11d284,./exp7_probe_libstdcxx.exe,62a584d372abbb1724b224dc18b88c277d6ee16b754484eecb896f7fbdabeca5,-Wall -Wextra -std=c++11 -O2 -ffp-contract=off -I src,gcc 15.2.0,libstdc++,arm64,libstdcxx,native,664d906899b1726ae6d0bd3856483c4590af875a9dfdc3fee14fdcb79dbc4e34,false
exp7-manifest-1,2026-09-25T05:26:47Z,p1,tail,CANDIDATE,float,-,0.59999999999999998,10004,raw/p1/p1_tail_libstdcxx_CANDIDATE_k0.6_s10004_float.bin,bin,9942,8,1,5,79632,90194b7ba63a0b3eb922737bf8c558f1b6754e5c2a37d1f42583437c23fd0d12,./exp7_probe_libstdcxx.exe,62a584d372abbb1724b224dc18b88c277d6ee16b754484eecb896f7fbdabeca5,-Wall -Wextra -std=c++11 -O2 -ffp-contract=off -I src,gcc 15.2.0,libstdc++,arm64,libstdcxx,native,664d906899b1726ae6d0bd3856483c4590af875a9dfdc3fee14fdcb79dbc4e34,false
exp7-manifest-1,2026-09-25T05:26:47Z,p1,tail,LEGACY,float,-,0.59999999999999998,10005,raw/p1/p1_tail_libstdcxx_LEGACY_k0.6_s10005_float.bin,bin,10105,8,1,5,80936,42ffed584af1eddb68f1f45d2ebd992c1fc733bef538ed5085fcddcdb5770cba,./exp7_probe_libstdcxx.exe,62a584d372abbb1724b224dc18b88c277d6ee16b754484eecb896f7fbdabeca5,-Wall -Wextra -std=c++11 -O2 -ffp-contract=off -I src,gcc 15.2.0,libstdc++,arm64,libstdcxx,native,664d906899b1726ae6d0bd3856483c4590af875a9dfdc3fee14fdcb79dbc4e34,false
exp7-manifest-1,2026-09-25T05:26:47Z,p1,tail,CANDIDATE,float,-,0.59999999999999998,10005,raw/p1/p1_tail_libstdcxx_CANDIDATE_k0.6_s10005_float.bin,bin,9874,8,1,5,79088,5374eba6263f57dd6cfe183df5fdc915a8ad8b4af32b9fa744577bc71a82621d,./exp7_probe_libstdcxx.exe,62a584d372abbb1724b224dc18b88c277d6ee16b754484eecb896f7fbdabeca5,-Wall -Wextra -std=c++11 -O2 -ffp-contract=off -I src,gcc 15.2.0,libstdc++,arm64,libstdcxx,native,664d906899b1726ae6d0bd3856483c4590af875a9dfdc3fee14fdcb79dbc4e34,false
exp7-manifest-1,2026-09-25T05:26:47Z,p1,tail,LEGACY,float,-,0.75,10001,raw/p1/p1_tail_libstdcxx_LEGACY_k0.75_s10001_float.bin,bin,10116,8,1,5,81024,651b9995e173509c17cd8d6df0c5f7378929e735b35b58afb1b7d5d195e4b489,./exp7_probe_libstdcxx.exe,62a584d372abbb1724b224dc18b88c277d6ee16b754484eecb896f7fbdabeca5,-Wall -Wextra -std=c++11 -O2 -ffp-contract=off -I src,gcc 15.2.0,libstdc++,arm64,libstdcxx,native,664d906899b1726ae6d0bd3856483c4590af875a9dfdc3fee14fdcb79dbc4e34,false
exp7-manifest-1,2026-09-25T05:26:47Z,p1,tail,CANDIDATE,float,-,0.75,10001,raw/p1/p1_tail_libstdcxx_CANDIDATE_k0.75_s10001_float.bin,bin,10138,8,1,5,81200,6efee8571d32f4c388f8862c5986346d8bc189b161c98b1791fad6251af51299,./exp7_probe_libstdcxx.exe,62a584d372abbb1724b224dc18b88c277d6ee16b754484eecb896f7fbdabeca5,-Wall -Wextra -std=c++11 -O2 -ffp-contract=off -I src,gcc 15.2.0,libstdc++,arm64,libstdcxx,native,664d906899b1726ae6d0bd3856483c4590af875a9dfdc3fee14fdcb79dbc4e34,false
exp7-manifest-1,2026-09-25T05:26:47Z,p1,tail,LEGACY,float,-,0.75,10002,raw/p1/p1_tail_libstdcxx_LEGACY_k0.75_s10002_float.bin,bin,10007,8,1,5,80152,db910c9635103e94fdb625dd3437bb9b87f8c1736928866ee1c02a0fc9c56d02,./exp7_probe_libstdcxx.exe,62a584d372abbb1724b224dc18b88c277d6ee16b754484eecb896f7fbdabeca5,-Wall -Wextra -std=c++11 -O2 -ffp-contract=off -I src,gcc 15.2.0,libstdc++,arm64,libstdcxx,native,664d906899b1726ae6d0bd3856483c4590af875a9dfdc3fee14fdcb79dbc4e34,false
exp7-manifest-1,2026-09-25T05:26:47Z,p1,tail,CANDIDATE,float,-,0.75,10002,raw/p1/p1_tail_libstdcxx_CANDIDATE_k0.75_s10002_float.bin,bin,10005,8,1,5,80136,1d0162057a99eeb868e15957b49d0b345686d4e50b8f3e8b6e0b0f5557037bfb,./exp7_probe_libstdcxx.exe,62a584d372abbb1724b224dc18b88c277d6ee16b754484eecb896f7fbdabeca5,-Wall -Wextra -std=c++11 -O2 -ffp-contract=off -I src,gcc 15.2.0,libstdc++,arm64,libstdcxx,native,664d906899b1726ae6d0bd3856483c4590af875a9dfdc3fee14fdcb79dbc4e34,false
exp7-manifest-1,2026-09-25T05:26:47Z,p1,tail,LEGACY,float,-,0.75,10003,raw/p1/p1_tail_libstdcxx_LEGACY_k0.75_s10003_float.bin,bin,9924,8,1,5,79488,96e4974d96f0d5b42553375af88d323cd6c496aa2c1f422e9f12dfaa3b027170,./exp7_probe_libstdcxx.exe,62a584d372abbb1724b224dc18b88c277d6ee16b754484eecb896f7fbdabeca5,-Wall -Wextra -std=c++11 -O2 -ffp-contract=off -I src,gcc 15.2.0,libstdc++,arm64,libstdcxx,native,664d906899b1726ae6d0bd3856483c4590af875a9dfdc3fee14fdcb79dbc4e34,false
exp7-manifest-1,2026-09-25T05:26:47Z,p1,tail,CANDIDATE,float,-,0.75,10003,raw/p1/p1_tail_libstdcxx_CANDIDATE_k0.75_s10003_float.bin,bin,10010,8,1,5,80176,faf87e675ee1fa64b9de3663e6ed1415fcf92b4e931cea724f8f833b8a998bfb,./exp7_probe_libstdcxx.exe,62a584d372abbb1724b224dc18b88c277d6ee16b754484eecb896f7fbdabeca5,-Wall -Wextra -std=c++11 -O2 -ffp-contract=off -I src,gcc 15.2.0,libstdc++,arm64,libstdcxx,native,664d906899b1726ae6d0bd3856483c4590af875a9dfdc3fee14fdcb79dbc4e34,false
exp7-manifest-1,2026-09-25T05:26:47Z,p1,tail,LEGACY,float,-,0.75,10004,raw/p1/p1_tail_libstdcxx_LEGACY_k0.75_s10004_float.bin,bin,9977,8,1,5,79912,5970b0ec37929e1d25d8e03cd7746fcc5a71650e3e19eaefa0ed0dd57b7dc7a6,./exp7_probe_libstdcxx.exe,62a584d372abbb1724b224dc18b88c277d6ee16b754484eecb896f7fbdabeca5,-Wall -Wextra -std=c++11 -O2 -ffp-contract=off -I src,gcc 15.2.0,libstdc++,arm64,libstdcxx,native,664d906899b1726ae6d0bd3856483c4590af875a9dfdc3fee14fdcb79dbc4e34,false
exp7-manifest-1,2026-09-25T05:26:47Z,p1,tail,CANDIDATE,float,-,0.75,10004,raw/p1/p1_tail_libstdcxx_CANDIDATE_k0.75_s10004_float.bin,bin,10142,8,1,5,81232,ad84292402e317a33f8323aca9b213211256f8fe24cd676aeeab174951e04f05,./exp7_probe_libstdcxx.exe,62a584d372abbb1724b224dc18b88c277d6ee16b754484eecb896f7fbdabeca5,-Wall -Wextra -std=c++11 -O2 -ffp-contract=off -I src,gcc 15.2.0,libstdc++,arm64,libstdcxx,native,664d906899b1726ae6d0bd3856483c4590af875a9dfdc3fee14fdcb79dbc4e34,false
exp7-manifest-1,2026-09-25T05:26:47Z,p1,tail,LEGACY,float,-,0.75,10005,raw/p1/p1_tail_libstdcxx_LEGACY_k0.75_s10005_float.bin,bin,10232,8,1,5,81952,0fc3c525baa870bb5c738998f70761862d4d7f67a205b7b7676ead4065f25c59,./exp7_probe_libstdcxx.exe,62a584d372abbb1724b224dc18b88c277d6ee16b754484eecb896f7fbdabeca5,-Wall -Wextra -std=c++11 -O2 -ffp-contract=off -I src,gcc 15.2.0,libstdc++,arm64,libstdcxx,native,664d906899b1726ae6d0bd3856483c4590af875a9dfdc3fee14fdcb79dbc4e34,false
exp7-manifest-1,2026-09-25T05:26:47Z,p1,tail,CANDIDATE,float,-,0.75,10005,raw/p1/p1_tail_libstdcxx_CANDIDATE_k0.75_s10005_float.bin,bin,9926,8,1,5,79504,75b79dc8dafb3754e8726395d5319697790bb1e9e8ccadd23f24ffbaf1481797,./exp7_probe_libstdcxx.exe,62a584d372abbb1724b224dc18b88c277d6ee16b754484eecb896f7fbdabeca5,-Wall -Wextra -std=c++11 -O2 -ffp-contract=off -I src,gcc 15.2.0,libstdc++,arm64,libstdcxx,native,664d906899b1726ae6d0bd3856483c4590af875a9dfdc3fee14fdcb79dbc4e34,false
exp7-manifest-1,2026-09-25T05:26:47Z,p1,tail,LEGACY,float,-,1,10001,raw/p1/p1_tail_libstdcxx_LEGACY_k1_s10001_float.bin,bin,10108,8,1,5,80960,4341882dfac95f4b9cab1ac5e64ac9e9524eff4c40f78698d01b43335abbfa15,./exp7_probe_libstdcxx.exe,62a584d372abbb1724b224dc18b88c277d6ee16b754484eecb896f7fbdabeca5,-Wall -Wextra -std=c++11 -O2 -ffp-contract=off -I src,gcc 15.2.0,libstdc++,arm64,libstdcxx,native,664d906899b1726ae6d0bd3856483c4590af875a9dfdc3fee14fdcb79dbc4e34,false
exp7-manifest-1,2026-09-25T05:26:47Z,p1,tail,CANDIDATE,float,-,1,10001,raw/p1/p1_tail_libstdcxx_CANDIDATE_k1_s10001_float.bin,bin,10011,8,1,5,80184,0f4c9328ad8e835a1795546f70c7c7c49ddbb66a5aaacc1d0e76f511cc18125a,./exp7_probe_libstdcxx.exe,62a584d372abbb1724b224dc18b88c277d6ee16b754484eecb896f7fbdabeca5,-Wall -Wextra -std=c++11 -O2 -ffp-contract=off -I src,gcc 15.2.0,libstdc++,arm64,libstdcxx,native,664d906899b1726ae6d0bd3856483c4590af875a9dfdc3fee14fdcb79dbc4e34,false
exp7-manifest-1,2026-09-25T05:26:47Z,p1,tail,LEGACY,float,-,1,10002,raw/p1/p1_tail_libstdcxx_LEGACY_k1_s10002_float.bin,bin,9788,8,1,5,78400,2cc2bdfd74aefce8d5c435545b6c5d862915313594c75e95aa9322357b989e0d,./exp7_probe_libstdcxx.exe,62a584d372abbb1724b224dc18b88c277d6ee16b754484eecb896f7fbdabeca5,-Wall -Wextra -std=c++11 -O2 -ffp-contract=off -I src,gcc 15.2.0,libstdc++,arm64,libstdcxx,native,664d906899b1726ae6d0bd3856483c4590af875a9dfdc3fee14fdcb79dbc4e34,false
exp7-manifest-1,2026-09-25T05:26:47Z,p1,tail,CANDIDATE,float,-,1,10002,raw/p1/p1_tail_libstdcxx_CANDIDATE_k1_s10002_float.bin,bin,10064,8,1,5,80608,834c0fdc182379dacd6a4fb1b62864502df24c13c7a4b689c2a617f921885d79,./exp7_probe_libstdcxx.exe,62a584d372abbb1724b224dc18b88c277d6ee16b754484eecb896f7fbdabeca5,-Wall -Wextra -std=c++11 -O2 -ffp-contract=off -I src,gcc 15.2.0,libstdc++,arm64,libstdcxx,native,664d906899b1726ae6d0bd3856483c4590af875a9dfdc3fee14fdcb79dbc4e34,false
exp7-manifest-1,2026-09-25T05:26:47Z,p1,tail,LEGACY,float,-,1,10003,raw/p1/p1_tail_libstdcxx_LEGACY_k1_s10003_float.bin,bin,9902,8,1,5,79312,68076921ec9a70cee317143beb6646bb3fcaf2ab14be18f65e9c05a198b4c6bf,./exp7_probe_libstdcxx.exe,62a584d372abbb1724b224dc18b88c277d6ee16b754484eecb896f7fbdabeca5,-Wall -Wextra -std=c++11 -O2 -ffp-contract=off -I src,gcc 15.2.0,libstdc++,arm64,libstdcxx,native,664d906899b1726ae6d0bd3856483c4590af875a9dfdc3fee14fdcb79dbc4e34,false
exp7-manifest-1,2026-09-25T05:26:47Z,p1,tail,CANDIDATE,float,-,1,10003,raw/p1/p1_tail_libstdcxx_CANDIDATE_k1_s10003_float.bin,bin,9973,8,1,5,79880,36dd09dccf4352b07d210ed5d5300c10b61e7dfdd3fa88efa22cc876c23c80be,./exp7_probe_libstdcxx.exe,62a584d372abbb1724b224dc18b88c277d6ee16b754484eecb896f7fbdabeca5,-Wall -Wextra -std=c++11 -O2 -ffp-contract=off -I src,gcc 15.2.0,libstdc++,arm64,libstdcxx,native,664d906899b1726ae6d0bd3856483c4590af875a9dfdc3fee14fdcb79dbc4e34,false
exp7-manifest-1,2026-09-25T05:26:47Z,p1,tail,LEGACY,float,-,1,10004,raw/p1/p1_tail_libstdcxx_LEGACY_k1_s10004_float.bin,bin,9861,8,1,5,78984,c0df898110afea5ed51e921d370acaade2ca5508c42c16a18c15a7c50171aa56,./exp7_probe_libstdcxx.exe,62a584d372abbb1724b224dc18b88c277d6ee16b754484eecb896f7fbdabeca5,-Wall -Wextra -std=c++11 -O2 -ffp-contract=off -I src,gcc 15.2.0,libstdc++,arm64,libstdcxx,native,664d906899b1726ae6d0bd3856483c4590af875a9dfdc3fee14fdcb79dbc4e34,false
exp7-manifest-1,2026-09-25T05:26:47Z,p1,tail,CANDIDATE,float,-,1,10004,raw/p1/p1_tail_libstdcxx_CANDIDATE_k1_s10004_float.bin,bin,9968,8,1,5,79840,dfc9573e9ba2ed9ec91cfd4efbe0044d0363a03391eb7fc6b345f1e2b3e8e691,./exp7_probe_libstdcxx.exe,62a584d372abbb1724b224dc18b88c277d6ee16b754484eecb896f7fbdabeca5,-Wall -Wextra -std=c++11 -O2 -ffp-contract=off -I src,gcc 15.2.0,libstdc++,arm64,libstdcxx,native,664d906899b1726ae6d0bd3856483c4590af875a9dfdc3fee14fdcb79dbc4e34,false
exp7-manifest-1,2026-09-25T05:26:47Z,p1,tail,LEGACY,float,-,1,10005,raw/p1/p1_tail_libstdcxx_LEGACY_k1_s10005_float.bin,bin,9924,8,1,5,79488,5125821cdf610d6d7b273f5329c7ce8a63623dae7cfbe37cfcaedcc731d611ab,./exp7_probe_libstdcxx.exe,62a584d372abbb1724b224dc18b88c277d6ee16b754484eecb896f7fbdabeca5,-Wall -Wextra -std=c++11 -O2 -ffp-contract=off -I src,gcc 15.2.0,libstdc++,arm64,libstdcxx,native,664d906899b1726ae6d0bd3856483c4590af875a9dfdc3fee14fdcb79dbc4e34,false
exp7-manifest-1,2026-09-25T05:26:47Z,p1,tail,CANDIDATE,float,-,1,10005,raw/p1/p1_tail_libstdcxx_CANDIDATE_k1_s10005_float.bin,bin,9836,8,1,5,78784,dffaf1577b71493a3bc591edd542008b5eb5b30d8a13c6ac364ec019d1c3f838,./exp7_probe_libstdcxx.exe,62a584d372abbb1724b224dc18b88c277d6ee16b754484eecb896f7fbdabeca5,-Wall -Wextra -std=c++11 -O2 -ffp-contract=off -I src,gcc 15.2.0,libstdc++,arm64,libstdcxx,native,664d906899b1726ae6d0bd3856483c4590af875a9dfdc3fee14fdcb79dbc4e34,false
exp7-manifest-1,2026-09-25T05:26:47Z,p1,tail,LEGACY,float,-,1.25,10001,raw/p1/p1_tail_libstdcxx_LEGACY_k1.25_s10001_float.bin,bin,10016,8,1,5,80224,5baddac830eefd7a0ae9da6d3ffd60e0142573bb584c0fc9f5fd3d667acd416a,./exp7_probe_libstdcxx.exe,62a584d372abbb1724b224dc18b88c277d6ee16b754484eecb896f7fbdabeca5,-Wall -Wextra -std=c++11 -O2 -ffp-contract=off -I src,gcc 15.2.0,libstdc++,arm64,libstdcxx,native,664d906899b1726ae6d0bd3856483c4590af875a9dfdc3fee14fdcb79dbc4e34,false
exp7-manifest-1,2026-09-25T05:26:47Z,p1,tail,CANDIDATE,float,-,1.25,10001,raw/p1/p1_tail_libstdcxx_CANDIDATE_k1.25_s10001_float.bin,bin,10137,8,1,5,81192,5e497692acca220f2d8ae5ef3926f084eb8e9aaddfc7cb64de5a212224789806,./exp7_probe_libstdcxx.exe,62a584d372abbb1724b224dc18b88c277d6ee16b754484eecb896f7fbdabeca5,-Wall -Wextra -std=c++11 -O2 -ffp-contract=off -I src,gcc 15.2.0,libstdc++,arm64,libstdcxx,native,664d906899b1726ae6d0bd3856483c4590af875a9dfdc3fee14fdcb79dbc4e34,false
exp7-manifest-1,2026-09-25T05:26:47Z,p1,tail,LEGACY,float,-,1.25,10002,raw/p1/p1_tail_libstdcxx_LEGACY_k1.25_s10002_float.bin,bin,10073,8,1,5,80680,5c6e693f4c6866e9ebfa3edefb8dfbadc75c67228014ca92fa6e0434159ce60f,./exp7_probe_libstdcxx.exe,62a584d372abbb1724b224dc18b88c277d6ee16b754484eecb896f7fbdabeca5,-Wall -Wextra -std=c++11 -O2 -ffp-contract=off -I src,gcc 15.2.0,libstdc++,arm64,libstdcxx,native,664d906899b1726ae6d0bd3856483c4590af875a9dfdc3fee14fdcb79dbc4e34,false
exp7-manifest-1,2026-09-25T05:26:47Z,p1,tail,CANDIDATE,float,-,1.25,10002,raw/p1/p1_tail_libstdcxx_CANDIDATE_k1.25_s10002_float.bin,bin,10053,8,1,5,80520,dbfdea23210d25bfdedd24e9949b8dc21f374fcbc2460ffc684e17e8bf736cf8,./exp7_probe_libstdcxx.exe,62a584d372abbb1724b224dc18b88c277d6ee16b754484eecb896f7fbdabeca5,-Wall -Wextra -std=c++11 -O2 -ffp-contract=off -I src,gcc 15.2.0,libstdc++,arm64,libstdcxx,native,664d906899b1726ae6d0bd3856483c4590af875a9dfdc3fee14fdcb79dbc4e34,false
exp7-manifest-1,2026-09-25T05:26:47Z,p1,tail,LEGACY,float,-,1.25,10003,raw/p1/p1_tail_libstdcxx_LEGACY_k1.25_s10003_float.bin,bin,10033,8,1,5,80360,47a81d5c595eea435640ba67a89a7b9524451b07adf94970bd6b8c4ef8e58806,./exp7_probe_libstdcxx.exe,62a584d372abbb1724b224dc18b88c277d6ee16b754484eecb896f7fbdabeca5,-Wall -Wextra -std=c++11 -O2 -ffp-contract=off -I src,gcc 15.2.0,libstdc++,arm64,libstdcxx,native,664d906899b1726ae6d0bd3856483c4590af875a9dfdc3fee14fdcb79dbc4e34,false
exp7-manifest-1,2026-09-25T05:26:47Z,p1,tail,CANDIDATE,float,-,1.25,10003,raw/p1/p1_tail_libstdcxx_CANDIDATE_k1.25_s10003_float.bin,bin,10043,8,1,5,80440,7676398b4f394d00537f01d08a464fa08e9b845857b1dafd8f039f0534e4a70d,./exp7_probe_libstdcxx.exe,62a584d372abbb1724b224dc18b88c277d6ee16b754484eecb896f7fbdabeca5,-Wall -Wextra -std=c++11 -O2 -ffp-contract=off -I src,gcc 15.2.0,libstdc++,arm64,libstdcxx,native,664d906899b1726ae6d0bd3856483c4590af875a9dfdc3fee14fdcb79dbc4e34,false
exp7-manifest-1,2026-09-25T05:26:47Z,p1,tail,LEGACY,float,-,1.25,10004,raw/p1/p1_tail_libstdcxx_LEGACY_k1.25_s10004_float.bin,bin,9891,8,1,5,79224,054920b57423249ce1301a9adae1bd379a8325ad942d1dc4771039f78f0358ac,./exp7_probe_libstdcxx.exe,62a584d372abbb1724b224dc18b88c277d6ee16b754484eecb896f7fbdabeca5,-Wall -Wextra -std=c++11 -O2 -ffp-contract=off -I src,gcc 15.2.0,libstdc++,arm64,libstdcxx,native,664d906899b1726ae6d0bd3856483c4590af875a9dfdc3fee14fdcb79dbc4e34,false
exp7-manifest-1,2026-09-25T05:26:47Z,p1,tail,CANDIDATE,float,-,1.25,10004,raw/p1/p1_tail_libstdcxx_CANDIDATE_k1.25_s10004_float.bin,bin,9931,8,1,5,79544,b3f1a981ed618e29aa0fa9e564362eeb7d8e5302e6271fb837376ecfbcaf2c9f,./exp7_probe_libstdcxx.exe,62a584d372abbb1724b224dc18b88c277d6ee16b754484eecb896f7fbdabeca5,-Wall -Wextra -std=c++11 -O2 -ffp-contract=off -I src,gcc 15.2.0,libstdc++,arm64,libstdcxx,native,664d906899b1726ae6d0bd3856483c4590af875a9dfdc3fee14fdcb79dbc4e34,false
exp7-manifest-1,2026-09-25T05:26:47Z,p1,tail,LEGACY,float,-,1.25,10005,raw/p1/p1_tail_libstdcxx_LEGACY_k1.25_s10005_float.bin,bin,10099,8,1,5,80888,3334eae94cc67da2b1eddb4e74a9c60174fe9f31d6bd70e83d48513a506cfec8,./exp7_probe_libstdcxx.exe,62a584d372abbb1724b224dc18b88c277d6ee16b754484eecb896f7fbdabeca5,-Wall -Wextra -std=c++11 -O2 -ffp-contract=off -I src,gcc 15.2.0,libstdc++,arm64,libstdcxx,native,664d906899b1726ae6d0bd3856483c4590af875a9dfdc3fee14fdcb79dbc4e34,false
exp7-manifest-1,2026-09-25T05:26:47Z,p1,tail,CANDIDATE,float,-,1.25,10005,raw/p1/p1_tail_libstdcxx_CANDIDATE_k1.25_s10005_float.bin,bin,9880,8,1,5,79136,27b876a5d4928c00be282e0bb96de27922ab3f271c8dbe12ac214c6d44a663c8,./exp7_probe_libstdcxx.exe,62a584d372abbb1724b224dc18b88c277d6ee16b754484eecb896f7fbdabeca5,-Wall -Wextra -std=c++11 -O2 -ffp-contract=off -I src,gcc 15.2.0,libstdc++,arm64,libstdcxx,native,664d906899b1726ae6d0bd3856483c4590af875a9dfdc3fee14fdcb79dbc4e34,false
exp7-manifest-1,2026-09-25T05:26:47Z,p1,tail,LEGACY,float,-,1.49,10001,raw/p1/p1_tail_libstdcxx_LEGACY_k1.49_s10001_float.bin,bin,9981,8,1,5,79944,b4d7be8fd934665b65607ae1a5ceac9ff572a1b7db9c3b048eaef19c7c21072d,./exp7_probe_libstdcxx.exe,62a584d372abbb1724b224dc18b88c277d6ee16b754484eecb896f7fbdabeca5,-Wall -Wextra -std=c++11 -O2 -ffp-contract=off -I src,gcc 15.2.0,libstdc++,arm64,libstdcxx,native,664d906899b1726ae6d0bd3856483c4590af875a9dfdc3fee14fdcb79dbc4e34,false
exp7-manifest-1,2026-09-25T05:26:47Z,p1,tail,CANDIDATE,float,-,1.49,10001,raw/p1/p1_tail_libstdcxx_CANDIDATE_k1.49_s10001_float.bin,bin,10009,8,1,5,80168,3458fbef1c5b12149d3d8461bde27d53333ac57e701817ae7cfd91571698cbb9,./exp7_probe_libstdcxx.exe,62a584d372abbb1724b224dc18b88c277d6ee16b754484eecb896f7fbdabeca5,-Wall -Wextra -std=c++11 -O2 -ffp-contract=off -I src,gcc 15.2.0,libstdc++,arm64,libstdcxx,native,664d906899b1726ae6d0bd3856483c4590af875a9dfdc3fee14fdcb79dbc4e34,false
exp7-manifest-1,2026-09-25T05:26:47Z,p1,tail,LEGACY,float,-,1.49,10002,raw/p1/p1_tail_libstdcxx_LEGACY_k1.49_s10002_float.bin,bin,10011,8,1,5,80184,d3e9c462b51b0d2272274aa3b194416af308872ebe36989c4380309db934a7a5,./exp7_probe_libstdcxx.exe,62a584d372abbb1724b224dc18b88c277d6ee16b754484eecb896f7fbdabeca5,-Wall -Wextra -std=c++11 -O2 -ffp-contract=off -I src,gcc 15.2.0,libstdc++,arm64,libstdcxx,native,664d906899b1726ae6d0bd3856483c4590af875a9dfdc3fee14fdcb79dbc4e34,false
exp7-manifest-1,2026-09-25T05:26:47Z,p1,tail,CANDIDATE,float,-,1.49,10002,raw/p1/p1_tail_libstdcxx_CANDIDATE_k1.49_s10002_float.bin,bin,9975,8,1,5,79896,9982c04c520aa9cf6b0db6c75331304a903dbcad8e4f40deb2fd102b24451f71,./exp7_probe_libstdcxx.exe,62a584d372abbb1724b224dc18b88c277d6ee16b754484eecb896f7fbdabeca5,-Wall -Wextra -std=c++11 -O2 -ffp-contract=off -I src,gcc 15.2.0,libstdc++,arm64,libstdcxx,native,664d906899b1726ae6d0bd3856483c4590af875a9dfdc3fee14fdcb79dbc4e34,false
exp7-manifest-1,2026-09-25T05:26:47Z,p1,tail,LEGACY,float,-,1.49,10003,raw/p1/p1_tail_libstdcxx_LEGACY_k1.49_s10003_float.bin,bin,9968,8,1,5,79840,605744a9cb83cd91da6ff2ebe2c18e0b45e97577e4c10b2e2ffeece68b633dd5,./exp7_probe_libstdcxx.exe,62a584d372abbb1724b224dc18b88c277d6ee16b754484eecb896f7fbdabeca5,-Wall -Wextra -std=c++11 -O2 -ffp-contract=off -I src,gcc 15.2.0,libstdc++,arm64,libstdcxx,native,664d906899b1726ae6d0bd3856483c4590af875a9dfdc3fee14fdcb79dbc4e34,false
exp7-manifest-1,2026-09-25T05:26:47Z,p1,tail,CANDIDATE,float,-,1.49,10003,raw/p1/p1_tail_libstdcxx_CANDIDATE_k1.49_s10003_float.bin,bin,9928,8,1,5,79520,733f7893997567bdb74d4f456cfb256916fc4cc1a048608f07b90659f7f19b54,./exp7_probe_libstdcxx.exe,62a584d372abbb1724b224dc18b88c277d6ee16b754484eecb896f7fbdabeca5,-Wall -Wextra -std=c++11 -O2 -ffp-contract=off -I src,gcc 15.2.0,libstdc++,arm64,libstdcxx,native,664d906899b1726ae6d0bd3856483c4590af875a9dfdc3fee14fdcb79dbc4e34,false
exp7-manifest-1,2026-09-25T05:26:47Z,p1,tail,LEGACY,float,-,1.49,10004,raw/p1/p1_tail_libstdcxx_LEGACY_k1.49_s10004_float.bin,bin,9914,8,1,5,79408,9fe74d040f30d19157ff92fd02d3a5fe5efe9952556fad684fb36a21c8790659,./exp7_probe_libstdcxx.exe,62a584d372abbb1724b224dc18b88c277d6ee16b754484eecb896f7fbdabeca5,-Wall -Wextra -std=c++11 -O2 -ffp-contract=off -I src,gcc 15.2.0,libstdc++,arm64,libstdcxx,native,664d906899b1726ae6d0bd3856483c4590af875a9dfdc3fee14fdcb79dbc4e34,false
exp7-manifest-1,2026-09-25T05:26:47Z,p1,tail,CANDIDATE,float,-,1.49,10004,raw/p1/p1_tail_libstdcxx_CANDIDATE_k1.49_s10004_float.bin,bin,9835,8,1,5,78776,a13c1dacbf1ad5ecfcbca7d0ea5da297b794ae540c6ef7738d91a9dd303c4692,./exp7_probe_libstdcxx.exe,62a584d372abbb1724b224dc18b88c277d6ee16b754484eecb896f7fbdabeca5,-Wall -Wextra -std=c++11 -O2 -ffp-contract=off -I src,gcc 15.2.0,libstdc++,arm64,libstdcxx,native,664d906899b1726ae6d0bd3856483c4590af875a9dfdc3fee14fdcb79dbc4e34,false
exp7-manifest-1,2026-09-25T05:26:47Z,p1,tail,LEGACY,float,-,1.49,10005,raw/p1/p1_tail_libstdcxx_LEGACY_k1.49_s10005_float.bin,bin,9886,8,1,5,79184,435655c01683c9e9e24ebe8556017fc26ed8895e0f35d0159abde2fb5c83a532,./exp7_probe_libstdcxx.exe,62a584d372abbb1724b224dc18b88c277d6ee16b754484eecb896f7fbdabeca5,-Wall -Wextra -std=c++11 -O2 -ffp-contract=off -I src,gcc 15.2.0,libstdc++,arm64,libstdcxx,native,664d906899b1726ae6d0bd3856483c4590af875a9dfdc3fee14fdcb79dbc4e34,false
exp7-manifest-1,2026-09-25T05:26:47Z,p1,tail,CANDIDATE,float,-,1.49,10005,raw/p1/p1_tail_libstdcxx_CANDIDATE_k1.49_s10005_float.bin,bin,10097,8,1,5,80872,04e78c7e0361872ca389c583bca1f5992d71ad2bb5faf39e34a0b15758c5dcb1,./exp7_probe_libstdcxx.exe,62a584d372abbb1724b224dc18b88c277d6ee16b754484eecb896f7fbdabeca5,-Wall -Wextra -std=c++11 -O2 -ffp-contract=off -I src,gcc 15.2.0,libstdc++,arm64,libstdcxx,native,664d906899b1726ae6d0bd3856483c4590af875a9dfdc3fee14fdcb79dbc4e34,false
exp7-manifest-1,2026-09-25T05:26:47Z,p1,tail,LEGACY,float,-,1.5,10001,raw/p1/p1_tail_libstdcxx_LEGACY_k1.5_s10001_float.bin,bin,10001,8,1,5,80104,c9f536dc9bbb8fe30fff5d1a569faea11940e09250536f3c991cbc6769f380f2,./exp7_probe_libstdcxx.exe,62a584d372abbb1724b224dc18b88c277d6ee16b754484eecb896f7fbdabeca5,-Wall -Wextra -std=c++11 -O2 -ffp-contract=off -I src,gcc 15.2.0,libstdc++,arm64,libstdcxx,native,664d906899b1726ae6d0bd3856483c4590af875a9dfdc3fee14fdcb79dbc4e34,false
exp7-manifest-1,2026-09-25T05:26:47Z,p1,tail,CANDIDATE,float,-,1.5,10001,raw/p1/p1_tail_libstdcxx_CANDIDATE_k1.5_s10001_float.bin,bin,9999,8,1,5,80088,b02b651481beaefa460933fe2106ccf0d2c96faf284161cde4831edd5a466ccf,./exp7_probe_libstdcxx.exe,62a584d372abbb1724b224dc18b88c277d6ee16b754484eecb896f7fbdabeca5,-Wall -Wextra -std=c++11 -O2 -ffp-contract=off -I src,gcc 15.2.0,libstdc++,arm64,libstdcxx,native,664d906899b1726ae6d0bd3856483c4590af875a9dfdc3fee14fdcb79dbc4e34,false
exp7-manifest-1,2026-09-25T05:26:47Z,p1,tail,LEGACY,float,-,1.5,10002,raw/p1/p1_tail_libstdcxx_LEGACY_k1.5_s10002_float.bin,bin,9958,8,1,5,79760,79ad41f954fc2c3e428f5b5d337ef8d6c127b551c71f2af98276fb390558247e,./exp7_probe_libstdcxx.exe,62a584d372abbb1724b224dc18b88c277d6ee16b754484eecb896f7fbdabeca5,-Wall -Wextra -std=c++11 -O2 -ffp-contract=off -I src,gcc 15.2.0,libstdc++,arm64,libstdcxx,native,664d906899b1726ae6d0bd3856483c4590af875a9dfdc3fee14fdcb79dbc4e34,false
exp7-manifest-1,2026-09-25T05:26:47Z,p1,tail,CANDIDATE,float,-,1.5,10002,raw/p1/p1_tail_libstdcxx_CANDIDATE_k1.5_s10002_float.bin,bin,10032,8,1,5,80352,2cac3a41b7460aa3f5785f8a5bf647988428422a6f9160f29b801ebb10632810,./exp7_probe_libstdcxx.exe,62a584d372abbb1724b224dc18b88c277d6ee16b754484eecb896f7fbdabeca5,-Wall -Wextra -std=c++11 -O2 -ffp-contract=off -I src,gcc 15.2.0,libstdc++,arm64,libstdcxx,native,664d906899b1726ae6d0bd3856483c4590af875a9dfdc3fee14fdcb79dbc4e34,false
exp7-manifest-1,2026-09-25T05:26:47Z,p1,tail,LEGACY,float,-,1.5,10003,raw/p1/p1_tail_libstdcxx_LEGACY_k1.5_s10003_float.bin,bin,9866,8,1,5,79024,7fdc2d43ebca3cdaefacd1845fd9e1ff5af5ad09abf1df334add45f40f12cd0a,./exp7_probe_libstdcxx.exe,62a584d372abbb1724b224dc18b88c277d6ee16b754484eecb896f7fbdabeca5,-Wall -Wextra -std=c++11 -O2 -ffp-contract=off -I src,gcc 15.2.0,libstdc++,arm64,libstdcxx,native,664d906899b1726ae6d0bd3856483c4590af875a9dfdc3fee14fdcb79dbc4e34,false
exp7-manifest-1,2026-09-25T05:26:47Z,p1,tail,CANDIDATE,float,-,1.5,10003,raw/p1/p1_tail_libstdcxx_CANDIDATE_k1.5_s10003_float.bin,bin,9953,8,1,5,79720,9160e6d63a97024bbf5fa6e1ce680a7ef821664a1854fc815d317a8422f9ff01,./exp7_probe_libstdcxx.exe,62a584d372abbb1724b224dc18b88c277d6ee16b754484eecb896f7fbdabeca5,-Wall -Wextra -std=c++11 -O2 -ffp-contract=off -I src,gcc 15.2.0,libstdc++,arm64,libstdcxx,native,664d906899b1726ae6d0bd3856483c4590af875a9dfdc3fee14fdcb79dbc4e34,false
exp7-manifest-1,2026-09-25T05:26:47Z,p1,tail,LEGACY,float,-,1.5,10004,raw/p1/p1_tail_libstdcxx_LEGACY_k1.5_s10004_float.bin,bin,10028,8,1,5,80320,bf17a448e204e57899a8ee9e551440c904553891152ede9f2a53f6a0522d4dea,./exp7_probe_libstdcxx.exe,62a584d372abbb1724b224dc18b88c277d6ee16b754484eecb896f7fbdabeca5,-Wall -Wextra -std=c++11 -O2 -ffp-contract=off -I src,gcc 15.2.0,libstdc++,arm64,libstdcxx,native,664d906899b1726ae6d0bd3856483c4590af875a9dfdc3fee14fdcb79dbc4e34,false
exp7-manifest-1,2026-09-25T05:26:47Z,p1,tail,CANDIDATE,float,-,1.5,10004,raw/p1/p1_tail_libstdcxx_CANDIDATE_k1.5_s10004_float.bin,bin,10037,8,1,5,80392,5ac697d1a1ba30d20e2f0d51b0dc32cc19afc144a27d3791bb6f9ee479210f55,./exp7_probe_libstdcxx.exe,62a584d372abbb1724b224dc18b88c277d6ee16b754484eecb896f7fbdabeca5,-Wall -Wextra -std=c++11 -O2 -ffp-contract=off -I src,gcc 15.2.0,libstdc++,arm64,libstdcxx,native,664d906899b1726ae6d0bd3856483c4590af875a9dfdc3fee14fdcb79dbc4e34,false
exp7-manifest-1,2026-09-25T05:26:47Z,p1,tail,LEGACY,float,-,1.5,10005,raw/p1/p1_tail_libstdcxx_LEGACY_k1.5_s10005_float.bin,bin,9903,8,1,5,79320,1b15207a94493ad783b42979cfa6c6987d49cb45e7a6cedf55053d398973eaac,./exp7_probe_libstdcxx.exe,62a584d372abbb1724b224dc18b88c277d6ee16b754484eecb896f7fbdabeca5,-Wall -Wextra -std=c++11 -O2 -ffp-contract=off -I src,gcc 15.2.0,libstdc++,arm64,libstdcxx,native,664d906899b1726ae6d0bd3856483c4590af875a9dfdc3fee14fdcb79dbc4e34,false
exp7-manifest-1,2026-09-25T05:26:47Z,p1,tail,CANDIDATE,float,-,1.5,10005,raw/p1/p1_tail_libstdcxx_CANDIDATE_k1.5_s10005_float.bin,bin,10052,8,1,5,80512,c861ad02142bbe042881587f56966f17c88d4aaf2fc21341693932d6ceaa05ab,./exp7_probe_libstdcxx.exe,62a584d372abbb1724b224dc18b88c277d6ee16b754484eecb896f7fbdabeca5,-Wall -Wextra -std=c++11 -O2 -ffp-contract=off -I src,gcc 15.2.0,libstdc++,arm64,libstdcxx,native,664d906899b1726ae6d0bd3856483c4590af875a9dfdc3fee14fdcb79dbc4e34,false
exp7-manifest-1,2026-09-25T05:26:47Z,p1,tail,LEGACY,float,-,2,10001,raw/p1/p1_tail_libstdcxx_LEGACY_k2_s10001_float.bin,bin,9975,8,1,5,79896,c6fedd31c5d6bce224ea3ba503833e1b983e61bc11a1210119b3f5645fdf665f,./exp7_probe_libstdcxx.exe,62a584d372abbb1724b224dc18b88c277d6ee16b754484eecb896f7fbdabeca5,-Wall -Wextra -std=c++11 -O2 -ffp-contract=off -I src,gcc 15.2.0,libstdc++,arm64,libstdcxx,native,664d906899b1726ae6d0bd3856483c4590af875a9dfdc3fee14fdcb79dbc4e34,false
exp7-manifest-1,2026-09-25T05:26:47Z,p1,tail,CANDIDATE,float,-,2,10001,raw/p1/p1_tail_libstdcxx_CANDIDATE_k2_s10001_float.bin,bin,10109,8,1,5,80968,597952feb652c45ef1a3d748791b195c4b377b21ae5cef654ad0a7e174e437f0,./exp7_probe_libstdcxx.exe,62a584d372abbb1724b224dc18b88c277d6ee16b754484eecb896f7fbdabeca5,-Wall -Wextra -std=c++11 -O2 -ffp-contract=off -I src,gcc 15.2.0,libstdc++,arm64,libstdcxx,native,664d906899b1726ae6d0bd3856483c4590af875a9dfdc3fee14fdcb79dbc4e34,false
exp7-manifest-1,2026-09-25T05:26:47Z,p1,tail,LEGACY,float,-,2,10002,raw/p1/p1_tail_libstdcxx_LEGACY_k2_s10002_float.bin,bin,9947,8,1,5,79672,52bb9f4b68aba028f92b8946e0313c18181fa1a491d680c6110fc77a2dc0043e,./exp7_probe_libstdcxx.exe,62a584d372abbb1724b224dc18b88c277d6ee16b754484eecb896f7fbdabeca5,-Wall -Wextra -std=c++11 -O2 -ffp-contract=off -I src,gcc 15.2.0,libstdc++,arm64,libstdcxx,native,664d906899b1726ae6d0bd3856483c4590af875a9dfdc3fee14fdcb79dbc4e34,false
exp7-manifest-1,2026-09-25T05:26:47Z,p1,tail,CANDIDATE,float,-,2,10002,raw/p1/p1_tail_libstdcxx_CANDIDATE_k2_s10002_float.bin,bin,9933,8,1,5,79560,d057a94981d5b8e1650f3af4b73bb2622e4b185543c88be24d7f62de23e9155a,./exp7_probe_libstdcxx.exe,62a584d372abbb1724b224dc18b88c277d6ee16b754484eecb896f7fbdabeca5,-Wall -Wextra -std=c++11 -O2 -ffp-contract=off -I src,gcc 15.2.0,libstdc++,arm64,libstdcxx,native,664d906899b1726ae6d0bd3856483c4590af875a9dfdc3fee14fdcb79dbc4e34,false
exp7-manifest-1,2026-09-25T05:26:47Z,p1,tail,LEGACY,float,-,2,10003,raw/p1/p1_tail_libstdcxx_LEGACY_k2_s10003_float.bin,bin,9868,8,1,5,79040,5cd95170e76351848d0297041fb38aa7ea2bc822967d56281e5ed12d57898984,./exp7_probe_libstdcxx.exe,62a584d372abbb1724b224dc18b88c277d6ee16b754484eecb896f7fbdabeca5,-Wall -Wextra -std=c++11 -O2 -ffp-contract=off -I src,gcc 15.2.0,libstdc++,arm64,libstdcxx,native,664d906899b1726ae6d0bd3856483c4590af875a9dfdc3fee14fdcb79dbc4e34,false
exp7-manifest-1,2026-09-25T05:26:47Z,p1,tail,CANDIDATE,float,-,2,10003,raw/p1/p1_tail_libstdcxx_CANDIDATE_k2_s10003_float.bin,bin,10041,8,1,5,80424,7f48a9aa213ed0225d7a869167789f88d5263ea556416d8109e5743e56444c8a,./exp7_probe_libstdcxx.exe,62a584d372abbb1724b224dc18b88c277d6ee16b754484eecb896f7fbdabeca5,-Wall -Wextra -std=c++11 -O2 -ffp-contract=off -I src,gcc 15.2.0,libstdc++,arm64,libstdcxx,native,664d906899b1726ae6d0bd3856483c4590af875a9dfdc3fee14fdcb79dbc4e34,false
exp7-manifest-1,2026-09-25T05:26:47Z,p1,tail,LEGACY,float,-,2,10004,raw/p1/p1_tail_libstdcxx_LEGACY_k2_s10004_float.bin,bin,9943,8,1,5,79640,52260413bf57053be2a9c1cab2d5fdf24d0a53dd4198e6d63f8c66c9e64b2845,./exp7_probe_libstdcxx.exe,62a584d372abbb1724b224dc18b88c277d6ee16b754484eecb896f7fbdabeca5,-Wall -Wextra -std=c++11 -O2 -ffp-contract=off -I src,gcc 15.2.0,libstdc++,arm64,libstdcxx,native,664d906899b1726ae6d0bd3856483c4590af875a9dfdc3fee14fdcb79dbc4e34,false
exp7-manifest-1,2026-09-25T05:26:47Z,p1,tail,CANDIDATE,float,-,2,10004,raw/p1/p1_tail_libstdcxx_CANDIDATE_k2_s10004_float.bin,bin,9945,8,1,5,79656,cf1c3f56d879cf13e0011e8c83fb55a1eaed3b90232fadad44ba9d254c07177e,./exp7_probe_libstdcxx.exe,62a584d372abbb1724b224dc18b88c277d6ee16b754484eecb896f7fbdabeca5,-Wall -Wextra -std=c++11 -O2 -ffp-contract=off -I src,gcc 15.2.0,libstdc++,arm64,libstdcxx,native,664d906899b1726ae6d0bd3856483c4590af875a9dfdc3fee14fdcb79dbc4e34,false
exp7-manifest-1,2026-09-25T05:26:47Z,p1,tail,LEGACY,float,-,2,10005,raw/p1/p1_tail_libstdcxx_LEGACY_k2_s10005_float.bin,bin,9774,8,1,5,78288,5a0d4c495ead448324d50d16b0d072d521b43a782d87d1e67cbfd7df0d19da63,./exp7_probe_libstdcxx.exe,62a584d372abbb1724b224dc18b88c277d6ee16b754484eecb896f7fbdabeca5,-Wall -Wextra -std=c++11 -O2 -ffp-contract=off -I src,gcc 15.2.0,libstdc++,arm64,libstdcxx,native,664d906899b1726ae6d0bd3856483c4590af875a9dfdc3fee14fdcb79dbc4e34,false
exp7-manifest-1,2026-09-25T05:26:47Z,p1,tail,CANDIDATE,float,-,2,10005,raw/p1/p1_tail_libstdcxx_CANDIDATE_k2_s10005_float.bin,bin,9983,8,1,5,79960,99d426b311233e4e171f0709935664a756ec3755e3c66a4d1b49c0750434a32e,./exp7_probe_libstdcxx.exe,62a584d372abbb1724b224dc18b88c277d6ee16b754484eecb896f7fbdabeca5,-Wall -Wextra -std=c++11 -O2 -ffp-contract=off -I src,gcc 15.2.0,libstdc++,arm64,libstdcxx,native,664d906899b1726ae6d0bd3856483c4590af875a9dfdc3fee14fdcb79dbc4e34,false
exp7-manifest-1,2026-09-25T05:26:47Z,p1,tail,LEGACY,float,-,5,10001,raw/p1/p1_tail_libstdcxx_LEGACY_k5_s10001_float.bin,bin,9998,8,1,5,80080,fafab140228748099d5bb5ceac7a14e68039feedfc7a932b02b7f2c40b84d58a,./exp7_probe_libstdcxx.exe,62a584d372abbb1724b224dc18b88c277d6ee16b754484eecb896f7fbdabeca5,-Wall -Wextra -std=c++11 -O2 -ffp-contract=off -I src,gcc 15.2.0,libstdc++,arm64,libstdcxx,native,664d906899b1726ae6d0bd3856483c4590af875a9dfdc3fee14fdcb79dbc4e34,false
exp7-manifest-1,2026-09-25T05:26:47Z,p1,tail,CANDIDATE,float,-,5,10001,raw/p1/p1_tail_libstdcxx_CANDIDATE_k5_s10001_float.bin,bin,10089,8,1,5,80808,1ce2ead2982268a6ab77ed69185c38055e8a9095d5c74f4122fa05abc36bf150,./exp7_probe_libstdcxx.exe,62a584d372abbb1724b224dc18b88c277d6ee16b754484eecb896f7fbdabeca5,-Wall -Wextra -std=c++11 -O2 -ffp-contract=off -I src,gcc 15.2.0,libstdc++,arm64,libstdcxx,native,664d906899b1726ae6d0bd3856483c4590af875a9dfdc3fee14fdcb79dbc4e34,false
exp7-manifest-1,2026-09-25T05:26:47Z,p1,tail,LEGACY,float,-,5,10002,raw/p1/p1_tail_libstdcxx_LEGACY_k5_s10002_float.bin,bin,9956,8,1,5,79744,67ce449083972105dc769ac22c8eb1777103ab7354775881d6c7361371e4a07e,./exp7_probe_libstdcxx.exe,62a584d372abbb1724b224dc18b88c277d6ee16b754484eecb896f7fbdabeca5,-Wall -Wextra -std=c++11 -O2 -ffp-contract=off -I src,gcc 15.2.0,libstdc++,arm64,libstdcxx,native,664d906899b1726ae6d0bd3856483c4590af875a9dfdc3fee14fdcb79dbc4e34,false
exp7-manifest-1,2026-09-25T05:26:47Z,p1,tail,CANDIDATE,float,-,5,10002,raw/p1/p1_tail_libstdcxx_CANDIDATE_k5_s10002_float.bin,bin,10002,8,1,5,80112,ca173403fed60b646072b3499c6e9e562bd2850765d00963f23f2e7651bb0729,./exp7_probe_libstdcxx.exe,62a584d372abbb1724b224dc18b88c277d6ee16b754484eecb896f7fbdabeca5,-Wall -Wextra -std=c++11 -O2 -ffp-contract=off -I src,gcc 15.2.0,libstdc++,arm64,libstdcxx,native,664d906899b1726ae6d0bd3856483c4590af875a9dfdc3fee14fdcb79dbc4e34,false
exp7-manifest-1,2026-09-25T05:26:47Z,p1,tail,LEGACY,float,-,5,10003,raw/p1/p1_tail_libstdcxx_LEGACY_k5_s10003_float.bin,bin,9942,8,1,5,79632,79796e2a9d391eec0ba7f66395c7515f1623771ef3538ed90900d23d2a618262,./exp7_probe_libstdcxx.exe,62a584d372abbb1724b224dc18b88c277d6ee16b754484eecb896f7fbdabeca5,-Wall -Wextra -std=c++11 -O2 -ffp-contract=off -I src,gcc 15.2.0,libstdc++,arm64,libstdcxx,native,664d906899b1726ae6d0bd3856483c4590af875a9dfdc3fee14fdcb79dbc4e34,false
exp7-manifest-1,2026-09-25T05:26:47Z,p1,tail,CANDIDATE,float,-,5,10003,raw/p1/p1_tail_libstdcxx_CANDIDATE_k5_s10003_float.bin,bin,10153,8,1,5,81320,1920932ad5870110494ae94efb062ae520fe468581fa97dcccc222401000c0d4,./exp7_probe_libstdcxx.exe,62a584d372abbb1724b224dc18b88c277d6ee16b754484eecb896f7fbdabeca5,-Wall -Wextra -std=c++11 -O2 -ffp-contract=off -I src,gcc 15.2.0,libstdc++,arm64,libstdcxx,native,664d906899b1726ae6d0bd3856483c4590af875a9dfdc3fee14fdcb79dbc4e34,false
exp7-manifest-1,2026-09-25T05:26:47Z,p1,tail,LEGACY,float,-,5,10004,raw/p1/p1_tail_libstdcxx_LEGACY_k5_s10004_float.bin,bin,10054,8,1,5,80528,3e14bfc4dba5f90a010cea3e7749ce1fcfd961d0f9338b8c41eee195c4e40eea,./exp7_probe_libstdcxx.exe,62a584d372abbb1724b224dc18b88c277d6ee16b754484eecb896f7fbdabeca5,-Wall -Wextra -std=c++11 -O2 -ffp-contract=off -I src,gcc 15.2.0,libstdc++,arm64,libstdcxx,native,664d906899b1726ae6d0bd3856483c4590af875a9dfdc3fee14fdcb79dbc4e34,false
exp7-manifest-1,2026-09-25T05:26:47Z,p1,tail,CANDIDATE,float,-,5,10004,raw/p1/p1_tail_libstdcxx_CANDIDATE_k5_s10004_float.bin,bin,10078,8,1,5,80720,6f78dfc6e61524ddeac1fe75d44dc21f4dd11fc2d6a8de938f051fc3c512c873,./exp7_probe_libstdcxx.exe,62a584d372abbb1724b224dc18b88c277d6ee16b754484eecb896f7fbdabeca5,-Wall -Wextra -std=c++11 -O2 -ffp-contract=off -I src,gcc 15.2.0,libstdc++,arm64,libstdcxx,native,664d906899b1726ae6d0bd3856483c4590af875a9dfdc3fee14fdcb79dbc4e34,false
exp7-manifest-1,2026-09-25T05:26:47Z,p1,tail,LEGACY,float,-,5,10005,raw/p1/p1_tail_libstdcxx_LEGACY_k5_s10005_float.bin,bin,9982,8,1,5,79952,6ae5f1c91fe18f80cbfaca9b887f72036ded8fe4a7af530ea5d59278a25956c9,./exp7_probe_libstdcxx.exe,62a584d372abbb1724b224dc18b88c277d6ee16b754484eecb896f7fbdabeca5,-Wall -Wextra -std=c++11 -O2 -ffp-contract=off -I src,gcc 15.2.0,libstdc++,arm64,libstdcxx,native,664d906899b1726ae6d0bd3856483c4590af875a9dfdc3fee14fdcb79dbc4e34,false
exp7-manifest-1,2026-09-25T05:26:47Z,p1,tail,CANDIDATE,float,-,5,10005,raw/p1/p1_tail_libstdcxx_CANDIDATE_k5_s10005_float.bin,bin,9881,8,1,5,79144,5450af2a422d481629529bf55a726ade8f1970b636bb7d6945b0e18f54c80319,./exp7_probe_libstdcxx.exe,62a584d372abbb1724b224dc18b88c277d6ee16b754484eecb896f7fbdabeca5,-Wall -Wextra -std=c++11 -O2 -ffp-contract=off -I src,gcc 15.2.0,libstdc++,arm64,libstdcxx,native,664d906899b1726ae6d0bd3856483c4590af875a9dfdc3fee14fdcb79dbc4e34,false
exp7-manifest-1,2026-09-25T05:26:47Z,p1,summary,all,all,all,nan,-1,raw/p1/p1_libstdcxx.jsonl,jsonl,520,-1,-1,-1,1815804,177c9ec9ae1331da53657a4c058f53c1f8e31da28fc09fd4a6211bc7bfdeb276,./exp7_probe_libstdcxx.exe,62a584d372abbb1724b224dc18b88c277d6ee16b754484eecb896f7fbdabeca5,-Wall -Wextra -std=c++11 -O2 -ffp-contract=off -I src,gcc 15.2.0,libstdc++,arm64,libstdcxx,native,664d906899b1726ae6d0bd3856483c4590af875a9dfdc3fee14fdcb79dbc4e34,false
exp7-manifest-1,2026-09-25T05:28:54Z,p2,audit,paired,mixed,-,nan,-1,raw/p2/audit_p2_libcxx.bin,bin,55996391,72,1,4,4031740248,a66030b4812489186b80a77dda9904ff1bac97cd7cae67eb07fe22b3f62bc7bc,./exp7_probe_libcxx.exe,2f81b486545542fc7b2159aaeec4d7169505046154a97bb1469c18bc24d28fac,-Wall -Wextra -std=c++11 -O2 -ffp-contract=off -I src,clang 21.0.0 (clang-2100.3.34.2),libc++,arm64,libcxx,native,664d906899b1726ae6d0bd3856483c4590af875a9dfdc3fee14fdcb79dbc4e34,false
exp7-manifest-1,2026-09-25T05:28:54Z,p2,summary,all,all,all,nan,-1,raw/p2/p2_libcxx.jsonl,jsonl,650,-1,-1,-1,1145872,bafb68e05fd74d4b7aabb3a654e64aeacbf832d47d29ad958ec3c028964740e6,./exp7_probe_libcxx.exe,2f81b486545542fc7b2159aaeec4d7169505046154a97bb1469c18bc24d28fac,-Wall -Wextra -std=c++11 -O2 -ffp-contract=off -I src,clang 21.0.0 (clang-2100.3.34.2),libc++,arm64,libcxx,native,664d906899b1726ae6d0bd3856483c4590af875a9dfdc3fee14fdcb79dbc4e34,false
exp7-manifest-1,2026-09-25T05:38:17Z,p2,audit,paired,mixed,-,nan,-1,raw/p2/audit_p2_libstdcxx.bin,bin,55996391,72,1,4,4031740248,a66030b4812489186b80a77dda9904ff1bac97cd7cae67eb07fe22b3f62bc7bc,./exp7_probe_libstdcxx.exe,62a584d372abbb1724b224dc18b88c277d6ee16b754484eecb896f7fbdabeca5,-Wall -Wextra -std=c++11 -O2 -ffp-contract=off -I src,gcc 15.2.0,libstdc++,arm64,libstdcxx,native,664d906899b1726ae6d0bd3856483c4590af875a9dfdc3fee14fdcb79dbc4e34,false
exp7-manifest-1,2026-09-25T05:38:17Z,p2,summary,all,all,all,nan,-1,raw/p2/p2_libstdcxx.jsonl,jsonl,650,-1,-1,-1,1134949,370751cb471b2e695c81bda30f19b25920677757ca11a55c7899b77a703d89fa,./exp7_probe_libstdcxx.exe,62a584d372abbb1724b224dc18b88c277d6ee16b754484eecb896f7fbdabeca5,-Wall -Wextra -std=c++11 -O2 -ffp-contract=off -I src,gcc 15.2.0,libstdc++,arm64,libstdcxx,native,664d906899b1726ae6d0bd3856483c4590af875a9dfdc3fee14fdcb79dbc4e34,false
exp7-manifest-1,2026-09-25T05:50:15Z,p3,paired,both,double,-,0.501,10001,raw/p3/p3_cond_libcxx_k0.501_s10001_double.bin,bin,1000000,32,1,2,32000096,f1eb21ec408e0ca5bb18e076533b10be7b051f44c5b31b5289e65bc81fee685f,./exp7_probe_libcxx.exe,2f81b486545542fc7b2159aaeec4d7169505046154a97bb1469c18bc24d28fac,-Wall -Wextra -std=c++11 -O2 -ffp-contract=off -I src,clang 21.0.0 (clang-2100.3.34.2),libc++,arm64,libcxx,native,664d906899b1726ae6d0bd3856483c4590af875a9dfdc3fee14fdcb79dbc4e34,false
exp7-manifest-1,2026-09-25T05:50:15Z,p3,paired,both,double,-,0.505,10001,raw/p3/p3_cond_libcxx_k0.505_s10001_double.bin,bin,1000000,32,1,2,32000096,b83f30eef3c61162a7e7ff0aa5d43e21ff1b2785596f5fbf660e29234ccf8230,./exp7_probe_libcxx.exe,2f81b486545542fc7b2159aaeec4d7169505046154a97bb1469c18bc24d28fac,-Wall -Wextra -std=c++11 -O2 -ffp-contract=off -I src,clang 21.0.0 (clang-2100.3.34.2),libc++,arm64,libcxx,native,664d906899b1726ae6d0bd3856483c4590af875a9dfdc3fee14fdcb79dbc4e34,false
exp7-manifest-1,2026-09-25T05:50:15Z,p3,paired,both,double,-,0.51000000000000001,10001,raw/p3/p3_cond_libcxx_k0.51_s10001_double.bin,bin,1000000,32,1,2,32000096,7b83f1512b46c5b2b0c117b0376814f1e83652aa708d4fb35d4e6f0cb535a597,./exp7_probe_libcxx.exe,2f81b486545542fc7b2159aaeec4d7169505046154a97bb1469c18bc24d28fac,-Wall -Wextra -std=c++11 -O2 -ffp-contract=off -I src,clang 21.0.0 (clang-2100.3.34.2),libc++,arm64,libcxx,native,664d906899b1726ae6d0bd3856483c4590af875a9dfdc3fee14fdcb79dbc4e34,false
exp7-manifest-1,2026-09-25T05:50:15Z,p3,paired,both,double,-,0.75,10001,raw/p3/p3_cond_libcxx_k0.75_s10001_double.bin,bin,1000000,32,1,2,32000096,47e29eeef7118f435725a934a36de4430af0b871cd30749d6cbd4a99e07fac9b,./exp7_probe_libcxx.exe,2f81b486545542fc7b2159aaeec4d7169505046154a97bb1469c18bc24d28fac,-Wall -Wextra -std=c++11 -O2 -ffp-contract=off -I src,clang 21.0.0 (clang-2100.3.34.2),libc++,arm64,libcxx,native,664d906899b1726ae6d0bd3856483c4590af875a9dfdc3fee14fdcb79dbc4e34,false
exp7-manifest-1,2026-09-25T05:50:15Z,p3,paired,both,float,-,0.55000000000000004,10001,raw/p3/p3_cond_libcxx_k0.55_s10001_float.bin,bin,1000000,32,1,2,32000096,aeeceabe82683f54c160df14cca23f2fc10cceebf5182dd5511dde1efaaa8277,./exp7_probe_libcxx.exe,2f81b486545542fc7b2159aaeec4d7169505046154a97bb1469c18bc24d28fac,-Wall -Wextra -std=c++11 -O2 -ffp-contract=off -I src,clang 21.0.0 (clang-2100.3.34.2),libc++,arm64,libcxx,native,664d906899b1726ae6d0bd3856483c4590af875a9dfdc3fee14fdcb79dbc4e34,false
exp7-manifest-1,2026-09-25T05:50:15Z,p3,paired,both,float,-,0.59999999999999998,10001,raw/p3/p3_cond_libcxx_k0.6_s10001_float.bin,bin,1000000,32,1,2,32000096,4ae73826561652c264699e23a588d9656e0f6d60e1af37000afec9bf16c0daee,./exp7_probe_libcxx.exe,2f81b486545542fc7b2159aaeec4d7169505046154a97bb1469c18bc24d28fac,-Wall -Wextra -std=c++11 -O2 -ffp-contract=off -I src,clang 21.0.0 (clang-2100.3.34.2),libc++,arm64,libcxx,native,664d906899b1726ae6d0bd3856483c4590af875a9dfdc3fee14fdcb79dbc4e34,false
exp7-manifest-1,2026-09-25T05:50:15Z,p3,paired,both,float,-,0.75,10001,raw/p3/p3_cond_libcxx_k0.75_s10001_float.bin,bin,1000000,32,1,2,32000096,eb8e484cba3b48f1b3fd34b3c07d5622cb18fe03fb561bde26df95ce9b503f9f,./exp7_probe_libcxx.exe,2f81b486545542fc7b2159aaeec4d7169505046154a97bb1469c18bc24d28fac,-Wall -Wextra -std=c++11 -O2 -ffp-contract=off -I src,clang 21.0.0 (clang-2100.3.34.2),libc++,arm64,libcxx,native,664d906899b1726ae6d0bd3856483c4590af875a9dfdc3fee14fdcb79dbc4e34,false
exp7-manifest-1,2026-09-25T05:50:15Z,p3,paired,both,double,-,0.501,10002,raw/p3/p3_cond_libcxx_k0.501_s10002_double.bin,bin,1000000,32,1,2,32000096,c0ce4d90a21df75848dbb14abdfb586cac5e44a5c73beee768615ce22d2baa74,./exp7_probe_libcxx.exe,2f81b486545542fc7b2159aaeec4d7169505046154a97bb1469c18bc24d28fac,-Wall -Wextra -std=c++11 -O2 -ffp-contract=off -I src,clang 21.0.0 (clang-2100.3.34.2),libc++,arm64,libcxx,native,664d906899b1726ae6d0bd3856483c4590af875a9dfdc3fee14fdcb79dbc4e34,false
exp7-manifest-1,2026-09-25T05:50:15Z,p3,paired,both,double,-,0.505,10002,raw/p3/p3_cond_libcxx_k0.505_s10002_double.bin,bin,1000000,32,1,2,32000096,d3cb26c667a7c6865e4e9eff68a265cb68fcbb9d8a2da92f812108a51d4fdcdf,./exp7_probe_libcxx.exe,2f81b486545542fc7b2159aaeec4d7169505046154a97bb1469c18bc24d28fac,-Wall -Wextra -std=c++11 -O2 -ffp-contract=off -I src,clang 21.0.0 (clang-2100.3.34.2),libc++,arm64,libcxx,native,664d906899b1726ae6d0bd3856483c4590af875a9dfdc3fee14fdcb79dbc4e34,false
exp7-manifest-1,2026-09-25T05:50:15Z,p3,paired,both,double,-,0.51000000000000001,10002,raw/p3/p3_cond_libcxx_k0.51_s10002_double.bin,bin,1000000,32,1,2,32000096,fef29a3aa93d61d8358be0910bc346485687029a859f0482ee87b26d919600a2,./exp7_probe_libcxx.exe,2f81b486545542fc7b2159aaeec4d7169505046154a97bb1469c18bc24d28fac,-Wall -Wextra -std=c++11 -O2 -ffp-contract=off -I src,clang 21.0.0 (clang-2100.3.34.2),libc++,arm64,libcxx,native,664d906899b1726ae6d0bd3856483c4590af875a9dfdc3fee14fdcb79dbc4e34,false
exp7-manifest-1,2026-09-25T05:50:15Z,p3,paired,both,double,-,0.75,10002,raw/p3/p3_cond_libcxx_k0.75_s10002_double.bin,bin,1000000,32,1,2,32000096,04606c902f87b350ecfb459b012510a369a6bae7de50303ec4bd146f81f05418,./exp7_probe_libcxx.exe,2f81b486545542fc7b2159aaeec4d7169505046154a97bb1469c18bc24d28fac,-Wall -Wextra -std=c++11 -O2 -ffp-contract=off -I src,clang 21.0.0 (clang-2100.3.34.2),libc++,arm64,libcxx,native,664d906899b1726ae6d0bd3856483c4590af875a9dfdc3fee14fdcb79dbc4e34,false
exp7-manifest-1,2026-09-25T05:50:15Z,p3,paired,both,float,-,0.55000000000000004,10002,raw/p3/p3_cond_libcxx_k0.55_s10002_float.bin,bin,1000000,32,1,2,32000096,e6e972e2634b9f18aff459328432622b81640da241f740d9e5ab0054bcd216bc,./exp7_probe_libcxx.exe,2f81b486545542fc7b2159aaeec4d7169505046154a97bb1469c18bc24d28fac,-Wall -Wextra -std=c++11 -O2 -ffp-contract=off -I src,clang 21.0.0 (clang-2100.3.34.2),libc++,arm64,libcxx,native,664d906899b1726ae6d0bd3856483c4590af875a9dfdc3fee14fdcb79dbc4e34,false
exp7-manifest-1,2026-09-25T05:50:15Z,p3,paired,both,float,-,0.59999999999999998,10002,raw/p3/p3_cond_libcxx_k0.6_s10002_float.bin,bin,1000000,32,1,2,32000096,cb17c2028320d7533c972198b9019b05b90ccb940ae722a2f70561bac9b0565c,./exp7_probe_libcxx.exe,2f81b486545542fc7b2159aaeec4d7169505046154a97bb1469c18bc24d28fac,-Wall -Wextra -std=c++11 -O2 -ffp-contract=off -I src,clang 21.0.0 (clang-2100.3.34.2),libc++,arm64,libcxx,native,664d906899b1726ae6d0bd3856483c4590af875a9dfdc3fee14fdcb79dbc4e34,false
exp7-manifest-1,2026-09-25T05:50:15Z,p3,paired,both,float,-,0.75,10002,raw/p3/p3_cond_libcxx_k0.75_s10002_float.bin,bin,1000000,32,1,2,32000096,ea17e2306dd18d7e93e714581dc7dd7bc87d2763d4df900b4f5957998d9bdc99,./exp7_probe_libcxx.exe,2f81b486545542fc7b2159aaeec4d7169505046154a97bb1469c18bc24d28fac,-Wall -Wextra -std=c++11 -O2 -ffp-contract=off -I src,clang 21.0.0 (clang-2100.3.34.2),libc++,arm64,libcxx,native,664d906899b1726ae6d0bd3856483c4590af875a9dfdc3fee14fdcb79dbc4e34,false
exp7-manifest-1,2026-09-25T05:50:15Z,p3,paired,both,double,-,0.501,10003,raw/p3/p3_cond_libcxx_k0.501_s10003_double.bin,bin,1000000,32,1,2,32000096,a8c90a3dcb180890ebeffd6c535c50c16da7a9e5f0f0c3da9ac7b1d6ea69d3fc,./exp7_probe_libcxx.exe,2f81b486545542fc7b2159aaeec4d7169505046154a97bb1469c18bc24d28fac,-Wall -Wextra -std=c++11 -O2 -ffp-contract=off -I src,clang 21.0.0 (clang-2100.3.34.2),libc++,arm64,libcxx,native,664d906899b1726ae6d0bd3856483c4590af875a9dfdc3fee14fdcb79dbc4e34,false
exp7-manifest-1,2026-09-25T05:50:15Z,p3,paired,both,double,-,0.505,10003,raw/p3/p3_cond_libcxx_k0.505_s10003_double.bin,bin,1000000,32,1,2,32000096,f85336103ce6b547e424fa65d10a077e580254d774674b5bd38a6cf149b9d530,./exp7_probe_libcxx.exe,2f81b486545542fc7b2159aaeec4d7169505046154a97bb1469c18bc24d28fac,-Wall -Wextra -std=c++11 -O2 -ffp-contract=off -I src,clang 21.0.0 (clang-2100.3.34.2),libc++,arm64,libcxx,native,664d906899b1726ae6d0bd3856483c4590af875a9dfdc3fee14fdcb79dbc4e34,false
exp7-manifest-1,2026-09-25T05:50:15Z,p3,paired,both,double,-,0.51000000000000001,10003,raw/p3/p3_cond_libcxx_k0.51_s10003_double.bin,bin,1000000,32,1,2,32000096,64269a49b81629767897991c2ca64c23afa0e08920b88a9f282a0cb9a40707c6,./exp7_probe_libcxx.exe,2f81b486545542fc7b2159aaeec4d7169505046154a97bb1469c18bc24d28fac,-Wall -Wextra -std=c++11 -O2 -ffp-contract=off -I src,clang 21.0.0 (clang-2100.3.34.2),libc++,arm64,libcxx,native,664d906899b1726ae6d0bd3856483c4590af875a9dfdc3fee14fdcb79dbc4e34,false
exp7-manifest-1,2026-09-25T05:50:15Z,p3,paired,both,double,-,0.75,10003,raw/p3/p3_cond_libcxx_k0.75_s10003_double.bin,bin,1000000,32,1,2,32000096,a71f0ec201a6adfa35dd1db9aae337ad5099ffb0a9ca3679d3380bbbe3fe05ea,./exp7_probe_libcxx.exe,2f81b486545542fc7b2159aaeec4d7169505046154a97bb1469c18bc24d28fac,-Wall -Wextra -std=c++11 -O2 -ffp-contract=off -I src,clang 21.0.0 (clang-2100.3.34.2),libc++,arm64,libcxx,native,664d906899b1726ae6d0bd3856483c4590af875a9dfdc3fee14fdcb79dbc4e34,false
exp7-manifest-1,2026-09-25T05:50:15Z,p3,paired,both,float,-,0.55000000000000004,10003,raw/p3/p3_cond_libcxx_k0.55_s10003_float.bin,bin,1000000,32,1,2,32000096,c6bb3198fd7fd0b6600a2666711a979b79753bb18998f2f766a3716c5a658a25,./exp7_probe_libcxx.exe,2f81b486545542fc7b2159aaeec4d7169505046154a97bb1469c18bc24d28fac,-Wall -Wextra -std=c++11 -O2 -ffp-contract=off -I src,clang 21.0.0 (clang-2100.3.34.2),libc++,arm64,libcxx,native,664d906899b1726ae6d0bd3856483c4590af875a9dfdc3fee14fdcb79dbc4e34,false
exp7-manifest-1,2026-09-25T05:50:15Z,p3,paired,both,float,-,0.59999999999999998,10003,raw/p3/p3_cond_libcxx_k0.6_s10003_float.bin,bin,1000000,32,1,2,32000096,d4b6424b54a0b3a3a31964f34ee8b15363bea05d92925e2b89b28f1124ee41e5,./exp7_probe_libcxx.exe,2f81b486545542fc7b2159aaeec4d7169505046154a97bb1469c18bc24d28fac,-Wall -Wextra -std=c++11 -O2 -ffp-contract=off -I src,clang 21.0.0 (clang-2100.3.34.2),libc++,arm64,libcxx,native,664d906899b1726ae6d0bd3856483c4590af875a9dfdc3fee14fdcb79dbc4e34,false
exp7-manifest-1,2026-09-25T05:50:15Z,p3,paired,both,float,-,0.75,10003,raw/p3/p3_cond_libcxx_k0.75_s10003_float.bin,bin,1000000,32,1,2,32000096,3f1663758c04619fd429d90dd4b48ab6256c0068cbab90b083a974d8e3222eed,./exp7_probe_libcxx.exe,2f81b486545542fc7b2159aaeec4d7169505046154a97bb1469c18bc24d28fac,-Wall -Wextra -std=c++11 -O2 -ffp-contract=off -I src,clang 21.0.0 (clang-2100.3.34.2),libc++,arm64,libcxx,native,664d906899b1726ae6d0bd3856483c4590af875a9dfdc3fee14fdcb79dbc4e34,false
exp7-manifest-1,2026-09-25T05:50:15Z,p3,paired,both,double,-,0.501,10004,raw/p3/p3_cond_libcxx_k0.501_s10004_double.bin,bin,1000000,32,1,2,32000096,4b0bf3499d5f7cccdc46890f955c324cbf5e386c1c79e6db9684b8a55b6311ba,./exp7_probe_libcxx.exe,2f81b486545542fc7b2159aaeec4d7169505046154a97bb1469c18bc24d28fac,-Wall -Wextra -std=c++11 -O2 -ffp-contract=off -I src,clang 21.0.0 (clang-2100.3.34.2),libc++,arm64,libcxx,native,664d906899b1726ae6d0bd3856483c4590af875a9dfdc3fee14fdcb79dbc4e34,false
exp7-manifest-1,2026-09-25T05:50:15Z,p3,paired,both,double,-,0.505,10004,raw/p3/p3_cond_libcxx_k0.505_s10004_double.bin,bin,1000000,32,1,2,32000096,4a3fbf5ed0cb167ddcae3b3da5be5472446c48e648aaccc8e834c49a635653df,./exp7_probe_libcxx.exe,2f81b486545542fc7b2159aaeec4d7169505046154a97bb1469c18bc24d28fac,-Wall -Wextra -std=c++11 -O2 -ffp-contract=off -I src,clang 21.0.0 (clang-2100.3.34.2),libc++,arm64,libcxx,native,664d906899b1726ae6d0bd3856483c4590af875a9dfdc3fee14fdcb79dbc4e34,false
exp7-manifest-1,2026-09-25T05:50:15Z,p3,paired,both,double,-,0.51000000000000001,10004,raw/p3/p3_cond_libcxx_k0.51_s10004_double.bin,bin,1000000,32,1,2,32000096,caca9ecde8796a458f9a402fed0a7cac54977e177d154d1f563ba6c946ed4f61,./exp7_probe_libcxx.exe,2f81b486545542fc7b2159aaeec4d7169505046154a97bb1469c18bc24d28fac,-Wall -Wextra -std=c++11 -O2 -ffp-contract=off -I src,clang 21.0.0 (clang-2100.3.34.2),libc++,arm64,libcxx,native,664d906899b1726ae6d0bd3856483c4590af875a9dfdc3fee14fdcb79dbc4e34,false
exp7-manifest-1,2026-09-25T05:50:15Z,p3,paired,both,double,-,0.75,10004,raw/p3/p3_cond_libcxx_k0.75_s10004_double.bin,bin,1000000,32,1,2,32000096,458e0ca47acd3d828988708e63f90a2b4a3018098ac597228d871197a5ca2d1e,./exp7_probe_libcxx.exe,2f81b486545542fc7b2159aaeec4d7169505046154a97bb1469c18bc24d28fac,-Wall -Wextra -std=c++11 -O2 -ffp-contract=off -I src,clang 21.0.0 (clang-2100.3.34.2),libc++,arm64,libcxx,native,664d906899b1726ae6d0bd3856483c4590af875a9dfdc3fee14fdcb79dbc4e34,false
exp7-manifest-1,2026-09-25T05:50:15Z,p3,paired,both,float,-,0.55000000000000004,10004,raw/p3/p3_cond_libcxx_k0.55_s10004_float.bin,bin,1000000,32,1,2,32000096,d1ef15f52c38d9c36ba878b693fd1fbcc4f157b0ecee30283d3816d1372d1f8c,./exp7_probe_libcxx.exe,2f81b486545542fc7b2159aaeec4d7169505046154a97bb1469c18bc24d28fac,-Wall -Wextra -std=c++11 -O2 -ffp-contract=off -I src,clang 21.0.0 (clang-2100.3.34.2),libc++,arm64,libcxx,native,664d906899b1726ae6d0bd3856483c4590af875a9dfdc3fee14fdcb79dbc4e34,false
exp7-manifest-1,2026-09-25T05:50:15Z,p3,paired,both,float,-,0.59999999999999998,10004,raw/p3/p3_cond_libcxx_k0.6_s10004_float.bin,bin,1000000,32,1,2,32000096,b2411f95095d53f6f8a088e1f1b1e7466133cd8243886b3bcfe157b2850018ed,./exp7_probe_libcxx.exe,2f81b486545542fc7b2159aaeec4d7169505046154a97bb1469c18bc24d28fac,-Wall -Wextra -std=c++11 -O2 -ffp-contract=off -I src,clang 21.0.0 (clang-2100.3.34.2),libc++,arm64,libcxx,native,664d906899b1726ae6d0bd3856483c4590af875a9dfdc3fee14fdcb79dbc4e34,false
exp7-manifest-1,2026-09-25T05:50:15Z,p3,paired,both,float,-,0.75,10004,raw/p3/p3_cond_libcxx_k0.75_s10004_float.bin,bin,1000000,32,1,2,32000096,df09b234da2b7d2f70e202ce39b48a067c1bcfa6abc15c988585f76426ef155b,./exp7_probe_libcxx.exe,2f81b486545542fc7b2159aaeec4d7169505046154a97bb1469c18bc24d28fac,-Wall -Wextra -std=c++11 -O2 -ffp-contract=off -I src,clang 21.0.0 (clang-2100.3.34.2),libc++,arm64,libcxx,native,664d906899b1726ae6d0bd3856483c4590af875a9dfdc3fee14fdcb79dbc4e34,false
exp7-manifest-1,2026-09-25T05:50:15Z,p3,paired,both,double,-,0.501,10005,raw/p3/p3_cond_libcxx_k0.501_s10005_double.bin,bin,1000000,32,1,2,32000096,bb8ec64bd04edf30316466b871b224d9ae546a949e1b53e77384dce568c0628d,./exp7_probe_libcxx.exe,2f81b486545542fc7b2159aaeec4d7169505046154a97bb1469c18bc24d28fac,-Wall -Wextra -std=c++11 -O2 -ffp-contract=off -I src,clang 21.0.0 (clang-2100.3.34.2),libc++,arm64,libcxx,native,664d906899b1726ae6d0bd3856483c4590af875a9dfdc3fee14fdcb79dbc4e34,false
exp7-manifest-1,2026-09-25T05:50:15Z,p3,paired,both,double,-,0.505,10005,raw/p3/p3_cond_libcxx_k0.505_s10005_double.bin,bin,1000000,32,1,2,32000096,0051f7820987a6947e4ba52e80df038bcb523ad17ab1b60f026cfff4a8834fe9,./exp7_probe_libcxx.exe,2f81b486545542fc7b2159aaeec4d7169505046154a97bb1469c18bc24d28fac,-Wall -Wextra -std=c++11 -O2 -ffp-contract=off -I src,clang 21.0.0 (clang-2100.3.34.2),libc++,arm64,libcxx,native,664d906899b1726ae6d0bd3856483c4590af875a9dfdc3fee14fdcb79dbc4e34,false
exp7-manifest-1,2026-09-25T05:50:15Z,p3,paired,both,double,-,0.51000000000000001,10005,raw/p3/p3_cond_libcxx_k0.51_s10005_double.bin,bin,1000000,32,1,2,32000096,dae823d004f6b8f7b1003856ac0f17f1006a433d6e323601d2296fbb02e45e5f,./exp7_probe_libcxx.exe,2f81b486545542fc7b2159aaeec4d7169505046154a97bb1469c18bc24d28fac,-Wall -Wextra -std=c++11 -O2 -ffp-contract=off -I src,clang 21.0.0 (clang-2100.3.34.2),libc++,arm64,libcxx,native,664d906899b1726ae6d0bd3856483c4590af875a9dfdc3fee14fdcb79dbc4e34,false
exp7-manifest-1,2026-09-25T05:50:15Z,p3,paired,both,double,-,0.75,10005,raw/p3/p3_cond_libcxx_k0.75_s10005_double.bin,bin,1000000,32,1,2,32000096,94f5cff98dbd79b85965fac456d1c3128fc65e289b1e77f567dd93f2ec152165,./exp7_probe_libcxx.exe,2f81b486545542fc7b2159aaeec4d7169505046154a97bb1469c18bc24d28fac,-Wall -Wextra -std=c++11 -O2 -ffp-contract=off -I src,clang 21.0.0 (clang-2100.3.34.2),libc++,arm64,libcxx,native,664d906899b1726ae6d0bd3856483c4590af875a9dfdc3fee14fdcb79dbc4e34,false
exp7-manifest-1,2026-09-25T05:50:15Z,p3,paired,both,float,-,0.55000000000000004,10005,raw/p3/p3_cond_libcxx_k0.55_s10005_float.bin,bin,1000000,32,1,2,32000096,e90b4e1e55201297fda47bdb73f2640534fd9f68612dc07503e4fcdbaa37ad5c,./exp7_probe_libcxx.exe,2f81b486545542fc7b2159aaeec4d7169505046154a97bb1469c18bc24d28fac,-Wall -Wextra -std=c++11 -O2 -ffp-contract=off -I src,clang 21.0.0 (clang-2100.3.34.2),libc++,arm64,libcxx,native,664d906899b1726ae6d0bd3856483c4590af875a9dfdc3fee14fdcb79dbc4e34,false
exp7-manifest-1,2026-09-25T05:50:15Z,p3,paired,both,float,-,0.59999999999999998,10005,raw/p3/p3_cond_libcxx_k0.6_s10005_float.bin,bin,1000000,32,1,2,32000096,45a1d224b26bc76f5966c99a355ce4df00c7c710d36b4e9c88f0544eecb60df4,./exp7_probe_libcxx.exe,2f81b486545542fc7b2159aaeec4d7169505046154a97bb1469c18bc24d28fac,-Wall -Wextra -std=c++11 -O2 -ffp-contract=off -I src,clang 21.0.0 (clang-2100.3.34.2),libc++,arm64,libcxx,native,664d906899b1726ae6d0bd3856483c4590af875a9dfdc3fee14fdcb79dbc4e34,false
exp7-manifest-1,2026-09-25T05:50:15Z,p3,paired,both,float,-,0.75,10005,raw/p3/p3_cond_libcxx_k0.75_s10005_float.bin,bin,1000000,32,1,2,32000096,730ab56e47def5385d89dd97cdc4e0e1990b7347915d4defdfcee31cd8a83a56,./exp7_probe_libcxx.exe,2f81b486545542fc7b2159aaeec4d7169505046154a97bb1469c18bc24d28fac,-Wall -Wextra -std=c++11 -O2 -ffp-contract=off -I src,clang 21.0.0 (clang-2100.3.34.2),libc++,arm64,libcxx,native,664d906899b1726ae6d0bd3856483c4590af875a9dfdc3fee14fdcb79dbc4e34,false
exp7-manifest-1,2026-09-25T05:50:15Z,p3,audit,paired,mixed,-,nan,-1,raw/p3/audit_p3_libcxx.bin,bin,1518228,72,1,4,109312512,e3fcede892c9c448380ceeaa0b82bf1f448a7513e01b7d06dfee90f3c76b8d58,./exp7_probe_libcxx.exe,2f81b486545542fc7b2159aaeec4d7169505046154a97bb1469c18bc24d28fac,-Wall -Wextra -std=c++11 -O2 -ffp-contract=off -I src,clang 21.0.0 (clang-2100.3.34.2),libc++,arm64,libcxx,native,664d906899b1726ae6d0bd3856483c4590af875a9dfdc3fee14fdcb79dbc4e34,false
exp7-manifest-1,2026-09-25T05:50:15Z,p3,summary,all,all,all,nan,-1,raw/p3/p3_libcxx.jsonl,jsonl,105,-1,-1,-1,230253,e78c2a6f02015c1940beac05e703b94fdc07e55feb6e08d6d8d8b60787a89ee9,./exp7_probe_libcxx.exe,2f81b486545542fc7b2159aaeec4d7169505046154a97bb1469c18bc24d28fac,-Wall -Wextra -std=c++11 -O2 -ffp-contract=off -I src,clang 21.0.0 (clang-2100.3.34.2),libc++,arm64,libcxx,native,664d906899b1726ae6d0bd3856483c4590af875a9dfdc3fee14fdcb79dbc4e34,false
exp7-manifest-1,2026-09-25T05:50:23Z,p3,paired,both,double,-,0.501,10001,raw/p3/p3_cond_libstdcxx_k0.501_s10001_double.bin,bin,1000000,32,1,2,32000096,c60b9fed9556f2bcf1126ae215d251a13bcf5963cc42b7fe3fe241bf518ed25c,./exp7_probe_libstdcxx.exe,62a584d372abbb1724b224dc18b88c277d6ee16b754484eecb896f7fbdabeca5,-Wall -Wextra -std=c++11 -O2 -ffp-contract=off -I src,gcc 15.2.0,libstdc++,arm64,libstdcxx,native,664d906899b1726ae6d0bd3856483c4590af875a9dfdc3fee14fdcb79dbc4e34,false
exp7-manifest-1,2026-09-25T05:50:23Z,p3,paired,both,double,-,0.505,10001,raw/p3/p3_cond_libstdcxx_k0.505_s10001_double.bin,bin,1000000,32,1,2,32000096,d59ae107351a02202bac3df86f78d6c3b4cd768107803b40961e89c8527a14ba,./exp7_probe_libstdcxx.exe,62a584d372abbb1724b224dc18b88c277d6ee16b754484eecb896f7fbdabeca5,-Wall -Wextra -std=c++11 -O2 -ffp-contract=off -I src,gcc 15.2.0,libstdc++,arm64,libstdcxx,native,664d906899b1726ae6d0bd3856483c4590af875a9dfdc3fee14fdcb79dbc4e34,false
exp7-manifest-1,2026-09-25T05:50:23Z,p3,paired,both,double,-,0.51000000000000001,10001,raw/p3/p3_cond_libstdcxx_k0.51_s10001_double.bin,bin,1000000,32,1,2,32000096,79d979d722bed9b28545c2ddc24275eeba0e1e664120aaf86db95ad02c7c16a1,./exp7_probe_libstdcxx.exe,62a584d372abbb1724b224dc18b88c277d6ee16b754484eecb896f7fbdabeca5,-Wall -Wextra -std=c++11 -O2 -ffp-contract=off -I src,gcc 15.2.0,libstdc++,arm64,libstdcxx,native,664d906899b1726ae6d0bd3856483c4590af875a9dfdc3fee14fdcb79dbc4e34,false
exp7-manifest-1,2026-09-25T05:50:23Z,p3,paired,both,double,-,0.75,10001,raw/p3/p3_cond_libstdcxx_k0.75_s10001_double.bin,bin,1000000,32,1,2,32000096,0d7c525f5024406ba4cbe12deae10812b7d0637827319a5782ce9c06e5aa509f,./exp7_probe_libstdcxx.exe,62a584d372abbb1724b224dc18b88c277d6ee16b754484eecb896f7fbdabeca5,-Wall -Wextra -std=c++11 -O2 -ffp-contract=off -I src,gcc 15.2.0,libstdc++,arm64,libstdcxx,native,664d906899b1726ae6d0bd3856483c4590af875a9dfdc3fee14fdcb79dbc4e34,false
exp7-manifest-1,2026-09-25T05:50:23Z,p3,paired,both,float,-,0.55000000000000004,10001,raw/p3/p3_cond_libstdcxx_k0.55_s10001_float.bin,bin,1000000,32,1,2,32000096,31065cf8ba6def3e93a96b55fc078da583607e9826d6f8226e7cafbd714dccfc,./exp7_probe_libstdcxx.exe,62a584d372abbb1724b224dc18b88c277d6ee16b754484eecb896f7fbdabeca5,-Wall -Wextra -std=c++11 -O2 -ffp-contract=off -I src,gcc 15.2.0,libstdc++,arm64,libstdcxx,native,664d906899b1726ae6d0bd3856483c4590af875a9dfdc3fee14fdcb79dbc4e34,false
exp7-manifest-1,2026-09-25T05:50:23Z,p3,paired,both,float,-,0.59999999999999998,10001,raw/p3/p3_cond_libstdcxx_k0.6_s10001_float.bin,bin,1000000,32,1,2,32000096,0c4b179a3b3298d175eecc1487f9f456968ad4e13f5d1f7fb0e00865d3c9ec70,./exp7_probe_libstdcxx.exe,62a584d372abbb1724b224dc18b88c277d6ee16b754484eecb896f7fbdabeca5,-Wall -Wextra -std=c++11 -O2 -ffp-contract=off -I src,gcc 15.2.0,libstdc++,arm64,libstdcxx,native,664d906899b1726ae6d0bd3856483c4590af875a9dfdc3fee14fdcb79dbc4e34,false
exp7-manifest-1,2026-09-25T05:50:23Z,p3,paired,both,float,-,0.75,10001,raw/p3/p3_cond_libstdcxx_k0.75_s10001_float.bin,bin,1000000,32,1,2,32000096,2214f5805a177cfa4b47f9edb3ee8dbf8d431fd607d28bd5aa5aa8c1e0ac0093,./exp7_probe_libstdcxx.exe,62a584d372abbb1724b224dc18b88c277d6ee16b754484eecb896f7fbdabeca5,-Wall -Wextra -std=c++11 -O2 -ffp-contract=off -I src,gcc 15.2.0,libstdc++,arm64,libstdcxx,native,664d906899b1726ae6d0bd3856483c4590af875a9dfdc3fee14fdcb79dbc4e34,false
exp7-manifest-1,2026-09-25T05:50:23Z,p3,paired,both,double,-,0.501,10002,raw/p3/p3_cond_libstdcxx_k0.501_s10002_double.bin,bin,1000000,32,1,2,32000096,bc580b51fa19ad3cf0dcfbe43ebd28fc9b71453845017b554fd16fb7f97500ab,./exp7_probe_libstdcxx.exe,62a584d372abbb1724b224dc18b88c277d6ee16b754484eecb896f7fbdabeca5,-Wall -Wextra -std=c++11 -O2 -ffp-contract=off -I src,gcc 15.2.0,libstdc++,arm64,libstdcxx,native,664d906899b1726ae6d0bd3856483c4590af875a9dfdc3fee14fdcb79dbc4e34,false
exp7-manifest-1,2026-09-25T05:50:23Z,p3,paired,both,double,-,0.505,10002,raw/p3/p3_cond_libstdcxx_k0.505_s10002_double.bin,bin,1000000,32,1,2,32000096,a3963fb86b05325324e42e36ad660a9a81e265dcc16eafc2877896f6ec5f5746,./exp7_probe_libstdcxx.exe,62a584d372abbb1724b224dc18b88c277d6ee16b754484eecb896f7fbdabeca5,-Wall -Wextra -std=c++11 -O2 -ffp-contract=off -I src,gcc 15.2.0,libstdc++,arm64,libstdcxx,native,664d906899b1726ae6d0bd3856483c4590af875a9dfdc3fee14fdcb79dbc4e34,false
exp7-manifest-1,2026-09-25T05:50:23Z,p3,paired,both,double,-,0.51000000000000001,10002,raw/p3/p3_cond_libstdcxx_k0.51_s10002_double.bin,bin,1000000,32,1,2,32000096,f9d42ac829d4d37bc26ba601c3fdc5799dd8969da453396d9598fed661de1017,./exp7_probe_libstdcxx.exe,62a584d372abbb1724b224dc18b88c277d6ee16b754484eecb896f7fbdabeca5,-Wall -Wextra -std=c++11 -O2 -ffp-contract=off -I src,gcc 15.2.0,libstdc++,arm64,libstdcxx,native,664d906899b1726ae6d0bd3856483c4590af875a9dfdc3fee14fdcb79dbc4e34,false
exp7-manifest-1,2026-09-25T05:50:23Z,p3,paired,both,double,-,0.75,10002,raw/p3/p3_cond_libstdcxx_k0.75_s10002_double.bin,bin,1000000,32,1,2,32000096,ce2c78febbbc2148b8098de31d48e2745a1ab3b61e4f3ce009bb6416d8c05f59,./exp7_probe_libstdcxx.exe,62a584d372abbb1724b224dc18b88c277d6ee16b754484eecb896f7fbdabeca5,-Wall -Wextra -std=c++11 -O2 -ffp-contract=off -I src,gcc 15.2.0,libstdc++,arm64,libstdcxx,native,664d906899b1726ae6d0bd3856483c4590af875a9dfdc3fee14fdcb79dbc4e34,false
exp7-manifest-1,2026-09-25T05:50:23Z,p3,paired,both,float,-,0.55000000000000004,10002,raw/p3/p3_cond_libstdcxx_k0.55_s10002_float.bin,bin,1000000,32,1,2,32000096,caaf90d2b7b76db1d4d49d019b80ec49b6d2096c22498f12a7229220090b41b8,./exp7_probe_libstdcxx.exe,62a584d372abbb1724b224dc18b88c277d6ee16b754484eecb896f7fbdabeca5,-Wall -Wextra -std=c++11 -O2 -ffp-contract=off -I src,gcc 15.2.0,libstdc++,arm64,libstdcxx,native,664d906899b1726ae6d0bd3856483c4590af875a9dfdc3fee14fdcb79dbc4e34,false
exp7-manifest-1,2026-09-25T05:50:23Z,p3,paired,both,float,-,0.59999999999999998,10002,raw/p3/p3_cond_libstdcxx_k0.6_s10002_float.bin,bin,1000000,32,1,2,32000096,f1907e34d22a6ff5c2d8e1a33c3d985cc06952bfa24e0895bc9851a569ec1124,./exp7_probe_libstdcxx.exe,62a584d372abbb1724b224dc18b88c277d6ee16b754484eecb896f7fbdabeca5,-Wall -Wextra -std=c++11 -O2 -ffp-contract=off -I src,gcc 15.2.0,libstdc++,arm64,libstdcxx,native,664d906899b1726ae6d0bd3856483c4590af875a9dfdc3fee14fdcb79dbc4e34,false
exp7-manifest-1,2026-09-25T05:50:23Z,p3,paired,both,float,-,0.75,10002,raw/p3/p3_cond_libstdcxx_k0.75_s10002_float.bin,bin,1000000,32,1,2,32000096,ab4d2348a7b57e3dad055b2fad009d1437e00846b98c8eb7023458294fb1ca8f,./exp7_probe_libstdcxx.exe,62a584d372abbb1724b224dc18b88c277d6ee16b754484eecb896f7fbdabeca5,-Wall -Wextra -std=c++11 -O2 -ffp-contract=off -I src,gcc 15.2.0,libstdc++,arm64,libstdcxx,native,664d906899b1726ae6d0bd3856483c4590af875a9dfdc3fee14fdcb79dbc4e34,false
exp7-manifest-1,2026-09-25T05:50:23Z,p3,paired,both,double,-,0.501,10003,raw/p3/p3_cond_libstdcxx_k0.501_s10003_double.bin,bin,1000000,32,1,2,32000096,553a2b59cb54f83198d08f8dc975b436b6eae74e5e84d459c3b9843ea1bce86a,./exp7_probe_libstdcxx.exe,62a584d372abbb1724b224dc18b88c277d6ee16b754484eecb896f7fbdabeca5,-Wall -Wextra -std=c++11 -O2 -ffp-contract=off -I src,gcc 15.2.0,libstdc++,arm64,libstdcxx,native,664d906899b1726ae6d0bd3856483c4590af875a9dfdc3fee14fdcb79dbc4e34,false
exp7-manifest-1,2026-09-25T05:50:23Z,p3,paired,both,double,-,0.505,10003,raw/p3/p3_cond_libstdcxx_k0.505_s10003_double.bin,bin,1000000,32,1,2,32000096,7b2a65e77db30a9205e78e72ce9f85e4ed074798c0570cc61a85803708b87a7b,./exp7_probe_libstdcxx.exe,62a584d372abbb1724b224dc18b88c277d6ee16b754484eecb896f7fbdabeca5,-Wall -Wextra -std=c++11 -O2 -ffp-contract=off -I src,gcc 15.2.0,libstdc++,arm64,libstdcxx,native,664d906899b1726ae6d0bd3856483c4590af875a9dfdc3fee14fdcb79dbc4e34,false
exp7-manifest-1,2026-09-25T05:50:23Z,p3,paired,both,double,-,0.51000000000000001,10003,raw/p3/p3_cond_libstdcxx_k0.51_s10003_double.bin,bin,1000000,32,1,2,32000096,ffcd3267003cfd83d29e1225f3546b19d42dd8c7db02dd3f78642c1fbd82a783,./exp7_probe_libstdcxx.exe,62a584d372abbb1724b224dc18b88c277d6ee16b754484eecb896f7fbdabeca5,-Wall -Wextra -std=c++11 -O2 -ffp-contract=off -I src,gcc 15.2.0,libstdc++,arm64,libstdcxx,native,664d906899b1726ae6d0bd3856483c4590af875a9dfdc3fee14fdcb79dbc4e34,false
exp7-manifest-1,2026-09-25T05:50:23Z,p3,paired,both,double,-,0.75,10003,raw/p3/p3_cond_libstdcxx_k0.75_s10003_double.bin,bin,1000000,32,1,2,32000096,b09ae962e70b109ebef204f116fc8cc788e578c4622ad91620d58b919975c9b6,./exp7_probe_libstdcxx.exe,62a584d372abbb1724b224dc18b88c277d6ee16b754484eecb896f7fbdabeca5,-Wall -Wextra -std=c++11 -O2 -ffp-contract=off -I src,gcc 15.2.0,libstdc++,arm64,libstdcxx,native,664d906899b1726ae6d0bd3856483c4590af875a9dfdc3fee14fdcb79dbc4e34,false
exp7-manifest-1,2026-09-25T05:50:23Z,p3,paired,both,float,-,0.55000000000000004,10003,raw/p3/p3_cond_libstdcxx_k0.55_s10003_float.bin,bin,1000000,32,1,2,32000096,5451ce8e52b3e9169611055bba23cbc5ba00e1db9ba65bf4757a4e0ff4f35613,./exp7_probe_libstdcxx.exe,62a584d372abbb1724b224dc18b88c277d6ee16b754484eecb896f7fbdabeca5,-Wall -Wextra -std=c++11 -O2 -ffp-contract=off -I src,gcc 15.2.0,libstdc++,arm64,libstdcxx,native,664d906899b1726ae6d0bd3856483c4590af875a9dfdc3fee14fdcb79dbc4e34,false
exp7-manifest-1,2026-09-25T05:50:23Z,p3,paired,both,float,-,0.59999999999999998,10003,raw/p3/p3_cond_libstdcxx_k0.6_s10003_float.bin,bin,1000000,32,1,2,32000096,5fee151300fbfc44d2fa1dbb5b730a723cd533d2a59416f66fae8b1db1281090,./exp7_probe_libstdcxx.exe,62a584d372abbb1724b224dc18b88c277d6ee16b754484eecb896f7fbdabeca5,-Wall -Wextra -std=c++11 -O2 -ffp-contract=off -I src,gcc 15.2.0,libstdc++,arm64,libstdcxx,native,664d906899b1726ae6d0bd3856483c4590af875a9dfdc3fee14fdcb79dbc4e34,false
exp7-manifest-1,2026-09-25T05:50:23Z,p3,paired,both,float,-,0.75,10003,raw/p3/p3_cond_libstdcxx_k0.75_s10003_float.bin,bin,1000000,32,1,2,32000096,18dc80504c2c276cbd230169519d001641bf125f0c42dc48033373f8bd881db6,./exp7_probe_libstdcxx.exe,62a584d372abbb1724b224dc18b88c277d6ee16b754484eecb896f7fbdabeca5,-Wall -Wextra -std=c++11 -O2 -ffp-contract=off -I src,gcc 15.2.0,libstdc++,arm64,libstdcxx,native,664d906899b1726ae6d0bd3856483c4590af875a9dfdc3fee14fdcb79dbc4e34,false
exp7-manifest-1,2026-09-25T05:50:23Z,p3,paired,both,double,-,0.501,10004,raw/p3/p3_cond_libstdcxx_k0.501_s10004_double.bin,bin,1000000,32,1,2,32000096,34303ef0d8b2888733954d900bce6117df0f797635acd9ff5bc2b4d37a8a0889,./exp7_probe_libstdcxx.exe,62a584d372abbb1724b224dc18b88c277d6ee16b754484eecb896f7fbdabeca5,-Wall -Wextra -std=c++11 -O2 -ffp-contract=off -I src,gcc 15.2.0,libstdc++,arm64,libstdcxx,native,664d906899b1726ae6d0bd3856483c4590af875a9dfdc3fee14fdcb79dbc4e34,false
exp7-manifest-1,2026-09-25T05:50:23Z,p3,paired,both,double,-,0.505,10004,raw/p3/p3_cond_libstdcxx_k0.505_s10004_double.bin,bin,1000000,32,1,2,32000096,511cd2a6e87da25408c131dcfdf2d335cad364ad57f8f21e403d9c01c5767975,./exp7_probe_libstdcxx.exe,62a584d372abbb1724b224dc18b88c277d6ee16b754484eecb896f7fbdabeca5,-Wall -Wextra -std=c++11 -O2 -ffp-contract=off -I src,gcc 15.2.0,libstdc++,arm64,libstdcxx,native,664d906899b1726ae6d0bd3856483c4590af875a9dfdc3fee14fdcb79dbc4e34,false
exp7-manifest-1,2026-09-25T05:50:23Z,p3,paired,both,double,-,0.51000000000000001,10004,raw/p3/p3_cond_libstdcxx_k0.51_s10004_double.bin,bin,1000000,32,1,2,32000096,fcd7d05e86e974c1aee5cb6af8e22fddaaba5ec3490ee8290bc75980e473c3d5,./exp7_probe_libstdcxx.exe,62a584d372abbb1724b224dc18b88c277d6ee16b754484eecb896f7fbdabeca5,-Wall -Wextra -std=c++11 -O2 -ffp-contract=off -I src,gcc 15.2.0,libstdc++,arm64,libstdcxx,native,664d906899b1726ae6d0bd3856483c4590af875a9dfdc3fee14fdcb79dbc4e34,false
exp7-manifest-1,2026-09-25T05:50:23Z,p3,paired,both,double,-,0.75,10004,raw/p3/p3_cond_libstdcxx_k0.75_s10004_double.bin,bin,1000000,32,1,2,32000096,402d4d111d7f98c27acf155844512027e033b97bfcd76ec140131501aa1e3eb4,./exp7_probe_libstdcxx.exe,62a584d372abbb1724b224dc18b88c277d6ee16b754484eecb896f7fbdabeca5,-Wall -Wextra -std=c++11 -O2 -ffp-contract=off -I src,gcc 15.2.0,libstdc++,arm64,libstdcxx,native,664d906899b1726ae6d0bd3856483c4590af875a9dfdc3fee14fdcb79dbc4e34,false
exp7-manifest-1,2026-09-25T05:50:23Z,p3,paired,both,float,-,0.55000000000000004,10004,raw/p3/p3_cond_libstdcxx_k0.55_s10004_float.bin,bin,1000000,32,1,2,32000096,6cdbdbfe49686fb32e888dedd5a13da7556c02e3b15261f2e93538606195f11e,./exp7_probe_libstdcxx.exe,62a584d372abbb1724b224dc18b88c277d6ee16b754484eecb896f7fbdabeca5,-Wall -Wextra -std=c++11 -O2 -ffp-contract=off -I src,gcc 15.2.0,libstdc++,arm64,libstdcxx,native,664d906899b1726ae6d0bd3856483c4590af875a9dfdc3fee14fdcb79dbc4e34,false
exp7-manifest-1,2026-09-25T05:50:23Z,p3,paired,both,float,-,0.59999999999999998,10004,raw/p3/p3_cond_libstdcxx_k0.6_s10004_float.bin,bin,1000000,32,1,2,32000096,ff743d37ab4d1fcbce4fbd6b2684f31e9deb03aa20620407e8f46bc05ed3f8b4,./exp7_probe_libstdcxx.exe,62a584d372abbb1724b224dc18b88c277d6ee16b754484eecb896f7fbdabeca5,-Wall -Wextra -std=c++11 -O2 -ffp-contract=off -I src,gcc 15.2.0,libstdc++,arm64,libstdcxx,native,664d906899b1726ae6d0bd3856483c4590af875a9dfdc3fee14fdcb79dbc4e34,false
exp7-manifest-1,2026-09-25T05:50:23Z,p3,paired,both,float,-,0.75,10004,raw/p3/p3_cond_libstdcxx_k0.75_s10004_float.bin,bin,1000000,32,1,2,32000096,d52bf8383ca1899a8d8d9f509d182a0193532fbd936a4b363ea51c4cce291d64,./exp7_probe_libstdcxx.exe,62a584d372abbb1724b224dc18b88c277d6ee16b754484eecb896f7fbdabeca5,-Wall -Wextra -std=c++11 -O2 -ffp-contract=off -I src,gcc 15.2.0,libstdc++,arm64,libstdcxx,native,664d906899b1726ae6d0bd3856483c4590af875a9dfdc3fee14fdcb79dbc4e34,false
exp7-manifest-1,2026-09-25T05:50:23Z,p3,paired,both,double,-,0.501,10005,raw/p3/p3_cond_libstdcxx_k0.501_s10005_double.bin,bin,1000000,32,1,2,32000096,d2f5b4c0ac54a55135f2170572cbadc02cfcda99a4eb08d337b79d9f061643ed,./exp7_probe_libstdcxx.exe,62a584d372abbb1724b224dc18b88c277d6ee16b754484eecb896f7fbdabeca5,-Wall -Wextra -std=c++11 -O2 -ffp-contract=off -I src,gcc 15.2.0,libstdc++,arm64,libstdcxx,native,664d906899b1726ae6d0bd3856483c4590af875a9dfdc3fee14fdcb79dbc4e34,false
exp7-manifest-1,2026-09-25T05:50:23Z,p3,paired,both,double,-,0.505,10005,raw/p3/p3_cond_libstdcxx_k0.505_s10005_double.bin,bin,1000000,32,1,2,32000096,0682c5508fb686d7b0394905cac6bf9c3786339f8170d2eaf47f5e2506ec1bf4,./exp7_probe_libstdcxx.exe,62a584d372abbb1724b224dc18b88c277d6ee16b754484eecb896f7fbdabeca5,-Wall -Wextra -std=c++11 -O2 -ffp-contract=off -I src,gcc 15.2.0,libstdc++,arm64,libstdcxx,native,664d906899b1726ae6d0bd3856483c4590af875a9dfdc3fee14fdcb79dbc4e34,false
exp7-manifest-1,2026-09-25T05:50:23Z,p3,paired,both,double,-,0.51000000000000001,10005,raw/p3/p3_cond_libstdcxx_k0.51_s10005_double.bin,bin,1000000,32,1,2,32000096,11569b8275f0f24fb380f286485f3f7ef14993849c66103f9dae47ab8471090d,./exp7_probe_libstdcxx.exe,62a584d372abbb1724b224dc18b88c277d6ee16b754484eecb896f7fbdabeca5,-Wall -Wextra -std=c++11 -O2 -ffp-contract=off -I src,gcc 15.2.0,libstdc++,arm64,libstdcxx,native,664d906899b1726ae6d0bd3856483c4590af875a9dfdc3fee14fdcb79dbc4e34,false
exp7-manifest-1,2026-09-25T05:50:23Z,p3,paired,both,double,-,0.75,10005,raw/p3/p3_cond_libstdcxx_k0.75_s10005_double.bin,bin,1000000,32,1,2,32000096,0175fd0468d8476f742d1305e797b8283d838679df95528eeed21dd29997af12,./exp7_probe_libstdcxx.exe,62a584d372abbb1724b224dc18b88c277d6ee16b754484eecb896f7fbdabeca5,-Wall -Wextra -std=c++11 -O2 -ffp-contract=off -I src,gcc 15.2.0,libstdc++,arm64,libstdcxx,native,664d906899b1726ae6d0bd3856483c4590af875a9dfdc3fee14fdcb79dbc4e34,false
exp7-manifest-1,2026-09-25T05:50:23Z,p3,paired,both,float,-,0.55000000000000004,10005,raw/p3/p3_cond_libstdcxx_k0.55_s10005_float.bin,bin,1000000,32,1,2,32000096,d37bcfa999679365f845a73cc17198ae99ee4177dbf9e7659db5265db65460d5,./exp7_probe_libstdcxx.exe,62a584d372abbb1724b224dc18b88c277d6ee16b754484eecb896f7fbdabeca5,-Wall -Wextra -std=c++11 -O2 -ffp-contract=off -I src,gcc 15.2.0,libstdc++,arm64,libstdcxx,native,664d906899b1726ae6d0bd3856483c4590af875a9dfdc3fee14fdcb79dbc4e34,false
exp7-manifest-1,2026-09-25T05:50:23Z,p3,paired,both,float,-,0.59999999999999998,10005,raw/p3/p3_cond_libstdcxx_k0.6_s10005_float.bin,bin,1000000,32,1,2,32000096,58ec608345b017408d20d579872c9b6b9288454918da84ead8c4a121f334308e,./exp7_probe_libstdcxx.exe,62a584d372abbb1724b224dc18b88c277d6ee16b754484eecb896f7fbdabeca5,-Wall -Wextra -std=c++11 -O2 -ffp-contract=off -I src,gcc 15.2.0,libstdc++,arm64,libstdcxx,native,664d906899b1726ae6d0bd3856483c4590af875a9dfdc3fee14fdcb79dbc4e34,false
exp7-manifest-1,2026-09-25T05:50:23Z,p3,paired,both,float,-,0.75,10005,raw/p3/p3_cond_libstdcxx_k0.75_s10005_float.bin,bin,1000000,32,1,2,32000096,f7fed31444a2f8ac57d7f9e7b2cbd08717b393868ba711ca1f128e6104edb468,./exp7_probe_libstdcxx.exe,62a584d372abbb1724b224dc18b88c277d6ee16b754484eecb896f7fbdabeca5,-Wall -Wextra -std=c++11 -O2 -ffp-contract=off -I src,gcc 15.2.0,libstdc++,arm64,libstdcxx,native,664d906899b1726ae6d0bd3856483c4590af875a9dfdc3fee14fdcb79dbc4e34,false
exp7-manifest-1,2026-09-25T05:50:23Z,p3,audit,paired,mixed,-,nan,-1,raw/p3/audit_p3_libstdcxx.bin,bin,1518228,72,1,4,109312512,e3fcede892c9c448380ceeaa0b82bf1f448a7513e01b7d06dfee90f3c76b8d58,./exp7_probe_libstdcxx.exe,62a584d372abbb1724b224dc18b88c277d6ee16b754484eecb896f7fbdabeca5,-Wall -Wextra -std=c++11 -O2 -ffp-contract=off -I src,gcc 15.2.0,libstdc++,arm64,libstdcxx,native,664d906899b1726ae6d0bd3856483c4590af875a9dfdc3fee14fdcb79dbc4e34,false
exp7-manifest-1,2026-09-25T05:50:23Z,p3,summary,all,all,all,nan,-1,raw/p3/p3_libstdcxx.jsonl,jsonl,105,-1,-1,-1,228888,d282050010140523cd16ff3515578da87032c2754c4704ff313ed95357ceacf5,./exp7_probe_libstdcxx.exe,62a584d372abbb1724b224dc18b88c277d6ee16b754484eecb896f7fbdabeca5,-Wall -Wextra -std=c++11 -O2 -ffp-contract=off -I src,gcc 15.2.0,libstdc++,arm64,libstdcxx,native,664d906899b1726ae6d0bd3856483c4590af875a9dfdc3fee14fdcb79dbc4e34,false
exp7-manifest-1,2026-09-25T05:50:41Z,p4,uncapped,LEGACY,double,C0,2,10001,raw/p4/p4_loader_libcxx_C0_LEGACY_s10001.bin,bin,100000,40,1,3,4000096,adaa01ecd4b65a59166dcd56e2c03ddbd6ef52e2d941f6eff1cd7bbcf653b755,./exp7_probe_libcxx.exe,2f81b486545542fc7b2159aaeec4d7169505046154a97bb1469c18bc24d28fac,-Wall -Wextra -std=c++11 -O2 -ffp-contract=off -I src,clang 21.0.0 (clang-2100.3.34.2),libc++,arm64,libcxx,native,664d906899b1726ae6d0bd3856483c4590af875a9dfdc3fee14fdcb79dbc4e34,false
exp7-manifest-1,2026-09-25T05:50:41Z,p4,uncapped,CANDIDATE,double,C0,2,10001,raw/p4/p4_loader_libcxx_C0_CANDIDATE_s10001.bin,bin,100000,40,1,3,4000096,6b0e0d80bfb0974261e38705a27830b40929c3c7994294f04034cca4dab161b9,./exp7_probe_libcxx.exe,2f81b486545542fc7b2159aaeec4d7169505046154a97bb1469c18bc24d28fac,-Wall -Wextra -std=c++11 -O2 -ffp-contract=off -I src,clang 21.0.0 (clang-2100.3.34.2),libc++,arm64,libcxx,native,664d906899b1726ae6d0bd3856483c4590af875a9dfdc3fee14fdcb79dbc4e34,false
exp7-manifest-1,2026-09-25T05:50:41Z,p4,class,LEGACY,double,C0,2,10001,raw/p4/p4_class_libcxx_C0_LEGACY_s10001.bin,bin,100000,40,1,3,4000096,65d16e628031f7ad1f4e10e20ab24c14fd894f349506fb24c098dc8b9347f1a3,./exp7_probe_libcxx.exe,2f81b486545542fc7b2159aaeec4d7169505046154a97bb1469c18bc24d28fac,-Wall -Wextra -std=c++11 -O2 -ffp-contract=off -I src,clang 21.0.0 (clang-2100.3.34.2),libc++,arm64,libcxx,native,664d906899b1726ae6d0bd3856483c4590af875a9dfdc3fee14fdcb79dbc4e34,false
exp7-manifest-1,2026-09-25T05:50:41Z,p4,class,CANDIDATE,double,C0,2,10001,raw/p4/p4_class_libcxx_C0_CANDIDATE_s10001.bin,bin,100000,40,1,3,4000096,f235a79118958519324c05e5151248cd7f46b4edd4bfa639ac50191b61592846,./exp7_probe_libcxx.exe,2f81b486545542fc7b2159aaeec4d7169505046154a97bb1469c18bc24d28fac,-Wall -Wextra -std=c++11 -O2 -ffp-contract=off -I src,clang 21.0.0 (clang-2100.3.34.2),libc++,arm64,libcxx,native,664d906899b1726ae6d0bd3856483c4590af875a9dfdc3fee14fdcb79dbc4e34,false
exp7-manifest-1,2026-09-25T05:50:41Z,p4,uncapped,LEGACY,double,C0,2,10002,raw/p4/p4_loader_libcxx_C0_LEGACY_s10002.bin,bin,100000,40,1,3,4000096,1391b7d2fd187fe5b645eecf365a1b405f81cf8577babcbdb8017e703061cb0d,./exp7_probe_libcxx.exe,2f81b486545542fc7b2159aaeec4d7169505046154a97bb1469c18bc24d28fac,-Wall -Wextra -std=c++11 -O2 -ffp-contract=off -I src,clang 21.0.0 (clang-2100.3.34.2),libc++,arm64,libcxx,native,664d906899b1726ae6d0bd3856483c4590af875a9dfdc3fee14fdcb79dbc4e34,false
exp7-manifest-1,2026-09-25T05:50:41Z,p4,uncapped,CANDIDATE,double,C0,2,10002,raw/p4/p4_loader_libcxx_C0_CANDIDATE_s10002.bin,bin,100000,40,1,3,4000096,93338f27cd5e4128a7f9fb63ab56a1539a08b558d0ffb288ec172a4511c27e9c,./exp7_probe_libcxx.exe,2f81b486545542fc7b2159aaeec4d7169505046154a97bb1469c18bc24d28fac,-Wall -Wextra -std=c++11 -O2 -ffp-contract=off -I src,clang 21.0.0 (clang-2100.3.34.2),libc++,arm64,libcxx,native,664d906899b1726ae6d0bd3856483c4590af875a9dfdc3fee14fdcb79dbc4e34,false
exp7-manifest-1,2026-09-25T05:50:41Z,p4,class,LEGACY,double,C0,2,10002,raw/p4/p4_class_libcxx_C0_LEGACY_s10002.bin,bin,100000,40,1,3,4000096,602b4c9d1e2abf5b3d6fa0057d93b6c155a2de90f15a6f5973ea7a790b4a6933,./exp7_probe_libcxx.exe,2f81b486545542fc7b2159aaeec4d7169505046154a97bb1469c18bc24d28fac,-Wall -Wextra -std=c++11 -O2 -ffp-contract=off -I src,clang 21.0.0 (clang-2100.3.34.2),libc++,arm64,libcxx,native,664d906899b1726ae6d0bd3856483c4590af875a9dfdc3fee14fdcb79dbc4e34,false
exp7-manifest-1,2026-09-25T05:50:41Z,p4,class,CANDIDATE,double,C0,2,10002,raw/p4/p4_class_libcxx_C0_CANDIDATE_s10002.bin,bin,100000,40,1,3,4000096,4ca8c735d28151ded31a27215fed9d11d337811b06eb7bae64dccc63366ce6a6,./exp7_probe_libcxx.exe,2f81b486545542fc7b2159aaeec4d7169505046154a97bb1469c18bc24d28fac,-Wall -Wextra -std=c++11 -O2 -ffp-contract=off -I src,clang 21.0.0 (clang-2100.3.34.2),libc++,arm64,libcxx,native,664d906899b1726ae6d0bd3856483c4590af875a9dfdc3fee14fdcb79dbc4e34,false
exp7-manifest-1,2026-09-25T05:50:41Z,p4,uncapped,LEGACY,double,C0,2,10003,raw/p4/p4_loader_libcxx_C0_LEGACY_s10003.bin,bin,100000,40,1,3,4000096,0c4b1cfed5ea858cf093b806eeecae8ab64ffb5d05acb98e8defd9ed08ba8610,./exp7_probe_libcxx.exe,2f81b486545542fc7b2159aaeec4d7169505046154a97bb1469c18bc24d28fac,-Wall -Wextra -std=c++11 -O2 -ffp-contract=off -I src,clang 21.0.0 (clang-2100.3.34.2),libc++,arm64,libcxx,native,664d906899b1726ae6d0bd3856483c4590af875a9dfdc3fee14fdcb79dbc4e34,false
exp7-manifest-1,2026-09-25T05:50:41Z,p4,uncapped,CANDIDATE,double,C0,2,10003,raw/p4/p4_loader_libcxx_C0_CANDIDATE_s10003.bin,bin,100000,40,1,3,4000096,0be5281b8cb8bab9c1aaa8e1f8d8fcb0860fd62397768b0f789d09f37206eed4,./exp7_probe_libcxx.exe,2f81b486545542fc7b2159aaeec4d7169505046154a97bb1469c18bc24d28fac,-Wall -Wextra -std=c++11 -O2 -ffp-contract=off -I src,clang 21.0.0 (clang-2100.3.34.2),libc++,arm64,libcxx,native,664d906899b1726ae6d0bd3856483c4590af875a9dfdc3fee14fdcb79dbc4e34,false
exp7-manifest-1,2026-09-25T05:50:41Z,p4,class,LEGACY,double,C0,2,10003,raw/p4/p4_class_libcxx_C0_LEGACY_s10003.bin,bin,100000,40,1,3,4000096,4ee5d4ea4e519703a3bba0ba155ce5dd6712fcf9973928bf8ff7609c7308a532,./exp7_probe_libcxx.exe,2f81b486545542fc7b2159aaeec4d7169505046154a97bb1469c18bc24d28fac,-Wall -Wextra -std=c++11 -O2 -ffp-contract=off -I src,clang 21.0.0 (clang-2100.3.34.2),libc++,arm64,libcxx,native,664d906899b1726ae6d0bd3856483c4590af875a9dfdc3fee14fdcb79dbc4e34,false
exp7-manifest-1,2026-09-25T05:50:41Z,p4,class,CANDIDATE,double,C0,2,10003,raw/p4/p4_class_libcxx_C0_CANDIDATE_s10003.bin,bin,100000,40,1,3,4000096,5e4e25249a51871a542835ba90a906ee482bf5c623b06958db560590b8ba12bc,./exp7_probe_libcxx.exe,2f81b486545542fc7b2159aaeec4d7169505046154a97bb1469c18bc24d28fac,-Wall -Wextra -std=c++11 -O2 -ffp-contract=off -I src,clang 21.0.0 (clang-2100.3.34.2),libc++,arm64,libcxx,native,664d906899b1726ae6d0bd3856483c4590af875a9dfdc3fee14fdcb79dbc4e34,false
exp7-manifest-1,2026-09-25T05:50:41Z,p4,uncapped,LEGACY,double,C0,2,10004,raw/p4/p4_loader_libcxx_C0_LEGACY_s10004.bin,bin,100000,40,1,3,4000096,bf5ac143b71cbded0ed44cf481a8031980923cdc57a7932f9593eb5dc4014201,./exp7_probe_libcxx.exe,2f81b486545542fc7b2159aaeec4d7169505046154a97bb1469c18bc24d28fac,-Wall -Wextra -std=c++11 -O2 -ffp-contract=off -I src,clang 21.0.0 (clang-2100.3.34.2),libc++,arm64,libcxx,native,664d906899b1726ae6d0bd3856483c4590af875a9dfdc3fee14fdcb79dbc4e34,false
exp7-manifest-1,2026-09-25T05:50:41Z,p4,uncapped,CANDIDATE,double,C0,2,10004,raw/p4/p4_loader_libcxx_C0_CANDIDATE_s10004.bin,bin,100000,40,1,3,4000096,9a23cc4238e498bfe31ab723a8a578573cfe23f6a8ceac251cf3d73b99cc0318,./exp7_probe_libcxx.exe,2f81b486545542fc7b2159aaeec4d7169505046154a97bb1469c18bc24d28fac,-Wall -Wextra -std=c++11 -O2 -ffp-contract=off -I src,clang 21.0.0 (clang-2100.3.34.2),libc++,arm64,libcxx,native,664d906899b1726ae6d0bd3856483c4590af875a9dfdc3fee14fdcb79dbc4e34,false
exp7-manifest-1,2026-09-25T05:50:41Z,p4,class,LEGACY,double,C0,2,10004,raw/p4/p4_class_libcxx_C0_LEGACY_s10004.bin,bin,100000,40,1,3,4000096,ea4f3a6928084707335d26394f24164af038a496a71c9db075f6bf9a1ef54aaf,./exp7_probe_libcxx.exe,2f81b486545542fc7b2159aaeec4d7169505046154a97bb1469c18bc24d28fac,-Wall -Wextra -std=c++11 -O2 -ffp-contract=off -I src,clang 21.0.0 (clang-2100.3.34.2),libc++,arm64,libcxx,native,664d906899b1726ae6d0bd3856483c4590af875a9dfdc3fee14fdcb79dbc4e34,false
exp7-manifest-1,2026-09-25T05:50:41Z,p4,class,CANDIDATE,double,C0,2,10004,raw/p4/p4_class_libcxx_C0_CANDIDATE_s10004.bin,bin,100000,40,1,3,4000096,584d6fcb67a04d1f86012b2e41ec5dbc3d5e7e071c5010d2a54f33b2cd25cb93,./exp7_probe_libcxx.exe,2f81b486545542fc7b2159aaeec4d7169505046154a97bb1469c18bc24d28fac,-Wall -Wextra -std=c++11 -O2 -ffp-contract=off -I src,clang 21.0.0 (clang-2100.3.34.2),libc++,arm64,libcxx,native,664d906899b1726ae6d0bd3856483c4590af875a9dfdc3fee14fdcb79dbc4e34,false
exp7-manifest-1,2026-09-25T05:50:41Z,p4,uncapped,LEGACY,double,C0,2,10005,raw/p4/p4_loader_libcxx_C0_LEGACY_s10005.bin,bin,100000,40,1,3,4000096,f7e69f81064bdc9c48e6a34441a40ae61ba58b08c791ca1f149cbac822a19446,./exp7_probe_libcxx.exe,2f81b486545542fc7b2159aaeec4d7169505046154a97bb1469c18bc24d28fac,-Wall -Wextra -std=c++11 -O2 -ffp-contract=off -I src,clang 21.0.0 (clang-2100.3.34.2),libc++,arm64,libcxx,native,664d906899b1726ae6d0bd3856483c4590af875a9dfdc3fee14fdcb79dbc4e34,false
exp7-manifest-1,2026-09-25T05:50:41Z,p4,uncapped,CANDIDATE,double,C0,2,10005,raw/p4/p4_loader_libcxx_C0_CANDIDATE_s10005.bin,bin,100000,40,1,3,4000096,2986f0b9b15821a57262d96d3cc16c088e08fd4bc11452629d38d0d2c75a9aaa,./exp7_probe_libcxx.exe,2f81b486545542fc7b2159aaeec4d7169505046154a97bb1469c18bc24d28fac,-Wall -Wextra -std=c++11 -O2 -ffp-contract=off -I src,clang 21.0.0 (clang-2100.3.34.2),libc++,arm64,libcxx,native,664d906899b1726ae6d0bd3856483c4590af875a9dfdc3fee14fdcb79dbc4e34,false
exp7-manifest-1,2026-09-25T05:50:41Z,p4,class,LEGACY,double,C0,2,10005,raw/p4/p4_class_libcxx_C0_LEGACY_s10005.bin,bin,100000,40,1,3,4000096,c645840b2e4e1ff30f9d20b75cf05f8a44d5c9f61915cb1db64d3f8c89db9d14,./exp7_probe_libcxx.exe,2f81b486545542fc7b2159aaeec4d7169505046154a97bb1469c18bc24d28fac,-Wall -Wextra -std=c++11 -O2 -ffp-contract=off -I src,clang 21.0.0 (clang-2100.3.34.2),libc++,arm64,libcxx,native,664d906899b1726ae6d0bd3856483c4590af875a9dfdc3fee14fdcb79dbc4e34,false
exp7-manifest-1,2026-09-25T05:50:41Z,p4,class,CANDIDATE,double,C0,2,10005,raw/p4/p4_class_libcxx_C0_CANDIDATE_s10005.bin,bin,100000,40,1,3,4000096,cf421d6f34559f325d386bf286bc18a49f9e939e94f5fde1b977426a28c5f476,./exp7_probe_libcxx.exe,2f81b486545542fc7b2159aaeec4d7169505046154a97bb1469c18bc24d28fac,-Wall -Wextra -std=c++11 -O2 -ffp-contract=off -I src,clang 21.0.0 (clang-2100.3.34.2),libc++,arm64,libcxx,native,664d906899b1726ae6d0bd3856483c4590af875a9dfdc3fee14fdcb79dbc4e34,false
exp7-manifest-1,2026-09-25T05:50:41Z,p4,uncapped,LEGACY,double,C1,0.51000000000000001,10001,raw/p4/p4_loader_libcxx_C1_LEGACY_s10001.bin,bin,100000,40,1,3,4000096,e481d0e484ece912a921d1dc7ea51e813b12f4ec98f8b7e0ae7e375eca2c2136,./exp7_probe_libcxx.exe,2f81b486545542fc7b2159aaeec4d7169505046154a97bb1469c18bc24d28fac,-Wall -Wextra -std=c++11 -O2 -ffp-contract=off -I src,clang 21.0.0 (clang-2100.3.34.2),libc++,arm64,libcxx,native,664d906899b1726ae6d0bd3856483c4590af875a9dfdc3fee14fdcb79dbc4e34,false
exp7-manifest-1,2026-09-25T05:50:41Z,p4,uncapped,CANDIDATE,double,C1,0.51000000000000001,10001,raw/p4/p4_loader_libcxx_C1_CANDIDATE_s10001.bin,bin,100000,40,1,3,4000096,47c07de1bec51630a1d8277fbbb194663d3ed1c538bb052cc4676e9e9ea0a88c,./exp7_probe_libcxx.exe,2f81b486545542fc7b2159aaeec4d7169505046154a97bb1469c18bc24d28fac,-Wall -Wextra -std=c++11 -O2 -ffp-contract=off -I src,clang 21.0.0 (clang-2100.3.34.2),libc++,arm64,libcxx,native,664d906899b1726ae6d0bd3856483c4590af875a9dfdc3fee14fdcb79dbc4e34,false
exp7-manifest-1,2026-09-25T05:50:41Z,p4,class,LEGACY,double,C1,0.51000000000000001,10001,raw/p4/p4_class_libcxx_C1_LEGACY_s10001.bin,bin,100000,40,1,3,4000096,dcfc70573935cefa96be052ea5b49d501dd187ed73bd3168c2e0c150238a5960,./exp7_probe_libcxx.exe,2f81b486545542fc7b2159aaeec4d7169505046154a97bb1469c18bc24d28fac,-Wall -Wextra -std=c++11 -O2 -ffp-contract=off -I src,clang 21.0.0 (clang-2100.3.34.2),libc++,arm64,libcxx,native,664d906899b1726ae6d0bd3856483c4590af875a9dfdc3fee14fdcb79dbc4e34,false
exp7-manifest-1,2026-09-25T05:50:41Z,p4,class,CANDIDATE,double,C1,0.51000000000000001,10001,raw/p4/p4_class_libcxx_C1_CANDIDATE_s10001.bin,bin,100000,40,1,3,4000096,7117570189c3e62f934086a225e1e5d87934a5d33fb495408d683e4d5e48a7c8,./exp7_probe_libcxx.exe,2f81b486545542fc7b2159aaeec4d7169505046154a97bb1469c18bc24d28fac,-Wall -Wextra -std=c++11 -O2 -ffp-contract=off -I src,clang 21.0.0 (clang-2100.3.34.2),libc++,arm64,libcxx,native,664d906899b1726ae6d0bd3856483c4590af875a9dfdc3fee14fdcb79dbc4e34,false
exp7-manifest-1,2026-09-25T05:50:41Z,p4,uncapped,LEGACY,double,C1,0.51000000000000001,10002,raw/p4/p4_loader_libcxx_C1_LEGACY_s10002.bin,bin,100000,40,1,3,4000096,1b4302f8e80983bb2e39ae875e9693d1149f1cad3bd5cd6fa6de5cb094ecb941,./exp7_probe_libcxx.exe,2f81b486545542fc7b2159aaeec4d7169505046154a97bb1469c18bc24d28fac,-Wall -Wextra -std=c++11 -O2 -ffp-contract=off -I src,clang 21.0.0 (clang-2100.3.34.2),libc++,arm64,libcxx,native,664d906899b1726ae6d0bd3856483c4590af875a9dfdc3fee14fdcb79dbc4e34,false
exp7-manifest-1,2026-09-25T05:50:41Z,p4,uncapped,CANDIDATE,double,C1,0.51000000000000001,10002,raw/p4/p4_loader_libcxx_C1_CANDIDATE_s10002.bin,bin,100000,40,1,3,4000096,7fdc7dc0a4bc725019c12e08dcb4ec7303edc3e0a30db8db52e4732e09b7958c,./exp7_probe_libcxx.exe,2f81b486545542fc7b2159aaeec4d7169505046154a97bb1469c18bc24d28fac,-Wall -Wextra -std=c++11 -O2 -ffp-contract=off -I src,clang 21.0.0 (clang-2100.3.34.2),libc++,arm64,libcxx,native,664d906899b1726ae6d0bd3856483c4590af875a9dfdc3fee14fdcb79dbc4e34,false
exp7-manifest-1,2026-09-25T05:50:41Z,p4,class,LEGACY,double,C1,0.51000000000000001,10002,raw/p4/p4_class_libcxx_C1_LEGACY_s10002.bin,bin,100000,40,1,3,4000096,b56afd3a8d70e48842fa4c459efab8587e1219cc2748bf1cac37f86db4d22c40,./exp7_probe_libcxx.exe,2f81b486545542fc7b2159aaeec4d7169505046154a97bb1469c18bc24d28fac,-Wall -Wextra -std=c++11 -O2 -ffp-contract=off -I src,clang 21.0.0 (clang-2100.3.34.2),libc++,arm64,libcxx,native,664d906899b1726ae6d0bd3856483c4590af875a9dfdc3fee14fdcb79dbc4e34,false
exp7-manifest-1,2026-09-25T05:50:41Z,p4,class,CANDIDATE,double,C1,0.51000000000000001,10002,raw/p4/p4_class_libcxx_C1_CANDIDATE_s10002.bin,bin,100000,40,1,3,4000096,b28383fc8898eecb6713653b7bd61f7dda3b6b3bb11a29bff8d71c2e481229e4,./exp7_probe_libcxx.exe,2f81b486545542fc7b2159aaeec4d7169505046154a97bb1469c18bc24d28fac,-Wall -Wextra -std=c++11 -O2 -ffp-contract=off -I src,clang 21.0.0 (clang-2100.3.34.2),libc++,arm64,libcxx,native,664d906899b1726ae6d0bd3856483c4590af875a9dfdc3fee14fdcb79dbc4e34,false
exp7-manifest-1,2026-09-25T05:50:41Z,p4,uncapped,LEGACY,double,C1,0.51000000000000001,10003,raw/p4/p4_loader_libcxx_C1_LEGACY_s10003.bin,bin,100000,40,1,3,4000096,e23edbf025766f8f0c337add1e994654fa88cca6018bf21b0a0cbc97f50ce83a,./exp7_probe_libcxx.exe,2f81b486545542fc7b2159aaeec4d7169505046154a97bb1469c18bc24d28fac,-Wall -Wextra -std=c++11 -O2 -ffp-contract=off -I src,clang 21.0.0 (clang-2100.3.34.2),libc++,arm64,libcxx,native,664d906899b1726ae6d0bd3856483c4590af875a9dfdc3fee14fdcb79dbc4e34,false
exp7-manifest-1,2026-09-25T05:50:41Z,p4,uncapped,CANDIDATE,double,C1,0.51000000000000001,10003,raw/p4/p4_loader_libcxx_C1_CANDIDATE_s10003.bin,bin,100000,40,1,3,4000096,e7007f5bddd2f641cc3bd93c29675528f02119a1f47013e49f9544191f3c2514,./exp7_probe_libcxx.exe,2f81b486545542fc7b2159aaeec4d7169505046154a97bb1469c18bc24d28fac,-Wall -Wextra -std=c++11 -O2 -ffp-contract=off -I src,clang 21.0.0 (clang-2100.3.34.2),libc++,arm64,libcxx,native,664d906899b1726ae6d0bd3856483c4590af875a9dfdc3fee14fdcb79dbc4e34,false
exp7-manifest-1,2026-09-25T05:50:41Z,p4,class,LEGACY,double,C1,0.51000000000000001,10003,raw/p4/p4_class_libcxx_C1_LEGACY_s10003.bin,bin,100000,40,1,3,4000096,1ba1872eeb6825647de9c94ef19b60e320a3cb56e7d5d659d7952c04304569c4,./exp7_probe_libcxx.exe,2f81b486545542fc7b2159aaeec4d7169505046154a97bb1469c18bc24d28fac,-Wall -Wextra -std=c++11 -O2 -ffp-contract=off -I src,clang 21.0.0 (clang-2100.3.34.2),libc++,arm64,libcxx,native,664d906899b1726ae6d0bd3856483c4590af875a9dfdc3fee14fdcb79dbc4e34,false
exp7-manifest-1,2026-09-25T05:50:41Z,p4,class,CANDIDATE,double,C1,0.51000000000000001,10003,raw/p4/p4_class_libcxx_C1_CANDIDATE_s10003.bin,bin,100000,40,1,3,4000096,821200595b953a0f4207fcff5f201cca2e555835c7dc2faf0752a4ba078ed9e1,./exp7_probe_libcxx.exe,2f81b486545542fc7b2159aaeec4d7169505046154a97bb1469c18bc24d28fac,-Wall -Wextra -std=c++11 -O2 -ffp-contract=off -I src,clang 21.0.0 (clang-2100.3.34.2),libc++,arm64,libcxx,native,664d906899b1726ae6d0bd3856483c4590af875a9dfdc3fee14fdcb79dbc4e34,false
exp7-manifest-1,2026-09-25T05:50:41Z,p4,uncapped,LEGACY,double,C1,0.51000000000000001,10004,raw/p4/p4_loader_libcxx_C1_LEGACY_s10004.bin,bin,100000,40,1,3,4000096,83eaed568d34093edaddd3413a7c6255174bcc72f0fba6513e8be5cdb496f8b8,./exp7_probe_libcxx.exe,2f81b486545542fc7b2159aaeec4d7169505046154a97bb1469c18bc24d28fac,-Wall -Wextra -std=c++11 -O2 -ffp-contract=off -I src,clang 21.0.0 (clang-2100.3.34.2),libc++,arm64,libcxx,native,664d906899b1726ae6d0bd3856483c4590af875a9dfdc3fee14fdcb79dbc4e34,false
exp7-manifest-1,2026-09-25T05:50:41Z,p4,uncapped,CANDIDATE,double,C1,0.51000000000000001,10004,raw/p4/p4_loader_libcxx_C1_CANDIDATE_s10004.bin,bin,100000,40,1,3,4000096,c3bbb638a42d2fa52857aebde61175677bcde0f5251bd2c3e1e2b636faaa90b2,./exp7_probe_libcxx.exe,2f81b486545542fc7b2159aaeec4d7169505046154a97bb1469c18bc24d28fac,-Wall -Wextra -std=c++11 -O2 -ffp-contract=off -I src,clang 21.0.0 (clang-2100.3.34.2),libc++,arm64,libcxx,native,664d906899b1726ae6d0bd3856483c4590af875a9dfdc3fee14fdcb79dbc4e34,false
exp7-manifest-1,2026-09-25T05:50:41Z,p4,class,LEGACY,double,C1,0.51000000000000001,10004,raw/p4/p4_class_libcxx_C1_LEGACY_s10004.bin,bin,100000,40,1,3,4000096,ff6529c2e29faae094d4e42d5013795f0a26839f39f7cfd99da76a1e2327eb92,./exp7_probe_libcxx.exe,2f81b486545542fc7b2159aaeec4d7169505046154a97bb1469c18bc24d28fac,-Wall -Wextra -std=c++11 -O2 -ffp-contract=off -I src,clang 21.0.0 (clang-2100.3.34.2),libc++,arm64,libcxx,native,664d906899b1726ae6d0bd3856483c4590af875a9dfdc3fee14fdcb79dbc4e34,false
exp7-manifest-1,2026-09-25T05:50:41Z,p4,class,CANDIDATE,double,C1,0.51000000000000001,10004,raw/p4/p4_class_libcxx_C1_CANDIDATE_s10004.bin,bin,100000,40,1,3,4000096,e4fde35dee52928defe40f9b9b0fe6674092e637b2364390f4b865fb0d32ddcc,./exp7_probe_libcxx.exe,2f81b486545542fc7b2159aaeec4d7169505046154a97bb1469c18bc24d28fac,-Wall -Wextra -std=c++11 -O2 -ffp-contract=off -I src,clang 21.0.0 (clang-2100.3.34.2),libc++,arm64,libcxx,native,664d906899b1726ae6d0bd3856483c4590af875a9dfdc3fee14fdcb79dbc4e34,false
exp7-manifest-1,2026-09-25T05:50:41Z,p4,uncapped,LEGACY,double,C1,0.51000000000000001,10005,raw/p4/p4_loader_libcxx_C1_LEGACY_s10005.bin,bin,100000,40,1,3,4000096,9c49efd26d8b967a70d21ffffe293e0f95c40ae34faf2b44eb1786aa60456be8,./exp7_probe_libcxx.exe,2f81b486545542fc7b2159aaeec4d7169505046154a97bb1469c18bc24d28fac,-Wall -Wextra -std=c++11 -O2 -ffp-contract=off -I src,clang 21.0.0 (clang-2100.3.34.2),libc++,arm64,libcxx,native,664d906899b1726ae6d0bd3856483c4590af875a9dfdc3fee14fdcb79dbc4e34,false
exp7-manifest-1,2026-09-25T05:50:41Z,p4,uncapped,CANDIDATE,double,C1,0.51000000000000001,10005,raw/p4/p4_loader_libcxx_C1_CANDIDATE_s10005.bin,bin,100000,40,1,3,4000096,103a24aa72f4b319a8a89cbc8cf01551a0bb18a3456288dd9dcc58160e709a9e,./exp7_probe_libcxx.exe,2f81b486545542fc7b2159aaeec4d7169505046154a97bb1469c18bc24d28fac,-Wall -Wextra -std=c++11 -O2 -ffp-contract=off -I src,clang 21.0.0 (clang-2100.3.34.2),libc++,arm64,libcxx,native,664d906899b1726ae6d0bd3856483c4590af875a9dfdc3fee14fdcb79dbc4e34,false
exp7-manifest-1,2026-09-25T05:50:41Z,p4,class,LEGACY,double,C1,0.51000000000000001,10005,raw/p4/p4_class_libcxx_C1_LEGACY_s10005.bin,bin,100000,40,1,3,4000096,7997ed34bc9a0b151648265e3108372512b3835bc3642d6a189d1637dcc7067c,./exp7_probe_libcxx.exe,2f81b486545542fc7b2159aaeec4d7169505046154a97bb1469c18bc24d28fac,-Wall -Wextra -std=c++11 -O2 -ffp-contract=off -I src,clang 21.0.0 (clang-2100.3.34.2),libc++,arm64,libcxx,native,664d906899b1726ae6d0bd3856483c4590af875a9dfdc3fee14fdcb79dbc4e34,false
exp7-manifest-1,2026-09-25T05:50:41Z,p4,class,CANDIDATE,double,C1,0.51000000000000001,10005,raw/p4/p4_class_libcxx_C1_CANDIDATE_s10005.bin,bin,100000,40,1,3,4000096,36f9088fb8cef8d01ee8e1b2ec29b07f05f367e38142abc0924e64f9d9359340,./exp7_probe_libcxx.exe,2f81b486545542fc7b2159aaeec4d7169505046154a97bb1469c18bc24d28fac,-Wall -Wextra -std=c++11 -O2 -ffp-contract=off -I src,clang 21.0.0 (clang-2100.3.34.2),libc++,arm64,libcxx,native,664d906899b1726ae6d0bd3856483c4590af875a9dfdc3fee14fdcb79dbc4e34,false
exp7-manifest-1,2026-09-25T05:50:41Z,p4,uncapped,LEGACY,double,C2,0.51000000000000001,10001,raw/p4/p4_loader_libcxx_C2_LEGACY_s10001.bin,bin,100000,40,1,3,4000096,45da3c6110574f4a99d2819a38ded65955d0b08fda8ae2fed9fa40a60ffa8339,./exp7_probe_libcxx.exe,2f81b486545542fc7b2159aaeec4d7169505046154a97bb1469c18bc24d28fac,-Wall -Wextra -std=c++11 -O2 -ffp-contract=off -I src,clang 21.0.0 (clang-2100.3.34.2),libc++,arm64,libcxx,native,664d906899b1726ae6d0bd3856483c4590af875a9dfdc3fee14fdcb79dbc4e34,false
exp7-manifest-1,2026-09-25T05:50:41Z,p4,uncapped,CANDIDATE,double,C2,0.51000000000000001,10001,raw/p4/p4_loader_libcxx_C2_CANDIDATE_s10001.bin,bin,100000,40,1,3,4000096,8ba4c4cbadec6d762cdc29207b3db6785455764dc544b7b8ffd8f242afdef9e9,./exp7_probe_libcxx.exe,2f81b486545542fc7b2159aaeec4d7169505046154a97bb1469c18bc24d28fac,-Wall -Wextra -std=c++11 -O2 -ffp-contract=off -I src,clang 21.0.0 (clang-2100.3.34.2),libc++,arm64,libcxx,native,664d906899b1726ae6d0bd3856483c4590af875a9dfdc3fee14fdcb79dbc4e34,false
exp7-manifest-1,2026-09-25T05:50:41Z,p4,class,LEGACY,double,C2,0.51000000000000001,10001,raw/p4/p4_class_libcxx_C2_LEGACY_s10001.bin,bin,100000,40,1,3,4000096,7eb6b6f94f1ba8216e71434efb2ddfaf9acd27edaa4e0ac32d4a1d4c56f5c542,./exp7_probe_libcxx.exe,2f81b486545542fc7b2159aaeec4d7169505046154a97bb1469c18bc24d28fac,-Wall -Wextra -std=c++11 -O2 -ffp-contract=off -I src,clang 21.0.0 (clang-2100.3.34.2),libc++,arm64,libcxx,native,664d906899b1726ae6d0bd3856483c4590af875a9dfdc3fee14fdcb79dbc4e34,false
exp7-manifest-1,2026-09-25T05:50:41Z,p4,class,CANDIDATE,double,C2,0.51000000000000001,10001,raw/p4/p4_class_libcxx_C2_CANDIDATE_s10001.bin,bin,100000,40,1,3,4000096,814895b276ed80020d323f6a0e377977da143f36aa7967d301e1728bfe516592,./exp7_probe_libcxx.exe,2f81b486545542fc7b2159aaeec4d7169505046154a97bb1469c18bc24d28fac,-Wall -Wextra -std=c++11 -O2 -ffp-contract=off -I src,clang 21.0.0 (clang-2100.3.34.2),libc++,arm64,libcxx,native,664d906899b1726ae6d0bd3856483c4590af875a9dfdc3fee14fdcb79dbc4e34,false
exp7-manifest-1,2026-09-25T05:50:41Z,p4,uncapped,LEGACY,double,C2,0.51000000000000001,10002,raw/p4/p4_loader_libcxx_C2_LEGACY_s10002.bin,bin,100000,40,1,3,4000096,768d58d34bd2667b600015695770da44ba450a00de14c16fc6bfefa5faed5781,./exp7_probe_libcxx.exe,2f81b486545542fc7b2159aaeec4d7169505046154a97bb1469c18bc24d28fac,-Wall -Wextra -std=c++11 -O2 -ffp-contract=off -I src,clang 21.0.0 (clang-2100.3.34.2),libc++,arm64,libcxx,native,664d906899b1726ae6d0bd3856483c4590af875a9dfdc3fee14fdcb79dbc4e34,false
exp7-manifest-1,2026-09-25T05:50:41Z,p4,uncapped,CANDIDATE,double,C2,0.51000000000000001,10002,raw/p4/p4_loader_libcxx_C2_CANDIDATE_s10002.bin,bin,100000,40,1,3,4000096,303227fb279ef735925bf2eb38cb196ba8675a5a2133c65c5ca4f5404886c4f4,./exp7_probe_libcxx.exe,2f81b486545542fc7b2159aaeec4d7169505046154a97bb1469c18bc24d28fac,-Wall -Wextra -std=c++11 -O2 -ffp-contract=off -I src,clang 21.0.0 (clang-2100.3.34.2),libc++,arm64,libcxx,native,664d906899b1726ae6d0bd3856483c4590af875a9dfdc3fee14fdcb79dbc4e34,false
exp7-manifest-1,2026-09-25T05:50:41Z,p4,class,LEGACY,double,C2,0.51000000000000001,10002,raw/p4/p4_class_libcxx_C2_LEGACY_s10002.bin,bin,100000,40,1,3,4000096,9856ab17cb1df067d7c45afd84beccdc282c83064c2dae6660ea41166e23fb7a,./exp7_probe_libcxx.exe,2f81b486545542fc7b2159aaeec4d7169505046154a97bb1469c18bc24d28fac,-Wall -Wextra -std=c++11 -O2 -ffp-contract=off -I src,clang 21.0.0 (clang-2100.3.34.2),libc++,arm64,libcxx,native,664d906899b1726ae6d0bd3856483c4590af875a9dfdc3fee14fdcb79dbc4e34,false
exp7-manifest-1,2026-09-25T05:50:41Z,p4,class,CANDIDATE,double,C2,0.51000000000000001,10002,raw/p4/p4_class_libcxx_C2_CANDIDATE_s10002.bin,bin,100000,40,1,3,4000096,2f3c0ca2f5c6933b9df108d40ff7db4394a01117fb26f17e3fcd7f8d0af9c351,./exp7_probe_libcxx.exe,2f81b486545542fc7b2159aaeec4d7169505046154a97bb1469c18bc24d28fac,-Wall -Wextra -std=c++11 -O2 -ffp-contract=off -I src,clang 21.0.0 (clang-2100.3.34.2),libc++,arm64,libcxx,native,664d906899b1726ae6d0bd3856483c4590af875a9dfdc3fee14fdcb79dbc4e34,false
exp7-manifest-1,2026-09-25T05:50:41Z,p4,uncapped,LEGACY,double,C2,0.51000000000000001,10003,raw/p4/p4_loader_libcxx_C2_LEGACY_s10003.bin,bin,100000,40,1,3,4000096,ec4f4dbd62779b0d0c258b40fad2070ecc5d8d4dbd3fe4c50c1e1f3f83ffebf9,./exp7_probe_libcxx.exe,2f81b486545542fc7b2159aaeec4d7169505046154a97bb1469c18bc24d28fac,-Wall -Wextra -std=c++11 -O2 -ffp-contract=off -I src,clang 21.0.0 (clang-2100.3.34.2),libc++,arm64,libcxx,native,664d906899b1726ae6d0bd3856483c4590af875a9dfdc3fee14fdcb79dbc4e34,false
exp7-manifest-1,2026-09-25T05:50:41Z,p4,uncapped,CANDIDATE,double,C2,0.51000000000000001,10003,raw/p4/p4_loader_libcxx_C2_CANDIDATE_s10003.bin,bin,100000,40,1,3,4000096,d32bf753a11ca3a19e518202aac64e5147c0343dc6ec9f5c51c668886a08e978,./exp7_probe_libcxx.exe,2f81b486545542fc7b2159aaeec4d7169505046154a97bb1469c18bc24d28fac,-Wall -Wextra -std=c++11 -O2 -ffp-contract=off -I src,clang 21.0.0 (clang-2100.3.34.2),libc++,arm64,libcxx,native,664d906899b1726ae6d0bd3856483c4590af875a9dfdc3fee14fdcb79dbc4e34,false
exp7-manifest-1,2026-09-25T05:50:41Z,p4,class,LEGACY,double,C2,0.51000000000000001,10003,raw/p4/p4_class_libcxx_C2_LEGACY_s10003.bin,bin,100000,40,1,3,4000096,5ee2e060e869391439bdc6199d4d1a10903cd28c543bfd0e974d7440dcbfa5bb,./exp7_probe_libcxx.exe,2f81b486545542fc7b2159aaeec4d7169505046154a97bb1469c18bc24d28fac,-Wall -Wextra -std=c++11 -O2 -ffp-contract=off -I src,clang 21.0.0 (clang-2100.3.34.2),libc++,arm64,libcxx,native,664d906899b1726ae6d0bd3856483c4590af875a9dfdc3fee14fdcb79dbc4e34,false
exp7-manifest-1,2026-09-25T05:50:41Z,p4,class,CANDIDATE,double,C2,0.51000000000000001,10003,raw/p4/p4_class_libcxx_C2_CANDIDATE_s10003.bin,bin,100000,40,1,3,4000096,51228dea88ae22929b05995afecefb41cd0bd65df8a10448ab416f7c285531b7,./exp7_probe_libcxx.exe,2f81b486545542fc7b2159aaeec4d7169505046154a97bb1469c18bc24d28fac,-Wall -Wextra -std=c++11 -O2 -ffp-contract=off -I src,clang 21.0.0 (clang-2100.3.34.2),libc++,arm64,libcxx,native,664d906899b1726ae6d0bd3856483c4590af875a9dfdc3fee14fdcb79dbc4e34,false
exp7-manifest-1,2026-09-25T05:50:41Z,p4,uncapped,LEGACY,double,C2,0.51000000000000001,10004,raw/p4/p4_loader_libcxx_C2_LEGACY_s10004.bin,bin,100000,40,1,3,4000096,6fca722b3ab9c6704c90a05290497ce74dad6f8718d5f6ee933e45d50eef1c8d,./exp7_probe_libcxx.exe,2f81b486545542fc7b2159aaeec4d7169505046154a97bb1469c18bc24d28fac,-Wall -Wextra -std=c++11 -O2 -ffp-contract=off -I src,clang 21.0.0 (clang-2100.3.34.2),libc++,arm64,libcxx,native,664d906899b1726ae6d0bd3856483c4590af875a9dfdc3fee14fdcb79dbc4e34,false
exp7-manifest-1,2026-09-25T05:50:41Z,p4,uncapped,CANDIDATE,double,C2,0.51000000000000001,10004,raw/p4/p4_loader_libcxx_C2_CANDIDATE_s10004.bin,bin,100000,40,1,3,4000096,0d1886b247c02663a9af404d002c3597c5a38cf151aeb9e48d00dcce91a868c8,./exp7_probe_libcxx.exe,2f81b486545542fc7b2159aaeec4d7169505046154a97bb1469c18bc24d28fac,-Wall -Wextra -std=c++11 -O2 -ffp-contract=off -I src,clang 21.0.0 (clang-2100.3.34.2),libc++,arm64,libcxx,native,664d906899b1726ae6d0bd3856483c4590af875a9dfdc3fee14fdcb79dbc4e34,false
exp7-manifest-1,2026-09-25T05:50:41Z,p4,class,LEGACY,double,C2,0.51000000000000001,10004,raw/p4/p4_class_libcxx_C2_LEGACY_s10004.bin,bin,100000,40,1,3,4000096,30880123410f704bb17d5ad986fd15fbca581ae387cffe431358f23623d9ad3d,./exp7_probe_libcxx.exe,2f81b486545542fc7b2159aaeec4d7169505046154a97bb1469c18bc24d28fac,-Wall -Wextra -std=c++11 -O2 -ffp-contract=off -I src,clang 21.0.0 (clang-2100.3.34.2),libc++,arm64,libcxx,native,664d906899b1726ae6d0bd3856483c4590af875a9dfdc3fee14fdcb79dbc4e34,false
exp7-manifest-1,2026-09-25T05:50:41Z,p4,class,CANDIDATE,double,C2,0.51000000000000001,10004,raw/p4/p4_class_libcxx_C2_CANDIDATE_s10004.bin,bin,100000,40,1,3,4000096,9f1c8497a02cc9fbc58168c11a019680d7a3dc79aee6fa8bb80b8ce989e942a7,./exp7_probe_libcxx.exe,2f81b486545542fc7b2159aaeec4d7169505046154a97bb1469c18bc24d28fac,-Wall -Wextra -std=c++11 -O2 -ffp-contract=off -I src,clang 21.0.0 (clang-2100.3.34.2),libc++,arm64,libcxx,native,664d906899b1726ae6d0bd3856483c4590af875a9dfdc3fee14fdcb79dbc4e34,false
exp7-manifest-1,2026-09-25T05:50:41Z,p4,uncapped,LEGACY,double,C2,0.51000000000000001,10005,raw/p4/p4_loader_libcxx_C2_LEGACY_s10005.bin,bin,100000,40,1,3,4000096,0837e7d6d2179a9e520bdd145a8c86756e4804245d1192de7d63b2539a20ff05,./exp7_probe_libcxx.exe,2f81b486545542fc7b2159aaeec4d7169505046154a97bb1469c18bc24d28fac,-Wall -Wextra -std=c++11 -O2 -ffp-contract=off -I src,clang 21.0.0 (clang-2100.3.34.2),libc++,arm64,libcxx,native,664d906899b1726ae6d0bd3856483c4590af875a9dfdc3fee14fdcb79dbc4e34,false
exp7-manifest-1,2026-09-25T05:50:41Z,p4,uncapped,CANDIDATE,double,C2,0.51000000000000001,10005,raw/p4/p4_loader_libcxx_C2_CANDIDATE_s10005.bin,bin,100000,40,1,3,4000096,695f9a999c166d48c8614aace090b7451d1126778b1062690bc1b9d8efbbc1ec,./exp7_probe_libcxx.exe,2f81b486545542fc7b2159aaeec4d7169505046154a97bb1469c18bc24d28fac,-Wall -Wextra -std=c++11 -O2 -ffp-contract=off -I src,clang 21.0.0 (clang-2100.3.34.2),libc++,arm64,libcxx,native,664d906899b1726ae6d0bd3856483c4590af875a9dfdc3fee14fdcb79dbc4e34,false
exp7-manifest-1,2026-09-25T05:50:41Z,p4,class,LEGACY,double,C2,0.51000000000000001,10005,raw/p4/p4_class_libcxx_C2_LEGACY_s10005.bin,bin,100000,40,1,3,4000096,eb456e442441215c43a412a0c262e1abddae878859d66bbb60d8faf72be8f251,./exp7_probe_libcxx.exe,2f81b486545542fc7b2159aaeec4d7169505046154a97bb1469c18bc24d28fac,-Wall -Wextra -std=c++11 -O2 -ffp-contract=off -I src,clang 21.0.0 (clang-2100.3.34.2),libc++,arm64,libcxx,native,664d906899b1726ae6d0bd3856483c4590af875a9dfdc3fee14fdcb79dbc4e34,false
exp7-manifest-1,2026-09-25T05:50:41Z,p4,class,CANDIDATE,double,C2,0.51000000000000001,10005,raw/p4/p4_class_libcxx_C2_CANDIDATE_s10005.bin,bin,100000,40,1,3,4000096,69b3d68044b8f4c6405996f2d20b64289bd3ac68acc886c883c40bf801817f61,./exp7_probe_libcxx.exe,2f81b486545542fc7b2159aaeec4d7169505046154a97bb1469c18bc24d28fac,-Wall -Wextra -std=c++11 -O2 -ffp-contract=off -I src,clang 21.0.0 (clang-2100.3.34.2),libc++,arm64,libcxx,native,664d906899b1726ae6d0bd3856483c4590af875a9dfdc3fee14fdcb79dbc4e34,false
exp7-manifest-1,2026-09-25T05:50:41Z,p4,uncapped,LEGACY,float,C3,0.55000000000000004,10001,raw/p4/p4_loader_libcxx_C3_LEGACY_s10001.bin,bin,100000,40,1,3,4000096,7bd30dd7308729346095027a48cdb3a091a7b0155fa7a05ea28a29f55d1cf7ef,./exp7_probe_libcxx.exe,2f81b486545542fc7b2159aaeec4d7169505046154a97bb1469c18bc24d28fac,-Wall -Wextra -std=c++11 -O2 -ffp-contract=off -I src,clang 21.0.0 (clang-2100.3.34.2),libc++,arm64,libcxx,native,664d906899b1726ae6d0bd3856483c4590af875a9dfdc3fee14fdcb79dbc4e34,false
exp7-manifest-1,2026-09-25T05:50:41Z,p4,uncapped,CANDIDATE,float,C3,0.55000000000000004,10001,raw/p4/p4_loader_libcxx_C3_CANDIDATE_s10001.bin,bin,100000,40,1,3,4000096,8f890df8a5a2b8bfd294c22daff167a07ab1f13a0397c23c1fb473c765a80c28,./exp7_probe_libcxx.exe,2f81b486545542fc7b2159aaeec4d7169505046154a97bb1469c18bc24d28fac,-Wall -Wextra -std=c++11 -O2 -ffp-contract=off -I src,clang 21.0.0 (clang-2100.3.34.2),libc++,arm64,libcxx,native,664d906899b1726ae6d0bd3856483c4590af875a9dfdc3fee14fdcb79dbc4e34,false
exp7-manifest-1,2026-09-25T05:50:41Z,p4,class,LEGACY,float,C3,0.55000000000000004,10001,raw/p4/p4_class_libcxx_C3_LEGACY_s10001.bin,bin,100000,40,1,3,4000096,84050542f020d10c1107a04cab50927a4638016c422ea9c165735ab4671e514c,./exp7_probe_libcxx.exe,2f81b486545542fc7b2159aaeec4d7169505046154a97bb1469c18bc24d28fac,-Wall -Wextra -std=c++11 -O2 -ffp-contract=off -I src,clang 21.0.0 (clang-2100.3.34.2),libc++,arm64,libcxx,native,664d906899b1726ae6d0bd3856483c4590af875a9dfdc3fee14fdcb79dbc4e34,false
exp7-manifest-1,2026-09-25T05:50:41Z,p4,class,CANDIDATE,float,C3,0.55000000000000004,10001,raw/p4/p4_class_libcxx_C3_CANDIDATE_s10001.bin,bin,100000,40,1,3,4000096,a279d59a40eb6208b6c6535e3960e7dde106e39c1de647f3499a6c6fc6ff406e,./exp7_probe_libcxx.exe,2f81b486545542fc7b2159aaeec4d7169505046154a97bb1469c18bc24d28fac,-Wall -Wextra -std=c++11 -O2 -ffp-contract=off -I src,clang 21.0.0 (clang-2100.3.34.2),libc++,arm64,libcxx,native,664d906899b1726ae6d0bd3856483c4590af875a9dfdc3fee14fdcb79dbc4e34,false
exp7-manifest-1,2026-09-25T05:50:41Z,p4,uncapped,LEGACY,float,C3,0.55000000000000004,10002,raw/p4/p4_loader_libcxx_C3_LEGACY_s10002.bin,bin,100000,40,1,3,4000096,3cb8e817e2816be0321f85980faadd8b3ace97c561516e90c29c8a692d169a21,./exp7_probe_libcxx.exe,2f81b486545542fc7b2159aaeec4d7169505046154a97bb1469c18bc24d28fac,-Wall -Wextra -std=c++11 -O2 -ffp-contract=off -I src,clang 21.0.0 (clang-2100.3.34.2),libc++,arm64,libcxx,native,664d906899b1726ae6d0bd3856483c4590af875a9dfdc3fee14fdcb79dbc4e34,false
exp7-manifest-1,2026-09-25T05:50:41Z,p4,uncapped,CANDIDATE,float,C3,0.55000000000000004,10002,raw/p4/p4_loader_libcxx_C3_CANDIDATE_s10002.bin,bin,100000,40,1,3,4000096,ea77b4e1ba8e5581deca56fe0ede030b75e73c97ffd1739f29d244ec5306f7fd,./exp7_probe_libcxx.exe,2f81b486545542fc7b2159aaeec4d7169505046154a97bb1469c18bc24d28fac,-Wall -Wextra -std=c++11 -O2 -ffp-contract=off -I src,clang 21.0.0 (clang-2100.3.34.2),libc++,arm64,libcxx,native,664d906899b1726ae6d0bd3856483c4590af875a9dfdc3fee14fdcb79dbc4e34,false
exp7-manifest-1,2026-09-25T05:50:41Z,p4,class,LEGACY,float,C3,0.55000000000000004,10002,raw/p4/p4_class_libcxx_C3_LEGACY_s10002.bin,bin,100000,40,1,3,4000096,f0342cddf009615f5ee6d5f9978d3aee1d1f8902876a6de79ce869edc6e28719,./exp7_probe_libcxx.exe,2f81b486545542fc7b2159aaeec4d7169505046154a97bb1469c18bc24d28fac,-Wall -Wextra -std=c++11 -O2 -ffp-contract=off -I src,clang 21.0.0 (clang-2100.3.34.2),libc++,arm64,libcxx,native,664d906899b1726ae6d0bd3856483c4590af875a9dfdc3fee14fdcb79dbc4e34,false
exp7-manifest-1,2026-09-25T05:50:41Z,p4,class,CANDIDATE,float,C3,0.55000000000000004,10002,raw/p4/p4_class_libcxx_C3_CANDIDATE_s10002.bin,bin,100000,40,1,3,4000096,37b675e0d03fe633b318ad49e6dd746d0c8a91b5a6053d74b350bce63e311b8b,./exp7_probe_libcxx.exe,2f81b486545542fc7b2159aaeec4d7169505046154a97bb1469c18bc24d28fac,-Wall -Wextra -std=c++11 -O2 -ffp-contract=off -I src,clang 21.0.0 (clang-2100.3.34.2),libc++,arm64,libcxx,native,664d906899b1726ae6d0bd3856483c4590af875a9dfdc3fee14fdcb79dbc4e34,false
exp7-manifest-1,2026-09-25T05:50:41Z,p4,uncapped,LEGACY,float,C3,0.55000000000000004,10003,raw/p4/p4_loader_libcxx_C3_LEGACY_s10003.bin,bin,100000,40,1,3,4000096,9f389f478f8e06d55f380b2130c2438883bdab5ec76b264549030ec9c1161164,./exp7_probe_libcxx.exe,2f81b486545542fc7b2159aaeec4d7169505046154a97bb1469c18bc24d28fac,-Wall -Wextra -std=c++11 -O2 -ffp-contract=off -I src,clang 21.0.0 (clang-2100.3.34.2),libc++,arm64,libcxx,native,664d906899b1726ae6d0bd3856483c4590af875a9dfdc3fee14fdcb79dbc4e34,false
exp7-manifest-1,2026-09-25T05:50:41Z,p4,uncapped,CANDIDATE,float,C3,0.55000000000000004,10003,raw/p4/p4_loader_libcxx_C3_CANDIDATE_s10003.bin,bin,100000,40,1,3,4000096,1d564a2443f28ca0caff756d303009479495b5d09a09bf13c78be286e6dd4374,./exp7_probe_libcxx.exe,2f81b486545542fc7b2159aaeec4d7169505046154a97bb1469c18bc24d28fac,-Wall -Wextra -std=c++11 -O2 -ffp-contract=off -I src,clang 21.0.0 (clang-2100.3.34.2),libc++,arm64,libcxx,native,664d906899b1726ae6d0bd3856483c4590af875a9dfdc3fee14fdcb79dbc4e34,false
exp7-manifest-1,2026-09-25T05:50:41Z,p4,class,LEGACY,float,C3,0.55000000000000004,10003,raw/p4/p4_class_libcxx_C3_LEGACY_s10003.bin,bin,100000,40,1,3,4000096,cb0ef3b37c8e52b486c64074b9c90d0f79125d1951552a69168b133d19574ee9,./exp7_probe_libcxx.exe,2f81b486545542fc7b2159aaeec4d7169505046154a97bb1469c18bc24d28fac,-Wall -Wextra -std=c++11 -O2 -ffp-contract=off -I src,clang 21.0.0 (clang-2100.3.34.2),libc++,arm64,libcxx,native,664d906899b1726ae6d0bd3856483c4590af875a9dfdc3fee14fdcb79dbc4e34,false
exp7-manifest-1,2026-09-25T05:50:41Z,p4,class,CANDIDATE,float,C3,0.55000000000000004,10003,raw/p4/p4_class_libcxx_C3_CANDIDATE_s10003.bin,bin,100000,40,1,3,4000096,a91e4637a0334fd3d231e0bde9093bc0a68ce5228811b0b3b9d7c4c3af387f1c,./exp7_probe_libcxx.exe,2f81b486545542fc7b2159aaeec4d7169505046154a97bb1469c18bc24d28fac,-Wall -Wextra -std=c++11 -O2 -ffp-contract=off -I src,clang 21.0.0 (clang-2100.3.34.2),libc++,arm64,libcxx,native,664d906899b1726ae6d0bd3856483c4590af875a9dfdc3fee14fdcb79dbc4e34,false
exp7-manifest-1,2026-09-25T05:50:41Z,p4,uncapped,LEGACY,float,C3,0.55000000000000004,10004,raw/p4/p4_loader_libcxx_C3_LEGACY_s10004.bin,bin,100000,40,1,3,4000096,8f3bab758d51bd6a80e7e633dfdaafbea3cb3625ac119af33fb0bce6b81a5461,./exp7_probe_libcxx.exe,2f81b486545542fc7b2159aaeec4d7169505046154a97bb1469c18bc24d28fac,-Wall -Wextra -std=c++11 -O2 -ffp-contract=off -I src,clang 21.0.0 (clang-2100.3.34.2),libc++,arm64,libcxx,native,664d906899b1726ae6d0bd3856483c4590af875a9dfdc3fee14fdcb79dbc4e34,false
exp7-manifest-1,2026-09-25T05:50:41Z,p4,uncapped,CANDIDATE,float,C3,0.55000000000000004,10004,raw/p4/p4_loader_libcxx_C3_CANDIDATE_s10004.bin,bin,100000,40,1,3,4000096,3e0b07ddfd7afd6dc163d3ec6128fdd0f40aaef24501f2b59daa350e6bd2b191,./exp7_probe_libcxx.exe,2f81b486545542fc7b2159aaeec4d7169505046154a97bb1469c18bc24d28fac,-Wall -Wextra -std=c++11 -O2 -ffp-contract=off -I src,clang 21.0.0 (clang-2100.3.34.2),libc++,arm64,libcxx,native,664d906899b1726ae6d0bd3856483c4590af875a9dfdc3fee14fdcb79dbc4e34,false
exp7-manifest-1,2026-09-25T05:50:41Z,p4,class,LEGACY,float,C3,0.55000000000000004,10004,raw/p4/p4_class_libcxx_C3_LEGACY_s10004.bin,bin,100000,40,1,3,4000096,25168e00719826bf72bf29536e71e20365c24372b0b48a2ae82d755be3a8ad5f,./exp7_probe_libcxx.exe,2f81b486545542fc7b2159aaeec4d7169505046154a97bb1469c18bc24d28fac,-Wall -Wextra -std=c++11 -O2 -ffp-contract=off -I src,clang 21.0.0 (clang-2100.3.34.2),libc++,arm64,libcxx,native,664d906899b1726ae6d0bd3856483c4590af875a9dfdc3fee14fdcb79dbc4e34,false
exp7-manifest-1,2026-09-25T05:50:41Z,p4,class,CANDIDATE,float,C3,0.55000000000000004,10004,raw/p4/p4_class_libcxx_C3_CANDIDATE_s10004.bin,bin,100000,40,1,3,4000096,fe8d325ac0fb1df5fa3845d141e622b6180bc4dad904ed0d5fcff48239b84a8f,./exp7_probe_libcxx.exe,2f81b486545542fc7b2159aaeec4d7169505046154a97bb1469c18bc24d28fac,-Wall -Wextra -std=c++11 -O2 -ffp-contract=off -I src,clang 21.0.0 (clang-2100.3.34.2),libc++,arm64,libcxx,native,664d906899b1726ae6d0bd3856483c4590af875a9dfdc3fee14fdcb79dbc4e34,false
exp7-manifest-1,2026-09-25T05:50:41Z,p4,uncapped,LEGACY,float,C3,0.55000000000000004,10005,raw/p4/p4_loader_libcxx_C3_LEGACY_s10005.bin,bin,100000,40,1,3,4000096,552337730958502c5f4271af8d4a80620bebe2318320631bda7eef86913734f7,./exp7_probe_libcxx.exe,2f81b486545542fc7b2159aaeec4d7169505046154a97bb1469c18bc24d28fac,-Wall -Wextra -std=c++11 -O2 -ffp-contract=off -I src,clang 21.0.0 (clang-2100.3.34.2),libc++,arm64,libcxx,native,664d906899b1726ae6d0bd3856483c4590af875a9dfdc3fee14fdcb79dbc4e34,false
exp7-manifest-1,2026-09-25T05:50:41Z,p4,uncapped,CANDIDATE,float,C3,0.55000000000000004,10005,raw/p4/p4_loader_libcxx_C3_CANDIDATE_s10005.bin,bin,100000,40,1,3,4000096,40a5af74dde77ba65ba1440846082c6b27e4b099bc41a7646345e877d115c51a,./exp7_probe_libcxx.exe,2f81b486545542fc7b2159aaeec4d7169505046154a97bb1469c18bc24d28fac,-Wall -Wextra -std=c++11 -O2 -ffp-contract=off -I src,clang 21.0.0 (clang-2100.3.34.2),libc++,arm64,libcxx,native,664d906899b1726ae6d0bd3856483c4590af875a9dfdc3fee14fdcb79dbc4e34,false
exp7-manifest-1,2026-09-25T05:50:41Z,p4,class,LEGACY,float,C3,0.55000000000000004,10005,raw/p4/p4_class_libcxx_C3_LEGACY_s10005.bin,bin,100000,40,1,3,4000096,7a710d6229e480d4edd83a20c83b0bb8e1bba904bb32f3d503afc7842be675ad,./exp7_probe_libcxx.exe,2f81b486545542fc7b2159aaeec4d7169505046154a97bb1469c18bc24d28fac,-Wall -Wextra -std=c++11 -O2 -ffp-contract=off -I src,clang 21.0.0 (clang-2100.3.34.2),libc++,arm64,libcxx,native,664d906899b1726ae6d0bd3856483c4590af875a9dfdc3fee14fdcb79dbc4e34,false
exp7-manifest-1,2026-09-25T05:50:41Z,p4,class,CANDIDATE,float,C3,0.55000000000000004,10005,raw/p4/p4_class_libcxx_C3_CANDIDATE_s10005.bin,bin,100000,40,1,3,4000096,4d8e55f71a28ff85be8708380b9a938989fd41e2c240f06abf54ccc737a3f329,./exp7_probe_libcxx.exe,2f81b486545542fc7b2159aaeec4d7169505046154a97bb1469c18bc24d28fac,-Wall -Wextra -std=c++11 -O2 -ffp-contract=off -I src,clang 21.0.0 (clang-2100.3.34.2),libc++,arm64,libcxx,native,664d906899b1726ae6d0bd3856483c4590af875a9dfdc3fee14fdcb79dbc4e34,false
exp7-manifest-1,2026-09-25T05:50:41Z,p4,uncapped,LEGACY,double,C4,0.505,10001,raw/p4/p4_loader_libcxx_C4_LEGACY_s10001.bin,bin,100000,40,1,3,4000096,793f6b6711680ffe942f501d52dbb280ec6724172ae522c44f54d15428187f6a,./exp7_probe_libcxx.exe,2f81b486545542fc7b2159aaeec4d7169505046154a97bb1469c18bc24d28fac,-Wall -Wextra -std=c++11 -O2 -ffp-contract=off -I src,clang 21.0.0 (clang-2100.3.34.2),libc++,arm64,libcxx,native,664d906899b1726ae6d0bd3856483c4590af875a9dfdc3fee14fdcb79dbc4e34,false
exp7-manifest-1,2026-09-25T05:50:41Z,p4,uncapped,CANDIDATE,double,C4,0.505,10001,raw/p4/p4_loader_libcxx_C4_CANDIDATE_s10001.bin,bin,100000,40,1,3,4000096,260948907a4808354b51dc0de3abb4243048db818ad1dcfda9ac58023db30cbb,./exp7_probe_libcxx.exe,2f81b486545542fc7b2159aaeec4d7169505046154a97bb1469c18bc24d28fac,-Wall -Wextra -std=c++11 -O2 -ffp-contract=off -I src,clang 21.0.0 (clang-2100.3.34.2),libc++,arm64,libcxx,native,664d906899b1726ae6d0bd3856483c4590af875a9dfdc3fee14fdcb79dbc4e34,false
exp7-manifest-1,2026-09-25T05:50:41Z,p4,class,LEGACY,double,C4,0.505,10001,raw/p4/p4_class_libcxx_C4_LEGACY_s10001.bin,bin,100000,40,1,3,4000096,1d57ccc00f8e8ca57a5f164dc319f99ffcb02e981465e725c406cd511879606e,./exp7_probe_libcxx.exe,2f81b486545542fc7b2159aaeec4d7169505046154a97bb1469c18bc24d28fac,-Wall -Wextra -std=c++11 -O2 -ffp-contract=off -I src,clang 21.0.0 (clang-2100.3.34.2),libc++,arm64,libcxx,native,664d906899b1726ae6d0bd3856483c4590af875a9dfdc3fee14fdcb79dbc4e34,false
exp7-manifest-1,2026-09-25T05:50:41Z,p4,class,CANDIDATE,double,C4,0.505,10001,raw/p4/p4_class_libcxx_C4_CANDIDATE_s10001.bin,bin,100000,40,1,3,4000096,ce66b1a29f14a2af988aa19e999b791e3db79feb33c665fa1063754b00411d66,./exp7_probe_libcxx.exe,2f81b486545542fc7b2159aaeec4d7169505046154a97bb1469c18bc24d28fac,-Wall -Wextra -std=c++11 -O2 -ffp-contract=off -I src,clang 21.0.0 (clang-2100.3.34.2),libc++,arm64,libcxx,native,664d906899b1726ae6d0bd3856483c4590af875a9dfdc3fee14fdcb79dbc4e34,false
exp7-manifest-1,2026-09-25T05:50:41Z,p4,uncapped,LEGACY,double,C4,0.505,10002,raw/p4/p4_loader_libcxx_C4_LEGACY_s10002.bin,bin,100000,40,1,3,4000096,8afda4de22d61a74b75530e1c5d69d670478aadbe2934dcb697b5d52209a6af7,./exp7_probe_libcxx.exe,2f81b486545542fc7b2159aaeec4d7169505046154a97bb1469c18bc24d28fac,-Wall -Wextra -std=c++11 -O2 -ffp-contract=off -I src,clang 21.0.0 (clang-2100.3.34.2),libc++,arm64,libcxx,native,664d906899b1726ae6d0bd3856483c4590af875a9dfdc3fee14fdcb79dbc4e34,false
exp7-manifest-1,2026-09-25T05:50:41Z,p4,uncapped,CANDIDATE,double,C4,0.505,10002,raw/p4/p4_loader_libcxx_C4_CANDIDATE_s10002.bin,bin,100000,40,1,3,4000096,24f9470091623680af2373ca3e4aca1364483740dbbd15c694aacfed8f8a330d,./exp7_probe_libcxx.exe,2f81b486545542fc7b2159aaeec4d7169505046154a97bb1469c18bc24d28fac,-Wall -Wextra -std=c++11 -O2 -ffp-contract=off -I src,clang 21.0.0 (clang-2100.3.34.2),libc++,arm64,libcxx,native,664d906899b1726ae6d0bd3856483c4590af875a9dfdc3fee14fdcb79dbc4e34,false
exp7-manifest-1,2026-09-25T05:50:41Z,p4,class,LEGACY,double,C4,0.505,10002,raw/p4/p4_class_libcxx_C4_LEGACY_s10002.bin,bin,100000,40,1,3,4000096,954ce14a27ed99a823550ad125a4fab5190cb87e5475e8cfccf5064bc240731c,./exp7_probe_libcxx.exe,2f81b486545542fc7b2159aaeec4d7169505046154a97bb1469c18bc24d28fac,-Wall -Wextra -std=c++11 -O2 -ffp-contract=off -I src,clang 21.0.0 (clang-2100.3.34.2),libc++,arm64,libcxx,native,664d906899b1726ae6d0bd3856483c4590af875a9dfdc3fee14fdcb79dbc4e34,false
exp7-manifest-1,2026-09-25T05:50:41Z,p4,class,CANDIDATE,double,C4,0.505,10002,raw/p4/p4_class_libcxx_C4_CANDIDATE_s10002.bin,bin,100000,40,1,3,4000096,eef24a3b1179d9276eb2465297e64fade2ed4e2f2bd3776d7dadd2d832ffaa15,./exp7_probe_libcxx.exe,2f81b486545542fc7b2159aaeec4d7169505046154a97bb1469c18bc24d28fac,-Wall -Wextra -std=c++11 -O2 -ffp-contract=off -I src,clang 21.0.0 (clang-2100.3.34.2),libc++,arm64,libcxx,native,664d906899b1726ae6d0bd3856483c4590af875a9dfdc3fee14fdcb79dbc4e34,false
exp7-manifest-1,2026-09-25T05:50:41Z,p4,uncapped,LEGACY,double,C4,0.505,10003,raw/p4/p4_loader_libcxx_C4_LEGACY_s10003.bin,bin,100000,40,1,3,4000096,5bd4cb2e424712432fdb829dae278e16d35a4af82285e92a35107a0d1c6f1988,./exp7_probe_libcxx.exe,2f81b486545542fc7b2159aaeec4d7169505046154a97bb1469c18bc24d28fac,-Wall -Wextra -std=c++11 -O2 -ffp-contract=off -I src,clang 21.0.0 (clang-2100.3.34.2),libc++,arm64,libcxx,native,664d906899b1726ae6d0bd3856483c4590af875a9dfdc3fee14fdcb79dbc4e34,false
exp7-manifest-1,2026-09-25T05:50:41Z,p4,uncapped,CANDIDATE,double,C4,0.505,10003,raw/p4/p4_loader_libcxx_C4_CANDIDATE_s10003.bin,bin,100000,40,1,3,4000096,c95fada16a6a73be715cd4284d1e8909f4f43d31bb5de6975c19fc6fe8aa7ce1,./exp7_probe_libcxx.exe,2f81b486545542fc7b2159aaeec4d7169505046154a97bb1469c18bc24d28fac,-Wall -Wextra -std=c++11 -O2 -ffp-contract=off -I src,clang 21.0.0 (clang-2100.3.34.2),libc++,arm64,libcxx,native,664d906899b1726ae6d0bd3856483c4590af875a9dfdc3fee14fdcb79dbc4e34,false
exp7-manifest-1,2026-09-25T05:50:41Z,p4,class,LEGACY,double,C4,0.505,10003,raw/p4/p4_class_libcxx_C4_LEGACY_s10003.bin,bin,100000,40,1,3,4000096,8f1d7eb301902604ea47fdbbf69e72c08c8aa32fbf3b629e31e9f2941de87f7f,./exp7_probe_libcxx.exe,2f81b486545542fc7b2159aaeec4d7169505046154a97bb1469c18bc24d28fac,-Wall -Wextra -std=c++11 -O2 -ffp-contract=off -I src,clang 21.0.0 (clang-2100.3.34.2),libc++,arm64,libcxx,native,664d906899b1726ae6d0bd3856483c4590af875a9dfdc3fee14fdcb79dbc4e34,false
exp7-manifest-1,2026-09-25T05:50:41Z,p4,class,CANDIDATE,double,C4,0.505,10003,raw/p4/p4_class_libcxx_C4_CANDIDATE_s10003.bin,bin,100000,40,1,3,4000096,31cd314e35338e625e6062f951811683ba2e2316ae78c6e8a0e1f4c72dc1504e,./exp7_probe_libcxx.exe,2f81b486545542fc7b2159aaeec4d7169505046154a97bb1469c18bc24d28fac,-Wall -Wextra -std=c++11 -O2 -ffp-contract=off -I src,clang 21.0.0 (clang-2100.3.34.2),libc++,arm64,libcxx,native,664d906899b1726ae6d0bd3856483c4590af875a9dfdc3fee14fdcb79dbc4e34,false
exp7-manifest-1,2026-09-25T05:50:41Z,p4,uncapped,LEGACY,double,C4,0.505,10004,raw/p4/p4_loader_libcxx_C4_LEGACY_s10004.bin,bin,100000,40,1,3,4000096,2179e0abe3ee5f34e25a0198671b27df5fc98e4bf2c099b2e7a2678c4ec827c8,./exp7_probe_libcxx.exe,2f81b486545542fc7b2159aaeec4d7169505046154a97bb1469c18bc24d28fac,-Wall -Wextra -std=c++11 -O2 -ffp-contract=off -I src,clang 21.0.0 (clang-2100.3.34.2),libc++,arm64,libcxx,native,664d906899b1726ae6d0bd3856483c4590af875a9dfdc3fee14fdcb79dbc4e34,false
exp7-manifest-1,2026-09-25T05:50:41Z,p4,uncapped,CANDIDATE,double,C4,0.505,10004,raw/p4/p4_loader_libcxx_C4_CANDIDATE_s10004.bin,bin,100000,40,1,3,4000096,202b12063b50bf0f27bfdbea830b7d1ecebe46a700b742beae985244f83e98cc,./exp7_probe_libcxx.exe,2f81b486545542fc7b2159aaeec4d7169505046154a97bb1469c18bc24d28fac,-Wall -Wextra -std=c++11 -O2 -ffp-contract=off -I src,clang 21.0.0 (clang-2100.3.34.2),libc++,arm64,libcxx,native,664d906899b1726ae6d0bd3856483c4590af875a9dfdc3fee14fdcb79dbc4e34,false
exp7-manifest-1,2026-09-25T05:50:41Z,p4,class,LEGACY,double,C4,0.505,10004,raw/p4/p4_class_libcxx_C4_LEGACY_s10004.bin,bin,100000,40,1,3,4000096,c75de48978c9730dc5e3e27f339ed61a7e8ef9ae853f40012844bcb71a5479f7,./exp7_probe_libcxx.exe,2f81b486545542fc7b2159aaeec4d7169505046154a97bb1469c18bc24d28fac,-Wall -Wextra -std=c++11 -O2 -ffp-contract=off -I src,clang 21.0.0 (clang-2100.3.34.2),libc++,arm64,libcxx,native,664d906899b1726ae6d0bd3856483c4590af875a9dfdc3fee14fdcb79dbc4e34,false
exp7-manifest-1,2026-09-25T05:50:41Z,p4,class,CANDIDATE,double,C4,0.505,10004,raw/p4/p4_class_libcxx_C4_CANDIDATE_s10004.bin,bin,100000,40,1,3,4000096,7c079158fdc6b1d4d6b15b2a4c82dd49e488caa53651161d3bf4f8f4fe282d99,./exp7_probe_libcxx.exe,2f81b486545542fc7b2159aaeec4d7169505046154a97bb1469c18bc24d28fac,-Wall -Wextra -std=c++11 -O2 -ffp-contract=off -I src,clang 21.0.0 (clang-2100.3.34.2),libc++,arm64,libcxx,native,664d906899b1726ae6d0bd3856483c4590af875a9dfdc3fee14fdcb79dbc4e34,false
exp7-manifest-1,2026-09-25T05:50:41Z,p4,uncapped,LEGACY,double,C4,0.505,10005,raw/p4/p4_loader_libcxx_C4_LEGACY_s10005.bin,bin,100000,40,1,3,4000096,b8fbd1dd2d91e4b9714b3ce8ea3e00ec9083d475ff99498669a8062aaf8f94f5,./exp7_probe_libcxx.exe,2f81b486545542fc7b2159aaeec4d7169505046154a97bb1469c18bc24d28fac,-Wall -Wextra -std=c++11 -O2 -ffp-contract=off -I src,clang 21.0.0 (clang-2100.3.34.2),libc++,arm64,libcxx,native,664d906899b1726ae6d0bd3856483c4590af875a9dfdc3fee14fdcb79dbc4e34,false
exp7-manifest-1,2026-09-25T05:50:41Z,p4,uncapped,CANDIDATE,double,C4,0.505,10005,raw/p4/p4_loader_libcxx_C4_CANDIDATE_s10005.bin,bin,100000,40,1,3,4000096,6b75c9978a174216426fe2d1100508e78479f6f69c3fb685f03e1b89d04e1062,./exp7_probe_libcxx.exe,2f81b486545542fc7b2159aaeec4d7169505046154a97bb1469c18bc24d28fac,-Wall -Wextra -std=c++11 -O2 -ffp-contract=off -I src,clang 21.0.0 (clang-2100.3.34.2),libc++,arm64,libcxx,native,664d906899b1726ae6d0bd3856483c4590af875a9dfdc3fee14fdcb79dbc4e34,false
exp7-manifest-1,2026-09-25T05:50:41Z,p4,class,LEGACY,double,C4,0.505,10005,raw/p4/p4_class_libcxx_C4_LEGACY_s10005.bin,bin,100000,40,1,3,4000096,2c010bea1f2e535cc27344c64e9a78d51af16cec9cd3d548a7b89060849bec9d,./exp7_probe_libcxx.exe,2f81b486545542fc7b2159aaeec4d7169505046154a97bb1469c18bc24d28fac,-Wall -Wextra -std=c++11 -O2 -ffp-contract=off -I src,clang 21.0.0 (clang-2100.3.34.2),libc++,arm64,libcxx,native,664d906899b1726ae6d0bd3856483c4590af875a9dfdc3fee14fdcb79dbc4e34,false
exp7-manifest-1,2026-09-25T05:50:41Z,p4,class,CANDIDATE,double,C4,0.505,10005,raw/p4/p4_class_libcxx_C4_CANDIDATE_s10005.bin,bin,100000,40,1,3,4000096,8917fc8baa10ca3bda043040799a5f6d4c1d28dfdba6651ebeb117ba7e4671ea,./exp7_probe_libcxx.exe,2f81b486545542fc7b2159aaeec4d7169505046154a97bb1469c18bc24d28fac,-Wall -Wextra -std=c++11 -O2 -ffp-contract=off -I src,clang 21.0.0 (clang-2100.3.34.2),libc++,arm64,libcxx,native,664d906899b1726ae6d0bd3856483c4590af875a9dfdc3fee14fdcb79dbc4e34,false
exp7-manifest-1,2026-09-25T05:50:41Z,p4,capped,LEGACY,double,C5,0.51000000000000001,10001,raw/p4/p4_loader_libcxx_C5_LEGACY_s10001.bin,bin,100000,40,1,3,4000096,43f220eea702215415b0b491f9b1893062d1b750a919f8629046b2dcce45e4ff,./exp7_probe_libcxx.exe,2f81b486545542fc7b2159aaeec4d7169505046154a97bb1469c18bc24d28fac,-Wall -Wextra -std=c++11 -O2 -ffp-contract=off -I src,clang 21.0.0 (clang-2100.3.34.2),libc++,arm64,libcxx,native,664d906899b1726ae6d0bd3856483c4590af875a9dfdc3fee14fdcb79dbc4e34,false
exp7-manifest-1,2026-09-25T05:50:41Z,p4,capped,CANDIDATE,double,C5,0.51000000000000001,10001,raw/p4/p4_loader_libcxx_C5_CANDIDATE_s10001.bin,bin,100000,40,1,3,4000096,a413996e6eacc3940b1e923daf208066b5b5e03e6aa9e269de434dc5ba1b6be5,./exp7_probe_libcxx.exe,2f81b486545542fc7b2159aaeec4d7169505046154a97bb1469c18bc24d28fac,-Wall -Wextra -std=c++11 -O2 -ffp-contract=off -I src,clang 21.0.0 (clang-2100.3.34.2),libc++,arm64,libcxx,native,664d906899b1726ae6d0bd3856483c4590af875a9dfdc3fee14fdcb79dbc4e34,false
exp7-manifest-1,2026-09-25T05:50:41Z,p4,capped,LEGACY,double,C5,0.51000000000000001,10002,raw/p4/p4_loader_libcxx_C5_LEGACY_s10002.bin,bin,100000,40,1,3,4000096,7075fb83ec12efadd0487657c9ac07304a3064ed6c0a932199fd0d682c7cc1f0,./exp7_probe_libcxx.exe,2f81b486545542fc7b2159aaeec4d7169505046154a97bb1469c18bc24d28fac,-Wall -Wextra -std=c++11 -O2 -ffp-contract=off -I src,clang 21.0.0 (clang-2100.3.34.2),libc++,arm64,libcxx,native,664d906899b1726ae6d0bd3856483c4590af875a9dfdc3fee14fdcb79dbc4e34,false
exp7-manifest-1,2026-09-25T05:50:41Z,p4,capped,CANDIDATE,double,C5,0.51000000000000001,10002,raw/p4/p4_loader_libcxx_C5_CANDIDATE_s10002.bin,bin,100000,40,1,3,4000096,a3e44e9b2fc59454806611bed3d15dafee6dc8efd000ac23db453cdb076f7c7c,./exp7_probe_libcxx.exe,2f81b486545542fc7b2159aaeec4d7169505046154a97bb1469c18bc24d28fac,-Wall -Wextra -std=c++11 -O2 -ffp-contract=off -I src,clang 21.0.0 (clang-2100.3.34.2),libc++,arm64,libcxx,native,664d906899b1726ae6d0bd3856483c4590af875a9dfdc3fee14fdcb79dbc4e34,false
exp7-manifest-1,2026-09-25T05:50:41Z,p4,capped,LEGACY,double,C5,0.51000000000000001,10003,raw/p4/p4_loader_libcxx_C5_LEGACY_s10003.bin,bin,100000,40,1,3,4000096,2a637cb1fa532e860fd45253c1dc48f6a6e0f1bb13bb95c51f57875110a520a2,./exp7_probe_libcxx.exe,2f81b486545542fc7b2159aaeec4d7169505046154a97bb1469c18bc24d28fac,-Wall -Wextra -std=c++11 -O2 -ffp-contract=off -I src,clang 21.0.0 (clang-2100.3.34.2),libc++,arm64,libcxx,native,664d906899b1726ae6d0bd3856483c4590af875a9dfdc3fee14fdcb79dbc4e34,false
exp7-manifest-1,2026-09-25T05:50:41Z,p4,capped,CANDIDATE,double,C5,0.51000000000000001,10003,raw/p4/p4_loader_libcxx_C5_CANDIDATE_s10003.bin,bin,100000,40,1,3,4000096,30bea45927eb91436cbc68a1502dfb40839e013eb05f4d54ee28b966c67b7a41,./exp7_probe_libcxx.exe,2f81b486545542fc7b2159aaeec4d7169505046154a97bb1469c18bc24d28fac,-Wall -Wextra -std=c++11 -O2 -ffp-contract=off -I src,clang 21.0.0 (clang-2100.3.34.2),libc++,arm64,libcxx,native,664d906899b1726ae6d0bd3856483c4590af875a9dfdc3fee14fdcb79dbc4e34,false
exp7-manifest-1,2026-09-25T05:50:41Z,p4,capped,LEGACY,double,C5,0.51000000000000001,10004,raw/p4/p4_loader_libcxx_C5_LEGACY_s10004.bin,bin,100000,40,1,3,4000096,9045157c8a23e4c7cb0fd2ad55f21f8f7e7eaf5806f8daec06e9b145d65f1c38,./exp7_probe_libcxx.exe,2f81b486545542fc7b2159aaeec4d7169505046154a97bb1469c18bc24d28fac,-Wall -Wextra -std=c++11 -O2 -ffp-contract=off -I src,clang 21.0.0 (clang-2100.3.34.2),libc++,arm64,libcxx,native,664d906899b1726ae6d0bd3856483c4590af875a9dfdc3fee14fdcb79dbc4e34,false
exp7-manifest-1,2026-09-25T05:50:41Z,p4,capped,CANDIDATE,double,C5,0.51000000000000001,10004,raw/p4/p4_loader_libcxx_C5_CANDIDATE_s10004.bin,bin,100000,40,1,3,4000096,3e2eb41e186069a9990df249081f5dd68b249e6495f019cda646b85c93dc009e,./exp7_probe_libcxx.exe,2f81b486545542fc7b2159aaeec4d7169505046154a97bb1469c18bc24d28fac,-Wall -Wextra -std=c++11 -O2 -ffp-contract=off -I src,clang 21.0.0 (clang-2100.3.34.2),libc++,arm64,libcxx,native,664d906899b1726ae6d0bd3856483c4590af875a9dfdc3fee14fdcb79dbc4e34,false
exp7-manifest-1,2026-09-25T05:50:41Z,p4,capped,LEGACY,double,C5,0.51000000000000001,10005,raw/p4/p4_loader_libcxx_C5_LEGACY_s10005.bin,bin,100000,40,1,3,4000096,222c9dda3ebb73814dc1d643ca0ae527231defe3e2e24fdcebb14a77d407aab2,./exp7_probe_libcxx.exe,2f81b486545542fc7b2159aaeec4d7169505046154a97bb1469c18bc24d28fac,-Wall -Wextra -std=c++11 -O2 -ffp-contract=off -I src,clang 21.0.0 (clang-2100.3.34.2),libc++,arm64,libcxx,native,664d906899b1726ae6d0bd3856483c4590af875a9dfdc3fee14fdcb79dbc4e34,false
exp7-manifest-1,2026-09-25T05:50:41Z,p4,capped,CANDIDATE,double,C5,0.51000000000000001,10005,raw/p4/p4_loader_libcxx_C5_CANDIDATE_s10005.bin,bin,100000,40,1,3,4000096,52ec0b7f9cf4c6f29b20a7e688784987623b0cc9041762397da371e0c6ed878a,./exp7_probe_libcxx.exe,2f81b486545542fc7b2159aaeec4d7169505046154a97bb1469c18bc24d28fac,-Wall -Wextra -std=c++11 -O2 -ffp-contract=off -I src,clang 21.0.0 (clang-2100.3.34.2),libc++,arm64,libcxx,native,664d906899b1726ae6d0bd3856483c4590af875a9dfdc3fee14fdcb79dbc4e34,false
exp7-manifest-1,2026-09-25T05:50:41Z,p4,capped,LEGACY,double,C6,0.51000000000000001,10001,raw/p4/p4_loader_libcxx_C6_LEGACY_s10001.bin,bin,100000,40,1,3,4000096,b969a053ece6de9a4ba485cffe6d2f5b7bda120103a61d8f9a1c769d2b1042b8,./exp7_probe_libcxx.exe,2f81b486545542fc7b2159aaeec4d7169505046154a97bb1469c18bc24d28fac,-Wall -Wextra -std=c++11 -O2 -ffp-contract=off -I src,clang 21.0.0 (clang-2100.3.34.2),libc++,arm64,libcxx,native,664d906899b1726ae6d0bd3856483c4590af875a9dfdc3fee14fdcb79dbc4e34,false
exp7-manifest-1,2026-09-25T05:50:41Z,p4,capped,CANDIDATE,double,C6,0.51000000000000001,10001,raw/p4/p4_loader_libcxx_C6_CANDIDATE_s10001.bin,bin,100000,40,1,3,4000096,1a2f120ef19a36d9851aafd6cf5cbbbf92e74e3d6ac5e971458f8b3195abbc1b,./exp7_probe_libcxx.exe,2f81b486545542fc7b2159aaeec4d7169505046154a97bb1469c18bc24d28fac,-Wall -Wextra -std=c++11 -O2 -ffp-contract=off -I src,clang 21.0.0 (clang-2100.3.34.2),libc++,arm64,libcxx,native,664d906899b1726ae6d0bd3856483c4590af875a9dfdc3fee14fdcb79dbc4e34,false
exp7-manifest-1,2026-09-25T05:50:41Z,p4,capped,LEGACY,double,C6,0.51000000000000001,10002,raw/p4/p4_loader_libcxx_C6_LEGACY_s10002.bin,bin,100000,40,1,3,4000096,01d5457bea69f218c7aed55e342a031456574c6ed270438da2a8d088009229cf,./exp7_probe_libcxx.exe,2f81b486545542fc7b2159aaeec4d7169505046154a97bb1469c18bc24d28fac,-Wall -Wextra -std=c++11 -O2 -ffp-contract=off -I src,clang 21.0.0 (clang-2100.3.34.2),libc++,arm64,libcxx,native,664d906899b1726ae6d0bd3856483c4590af875a9dfdc3fee14fdcb79dbc4e34,false
exp7-manifest-1,2026-09-25T05:50:41Z,p4,capped,CANDIDATE,double,C6,0.51000000000000001,10002,raw/p4/p4_loader_libcxx_C6_CANDIDATE_s10002.bin,bin,100000,40,1,3,4000096,018d7dc97a29fa215683c2f801125b5008334149df1e7f4377af0234e97604c1,./exp7_probe_libcxx.exe,2f81b486545542fc7b2159aaeec4d7169505046154a97bb1469c18bc24d28fac,-Wall -Wextra -std=c++11 -O2 -ffp-contract=off -I src,clang 21.0.0 (clang-2100.3.34.2),libc++,arm64,libcxx,native,664d906899b1726ae6d0bd3856483c4590af875a9dfdc3fee14fdcb79dbc4e34,false
exp7-manifest-1,2026-09-25T05:50:41Z,p4,capped,LEGACY,double,C6,0.51000000000000001,10003,raw/p4/p4_loader_libcxx_C6_LEGACY_s10003.bin,bin,100000,40,1,3,4000096,11dc385651a5ae10a0a222f7501f46391eb76cb42f53d7c04bc9384e49167848,./exp7_probe_libcxx.exe,2f81b486545542fc7b2159aaeec4d7169505046154a97bb1469c18bc24d28fac,-Wall -Wextra -std=c++11 -O2 -ffp-contract=off -I src,clang 21.0.0 (clang-2100.3.34.2),libc++,arm64,libcxx,native,664d906899b1726ae6d0bd3856483c4590af875a9dfdc3fee14fdcb79dbc4e34,false
exp7-manifest-1,2026-09-25T05:50:41Z,p4,capped,CANDIDATE,double,C6,0.51000000000000001,10003,raw/p4/p4_loader_libcxx_C6_CANDIDATE_s10003.bin,bin,100000,40,1,3,4000096,0f1a455588588d6970cf37191e13439766ece11a5ac59f5f3079dd71d9fdb06c,./exp7_probe_libcxx.exe,2f81b486545542fc7b2159aaeec4d7169505046154a97bb1469c18bc24d28fac,-Wall -Wextra -std=c++11 -O2 -ffp-contract=off -I src,clang 21.0.0 (clang-2100.3.34.2),libc++,arm64,libcxx,native,664d906899b1726ae6d0bd3856483c4590af875a9dfdc3fee14fdcb79dbc4e34,false
exp7-manifest-1,2026-09-25T05:50:41Z,p4,capped,LEGACY,double,C6,0.51000000000000001,10004,raw/p4/p4_loader_libcxx_C6_LEGACY_s10004.bin,bin,100000,40,1,3,4000096,e3ee9a0b598c93b9f09fef41cbab23e3378da5b5a261eaa0db1f1d40fd312db9,./exp7_probe_libcxx.exe,2f81b486545542fc7b2159aaeec4d7169505046154a97bb1469c18bc24d28fac,-Wall -Wextra -std=c++11 -O2 -ffp-contract=off -I src,clang 21.0.0 (clang-2100.3.34.2),libc++,arm64,libcxx,native,664d906899b1726ae6d0bd3856483c4590af875a9dfdc3fee14fdcb79dbc4e34,false
exp7-manifest-1,2026-09-25T05:50:41Z,p4,capped,CANDIDATE,double,C6,0.51000000000000001,10004,raw/p4/p4_loader_libcxx_C6_CANDIDATE_s10004.bin,bin,100000,40,1,3,4000096,8f2c103ff1c4fe1243ed769408ab265549682a2c9037bb865ce2e66a25d4ccfa,./exp7_probe_libcxx.exe,2f81b486545542fc7b2159aaeec4d7169505046154a97bb1469c18bc24d28fac,-Wall -Wextra -std=c++11 -O2 -ffp-contract=off -I src,clang 21.0.0 (clang-2100.3.34.2),libc++,arm64,libcxx,native,664d906899b1726ae6d0bd3856483c4590af875a9dfdc3fee14fdcb79dbc4e34,false
exp7-manifest-1,2026-09-25T05:50:41Z,p4,capped,LEGACY,double,C6,0.51000000000000001,10005,raw/p4/p4_loader_libcxx_C6_LEGACY_s10005.bin,bin,100000,40,1,3,4000096,595dc2efc7ab928972b4c2622114deddc52a40ac5dded931bfafd82fee07957b,./exp7_probe_libcxx.exe,2f81b486545542fc7b2159aaeec4d7169505046154a97bb1469c18bc24d28fac,-Wall -Wextra -std=c++11 -O2 -ffp-contract=off -I src,clang 21.0.0 (clang-2100.3.34.2),libc++,arm64,libcxx,native,664d906899b1726ae6d0bd3856483c4590af875a9dfdc3fee14fdcb79dbc4e34,false
exp7-manifest-1,2026-09-25T05:50:41Z,p4,capped,CANDIDATE,double,C6,0.51000000000000001,10005,raw/p4/p4_loader_libcxx_C6_CANDIDATE_s10005.bin,bin,100000,40,1,3,4000096,07e6479df3920a267cfa807ee5291a86fb000dc9ee9a2bae5199f96cbe8fde72,./exp7_probe_libcxx.exe,2f81b486545542fc7b2159aaeec4d7169505046154a97bb1469c18bc24d28fac,-Wall -Wextra -std=c++11 -O2 -ffp-contract=off -I src,clang 21.0.0 (clang-2100.3.34.2),libc++,arm64,libcxx,native,664d906899b1726ae6d0bd3856483c4590af875a9dfdc3fee14fdcb79dbc4e34,false
exp7-manifest-1,2026-09-25T05:50:41Z,p4,summary,all,all,all,nan,-1,raw/p4/p4_libcxx.jsonl,jsonl,120,-1,-1,-1,103356,1249c44bfe5e4b0d205abbeda74f950809edd9b3c3f09c48f088a349d64b32b1,./exp7_probe_libcxx.exe,2f81b486545542fc7b2159aaeec4d7169505046154a97bb1469c18bc24d28fac,-Wall -Wextra -std=c++11 -O2 -ffp-contract=off -I src,clang 21.0.0 (clang-2100.3.34.2),libc++,arm64,libcxx,native,664d906899b1726ae6d0bd3856483c4590af875a9dfdc3fee14fdcb79dbc4e34,false
exp7-manifest-1,2026-09-25T05:50:49Z,p4,uncapped,LEGACY,double,C0,2,10001,raw/p4/p4_loader_libstdcxx_C0_LEGACY_s10001.bin,bin,100000,40,1,3,4000096,a42dd75695ad2873e55d0d2d7474591c13e516c33a9a37b0f0200445b50f2528,./exp7_probe_libstdcxx.exe,62a584d372abbb1724b224dc18b88c277d6ee16b754484eecb896f7fbdabeca5,-Wall -Wextra -std=c++11 -O2 -ffp-contract=off -I src,gcc 15.2.0,libstdc++,arm64,libstdcxx,native,664d906899b1726ae6d0bd3856483c4590af875a9dfdc3fee14fdcb79dbc4e34,false
exp7-manifest-1,2026-09-25T05:50:49Z,p4,uncapped,CANDIDATE,double,C0,2,10001,raw/p4/p4_loader_libstdcxx_C0_CANDIDATE_s10001.bin,bin,100000,40,1,3,4000096,6b0e0d80bfb0974261e38705a27830b40929c3c7994294f04034cca4dab161b9,./exp7_probe_libstdcxx.exe,62a584d372abbb1724b224dc18b88c277d6ee16b754484eecb896f7fbdabeca5,-Wall -Wextra -std=c++11 -O2 -ffp-contract=off -I src,gcc 15.2.0,libstdc++,arm64,libstdcxx,native,664d906899b1726ae6d0bd3856483c4590af875a9dfdc3fee14fdcb79dbc4e34,false
exp7-manifest-1,2026-09-25T05:50:49Z,p4,class,LEGACY,double,C0,2,10001,raw/p4/p4_class_libstdcxx_C0_LEGACY_s10001.bin,bin,100000,40,1,3,4000096,9c8c7b8a910bb82fd935e3dce57fd8135e0201f2e94ad7c7dca5eb4c341aaae3,./exp7_probe_libstdcxx.exe,62a584d372abbb1724b224dc18b88c277d6ee16b754484eecb896f7fbdabeca5,-Wall -Wextra -std=c++11 -O2 -ffp-contract=off -I src,gcc 15.2.0,libstdc++,arm64,libstdcxx,native,664d906899b1726ae6d0bd3856483c4590af875a9dfdc3fee14fdcb79dbc4e34,false
exp7-manifest-1,2026-09-25T05:50:49Z,p4,class,CANDIDATE,double,C0,2,10001,raw/p4/p4_class_libstdcxx_C0_CANDIDATE_s10001.bin,bin,100000,40,1,3,4000096,f235a79118958519324c05e5151248cd7f46b4edd4bfa639ac50191b61592846,./exp7_probe_libstdcxx.exe,62a584d372abbb1724b224dc18b88c277d6ee16b754484eecb896f7fbdabeca5,-Wall -Wextra -std=c++11 -O2 -ffp-contract=off -I src,gcc 15.2.0,libstdc++,arm64,libstdcxx,native,664d906899b1726ae6d0bd3856483c4590af875a9dfdc3fee14fdcb79dbc4e34,false
exp7-manifest-1,2026-09-25T05:50:49Z,p4,uncapped,LEGACY,double,C0,2,10002,raw/p4/p4_loader_libstdcxx_C0_LEGACY_s10002.bin,bin,100000,40,1,3,4000096,64414f800997b74674b95ba0416eef94a97d9e5416f055d6d8dde5cc9d9d50e9,./exp7_probe_libstdcxx.exe,62a584d372abbb1724b224dc18b88c277d6ee16b754484eecb896f7fbdabeca5,-Wall -Wextra -std=c++11 -O2 -ffp-contract=off -I src,gcc 15.2.0,libstdc++,arm64,libstdcxx,native,664d906899b1726ae6d0bd3856483c4590af875a9dfdc3fee14fdcb79dbc4e34,false
exp7-manifest-1,2026-09-25T05:50:49Z,p4,uncapped,CANDIDATE,double,C0,2,10002,raw/p4/p4_loader_libstdcxx_C0_CANDIDATE_s10002.bin,bin,100000,40,1,3,4000096,93338f27cd5e4128a7f9fb63ab56a1539a08b558d0ffb288ec172a4511c27e9c,./exp7_probe_libstdcxx.exe,62a584d372abbb1724b224dc18b88c277d6ee16b754484eecb896f7fbdabeca5,-Wall -Wextra -std=c++11 -O2 -ffp-contract=off -I src,gcc 15.2.0,libstdc++,arm64,libstdcxx,native,664d906899b1726ae6d0bd3856483c4590af875a9dfdc3fee14fdcb79dbc4e34,false
exp7-manifest-1,2026-09-25T05:50:49Z,p4,class,LEGACY,double,C0,2,10002,raw/p4/p4_class_libstdcxx_C0_LEGACY_s10002.bin,bin,100000,40,1,3,4000096,e59e9483195b78abb7b7ceb0baa0426a815be884935c80ae14a4a624143ffbce,./exp7_probe_libstdcxx.exe,62a584d372abbb1724b224dc18b88c277d6ee16b754484eecb896f7fbdabeca5,-Wall -Wextra -std=c++11 -O2 -ffp-contract=off -I src,gcc 15.2.0,libstdc++,arm64,libstdcxx,native,664d906899b1726ae6d0bd3856483c4590af875a9dfdc3fee14fdcb79dbc4e34,false
exp7-manifest-1,2026-09-25T05:50:49Z,p4,class,CANDIDATE,double,C0,2,10002,raw/p4/p4_class_libstdcxx_C0_CANDIDATE_s10002.bin,bin,100000,40,1,3,4000096,4ca8c735d28151ded31a27215fed9d11d337811b06eb7bae64dccc63366ce6a6,./exp7_probe_libstdcxx.exe,62a584d372abbb1724b224dc18b88c277d6ee16b754484eecb896f7fbdabeca5,-Wall -Wextra -std=c++11 -O2 -ffp-contract=off -I src,gcc 15.2.0,libstdc++,arm64,libstdcxx,native,664d906899b1726ae6d0bd3856483c4590af875a9dfdc3fee14fdcb79dbc4e34,false
exp7-manifest-1,2026-09-25T05:50:49Z,p4,uncapped,LEGACY,double,C0,2,10003,raw/p4/p4_loader_libstdcxx_C0_LEGACY_s10003.bin,bin,100000,40,1,3,4000096,526a933b7b005297d681bb05f1baa0e101b7fa5e1e5647280a31b959fdad6c58,./exp7_probe_libstdcxx.exe,62a584d372abbb1724b224dc18b88c277d6ee16b754484eecb896f7fbdabeca5,-Wall -Wextra -std=c++11 -O2 -ffp-contract=off -I src,gcc 15.2.0,libstdc++,arm64,libstdcxx,native,664d906899b1726ae6d0bd3856483c4590af875a9dfdc3fee14fdcb79dbc4e34,false
exp7-manifest-1,2026-09-25T05:50:49Z,p4,uncapped,CANDIDATE,double,C0,2,10003,raw/p4/p4_loader_libstdcxx_C0_CANDIDATE_s10003.bin,bin,100000,40,1,3,4000096,0be5281b8cb8bab9c1aaa8e1f8d8fcb0860fd62397768b0f789d09f37206eed4,./exp7_probe_libstdcxx.exe,62a584d372abbb1724b224dc18b88c277d6ee16b754484eecb896f7fbdabeca5,-Wall -Wextra -std=c++11 -O2 -ffp-contract=off -I src,gcc 15.2.0,libstdc++,arm64,libstdcxx,native,664d906899b1726ae6d0bd3856483c4590af875a9dfdc3fee14fdcb79dbc4e34,false
exp7-manifest-1,2026-09-25T05:50:49Z,p4,class,LEGACY,double,C0,2,10003,raw/p4/p4_class_libstdcxx_C0_LEGACY_s10003.bin,bin,100000,40,1,3,4000096,f1fbd6026b137773d889ca0d44afa1c24cc201d17d49ba710b1aac414d71394b,./exp7_probe_libstdcxx.exe,62a584d372abbb1724b224dc18b88c277d6ee16b754484eecb896f7fbdabeca5,-Wall -Wextra -std=c++11 -O2 -ffp-contract=off -I src,gcc 15.2.0,libstdc++,arm64,libstdcxx,native,664d906899b1726ae6d0bd3856483c4590af875a9dfdc3fee14fdcb79dbc4e34,false
exp7-manifest-1,2026-09-25T05:50:49Z,p4,class,CANDIDATE,double,C0,2,10003,raw/p4/p4_class_libstdcxx_C0_CANDIDATE_s10003.bin,bin,100000,40,1,3,4000096,5e4e25249a51871a542835ba90a906ee482bf5c623b06958db560590b8ba12bc,./exp7_probe_libstdcxx.exe,62a584d372abbb1724b224dc18b88c277d6ee16b754484eecb896f7fbdabeca5,-Wall -Wextra -std=c++11 -O2 -ffp-contract=off -I src,gcc 15.2.0,libstdc++,arm64,libstdcxx,native,664d906899b1726ae6d0bd3856483c4590af875a9dfdc3fee14fdcb79dbc4e34,false
exp7-manifest-1,2026-09-25T05:50:49Z,p4,uncapped,LEGACY,double,C0,2,10004,raw/p4/p4_loader_libstdcxx_C0_LEGACY_s10004.bin,bin,100000,40,1,3,4000096,f9595ea5b6743cbd55747c6d72cea53438819160d078413e57b61e6a29b62241,./exp7_probe_libstdcxx.exe,62a584d372abbb1724b224dc18b88c277d6ee16b754484eecb896f7fbdabeca5,-Wall -Wextra -std=c++11 -O2 -ffp-contract=off -I src,gcc 15.2.0,libstdc++,arm64,libstdcxx,native,664d906899b1726ae6d0bd3856483c4590af875a9dfdc3fee14fdcb79dbc4e34,false
exp7-manifest-1,2026-09-25T05:50:49Z,p4,uncapped,CANDIDATE,double,C0,2,10004,raw/p4/p4_loader_libstdcxx_C0_CANDIDATE_s10004.bin,bin,100000,40,1,3,4000096,9a23cc4238e498bfe31ab723a8a578573cfe23f6a8ceac251cf3d73b99cc0318,./exp7_probe_libstdcxx.exe,62a584d372abbb1724b224dc18b88c277d6ee16b754484eecb896f7fbdabeca5,-Wall -Wextra -std=c++11 -O2 -ffp-contract=off -I src,gcc 15.2.0,libstdc++,arm64,libstdcxx,native,664d906899b1726ae6d0bd3856483c4590af875a9dfdc3fee14fdcb79dbc4e34,false
exp7-manifest-1,2026-09-25T05:50:49Z,p4,class,LEGACY,double,C0,2,10004,raw/p4/p4_class_libstdcxx_C0_LEGACY_s10004.bin,bin,100000,40,1,3,4000096,008b63e72b2a683ced248831f79d60dd00cb863c5f7636abec28ba35052125c4,./exp7_probe_libstdcxx.exe,62a584d372abbb1724b224dc18b88c277d6ee16b754484eecb896f7fbdabeca5,-Wall -Wextra -std=c++11 -O2 -ffp-contract=off -I src,gcc 15.2.0,libstdc++,arm64,libstdcxx,native,664d906899b1726ae6d0bd3856483c4590af875a9dfdc3fee14fdcb79dbc4e34,false
exp7-manifest-1,2026-09-25T05:50:49Z,p4,class,CANDIDATE,double,C0,2,10004,raw/p4/p4_class_libstdcxx_C0_CANDIDATE_s10004.bin,bin,100000,40,1,3,4000096,584d6fcb67a04d1f86012b2e41ec5dbc3d5e7e071c5010d2a54f33b2cd25cb93,./exp7_probe_libstdcxx.exe,62a584d372abbb1724b224dc18b88c277d6ee16b754484eecb896f7fbdabeca5,-Wall -Wextra -std=c++11 -O2 -ffp-contract=off -I src,gcc 15.2.0,libstdc++,arm64,libstdcxx,native,664d906899b1726ae6d0bd3856483c4590af875a9dfdc3fee14fdcb79dbc4e34,false
exp7-manifest-1,2026-09-25T05:50:49Z,p4,uncapped,LEGACY,double,C0,2,10005,raw/p4/p4_loader_libstdcxx_C0_LEGACY_s10005.bin,bin,100000,40,1,3,4000096,7f16d8ec836155369ae44a541c9d7209d1fcaeca17c8b995472158729497bb72,./exp7_probe_libstdcxx.exe,62a584d372abbb1724b224dc18b88c277d6ee16b754484eecb896f7fbdabeca5,-Wall -Wextra -std=c++11 -O2 -ffp-contract=off -I src,gcc 15.2.0,libstdc++,arm64,libstdcxx,native,664d906899b1726ae6d0bd3856483c4590af875a9dfdc3fee14fdcb79dbc4e34,false
exp7-manifest-1,2026-09-25T05:50:49Z,p4,uncapped,CANDIDATE,double,C0,2,10005,raw/p4/p4_loader_libstdcxx_C0_CANDIDATE_s10005.bin,bin,100000,40,1,3,4000096,2986f0b9b15821a57262d96d3cc16c088e08fd4bc11452629d38d0d2c75a9aaa,./exp7_probe_libstdcxx.exe,62a584d372abbb1724b224dc18b88c277d6ee16b754484eecb896f7fbdabeca5,-Wall -Wextra -std=c++11 -O2 -ffp-contract=off -I src,gcc 15.2.0,libstdc++,arm64,libstdcxx,native,664d906899b1726ae6d0bd3856483c4590af875a9dfdc3fee14fdcb79dbc4e34,false
exp7-manifest-1,2026-09-25T05:50:49Z,p4,class,LEGACY,double,C0,2,10005,raw/p4/p4_class_libstdcxx_C0_LEGACY_s10005.bin,bin,100000,40,1,3,4000096,6b93e449f69eb2d91b7500a54f88fae3d0e43c333b343f8f09570adceca1ee0a,./exp7_probe_libstdcxx.exe,62a584d372abbb1724b224dc18b88c277d6ee16b754484eecb896f7fbdabeca5,-Wall -Wextra -std=c++11 -O2 -ffp-contract=off -I src,gcc 15.2.0,libstdc++,arm64,libstdcxx,native,664d906899b1726ae6d0bd3856483c4590af875a9dfdc3fee14fdcb79dbc4e34,false
exp7-manifest-1,2026-09-25T05:50:49Z,p4,class,CANDIDATE,double,C0,2,10005,raw/p4/p4_class_libstdcxx_C0_CANDIDATE_s10005.bin,bin,100000,40,1,3,4000096,cf421d6f34559f325d386bf286bc18a49f9e939e94f5fde1b977426a28c5f476,./exp7_probe_libstdcxx.exe,62a584d372abbb1724b224dc18b88c277d6ee16b754484eecb896f7fbdabeca5,-Wall -Wextra -std=c++11 -O2 -ffp-contract=off -I src,gcc 15.2.0,libstdc++,arm64,libstdcxx,native,664d906899b1726ae6d0bd3856483c4590af875a9dfdc3fee14fdcb79dbc4e34,false
exp7-manifest-1,2026-09-25T05:50:49Z,p4,uncapped,LEGACY,double,C1,0.51000000000000001,10001,raw/p4/p4_loader_libstdcxx_C1_LEGACY_s10001.bin,bin,100000,40,1,3,4000096,76d50cecdaa953cb0d20f2f0667be8a8990f5c2cb07324da19108a705fc6ef41,./exp7_probe_libstdcxx.exe,62a584d372abbb1724b224dc18b88c277d6ee16b754484eecb896f7fbdabeca5,-Wall -Wextra -std=c++11 -O2 -ffp-contract=off -I src,gcc 15.2.0,libstdc++,arm64,libstdcxx,native,664d906899b1726ae6d0bd3856483c4590af875a9dfdc3fee14fdcb79dbc4e34,false
exp7-manifest-1,2026-09-25T05:50:49Z,p4,uncapped,CANDIDATE,double,C1,0.51000000000000001,10001,raw/p4/p4_loader_libstdcxx_C1_CANDIDATE_s10001.bin,bin,100000,40,1,3,4000096,47c07de1bec51630a1d8277fbbb194663d3ed1c538bb052cc4676e9e9ea0a88c,./exp7_probe_libstdcxx.exe,62a584d372abbb1724b224dc18b88c277d6ee16b754484eecb896f7fbdabeca5,-Wall -Wextra -std=c++11 -O2 -ffp-contract=off -I src,gcc 15.2.0,libstdc++,arm64,libstdcxx,native,664d906899b1726ae6d0bd3856483c4590af875a9dfdc3fee14fdcb79dbc4e34,false
exp7-manifest-1,2026-09-25T05:50:49Z,p4,class,LEGACY,double,C1,0.51000000000000001,10001,raw/p4/p4_class_libstdcxx_C1_LEGACY_s10001.bin,bin,100000,40,1,3,4000096,e83c599122ec06976ba4b7ead2e218aa68a866578b2fd7af4e2efc936cd4ee9c,./exp7_probe_libstdcxx.exe,62a584d372abbb1724b224dc18b88c277d6ee16b754484eecb896f7fbdabeca5,-Wall -Wextra -std=c++11 -O2 -ffp-contract=off -I src,gcc 15.2.0,libstdc++,arm64,libstdcxx,native,664d906899b1726ae6d0bd3856483c4590af875a9dfdc3fee14fdcb79dbc4e34,false
exp7-manifest-1,2026-09-25T05:50:49Z,p4,class,CANDIDATE,double,C1,0.51000000000000001,10001,raw/p4/p4_class_libstdcxx_C1_CANDIDATE_s10001.bin,bin,100000,40,1,3,4000096,7117570189c3e62f934086a225e1e5d87934a5d33fb495408d683e4d5e48a7c8,./exp7_probe_libstdcxx.exe,62a584d372abbb1724b224dc18b88c277d6ee16b754484eecb896f7fbdabeca5,-Wall -Wextra -std=c++11 -O2 -ffp-contract=off -I src,gcc 15.2.0,libstdc++,arm64,libstdcxx,native,664d906899b1726ae6d0bd3856483c4590af875a9dfdc3fee14fdcb79dbc4e34,false
exp7-manifest-1,2026-09-25T05:50:49Z,p4,uncapped,LEGACY,double,C1,0.51000000000000001,10002,raw/p4/p4_loader_libstdcxx_C1_LEGACY_s10002.bin,bin,100000,40,1,3,4000096,d83e238e83f90e535e829a5e56edadecd5a9c645eb223eba8a6efb90ef8d10e4,./exp7_probe_libstdcxx.exe,62a584d372abbb1724b224dc18b88c277d6ee16b754484eecb896f7fbdabeca5,-Wall -Wextra -std=c++11 -O2 -ffp-contract=off -I src,gcc 15.2.0,libstdc++,arm64,libstdcxx,native,664d906899b1726ae6d0bd3856483c4590af875a9dfdc3fee14fdcb79dbc4e34,false
exp7-manifest-1,2026-09-25T05:50:49Z,p4,uncapped,CANDIDATE,double,C1,0.51000000000000001,10002,raw/p4/p4_loader_libstdcxx_C1_CANDIDATE_s10002.bin,bin,100000,40,1,3,4000096,7fdc7dc0a4bc725019c12e08dcb4ec7303edc3e0a30db8db52e4732e09b7958c,./exp7_probe_libstdcxx.exe,62a584d372abbb1724b224dc18b88c277d6ee16b754484eecb896f7fbdabeca5,-Wall -Wextra -std=c++11 -O2 -ffp-contract=off -I src,gcc 15.2.0,libstdc++,arm64,libstdcxx,native,664d906899b1726ae6d0bd3856483c4590af875a9dfdc3fee14fdcb79dbc4e34,false
exp7-manifest-1,2026-09-25T05:50:49Z,p4,class,LEGACY,double,C1,0.51000000000000001,10002,raw/p4/p4_class_libstdcxx_C1_LEGACY_s10002.bin,bin,100000,40,1,3,4000096,d201cc4be004f27b6142df064cdcd6549e8fe182a84ed43cce65c3d10bd13228,./exp7_probe_libstdcxx.exe,62a584d372abbb1724b224dc18b88c277d6ee16b754484eecb896f7fbdabeca5,-Wall -Wextra -std=c++11 -O2 -ffp-contract=off -I src,gcc 15.2.0,libstdc++,arm64,libstdcxx,native,664d906899b1726ae6d0bd3856483c4590af875a9dfdc3fee14fdcb79dbc4e34,false
exp7-manifest-1,2026-09-25T05:50:49Z,p4,class,CANDIDATE,double,C1,0.51000000000000001,10002,raw/p4/p4_class_libstdcxx_C1_CANDIDATE_s10002.bin,bin,100000,40,1,3,4000096,b28383fc8898eecb6713653b7bd61f7dda3b6b3bb11a29bff8d71c2e481229e4,./exp7_probe_libstdcxx.exe,62a584d372abbb1724b224dc18b88c277d6ee16b754484eecb896f7fbdabeca5,-Wall -Wextra -std=c++11 -O2 -ffp-contract=off -I src,gcc 15.2.0,libstdc++,arm64,libstdcxx,native,664d906899b1726ae6d0bd3856483c4590af875a9dfdc3fee14fdcb79dbc4e34,false
exp7-manifest-1,2026-09-25T05:50:49Z,p4,uncapped,LEGACY,double,C1,0.51000000000000001,10003,raw/p4/p4_loader_libstdcxx_C1_LEGACY_s10003.bin,bin,100000,40,1,3,4000096,fd7fb8a8a102a3fae77108d9714358a8cfbceec90364d6fed72c95f7ec4e0f79,./exp7_probe_libstdcxx.exe,62a584d372abbb1724b224dc18b88c277d6ee16b754484eecb896f7fbdabeca5,-Wall -Wextra -std=c++11 -O2 -ffp-contract=off -I src,gcc 15.2.0,libstdc++,arm64,libstdcxx,native,664d906899b1726ae6d0bd3856483c4590af875a9dfdc3fee14fdcb79dbc4e34,false
exp7-manifest-1,2026-09-25T05:50:49Z,p4,uncapped,CANDIDATE,double,C1,0.51000000000000001,10003,raw/p4/p4_loader_libstdcxx_C1_CANDIDATE_s10003.bin,bin,100000,40,1,3,4000096,e7007f5bddd2f641cc3bd93c29675528f02119a1f47013e49f9544191f3c2514,./exp7_probe_libstdcxx.exe,62a584d372abbb1724b224dc18b88c277d6ee16b754484eecb896f7fbdabeca5,-Wall -Wextra -std=c++11 -O2 -ffp-contract=off -I src,gcc 15.2.0,libstdc++,arm64,libstdcxx,native,664d906899b1726ae6d0bd3856483c4590af875a9dfdc3fee14fdcb79dbc4e34,false
exp7-manifest-1,2026-09-25T05:50:49Z,p4,class,LEGACY,double,C1,0.51000000000000001,10003,raw/p4/p4_class_libstdcxx_C1_LEGACY_s10003.bin,bin,100000,40,1,3,4000096,201329e6069d615d7db81948e2c630c215f1d66d6942d2e1ae9b25e190f5aafe,./exp7_probe_libstdcxx.exe,62a584d372abbb1724b224dc18b88c277d6ee16b754484eecb896f7fbdabeca5,-Wall -Wextra -std=c++11 -O2 -ffp-contract=off -I src,gcc 15.2.0,libstdc++,arm64,libstdcxx,native,664d906899b1726ae6d0bd3856483c4590af875a9dfdc3fee14fdcb79dbc4e34,false
exp7-manifest-1,2026-09-25T05:50:49Z,p4,class,CANDIDATE,double,C1,0.51000000000000001,10003,raw/p4/p4_class_libstdcxx_C1_CANDIDATE_s10003.bin,bin,100000,40,1,3,4000096,821200595b953a0f4207fcff5f201cca2e555835c7dc2faf0752a4ba078ed9e1,./exp7_probe_libstdcxx.exe,62a584d372abbb1724b224dc18b88c277d6ee16b754484eecb896f7fbdabeca5,-Wall -Wextra -std=c++11 -O2 -ffp-contract=off -I src,gcc 15.2.0,libstdc++,arm64,libstdcxx,native,664d906899b1726ae6d0bd3856483c4590af875a9dfdc3fee14fdcb79dbc4e34,false
exp7-manifest-1,2026-09-25T05:50:49Z,p4,uncapped,LEGACY,double,C1,0.51000000000000001,10004,raw/p4/p4_loader_libstdcxx_C1_LEGACY_s10004.bin,bin,100000,40,1,3,4000096,e3f8f39de41802477b0d287fc433934f5032df3ee247879e53380c414704a355,./exp7_probe_libstdcxx.exe,62a584d372abbb1724b224dc18b88c277d6ee16b754484eecb896f7fbdabeca5,-Wall -Wextra -std=c++11 -O2 -ffp-contract=off -I src,gcc 15.2.0,libstdc++,arm64,libstdcxx,native,664d906899b1726ae6d0bd3856483c4590af875a9dfdc3fee14fdcb79dbc4e34,false
exp7-manifest-1,2026-09-25T05:50:49Z,p4,uncapped,CANDIDATE,double,C1,0.51000000000000001,10004,raw/p4/p4_loader_libstdcxx_C1_CANDIDATE_s10004.bin,bin,100000,40,1,3,4000096,c3bbb638a42d2fa52857aebde61175677bcde0f5251bd2c3e1e2b636faaa90b2,./exp7_probe_libstdcxx.exe,62a584d372abbb1724b224dc18b88c277d6ee16b754484eecb896f7fbdabeca5,-Wall -Wextra -std=c++11 -O2 -ffp-contract=off -I src,gcc 15.2.0,libstdc++,arm64,libstdcxx,native,664d906899b1726ae6d0bd3856483c4590af875a9dfdc3fee14fdcb79dbc4e34,false
exp7-manifest-1,2026-09-25T05:50:49Z,p4,class,LEGACY,double,C1,0.51000000000000001,10004,raw/p4/p4_class_libstdcxx_C1_LEGACY_s10004.bin,bin,100000,40,1,3,4000096,fa0e8b9151c3c001f10c261ed6a7c8eb5cb010a9620be4a0371a18bdfd0f40b2,./exp7_probe_libstdcxx.exe,62a584d372abbb1724b224dc18b88c277d6ee16b754484eecb896f7fbdabeca5,-Wall -Wextra -std=c++11 -O2 -ffp-contract=off -I src,gcc 15.2.0,libstdc++,arm64,libstdcxx,native,664d906899b1726ae6d0bd3856483c4590af875a9dfdc3fee14fdcb79dbc4e34,false
exp7-manifest-1,2026-09-25T05:50:49Z,p4,class,CANDIDATE,double,C1,0.51000000000000001,10004,raw/p4/p4_class_libstdcxx_C1_CANDIDATE_s10004.bin,bin,100000,40,1,3,4000096,e4fde35dee52928defe40f9b9b0fe6674092e637b2364390f4b865fb0d32ddcc,./exp7_probe_libstdcxx.exe,62a584d372abbb1724b224dc18b88c277d6ee16b754484eecb896f7fbdabeca5,-Wall -Wextra -std=c++11 -O2 -ffp-contract=off -I src,gcc 15.2.0,libstdc++,arm64,libstdcxx,native,664d906899b1726ae6d0bd3856483c4590af875a9dfdc3fee14fdcb79dbc4e34,false
exp7-manifest-1,2026-09-25T05:50:49Z,p4,uncapped,LEGACY,double,C1,0.51000000000000001,10005,raw/p4/p4_loader_libstdcxx_C1_LEGACY_s10005.bin,bin,100000,40,1,3,4000096,b695f3613e69ea5bbbb6bfedf9e6af65d5b76f4834decf61d0f816037c648c13,./exp7_probe_libstdcxx.exe,62a584d372abbb1724b224dc18b88c277d6ee16b754484eecb896f7fbdabeca5,-Wall -Wextra -std=c++11 -O2 -ffp-contract=off -I src,gcc 15.2.0,libstdc++,arm64,libstdcxx,native,664d906899b1726ae6d0bd3856483c4590af875a9dfdc3fee14fdcb79dbc4e34,false
exp7-manifest-1,2026-09-25T05:50:49Z,p4,uncapped,CANDIDATE,double,C1,0.51000000000000001,10005,raw/p4/p4_loader_libstdcxx_C1_CANDIDATE_s10005.bin,bin,100000,40,1,3,4000096,103a24aa72f4b319a8a89cbc8cf01551a0bb18a3456288dd9dcc58160e709a9e,./exp7_probe_libstdcxx.exe,62a584d372abbb1724b224dc18b88c277d6ee16b754484eecb896f7fbdabeca5,-Wall -Wextra -std=c++11 -O2 -ffp-contract=off -I src,gcc 15.2.0,libstdc++,arm64,libstdcxx,native,664d906899b1726ae6d0bd3856483c4590af875a9dfdc3fee14fdcb79dbc4e34,false
exp7-manifest-1,2026-09-25T05:50:49Z,p4,class,LEGACY,double,C1,0.51000000000000001,10005,raw/p4/p4_class_libstdcxx_C1_LEGACY_s10005.bin,bin,100000,40,1,3,4000096,02ada062a80ee8ac9c90a9707ab8d763c5183e2170a38f13f0b81697c2212cb9,./exp7_probe_libstdcxx.exe,62a584d372abbb1724b224dc18b88c277d6ee16b754484eecb896f7fbdabeca5,-Wall -Wextra -std=c++11 -O2 -ffp-contract=off -I src,gcc 15.2.0,libstdc++,arm64,libstdcxx,native,664d906899b1726ae6d0bd3856483c4590af875a9dfdc3fee14fdcb79dbc4e34,false
exp7-manifest-1,2026-09-25T05:50:49Z,p4,class,CANDIDATE,double,C1,0.51000000000000001,10005,raw/p4/p4_class_libstdcxx_C1_CANDIDATE_s10005.bin,bin,100000,40,1,3,4000096,36f9088fb8cef8d01ee8e1b2ec29b07f05f367e38142abc0924e64f9d9359340,./exp7_probe_libstdcxx.exe,62a584d372abbb1724b224dc18b88c277d6ee16b754484eecb896f7fbdabeca5,-Wall -Wextra -std=c++11 -O2 -ffp-contract=off -I src,gcc 15.2.0,libstdc++,arm64,libstdcxx,native,664d906899b1726ae6d0bd3856483c4590af875a9dfdc3fee14fdcb79dbc4e34,false
exp7-manifest-1,2026-09-25T05:50:49Z,p4,uncapped,LEGACY,double,C2,0.51000000000000001,10001,raw/p4/p4_loader_libstdcxx_C2_LEGACY_s10001.bin,bin,100000,40,1,3,4000096,c2df15beb8ea40c7900b5dbec4871a049364ef087fb5e0dbcce2e703ea86035d,./exp7_probe_libstdcxx.exe,62a584d372abbb1724b224dc18b88c277d6ee16b754484eecb896f7fbdabeca5,-Wall -Wextra -std=c++11 -O2 -ffp-contract=off -I src,gcc 15.2.0,libstdc++,arm64,libstdcxx,native,664d906899b1726ae6d0bd3856483c4590af875a9dfdc3fee14fdcb79dbc4e34,false
exp7-manifest-1,2026-09-25T05:50:49Z,p4,uncapped,CANDIDATE,double,C2,0.51000000000000001,10001,raw/p4/p4_loader_libstdcxx_C2_CANDIDATE_s10001.bin,bin,100000,40,1,3,4000096,8ba4c4cbadec6d762cdc29207b3db6785455764dc544b7b8ffd8f242afdef9e9,./exp7_probe_libstdcxx.exe,62a584d372abbb1724b224dc18b88c277d6ee16b754484eecb896f7fbdabeca5,-Wall -Wextra -std=c++11 -O2 -ffp-contract=off -I src,gcc 15.2.0,libstdc++,arm64,libstdcxx,native,664d906899b1726ae6d0bd3856483c4590af875a9dfdc3fee14fdcb79dbc4e34,false
exp7-manifest-1,2026-09-25T05:50:49Z,p4,class,LEGACY,double,C2,0.51000000000000001,10001,raw/p4/p4_class_libstdcxx_C2_LEGACY_s10001.bin,bin,100000,40,1,3,4000096,c2e34220d4b1f0cfd1108d5bfff6ceb4245ff0aa506937a8f9c49db33d0dd995,./exp7_probe_libstdcxx.exe,62a584d372abbb1724b224dc18b88c277d6ee16b754484eecb896f7fbdabeca5,-Wall -Wextra -std=c++11 -O2 -ffp-contract=off -I src,gcc 15.2.0,libstdc++,arm64,libstdcxx,native,664d906899b1726ae6d0bd3856483c4590af875a9dfdc3fee14fdcb79dbc4e34,false
exp7-manifest-1,2026-09-25T05:50:49Z,p4,class,CANDIDATE,double,C2,0.51000000000000001,10001,raw/p4/p4_class_libstdcxx_C2_CANDIDATE_s10001.bin,bin,100000,40,1,3,4000096,814895b276ed80020d323f6a0e377977da143f36aa7967d301e1728bfe516592,./exp7_probe_libstdcxx.exe,62a584d372abbb1724b224dc18b88c277d6ee16b754484eecb896f7fbdabeca5,-Wall -Wextra -std=c++11 -O2 -ffp-contract=off -I src,gcc 15.2.0,libstdc++,arm64,libstdcxx,native,664d906899b1726ae6d0bd3856483c4590af875a9dfdc3fee14fdcb79dbc4e34,false
exp7-manifest-1,2026-09-25T05:50:49Z,p4,uncapped,LEGACY,double,C2,0.51000000000000001,10002,raw/p4/p4_loader_libstdcxx_C2_LEGACY_s10002.bin,bin,100000,40,1,3,4000096,fc633ad13d3f43f8b48d1c4635774812a12cea358c826292f24c0897a7b8ef99,./exp7_probe_libstdcxx.exe,62a584d372abbb1724b224dc18b88c277d6ee16b754484eecb896f7fbdabeca5,-Wall -Wextra -std=c++11 -O2 -ffp-contract=off -I src,gcc 15.2.0,libstdc++,arm64,libstdcxx,native,664d906899b1726ae6d0bd3856483c4590af875a9dfdc3fee14fdcb79dbc4e34,false
exp7-manifest-1,2026-09-25T05:50:49Z,p4,uncapped,CANDIDATE,double,C2,0.51000000000000001,10002,raw/p4/p4_loader_libstdcxx_C2_CANDIDATE_s10002.bin,bin,100000,40,1,3,4000096,303227fb279ef735925bf2eb38cb196ba8675a5a2133c65c5ca4f5404886c4f4,./exp7_probe_libstdcxx.exe,62a584d372abbb1724b224dc18b88c277d6ee16b754484eecb896f7fbdabeca5,-Wall -Wextra -std=c++11 -O2 -ffp-contract=off -I src,gcc 15.2.0,libstdc++,arm64,libstdcxx,native,664d906899b1726ae6d0bd3856483c4590af875a9dfdc3fee14fdcb79dbc4e34,false
exp7-manifest-1,2026-09-25T05:50:49Z,p4,class,LEGACY,double,C2,0.51000000000000001,10002,raw/p4/p4_class_libstdcxx_C2_LEGACY_s10002.bin,bin,100000,40,1,3,4000096,99504255aaf0282464a8e58f82a5c4fffc0bb99cc921c303a100524871359cf8,./exp7_probe_libstdcxx.exe,62a584d372abbb1724b224dc18b88c277d6ee16b754484eecb896f7fbdabeca5,-Wall -Wextra -std=c++11 -O2 -ffp-contract=off -I src,gcc 15.2.0,libstdc++,arm64,libstdcxx,native,664d906899b1726ae6d0bd3856483c4590af875a9dfdc3fee14fdcb79dbc4e34,false
exp7-manifest-1,2026-09-25T05:50:49Z,p4,class,CANDIDATE,double,C2,0.51000000000000001,10002,raw/p4/p4_class_libstdcxx_C2_CANDIDATE_s10002.bin,bin,100000,40,1,3,4000096,2f3c0ca2f5c6933b9df108d40ff7db4394a01117fb26f17e3fcd7f8d0af9c351,./exp7_probe_libstdcxx.exe,62a584d372abbb1724b224dc18b88c277d6ee16b754484eecb896f7fbdabeca5,-Wall -Wextra -std=c++11 -O2 -ffp-contract=off -I src,gcc 15.2.0,libstdc++,arm64,libstdcxx,native,664d906899b1726ae6d0bd3856483c4590af875a9dfdc3fee14fdcb79dbc4e34,false
exp7-manifest-1,2026-09-25T05:50:49Z,p4,uncapped,LEGACY,double,C2,0.51000000000000001,10003,raw/p4/p4_loader_libstdcxx_C2_LEGACY_s10003.bin,bin,100000,40,1,3,4000096,d2a8296049e0caf1e1e8cee65ebb6d42cf8832bfc9c519ca87d517e107d8c2e2,./exp7_probe_libstdcxx.exe,62a584d372abbb1724b224dc18b88c277d6ee16b754484eecb896f7fbdabeca5,-Wall -Wextra -std=c++11 -O2 -ffp-contract=off -I src,gcc 15.2.0,libstdc++,arm64,libstdcxx,native,664d906899b1726ae6d0bd3856483c4590af875a9dfdc3fee14fdcb79dbc4e34,false
exp7-manifest-1,2026-09-25T05:50:49Z,p4,uncapped,CANDIDATE,double,C2,0.51000000000000001,10003,raw/p4/p4_loader_libstdcxx_C2_CANDIDATE_s10003.bin,bin,100000,40,1,3,4000096,d32bf753a11ca3a19e518202aac64e5147c0343dc6ec9f5c51c668886a08e978,./exp7_probe_libstdcxx.exe,62a584d372abbb1724b224dc18b88c277d6ee16b754484eecb896f7fbdabeca5,-Wall -Wextra -std=c++11 -O2 -ffp-contract=off -I src,gcc 15.2.0,libstdc++,arm64,libstdcxx,native,664d906899b1726ae6d0bd3856483c4590af875a9dfdc3fee14fdcb79dbc4e34,false
exp7-manifest-1,2026-09-25T05:50:49Z,p4,class,LEGACY,double,C2,0.51000000000000001,10003,raw/p4/p4_class_libstdcxx_C2_LEGACY_s10003.bin,bin,100000,40,1,3,4000096,8ed09e99ccc3c197eaa53fc806e753c0a390cd6f04bbd06cc3f4cf932874c38c,./exp7_probe_libstdcxx.exe,62a584d372abbb1724b224dc18b88c277d6ee16b754484eecb896f7fbdabeca5,-Wall -Wextra -std=c++11 -O2 -ffp-contract=off -I src,gcc 15.2.0,libstdc++,arm64,libstdcxx,native,664d906899b1726ae6d0bd3856483c4590af875a9dfdc3fee14fdcb79dbc4e34,false
exp7-manifest-1,2026-09-25T05:50:49Z,p4,class,CANDIDATE,double,C2,0.51000000000000001,10003,raw/p4/p4_class_libstdcxx_C2_CANDIDATE_s10003.bin,bin,100000,40,1,3,4000096,51228dea88ae22929b05995afecefb41cd0bd65df8a10448ab416f7c285531b7,./exp7_probe_libstdcxx.exe,62a584d372abbb1724b224dc18b88c277d6ee16b754484eecb896f7fbdabeca5,-Wall -Wextra -std=c++11 -O2 -ffp-contract=off -I src,gcc 15.2.0,libstdc++,arm64,libstdcxx,native,664d906899b1726ae6d0bd3856483c4590af875a9dfdc3fee14fdcb79dbc4e34,false
exp7-manifest-1,2026-09-25T05:50:49Z,p4,uncapped,LEGACY,double,C2,0.51000000000000001,10004,raw/p4/p4_loader_libstdcxx_C2_LEGACY_s10004.bin,bin,100000,40,1,3,4000096,0905557d71aa565727d79b3127f42fa02fafbf582b1422d92384d98701e5af56,./exp7_probe_libstdcxx.exe,62a584d372abbb1724b224dc18b88c277d6ee16b754484eecb896f7fbdabeca5,-Wall -Wextra -std=c++11 -O2 -ffp-contract=off -I src,gcc 15.2.0,libstdc++,arm64,libstdcxx,native,664d906899b1726ae6d0bd3856483c4590af875a9dfdc3fee14fdcb79dbc4e34,false
exp7-manifest-1,2026-09-25T05:50:49Z,p4,uncapped,CANDIDATE,double,C2,0.51000000000000001,10004,raw/p4/p4_loader_libstdcxx_C2_CANDIDATE_s10004.bin,bin,100000,40,1,3,4000096,0d1886b247c02663a9af404d002c3597c5a38cf151aeb9e48d00dcce91a868c8,./exp7_probe_libstdcxx.exe,62a584d372abbb1724b224dc18b88c277d6ee16b754484eecb896f7fbdabeca5,-Wall -Wextra -std=c++11 -O2 -ffp-contract=off -I src,gcc 15.2.0,libstdc++,arm64,libstdcxx,native,664d906899b1726ae6d0bd3856483c4590af875a9dfdc3fee14fdcb79dbc4e34,false
exp7-manifest-1,2026-09-25T05:50:49Z,p4,class,LEGACY,double,C2,0.51000000000000001,10004,raw/p4/p4_class_libstdcxx_C2_LEGACY_s10004.bin,bin,100000,40,1,3,4000096,88f48f7be6cc6a883dbf3264e79447e952abde4b3ea96af2c40822cc47bc5183,./exp7_probe_libstdcxx.exe,62a584d372abbb1724b224dc18b88c277d6ee16b754484eecb896f7fbdabeca5,-Wall -Wextra -std=c++11 -O2 -ffp-contract=off -I src,gcc 15.2.0,libstdc++,arm64,libstdcxx,native,664d906899b1726ae6d0bd3856483c4590af875a9dfdc3fee14fdcb79dbc4e34,false
exp7-manifest-1,2026-09-25T05:50:49Z,p4,class,CANDIDATE,double,C2,0.51000000000000001,10004,raw/p4/p4_class_libstdcxx_C2_CANDIDATE_s10004.bin,bin,100000,40,1,3,4000096,9f1c8497a02cc9fbc58168c11a019680d7a3dc79aee6fa8bb80b8ce989e942a7,./exp7_probe_libstdcxx.exe,62a584d372abbb1724b224dc18b88c277d6ee16b754484eecb896f7fbdabeca5,-Wall -Wextra -std=c++11 -O2 -ffp-contract=off -I src,gcc 15.2.0,libstdc++,arm64,libstdcxx,native,664d906899b1726ae6d0bd3856483c4590af875a9dfdc3fee14fdcb79dbc4e34,false
exp7-manifest-1,2026-09-25T05:50:49Z,p4,uncapped,LEGACY,double,C2,0.51000000000000001,10005,raw/p4/p4_loader_libstdcxx_C2_LEGACY_s10005.bin,bin,100000,40,1,3,4000096,38c2eb6cc17d5058b0d7cfa529bdfdf8778fea6035a6d2d6518661363ff38878,./exp7_probe_libstdcxx.exe,62a584d372abbb1724b224dc18b88c277d6ee16b754484eecb896f7fbdabeca5,-Wall -Wextra -std=c++11 -O2 -ffp-contract=off -I src,gcc 15.2.0,libstdc++,arm64,libstdcxx,native,664d906899b1726ae6d0bd3856483c4590af875a9dfdc3fee14fdcb79dbc4e34,false
exp7-manifest-1,2026-09-25T05:50:49Z,p4,uncapped,CANDIDATE,double,C2,0.51000000000000001,10005,raw/p4/p4_loader_libstdcxx_C2_CANDIDATE_s10005.bin,bin,100000,40,1,3,4000096,695f9a999c166d48c8614aace090b7451d1126778b1062690bc1b9d8efbbc1ec,./exp7_probe_libstdcxx.exe,62a584d372abbb1724b224dc18b88c277d6ee16b754484eecb896f7fbdabeca5,-Wall -Wextra -std=c++11 -O2 -ffp-contract=off -I src,gcc 15.2.0,libstdc++,arm64,libstdcxx,native,664d906899b1726ae6d0bd3856483c4590af875a9dfdc3fee14fdcb79dbc4e34,false
exp7-manifest-1,2026-09-25T05:50:49Z,p4,class,LEGACY,double,C2,0.51000000000000001,10005,raw/p4/p4_class_libstdcxx_C2_LEGACY_s10005.bin,bin,100000,40,1,3,4000096,f360ff596b9baad366291b6daa6121d60277d3a3a2a9f47d74454baf3daf74dd,./exp7_probe_libstdcxx.exe,62a584d372abbb1724b224dc18b88c277d6ee16b754484eecb896f7fbdabeca5,-Wall -Wextra -std=c++11 -O2 -ffp-contract=off -I src,gcc 15.2.0,libstdc++,arm64,libstdcxx,native,664d906899b1726ae6d0bd3856483c4590af875a9dfdc3fee14fdcb79dbc4e34,false
exp7-manifest-1,2026-09-25T05:50:49Z,p4,class,CANDIDATE,double,C2,0.51000000000000001,10005,raw/p4/p4_class_libstdcxx_C2_CANDIDATE_s10005.bin,bin,100000,40,1,3,4000096,69b3d68044b8f4c6405996f2d20b64289bd3ac68acc886c883c40bf801817f61,./exp7_probe_libstdcxx.exe,62a584d372abbb1724b224dc18b88c277d6ee16b754484eecb896f7fbdabeca5,-Wall -Wextra -std=c++11 -O2 -ffp-contract=off -I src,gcc 15.2.0,libstdc++,arm64,libstdcxx,native,664d906899b1726ae6d0bd3856483c4590af875a9dfdc3fee14fdcb79dbc4e34,false
exp7-manifest-1,2026-09-25T05:50:49Z,p4,uncapped,LEGACY,float,C3,0.55000000000000004,10001,raw/p4/p4_loader_libstdcxx_C3_LEGACY_s10001.bin,bin,100000,40,1,3,4000096,ba3644e28f7e1b85f0ceaaec2a36710993919ddf4b99a037a901a3e5a93d95a5,./exp7_probe_libstdcxx.exe,62a584d372abbb1724b224dc18b88c277d6ee16b754484eecb896f7fbdabeca5,-Wall -Wextra -std=c++11 -O2 -ffp-contract=off -I src,gcc 15.2.0,libstdc++,arm64,libstdcxx,native,664d906899b1726ae6d0bd3856483c4590af875a9dfdc3fee14fdcb79dbc4e34,false
exp7-manifest-1,2026-09-25T05:50:49Z,p4,uncapped,CANDIDATE,float,C3,0.55000000000000004,10001,raw/p4/p4_loader_libstdcxx_C3_CANDIDATE_s10001.bin,bin,100000,40,1,3,4000096,8f890df8a5a2b8bfd294c22daff167a07ab1f13a0397c23c1fb473c765a80c28,./exp7_probe_libstdcxx.exe,62a584d372abbb1724b224dc18b88c277d6ee16b754484eecb896f7fbdabeca5,-Wall -Wextra -std=c++11 -O2 -ffp-contract=off -I src,gcc 15.2.0,libstdc++,arm64,libstdcxx,native,664d906899b1726ae6d0bd3856483c4590af875a9dfdc3fee14fdcb79dbc4e34,false
exp7-manifest-1,2026-09-25T05:50:49Z,p4,class,LEGACY,float,C3,0.55000000000000004,10001,raw/p4/p4_class_libstdcxx_C3_LEGACY_s10001.bin,bin,100000,40,1,3,4000096,24b5937d7af4b117c7945f932b018d00c3912691efabc0cd11832a4e329c22a6,./exp7_probe_libstdcxx.exe,62a584d372abbb1724b224dc18b88c277d6ee16b754484eecb896f7fbdabeca5,-Wall -Wextra -std=c++11 -O2 -ffp-contract=off -I src,gcc 15.2.0,libstdc++,arm64,libstdcxx,native,664d906899b1726ae6d0bd3856483c4590af875a9dfdc3fee14fdcb79dbc4e34,false
exp7-manifest-1,2026-09-25T05:50:49Z,p4,class,CANDIDATE,float,C3,0.55000000000000004,10001,raw/p4/p4_class_libstdcxx_C3_CANDIDATE_s10001.bin,bin,100000,40,1,3,4000096,a279d59a40eb6208b6c6535e3960e7dde106e39c1de647f3499a6c6fc6ff406e,./exp7_probe_libstdcxx.exe,62a584d372abbb1724b224dc18b88c277d6ee16b754484eecb896f7fbdabeca5,-Wall -Wextra -std=c++11 -O2 -ffp-contract=off -I src,gcc 15.2.0,libstdc++,arm64,libstdcxx,native,664d906899b1726ae6d0bd3856483c4590af875a9dfdc3fee14fdcb79dbc4e34,false
exp7-manifest-1,2026-09-25T05:50:49Z,p4,uncapped,LEGACY,float,C3,0.55000000000000004,10002,raw/p4/p4_loader_libstdcxx_C3_LEGACY_s10002.bin,bin,100000,40,1,3,4000096,7301c4b0007bd4bf5872231acf331fdbc9a802f9432d6bd7545ceb8dc962986a,./exp7_probe_libstdcxx.exe,62a584d372abbb1724b224dc18b88c277d6ee16b754484eecb896f7fbdabeca5,-Wall -Wextra -std=c++11 -O2 -ffp-contract=off -I src,gcc 15.2.0,libstdc++,arm64,libstdcxx,native,664d906899b1726ae6d0bd3856483c4590af875a9dfdc3fee14fdcb79dbc4e34,false
exp7-manifest-1,2026-09-25T05:50:49Z,p4,uncapped,CANDIDATE,float,C3,0.55000000000000004,10002,raw/p4/p4_loader_libstdcxx_C3_CANDIDATE_s10002.bin,bin,100000,40,1,3,4000096,ea77b4e1ba8e5581deca56fe0ede030b75e73c97ffd1739f29d244ec5306f7fd,./exp7_probe_libstdcxx.exe,62a584d372abbb1724b224dc18b88c277d6ee16b754484eecb896f7fbdabeca5,-Wall -Wextra -std=c++11 -O2 -ffp-contract=off -I src,gcc 15.2.0,libstdc++,arm64,libstdcxx,native,664d906899b1726ae6d0bd3856483c4590af875a9dfdc3fee14fdcb79dbc4e34,false
exp7-manifest-1,2026-09-25T05:50:49Z,p4,class,LEGACY,float,C3,0.55000000000000004,10002,raw/p4/p4_class_libstdcxx_C3_LEGACY_s10002.bin,bin,100000,40,1,3,4000096,d253b40a6d0f5092e642c1d5bfc513a8dc6a65823308514da21db7f553710184,./exp7_probe_libstdcxx.exe,62a584d372abbb1724b224dc18b88c277d6ee16b754484eecb896f7fbdabeca5,-Wall -Wextra -std=c++11 -O2 -ffp-contract=off -I src,gcc 15.2.0,libstdc++,arm64,libstdcxx,native,664d906899b1726ae6d0bd3856483c4590af875a9dfdc3fee14fdcb79dbc4e34,false
exp7-manifest-1,2026-09-25T05:50:49Z,p4,class,CANDIDATE,float,C3,0.55000000000000004,10002,raw/p4/p4_class_libstdcxx_C3_CANDIDATE_s10002.bin,bin,100000,40,1,3,4000096,37b675e0d03fe633b318ad49e6dd746d0c8a91b5a6053d74b350bce63e311b8b,./exp7_probe_libstdcxx.exe,62a584d372abbb1724b224dc18b88c277d6ee16b754484eecb896f7fbdabeca5,-Wall -Wextra -std=c++11 -O2 -ffp-contract=off -I src,gcc 15.2.0,libstdc++,arm64,libstdcxx,native,664d906899b1726ae6d0bd3856483c4590af875a9dfdc3fee14fdcb79dbc4e34,false
exp7-manifest-1,2026-09-25T05:50:49Z,p4,uncapped,LEGACY,float,C3,0.55000000000000004,10003,raw/p4/p4_loader_libstdcxx_C3_LEGACY_s10003.bin,bin,100000,40,1,3,4000096,9f64a464de25dcc1d428015a08dc3477617d62cf343f890695fa3d4f1d59a447,./exp7_probe_libstdcxx.exe,62a584d372abbb1724b224dc18b88c277d6ee16b754484eecb896f7fbdabeca5,-Wall -Wextra -std=c++11 -O2 -ffp-contract=off -I src,gcc 15.2.0,libstdc++,arm64,libstdcxx,native,664d906899b1726ae6d0bd3856483c4590af875a9dfdc3fee14fdcb79dbc4e34,false
exp7-manifest-1,2026-09-25T05:50:49Z,p4,uncapped,CANDIDATE,float,C3,0.55000000000000004,10003,raw/p4/p4_loader_libstdcxx_C3_CANDIDATE_s10003.bin,bin,100000,40,1,3,4000096,1d564a2443f28ca0caff756d303009479495b5d09a09bf13c78be286e6dd4374,./exp7_probe_libstdcxx.exe,62a584d372abbb1724b224dc18b88c277d6ee16b754484eecb896f7fbdabeca5,-Wall -Wextra -std=c++11 -O2 -ffp-contract=off -I src,gcc 15.2.0,libstdc++,arm64,libstdcxx,native,664d906899b1726ae6d0bd3856483c4590af875a9dfdc3fee14fdcb79dbc4e34,false
exp7-manifest-1,2026-09-25T05:50:49Z,p4,class,LEGACY,float,C3,0.55000000000000004,10003,raw/p4/p4_class_libstdcxx_C3_LEGACY_s10003.bin,bin,100000,40,1,3,4000096,caf6fa567582514ce96ca9ceaf510a29ce1030f5210d5a52decfa64f22c28fb3,./exp7_probe_libstdcxx.exe,62a584d372abbb1724b224dc18b88c277d6ee16b754484eecb896f7fbdabeca5,-Wall -Wextra -std=c++11 -O2 -ffp-contract=off -I src,gcc 15.2.0,libstdc++,arm64,libstdcxx,native,664d906899b1726ae6d0bd3856483c4590af875a9dfdc3fee14fdcb79dbc4e34,false
exp7-manifest-1,2026-09-25T05:50:49Z,p4,class,CANDIDATE,float,C3,0.55000000000000004,10003,raw/p4/p4_class_libstdcxx_C3_CANDIDATE_s10003.bin,bin,100000,40,1,3,4000096,a91e4637a0334fd3d231e0bde9093bc0a68ce5228811b0b3b9d7c4c3af387f1c,./exp7_probe_libstdcxx.exe,62a584d372abbb1724b224dc18b88c277d6ee16b754484eecb896f7fbdabeca5,-Wall -Wextra -std=c++11 -O2 -ffp-contract=off -I src,gcc 15.2.0,libstdc++,arm64,libstdcxx,native,664d906899b1726ae6d0bd3856483c4590af875a9dfdc3fee14fdcb79dbc4e34,false
exp7-manifest-1,2026-09-25T05:50:49Z,p4,uncapped,LEGACY,float,C3,0.55000000000000004,10004,raw/p4/p4_loader_libstdcxx_C3_LEGACY_s10004.bin,bin,100000,40,1,3,4000096,ed6818a80f8d26e49da224e8b8ed9c9f67fa6d43d215e80e1670ba5a2f7f580c,./exp7_probe_libstdcxx.exe,62a584d372abbb1724b224dc18b88c277d6ee16b754484eecb896f7fbdabeca5,-Wall -Wextra -std=c++11 -O2 -ffp-contract=off -I src,gcc 15.2.0,libstdc++,arm64,libstdcxx,native,664d906899b1726ae6d0bd3856483c4590af875a9dfdc3fee14fdcb79dbc4e34,false
exp7-manifest-1,2026-09-25T05:50:49Z,p4,uncapped,CANDIDATE,float,C3,0.55000000000000004,10004,raw/p4/p4_loader_libstdcxx_C3_CANDIDATE_s10004.bin,bin,100000,40,1,3,4000096,3e0b07ddfd7afd6dc163d3ec6128fdd0f40aaef24501f2b59daa350e6bd2b191,./exp7_probe_libstdcxx.exe,62a584d372abbb1724b224dc18b88c277d6ee16b754484eecb896f7fbdabeca5,-Wall -Wextra -std=c++11 -O2 -ffp-contract=off -I src,gcc 15.2.0,libstdc++,arm64,libstdcxx,native,664d906899b1726ae6d0bd3856483c4590af875a9dfdc3fee14fdcb79dbc4e34,false
exp7-manifest-1,2026-09-25T05:50:49Z,p4,class,LEGACY,float,C3,0.55000000000000004,10004,raw/p4/p4_class_libstdcxx_C3_LEGACY_s10004.bin,bin,100000,40,1,3,4000096,8c39e67842629cec24b383cb2ec076f8462ba10cd0f91ddc0ca4e79fa22b598d,./exp7_probe_libstdcxx.exe,62a584d372abbb1724b224dc18b88c277d6ee16b754484eecb896f7fbdabeca5,-Wall -Wextra -std=c++11 -O2 -ffp-contract=off -I src,gcc 15.2.0,libstdc++,arm64,libstdcxx,native,664d906899b1726ae6d0bd3856483c4590af875a9dfdc3fee14fdcb79dbc4e34,false
exp7-manifest-1,2026-09-25T05:50:49Z,p4,class,CANDIDATE,float,C3,0.55000000000000004,10004,raw/p4/p4_class_libstdcxx_C3_CANDIDATE_s10004.bin,bin,100000,40,1,3,4000096,fe8d325ac0fb1df5fa3845d141e622b6180bc4dad904ed0d5fcff48239b84a8f,./exp7_probe_libstdcxx.exe,62a584d372abbb1724b224dc18b88c277d6ee16b754484eecb896f7fbdabeca5,-Wall -Wextra -std=c++11 -O2 -ffp-contract=off -I src,gcc 15.2.0,libstdc++,arm64,libstdcxx,native,664d906899b1726ae6d0bd3856483c4590af875a9dfdc3fee14fdcb79dbc4e34,false
exp7-manifest-1,2026-09-25T05:50:49Z,p4,uncapped,LEGACY,float,C3,0.55000000000000004,10005,raw/p4/p4_loader_libstdcxx_C3_LEGACY_s10005.bin,bin,100000,40,1,3,4000096,f8169aa98e610b270612eb151729386cce82b6ee39898c183642f7930df269d0,./exp7_probe_libstdcxx.exe,62a584d372abbb1724b224dc18b88c277d6ee16b754484eecb896f7fbdabeca5,-Wall -Wextra -std=c++11 -O2 -ffp-contract=off -I src,gcc 15.2.0,libstdc++,arm64,libstdcxx,native,664d906899b1726ae6d0bd3856483c4590af875a9dfdc3fee14fdcb79dbc4e34,false
exp7-manifest-1,2026-09-25T05:50:49Z,p4,uncapped,CANDIDATE,float,C3,0.55000000000000004,10005,raw/p4/p4_loader_libstdcxx_C3_CANDIDATE_s10005.bin,bin,100000,40,1,3,4000096,40a5af74dde77ba65ba1440846082c6b27e4b099bc41a7646345e877d115c51a,./exp7_probe_libstdcxx.exe,62a584d372abbb1724b224dc18b88c277d6ee16b754484eecb896f7fbdabeca5,-Wall -Wextra -std=c++11 -O2 -ffp-contract=off -I src,gcc 15.2.0,libstdc++,arm64,libstdcxx,native,664d906899b1726ae6d0bd3856483c4590af875a9dfdc3fee14fdcb79dbc4e34,false
exp7-manifest-1,2026-09-25T05:50:49Z,p4,class,LEGACY,float,C3,0.55000000000000004,10005,raw/p4/p4_class_libstdcxx_C3_LEGACY_s10005.bin,bin,100000,40,1,3,4000096,56a41a32bfc65b3ae7b3961a018c740e48e9ec22022fc51ef9e96d0f02095402,./exp7_probe_libstdcxx.exe,62a584d372abbb1724b224dc18b88c277d6ee16b754484eecb896f7fbdabeca5,-Wall -Wextra -std=c++11 -O2 -ffp-contract=off -I src,gcc 15.2.0,libstdc++,arm64,libstdcxx,native,664d906899b1726ae6d0bd3856483c4590af875a9dfdc3fee14fdcb79dbc4e34,false
exp7-manifest-1,2026-09-25T05:50:49Z,p4,class,CANDIDATE,float,C3,0.55000000000000004,10005,raw/p4/p4_class_libstdcxx_C3_CANDIDATE_s10005.bin,bin,100000,40,1,3,4000096,4d8e55f71a28ff85be8708380b9a938989fd41e2c240f06abf54ccc737a3f329,./exp7_probe_libstdcxx.exe,62a584d372abbb1724b224dc18b88c277d6ee16b754484eecb896f7fbdabeca5,-Wall -Wextra -std=c++11 -O2 -ffp-contract=off -I src,gcc 15.2.0,libstdc++,arm64,libstdcxx,native,664d906899b1726ae6d0bd3856483c4590af875a9dfdc3fee14fdcb79dbc4e34,false
exp7-manifest-1,2026-09-25T05:50:49Z,p4,uncapped,LEGACY,double,C4,0.505,10001,raw/p4/p4_loader_libstdcxx_C4_LEGACY_s10001.bin,bin,100000,40,1,3,4000096,c0560c8ece8b01a77726976eb834371d4ad56ed40fc79e21443a0fa04fa1c3b2,./exp7_probe_libstdcxx.exe,62a584d372abbb1724b224dc18b88c277d6ee16b754484eecb896f7fbdabeca5,-Wall -Wextra -std=c++11 -O2 -ffp-contract=off -I src,gcc 15.2.0,libstdc++,arm64,libstdcxx,native,664d906899b1726ae6d0bd3856483c4590af875a9dfdc3fee14fdcb79dbc4e34,false
exp7-manifest-1,2026-09-25T05:50:49Z,p4,uncapped,CANDIDATE,double,C4,0.505,10001,raw/p4/p4_loader_libstdcxx_C4_CANDIDATE_s10001.bin,bin,100000,40,1,3,4000096,260948907a4808354b51dc0de3abb4243048db818ad1dcfda9ac58023db30cbb,./exp7_probe_libstdcxx.exe,62a584d372abbb1724b224dc18b88c277d6ee16b754484eecb896f7fbdabeca5,-Wall -Wextra -std=c++11 -O2 -ffp-contract=off -I src,gcc 15.2.0,libstdc++,arm64,libstdcxx,native,664d906899b1726ae6d0bd3856483c4590af875a9dfdc3fee14fdcb79dbc4e34,false
exp7-manifest-1,2026-09-25T05:50:49Z,p4,class,LEGACY,double,C4,0.505,10001,raw/p4/p4_class_libstdcxx_C4_LEGACY_s10001.bin,bin,100000,40,1,3,4000096,d867b0959ca133a051148241c38eb81c907572316ad790f7d0b1e66502bc78c7,./exp7_probe_libstdcxx.exe,62a584d372abbb1724b224dc18b88c277d6ee16b754484eecb896f7fbdabeca5,-Wall -Wextra -std=c++11 -O2 -ffp-contract=off -I src,gcc 15.2.0,libstdc++,arm64,libstdcxx,native,664d906899b1726ae6d0bd3856483c4590af875a9dfdc3fee14fdcb79dbc4e34,false
exp7-manifest-1,2026-09-25T05:50:49Z,p4,class,CANDIDATE,double,C4,0.505,10001,raw/p4/p4_class_libstdcxx_C4_CANDIDATE_s10001.bin,bin,100000,40,1,3,4000096,ce66b1a29f14a2af988aa19e999b791e3db79feb33c665fa1063754b00411d66,./exp7_probe_libstdcxx.exe,62a584d372abbb1724b224dc18b88c277d6ee16b754484eecb896f7fbdabeca5,-Wall -Wextra -std=c++11 -O2 -ffp-contract=off -I src,gcc 15.2.0,libstdc++,arm64,libstdcxx,native,664d906899b1726ae6d0bd3856483c4590af875a9dfdc3fee14fdcb79dbc4e34,false
exp7-manifest-1,2026-09-25T05:50:49Z,p4,uncapped,LEGACY,double,C4,0.505,10002,raw/p4/p4_loader_libstdcxx_C4_LEGACY_s10002.bin,bin,100000,40,1,3,4000096,37e02e7e5650fe156d79f0bb534a6f1cd238af1424f0258478bf7cb8e463a3ff,./exp7_probe_libstdcxx.exe,62a584d372abbb1724b224dc18b88c277d6ee16b754484eecb896f7fbdabeca5,-Wall -Wextra -std=c++11 -O2 -ffp-contract=off -I src,gcc 15.2.0,libstdc++,arm64,libstdcxx,native,664d906899b1726ae6d0bd3856483c4590af875a9dfdc3fee14fdcb79dbc4e34,false
exp7-manifest-1,2026-09-25T05:50:49Z,p4,uncapped,CANDIDATE,double,C4,0.505,10002,raw/p4/p4_loader_libstdcxx_C4_CANDIDATE_s10002.bin,bin,100000,40,1,3,4000096,24f9470091623680af2373ca3e4aca1364483740dbbd15c694aacfed8f8a330d,./exp7_probe_libstdcxx.exe,62a584d372abbb1724b224dc18b88c277d6ee16b754484eecb896f7fbdabeca5,-Wall -Wextra -std=c++11 -O2 -ffp-contract=off -I src,gcc 15.2.0,libstdc++,arm64,libstdcxx,native,664d906899b1726ae6d0bd3856483c4590af875a9dfdc3fee14fdcb79dbc4e34,false
exp7-manifest-1,2026-09-25T05:50:49Z,p4,class,LEGACY,double,C4,0.505,10002,raw/p4/p4_class_libstdcxx_C4_LEGACY_s10002.bin,bin,100000,40,1,3,4000096,c6a91bde2bd2e438bbd79c25983abb46f2461d251a4219c48b9daa053ac8e184,./exp7_probe_libstdcxx.exe,62a584d372abbb1724b224dc18b88c277d6ee16b754484eecb896f7fbdabeca5,-Wall -Wextra -std=c++11 -O2 -ffp-contract=off -I src,gcc 15.2.0,libstdc++,arm64,libstdcxx,native,664d906899b1726ae6d0bd3856483c4590af875a9dfdc3fee14fdcb79dbc4e34,false
exp7-manifest-1,2026-09-25T05:50:49Z,p4,class,CANDIDATE,double,C4,0.505,10002,raw/p4/p4_class_libstdcxx_C4_CANDIDATE_s10002.bin,bin,100000,40,1,3,4000096,eef24a3b1179d9276eb2465297e64fade2ed4e2f2bd3776d7dadd2d832ffaa15,./exp7_probe_libstdcxx.exe,62a584d372abbb1724b224dc18b88c277d6ee16b754484eecb896f7fbdabeca5,-Wall -Wextra -std=c++11 -O2 -ffp-contract=off -I src,gcc 15.2.0,libstdc++,arm64,libstdcxx,native,664d906899b1726ae6d0bd3856483c4590af875a9dfdc3fee14fdcb79dbc4e34,false
exp7-manifest-1,2026-09-25T05:50:49Z,p4,uncapped,LEGACY,double,C4,0.505,10003,raw/p4/p4_loader_libstdcxx_C4_LEGACY_s10003.bin,bin,100000,40,1,3,4000096,ac1728121e8b3eae3637ff58c6a20fbf3fe64025132a3827888d4c4c44b68ed0,./exp7_probe_libstdcxx.exe,62a584d372abbb1724b224dc18b88c277d6ee16b754484eecb896f7fbdabeca5,-Wall -Wextra -std=c++11 -O2 -ffp-contract=off -I src,gcc 15.2.0,libstdc++,arm64,libstdcxx,native,664d906899b1726ae6d0bd3856483c4590af875a9dfdc3fee14fdcb79dbc4e34,false
exp7-manifest-1,2026-09-25T05:50:49Z,p4,uncapped,CANDIDATE,double,C4,0.505,10003,raw/p4/p4_loader_libstdcxx_C4_CANDIDATE_s10003.bin,bin,100000,40,1,3,4000096,c95fada16a6a73be715cd4284d1e8909f4f43d31bb5de6975c19fc6fe8aa7ce1,./exp7_probe_libstdcxx.exe,62a584d372abbb1724b224dc18b88c277d6ee16b754484eecb896f7fbdabeca5,-Wall -Wextra -std=c++11 -O2 -ffp-contract=off -I src,gcc 15.2.0,libstdc++,arm64,libstdcxx,native,664d906899b1726ae6d0bd3856483c4590af875a9dfdc3fee14fdcb79dbc4e34,false
exp7-manifest-1,2026-09-25T05:50:49Z,p4,class,LEGACY,double,C4,0.505,10003,raw/p4/p4_class_libstdcxx_C4_LEGACY_s10003.bin,bin,100000,40,1,3,4000096,456096518c0709507e19d6749cca9b8cf1e9ba555b7ac5d9e4010484da10c94e,./exp7_probe_libstdcxx.exe,62a584d372abbb1724b224dc18b88c277d6ee16b754484eecb896f7fbdabeca5,-Wall -Wextra -std=c++11 -O2 -ffp-contract=off -I src,gcc 15.2.0,libstdc++,arm64,libstdcxx,native,664d906899b1726ae6d0bd3856483c4590af875a9dfdc3fee14fdcb79dbc4e34,false
exp7-manifest-1,2026-09-25T05:50:49Z,p4,class,CANDIDATE,double,C4,0.505,10003,raw/p4/p4_class_libstdcxx_C4_CANDIDATE_s10003.bin,bin,100000,40,1,3,4000096,31cd314e35338e625e6062f951811683ba2e2316ae78c6e8a0e1f4c72dc1504e,./exp7_probe_libstdcxx.exe,62a584d372abbb1724b224dc18b88c277d6ee16b754484eecb896f7fbdabeca5,-Wall -Wextra -std=c++11 -O2 -ffp-contract=off -I src,gcc 15.2.0,libstdc++,arm64,libstdcxx,native,664d906899b1726ae6d0bd3856483c4590af875a9dfdc3fee14fdcb79dbc4e34,false
exp7-manifest-1,2026-09-25T05:50:49Z,p4,uncapped,LEGACY,double,C4,0.505,10004,raw/p4/p4_loader_libstdcxx_C4_LEGACY_s10004.bin,bin,100000,40,1,3,4000096,6f1365aea9d47151316dbf1e30d253209cf3e61429dcd898644eb08c33bb2a67,./exp7_probe_libstdcxx.exe,62a584d372abbb1724b224dc18b88c277d6ee16b754484eecb896f7fbdabeca5,-Wall -Wextra -std=c++11 -O2 -ffp-contract=off -I src,gcc 15.2.0,libstdc++,arm64,libstdcxx,native,664d906899b1726ae6d0bd3856483c4590af875a9dfdc3fee14fdcb79dbc4e34,false
exp7-manifest-1,2026-09-25T05:50:49Z,p4,uncapped,CANDIDATE,double,C4,0.505,10004,raw/p4/p4_loader_libstdcxx_C4_CANDIDATE_s10004.bin,bin,100000,40,1,3,4000096,202b12063b50bf0f27bfdbea830b7d1ecebe46a700b742beae985244f83e98cc,./exp7_probe_libstdcxx.exe,62a584d372abbb1724b224dc18b88c277d6ee16b754484eecb896f7fbdabeca5,-Wall -Wextra -std=c++11 -O2 -ffp-contract=off -I src,gcc 15.2.0,libstdc++,arm64,libstdcxx,native,664d906899b1726ae6d0bd3856483c4590af875a9dfdc3fee14fdcb79dbc4e34,false
exp7-manifest-1,2026-09-25T05:50:49Z,p4,class,LEGACY,double,C4,0.505,10004,raw/p4/p4_class_libstdcxx_C4_LEGACY_s10004.bin,bin,100000,40,1,3,4000096,f7992092c92e78a39949415a0ff5aa4da7cc41d8d3f1ad1ddd43ba4bece5d549,./exp7_probe_libstdcxx.exe,62a584d372abbb1724b224dc18b88c277d6ee16b754484eecb896f7fbdabeca5,-Wall -Wextra -std=c++11 -O2 -ffp-contract=off -I src,gcc 15.2.0,libstdc++,arm64,libstdcxx,native,664d906899b1726ae6d0bd3856483c4590af875a9dfdc3fee14fdcb79dbc4e34,false
exp7-manifest-1,2026-09-25T05:50:49Z,p4,class,CANDIDATE,double,C4,0.505,10004,raw/p4/p4_class_libstdcxx_C4_CANDIDATE_s10004.bin,bin,100000,40,1,3,4000096,7c079158fdc6b1d4d6b15b2a4c82dd49e488caa53651161d3bf4f8f4fe282d99,./exp7_probe_libstdcxx.exe,62a584d372abbb1724b224dc18b88c277d6ee16b754484eecb896f7fbdabeca5,-Wall -Wextra -std=c++11 -O2 -ffp-contract=off -I src,gcc 15.2.0,libstdc++,arm64,libstdcxx,native,664d906899b1726ae6d0bd3856483c4590af875a9dfdc3fee14fdcb79dbc4e34,false
exp7-manifest-1,2026-09-25T05:50:49Z,p4,uncapped,LEGACY,double,C4,0.505,10005,raw/p4/p4_loader_libstdcxx_C4_LEGACY_s10005.bin,bin,100000,40,1,3,4000096,cf8e88bfc3c23223dafdf2dfd0b393761763512aebbf0b893834a525e5506c46,./exp7_probe_libstdcxx.exe,62a584d372abbb1724b224dc18b88c277d6ee16b754484eecb896f7fbdabeca5,-Wall -Wextra -std=c++11 -O2 -ffp-contract=off -I src,gcc 15.2.0,libstdc++,arm64,libstdcxx,native,664d906899b1726ae6d0bd3856483c4590af875a9dfdc3fee14fdcb79dbc4e34,false
exp7-manifest-1,2026-09-25T05:50:49Z,p4,uncapped,CANDIDATE,double,C4,0.505,10005,raw/p4/p4_loader_libstdcxx_C4_CANDIDATE_s10005.bin,bin,100000,40,1,3,4000096,6b75c9978a174216426fe2d1100508e78479f6f69c3fb685f03e1b89d04e1062,./exp7_probe_libstdcxx.exe,62a584d372abbb1724b224dc18b88c277d6ee16b754484eecb896f7fbdabeca5,-Wall -Wextra -std=c++11 -O2 -ffp-contract=off -I src,gcc 15.2.0,libstdc++,arm64,libstdcxx,native,664d906899b1726ae6d0bd3856483c4590af875a9dfdc3fee14fdcb79dbc4e34,false
exp7-manifest-1,2026-09-25T05:50:49Z,p4,class,LEGACY,double,C4,0.505,10005,raw/p4/p4_class_libstdcxx_C4_LEGACY_s10005.bin,bin,100000,40,1,3,4000096,b0fcd94ce70ce62568e6e2e794bfd4d78f209dc50778fa2003044f6bb0e43f62,./exp7_probe_libstdcxx.exe,62a584d372abbb1724b224dc18b88c277d6ee16b754484eecb896f7fbdabeca5,-Wall -Wextra -std=c++11 -O2 -ffp-contract=off -I src,gcc 15.2.0,libstdc++,arm64,libstdcxx,native,664d906899b1726ae6d0bd3856483c4590af875a9dfdc3fee14fdcb79dbc4e34,false
exp7-manifest-1,2026-09-25T05:50:49Z,p4,class,CANDIDATE,double,C4,0.505,10005,raw/p4/p4_class_libstdcxx_C4_CANDIDATE_s10005.bin,bin,100000,40,1,3,4000096,8917fc8baa10ca3bda043040799a5f6d4c1d28dfdba6651ebeb117ba7e4671ea,./exp7_probe_libstdcxx.exe,62a584d372abbb1724b224dc18b88c277d6ee16b754484eecb896f7fbdabeca5,-Wall -Wextra -std=c++11 -O2 -ffp-contract=off -I src,gcc 15.2.0,libstdc++,arm64,libstdcxx,native,664d906899b1726ae6d0bd3856483c4590af875a9dfdc3fee14fdcb79dbc4e34,false
exp7-manifest-1,2026-09-25T05:50:49Z,p4,capped,LEGACY,double,C5,0.51000000000000001,10001,raw/p4/p4_loader_libstdcxx_C5_LEGACY_s10001.bin,bin,100000,40,1,3,4000096,21f4013d11cacd290c25142a7697bfe89243710ac778fe0557188bab549d7152,./exp7_probe_libstdcxx.exe,62a584d372abbb1724b224dc18b88c277d6ee16b754484eecb896f7fbdabeca5,-Wall -Wextra -std=c++11 -O2 -ffp-contract=off -I src,gcc 15.2.0,libstdc++,arm64,libstdcxx,native,664d906899b1726ae6d0bd3856483c4590af875a9dfdc3fee14fdcb79dbc4e34,false
exp7-manifest-1,2026-09-25T05:50:49Z,p4,capped,CANDIDATE,double,C5,0.51000000000000001,10001,raw/p4/p4_loader_libstdcxx_C5_CANDIDATE_s10001.bin,bin,100000,40,1,3,4000096,a413996e6eacc3940b1e923daf208066b5b5e03e6aa9e269de434dc5ba1b6be5,./exp7_probe_libstdcxx.exe,62a584d372abbb1724b224dc18b88c277d6ee16b754484eecb896f7fbdabeca5,-Wall -Wextra -std=c++11 -O2 -ffp-contract=off -I src,gcc 15.2.0,libstdc++,arm64,libstdcxx,native,664d906899b1726ae6d0bd3856483c4590af875a9dfdc3fee14fdcb79dbc4e34,false
exp7-manifest-1,2026-09-25T05:50:49Z,p4,capped,LEGACY,double,C5,0.51000000000000001,10002,raw/p4/p4_loader_libstdcxx_C5_LEGACY_s10002.bin,bin,100000,40,1,3,4000096,d06ab1caf13695bbe41a82c2a958cde372745614e7b194fac2bce056a2645055,./exp7_probe_libstdcxx.exe,62a584d372abbb1724b224dc18b88c277d6ee16b754484eecb896f7fbdabeca5,-Wall -Wextra -std=c++11 -O2 -ffp-contract=off -I src,gcc 15.2.0,libstdc++,arm64,libstdcxx,native,664d906899b1726ae6d0bd3856483c4590af875a9dfdc3fee14fdcb79dbc4e34,false
exp7-manifest-1,2026-09-25T05:50:49Z,p4,capped,CANDIDATE,double,C5,0.51000000000000001,10002,raw/p4/p4_loader_libstdcxx_C5_CANDIDATE_s10002.bin,bin,100000,40,1,3,4000096,a3e44e9b2fc59454806611bed3d15dafee6dc8efd000ac23db453cdb076f7c7c,./exp7_probe_libstdcxx.exe,62a584d372abbb1724b224dc18b88c277d6ee16b754484eecb896f7fbdabeca5,-Wall -Wextra -std=c++11 -O2 -ffp-contract=off -I src,gcc 15.2.0,libstdc++,arm64,libstdcxx,native,664d906899b1726ae6d0bd3856483c4590af875a9dfdc3fee14fdcb79dbc4e34,false
exp7-manifest-1,2026-09-25T05:50:49Z,p4,capped,LEGACY,double,C5,0.51000000000000001,10003,raw/p4/p4_loader_libstdcxx_C5_LEGACY_s10003.bin,bin,100000,40,1,3,4000096,5ee67c32cf2abe18db461ef2d0891094dd843d56904c32d00f027488f4cd5756,./exp7_probe_libstdcxx.exe,62a584d372abbb1724b224dc18b88c277d6ee16b754484eecb896f7fbdabeca5,-Wall -Wextra -std=c++11 -O2 -ffp-contract=off -I src,gcc 15.2.0,libstdc++,arm64,libstdcxx,native,664d906899b1726ae6d0bd3856483c4590af875a9dfdc3fee14fdcb79dbc4e34,false
exp7-manifest-1,2026-09-25T05:50:49Z,p4,capped,CANDIDATE,double,C5,0.51000000000000001,10003,raw/p4/p4_loader_libstdcxx_C5_CANDIDATE_s10003.bin,bin,100000,40,1,3,4000096,30bea45927eb91436cbc68a1502dfb40839e013eb05f4d54ee28b966c67b7a41,./exp7_probe_libstdcxx.exe,62a584d372abbb1724b224dc18b88c277d6ee16b754484eecb896f7fbdabeca5,-Wall -Wextra -std=c++11 -O2 -ffp-contract=off -I src,gcc 15.2.0,libstdc++,arm64,libstdcxx,native,664d906899b1726ae6d0bd3856483c4590af875a9dfdc3fee14fdcb79dbc4e34,false
exp7-manifest-1,2026-09-25T05:50:49Z,p4,capped,LEGACY,double,C5,0.51000000000000001,10004,raw/p4/p4_loader_libstdcxx_C5_LEGACY_s10004.bin,bin,100000,40,1,3,4000096,09c90ea190f32e1c205636e070710f14e4127a6accfc3c1db0206b4e9d4c05e3,./exp7_probe_libstdcxx.exe,62a584d372abbb1724b224dc18b88c277d6ee16b754484eecb896f7fbdabeca5,-Wall -Wextra -std=c++11 -O2 -ffp-contract=off -I src,gcc 15.2.0,libstdc++,arm64,libstdcxx,native,664d906899b1726ae6d0bd3856483c4590af875a9dfdc3fee14fdcb79dbc4e34,false
exp7-manifest-1,2026-09-25T05:50:49Z,p4,capped,CANDIDATE,double,C5,0.51000000000000001,10004,raw/p4/p4_loader_libstdcxx_C5_CANDIDATE_s10004.bin,bin,100000,40,1,3,4000096,3e2eb41e186069a9990df249081f5dd68b249e6495f019cda646b85c93dc009e,./exp7_probe_libstdcxx.exe,62a584d372abbb1724b224dc18b88c277d6ee16b754484eecb896f7fbdabeca5,-Wall -Wextra -std=c++11 -O2 -ffp-contract=off -I src,gcc 15.2.0,libstdc++,arm64,libstdcxx,native,664d906899b1726ae6d0bd3856483c4590af875a9dfdc3fee14fdcb79dbc4e34,false
exp7-manifest-1,2026-09-25T05:50:49Z,p4,capped,LEGACY,double,C5,0.51000000000000001,10005,raw/p4/p4_loader_libstdcxx_C5_LEGACY_s10005.bin,bin,100000,40,1,3,4000096,53e171d63a2760874439feeeb0b588a2a5194995ea8288c6a5f5145c14e7eb0c,./exp7_probe_libstdcxx.exe,62a584d372abbb1724b224dc18b88c277d6ee16b754484eecb896f7fbdabeca5,-Wall -Wextra -std=c++11 -O2 -ffp-contract=off -I src,gcc 15.2.0,libstdc++,arm64,libstdcxx,native,664d906899b1726ae6d0bd3856483c4590af875a9dfdc3fee14fdcb79dbc4e34,false
exp7-manifest-1,2026-09-25T05:50:49Z,p4,capped,CANDIDATE,double,C5,0.51000000000000001,10005,raw/p4/p4_loader_libstdcxx_C5_CANDIDATE_s10005.bin,bin,100000,40,1,3,4000096,52ec0b7f9cf4c6f29b20a7e688784987623b0cc9041762397da371e0c6ed878a,./exp7_probe_libstdcxx.exe,62a584d372abbb1724b224dc18b88c277d6ee16b754484eecb896f7fbdabeca5,-Wall -Wextra -std=c++11 -O2 -ffp-contract=off -I src,gcc 15.2.0,libstdc++,arm64,libstdcxx,native,664d906899b1726ae6d0bd3856483c4590af875a9dfdc3fee14fdcb79dbc4e34,false
exp7-manifest-1,2026-09-25T05:50:49Z,p4,capped,LEGACY,double,C6,0.51000000000000001,10001,raw/p4/p4_loader_libstdcxx_C6_LEGACY_s10001.bin,bin,100000,40,1,3,4000096,7325c74411a8f21471fb6881bf66c7f4f7ba5dc7f530dc29a23f3b26815ef3a4,./exp7_probe_libstdcxx.exe,62a584d372abbb1724b224dc18b88c277d6ee16b754484eecb896f7fbdabeca5,-Wall -Wextra -std=c++11 -O2 -ffp-contract=off -I src,gcc 15.2.0,libstdc++,arm64,libstdcxx,native,664d906899b1726ae6d0bd3856483c4590af875a9dfdc3fee14fdcb79dbc4e34,false
exp7-manifest-1,2026-09-25T05:50:49Z,p4,capped,CANDIDATE,double,C6,0.51000000000000001,10001,raw/p4/p4_loader_libstdcxx_C6_CANDIDATE_s10001.bin,bin,100000,40,1,3,4000096,1a2f120ef19a36d9851aafd6cf5cbbbf92e74e3d6ac5e971458f8b3195abbc1b,./exp7_probe_libstdcxx.exe,62a584d372abbb1724b224dc18b88c277d6ee16b754484eecb896f7fbdabeca5,-Wall -Wextra -std=c++11 -O2 -ffp-contract=off -I src,gcc 15.2.0,libstdc++,arm64,libstdcxx,native,664d906899b1726ae6d0bd3856483c4590af875a9dfdc3fee14fdcb79dbc4e34,false
exp7-manifest-1,2026-09-25T05:50:49Z,p4,capped,LEGACY,double,C6,0.51000000000000001,10002,raw/p4/p4_loader_libstdcxx_C6_LEGACY_s10002.bin,bin,100000,40,1,3,4000096,412a9a2967279b6ca15250f9a2456721a102f0e09af2e6d3444ec232a57ca0ba,./exp7_probe_libstdcxx.exe,62a584d372abbb1724b224dc18b88c277d6ee16b754484eecb896f7fbdabeca5,-Wall -Wextra -std=c++11 -O2 -ffp-contract=off -I src,gcc 15.2.0,libstdc++,arm64,libstdcxx,native,664d906899b1726ae6d0bd3856483c4590af875a9dfdc3fee14fdcb79dbc4e34,false
exp7-manifest-1,2026-09-25T05:50:49Z,p4,capped,CANDIDATE,double,C6,0.51000000000000001,10002,raw/p4/p4_loader_libstdcxx_C6_CANDIDATE_s10002.bin,bin,100000,40,1,3,4000096,018d7dc97a29fa215683c2f801125b5008334149df1e7f4377af0234e97604c1,./exp7_probe_libstdcxx.exe,62a584d372abbb1724b224dc18b88c277d6ee16b754484eecb896f7fbdabeca5,-Wall -Wextra -std=c++11 -O2 -ffp-contract=off -I src,gcc 15.2.0,libstdc++,arm64,libstdcxx,native,664d906899b1726ae6d0bd3856483c4590af875a9dfdc3fee14fdcb79dbc4e34,false
exp7-manifest-1,2026-09-25T05:50:49Z,p4,capped,LEGACY,double,C6,0.51000000000000001,10003,raw/p4/p4_loader_libstdcxx_C6_LEGACY_s10003.bin,bin,100000,40,1,3,4000096,bd8d120b09f7e3ac983e27533ded0c02bda9b6fc343e7ff1e1244e2acf2d66bb,./exp7_probe_libstdcxx.exe,62a584d372abbb1724b224dc18b88c277d6ee16b754484eecb896f7fbdabeca5,-Wall -Wextra -std=c++11 -O2 -ffp-contract=off -I src,gcc 15.2.0,libstdc++,arm64,libstdcxx,native,664d906899b1726ae6d0bd3856483c4590af875a9dfdc3fee14fdcb79dbc4e34,false
exp7-manifest-1,2026-09-25T05:50:49Z,p4,capped,CANDIDATE,double,C6,0.51000000000000001,10003,raw/p4/p4_loader_libstdcxx_C6_CANDIDATE_s10003.bin,bin,100000,40,1,3,4000096,0f1a455588588d6970cf37191e13439766ece11a5ac59f5f3079dd71d9fdb06c,./exp7_probe_libstdcxx.exe,62a584d372abbb1724b224dc18b88c277d6ee16b754484eecb896f7fbdabeca5,-Wall -Wextra -std=c++11 -O2 -ffp-contract=off -I src,gcc 15.2.0,libstdc++,arm64,libstdcxx,native,664d906899b1726ae6d0bd3856483c4590af875a9dfdc3fee14fdcb79dbc4e34,false
exp7-manifest-1,2026-09-25T05:50:49Z,p4,capped,LEGACY,double,C6,0.51000000000000001,10004,raw/p4/p4_loader_libstdcxx_C6_LEGACY_s10004.bin,bin,100000,40,1,3,4000096,83099ae5f941edfa5392ae311495d4b673e050924df626ccf800f07922efb63b,./exp7_probe_libstdcxx.exe,62a584d372abbb1724b224dc18b88c277d6ee16b754484eecb896f7fbdabeca5,-Wall -Wextra -std=c++11 -O2 -ffp-contract=off -I src,gcc 15.2.0,libstdc++,arm64,libstdcxx,native,664d906899b1726ae6d0bd3856483c4590af875a9dfdc3fee14fdcb79dbc4e34,false
exp7-manifest-1,2026-09-25T05:50:49Z,p4,capped,CANDIDATE,double,C6,0.51000000000000001,10004,raw/p4/p4_loader_libstdcxx_C6_CANDIDATE_s10004.bin,bin,100000,40,1,3,4000096,8f2c103ff1c4fe1243ed769408ab265549682a2c9037bb865ce2e66a25d4ccfa,./exp7_probe_libstdcxx.exe,62a584d372abbb1724b224dc18b88c277d6ee16b754484eecb896f7fbdabeca5,-Wall -Wextra -std=c++11 -O2 -ffp-contract=off -I src,gcc 15.2.0,libstdc++,arm64,libstdcxx,native,664d906899b1726ae6d0bd3856483c4590af875a9dfdc3fee14fdcb79dbc4e34,false
exp7-manifest-1,2026-09-25T05:50:49Z,p4,capped,LEGACY,double,C6,0.51000000000000001,10005,raw/p4/p4_loader_libstdcxx_C6_LEGACY_s10005.bin,bin,100000,40,1,3,4000096,c14a6608540cf912a34ebd9e9e7ebf3b81b728ec60401175d0ed5e8d68d69a8b,./exp7_probe_libstdcxx.exe,62a584d372abbb1724b224dc18b88c277d6ee16b754484eecb896f7fbdabeca5,-Wall -Wextra -std=c++11 -O2 -ffp-contract=off -I src,gcc 15.2.0,libstdc++,arm64,libstdcxx,native,664d906899b1726ae6d0bd3856483c4590af875a9dfdc3fee14fdcb79dbc4e34,false
exp7-manifest-1,2026-09-25T05:50:49Z,p4,capped,CANDIDATE,double,C6,0.51000000000000001,10005,raw/p4/p4_loader_libstdcxx_C6_CANDIDATE_s10005.bin,bin,100000,40,1,3,4000096,07e6479df3920a267cfa807ee5291a86fb000dc9ee9a2bae5199f96cbe8fde72,./exp7_probe_libstdcxx.exe,62a584d372abbb1724b224dc18b88c277d6ee16b754484eecb896f7fbdabeca5,-Wall -Wextra -std=c++11 -O2 -ffp-contract=off -I src,gcc 15.2.0,libstdc++,arm64,libstdcxx,native,664d906899b1726ae6d0bd3856483c4590af875a9dfdc3fee14fdcb79dbc4e34,false
exp7-manifest-1,2026-09-25T05:50:49Z,p4,summary,all,all,all,nan,-1,raw/p4/p4_libstdcxx.jsonl,jsonl,120,-1,-1,-1,101457,1d3cb73d1775753f0d2f7f5adbdc9bc6e3ddac3fdbc53b90292d24658a0a65cf,./exp7_probe_libstdcxx.exe,62a584d372abbb1724b224dc18b88c277d6ee16b754484eecb896f7fbdabeca5,-Wall -Wextra -std=c++11 -O2 -ffp-contract=off -I src,gcc 15.2.0,libstdc++,arm64,libstdcxx,native,664d906899b1726ae6d0bd3856483c4590af875a9dfdc3fee14fdcb79dbc4e34,false
exp7-manifest-1,2026-09-25T05:51:05Z,p5,summary,all,all,all,nan,-1,raw/p5/p5_libcxx.jsonl,jsonl,130,-1,-1,-1,85481,877904e9ac49265caeb07ec702cf84f242ead13c9314f3a7f9e22f787ee3dbd7,./exp7_probe_libcxx.exe,2f81b486545542fc7b2159aaeec4d7169505046154a97bb1469c18bc24d28fac,-Wall -Wextra -std=c++11 -O2 -ffp-contract=off -I src,clang 21.0.0 (clang-2100.3.34.2),libc++,arm64,libcxx,native,664d906899b1726ae6d0bd3856483c4590af875a9dfdc3fee14fdcb79dbc4e34,false
exp7-manifest-1,2026-09-25T05:51:22Z,p5,summary,all,all,all,nan,-1,raw/p5/p5_libstdcxx.jsonl,jsonl,130,-1,-1,-1,83029,e9a1e9ad7192fa40ecf413cd8fe86959002a5205b6db1b172baf54731ce28df4,./exp7_probe_libstdcxx.exe,62a584d372abbb1724b224dc18b88c277d6ee16b754484eecb896f7fbdabeca5,-Wall -Wextra -std=c++11 -O2 -ffp-contract=off -I src,gcc 15.2.0,libstdc++,arm64,libstdcxx,native,664d906899b1726ae6d0bd3856483c4590af875a9dfdc3fee14fdcb79dbc4e34,false
exp7-manifest-1,2026-09-25T05:51:51Z,p6,summary,all,all,all,nan,-1,raw/p6/p6_libcxx.jsonl,jsonl,110,-1,-1,-1,64599,bcc39bd47c20f849f620b5d6275bec97921005e50092492ed1e6bf5c68392f04,./exp7_probe_libcxx.exe,2f81b486545542fc7b2159aaeec4d7169505046154a97bb1469c18bc24d28fac,-Wall -Wextra -std=c++11 -O2 -ffp-contract=off -I src,clang 21.0.0 (clang-2100.3.34.2),libc++,arm64,libcxx,native,664d906899b1726ae6d0bd3856483c4590af875a9dfdc3fee14fdcb79dbc4e34,false
exp7-manifest-1,2026-09-25T05:55:38Z,p6,summary,all,all,all,nan,-1,raw/p6/p6_libstdcxx.jsonl,jsonl,110,-1,-1,-1,62655,a9cad490d89d6e0600e3041a90c6569b8c289eda2e774d04976ba36ff3826d3b,./exp7_probe_libstdcxx.exe,62a584d372abbb1724b224dc18b88c277d6ee16b754484eecb896f7fbdabeca5,-Wall -Wextra -std=c++11 -O2 -ffp-contract=off -I src,gcc 15.2.0,libstdc++,arm64,libstdcxx,native,664d906899b1726ae6d0bd3856483c4590af875a9dfdc3fee14fdcb79dbc4e34,false
